1.4429124570284674E10 1.0157261466633486E10 1.4442619668560566E10 1.5103221020072735E10 1.4756973004495916E10 1.0348347003559671E10 1.0153391551755033E10 1.4464622265055294E10 1.4849065521505394E10 1.6601757921458286E10 1.8878496847384773E10 1.0282883176098951E10 1.9750376551769665E10 1.5500240639978956E10 8.630769167574848E9 8.725329051794476E9 1.2816659091873592E10 8.999656770948956E9 1.751288884819609E10 8.425215168439613E9 1.783422069920558E10 1.8013457805950993E10 2.0257732671171772E10 9.507148098243341E9 1.5532843580348679E10 
1.4429124570284674E10 1.0157261466633486E10 1.4442619668560566E10 1.4567003642638433E10 9.451886584448935E9 1.0348347003559671E10 1.0153391551755033E10 9.766968670266075E9 1.4849065521505394E10 1.5206447203173157E10 1.420681935060507E10 1.0282883176098951E10 1.8950035720888E10 1.5500240639978956E10 8.630769167574848E9 8.725329051794476E9 1.2274040087429562E10 8.999656770948956E9 5.807208358662295E9 8.425215168439613E9 5.809761425927735E9 1.45022965932973E10 2.0257732671171772E10 9.507148098243341E9 1.3467085289030857E10 
8.285335651038731E9 1.0157261466633486E10 8.433576658831152E9 1.4567003642638433E10 7.692566740525415E9 1.0348347003559671E10 4.384351443110221E9 7.992120602993039E9 8.749802499902754E9 1.503226431115412E10 1.420681935060507E10 1.0282883176098951E10 5.349920726530809E9 9.466622627917501E9 8.630769167574848E9 7.766286479322401E9 9.58566822541103E9 8.096733394608658E9 5.018480312257219E9 8.425215168439613E9 5.809761425927735E9 1.45022965932973E10 1.8273618970161987E10 4.2166013000763516E9 1.1635272080933771E10 
8.285335651038731E9 8.668157758392181E9 8.433576658831152E9 7.145360428900403E9 5.230756706370737E9 1.0348347003559671E10 4.384351443110221E9 7.992120602993039E9 8.749802499902754E9 1.2958599321863367E10 1.2250095952582829E10 1.0282883176098951E10 5.349920726530809E9 9.466622627917501E9 8.630769167574848E9 7.766286479322401E9 9.58566822541103E9 8.096733394608658E9 5.018480312257219E9 8.425215168439613E9 5.809761425927735E9 1.45022965932973E10 1.5504574451865837E10 3.7328492724578085E9 1.1113583896133139E10 
8.285335651038731E9 7.114129208807844E9 8.433576658831152E9 7.145360428900403E9 5.230756706370737E9 1.0348347003559671E10 4.384351443110221E9 7.992120602993039E9 6.4877421500215845E9 1.2958599321863367E10 9.820530053817139E9 5.602729438701632E9 5.349920726530809E9 6.005104689179328E9 8.630769167574848E9 4.642141501245368E9 9.101583359701036E9 4.258127705094617E9 5.018480312257219E9 8.425215168439613E9 5.809761425927735E9 1.0031699083744486E10 1.5504574451865837E10 3.7328492724578085E9 1.1113583896133139E10 
8.285335651038731E9 7.114129208807844E9 8.433576658831152E9 7.145360428900403E9 5.230756706370737E9 1.0348347003559671E10 4.384351443110221E9 7.992120602993039E9 6.4877421500215845E9 5.372136381342331E9 5.506256719736995E9 5.602729438701632E9 5.349920726530809E9 6.005104689179328E9 8.630769167574848E9 4.642141501245368E9 9.101583359701036E9 4.258127705094617E9 5.018480312257219E9 4.906374684400021E9 5.809761425927735E9 9.329249295656805E9 1.4317567278270515E10 3.7328492724578085E9 1.1113583896133139E10 
8.285335651038731E9 7.114129208807844E9 8.433576658831152E9 6.331546923544531E9 5.230756706370737E9 6.067469900274005E9 4.384351443110221E9 7.992120602993039E9 6.4877421500215845E9 3.910612780405098E9 5.506256719736995E9 5.602729438701632E9 5.349920726530809E9 6.005104689179328E9 8.630769167574848E9 4.43567019247137E9 5.95267173737588E9 4.258127705094617E9 5.018480312257219E9 4.906374684400021E9 5.622221514282982E9 8.059474254525983E9 1.297936924842139E10 3.7328492724578085E9 1.1054485754995403E10 
5.801382673317416E9 7.114129208807844E9 8.433576658831152E9 6.331546923544531E9 5.230756706370737E9 6.067469900274005E9 4.384351443110221E9 7.992120602993039E9 5.797730362805027E9 3.910612780405098E9 5.506256719736995E9 5.602729438701632E9 5.349920726530809E9 6.005104689179328E9 8.630769167574848E9 4.43567019247137E9 5.379384772815554E9 4.258127705094617E9 5.018480312257219E9 4.906374684400021E9 5.1242073712856655E9 8.059474254525983E9 1.297936924842139E10 3.7328492724578085E9 1.1054485754995403E10 
4.839031571984776E9 7.114129208807844E9 8.433576658831152E9 6.305919330586861E9 5.230756706370737E9 6.067469900274005E9 4.373291704112353E9 7.992120602993039E9 5.797730362805027E9 3.910612780405098E9 5.506256719736995E9 5.602729438701632E9 5.349920726530809E9 6.005104689179328E9 8.630769167574848E9 4.43567019247137E9 4.448924078876765E9 4.258127705094617E9 5.018480312257219E9 4.906374684400021E9 5.1242073712856655E9 6.9792967770858345E9 9.15588362201637E9 3.7328492724578085E9 6.104695812169659E9 
4.839031571984776E9 7.114129208807844E9 8.433576658831152E9 6.305919330586861E9 5.230756706370737E9 6.067469900274005E9 4.373291704112353E9 7.305480383400139E9 5.797730362805027E9 3.910612780405098E9 5.506256719736995E9 5.44842233204713E9 5.349920726530809E9 6.005104689179328E9 8.630769167574848E9 4.43567019247137E9 4.448924078876765E9 4.258127705094617E9 5.018480312257219E9 4.906374684400021E9 5.1242073712856655E9 6.9792967770858345E9 8.81119025908492E9 3.7328492724578085E9 6.104695812169659E9 
4.839031571984776E9 7.114129208807844E9 7.086120854250311E9 6.305919330586861E9 5.230756706370737E9 6.067469900274005E9 4.373291704112353E9 7.305480383400139E9 5.797730362805027E9 3.910612780405098E9 5.506256719736995E9 5.44842233204713E9 5.349920726530809E9 6.005104689179328E9 8.630769167574848E9 4.43567019247137E9 4.448924078876765E9 3.7394415195775714E9 5.018480312257219E9 4.906374684400021E9 5.1242073712856655E9 5.932800211810371E9 8.81119025908492E9 3.7328492724578085E9 6.104695812169659E9 
4.839031571984776E9 7.114129208807844E9 7.086120854250311E9 6.305919330586861E9 5.230756706370737E9 4.514665378064268E9 2.9082786830339875E9 5.468602101241824E9 5.797730362805027E9 3.910612780405098E9 5.506256719736995E9 5.44842233204713E9 5.349920726530809E9 6.005104689179328E9 8.630769167574848E9 4.43567019247137E9 4.324256107388642E9 3.7394415195775714E9 5.018480312257219E9 4.906374684400021E9 5.1242073712856655E9 5.932800211810371E9 8.36013333460402E9 3.7328492724578085E9 6.104695812169659E9 
4.839031571984776E9 6.79098292186172E9 7.086120854250311E9 6.305919330586861E9 5.230756706370737E9 3.6470302299041786E9 2.9082786830339875E9 5.468602101241824E9 5.797730362805027E9 3.910612780405098E9 5.506256719736995E9 5.44842233204713E9 5.349920726530809E9 6.005104689179328E9 8.630769167574848E9 4.43567019247137E9 4.324256107388642E9 3.7394415195775714E9 5.018480312257219E9 4.625595026013739E9 5.1242073712856655E9 5.932800211810371E9 8.36013333460402E9 3.7328492724578085E9 6.104695812169659E9 
4.839031571984776E9 6.79098292186172E9 7.086120854250311E9 6.305919330586861E9 5.230756706370737E9 3.6470302299041786E9 2.9082786830339875E9 5.468602101241824E9 5.797730362805027E9 3.910612780405098E9 5.506256719736995E9 5.44842233204713E9 5.349920726530809E9 6.005104689179328E9 8.630769167574848E9 4.43567019247137E9 4.324256107388642E9 3.7394415195775714E9 5.018480312257219E9 4.625595026013739E9 5.1242073712856655E9 5.353945091546972E9 7.475150890112629E9 3.7328492724578085E9 6.104695812169659E9 
4.839031571984776E9 6.79098292186172E9 7.086120854250311E9 6.305919330586861E9 5.230756706370737E9 3.6470302299041786E9 2.9082786830339875E9 5.468602101241824E9 5.797730362805027E9 3.910612780405098E9 5.506256719736995E9 5.44842233204713E9 5.349920726530809E9 6.005104689179328E9 8.630769167574848E9 4.43567019247137E9 4.042882103826379E9 3.7394415195775714E9 5.018480312257219E9 4.625595026013739E9 5.1242073712856655E9 5.353945091546972E9 7.475150890112629E9 3.7328492724578085E9 6.104695812169659E9 
4.839031571984776E9 6.79098292186172E9 7.086120854250311E9 6.305919330586861E9 5.230756706370737E9 3.6470302299041786E9 2.9082786830339875E9 5.4382525110602255E9 5.797730362805027E9 3.910612780405098E9 5.506256719736995E9 5.44842233204713E9 5.349920726530809E9 6.005104689179328E9 8.630769167574848E9 4.43567019247137E9 4.042882103826379E9 3.211570187536022E9 5.018480312257219E9 4.625595026013739E9 5.1242073712856655E9 5.353945091546972E9 7.475150890112629E9 3.7328492724578085E9 6.104695812169659E9 
4.839031571984776E9 6.79098292186172E9 7.086120854250311E9 6.305919330586861E9 5.230756706370737E9 3.6470302299041786E9 2.9082786830339875E9 5.4382525110602255E9 5.797730362805027E9 3.8487348362962537E9 4.662588238363039E9 5.44842233204713E9 4.0080654451076455E9 6.005104689179328E9 8.630769167574848E9 4.43567019247137E9 4.042882103826379E9 3.211570187536022E9 5.018480312257219E9 4.625595026013739E9 5.1242073712856655E9 3.577605089765149E9 7.475150890112629E9 3.7328492724578085E9 6.104695812169659E9 
4.839031571984776E9 6.238765241349253E9 7.086120854250311E9 6.305919330586861E9 5.230756706370737E9 3.6470302299041786E9 2.9082786830339875E9 5.4382525110602255E9 5.797730362805027E9 3.8487348362962537E9 4.662588238363039E9 5.44842233204713E9 4.0080654451076455E9 6.005104689179328E9 8.630769167574848E9 4.43567019247137E9 4.042882103826379E9 3.211570187536022E9 5.018480312257219E9 4.625595026013739E9 5.1242073712856655E9 3.577605089765149E9 7.475150890112629E9 3.7328492724578085E9 6.104695812169659E9 
4.839031571984776E9 6.238765241349253E9 7.086120854250311E9 6.305919330586861E9 5.183546130091895E9 3.6470302299041786E9 2.9082786830339875E9 5.4382525110602255E9 5.797730362805027E9 3.8487348362962537E9 4.662588238363039E9 5.44842233204713E9 4.0080654451076455E9 6.005104689179328E9 8.352696719260102E9 4.43567019247137E9 4.042882103826379E9 3.211570187536022E9 5.018480312257219E9 4.625595026013739E9 5.1242073712856655E9 3.577605089765149E9 7.475150890112629E9 2.830158642664454E9 6.104695812169659E9 
4.839031571984776E9 6.238765241349253E9 7.086120854250311E9 6.305919330586861E9 5.183546130091895E9 3.6470302299041786E9 2.9082786830339875E9 5.4382525110602255E9 5.797730362805027E9 3.8487348362962537E9 4.662588238363039E9 5.44842233204713E9 4.0080654451076455E9 6.005104689179328E9 8.352696719260102E9 4.43567019247137E9 4.042882103826379E9 3.211570187536022E9 5.014024025657165E9 4.625595026013739E9 4.296420565310098E9 3.577605089765149E9 7.475150890112629E9 2.830158642664454E9 6.104695812169659E9 
4.839031571984776E9 6.193311970856325E9 7.086120854250311E9 5.554719240808443E9 5.183546130091895E9 3.6470302299041786E9 2.9082786830339875E9 3.3526250592918987E9 5.797730362805027E9 3.8487348362962537E9 4.662588238363039E9 5.44842233204713E9 4.0080654451076455E9 6.005104689179328E9 8.352696719260102E9 4.43567019247137E9 4.042882103826379E9 3.211570187536022E9 5.014024025657165E9 4.625595026013739E9 4.296420565310098E9 3.577605089765149E9 7.475150890112629E9 2.830158642664454E9 6.104695812169659E9 
4.839031571984776E9 6.193311970856325E9 5.102652073578319E9 5.554719240808443E9 4.942194168332451E9 3.6470302299041786E9 2.9082786830339875E9 3.3526250592918987E9 5.797730362805027E9 3.8487348362962537E9 4.539730304853472E9 5.44842233204713E9 4.0080654451076455E9 6.005104689179328E9 7.41133083677708E9 4.43567019247137E9 4.042882103826379E9 3.211570187536022E9 5.014024025657165E9 4.625595026013739E9 4.296420565310098E9 3.2614291062923865E9 7.475150890112629E9 2.830158642664454E9 6.104695812169659E9 
4.839031571984776E9 6.193311970856325E9 5.102652073578319E9 5.554719240808443E9 4.942194168332451E9 2.5837064646640077E9 2.9082786830339875E9 3.3526250592918987E9 5.797730362805027E9 3.8487348362962537E9 4.170663013292626E9 5.44842233204713E9 4.0080654451076455E9 6.005104689179328E9 7.41133083677708E9 4.43567019247137E9 4.042882103826379E9 3.211570187536022E9 5.014024025657165E9 4.625595026013739E9 4.296420565310098E9 3.2614291062923865E9 7.475150890112629E9 2.830158642664454E9 6.104695812169659E9 
4.839031571984776E9 6.193311970856325E9 5.102652073578319E9 5.554719240808443E9 4.942194168332451E9 2.5837064646640077E9 2.9082786830339875E9 3.3526250592918987E9 5.797730362805027E9 3.8487348362962537E9 4.170663013292626E9 5.44842233204713E9 4.0080654451076455E9 6.005104689179328E9 7.41133083677708E9 4.43567019247137E9 4.042882103826379E9 3.211570187536022E9 5.014024025657165E9 4.625595026013739E9 4.296420565310098E9 3.2614291062923865E9 6.461280235957742E9 2.830158642664454E9 6.104695812169659E9 
4.839031571984776E9 6.088031955309274E9 5.102652073578319E9 5.554719240808443E9 4.942194168332451E9 2.5837064646640077E9 2.9082786830339875E9 3.3526250592918987E9 3.6904976520104957E9 3.8487348362962537E9 4.170663013292626E9 5.44842233204713E9 4.0080654451076455E9 6.005104689179328E9 7.41133083677708E9 4.43567019247137E9 4.042882103826379E9 3.211570187536022E9 5.014024025657165E9 4.625595026013739E9 4.296420565310098E9 3.2614291062923865E9 6.461280235957742E9 2.830158642664454E9 6.104695812169659E9 
4.839031571984776E9 6.088031955309274E9 5.102652073578319E9 5.554719240808443E9 4.942194168332451E9 2.5837064646640077E9 2.9082786830339875E9 3.3526250592918987E9 3.6904976520104957E9 3.8487348362962537E9 4.170663013292626E9 5.44842233204713E9 4.0080654451076455E9 6.005104689179328E9 7.41133083677708E9 4.43567019247137E9 4.042882103826379E9 3.211570187536022E9 5.014024025657165E9 4.625595026013739E9 4.296420565310098E9 3.2614291062923865E9 6.461280235957742E9 2.830158642664454E9 6.104695812169659E9 
4.839031571984776E9 6.088031955309274E9 5.102652073578319E9 5.554719240808443E9 4.942194168332451E9 2.5837064646640077E9 2.9082786830339875E9 3.3526250592918987E9 3.6904976520104957E9 3.8487348362962537E9 4.170663013292626E9 5.44842233204713E9 4.0080654451076455E9 6.005104689179328E9 7.41133083677708E9 4.43567019247137E9 4.042882103826379E9 3.211570187536022E9 5.014024025657165E9 4.625595026013739E9 4.296420565310098E9 3.2614291062923865E9 6.461280235957742E9 2.830158642664454E9 6.104695812169659E9 
4.839031571984776E9 6.088031955309274E9 5.102652073578319E9 5.554719240808443E9 4.942194168332451E9 2.5837064646640077E9 2.9082786830339875E9 3.3526250592918987E9 3.6904976520104957E9 3.8487348362962537E9 4.170663013292626E9 5.44842233204713E9 4.0080654451076455E9 6.005104689179328E9 7.41133083677708E9 4.43567019247137E9 4.042882103826379E9 3.211570187536022E9 5.014024025657165E9 4.625595026013739E9 4.296420565310098E9 3.2614291062923865E9 6.461280235957742E9 2.830158642664454E9 6.104695812169659E9 
4.839031571984776E9 6.088031955309274E9 5.102652073578319E9 5.554719240808443E9 4.942194168332451E9 2.5837064646640077E9 2.9082786830339875E9 3.3526250592918987E9 3.6904976520104957E9 3.8487348362962537E9 4.170663013292626E9 5.44842233204713E9 4.0080654451076455E9 6.005104689179328E9 7.41133083677708E9 4.43567019247137E9 4.042882103826379E9 3.211570187536022E9 5.014024025657165E9 4.625595026013739E9 4.296420565310098E9 3.2614291062923865E9 6.461280235957742E9 2.830158642664454E9 6.104695812169659E9 
4.839031571984776E9 6.088031955309274E9 5.102652073578319E9 5.554719240808443E9 4.942194168332451E9 2.5837064646640077E9 2.9082786830339875E9 3.3526250592918987E9 3.6904976520104957E9 3.8487348362962537E9 4.170663013292626E9 5.44842233204713E9 4.0080654451076455E9 6.005104689179328E9 7.41133083677708E9 4.43567019247137E9 4.042882103826379E9 3.211570187536022E9 5.014024025657165E9 4.3226089451292515E9 4.296420565310098E9 3.2614291062923865E9 6.461280235957742E9 2.830158642664454E9 6.104695812169659E9 
4.839031571984776E9 6.088031955309274E9 5.102652073578319E9 5.554719240808443E9 4.942194168332451E9 2.5837064646640077E9 2.9082786830339875E9 3.3526250592918987E9 3.6904976520104957E9 3.8487348362962537E9 4.170663013292626E9 5.44842233204713E9 4.0080654451076455E9 6.005104689179328E9 7.41133083677708E9 4.43567019247137E9 4.042882103826379E9 3.211570187536022E9 5.014024025657165E9 4.3226089451292515E9 4.296420565310098E9 3.2614291062923865E9 6.461280235957742E9 2.830158642664454E9 6.104695812169659E9 
4.839031571984776E9 6.088031955309274E9 5.102652073578319E9 5.554719240808443E9 4.942194168332451E9 2.5837064646640077E9 2.9082786830339875E9 3.3526250592918987E9 3.6904976520104957E9 3.8487348362962537E9 4.170663013292626E9 5.44842233204713E9 4.0080654451076455E9 5.892077476407266E9 7.41133083677708E9 4.43567019247137E9 4.042882103826379E9 3.211570187536022E9 4.734859781206933E9 4.3226089451292515E9 4.296420565310098E9 3.2614291062923865E9 6.461280235957742E9 2.830158642664454E9 6.104695812169659E9 
4.839031571984776E9 6.088031955309274E9 5.102652073578319E9 5.554719240808443E9 4.942194168332451E9 2.5837064646640077E9 2.9082786830339875E9 2.69534721544404E9 3.6904976520104957E9 3.8487348362962537E9 4.170663013292626E9 5.44842233204713E9 4.0080654451076455E9 5.892077476407266E9 7.41133083677708E9 4.43567019247137E9 4.042882103826379E9 3.211570187536022E9 4.734859781206933E9 4.3226089451292515E9 4.296420565310098E9 3.2614291062923865E9 6.461280235957742E9 2.830158642664454E9 6.104695812169659E9 
4.839031571984776E9 6.088031955309274E9 5.102652073578319E9 5.554719240808443E9 4.942194168332451E9 2.5837064646640077E9 2.9082786830339875E9 2.69534721544404E9 3.6904976520104957E9 3.8487348362962537E9 4.170663013292626E9 5.44842233204713E9 4.0080654451076455E9 5.592247794023215E9 7.41133083677708E9 4.43567019247137E9 4.042882103826379E9 3.211570187536022E9 4.734859781206933E9 4.3226089451292515E9 4.296420565310098E9 3.2614291062923865E9 6.461280235957742E9 2.830158642664454E9 6.104695812169659E9 
4.839031571984776E9 6.088031955309274E9 5.102652073578319E9 5.554719240808443E9 4.942194168332451E9 2.5837064646640077E9 2.9082786830339875E9 2.69534721544404E9 3.6904976520104957E9 3.8487348362962537E9 4.170663013292626E9 5.44842233204713E9 4.0080654451076455E9 5.592247794023215E9 7.41133083677708E9 4.43567019247137E9 4.042882103826379E9 3.211570187536022E9 4.734859781206933E9 4.3226089451292515E9 4.296420565310098E9 3.2614291062923865E9 6.461280235957742E9 2.830158642664454E9 6.104695812169659E9 
4.839031571984776E9 6.088031955309274E9 5.102652073578319E9 5.554719240808443E9 4.2922870365401587E9 2.5837064646640077E9 2.9082786830339875E9 2.69534721544404E9 3.628539341231741E9 3.8487348362962537E9 4.170663013292626E9 5.44842233204713E9 4.0080654451076455E9 4.744145152814084E9 7.41133083677708E9 4.43567019247137E9 2.667080500234625E9 3.211570187536022E9 4.734859781206933E9 4.3226089451292515E9 4.296420565310098E9 3.2614291062923865E9 6.461280235957742E9 2.830158642664454E9 6.104695812169659E9 
4.839031571984776E9 6.088031955309274E9 5.102652073578319E9 5.554719240808443E9 4.2922870365401587E9 2.5837064646640077E9 2.9082786830339875E9 2.69534721544404E9 3.628539341231741E9 3.8487348362962537E9 4.170663013292626E9 5.44842233204713E9 4.0080654451076455E9 4.744145152814084E9 7.41133083677708E9 4.43567019247137E9 2.667080500234625E9 3.211570187536022E9 4.734859781206933E9 4.3226089451292515E9 4.296420565310098E9 3.2614291062923865E9 6.461280235957742E9 2.830158642664454E9 6.104695812169659E9 
4.839031571984776E9 6.088031955309274E9 5.102652073578319E9 5.554719240808443E9 4.2922870365401587E9 2.5837064646640077E9 2.9082786830339875E9 2.69534721544404E9 3.628539341231741E9 3.8487348362962537E9 4.170663013292626E9 5.44842233204713E9 4.0080654451076455E9 4.744145152814084E9 7.41133083677708E9 4.43567019247137E9 2.667080500234625E9 3.211570187536022E9 4.734859781206933E9 4.3226089451292515E9 4.296420565310098E9 3.2614291062923865E9 6.461280235957742E9 1.9224924766882932E9 5.961582367859055E9 
4.839031571984776E9 6.088031955309274E9 5.102652073578319E9 5.554719240808443E9 4.2922870365401587E9 2.5837064646640077E9 2.9082786830339875E9 2.69534721544404E9 3.628539341231741E9 3.8487348362962537E9 4.170663013292626E9 5.44842233204713E9 4.0080654451076455E9 4.744145152814084E9 7.41133083677708E9 4.43567019247137E9 2.667080500234625E9 3.211570187536022E9 4.734859781206933E9 4.3226089451292515E9 4.296420565310098E9 3.2614291062923865E9 6.461280235957742E9 1.9224924766882932E9 5.961582367859055E9 
4.839031571984776E9 6.088031955309274E9 5.102652073578319E9 5.554719240808443E9 4.222252692188557E9 2.5837064646640077E9 2.9082786830339875E9 2.69534721544404E9 3.628539341231741E9 3.8487348362962537E9 4.170663013292626E9 5.44842233204713E9 4.0080654451076455E9 4.744145152814084E9 7.41133083677708E9 4.43567019247137E9 2.667080500234625E9 3.211570187536022E9 4.408866491943541E9 4.3226089451292515E9 4.296420565310098E9 3.2614291062923865E9 6.461280235957742E9 1.9224924766882932E9 5.961582367859055E9 
4.839031571984776E9 6.088031955309274E9 5.102652073578319E9 5.554719240808443E9 4.222252692188557E9 2.5837064646640077E9 2.9082786830339875E9 2.69534721544404E9 3.628539341231741E9 3.8487348362962537E9 4.170663013292626E9 4.550351828580611E9 3.7655638825423627E9 4.744145152814084E9 7.41133083677708E9 4.43567019247137E9 2.667080500234625E9 3.211570187536022E9 4.049020322333682E9 4.3226089451292515E9 4.296420565310098E9 3.2614291062923865E9 6.030269687947739E9 1.9224924766882932E9 5.961582367859055E9 
4.839031571984776E9 6.088031955309274E9 5.102652073578319E9 5.067365427857655E9 4.222252692188557E9 2.5837064646640077E9 2.9082786830339875E9 2.69534721544404E9 3.628539341231741E9 3.8487348362962537E9 4.170663013292626E9 4.550351828580611E9 3.7655638825423627E9 4.744145152814084E9 7.41133083677708E9 4.43567019247137E9 2.667080500234625E9 3.211570187536022E9 4.049020322333682E9 4.3226089451292515E9 4.296420565310098E9 3.2614291062923865E9 6.030269687947739E9 1.9224924766882932E9 5.961582367859055E9 
4.839031571984776E9 6.088031955309274E9 5.102652073578319E9 4.950273018969514E9 4.222252692188557E9 2.5837064646640077E9 2.9082786830339875E9 2.69534721544404E9 3.628539341231741E9 3.8487348362962537E9 4.170663013292626E9 4.550351828580611E9 3.7655638825423627E9 4.744145152814084E9 7.41133083677708E9 4.43567019247137E9 2.667080500234625E9 3.211570187536022E9 4.049020322333682E9 4.3226089451292515E9 4.296420565310098E9 3.2614291062923865E9 6.030269687947739E9 1.9224924766882932E9 5.961582367859055E9 
4.839031571984776E9 6.088031955309274E9 5.102652073578319E9 4.950273018969514E9 4.222252692188557E9 2.5837064646640077E9 2.9082786830339875E9 2.69534721544404E9 3.628539341231741E9 3.8487348362962537E9 4.170663013292626E9 4.550351828580611E9 3.7655638825423627E9 4.744145152814084E9 7.41133083677708E9 4.43567019247137E9 2.667080500234625E9 3.211570187536022E9 4.049020322333682E9 4.3226089451292515E9 4.296420565310098E9 3.2614291062923865E9 6.030269687947739E9 1.9224924766882932E9 5.961582367859055E9 
4.839031571984776E9 5.9535384581004925E9 5.102652073578319E9 4.950273018969514E9 4.222252692188557E9 2.5837064646640077E9 2.9082786830339875E9 2.69534721544404E9 3.628539341231741E9 3.8487348362962537E9 4.170663013292626E9 4.550351828580611E9 3.7655638825423627E9 4.744145152814084E9 7.41133083677708E9 4.43567019247137E9 2.667080500234625E9 3.211570187536022E9 4.049020322333682E9 4.3226089451292515E9 4.296420565310098E9 3.2614291062923865E9 6.030269687947739E9 1.9224924766882932E9 5.961582367859055E9 
4.839031571984776E9 5.9535384581004925E9 5.102652073578319E9 4.380333830766975E9 4.222252692188557E9 2.5837064646640077E9 2.9082786830339875E9 2.69534721544404E9 3.628539341231741E9 3.8487348362962537E9 4.170663013292626E9 4.550351828580611E9 3.7655638825423627E9 4.744145152814084E9 6.199246845018053E9 4.43567019247137E9 2.667080500234625E9 3.211570187536022E9 4.049020322333682E9 4.3226089451292515E9 4.296420565310098E9 3.2614291062923865E9 6.030269687947739E9 1.9224924766882932E9 5.961582367859055E9 
4.1181895128230186E9 5.9535384581004925E9 5.102652073578319E9 4.380333830766975E9 4.222252692188557E9 2.5837064646640077E9 2.9082786830339875E9 2.69534721544404E9 3.628539341231741E9 3.8487348362962537E9 4.170663013292626E9 4.550351828580611E9 3.7655638825423627E9 4.744145152814084E9 6.199246845018053E9 4.43567019247137E9 2.667080500234625E9 3.211570187536022E9 4.049020322333682E9 4.3226089451292515E9 4.296420565310098E9 3.2614291062923865E9 6.030269687947739E9 1.9224924766882932E9 5.961582367859055E9 
4.1181895128230186E9 5.9535384581004925E9 5.102652073578319E9 4.380333830766975E9 4.222252692188557E9 2.5837064646640077E9 2.9082786830339875E9 2.69534721544404E9 3.628539341231741E9 3.8487348362962537E9 4.170663013292626E9 4.550351828580611E9 3.7655638825423627E9 4.744145152814084E9 6.199246845018053E9 4.43567019247137E9 2.667080500234625E9 3.211570187536022E9 4.049020322333682E9 4.3226089451292515E9 4.296420565310098E9 3.205026204205432E9 6.030269687947739E9 1.9224924766882932E9 5.85202109996768E9 
4.1181895128230186E9 5.9535384581004925E9 5.102652073578319E9 4.380333830766975E9 4.222252692188557E9 2.5837064646640077E9 2.9082786830339875E9 2.69534721544404E9 3.628539341231741E9 3.8487348362962537E9 4.170663013292626E9 4.550351828580611E9 3.7655638825423627E9 4.744145152814084E9 6.199246845018053E9 4.43567019247137E9 2.667080500234625E9 3.211570187536022E9 4.049020322333682E9 4.3226089451292515E9 4.296420565310098E9 3.205026204205432E9 6.030269687947739E9 1.9224924766882932E9 5.85202109996768E9 
4.1181895128230186E9 5.9535384581004925E9 5.102652073578319E9 4.380333830766975E9 4.222252692188557E9 2.5837064646640077E9 2.9082786830339875E9 2.69534721544404E9 3.628539341231741E9 3.8487348362962537E9 4.170663013292626E9 4.550351828580611E9 3.7655638825423627E9 3.4720218071306725E9 6.199246845018053E9 4.43567019247137E9 2.667080500234625E9 3.211570187536022E9 4.049020322333682E9 4.3226089451292515E9 4.296420565310098E9 3.205026204205432E9 6.030269687947739E9 1.9224924766882932E9 5.85202109996768E9 
4.1181895128230186E9 5.9535384581004925E9 5.102652073578319E9 4.380333830766975E9 4.222252692188557E9 2.5837064646640077E9 2.9082786830339875E9 2.69534721544404E9 3.628539341231741E9 3.8487348362962537E9 4.170663013292626E9 4.550351828580611E9 3.7655638825423627E9 3.4720218071306725E9 6.199246845018053E9 4.43567019247137E9 2.667080500234625E9 3.211570187536022E9 4.049020322333682E9 4.3226089451292515E9 4.296420565310098E9 3.205026204205432E9 6.030269687947739E9 1.9224924766882932E9 5.85202109996768E9 
4.1181895128230186E9 5.9535384581004925E9 5.102652073578319E9 4.380333830766975E9 4.222252692188557E9 2.5837064646640077E9 2.9082786830339875E9 2.69534721544404E9 2.6339600972315264E9 3.8487348362962537E9 4.170663013292626E9 4.550351828580611E9 3.7655638825423627E9 3.4720218071306725E9 6.199246845018053E9 4.43567019247137E9 2.667080500234625E9 3.211570187536022E9 4.049020322333682E9 4.3226089451292515E9 4.296420565310098E9 3.205026204205432E9 6.030269687947739E9 1.9224924766882932E9 5.85202109996768E9 
4.1181895128230186E9 5.9535384581004925E9 5.102652073578319E9 4.380333830766975E9 4.222252692188557E9 2.5837064646640077E9 2.9082786830339875E9 2.69534721544404E9 2.6339600972315264E9 3.8487348362962537E9 4.170663013292626E9 4.550351828580611E9 3.7655638825423627E9 3.4720218071306725E9 6.199246845018053E9 4.43567019247137E9 2.667080500234625E9 3.211570187536022E9 4.049020322333682E9 4.3226089451292515E9 4.296420565310098E9 3.205026204205432E9 6.030269687947739E9 1.9224924766882932E9 5.85202109996768E9 
4.1181895128230186E9 5.9535384581004925E9 5.102652073578319E9 4.380333830766975E9 4.222252692188557E9 2.5837064646640077E9 2.9082786830339875E9 2.69534721544404E9 2.6339600972315264E9 3.8487348362962537E9 4.170663013292626E9 4.550351828580611E9 3.7655638825423627E9 3.4720218071306725E9 6.199246845018053E9 4.43567019247137E9 2.667080500234625E9 3.211570187536022E9 4.049020322333682E9 4.3226089451292515E9 4.296420565310098E9 3.205026204205432E9 6.030269687947739E9 1.9224924766882932E9 5.85202109996768E9 
4.1181895128230186E9 5.9535384581004925E9 5.102652073578319E9 4.380333830766975E9 4.222252692188557E9 2.5837064646640077E9 2.9082786830339875E9 2.69534721544404E9 2.6339600972315264E9 3.8487348362962537E9 4.170663013292626E9 4.550351828580611E9 3.7655638825423627E9 3.4720218071306725E9 3.3080084962449174E9 4.43567019247137E9 2.1452392024014952E9 3.211570187536022E9 4.049020322333682E9 4.3226089451292515E9 4.296420565310098E9 3.205026204205432E9 6.030269687947739E9 1.864841559414829E9 5.85202109996768E9 
4.1181895128230186E9 5.9535384581004925E9 5.102652073578319E9 4.380333830766975E9 4.222252692188557E9 2.5837064646640077E9 2.9082786830339875E9 2.69534721544404E9 2.6339600972315264E9 3.8487348362962537E9 4.170663013292626E9 4.550351828580611E9 3.7655638825423627E9 3.4720218071306725E9 3.3080084962449174E9 4.43567019247137E9 2.1452392024014952E9 3.211570187536022E9 4.049020322333682E9 4.3226089451292515E9 4.296420565310098E9 3.205026204205432E9 6.030269687947739E9 1.864841559414829E9 5.85202109996768E9 
4.1181895128230186E9 5.9535384581004925E9 5.102652073578319E9 4.380333830766975E9 4.222252692188557E9 2.5837064646640077E9 2.9082786830339875E9 2.69534721544404E9 2.6339600972315264E9 3.8487348362962537E9 4.170663013292626E9 4.550351828580611E9 3.7655638825423627E9 2.4571598085754614E9 3.3080084962449174E9 4.43567019247137E9 2.1452392024014952E9 3.211570187536022E9 4.049020322333682E9 4.3226089451292515E9 4.296420565310098E9 3.205026204205432E9 6.030269687947739E9 1.864841559414829E9 5.85202109996768E9 
4.1181895128230186E9 5.9535384581004925E9 5.102652073578319E9 4.380333830766975E9 4.222252692188557E9 2.5837064646640077E9 2.9082786830339875E9 1.5093010326385872E9 2.6339600972315264E9 2.6195946678097105E9 4.170663013292626E9 4.550351828580611E9 3.7655638825423627E9 2.4571598085754614E9 3.3080084962449174E9 4.43567019247137E9 2.1452392024014952E9 3.211570187536022E9 4.049020322333682E9 4.3226089451292515E9 4.296420565310098E9 3.205026204205432E9 6.030269687947739E9 1.864841559414829E9 5.85202109996768E9 
4.1181895128230186E9 5.9535384581004925E9 5.102652073578319E9 4.380333830766975E9 4.222252692188557E9 2.5837064646640077E9 2.9082786830339875E9 1.5093010326385872E9 2.6339600972315264E9 2.6195946678097105E9 4.170663013292626E9 4.550351828580611E9 3.7655638825423627E9 2.4571598085754614E9 3.3080084962449174E9 4.43567019247137E9 2.1452392024014952E9 3.211570187536022E9 4.049020322333682E9 4.3226089451292515E9 4.296420565310098E9 3.205026204205432E9 6.030269687947739E9 1.864841559414829E9 5.85202109996768E9 
4.1181895128230186E9 5.9535384581004925E9 5.102652073578319E9 4.380333830766975E9 4.222252692188557E9 2.5837064646640077E9 2.9082786830339875E9 1.5093010326385872E9 2.6339600972315264E9 2.6195946678097105E9 4.170663013292626E9 4.550351828580611E9 3.7655638825423627E9 2.4571598085754614E9 3.3080084962449174E9 4.43567019247137E9 2.1452392024014952E9 3.211570187536022E9 4.049020322333682E9 4.3226089451292515E9 4.296420565310098E9 3.205026204205432E9 6.030269687947739E9 1.864841559414829E9 5.85202109996768E9 
4.1181895128230186E9 5.9535384581004925E9 5.102652073578319E9 4.380333830766975E9 4.222252692188557E9 2.5837064646640077E9 2.9082786830339875E9 1.5093010326385872E9 2.6339600972315264E9 2.6195946678097105E9 4.170663013292626E9 4.550351828580611E9 3.7655638825423627E9 2.4571598085754614E9 3.3080084962449174E9 4.43567019247137E9 2.1452392024014952E9 3.211570187536022E9 4.049020322333682E9 4.3226089451292515E9 4.296420565310098E9 3.205026204205432E9 6.030269687947739E9 1.864841559414829E9 5.85202109996768E9 
4.1181895128230186E9 5.887759839107998E9 5.102652073578319E9 4.380333830766975E9 4.222252692188557E9 2.5837064646640077E9 2.9082786830339875E9 1.5093010326385872E9 2.6339600972315264E9 2.6195946678097105E9 4.170663013292626E9 4.550351828580611E9 3.7655638825423627E9 2.4571598085754614E9 3.3080084962449174E9 4.43567019247137E9 2.1452392024014952E9 3.211570187536022E9 4.049020322333682E9 4.3226089451292515E9 4.296420565310098E9 3.205026204205432E9 6.030269687947739E9 1.864841559414829E9 5.85202109996768E9 
4.1181895128230186E9 5.887759839107998E9 5.102652073578319E9 4.380333830766975E9 4.222252692188557E9 2.5837064646640077E9 2.9082786830339875E9 1.5093010326385872E9 2.6339600972315264E9 2.6195946678097105E9 4.170663013292626E9 4.550351828580611E9 3.7655638825423627E9 2.4571598085754614E9 3.3080084962449174E9 4.43567019247137E9 2.1452392024014952E9 3.211570187536022E9 4.049020322333682E9 4.3226089451292515E9 4.296420565310098E9 3.205026204205432E9 6.030269687947739E9 1.864841559414829E9 5.85202109996768E9 
3.7255163035751486E9 5.887759839107998E9 5.102652073578319E9 4.380333830766975E9 4.222252692188557E9 2.5837064646640077E9 2.9082786830339875E9 1.5093010326385872E9 2.6339600972315264E9 2.6195946678097105E9 4.170663013292626E9 4.550351828580611E9 3.7655638825423627E9 2.4571598085754614E9 3.3080084962449174E9 4.43567019247137E9 2.1452392024014952E9 3.211570187536022E9 4.049020322333682E9 4.3226089451292515E9 4.296420565310098E9 3.205026204205432E9 6.030269687947739E9 4.4793503391369176E8 5.85202109996768E9 
3.7255163035751486E9 5.887759839107998E9 5.102652073578319E9 4.380333830766975E9 4.222252692188557E9 2.5837064646640077E9 2.9082786830339875E9 1.5093010326385872E9 2.6339600972315264E9 2.6195946678097105E9 4.170663013292626E9 4.550351828580611E9 3.7655638825423627E9 2.4571598085754614E9 3.3080084962449174E9 4.43567019247137E9 2.1452392024014952E9 3.108245294065367E9 4.049020322333682E9 4.3226089451292515E9 4.296420565310098E9 3.205026204205432E9 6.030269687947739E9 4.4793503391369176E8 5.85202109996768E9 
3.595839763651691E9 5.887759839107998E9 5.102652073578319E9 4.380333830766975E9 4.222252692188557E9 2.5837064646640077E9 2.9082786830339875E9 1.5093010326385872E9 2.6339600972315264E9 2.6195946678097105E9 4.170663013292626E9 4.550351828580611E9 3.7655638825423627E9 2.4571598085754614E9 3.3080084962449174E9 4.43567019247137E9 2.1452392024014952E9 3.108245294065367E9 4.049020322333682E9 4.3226089451292515E9 4.296420565310098E9 3.205026204205432E9 6.030269687947739E9 4.4793503391369176E8 5.85202109996768E9 
3.595839763651691E9 5.887759839107998E9 5.102652073578319E9 4.380333830766975E9 4.1970222332561736E9 2.5837064646640077E9 2.9082786830339875E9 1.5093010326385872E9 2.6339600972315264E9 2.6195946678097105E9 4.170663013292626E9 4.550351828580611E9 3.7655638825423627E9 2.4571598085754614E9 3.3080084962449174E9 4.43567019247137E9 2.1452392024014952E9 3.108245294065367E9 4.049020322333682E9 4.3226089451292515E9 4.296420565310098E9 3.205026204205432E9 6.030269687947739E9 4.4793503391369176E8 5.85202109996768E9 
3.595839763651691E9 5.887759839107998E9 5.102652073578319E9 4.380333830766975E9 4.1970222332561736E9 2.5837064646640077E9 2.9082786830339875E9 1.5093010326385872E9 2.6339600972315264E9 2.6195946678097105E9 4.170663013292626E9 4.550351828580611E9 3.7655638825423627E9 2.4571598085754614E9 3.3080084962449174E9 4.43567019247137E9 2.1452392024014952E9 3.108245294065367E9 4.049020322333682E9 4.3226089451292515E9 4.296420565310098E9 3.205026204205432E9 6.030269687947739E9 4.4793503391369176E8 5.85202109996768E9 
3.595839763651691E9 5.887759839107998E9 5.102652073578319E9 4.380333830766975E9 4.1970222332561736E9 2.5837064646640077E9 2.9082786830339875E9 1.5093010326385872E9 2.6339600972315264E9 2.6195946678097105E9 4.170663013292626E9 4.550351828580611E9 3.7655638825423627E9 2.4571598085754614E9 3.3080084962449174E9 4.43567019247137E9 2.1452392024014952E9 3.108245294065367E9 4.049020322333682E9 4.3226089451292515E9 4.296420565310098E9 3.205026204205432E9 6.030269687947739E9 4.4793503391369176E8 5.85202109996768E9 
3.595839763651691E9 5.887759839107998E9 5.102652073578319E9 4.380333830766975E9 2.599991462147993E9 2.5837064646640077E9 2.9082786830339875E9 1.5093010326385872E9 2.6339600972315264E9 2.6195946678097105E9 4.170663013292626E9 4.550351828580611E9 3.7655638825423627E9 2.4571598085754614E9 3.3080084962449174E9 4.43567019247137E9 2.1452392024014952E9 3.108245294065367E9 4.049020322333682E9 4.3226089451292515E9 4.296420565310098E9 3.205026204205432E9 6.030269687947739E9 4.4793503391369176E8 5.85202109996768E9 
3.595839763651691E9 5.887759839107998E9 5.102652073578319E9 4.380333830766975E9 2.599991462147993E9 2.5837064646640077E9 2.9082786830339875E9 1.5093010326385872E9 2.6339600972315264E9 2.6195946678097105E9 4.170663013292626E9 4.550351828580611E9 3.7655638825423627E9 2.4571598085754614E9 3.3080084962449174E9 4.43567019247137E9 2.1452392024014952E9 3.108245294065367E9 4.049020322333682E9 4.3226089451292515E9 4.296420565310098E9 3.205026204205432E9 6.030269687947739E9 4.4793503391369176E8 5.85202109996768E9 
3.595839763651691E9 5.887759839107998E9 5.102652073578319E9 4.380333830766975E9 2.599991462147993E9 2.5837064646640077E9 2.9082786830339875E9 1.5093010326385872E9 2.6339600972315264E9 2.6195946678097105E9 4.170663013292626E9 4.550351828580611E9 3.7655638825423627E9 2.4571598085754614E9 3.3080084962449174E9 4.43567019247137E9 2.1452392024014952E9 3.108245294065367E9 4.049020322333682E9 4.3226089451292515E9 4.296420565310098E9 3.205026204205432E9 6.030269687947739E9 4.4793503391369176E8 5.85202109996768E9 
3.595839763651691E9 5.887759839107998E9 5.102652073578319E9 4.380333830766975E9 2.599991462147993E9 2.5837064646640077E9 2.9082786830339875E9 1.5093010326385872E9 2.6339600972315264E9 2.6195946678097105E9 4.170663013292626E9 4.550351828580611E9 3.7655638825423627E9 2.4571598085754614E9 3.3080084962449174E9 4.43567019247137E9 2.1452392024014952E9 3.108245294065367E9 4.049020322333682E9 4.3226089451292515E9 4.296420565310098E9 3.205026204205432E9 6.030269687947739E9 4.4793503391369176E8 5.85202109996768E9 
3.595839763651691E9 5.887759839107998E9 5.102652073578319E9 4.380333830766975E9 2.599991462147993E9 2.5837064646640077E9 2.9082786830339875E9 1.5093010326385872E9 2.6339600972315264E9 2.6195946678097105E9 4.170663013292626E9 4.550351828580611E9 3.7655638825423627E9 2.4571598085754614E9 3.3080084962449174E9 4.43567019247137E9 2.1452392024014952E9 3.108245294065367E9 4.049020322333682E9 3.8997661570322804E9 4.296420565310098E9 3.205026204205432E9 6.030269687947739E9 4.4793503391369176E8 5.85202109996768E9 
3.595839763651691E9 5.887759839107998E9 5.102652073578319E9 4.380333830766975E9 2.599991462147993E9 2.5837064646640077E9 2.827702818685547E9 1.5093010326385872E9 2.6339600972315264E9 2.6195946678097105E9 4.170663013292626E9 4.550351828580611E9 3.7655638825423627E9 2.4571598085754614E9 3.3080084962449174E9 4.43567019247137E9 2.1452392024014952E9 3.108245294065367E9 4.049020322333682E9 3.8997661570322804E9 4.296420565310098E9 3.205026204205432E9 6.030269687947739E9 4.4793503391369176E8 5.85202109996768E9 
3.595839763651691E9 5.887759839107998E9 5.102652073578319E9 4.380333830766975E9 2.599991462147993E9 2.5837064646640077E9 2.827702818685547E9 1.5093010326385872E9 2.6339600972315264E9 2.6195946678097105E9 4.170663013292626E9 4.550351828580611E9 3.7655638825423627E9 2.4571598085754614E9 3.3080084962449174E9 4.43567019247137E9 2.1452392024014952E9 3.108245294065367E9 4.049020322333682E9 3.8997661570322804E9 4.296420565310098E9 3.205026204205432E9 6.030269687947739E9 4.4793503391369176E8 5.85202109996768E9 
3.595839763651691E9 5.887759839107998E9 5.102652073578319E9 4.380333830766975E9 2.599991462147993E9 2.5837064646640077E9 2.827702818685547E9 1.5093010326385872E9 2.6339600972315264E9 2.6195946678097105E9 4.170663013292626E9 4.550351828580611E9 3.7655638825423627E9 2.4571598085754614E9 3.3080084962449174E9 4.43567019247137E9 2.1452392024014952E9 3.108245294065367E9 4.049020322333682E9 3.8997661570322804E9 4.296420565310098E9 3.205026204205432E9 6.030269687947739E9 4.4793503391369176E8 5.85202109996768E9 
3.595839763651691E9 5.887759839107998E9 5.102652073578319E9 4.380333830766975E9 2.599991462147993E9 2.5837064646640077E9 2.827702818685547E9 1.5093010326385872E9 2.6339600972315264E9 2.6195946678097105E9 4.170663013292626E9 4.550351828580611E9 3.7655638825423627E9 2.4571598085754614E9 3.3080084962449174E9 4.43567019247137E9 2.1452392024014952E9 3.108245294065367E9 4.049020322333682E9 3.8997661570322804E9 4.296420565310098E9 3.205026204205432E9 6.030269687947739E9 4.4793503391369176E8 5.85202109996768E9 
3.595839763651691E9 5.887759839107998E9 5.102652073578319E9 4.380333830766975E9 2.599991462147993E9 2.5837064646640077E9 2.827702818685547E9 1.5093010326385872E9 2.6339600972315264E9 2.6195946678097105E9 4.170663013292626E9 3.8063095928880844E9 3.7655638825423627E9 2.4571598085754614E9 3.3080084962449174E9 4.43567019247137E9 2.1452392024014952E9 3.0075035621461086E9 4.049020322333682E9 3.8997661570322804E9 4.296420565310098E9 3.205026204205432E9 6.030269687947739E9 4.4793503391369176E8 5.85202109996768E9 
3.595839763651691E9 3.8481489417497063E9 5.102652073578319E9 4.380333830766975E9 2.599991462147993E9 2.5837064646640077E9 2.827702818685547E9 1.5093010326385872E9 2.6339600972315264E9 2.6195946678097105E9 4.170663013292626E9 3.8063095928880844E9 3.7655638825423627E9 2.4571598085754614E9 3.3080084962449174E9 4.43567019247137E9 2.1452392024014952E9 3.0075035621461086E9 4.049020322333682E9 3.8997661570322804E9 4.296420565310098E9 3.205026204205432E9 6.030269687947739E9 4.4793503391369176E8 5.85202109996768E9 
3.595839763651691E9 3.8481489417497063E9 5.102652073578319E9 4.380333830766975E9 2.599991462147993E9 2.5837064646640077E9 2.827702818685547E9 1.5093010326385872E9 2.6339600972315264E9 2.6195946678097105E9 4.170663013292626E9 3.8063095928880844E9 3.7655638825423627E9 2.4571598085754614E9 3.3080084962449174E9 4.43567019247137E9 2.1452392024014952E9 3.0075035621461086E9 3.985914262659967E9 3.8997661570322804E9 4.296420565310098E9 3.205026204205432E9 6.030269687947739E9 4.4793503391369176E8 5.85202109996768E9 
3.595839763651691E9 3.8481489417497063E9 5.102652073578319E9 4.380333830766975E9 2.599991462147993E9 2.5837064646640077E9 2.827702818685547E9 1.5093010326385872E9 2.6339600972315264E9 2.6195946678097105E9 4.170663013292626E9 3.8063095928880844E9 3.7655638825423627E9 2.4571598085754614E9 3.3080084962449174E9 4.43567019247137E9 2.1452392024014952E9 3.0075035621461086E9 3.985914262659967E9 3.8997661570322804E9 4.296420565310098E9 3.205026204205432E9 5.909602425159978E9 4.4793503391369176E8 5.85202109996768E9 
3.595839763651691E9 3.8481489417497063E9 5.102652073578319E9 4.380333830766975E9 2.599991462147993E9 2.5837064646640077E9 2.827702818685547E9 1.5093010326385872E9 2.6339600972315264E9 2.6195946678097105E9 4.170663013292626E9 3.8063095928880844E9 3.7655638825423627E9 2.3992520358185887E9 3.3080084962449174E9 4.43567019247137E9 2.1452392024014952E9 3.0075035621461086E9 3.985914262659967E9 3.8997661570322804E9 4.296420565310098E9 3.205026204205432E9 5.909602425159978E9 4.4793503391369176E8 5.85202109996768E9 
3.595839763651691E9 3.8481489417497063E9 5.102652073578319E9 4.380333830766975E9 1.9875259081941118E9 2.5837064646640077E9 2.827702818685547E9 1.5093010326385872E9 2.6339600972315264E9 2.6195946678097105E9 4.170663013292626E9 3.8063095928880844E9 3.7655638825423627E9 2.3992520358185887E9 3.3080084962449174E9 4.43567019247137E9 2.1452392024014952E9 3.0075035621461086E9 3.985914262659967E9 3.8997661570322804E9 4.296420565310098E9 3.205026204205432E9 5.909602425159978E9 4.4793503391369176E8 5.85202109996768E9 
3.595839763651691E9 3.8481489417497063E9 5.102652073578319E9 4.380333830766975E9 1.9875259081941118E9 2.5837064646640077E9 2.827702818685547E9 1.5093010326385872E9 2.425315084365316E9 2.6195946678097105E9 4.170663013292626E9 3.8063095928880844E9 3.7655638825423627E9 2.3992520358185887E9 3.3080084962449174E9 4.43567019247137E9 2.1452392024014952E9 3.0075035621461086E9 3.985914262659967E9 3.8997661570322804E9 4.296420565310098E9 3.205026204205432E9 5.909602425159978E9 4.4793503391369176E8 5.85202109996768E9 
3.595839763651691E9 3.8481489417497063E9 5.102652073578319E9 4.380333830766975E9 1.9875259081941118E9 2.5837064646640077E9 2.827702818685547E9 1.5093010326385872E9 2.425315084365316E9 2.6195946678097105E9 4.170663013292626E9 3.8063095928880844E9 3.7655638825423627E9 2.3992520358185887E9 3.3080084962449174E9 4.43567019247137E9 2.1452392024014952E9 3.0075035621461086E9 3.985914262659967E9 3.8997661570322804E9 4.296420565310098E9 3.205026204205432E9 5.909602425159978E9 4.4793503391369176E8 5.85202109996768E9 
3.595839763651691E9 3.8481489417497063E9 5.102652073578319E9 4.380333830766975E9 1.9875259081941118E9 2.5837064646640077E9 2.827702818685547E9 1.5093010326385872E9 2.425315084365316E9 2.6195946678097105E9 4.170663013292626E9 3.8063095928880844E9 3.7655638825423627E9 2.3992520358185887E9 3.3080084962449174E9 4.43567019247137E9 2.1452392024014952E9 3.0075035621461086E9 3.985914262659967E9 3.8997661570322804E9 4.296420565310098E9 3.205026204205432E9 5.909602425159978E9 4.4793503391369176E8 5.85202109996768E9 
3.595839763651691E9 3.8481489417497063E9 5.102652073578319E9 4.380333830766975E9 1.9875259081941118E9 2.5837064646640077E9 2.827702818685547E9 1.5093010326385872E9 2.425315084365316E9 2.6195946678097105E9 4.170663013292626E9 3.8063095928880844E9 3.7655638825423627E9 2.3992520358185887E9 3.3080084962449174E9 4.43567019247137E9 2.1452392024014952E9 3.0075035621461086E9 3.985914262659967E9 3.8997661570322804E9 4.296420565310098E9 3.205026204205432E9 5.909602425159978E9 4.4793503391369176E8 5.85202109996768E9 
3.595839763651691E9 3.8481489417497063E9 5.102652073578319E9 4.380333830766975E9 1.9875259081941118E9 2.5837064646640077E9 2.827702818685547E9 1.5093010326385872E9 2.425315084365316E9 2.6195946678097105E9 4.170663013292626E9 3.6582412803843503E9 3.7655638825423627E9 2.3992520358185887E9 3.3080084962449174E9 4.43567019247137E9 2.1452392024014952E9 3.0075035621461086E9 3.985914262659967E9 3.8997661570322804E9 4.296420565310098E9 3.205026204205432E9 5.909602425159978E9 4.4793503391369176E8 5.85202109996768E9 
3.595839763651691E9 3.8481489417497063E9 5.102652073578319E9 4.380333830766975E9 1.9875259081941118E9 2.5837064646640077E9 2.827702818685547E9 1.5093010326385872E9 2.425315084365316E9 2.6195946678097105E9 4.170663013292626E9 3.6582412803843503E9 3.7655638825423627E9 2.3992520358185887E9 3.3080084962449174E9 4.43567019247137E9 2.1452392024014952E9 3.0075035621461086E9 3.985914262659967E9 3.8997661570322804E9 4.296420565310098E9 3.205026204205432E9 5.909602425159978E9 4.4793503391369176E8 5.85202109996768E9 
3.595839763651691E9 3.8481489417497063E9 5.102652073578319E9 4.380333830766975E9 1.9875259081941118E9 2.5837064646640077E9 2.827702818685547E9 1.5093010326385872E9 2.425315084365316E9 2.6195946678097105E9 4.170663013292626E9 3.6582412803843503E9 3.7655638825423627E9 2.3992520358185887E9 3.3080084962449174E9 4.43567019247137E9 2.1452392024014952E9 3.0075035621461086E9 3.985914262659967E9 3.8997661570322804E9 4.296420565310098E9 3.205026204205432E9 5.749984438846814E9 4.4793503391369176E8 5.85202109996768E9 
3.595839763651691E9 3.8481489417497063E9 5.102652073578319E9 4.380333830766975E9 1.9875259081941118E9 2.5837064646640077E9 1.8954732404335802E9 1.5093010326385872E9 2.425315084365316E9 2.6195946678097105E9 4.170663013292626E9 3.6582412803843503E9 3.7655638825423627E9 2.3992520358185887E9 3.3080084962449174E9 4.43567019247137E9 2.1452392024014952E9 3.0075035621461086E9 3.985914262659967E9 3.8997661570322804E9 4.296420565310098E9 3.205026204205432E9 5.749984438846814E9 4.4793503391369176E8 5.85202109996768E9 
3.595839763651691E9 3.8481489417497063E9 5.102652073578319E9 4.380333830766975E9 1.9875259081941118E9 2.5837064646640077E9 1.8954732404335802E9 1.5093010326385872E9 2.425315084365316E9 2.6195946678097105E9 4.170663013292626E9 3.6582412803843503E9 3.7655638825423627E9 2.3992520358185887E9 3.3080084962449174E9 4.43567019247137E9 2.1452392024014952E9 3.0075035621461086E9 3.985914262659967E9 3.8997661570322804E9 4.296420565310098E9 3.205026204205432E9 5.749984438846814E9 4.4793503391369176E8 5.85202109996768E9 
3.595839763651691E9 3.8481489417497063E9 5.102652073578319E9 4.380333830766975E9 1.9875259081941118E9 2.5837064646640077E9 1.8954732404335802E9 1.5093010326385872E9 2.425315084365316E9 2.6195946678097105E9 4.170663013292626E9 3.6582412803843503E9 3.7655638825423627E9 2.3992520358185887E9 3.3080084962449174E9 4.43567019247137E9 2.1452392024014952E9 3.0075035621461086E9 3.985914262659967E9 3.8997661570322804E9 4.296420565310098E9 3.205026204205432E9 5.749984438846814E9 4.4793503391369176E8 5.85202109996768E9 
3.595839763651691E9 3.8481489417497063E9 5.102652073578319E9 4.380333830766975E9 1.9875259081941118E9 2.5837064646640077E9 1.8954732404335802E9 1.5093010326385872E9 2.425315084365316E9 2.6195946678097105E9 4.170663013292626E9 3.6582412803843503E9 3.7655638825423627E9 2.3992520358185887E9 3.3080084962449174E9 4.43567019247137E9 2.1452392024014952E9 3.0075035621461086E9 3.985914262659967E9 3.8997661570322804E9 4.296420565310098E9 3.205026204205432E9 5.749984438846814E9 4.4793503391369176E8 5.85202109996768E9 
3.595839763651691E9 3.8481489417497063E9 5.102652073578319E9 4.380333830766975E9 1.9875259081941118E9 2.5837064646640077E9 1.8954732404335802E9 1.5093010326385872E9 2.425315084365316E9 2.6195946678097105E9 4.170663013292626E9 3.6582412803843503E9 3.7655638825423627E9 2.3992520358185887E9 3.3080084962449174E9 4.43567019247137E9 2.1452392024014952E9 3.0075035621461086E9 3.985914262659967E9 3.8997661570322804E9 4.296420565310098E9 3.205026204205432E9 4.685276421480495E9 4.4793503391369176E8 5.85202109996768E9 
3.595839763651691E9 3.8481489417497063E9 5.102652073578319E9 4.380333830766975E9 1.9875259081941118E9 2.5837064646640077E9 1.8954732404335802E9 1.5093010326385872E9 2.425315084365316E9 2.6195946678097105E9 4.170663013292626E9 3.6582412803843503E9 3.7655638825423627E9 2.3992520358185887E9 3.3080084962449174E9 4.43567019247137E9 2.1452392024014952E9 3.0075035621461086E9 3.985914262659967E9 3.8997661570322804E9 4.296420565310098E9 3.205026204205432E9 4.685276421480495E9 4.4793503391369176E8 5.85202109996768E9 
3.595839763651691E9 3.8481489417497063E9 5.102652073578319E9 4.380333830766975E9 1.9875259081941118E9 2.5837064646640077E9 1.8954732404335802E9 1.5093010326385872E9 2.425315084365316E9 2.6195946678097105E9 4.170663013292626E9 3.6582412803843503E9 3.7655638825423627E9 2.3992520358185887E9 3.3080084962449174E9 4.43567019247137E9 2.1452392024014952E9 3.0075035621461086E9 3.985914262659967E9 3.8997661570322804E9 4.296420565310098E9 3.205026204205432E9 4.685276421480495E9 4.4793503391369176E8 5.769998135245611E9 
3.595839763651691E9 3.8481489417497063E9 5.102652073578319E9 4.380333830766975E9 1.9875259081941118E9 2.5837064646640077E9 1.8954732404335802E9 1.5093010326385872E9 2.425315084365316E9 2.6195946678097105E9 4.030512094423615E9 3.6582412803843503E9 3.7655638825423627E9 2.3992520358185887E9 3.3080084962449174E9 4.43567019247137E9 2.1452392024014952E9 3.0075035621461086E9 3.985914262659967E9 3.8997661570322804E9 4.296420565310098E9 3.205026204205432E9 4.685276421480495E9 4.4793503391369176E8 5.769998135245611E9 
3.595839763651691E9 3.8481489417497063E9 5.102652073578319E9 4.380333830766975E9 1.9875259081941118E9 2.5837064646640077E9 1.8954732404335802E9 1.5093010326385872E9 2.3436277565309415E9 2.6195946678097105E9 4.030512094423615E9 3.6582412803843503E9 3.7655638825423627E9 2.3992520358185887E9 3.3080084962449174E9 4.43567019247137E9 2.1452392024014952E9 3.0075035621461086E9 3.985914262659967E9 3.8997661570322804E9 4.296420565310098E9 3.205026204205432E9 4.685276421480495E9 4.4793503391369176E8 5.769998135245611E9 
3.595839763651691E9 3.8481489417497063E9 5.102652073578319E9 4.380333830766975E9 1.9875259081941118E9 2.5837064646640077E9 1.8954732404335802E9 1.5093010326385872E9 2.3436277565309415E9 2.6195946678097105E9 4.030512094423615E9 3.6582412803843503E9 3.7655638825423627E9 2.3992520358185887E9 3.3080084962449174E9 4.43567019247137E9 2.1452392024014952E9 3.0075035621461086E9 3.985914262659967E9 3.8997661570322804E9 4.296420565310098E9 3.205026204205432E9 4.685276421480495E9 4.4793503391369176E8 5.769998135245611E9 
3.595839763651691E9 3.8481489417497063E9 5.102652073578319E9 4.380333830766975E9 1.9875259081941118E9 2.5837064646640077E9 1.8954732404335802E9 1.5093010326385872E9 2.3436277565309415E9 2.6195946678097105E9 4.030512094423615E9 3.6582412803843503E9 3.7655638825423627E9 2.322751286902554E9 3.3080084962449174E9 4.43567019247137E9 2.1452392024014952E9 3.0075035621461086E9 3.985914262659967E9 3.8997661570322804E9 2.571276379414191E9 3.205026204205432E9 4.685276421480495E9 4.4793503391369176E8 5.769998135245611E9 
3.595839763651691E9 3.8481489417497063E9 5.102652073578319E9 4.380333830766975E9 1.9875259081941118E9 2.5837064646640077E9 1.8954732404335802E9 1.5093010326385872E9 2.3436277565309415E9 2.6195946678097105E9 4.030512094423615E9 3.6582412803843503E9 3.7655638825423627E9 2.322751286902554E9 3.3080084962449174E9 3.296230033032692E9 2.1452392024014952E9 3.0075035621461086E9 3.985914262659967E9 3.8997661570322804E9 2.571276379414191E9 3.205026204205432E9 4.685276421480495E9 4.4793503391369176E8 5.769998135245611E9 
3.595839763651691E9 3.8481489417497063E9 5.102652073578319E9 4.380333830766975E9 1.9875259081941118E9 2.5837064646640077E9 1.8954732404335802E9 1.5093010326385872E9 2.3436277565309415E9 2.6195946678097105E9 4.030512094423615E9 3.6582412803843503E9 3.7655638825423627E9 2.322751286902554E9 3.3080084962449174E9 3.296230033032692E9 2.1452392024014952E9 3.0075035621461086E9 3.985914262659967E9 3.8997661570322804E9 2.571276379414191E9 3.205026204205432E9 4.685276421480495E9 4.4793503391369176E8 5.769998135245611E9 
3.595839763651691E9 3.8481489417497063E9 5.102652073578319E9 4.380333830766975E9 1.9875259081941118E9 2.5837064646640077E9 1.8954732404335802E9 1.5093010326385872E9 2.3436277565309415E9 2.6195946678097105E9 4.030512094423615E9 3.6582412803843503E9 3.7655638825423627E9 2.322751286902554E9 3.3080084962449174E9 3.296230033032692E9 2.1452392024014952E9 3.0075035621461086E9 3.985914262659967E9 3.8997661570322804E9 2.571276379414191E9 3.205026204205432E9 4.685276421480495E9 4.4793503391369176E8 5.769998135245611E9 
3.595839763651691E9 3.8481489417497063E9 5.102652073578319E9 4.380333830766975E9 1.9875259081941118E9 2.5837064646640077E9 1.8954732404335802E9 1.5093010326385872E9 2.3436277565309415E9 2.6195946678097105E9 4.030512094423615E9 3.6582412803843503E9 3.7655638825423627E9 2.322751286902554E9 3.3080084962449174E9 3.296230033032692E9 2.1452392024014952E9 3.0075035621461086E9 3.985914262659967E9 3.8997661570322804E9 2.571276379414191E9 3.205026204205432E9 4.685276421480495E9 4.4793503391369176E8 5.769998135245611E9 
3.595839763651691E9 3.8481489417497063E9 5.102652073578319E9 4.380333830766975E9 1.9875259081941118E9 2.5837064646640077E9 1.8954732404335802E9 1.5093010326385872E9 2.3436277565309415E9 2.6195946678097105E9 4.030512094423615E9 3.6582412803843503E9 3.7655638825423627E9 2.322751286902554E9 3.3080084962449174E9 3.296230033032692E9 2.1452392024014952E9 3.0075035621461086E9 3.985914262659967E9 3.8997661570322804E9 2.571276379414191E9 3.205026204205432E9 4.685276421480495E9 4.4793503391369176E8 5.769998135245611E9 
3.595839763651691E9 3.8481489417497063E9 5.102652073578319E9 4.380333830766975E9 1.9875259081941118E9 2.5837064646640077E9 1.8954732404335802E9 1.5093010326385872E9 2.3436277565309415E9 2.6195946678097105E9 4.030512094423615E9 3.6582412803843503E9 3.7655638825423627E9 2.322751286902554E9 3.3080084962449174E9 3.296230033032692E9 2.1452392024014952E9 3.0075035621461086E9 3.985914262659967E9 3.8997661570322804E9 2.571276379414191E9 3.205026204205432E9 4.685276421480495E9 4.4793503391369176E8 5.769998135245611E9 
3.595839763651691E9 3.8481489417497063E9 5.102652073578319E9 4.380333830766975E9 1.9875259081941118E9 2.5837064646640077E9 1.8954732404335802E9 1.5093010326385872E9 2.3436277565309415E9 2.6195946678097105E9 4.030512094423615E9 3.6582412803843503E9 3.7655638825423627E9 2.322751286902554E9 3.3080084962449174E9 3.296230033032692E9 2.1452392024014952E9 3.0075035621461086E9 3.985914262659967E9 3.8997661570322804E9 2.571276379414191E9 3.205026204205432E9 4.685276421480495E9 4.4793503391369176E8 5.769998135245611E9 
3.595839763651691E9 3.8481489417497063E9 5.102652073578319E9 4.380333830766975E9 1.9875259081941118E9 2.5837064646640077E9 1.8954732404335802E9 1.5093010326385872E9 2.3436277565309415E9 2.6195946678097105E9 4.030512094423615E9 3.6582412803843503E9 3.7655638825423627E9 2.322751286902554E9 3.3080084962449174E9 3.296230033032692E9 2.1452392024014952E9 3.0075035621461086E9 3.985914262659967E9 3.8997661570322804E9 2.571276379414191E9 3.205026204205432E9 4.685276421480495E9 4.4793503391369176E8 5.769998135245611E9 
3.595839763651691E9 3.8481489417497063E9 5.102652073578319E9 4.380333830766975E9 1.9875259081941118E9 2.5837064646640077E9 1.8954732404335802E9 1.5093010326385872E9 2.3436277565309415E9 2.6195946678097105E9 4.030512094423615E9 3.6582412803843503E9 3.7655638825423627E9 2.322751286902554E9 3.3080084962449174E9 3.296230033032692E9 2.1452392024014952E9 3.0075035621461086E9 3.985914262659967E9 3.8997661570322804E9 2.571276379414191E9 3.205026204205432E9 4.685276421480495E9 4.4793503391369176E8 4.876369659992163E9 
3.595839763651691E9 3.8481489417497063E9 5.102652073578319E9 4.380333830766975E9 1.9875259081941118E9 2.5837064646640077E9 1.8954732404335802E9 1.5093010326385872E9 2.3436277565309415E9 2.6195946678097105E9 3.2684931961555333E9 3.6582412803843503E9 3.7655638825423627E9 2.322751286902554E9 3.3080084962449174E9 3.007004480967322E9 2.1452392024014952E9 3.0075035621461086E9 3.985914262659967E9 3.8997661570322804E9 2.571276379414191E9 3.205026204205432E9 4.685276421480495E9 4.4793503391369176E8 4.876369659992163E9 
3.595839763651691E9 3.8481489417497063E9 5.102652073578319E9 4.380333830766975E9 1.9875259081941118E9 2.5837064646640077E9 1.8954732404335802E9 1.5093010326385872E9 2.3436277565309415E9 2.6195946678097105E9 3.2684931961555333E9 3.6582412803843503E9 3.7655638825423627E9 2.322751286902554E9 3.3080084962449174E9 3.007004480967322E9 2.1452392024014952E9 3.0075035621461086E9 3.985914262659967E9 3.8997661570322804E9 2.571276379414191E9 3.205026204205432E9 4.685276421480495E9 4.4793503391369176E8 4.876369659992163E9 
3.595839763651691E9 3.8481489417497063E9 5.102652073578319E9 4.380333830766975E9 1.9875259081941118E9 2.5837064646640077E9 1.8954732404335802E9 1.5093010326385872E9 2.3436277565309415E9 2.6195946678097105E9 3.2684931961555333E9 3.6582412803843503E9 3.7655638825423627E9 2.322751286902554E9 3.3080084962449174E9 3.007004480967322E9 2.1452392024014952E9 3.0075035621461086E9 3.985914262659967E9 3.8997661570322804E9 2.571276379414191E9 3.205026204205432E9 4.685276421480495E9 4.4793503391369176E8 4.876369659992163E9 
3.595839763651691E9 3.8481489417497063E9 5.102652073578319E9 4.380333830766975E9 1.9875259081941118E9 2.5837064646640077E9 1.8954732404335802E9 1.5093010326385872E9 2.3436277565309415E9 2.6195946678097105E9 3.2684931961555333E9 2.742131483827766E9 3.7655638825423627E9 2.322751286902554E9 3.3080084962449174E9 3.007004480967322E9 2.1452392024014952E9 3.0075035621461086E9 3.985914262659967E9 3.8997661570322804E9 2.571276379414191E9 3.205026204205432E9 4.685276421480495E9 4.4793503391369176E8 4.876369659992163E9 
3.595839763651691E9 3.8481489417497063E9 5.102652073578319E9 4.380333830766975E9 1.9875259081941118E9 2.5837064646640077E9 1.8954732404335802E9 1.5093010326385872E9 2.3436277565309415E9 2.6195946678097105E9 3.2684931961555333E9 2.742131483827766E9 3.7655638825423627E9 2.322751286902554E9 3.3080084962449174E9 3.007004480967322E9 2.1452392024014952E9 3.0075035621461086E9 3.985914262659967E9 3.8997661570322804E9 2.571276379414191E9 3.205026204205432E9 4.685276421480495E9 4.4793503391369176E8 4.876369659992163E9 
3.595839763651691E9 3.8481489417497063E9 5.102652073578319E9 4.380333830766975E9 1.9875259081941118E9 2.5837064646640077E9 1.8954732404335802E9 1.5093010326385872E9 2.3436277565309415E9 2.6195946678097105E9 3.2684931961555333E9 2.742131483827766E9 3.7655638825423627E9 2.322751286902554E9 3.3080084962449174E9 3.007004480967322E9 2.1452392024014952E9 3.0075035621461086E9 3.985914262659967E9 3.8997661570322804E9 2.571276379414191E9 3.205026204205432E9 4.685276421480495E9 4.4793503391369176E8 4.876369659992163E9 
3.595839763651691E9 3.8481489417497063E9 5.102652073578319E9 3.6414410586412663E9 1.9875259081941118E9 2.5837064646640077E9 1.8954732404335802E9 1.5093010326385872E9 2.3436277565309415E9 2.6195946678097105E9 3.2684931961555333E9 2.742131483827766E9 3.7655638825423627E9 2.322751286902554E9 3.3080084962449174E9 3.007004480967322E9 2.1452392024014952E9 3.0075035621461086E9 3.985914262659967E9 3.8997661570322804E9 2.571276379414191E9 3.205026204205432E9 4.685276421480495E9 4.4793503391369176E8 4.876369659992163E9 
2.2915193017514205E9 3.8481489417497063E9 5.102652073578319E9 3.6414410586412663E9 1.9875259081941118E9 2.5837064646640077E9 1.8954732404335802E9 1.5093010326385872E9 2.3436277565309415E9 2.6195946678097105E9 3.2684931961555333E9 2.742131483827766E9 3.7655638825423627E9 2.322751286902554E9 3.3080084962449174E9 3.007004480967322E9 2.1452392024014952E9 3.0075035621461086E9 3.985914262659967E9 3.8997661570322804E9 2.571276379414191E9 3.205026204205432E9 4.685276421480495E9 4.4793503391369176E8 4.876369659992163E9 
2.2915193017514205E9 3.8481489417497063E9 5.102652073578319E9 3.6414410586412663E9 1.9875259081941118E9 2.5837064646640077E9 1.8954732404335802E9 1.5093010326385872E9 2.3436277565309415E9 2.6195946678097105E9 3.2684931961555333E9 2.742131483827766E9 3.7655638825423627E9 2.322751286902554E9 3.3080084962449174E9 3.007004480967322E9 2.1452392024014952E9 3.0075035621461086E9 3.985914262659967E9 3.8997661570322804E9 2.571276379414191E9 3.205026204205432E9 4.685276421480495E9 4.4793503391369176E8 4.876369659992163E9 
2.2915193017514205E9 3.8481489417497063E9 5.102652073578319E9 3.6414410586412663E9 1.9875259081941118E9 2.5837064646640077E9 1.8954732404335802E9 1.5093010326385872E9 2.3436277565309415E9 2.6195946678097105E9 3.2684931961555333E9 2.742131483827766E9 3.7655638825423627E9 2.322751286902554E9 3.3080084962449174E9 3.007004480967322E9 2.1452392024014952E9 3.0075035621461086E9 3.7600780980281215E9 3.8997661570322804E9 2.571276379414191E9 3.205026204205432E9 4.685276421480495E9 4.4793503391369176E8 4.876369659992163E9 
2.2915193017514205E9 3.8481489417497063E9 5.102652073578319E9 3.6414410586412663E9 1.9875259081941118E9 2.5837064646640077E9 1.8954732404335802E9 1.5093010326385872E9 2.3436277565309415E9 2.6195946678097105E9 3.2684931961555333E9 2.742131483827766E9 3.7655638825423627E9 2.322751286902554E9 3.3080084962449174E9 3.007004480967322E9 2.1452392024014952E9 3.0075035621461086E9 3.7600780980281215E9 3.8997661570322804E9 2.571276379414191E9 3.205026204205432E9 4.685276421480495E9 4.4793503391369176E8 4.876369659992163E9 
2.2915193017514205E9 3.8481489417497063E9 5.102652073578319E9 3.6414410586412663E9 1.9875259081941118E9 2.5837064646640077E9 1.8954732404335802E9 1.5093010326385872E9 2.3436277565309415E9 2.6195946678097105E9 3.085406804789973E9 2.742131483827766E9 3.7655638825423627E9 2.322751286902554E9 3.3080084962449174E9 3.007004480967322E9 2.1452392024014952E9 3.0075035621461086E9 3.7600780980281215E9 3.8997661570322804E9 2.571276379414191E9 3.205026204205432E9 4.685276421480495E9 4.4793503391369176E8 4.876369659992163E9 
2.2915193017514205E9 3.8481489417497063E9 5.102652073578319E9 3.6414410586412663E9 1.9875259081941118E9 2.5837064646640077E9 1.8954732404335802E9 1.5093010326385872E9 2.3436277565309415E9 2.6195946678097105E9 3.085406804789973E9 2.742131483827766E9 3.7655638825423627E9 2.322751286902554E9 3.3080084962449174E9 3.007004480967322E9 2.1452392024014952E9 3.0075035621461086E9 3.7600780980281215E9 3.8997661570322804E9 2.571276379414191E9 3.205026204205432E9 4.685276421480495E9 4.4793503391369176E8 4.876369659992163E9 
2.2915193017514205E9 3.8481489417497063E9 4.437446222389945E9 3.6414410586412663E9 1.9875259081941118E9 2.5837064646640077E9 1.8954732404335802E9 1.5093010326385872E9 2.3436277565309415E9 2.6195946678097105E9 3.085406804789973E9 2.742131483827766E9 3.7655638825423627E9 2.322751286902554E9 3.3080084962449174E9 3.007004480967322E9 2.1452392024014952E9 3.0075035621461086E9 3.7600780980281215E9 3.8997661570322804E9 2.571276379414191E9 3.205026204205432E9 4.685276421480495E9 4.4793503391369176E8 4.876369659992163E9 
2.2915193017514205E9 3.8481489417497063E9 4.437446222389945E9 3.6414410586412663E9 1.9875259081941118E9 2.5837064646640077E9 1.8954732404335802E9 1.5093010326385872E9 2.3436277565309415E9 2.6195946678097105E9 3.085406804789973E9 2.742131483827766E9 3.7655638825423627E9 2.322751286902554E9 3.3080084962449174E9 3.007004480967322E9 2.1452392024014952E9 3.0075035621461086E9 3.7600780980281215E9 3.8997661570322804E9 2.571276379414191E9 3.205026204205432E9 4.685276421480495E9 4.4793503391369176E8 4.876369659992163E9 
2.2915193017514205E9 3.8481489417497063E9 4.437446222389945E9 3.6414410586412663E9 1.9875259081941118E9 2.5837064646640077E9 1.8954732404335802E9 1.5093010326385872E9 2.3436277565309415E9 2.6195946678097105E9 3.085406804789973E9 2.742131483827766E9 2.493867992787606E9 2.322751286902554E9 3.3080084962449174E9 3.007004480967322E9 2.1452392024014952E9 3.0075035621461086E9 3.7600780980281215E9 3.8997661570322804E9 2.571276379414191E9 3.205026204205432E9 4.685276421480495E9 4.4793503391369176E8 4.876369659992163E9 
2.2915193017514205E9 3.8481489417497063E9 4.437446222389945E9 3.6414410586412663E9 1.9875259081941118E9 2.5837064646640077E9 1.8954732404335802E9 1.5093010326385872E9 2.3436277565309415E9 2.6195946678097105E9 3.085406804789973E9 2.742131483827766E9 2.493867992787606E9 2.322751286902554E9 3.3080084962449174E9 3.007004480967322E9 2.1452392024014952E9 3.0075035621461086E9 3.7600780980281215E9 3.8997661570322804E9 2.571276379414191E9 3.205026204205432E9 4.685276421480495E9 4.4793503391369176E8 4.876369659992163E9 
2.2915193017514205E9 3.8481489417497063E9 4.437446222389945E9 3.6414410586412663E9 1.9875259081941118E9 2.5837064646640077E9 1.8954732404335802E9 1.5093010326385872E9 2.3436277565309415E9 2.6195946678097105E9 3.085406804789973E9 2.742131483827766E9 2.493867992787606E9 2.322751286902554E9 3.3080084962449174E9 3.007004480967322E9 2.1452392024014952E9 3.0075035621461086E9 3.7600780980281215E9 3.8997661570322804E9 2.571276379414191E9 3.205026204205432E9 4.685276421480495E9 4.4793503391369176E8 4.876369659992163E9 
2.2915193017514205E9 3.8481489417497063E9 4.437446222389945E9 3.6414410586412663E9 1.9875259081941118E9 2.5837064646640077E9 1.8954732404335802E9 1.5093010326385872E9 2.3436277565309415E9 2.6195946678097105E9 3.085406804789973E9 2.742131483827766E9 2.493867992787606E9 2.322751286902554E9 3.3080084962449174E9 3.007004480967322E9 2.1452392024014952E9 3.0075035621461086E9 3.7600780980281215E9 3.8997661570322804E9 2.571276379414191E9 3.205026204205432E9 4.685276421480495E9 4.4793503391369176E8 4.876369659992163E9 
2.2915193017514205E9 3.8481489417497063E9 4.437446222389945E9 3.6414410586412663E9 1.9875259081941118E9 2.5837064646640077E9 1.8954732404335802E9 1.5093010326385872E9 2.3436277565309415E9 2.6195946678097105E9 3.085406804789973E9 2.742131483827766E9 2.493867992787606E9 2.322751286902554E9 3.3080084962449174E9 3.007004480967322E9 2.1452392024014952E9 3.0075035621461086E9 3.7600780980281215E9 3.8997661570322804E9 2.571276379414191E9 3.205026204205432E9 4.685276421480495E9 4.4793503391369176E8 4.015596828972516E9 
2.2915193017514205E9 3.8481489417497063E9 4.437446222389945E9 3.6414410586412663E9 1.9875259081941118E9 2.5837064646640077E9 1.8954732404335802E9 1.5093010326385872E9 2.3436277565309415E9 2.6195946678097105E9 3.085406804789973E9 2.742131483827766E9 2.493867992787606E9 2.322751286902554E9 3.3080084962449174E9 3.007004480967322E9 2.1452392024014952E9 3.0075035621461086E9 3.7600780980281215E9 3.8997661570322804E9 2.571276379414191E9 3.205026204205432E9 4.685276421480495E9 4.4793503391369176E8 4.015596828972516E9 
2.2915193017514205E9 3.8481489417497063E9 4.437446222389945E9 3.6414410586412663E9 1.9875259081941118E9 2.5837064646640077E9 1.8954732404335802E9 1.5093010326385872E9 2.3436277565309415E9 2.6195946678097105E9 3.085406804789973E9 2.742131483827766E9 2.493867992787606E9 2.322751286902554E9 3.3080084962449174E9 3.007004480967322E9 2.1452392024014952E9 3.0075035621461086E9 3.7600780980281215E9 3.8997661570322804E9 2.571276379414191E9 3.205026204205432E9 4.685276421480495E9 4.4793503391369176E8 4.015596828972516E9 
2.2915193017514205E9 3.8481489417497063E9 4.437446222389945E9 3.6414410586412663E9 1.9875259081941118E9 2.5837064646640077E9 1.8954732404335802E9 1.5093010326385872E9 2.3436277565309415E9 2.6195946678097105E9 3.085406804789973E9 2.742131483827766E9 2.493867992787606E9 2.322751286902554E9 3.3080084962449174E9 3.007004480967322E9 2.1452392024014952E9 3.0075035621461086E9 3.7600780980281215E9 3.8997661570322804E9 2.571276379414191E9 3.205026204205432E9 4.685276421480495E9 4.4793503391369176E8 4.015596828972516E9 
2.2915193017514205E9 3.8481489417497063E9 4.437446222389945E9 3.6414410586412663E9 1.9875259081941118E9 2.5837064646640077E9 1.8954732404335802E9 1.5093010326385872E9 2.3436277565309415E9 2.6195946678097105E9 3.085406804789973E9 2.742131483827766E9 2.493867992787606E9 2.322751286902554E9 3.3080084962449174E9 3.007004480967322E9 2.1452392024014952E9 3.0075035621461086E9 3.7600780980281215E9 3.8997661570322804E9 2.571276379414191E9 3.205026204205432E9 4.685276421480495E9 4.4793503391369176E8 4.015596828972516E9 
2.2915193017514205E9 3.8481489417497063E9 4.437446222389945E9 3.6414410586412663E9 1.9875259081941118E9 2.5837064646640077E9 1.8954732404335802E9 1.5093010326385872E9 2.3436277565309415E9 2.6195946678097105E9 3.085406804789973E9 2.742131483827766E9 2.493867992787606E9 2.322751286902554E9 3.3080084962449174E9 3.007004480967322E9 2.1452392024014952E9 3.0075035621461086E9 3.7600780980281215E9 3.8997661570322804E9 2.571276379414191E9 3.205026204205432E9 4.685276421480495E9 4.4793503391369176E8 4.015596828972516E9 
2.2915193017514205E9 3.8481489417497063E9 4.437446222389945E9 3.6414410586412663E9 1.9875259081941118E9 2.5837064646640077E9 1.8954732404335802E9 1.5093010326385872E9 2.3436277565309415E9 2.6195946678097105E9 3.085406804789973E9 2.742131483827766E9 2.493867992787606E9 2.322751286902554E9 3.3080084962449174E9 3.007004480967322E9 2.1452392024014952E9 3.0075035621461086E9 3.7600780980281215E9 3.8997661570322804E9 2.571276379414191E9 3.205026204205432E9 4.685276421480495E9 4.4793503391369176E8 4.015596828972516E9 
2.2915193017514205E9 3.589646983145088E9 4.437446222389945E9 3.6414410586412663E9 1.9875259081941118E9 2.5837064646640077E9 1.8954732404335802E9 1.5093010326385872E9 2.3436277565309415E9 2.6195946678097105E9 3.085406804789973E9 2.742131483827766E9 2.493867992787606E9 2.322751286902554E9 3.3080084962449174E9 3.007004480967322E9 2.1452392024014952E9 3.0075035621461086E9 3.7600780980281215E9 3.8997661570322804E9 2.571276379414191E9 3.205026204205432E9 4.685276421480495E9 4.4793503391369176E8 4.015596828972516E9 
2.2915193017514205E9 3.589646983145088E9 4.437446222389945E9 3.6414410586412663E9 1.9875259081941118E9 2.5837064646640077E9 1.8954732404335802E9 1.5093010326385872E9 2.3436277565309415E9 2.6195946678097105E9 3.085406804789973E9 2.742131483827766E9 2.493867992787606E9 2.322751286902554E9 3.3080084962449174E9 3.007004480967322E9 2.1452392024014952E9 3.0075035621461086E9 3.7600780980281215E9 3.8997661570322804E9 2.571276379414191E9 3.205026204205432E9 4.685276421480495E9 4.4793503391369176E8 4.015596828972516E9 
2.2915193017514205E9 3.589646983145088E9 4.437446222389945E9 3.6414410586412663E9 1.9875259081941118E9 2.5837064646640077E9 1.8954732404335802E9 1.5093010326385872E9 2.3436277565309415E9 2.6195946678097105E9 3.085406804789973E9 2.742131483827766E9 2.493867992787606E9 2.322751286902554E9 3.3080084962449174E9 3.007004480967322E9 2.1452392024014952E9 3.0075035621461086E9 3.7600780980281215E9 3.8997661570322804E9 2.571276379414191E9 3.205026204205432E9 4.685276421480495E9 4.4793503391369176E8 4.015596828972516E9 
2.2915193017514205E9 3.589646983145088E9 4.437446222389945E9 3.6414410586412663E9 1.9875259081941118E9 2.5837064646640077E9 1.8954732404335802E9 1.5093010326385872E9 2.3436277565309415E9 2.6195946678097105E9 3.085406804789973E9 2.742131483827766E9 2.493867992787606E9 2.322751286902554E9 3.3080084962449174E9 3.007004480967322E9 2.1452392024014952E9 3.0075035621461086E9 3.7600780980281215E9 3.8997661570322804E9 2.571276379414191E9 3.205026204205432E9 4.685276421480495E9 4.4793503391369176E8 4.015596828972516E9 
2.2915193017514205E9 3.589646983145088E9 4.437446222389945E9 3.6414410586412663E9 1.9875259081941118E9 2.5837064646640077E9 1.8954732404335802E9 1.5093010326385872E9 2.3436277565309415E9 2.6195946678097105E9 3.085406804789973E9 2.742131483827766E9 2.493867992787606E9 2.322751286902554E9 3.3080084962449174E9 3.007004480967322E9 2.1452392024014952E9 3.0075035621461086E9 3.7600780980281215E9 3.8997661570322804E9 2.571276379414191E9 3.205026204205432E9 4.685276421480495E9 4.4793503391369176E8 4.015596828972516E9 
2.2915193017514205E9 3.589646983145088E9 4.437446222389945E9 3.6414410586412663E9 1.9875259081941118E9 2.5837064646640077E9 1.8954732404335802E9 1.5093010326385872E9 2.3436277565309415E9 2.6195946678097105E9 3.085406804789973E9 2.742131483827766E9 2.493867992787606E9 2.322751286902554E9 3.3080084962449174E9 3.007004480967322E9 2.1452392024014952E9 3.0075035621461086E9 3.7600780980281215E9 3.8997661570322804E9 2.571276379414191E9 3.205026204205432E9 4.685276421480495E9 4.4793503391369176E8 4.015596828972516E9 
2.2915193017514205E9 3.589646983145088E9 4.437446222389945E9 3.6414410586412663E9 1.9875259081941118E9 2.5837064646640077E9 1.8954732404335802E9 1.5093010326385872E9 2.3436277565309415E9 2.6195946678097105E9 3.085406804789973E9 2.742131483827766E9 2.493867992787606E9 2.322751286902554E9 3.3080084962449174E9 3.007004480967322E9 2.1452392024014952E9 3.0075035621461086E9 3.7600780980281215E9 3.8997661570322804E9 2.571276379414191E9 3.205026204205432E9 4.685276421480495E9 4.4793503391369176E8 4.015596828972516E9 
2.2915193017514205E9 3.589646983145088E9 4.437446222389945E9 3.6414410586412663E9 1.9875259081941118E9 2.5837064646640077E9 1.8954732404335802E9 1.5093010326385872E9 2.3436277565309415E9 2.6195946678097105E9 3.085406804789973E9 2.742131483827766E9 2.493867992787606E9 2.322751286902554E9 3.3080084962449174E9 3.007004480967322E9 2.1452392024014952E9 3.0075035621461086E9 3.7600780980281215E9 3.8997661570322804E9 2.571276379414191E9 3.205026204205432E9 4.685276421480495E9 4.4793503391369176E8 4.015596828972516E9 
2.2915193017514205E9 3.589646983145088E9 4.437446222389945E9 3.6414410586412663E9 1.9875259081941118E9 2.5837064646640077E9 1.8954732404335802E9 1.5093010326385872E9 2.3436277565309415E9 2.6195946678097105E9 3.085406804789973E9 2.742131483827766E9 2.493867992787606E9 2.322751286902554E9 3.3080084962449174E9 3.007004480967322E9 2.1452392024014952E9 3.0075035621461086E9 3.7107554394292507E9 3.8997661570322804E9 2.571276379414191E9 3.205026204205432E9 4.685276421480495E9 4.4793503391369176E8 4.015596828972516E9 
2.2915193017514205E9 3.589646983145088E9 4.437446222389945E9 3.6414410586412663E9 1.9875259081941118E9 2.5837064646640077E9 1.8954732404335802E9 1.5093010326385872E9 2.3436277565309415E9 2.6195946678097105E9 3.085406804789973E9 2.742131483827766E9 2.493867992787606E9 2.322751286902554E9 3.3080084962449174E9 3.007004480967322E9 2.1452392024014952E9 3.0075035621461086E9 3.7107554394292507E9 3.488719878703734E9 2.571276379414191E9 3.205026204205432E9 4.685276421480495E9 4.4793503391369176E8 4.015596828972516E9 
2.2915193017514205E9 3.589646983145088E9 4.437446222389945E9 3.6414410586412663E9 1.9875259081941118E9 2.5837064646640077E9 1.8954732404335802E9 1.5093010326385872E9 2.3436277565309415E9 2.6195946678097105E9 3.085406804789973E9 2.742131483827766E9 2.493867992787606E9 2.322751286902554E9 3.3080084962449174E9 3.007004480967322E9 2.1452392024014952E9 3.0075035621461086E9 3.7107554394292507E9 3.488719878703734E9 2.571276379414191E9 3.205026204205432E9 4.685276421480495E9 4.4793503391369176E8 4.015596828972516E9 
2.2915193017514205E9 3.589646983145088E9 4.437446222389945E9 3.6414410586412663E9 1.9875259081941118E9 2.5837064646640077E9 1.8954732404335802E9 1.5093010326385872E9 2.3436277565309415E9 2.6195946678097105E9 3.085406804789973E9 2.742131483827766E9 2.493867992787606E9 2.322751286902554E9 3.3080084962449174E9 3.007004480967322E9 2.1452392024014952E9 3.0075035621461086E9 3.7107554394292507E9 3.488719878703734E9 2.571276379414191E9 3.205026204205432E9 4.685276421480495E9 4.4793503391369176E8 4.015596828972516E9 
2.2915193017514205E9 3.589646983145088E9 4.437446222389945E9 3.6414410586412663E9 1.9875259081941118E9 2.5837064646640077E9 1.8954732404335802E9 1.5093010326385872E9 2.3436277565309415E9 2.6195946678097105E9 3.085406804789973E9 2.742131483827766E9 2.493867992787606E9 2.322751286902554E9 3.3080084962449174E9 3.007004480967322E9 2.1452392024014952E9 3.0075035621461086E9 3.7107554394292507E9 3.488719878703734E9 2.571276379414191E9 3.205026204205432E9 3.339147320586492E9 4.4793503391369176E8 4.015596828972516E9 
2.2915193017514205E9 3.589646983145088E9 4.437446222389945E9 3.6414410586412663E9 1.9875259081941118E9 2.5837064646640077E9 1.8954732404335802E9 1.5093010326385872E9 2.3436277565309415E9 2.6195946678097105E9 3.085406804789973E9 2.742131483827766E9 2.493867992787606E9 2.322751286902554E9 3.3080084962449174E9 3.007004480967322E9 2.1452392024014952E9 3.0075035621461086E9 3.7107554394292507E9 3.488719878703734E9 2.571276379414191E9 3.205026204205432E9 3.339147320586492E9 4.4793503391369176E8 4.015596828972516E9 
2.2915193017514205E9 3.589646983145088E9 4.437446222389945E9 3.6414410586412663E9 1.9875259081941118E9 2.5837064646640077E9 1.8954732404335802E9 1.5093010326385872E9 2.3436277565309415E9 2.6195946678097105E9 3.085406804789973E9 2.742131483827766E9 2.493867992787606E9 2.322751286902554E9 3.3080084962449174E9 3.007004480967322E9 2.1452392024014952E9 3.0075035621461086E9 3.7107554394292507E9 3.488719878703734E9 2.571276379414191E9 3.205026204205432E9 3.339147320586492E9 4.4793503391369176E8 4.015596828972516E9 
2.2915193017514205E9 3.589646983145088E9 4.437446222389945E9 3.6414410586412663E9 1.9875259081941118E9 2.5837064646640077E9 1.8954732404335802E9 1.5093010326385872E9 2.3436277565309415E9 2.6195946678097105E9 3.085406804789973E9 2.742131483827766E9 2.493867992787606E9 2.322751286902554E9 3.3080084962449174E9 3.007004480967322E9 2.1452392024014952E9 3.0075035621461086E9 3.7107554394292507E9 3.488719878703734E9 2.571276379414191E9 3.205026204205432E9 3.339147320586492E9 4.4793503391369176E8 4.015596828972516E9 
2.2915193017514205E9 3.589646983145088E9 4.437446222389945E9 3.6414410586412663E9 1.9875259081941118E9 2.5837064646640077E9 1.8954732404335802E9 1.5093010326385872E9 2.3436277565309415E9 1.968361282943461E9 3.085406804789973E9 2.742131483827766E9 2.493867992787606E9 2.184334883430094E9 3.3080084962449174E9 3.007004480967322E9 2.1452392024014952E9 3.0075035621461086E9 3.7107554394292507E9 3.488719878703734E9 2.571276379414191E9 3.205026204205432E9 3.339147320586492E9 4.4793503391369176E8 4.015596828972516E9 
2.2915193017514205E9 3.589646983145088E9 4.437446222389945E9 3.6414410586412663E9 1.9875259081941118E9 2.5837064646640077E9 1.8954732404335802E9 1.5093010326385872E9 2.3436277565309415E9 1.968361282943461E9 3.085406804789973E9 2.742131483827766E9 2.493867992787606E9 2.184334883430094E9 3.3080084962449174E9 3.007004480967322E9 2.1452392024014952E9 3.0075035621461086E9 3.7107554394292507E9 3.488719878703734E9 2.571276379414191E9 3.205026204205432E9 3.339147320586492E9 4.4793503391369176E8 4.015596828972516E9 
2.2915193017514205E9 3.589646983145088E9 4.437446222389945E9 3.6414410586412663E9 1.9875259081941118E9 2.5837064646640077E9 1.8954732404335802E9 1.5093010326385872E9 2.3436277565309415E9 1.968361282943461E9 3.085406804789973E9 2.742131483827766E9 2.493867992787606E9 2.184334883430094E9 3.3080084962449174E9 3.007004480967322E9 2.1452392024014952E9 3.0075035621461086E9 3.7107554394292507E9 3.488719878703734E9 2.571276379414191E9 3.205026204205432E9 3.339147320586492E9 4.4793503391369176E8 4.015596828972516E9 
2.2915193017514205E9 3.589646983145088E9 4.437446222389945E9 3.6414410586412663E9 1.9875259081941118E9 2.5837064646640077E9 1.8954732404335802E9 1.5093010326385872E9 2.3436277565309415E9 1.968361282943461E9 3.085406804789973E9 2.742131483827766E9 2.493867992787606E9 2.184334883430094E9 3.3080084962449174E9 3.007004480967322E9 2.1452392024014952E9 3.0075035621461086E9 3.7107554394292507E9 3.488719878703734E9 2.571276379414191E9 3.205026204205432E9 3.339147320586492E9 4.4793503391369176E8 4.015596828972516E9 
2.2915193017514205E9 3.589646983145088E9 4.437446222389945E9 3.6414410586412663E9 1.9875259081941118E9 2.5837064646640077E9 1.8954732404335802E9 1.5093010326385872E9 2.3436277565309415E9 1.968361282943461E9 3.085406804789973E9 2.742131483827766E9 2.493867992787606E9 2.184334883430094E9 3.3080084962449174E9 3.007004480967322E9 2.1452392024014952E9 1.851397155554409E9 3.7107554394292507E9 3.488719878703734E9 2.571276379414191E9 3.205026204205432E9 3.339147320586492E9 4.4793503391369176E8 4.015596828972516E9 
2.2915193017514205E9 3.589646983145088E9 4.437446222389945E9 3.6414410586412663E9 1.9875259081941118E9 2.5837064646640077E9 1.8954732404335802E9 1.5093010326385872E9 2.3436277565309415E9 1.968361282943461E9 3.085406804789973E9 2.742131483827766E9 2.493867992787606E9 2.184334883430094E9 3.3080084962449174E9 3.007004480967322E9 2.1452392024014952E9 1.851397155554409E9 3.7107554394292507E9 3.488719878703734E9 2.571276379414191E9 3.205026204205432E9 3.339147320586492E9 4.4793503391369176E8 4.015596828972516E9 
2.2915193017514205E9 3.589646983145088E9 4.437446222389945E9 3.6414410586412663E9 1.9875259081941118E9 2.5837064646640077E9 1.8954732404335802E9 1.5093010326385872E9 2.3436277565309415E9 1.968361282943461E9 3.085406804789973E9 2.742131483827766E9 2.493867992787606E9 2.184334883430094E9 3.3080084962449174E9 3.007004480967322E9 2.1452392024014952E9 1.851397155554409E9 3.7107554394292507E9 3.488719878703734E9 2.571276379414191E9 3.205026204205432E9 3.339147320586492E9 4.4793503391369176E8 4.015596828972516E9 
2.2915193017514205E9 3.589646983145088E9 4.437446222389945E9 3.6414410586412663E9 1.9875259081941118E9 2.5837064646640077E9 1.8954732404335802E9 1.5093010326385872E9 2.3436277565309415E9 1.968361282943461E9 3.085406804789973E9 2.742131483827766E9 2.3405074975783386E9 2.184334883430094E9 3.3080084962449174E9 3.007004480967322E9 2.1452392024014952E9 1.851397155554409E9 3.7107554394292507E9 3.488719878703734E9 2.571276379414191E9 3.205026204205432E9 3.339147320586492E9 4.4793503391369176E8 4.015596828972516E9 
2.2915193017514205E9 3.589646983145088E9 2.4854205313941603E9 3.6414410586412663E9 1.9875259081941118E9 2.5837064646640077E9 1.8954732404335802E9 1.5093010326385872E9 2.3436277565309415E9 1.968361282943461E9 3.085406804789973E9 2.742131483827766E9 2.3405074975783386E9 2.184334883430094E9 3.3080084962449174E9 3.007004480967322E9 2.1452392024014952E9 1.851397155554409E9 3.7107554394292507E9 3.488719878703734E9 2.571276379414191E9 3.205026204205432E9 3.339147320586492E9 4.4793503391369176E8 4.015596828972516E9 
2.2915193017514205E9 3.589646983145088E9 2.4854205313941603E9 3.6414410586412663E9 1.9875259081941118E9 2.5837064646640077E9 1.8954732404335802E9 1.5093010326385872E9 2.3436277565309415E9 1.968361282943461E9 3.085406804789973E9 2.742131483827766E9 2.3405074975783386E9 2.184334883430094E9 3.3080084962449174E9 2.4607812374742613E9 1.8286459614721556E9 1.851397155554409E9 3.7107554394292507E9 3.488719878703734E9 2.571276379414191E9 3.205026204205432E9 3.339147320586492E9 4.4793503391369176E8 4.015596828972516E9 
2.2915193017514205E9 2.5537317057395563E9 2.4854205313941603E9 3.6414410586412663E9 1.9875259081941118E9 2.5837064646640077E9 1.8954732404335802E9 1.5093010326385872E9 2.3436277565309415E9 1.968361282943461E9 3.085406804789973E9 2.742131483827766E9 2.3405074975783386E9 2.184334883430094E9 3.3080084962449174E9 2.4607812374742613E9 1.8286459614721556E9 1.851397155554409E9 3.7107554394292507E9 3.488719878703734E9 2.571276379414191E9 3.205026204205432E9 3.339147320586492E9 4.4793503391369176E8 4.015596828972516E9 
2.2915193017514205E9 2.5537317057395563E9 2.4854205313941603E9 3.6414410586412663E9 1.9875259081941118E9 2.5837064646640077E9 1.8954732404335802E9 1.5093010326385872E9 2.3436277565309415E9 1.968361282943461E9 3.085406804789973E9 2.742131483827766E9 2.3405074975783386E9 2.184334883430094E9 3.3080084962449174E9 2.4607812374742613E9 1.8286459614721556E9 1.851397155554409E9 3.7107554394292507E9 3.488719878703734E9 2.571276379414191E9 3.205026204205432E9 3.339147320586492E9 4.4793503391369176E8 4.015596828972516E9 
2.2915193017514205E9 2.5537317057395563E9 2.4854205313941603E9 3.6414410586412663E9 1.9875259081941118E9 2.5837064646640077E9 1.8954732404335802E9 1.5093010326385872E9 2.3436277565309415E9 1.968361282943461E9 3.085406804789973E9 2.742131483827766E9 2.3405074975783386E9 2.184334883430094E9 3.3080084962449174E9 2.4607812374742613E9 1.8286459614721556E9 1.851397155554409E9 3.7107554394292507E9 3.488719878703734E9 2.571276379414191E9 3.205026204205432E9 3.339147320586492E9 4.4793503391369176E8 4.015596828972516E9 
2.2915193017514205E9 2.5537317057395563E9 2.4854205313941603E9 3.6414410586412663E9 1.9875259081941118E9 2.5837064646640077E9 1.8954732404335802E9 1.5093010326385872E9 2.3436277565309415E9 1.968361282943461E9 3.085406804789973E9 2.742131483827766E9 2.3405074975783386E9 2.184334883430094E9 3.3080084962449174E9 2.4607812374742613E9 1.8286459614721556E9 1.851397155554409E9 3.7107554394292507E9 3.488719878703734E9 2.571276379414191E9 3.205026204205432E9 3.339147320586492E9 4.4793503391369176E8 4.015596828972516E9 
2.2915193017514205E9 2.5537317057395563E9 2.4854205313941603E9 3.6414410586412663E9 1.9875259081941118E9 2.5837064646640077E9 1.8954732404335802E9 1.5093010326385872E9 2.3436277565309415E9 1.968361282943461E9 3.085406804789973E9 2.742131483827766E9 2.3405074975783386E9 2.184334883430094E9 3.3080084962449174E9 2.4607812374742613E9 1.8286459614721556E9 1.851397155554409E9 3.7107554394292507E9 3.488719878703734E9 2.571276379414191E9 2.6536130132031965E9 3.339147320586492E9 4.4793503391369176E8 4.015596828972516E9 
2.2915193017514205E9 2.5537317057395563E9 2.4854205313941603E9 3.6414410586412663E9 1.9875259081941118E9 2.5837064646640077E9 1.8954732404335802E9 1.5093010326385872E9 2.3436277565309415E9 1.968361282943461E9 3.085406804789973E9 2.742131483827766E9 2.3405074975783386E9 2.184334883430094E9 3.3080084962449174E9 2.4607812374742613E9 1.8286459614721556E9 1.851397155554409E9 3.7107554394292507E9 3.488719878703734E9 2.571276379414191E9 2.6536130132031965E9 3.339147320586492E9 4.4793503391369176E8 4.015596828972516E9 
2.2915193017514205E9 2.5537317057395563E9 2.4854205313941603E9 3.6414410586412663E9 1.9875259081941118E9 2.5837064646640077E9 1.8954732404335802E9 1.5093010326385872E9 2.3436277565309415E9 1.968361282943461E9 3.085406804789973E9 2.742131483827766E9 2.3405074975783386E9 2.184334883430094E9 3.3080084962449174E9 2.4607812374742613E9 1.8286459614721556E9 1.851397155554409E9 3.7107554394292507E9 3.488719878703734E9 2.571276379414191E9 2.6536130132031965E9 3.339147320586492E9 4.4793503391369176E8 4.015596828972516E9 
2.2915193017514205E9 2.5537317057395563E9 2.4854205313941603E9 3.6414410586412663E9 1.9875259081941118E9 4.820902725615792E8 1.8954732404335802E9 1.5093010326385872E9 2.3436277565309415E9 1.968361282943461E9 3.085406804789973E9 2.742131483827766E9 2.3405074975783386E9 2.184334883430094E9 3.3080084962449174E9 2.4607812374742613E9 1.8286459614721556E9 1.851397155554409E9 3.7107554394292507E9 3.488719878703734E9 2.571276379414191E9 2.6536130132031965E9 3.339147320586492E9 4.4793503391369176E8 4.015596828972516E9 
2.2915193017514205E9 2.5537317057395563E9 2.4854205313941603E9 3.6414410586412663E9 1.9875259081941118E9 4.820902725615792E8 1.8954732404335802E9 1.5093010326385872E9 2.3436277565309415E9 1.968361282943461E9 3.085406804789973E9 2.742131483827766E9 2.3405074975783386E9 2.184334883430094E9 3.3080084962449174E9 2.4607812374742613E9 1.8286459614721556E9 1.851397155554409E9 3.7107554394292507E9 3.488719878703734E9 2.571276379414191E9 2.6536130132031965E9 3.339147320586492E9 4.4793503391369176E8 4.015596828972516E9 
2.2915193017514205E9 2.5537317057395563E9 2.4854205313941603E9 3.6414410586412663E9 1.9875259081941118E9 4.820902725615792E8 1.8954732404335802E9 1.5093010326385872E9 2.3436277565309415E9 1.968361282943461E9 3.085406804789973E9 2.742131483827766E9 2.3405074975783386E9 2.184334883430094E9 3.3080084962449174E9 2.4607812374742613E9 1.8286459614721556E9 1.851397155554409E9 3.7107554394292507E9 3.488719878703734E9 2.571276379414191E9 2.6536130132031965E9 3.339147320586492E9 4.4793503391369176E8 4.015596828972516E9 
2.2915193017514205E9 2.5537317057395563E9 2.4854205313941603E9 3.6414410586412663E9 1.9875259081941118E9 4.820902725615792E8 1.8954732404335802E9 1.5093010326385872E9 2.3436277565309415E9 1.968361282943461E9 3.085406804789973E9 2.742131483827766E9 2.3405074975783386E9 2.184334883430094E9 3.3080084962449174E9 2.4607812374742613E9 1.8286459614721556E9 1.851397155554409E9 3.7107554394292507E9 3.488719878703734E9 2.571276379414191E9 2.6536130132031965E9 3.339147320586492E9 4.4793503391369176E8 4.015596828972516E9 
2.2915193017514205E9 2.5537317057395563E9 2.4854205313941603E9 3.6414410586412663E9 1.9875259081941118E9 4.820902725615792E8 1.8954732404335802E9 1.5093010326385872E9 2.3436277565309415E9 1.968361282943461E9 3.085406804789973E9 2.742131483827766E9 2.3405074975783386E9 2.184334883430094E9 3.3080084962449174E9 2.4607812374742613E9 1.8286459614721556E9 1.851397155554409E9 3.7107554394292507E9 3.488719878703734E9 2.571276379414191E9 2.6536130132031965E9 3.339147320586492E9 4.4793503391369176E8 4.015596828972516E9 
2.2915193017514205E9 2.5537317057395563E9 2.4854205313941603E9 3.6414410586412663E9 1.9875259081941118E9 4.820902725615792E8 1.8954732404335802E9 1.5093010326385872E9 2.3436277565309415E9 1.968361282943461E9 3.085406804789973E9 2.742131483827766E9 2.3405074975783386E9 2.184334883430094E9 3.3080084962449174E9 2.4607812374742613E9 1.8286459614721556E9 1.851397155554409E9 3.7107554394292507E9 3.488719878703734E9 2.571276379414191E9 2.6536130132031965E9 3.339147320586492E9 4.4793503391369176E8 4.015596828972516E9 
2.2915193017514205E9 2.5537317057395563E9 2.4854205313941603E9 3.154406896535623E9 1.9875259081941118E9 4.820902725615792E8 1.8954732404335802E9 1.5093010326385872E9 2.3436277565309415E9 1.968361282943461E9 3.085406804789973E9 2.742131483827766E9 2.3405074975783386E9 2.184334883430094E9 3.3080084962449174E9 2.4607812374742613E9 1.2567185459617386E9 1.851397155554409E9 3.7107554394292507E9 3.488719878703734E9 2.571276379414191E9 2.6536130132031965E9 3.339147320586492E9 4.4793503391369176E8 4.015596828972516E9 
2.2915193017514205E9 2.5537317057395563E9 2.4854205313941603E9 3.154406896535623E9 1.9875259081941118E9 4.820902725615792E8 1.8954732404335802E9 1.5093010326385872E9 2.3436277565309415E9 1.968361282943461E9 3.085406804789973E9 2.742131483827766E9 2.3405074975783386E9 2.184334883430094E9 3.3080084962449174E9 2.4607812374742613E9 1.2567185459617386E9 1.851397155554409E9 3.7107554394292507E9 3.488719878703734E9 2.571276379414191E9 2.6536130132031965E9 3.339147320586492E9 4.4793503391369176E8 4.015596828972516E9 
2.2915193017514205E9 2.5537317057395563E9 2.4854205313941603E9 3.154406896535623E9 1.9875259081941118E9 4.820902725615792E8 1.8954732404335802E9 1.5093010326385872E9 2.3436277565309415E9 1.968361282943461E9 3.085406804789973E9 2.742131483827766E9 2.3405074975783386E9 2.184334883430094E9 3.3080084962449174E9 2.4607812374742613E9 1.2567185459617386E9 1.851397155554409E9 3.7107554394292507E9 3.488719878703734E9 2.571276379414191E9 2.6536130132031965E9 3.339147320586492E9 4.4793503391369176E8 4.015596828972516E9 
2.2915193017514205E9 2.5537317057395563E9 2.4854205313941603E9 3.154406896535623E9 1.9875259081941118E9 4.820902725615792E8 1.8954732404335802E9 1.5093010326385872E9 2.3436277565309415E9 1.968361282943461E9 3.085406804789973E9 2.742131483827766E9 2.3405074975783386E9 1.8710852844625363E9 3.3080084962449174E9 2.4607812374742613E9 1.2567185459617386E9 1.851397155554409E9 3.7107554394292507E9 3.488719878703734E9 2.571276379414191E9 2.6536130132031965E9 3.339147320586492E9 4.4793503391369176E8 4.015596828972516E9 
2.2915193017514205E9 2.5537317057395563E9 2.4854205313941603E9 3.154406896535623E9 1.9875259081941118E9 4.820902725615792E8 1.8954732404335802E9 1.5093010326385872E9 2.3436277565309415E9 1.968361282943461E9 3.085406804789973E9 2.742131483827766E9 2.3405074975783386E9 1.8710852844625363E9 3.3080084962449174E9 2.4607812374742613E9 1.2567185459617386E9 1.851397155554409E9 3.7107554394292507E9 3.488719878703734E9 2.571276379414191E9 2.6536130132031965E9 3.339147320586492E9 4.4793503391369176E8 4.015596828972516E9 
2.2915193017514205E9 2.5537317057395563E9 2.4854205313941603E9 3.154406896535623E9 1.9875259081941118E9 4.820902725615792E8 1.8954732404335802E9 1.5093010326385872E9 2.3436277565309415E9 1.968361282943461E9 3.085406804789973E9 2.742131483827766E9 2.3405074975783386E9 1.8710852844625363E9 3.3080084962449174E9 2.4607812374742613E9 1.2567185459617386E9 1.851397155554409E9 3.7107554394292507E9 3.488719878703734E9 2.571276379414191E9 2.6536130132031965E9 3.339147320586492E9 4.4793503391369176E8 4.015596828972516E9 
2.2915193017514205E9 2.5537317057395563E9 2.4854205313941603E9 3.154406896535623E9 1.9875259081941118E9 4.820902725615792E8 1.8954732404335802E9 1.5093010326385872E9 2.3436277565309415E9 1.968361282943461E9 3.085406804789973E9 2.742131483827766E9 2.3405074975783386E9 1.8710852844625363E9 3.3080084962449174E9 2.4607812374742613E9 1.2567185459617386E9 1.851397155554409E9 3.7107554394292507E9 3.488719878703734E9 2.571276379414191E9 2.6536130132031965E9 3.339147320586492E9 4.4793503391369176E8 4.015596828972516E9 
2.2915193017514205E9 2.5537317057395563E9 2.4854205313941603E9 3.154406896535623E9 1.9875259081941118E9 4.820902725615792E8 1.8954732404335802E9 1.5093010326385872E9 2.3436277565309415E9 1.968361282943461E9 3.085406804789973E9 2.742131483827766E9 2.3405074975783386E9 1.8710852844625363E9 3.3080084962449174E9 2.4607812374742613E9 1.2567185459617386E9 1.851397155554409E9 3.7107554394292507E9 3.488719878703734E9 2.571276379414191E9 2.6536130132031965E9 3.339147320586492E9 4.4793503391369176E8 4.015596828972516E9 
2.2915193017514205E9 2.5537317057395563E9 2.4854205313941603E9 3.154406896535623E9 1.9875259081941118E9 4.820902725615792E8 1.8954732404335802E9 1.5093010326385872E9 2.3436277565309415E9 1.968361282943461E9 3.085406804789973E9 2.742131483827766E9 2.3405074975783386E9 1.8710852844625363E9 3.3080084962449174E9 2.4607812374742613E9 1.2567185459617386E9 1.851397155554409E9 3.7107554394292507E9 3.488719878703734E9 2.571276379414191E9 2.6536130132031965E9 3.339147320586492E9 4.4793503391369176E8 4.015596828972516E9 
2.2915193017514205E9 2.5537317057395563E9 2.4854205313941603E9 3.154406896535623E9 1.9875259081941118E9 4.820902725615792E8 1.8954732404335802E9 1.5093010326385872E9 2.3436277565309415E9 1.968361282943461E9 3.085406804789973E9 2.742131483827766E9 2.3405074975783386E9 1.8710852844625363E9 3.3080084962449174E9 2.4607812374742613E9 1.2567185459617386E9 1.851397155554409E9 3.7107554394292507E9 3.488719878703734E9 2.571276379414191E9 2.6536130132031965E9 3.339147320586492E9 4.4793503391369176E8 4.015596828972516E9 
2.2915193017514205E9 2.5537317057395563E9 2.4854205313941603E9 3.154406896535623E9 1.9875259081941118E9 4.820902725615792E8 1.8954732404335802E9 1.5093010326385872E9 2.3436277565309415E9 1.968361282943461E9 3.085406804789973E9 2.742131483827766E9 2.3405074975783386E9 1.8710852844625363E9 3.3080084962449174E9 2.4607812374742613E9 1.2567185459617386E9 1.851397155554409E9 3.7107554394292507E9 3.488719878703734E9 2.571276379414191E9 2.6536130132031965E9 3.339147320586492E9 4.4793503391369176E8 4.015596828972516E9 
2.2915193017514205E9 2.5537317057395563E9 2.4854205313941603E9 3.154406896535623E9 1.9875259081941118E9 4.820902725615792E8 1.8954732404335802E9 1.5093010326385872E9 2.3436277565309415E9 1.968361282943461E9 3.085406804789973E9 2.742131483827766E9 2.3405074975783386E9 1.8710852844625363E9 3.3080084962449174E9 2.4607812374742613E9 1.2567185459617386E9 1.851397155554409E9 3.7107554394292507E9 3.488719878703734E9 2.571276379414191E9 2.6536130132031965E9 3.339147320586492E9 4.4793503391369176E8 4.015596828972516E9 
2.2915193017514205E9 2.5537317057395563E9 2.4854205313941603E9 3.154406896535623E9 1.9875259081941118E9 4.820902725615792E8 1.8954732404335802E9 1.5093010326385872E9 2.3436277565309415E9 1.968361282943461E9 3.085406804789973E9 2.742131483827766E9 2.3405074975783386E9 1.8710852844625363E9 3.3080084962449174E9 2.4607812374742613E9 1.2567185459617386E9 1.851397155554409E9 3.7107554394292507E9 3.488719878703734E9 2.571276379414191E9 2.6536130132031965E9 3.339147320586492E9 4.4793503391369176E8 4.015596828972516E9 
2.2915193017514205E9 2.5537317057395563E9 2.4854205313941603E9 3.154406896535623E9 1.9875259081941118E9 4.820902725615792E8 1.8954732404335802E9 1.5093010326385872E9 2.3436277565309415E9 1.968361282943461E9 3.085406804789973E9 2.742131483827766E9 2.3405074975783386E9 1.8710852844625363E9 3.3080084962449174E9 2.4607812374742613E9 1.2567185459617386E9 1.851397155554409E9 3.7107554394292507E9 3.488719878703734E9 2.571276379414191E9 2.6536130132031965E9 3.339147320586492E9 4.4793503391369176E8 4.015596828972516E9 
2.2915193017514205E9 2.5537317057395563E9 2.4854205313941603E9 3.154406896535623E9 1.9875259081941118E9 4.820902725615792E8 1.8954732404335802E9 1.5093010326385872E9 2.3436277565309415E9 1.968361282943461E9 3.085406804789973E9 2.742131483827766E9 2.3405074975783386E9 1.8710852844625363E9 3.3080084962449174E9 2.4607812374742613E9 1.2567185459617386E9 1.851397155554409E9 3.7107554394292507E9 3.488719878703734E9 2.571276379414191E9 2.6536130132031965E9 3.339147320586492E9 4.4793503391369176E8 4.015596828972516E9 
2.2915193017514205E9 2.5537317057395563E9 2.4854205313941603E9 3.154406896535623E9 1.9875259081941118E9 4.820902725615792E8 1.8954732404335802E9 1.5093010326385872E9 2.3436277565309415E9 1.968361282943461E9 3.085406804789973E9 2.742131483827766E9 2.3405074975783386E9 1.8710852844625363E9 3.3080084962449174E9 2.4607812374742613E9 1.2567185459617386E9 1.851397155554409E9 3.7107554394292507E9 3.488719878703734E9 2.571276379414191E9 2.6536130132031965E9 3.339147320586492E9 4.4793503391369176E8 4.015596828972516E9 
2.2915193017514205E9 2.5537317057395563E9 2.4854205313941603E9 3.154406896535623E9 1.9875259081941118E9 4.820902725615792E8 1.8954732404335802E9 1.5093010326385872E9 2.3436277565309415E9 1.968361282943461E9 3.085406804789973E9 2.742131483827766E9 2.3405074975783386E9 1.8710852844625363E9 3.3080084962449174E9 2.4607812374742613E9 1.2567185459617386E9 1.851397155554409E9 3.610714095120729E9 3.488719878703734E9 2.571276379414191E9 2.6536130132031965E9 3.339147320586492E9 4.4793503391369176E8 4.015596828972516E9 
2.2915193017514205E9 2.5537317057395563E9 2.4854205313941603E9 3.154406896535623E9 1.9875259081941118E9 4.820902725615792E8 1.8954732404335802E9 1.5093010326385872E9 2.3436277565309415E9 1.968361282943461E9 3.085406804789973E9 2.742131483827766E9 2.3405074975783386E9 1.8710852844625363E9 3.3080084962449174E9 2.4607812374742613E9 1.2567185459617386E9 1.851397155554409E9 3.610714095120729E9 3.488719878703734E9 2.571276379414191E9 2.6536130132031965E9 3.339147320586492E9 4.4793503391369176E8 4.015596828972516E9 
2.2915193017514205E9 2.5537317057395563E9 2.4854205313941603E9 3.154406896535623E9 1.9875259081941118E9 4.820902725615792E8 1.8954732404335802E9 1.5093010326385872E9 2.3436277565309415E9 1.968361282943461E9 3.085406804789973E9 2.742131483827766E9 2.3405074975783386E9 1.8710852844625363E9 3.3080084962449174E9 2.4607812374742613E9 1.2567185459617386E9 1.851397155554409E9 3.610714095120729E9 3.488719878703734E9 2.571276379414191E9 2.6536130132031965E9 3.339147320586492E9 4.4793503391369176E8 4.015596828972516E9 
2.2915193017514205E9 2.5537317057395563E9 2.4854205313941603E9 3.154406896535623E9 1.9875259081941118E9 4.820902725615792E8 1.8954732404335802E9 1.5093010326385872E9 2.3436277565309415E9 1.968361282943461E9 3.085406804789973E9 2.742131483827766E9 2.3405074975783386E9 1.8710852844625363E9 1.876769502068932E9 2.4607812374742613E9 1.2567185459617386E9 1.851397155554409E9 3.610714095120729E9 3.488719878703734E9 2.571276379414191E9 2.6536130132031965E9 3.339147320586492E9 4.4793503391369176E8 4.015596828972516E9 
2.2915193017514205E9 2.5537317057395563E9 2.4854205313941603E9 3.154406896535623E9 1.9875259081941118E9 4.820902725615792E8 1.8954732404335802E9 1.5093010326385872E9 2.3436277565309415E9 1.968361282943461E9 3.085406804789973E9 2.742131483827766E9 2.3405074975783386E9 1.8710852844625363E9 1.876769502068932E9 2.4607812374742613E9 1.2442489331343155E9 1.851397155554409E9 3.610714095120729E9 3.488719878703734E9 2.571276379414191E9 2.6536130132031965E9 3.339147320586492E9 4.4793503391369176E8 4.015596828972516E9 
2.2915193017514205E9 2.5537317057395563E9 2.4854205313941603E9 3.154406896535623E9 1.9875259081941118E9 4.820902725615792E8 1.8954732404335802E9 1.5093010326385872E9 2.3436277565309415E9 1.968361282943461E9 3.085406804789973E9 2.742131483827766E9 2.3405074975783386E9 1.8710852844625363E9 1.876769502068932E9 2.4607812374742613E9 1.2442489331343155E9 1.851397155554409E9 3.610714095120729E9 3.488719878703734E9 2.571276379414191E9 2.6536130132031965E9 3.339147320586492E9 4.4793503391369176E8 4.015596828972516E9 
2.2915193017514205E9 2.5537317057395563E9 2.4854205313941603E9 3.154406896535623E9 1.9875259081941118E9 4.820902725615792E8 1.8954732404335802E9 1.5093010326385872E9 2.3436277565309415E9 1.968361282943461E9 3.085406804789973E9 2.742131483827766E9 2.3405074975783386E9 1.8710852844625363E9 1.876769502068932E9 2.4607812374742613E9 1.2442489331343155E9 1.851397155554409E9 3.610714095120729E9 3.488719878703734E9 2.571276379414191E9 2.6536130132031965E9 3.339147320586492E9 4.4793503391369176E8 4.015596828972516E9 
2.2915193017514205E9 2.5537317057395563E9 2.4854205313941603E9 3.154406896535623E9 1.9875259081941118E9 4.820902725615792E8 1.8954732404335802E9 1.5093010326385872E9 2.3436277565309415E9 1.968361282943461E9 3.085406804789973E9 2.742131483827766E9 2.3405074975783386E9 1.8710852844625363E9 1.876769502068932E9 2.4607812374742613E9 1.2442489331343155E9 1.851397155554409E9 3.610714095120729E9 3.488719878703734E9 2.571276379414191E9 2.6536130132031965E9 3.339147320586492E9 4.4793503391369176E8 4.015596828972516E9 
2.2915193017514205E9 2.5537317057395563E9 2.4854205313941603E9 3.154406896535623E9 1.9875259081941118E9 4.820902725615792E8 1.8954732404335802E9 1.5093010326385872E9 2.3436277565309415E9 1.968361282943461E9 3.085406804789973E9 2.742131483827766E9 2.3405074975783386E9 1.8710852844625363E9 1.876769502068932E9 2.4607812374742613E9 1.2442489331343155E9 1.851397155554409E9 3.610714095120729E9 3.488719878703734E9 2.571276379414191E9 2.6536130132031965E9 3.339147320586492E9 4.4793503391369176E8 4.015596828972516E9 
2.2915193017514205E9 2.5537317057395563E9 2.4854205313941603E9 3.154406896535623E9 1.9875259081941118E9 4.820902725615792E8 1.8954732404335802E9 1.5093010326385872E9 2.3436277565309415E9 1.968361282943461E9 3.085406804789973E9 2.742131483827766E9 2.3405074975783386E9 1.8710852844625363E9 1.876769502068932E9 2.4607812374742613E9 1.2442489331343155E9 1.851397155554409E9 3.610714095120729E9 3.488719878703734E9 2.571276379414191E9 2.6536130132031965E9 3.339147320586492E9 4.4793503391369176E8 4.015596828972516E9 
2.2915193017514205E9 2.5537317057395563E9 2.4854205313941603E9 3.154406896535623E9 1.9875259081941118E9 4.820902725615792E8 1.8954732404335802E9 1.5093010326385872E9 2.3436277565309415E9 1.968361282943461E9 3.085406804789973E9 2.742131483827766E9 2.3405074975783386E9 1.8710852844625363E9 1.876769502068932E9 2.4607812374742613E9 1.2442489331343155E9 1.851397155554409E9 3.610714095120729E9 3.488719878703734E9 2.571276379414191E9 2.6536130132031965E9 3.339147320586492E9 4.4793503391369176E8 4.015596828972516E9 
2.2915193017514205E9 2.5537317057395563E9 2.4854205313941603E9 3.154406896535623E9 1.9875259081941118E9 4.820902725615792E8 1.8954732404335802E9 1.5093010326385872E9 2.3436277565309415E9 1.968361282943461E9 3.085406804789973E9 2.742131483827766E9 2.3405074975783386E9 1.8710852844625363E9 1.876769502068932E9 2.4607812374742613E9 1.2442489331343155E9 1.851397155554409E9 3.610714095120729E9 3.488719878703734E9 2.571276379414191E9 2.6536130132031965E9 3.339147320586492E9 4.4793503391369176E8 4.015596828972516E9 
1.9380590162743628E9 2.5537317057395563E9 2.4854205313941603E9 3.154406896535623E9 1.9875259081941118E9 4.820902725615792E8 1.8954732404335802E9 1.5093010326385872E9 2.3436277565309415E9 1.968361282943461E9 3.085406804789973E9 2.742131483827766E9 2.3405074975783386E9 1.8710852844625363E9 1.876769502068932E9 2.4607812374742613E9 1.2442489331343155E9 1.851397155554409E9 3.610714095120729E9 3.488719878703734E9 2.571276379414191E9 2.6536130132031965E9 3.339147320586492E9 4.4793503391369176E8 4.015596828972516E9 
1.9380590162743628E9 2.5537317057395563E9 2.4854205313941603E9 3.154406896535623E9 1.9875259081941118E9 4.820902725615792E8 1.8954732404335802E9 1.5093010326385872E9 2.3436277565309415E9 1.6286351664730208E9 3.085406804789973E9 2.742131483827766E9 2.3405074975783386E9 1.8710852844625363E9 1.876769502068932E9 2.4607812374742613E9 1.2442489331343155E9 1.851397155554409E9 3.610714095120729E9 3.488719878703734E9 2.571276379414191E9 2.6536130132031965E9 3.339147320586492E9 4.4793503391369176E8 4.015596828972516E9 
1.9380590162743628E9 2.5537317057395563E9 2.4854205313941603E9 3.154406896535623E9 1.9875259081941118E9 4.820902725615792E8 1.8954732404335802E9 1.5093010326385872E9 2.3436277565309415E9 1.6286351664730208E9 3.085406804789973E9 2.742131483827766E9 2.3405074975783386E9 1.8710852844625363E9 1.876769502068932E9 2.4607812374742613E9 1.2442489331343155E9 1.851397155554409E9 3.610714095120729E9 3.488719878703734E9 2.571276379414191E9 2.6536130132031965E9 3.339147320586492E9 4.4793503391369176E8 4.015596828972516E9 
1.9380590162743628E9 2.5537317057395563E9 2.4854205313941603E9 3.154406896535623E9 1.9875259081941118E9 4.820902725615792E8 1.8954732404335802E9 1.5093010326385872E9 2.3436277565309415E9 1.6286351664730208E9 3.085406804789973E9 2.742131483827766E9 2.3405074975783386E9 1.8710852844625363E9 1.876769502068932E9 2.4607812374742613E9 1.2442489331343155E9 1.851397155554409E9 3.610714095120729E9 3.488719878703734E9 2.571276379414191E9 2.6536130132031965E9 3.339147320586492E9 4.4793503391369176E8 4.015596828972516E9 
1.9380590162743628E9 2.5537317057395563E9 2.4854205313941603E9 3.154406896535623E9 1.9875259081941118E9 4.820902725615792E8 1.8954732404335802E9 1.5093010326385872E9 2.3436277565309415E9 1.6286351664730208E9 3.085406804789973E9 2.742131483827766E9 2.3405074975783386E9 1.8710852844625363E9 1.876769502068932E9 2.4607812374742613E9 1.2442489331343155E9 1.851397155554409E9 3.610714095120729E9 3.488719878703734E9 2.571276379414191E9 2.6536130132031965E9 1.399088124753624E9 4.4793503391369176E8 4.015596828972516E9 
1.9380590162743628E9 2.5537317057395563E9 2.4854205313941603E9 3.154406896535623E9 1.9875259081941118E9 4.820902725615792E8 1.8954732404335802E9 1.5093010326385872E9 2.3436277565309415E9 1.6286351664730208E9 3.085406804789973E9 2.742131483827766E9 2.3405074975783386E9 1.8710852844625363E9 1.876769502068932E9 2.4607812374742613E9 1.2442489331343155E9 1.851397155554409E9 3.610714095120729E9 3.488719878703734E9 2.571276379414191E9 2.6536130132031965E9 1.399088124753624E9 4.4793503391369176E8 4.015596828972516E9 
1.9380590162743628E9 2.5537317057395563E9 2.4854205313941603E9 3.154406896535623E9 1.9875259081941118E9 4.820902725615792E8 1.8954732404335802E9 1.5093010326385872E9 2.3436277565309415E9 1.6286351664730208E9 3.085406804789973E9 2.742131483827766E9 2.3405074975783386E9 1.8710852844625363E9 1.876769502068932E9 2.4607812374742613E9 1.2442489331343155E9 1.851397155554409E9 3.610714095120729E9 3.488719878703734E9 2.571276379414191E9 2.6536130132031965E9 1.399088124753624E9 4.4793503391369176E8 4.015596828972516E9 
1.9380590162743628E9 2.5537317057395563E9 2.4854205313941603E9 3.154406896535623E9 1.9875259081941118E9 4.820902725615792E8 1.8954732404335802E9 1.5093010326385872E9 2.3436277565309415E9 1.6286351664730208E9 3.085406804789973E9 2.742131483827766E9 2.3405074975783386E9 1.8710852844625363E9 1.876769502068932E9 2.4607812374742613E9 1.2442489331343155E9 1.851397155554409E9 3.610714095120729E9 3.488719878703734E9 2.571276379414191E9 2.6536130132031965E9 1.399088124753624E9 4.4793503391369176E8 4.015596828972516E9 
1.9380590162743628E9 2.5537317057395563E9 2.4854205313941603E9 3.154406896535623E9 1.9875259081941118E9 4.820902725615792E8 1.8954732404335802E9 1.5093010326385872E9 2.3436277565309415E9 1.6286351664730208E9 3.085406804789973E9 2.742131483827766E9 2.3405074975783386E9 1.8710852844625363E9 1.876769502068932E9 2.4607812374742613E9 1.2442489331343155E9 1.851397155554409E9 3.610714095120729E9 3.488719878703734E9 2.571276379414191E9 2.6536130132031965E9 1.399088124753624E9 4.4793503391369176E8 4.015596828972516E9 
1.9380590162743628E9 2.5537317057395563E9 2.4854205313941603E9 3.154406896535623E9 1.9875259081941118E9 4.820902725615792E8 1.8954732404335802E9 1.5093010326385872E9 2.3436277565309415E9 1.6286351664730208E9 3.085406804789973E9 2.742131483827766E9 2.3405074975783386E9 1.8710852844625363E9 1.876769502068932E9 2.4607812374742613E9 1.2442489331343155E9 1.851397155554409E9 3.610714095120729E9 3.488719878703734E9 2.571276379414191E9 2.6536130132031965E9 1.399088124753624E9 4.4793503391369176E8 4.015596828972516E9 
1.9380590162743628E9 2.5537317057395563E9 2.4854205313941603E9 3.154406896535623E9 1.9875259081941118E9 4.820902725615792E8 1.8954732404335802E9 1.5093010326385872E9 2.3436277565309415E9 1.6286351664730208E9 3.085406804789973E9 2.742131483827766E9 2.3405074975783386E9 1.8710852844625363E9 1.876769502068932E9 2.4607812374742613E9 1.2442489331343155E9 1.851397155554409E9 3.610714095120729E9 3.488719878703734E9 2.571276379414191E9 2.2631482237652E9 1.399088124753624E9 4.4793503391369176E8 4.015596828972516E9 
1.9380590162743628E9 2.5537317057395563E9 2.4854205313941603E9 3.154406896535623E9 1.9875259081941118E9 4.820902725615792E8 1.8954732404335802E9 1.5093010326385872E9 2.3436277565309415E9 1.6286351664730208E9 3.085406804789973E9 2.742131483827766E9 2.3405074975783386E9 1.8710852844625363E9 1.876769502068932E9 2.4607812374742613E9 1.2442489331343155E9 1.851397155554409E9 3.610714095120729E9 3.488719878703734E9 2.571276379414191E9 2.2631482237652E9 1.399088124753624E9 4.4793503391369176E8 4.015596828972516E9 
1.9380590162743628E9 2.5537317057395563E9 2.4854205313941603E9 3.154406896535623E9 1.9875259081941118E9 4.820902725615792E8 1.8954732404335802E9 1.5093010326385872E9 2.3436277565309415E9 1.6286351664730208E9 3.085406804789973E9 2.742131483827766E9 2.3405074975783386E9 1.8710852844625363E9 1.876769502068932E9 2.4607812374742613E9 1.2442489331343155E9 1.851397155554409E9 3.610714095120729E9 3.488719878703734E9 2.571276379414191E9 2.2631482237652E9 1.399088124753624E9 4.4793503391369176E8 4.015596828972516E9 
1.9380590162743628E9 2.5537317057395563E9 2.4854205313941603E9 3.154406896535623E9 1.9875259081941118E9 4.820902725615792E8 1.8954732404335802E9 1.5093010326385872E9 2.3436277565309415E9 1.6286351664730208E9 3.085406804789973E9 2.742131483827766E9 2.3405074975783386E9 1.8710852844625363E9 1.876769502068932E9 2.4607812374742613E9 1.2442489331343155E9 1.851397155554409E9 3.610714095120729E9 3.488719878703734E9 2.571276379414191E9 2.2631482237652E9 1.399088124753624E9 4.4793503391369176E8 4.015596828972516E9 
1.9380590162743628E9 2.5537317057395563E9 2.4854205313941603E9 3.154406896535623E9 1.9875259081941118E9 4.820902725615792E8 1.8954732404335802E9 1.5093010326385872E9 2.3436277565309415E9 1.6286351664730208E9 3.085406804789973E9 2.742131483827766E9 2.3405074975783386E9 1.8710852844625363E9 1.876769502068932E9 2.4607812374742613E9 1.2442489331343155E9 1.851397155554409E9 3.610714095120729E9 3.488719878703734E9 2.571276379414191E9 2.2631482237652E9 1.399088124753624E9 4.4793503391369176E8 4.015596828972516E9 
1.9380590162743628E9 2.5537317057395563E9 2.4854205313941603E9 3.154406896535623E9 1.9875259081941118E9 4.820902725615792E8 1.8954732404335802E9 1.5093010326385872E9 2.3436277565309415E9 1.6286351664730208E9 3.085406804789973E9 2.742131483827766E9 2.3405074975783386E9 1.8710852844625363E9 1.876769502068932E9 2.4607812374742613E9 1.2442489331343155E9 1.851397155554409E9 3.610714095120729E9 3.488719878703734E9 2.571276379414191E9 2.2631482237652E9 1.399088124753624E9 4.4793503391369176E8 4.015596828972516E9 
1.9380590162743628E9 2.5537317057395563E9 2.4854205313941603E9 3.154406896535623E9 1.9875259081941118E9 4.820902725615792E8 1.8954732404335802E9 1.5093010326385872E9 2.3436277565309415E9 1.6286351664730208E9 3.085406804789973E9 2.742131483827766E9 2.3405074975783386E9 1.8710852844625363E9 1.876769502068932E9 2.4607812374742613E9 1.2442489331343155E9 1.851397155554409E9 3.610714095120729E9 3.488719878703734E9 2.571276379414191E9 2.2631482237652E9 1.399088124753624E9 4.4793503391369176E8 4.015596828972516E9 
1.9380590162743628E9 2.5537317057395563E9 2.4854205313941603E9 3.154406896535623E9 1.9875259081941118E9 4.820902725615792E8 1.8954732404335802E9 1.5093010326385872E9 2.3436277565309415E9 1.6286351664730208E9 3.085406804789973E9 2.742131483827766E9 2.3405074975783386E9 1.8710852844625363E9 1.876769502068932E9 2.4607812374742613E9 1.2442489331343155E9 1.851397155554409E9 3.610714095120729E9 3.488719878703734E9 2.571276379414191E9 2.2631482237652E9 1.399088124753624E9 4.4793503391369176E8 4.015596828972516E9 
1.9380590162743628E9 2.5537317057395563E9 2.4854205313941603E9 3.154406896535623E9 1.9875259081941118E9 4.820902725615792E8 1.8954732404335802E9 1.5093010326385872E9 2.3436277565309415E9 1.6286351664730208E9 3.085406804789973E9 2.742131483827766E9 2.3405074975783386E9 1.8710852844625363E9 1.876769502068932E9 2.4607812374742613E9 1.2442489331343155E9 1.851397155554409E9 3.610714095120729E9 3.488719878703734E9 2.571276379414191E9 2.2631482237652E9 1.399088124753624E9 4.4793503391369176E8 4.015596828972516E9 
1.9380590162743628E9 2.5537317057395563E9 2.4854205313941603E9 3.154406896535623E9 1.9875259081941118E9 4.820902725615792E8 1.8954732404335802E9 1.5093010326385872E9 2.3436277565309415E9 1.6286351664730208E9 3.085406804789973E9 2.742131483827766E9 2.3405074975783386E9 1.8710852844625363E9 1.876769502068932E9 2.4607812374742613E9 1.2442489331343155E9 1.851397155554409E9 3.610714095120729E9 3.488719878703734E9 2.571276379414191E9 2.2631482237652E9 1.399088124753624E9 4.4793503391369176E8 3.6786166445186563E9 
1.9380590162743628E9 2.5537317057395563E9 2.4854205313941603E9 3.154406896535623E9 1.9875259081941118E9 4.820902725615792E8 1.8954732404335802E9 1.5093010326385872E9 2.3436277565309415E9 1.6286351664730208E9 3.085406804789973E9 2.742131483827766E9 2.3405074975783386E9 1.8710852844625363E9 1.876769502068932E9 2.4607812374742613E9 1.2442489331343155E9 1.851397155554409E9 3.610714095120729E9 3.488719878703734E9 2.571276379414191E9 2.2631482237652E9 1.399088124753624E9 4.4793503391369176E8 3.6786166445186563E9 
1.9380590162743628E9 2.5537317057395563E9 2.4854205313941603E9 3.154406896535623E9 1.9875259081941118E9 4.820902725615792E8 1.8954732404335802E9 1.5093010326385872E9 2.3436277565309415E9 1.6286351664730208E9 3.085406804789973E9 2.742131483827766E9 2.3405074975783386E9 1.8710852844625363E9 1.876769502068932E9 2.4607812374742613E9 1.2442489331343155E9 1.851397155554409E9 3.610714095120729E9 3.488719878703734E9 2.571276379414191E9 2.2631482237652E9 1.399088124753624E9 4.4793503391369176E8 3.6786166445186563E9 
1.9380590162743628E9 2.5537317057395563E9 2.4854205313941603E9 3.154406896535623E9 1.9875259081941118E9 4.820902725615792E8 1.8954732404335802E9 1.5093010326385872E9 2.3436277565309415E9 1.6286351664730208E9 3.085406804789973E9 2.742131483827766E9 2.3405074975783386E9 1.8710852844625363E9 1.876769502068932E9 2.4607812374742613E9 1.2442489331343155E9 1.851397155554409E9 3.610714095120729E9 3.488719878703734E9 2.571276379414191E9 2.2631482237652E9 1.399088124753624E9 4.4793503391369176E8 3.6786166445186563E9 
1.9380590162743628E9 2.5537317057395563E9 2.4854205313941603E9 3.154406896535623E9 1.9875259081941118E9 4.820902725615792E8 1.8954732404335802E9 1.5093010326385872E9 2.3436277565309415E9 1.6286351664730208E9 3.085406804789973E9 2.742131483827766E9 2.3405074975783386E9 1.8710852844625363E9 1.876769502068932E9 2.4607812374742613E9 1.2442489331343155E9 1.851397155554409E9 3.610714095120729E9 3.488719878703734E9 2.571276379414191E9 2.2631482237652E9 1.399088124753624E9 4.4793503391369176E8 3.6786166445186563E9 
1.9380590162743628E9 2.5537317057395563E9 2.4854205313941603E9 3.154406896535623E9 1.8790009243989885E9 4.820902725615792E8 1.8954732404335802E9 1.5093010326385872E9 2.3436277565309415E9 1.6286351664730208E9 3.085406804789973E9 2.742131483827766E9 2.3405074975783386E9 1.8710852844625363E9 1.876769502068932E9 2.4607812374742613E9 1.2442489331343155E9 1.851397155554409E9 3.610714095120729E9 3.488719878703734E9 2.571276379414191E9 2.2631482237652E9 1.399088124753624E9 4.4793503391369176E8 3.6786166445186563E9 
1.9380590162743628E9 2.5537317057395563E9 2.4854205313941603E9 3.154406896535623E9 1.8790009243989885E9 4.820902725615792E8 1.8954732404335802E9 1.5093010326385872E9 2.3436277565309415E9 1.6286351664730208E9 3.085406804789973E9 2.742131483827766E9 2.3405074975783386E9 1.8710852844625363E9 1.876769502068932E9 2.4607812374742613E9 1.2442489331343155E9 1.851397155554409E9 3.610714095120729E9 3.488719878703734E9 2.571276379414191E9 2.2631482237652E9 1.399088124753624E9 4.4793503391369176E8 3.6786166445186563E9 
1.9380590162743628E9 2.5537317057395563E9 2.4854205313941603E9 3.154406896535623E9 1.8790009243989885E9 4.820902725615792E8 1.8954732404335802E9 1.5093010326385872E9 2.3436277565309415E9 1.6286351664730208E9 3.085406804789973E9 2.742131483827766E9 2.3405074975783386E9 1.8710852844625363E9 1.876769502068932E9 2.4607812374742613E9 1.2442489331343155E9 1.851397155554409E9 3.610714095120729E9 3.488719878703734E9 2.571276379414191E9 2.2631482237652E9 1.399088124753624E9 4.4793503391369176E8 3.6786166445186563E9 
1.9380590162743628E9 2.5537317057395563E9 2.4854205313941603E9 3.154406896535623E9 1.8790009243989885E9 4.820902725615792E8 1.8954732404335802E9 1.5093010326385872E9 2.3436277565309415E9 1.6286351664730208E9 3.085406804789973E9 2.742131483827766E9 2.3405074975783386E9 1.8710852844625363E9 1.876769502068932E9 2.4607812374742613E9 1.2442489331343155E9 1.851397155554409E9 3.610714095120729E9 3.488719878703734E9 2.571276379414191E9 2.2631482237652E9 1.399088124753624E9 4.4793503391369176E8 3.6786166445186563E9 
1.9380590162743628E9 2.5537317057395563E9 2.4854205313941603E9 3.154406896535623E9 1.8790009243989885E9 4.820902725615792E8 1.8954732404335802E9 1.5093010326385872E9 2.3436277565309415E9 1.6286351664730208E9 3.085406804789973E9 2.742131483827766E9 2.3405074975783386E9 1.8710852844625363E9 1.876769502068932E9 2.4607812374742613E9 1.2442489331343155E9 1.851397155554409E9 3.610714095120729E9 3.488719878703734E9 2.571276379414191E9 2.2631482237652E9 1.399088124753624E9 4.4793503391369176E8 3.6786166445186563E9 
1.9380590162743628E9 2.5537317057395563E9 2.4854205313941603E9 3.154406896535623E9 1.8790009243989885E9 4.820902725615792E8 1.8954732404335802E9 1.5093010326385872E9 2.3436277565309415E9 1.6286351664730208E9 3.085406804789973E9 2.742131483827766E9 2.3405074975783386E9 1.8710852844625363E9 1.876769502068932E9 2.4607812374742613E9 1.2442489331343155E9 1.851397155554409E9 3.610714095120729E9 3.488719878703734E9 2.571276379414191E9 2.2631482237652E9 1.399088124753624E9 4.4793503391369176E8 3.6786166445186563E9 
1.9380590162743628E9 2.5537317057395563E9 2.4854205313941603E9 3.154406896535623E9 1.8790009243989885E9 4.820902725615792E8 1.8954732404335802E9 1.5093010326385872E9 2.3436277565309415E9 1.6286351664730208E9 3.085406804789973E9 2.742131483827766E9 2.3405074975783386E9 1.8710852844625363E9 1.876769502068932E9 2.4607812374742613E9 1.2442489331343155E9 1.851397155554409E9 3.610714095120729E9 3.488719878703734E9 2.571276379414191E9 2.2631482237652E9 1.399088124753624E9 4.4793503391369176E8 3.6786166445186563E9 
1.9380590162743628E9 2.5537317057395563E9 2.4854205313941603E9 3.154406896535623E9 1.8790009243989885E9 4.820902725615792E8 1.8954732404335802E9 1.5093010326385872E9 2.3436277565309415E9 1.6286351664730208E9 3.085406804789973E9 2.742131483827766E9 2.3405074975783386E9 1.8710852844625363E9 1.876769502068932E9 2.4607812374742613E9 1.2442489331343155E9 1.851397155554409E9 3.610714095120729E9 3.488719878703734E9 2.571276379414191E9 2.2631482237652E9 1.399088124753624E9 4.4793503391369176E8 3.6786166445186563E9 
1.9380590162743628E9 2.5537317057395563E9 2.4854205313941603E9 3.154406896535623E9 1.8790009243989885E9 4.820902725615792E8 1.8954732404335802E9 1.5093010326385872E9 2.3436277565309415E9 1.6286351664730208E9 3.085406804789973E9 2.742131483827766E9 2.3405074975783386E9 1.8710852844625363E9 1.876769502068932E9 2.4607812374742613E9 1.2442489331343155E9 1.851397155554409E9 3.610714095120729E9 3.488719878703734E9 2.571276379414191E9 2.2631482237652E9 1.399088124753624E9 4.4793503391369176E8 3.6786166445186563E9 
1.9380590162743628E9 2.5537317057395563E9 2.4854205313941603E9 3.154406896535623E9 1.8790009243989885E9 4.820902725615792E8 1.8954732404335802E9 1.5093010326385872E9 2.3436277565309415E9 1.6286351664730208E9 3.085406804789973E9 2.742131483827766E9 2.3405074975783386E9 1.8710852844625363E9 1.876769502068932E9 2.4607812374742613E9 1.2442489331343155E9 1.851397155554409E9 3.610714095120729E9 3.488719878703734E9 2.571276379414191E9 2.2631482237652E9 1.399088124753624E9 4.4793503391369176E8 3.6786166445186563E9 
1.9380590162743628E9 2.5537317057395563E9 2.4854205313941603E9 3.154406896535623E9 1.8790009243989885E9 4.820902725615792E8 1.8954732404335802E9 1.5093010326385872E9 2.3436277565309415E9 1.6286351664730208E9 3.085406804789973E9 2.742131483827766E9 2.3405074975783386E9 1.8710852844625363E9 1.876769502068932E9 2.4607812374742613E9 1.2442489331343155E9 1.851397155554409E9 3.610714095120729E9 3.488719878703734E9 2.571276379414191E9 2.2631482237652E9 1.399088124753624E9 4.4793503391369176E8 3.6786166445186563E9 
1.9380590162743628E9 2.5537317057395563E9 2.4854205313941603E9 3.154406896535623E9 1.8790009243989885E9 4.820902725615792E8 1.8954732404335802E9 1.5093010326385872E9 2.3436277565309415E9 1.6286351664730208E9 3.085406804789973E9 2.742131483827766E9 2.3405074975783386E9 1.8710852844625363E9 1.876769502068932E9 2.4607812374742613E9 1.2442489331343155E9 1.851397155554409E9 3.610714095120729E9 3.488719878703734E9 2.571276379414191E9 2.2631482237652E9 1.399088124753624E9 4.4793503391369176E8 3.6786166445186563E9 
1.9380590162743628E9 2.5537317057395563E9 2.4854205313941603E9 3.154406896535623E9 1.8790009243989885E9 4.820902725615792E8 1.8954732404335802E9 1.5093010326385872E9 2.3436277565309415E9 1.6286351664730208E9 3.085406804789973E9 2.742131483827766E9 2.3405074975783386E9 1.8710852844625363E9 1.876769502068932E9 2.4607812374742613E9 1.2442489331343155E9 1.851397155554409E9 3.610714095120729E9 3.488719878703734E9 2.571276379414191E9 2.2631482237652E9 1.399088124753624E9 4.4793503391369176E8 3.6786166445186563E9 
1.9380590162743628E9 2.5537317057395563E9 2.4854205313941603E9 3.154406896535623E9 1.8790009243989885E9 4.820902725615792E8 1.8954732404335802E9 1.5093010326385872E9 2.3436277565309415E9 1.6286351664730208E9 3.085406804789973E9 2.742131483827766E9 2.3405074975783386E9 1.8710852844625363E9 1.876769502068932E9 2.4607812374742613E9 1.2442489331343155E9 1.851397155554409E9 3.610714095120729E9 3.488719878703734E9 2.571276379414191E9 2.2631482237652E9 1.399088124753624E9 4.4793503391369176E8 3.6786166445186563E9 
1.9380590162743628E9 2.5537317057395563E9 2.4854205313941603E9 3.154406896535623E9 1.8790009243989885E9 4.820902725615792E8 1.8954732404335802E9 1.5093010326385872E9 2.3436277565309415E9 1.6286351664730208E9 3.085406804789973E9 2.742131483827766E9 2.3405074975783386E9 1.8710852844625363E9 1.876769502068932E9 2.4607812374742613E9 1.2442489331343155E9 1.851397155554409E9 3.610714095120729E9 3.488719878703734E9 2.571276379414191E9 2.2631482237652E9 1.399088124753624E9 4.4793503391369176E8 3.6786166445186563E9 
1.9380590162743628E9 2.5537317057395563E9 2.4854205313941603E9 3.154406896535623E9 1.8790009243989885E9 4.820902725615792E8 1.8954732404335802E9 1.5093010326385872E9 2.3436277565309415E9 1.6286351664730208E9 3.085406804789973E9 2.742131483827766E9 2.3405074975783386E9 1.8710852844625363E9 1.876769502068932E9 2.4607812374742613E9 1.2442489331343155E9 1.851397155554409E9 3.610714095120729E9 3.488719878703734E9 2.571276379414191E9 2.2631482237652E9 1.399088124753624E9 4.4793503391369176E8 3.6786166445186563E9 
1.9380590162743628E9 2.5537317057395563E9 2.4854205313941603E9 3.154406896535623E9 1.8790009243989885E9 4.820902725615792E8 1.8954732404335802E9 1.5093010326385872E9 2.3436277565309415E9 1.6286351664730208E9 3.085406804789973E9 2.742131483827766E9 2.3405074975783386E9 1.8710852844625363E9 1.876769502068932E9 2.4607812374742613E9 1.2442489331343155E9 1.851397155554409E9 3.610714095120729E9 3.488719878703734E9 2.571276379414191E9 2.2631482237652E9 1.399088124753624E9 4.4793503391369176E8 3.6786166445186563E9 
1.9380590162743628E9 2.5537317057395563E9 2.4854205313941603E9 3.154406896535623E9 1.8790009243989885E9 4.820902725615792E8 1.8954732404335802E9 1.5093010326385872E9 2.3436277565309415E9 1.6286351664730208E9 3.085406804789973E9 2.742131483827766E9 2.3405074975783386E9 1.8710852844625363E9 1.876769502068932E9 2.4607812374742613E9 1.2442489331343155E9 1.851397155554409E9 3.610714095120729E9 3.488719878703734E9 2.571276379414191E9 2.2631482237652E9 1.399088124753624E9 4.4793503391369176E8 3.6786166445186563E9 
1.9380590162743628E9 2.5537317057395563E9 2.4854205313941603E9 3.154406896535623E9 1.8790009243989885E9 4.820902725615792E8 1.8954732404335802E9 1.5093010326385872E9 2.3436277565309415E9 1.6286351664730208E9 3.085406804789973E9 2.742131483827766E9 2.3405074975783386E9 1.8710852844625363E9 1.876769502068932E9 2.4607812374742613E9 1.2442489331343155E9 1.851397155554409E9 3.610714095120729E9 3.488719878703734E9 2.571276379414191E9 2.2631482237652E9 1.399088124753624E9 4.4793503391369176E8 3.6786166445186563E9 
1.9380590162743628E9 2.5537317057395563E9 2.4854205313941603E9 2.2012097728756433E9 1.8790009243989885E9 4.820902725615792E8 1.8954732404335802E9 1.5093010326385872E9 2.3436277565309415E9 1.6286351664730208E9 3.085406804789973E9 2.742131483827766E9 2.3405074975783386E9 1.8710852844625363E9 1.876769502068932E9 2.4607812374742613E9 1.2442489331343155E9 1.851397155554409E9 3.610714095120729E9 3.488719878703734E9 2.571276379414191E9 2.2631482237652E9 1.399088124753624E9 4.4793503391369176E8 3.6786166445186563E9 
1.9380590162743628E9 2.5537317057395563E9 2.4854205313941603E9 2.2012097728756433E9 1.8790009243989885E9 4.820902725615792E8 1.8954732404335802E9 1.5093010326385872E9 2.3436277565309415E9 1.6286351664730208E9 3.085406804789973E9 2.742131483827766E9 2.3405074975783386E9 1.8710852844625363E9 1.876769502068932E9 2.4607812374742613E9 1.2442489331343155E9 1.851397155554409E9 3.610714095120729E9 3.488719878703734E9 2.571276379414191E9 2.2631482237652E9 1.399088124753624E9 4.4793503391369176E8 3.6786166445186563E9 
1.9380590162743628E9 2.5537317057395563E9 2.4854205313941603E9 2.2012097728756433E9 1.8790009243989885E9 4.820902725615792E8 1.8954732404335802E9 1.5093010326385872E9 2.3436277565309415E9 1.6286351664730208E9 3.085406804789973E9 1.2679889199281406E9 2.3405074975783386E9 1.8710852844625363E9 1.876769502068932E9 2.4607812374742613E9 1.2442489331343155E9 1.851397155554409E9 3.610714095120729E9 3.488719878703734E9 2.571276379414191E9 2.2631482237652E9 1.399088124753624E9 4.4793503391369176E8 3.6786166445186563E9 
1.9380590162743628E9 2.5537317057395563E9 2.4854205313941603E9 2.2012097728756433E9 1.8790009243989885E9 4.820902725615792E8 1.8954732404335802E9 1.5093010326385872E9 2.3436277565309415E9 1.6286351664730208E9 3.085406804789973E9 1.2679889199281406E9 2.3405074975783386E9 1.8710852844625363E9 1.876769502068932E9 2.4607812374742613E9 1.2442489331343155E9 1.851397155554409E9 3.610714095120729E9 3.488719878703734E9 2.571276379414191E9 2.2631482237652E9 1.399088124753624E9 4.4793503391369176E8 3.6786166445186563E9 
1.9380590162743628E9 2.5537317057395563E9 2.4854205313941603E9 2.2012097728756433E9 1.8790009243989885E9 4.820902725615792E8 1.8954732404335802E9 1.5093010326385872E9 2.3436277565309415E9 1.6286351664730208E9 3.085406804789973E9 1.2679889199281406E9 2.3405074975783386E9 1.8710852844625363E9 1.876769502068932E9 2.4607812374742613E9 1.2442489331343155E9 1.851397155554409E9 3.610714095120729E9 3.488719878703734E9 2.571276379414191E9 2.2631482237652E9 1.399088124753624E9 4.4793503391369176E8 3.6786166445186563E9 
1.9380590162743628E9 2.5537317057395563E9 2.4854205313941603E9 2.2012097728756433E9 1.8790009243989885E9 4.820902725615792E8 1.8954732404335802E9 1.5093010326385872E9 2.3436277565309415E9 1.6286351664730208E9 3.085406804789973E9 1.2679889199281406E9 2.3405074975783386E9 1.8710852844625363E9 1.876769502068932E9 2.4607812374742613E9 1.2442489331343155E9 1.851397155554409E9 3.610714095120729E9 3.488719878703734E9 2.571276379414191E9 2.2631482237652E9 1.399088124753624E9 4.4793503391369176E8 3.6786166445186563E9 
1.9380590162743628E9 2.5537317057395563E9 2.4854205313941603E9 2.2012097728756433E9 1.8790009243989885E9 4.820902725615792E8 1.8954732404335802E9 1.5093010326385872E9 2.3436277565309415E9 1.6286351664730208E9 3.085406804789973E9 1.2679889199281406E9 2.3405074975783386E9 1.8710852844625363E9 1.876769502068932E9 2.4607812374742613E9 1.2442489331343155E9 1.851397155554409E9 3.610714095120729E9 3.488719878703734E9 2.571276379414191E9 2.2631482237652E9 1.399088124753624E9 4.4793503391369176E8 3.6786166445186563E9 
1.9380590162743628E9 2.5537317057395563E9 2.4854205313941603E9 2.2012097728756433E9 1.8790009243989885E9 4.820902725615792E8 1.8954732404335802E9 1.5093010326385872E9 2.3436277565309415E9 1.6286351664730208E9 3.085406804789973E9 1.2679889199281406E9 2.3405074975783386E9 1.8710852844625363E9 1.876769502068932E9 2.4607812374742613E9 1.2442489331343155E9 1.851397155554409E9 3.610714095120729E9 3.488719878703734E9 2.571276379414191E9 2.2631482237652E9 1.399088124753624E9 4.4793503391369176E8 3.6786166445186563E9 
1.9380590162743628E9 2.5537317057395563E9 2.4854205313941603E9 2.2012097728756433E9 1.8790009243989885E9 4.820902725615792E8 1.8954732404335802E9 1.5093010326385872E9 2.3436277565309415E9 1.6286351664730208E9 3.085406804789973E9 1.2679889199281406E9 2.3405074975783386E9 1.8710852844625363E9 1.876769502068932E9 2.4607812374742613E9 1.2442489331343155E9 1.851397155554409E9 3.610714095120729E9 3.488719878703734E9 2.571276379414191E9 2.2631482237652E9 1.399088124753624E9 4.4793503391369176E8 3.6786166445186563E9 
1.9380590162743628E9 2.5537317057395563E9 2.4854205313941603E9 2.2012097728756433E9 1.8790009243989885E9 4.820902725615792E8 1.8954732404335802E9 1.5093010326385872E9 2.3436277565309415E9 1.6286351664730208E9 3.085406804789973E9 1.2679889199281406E9 2.3405074975783386E9 1.8710852844625363E9 1.876769502068932E9 2.4607812374742613E9 1.2442489331343155E9 1.851397155554409E9 3.610714095120729E9 3.488719878703734E9 2.571276379414191E9 2.2631482237652E9 1.399088124753624E9 4.4793503391369176E8 3.6786166445186563E9 
1.9380590162743628E9 2.5537317057395563E9 2.4854205313941603E9 2.2012097728756433E9 1.8790009243989885E9 4.820902725615792E8 1.8954732404335802E9 1.5093010326385872E9 2.3436277565309415E9 1.6286351664730208E9 3.085406804789973E9 1.2679889199281406E9 2.3405074975783386E9 1.8710852844625363E9 1.876769502068932E9 2.4607812374742613E9 1.2442489331343155E9 1.851397155554409E9 3.610714095120729E9 3.488719878703734E9 2.571276379414191E9 2.2631482237652E9 1.399088124753624E9 4.4793503391369176E8 3.6786166445186563E9 
1.9380590162743628E9 2.5537317057395563E9 2.4854205313941603E9 2.2012097728756433E9 1.8790009243989885E9 4.820902725615792E8 1.8954732404335802E9 1.5093010326385872E9 2.3436277565309415E9 1.6286351664730208E9 3.085406804789973E9 1.2679889199281406E9 2.3405074975783386E9 1.8710852844625363E9 1.876769502068932E9 2.4607812374742613E9 1.2442489331343155E9 1.851397155554409E9 3.610714095120729E9 3.488719878703734E9 2.571276379414191E9 2.2631482237652E9 1.399088124753624E9 4.4793503391369176E8 3.6786166445186563E9 
1.9380590162743628E9 2.5537317057395563E9 2.4854205313941603E9 2.2012097728756433E9 1.8790009243989885E9 4.820902725615792E8 1.8954732404335802E9 1.5093010326385872E9 2.3436277565309415E9 1.6286351664730208E9 3.085406804789973E9 1.2679889199281406E9 2.3405074975783386E9 1.8710852844625363E9 1.876769502068932E9 2.4607812374742613E9 1.2442489331343155E9 1.851397155554409E9 3.610714095120729E9 3.488719878703734E9 2.571276379414191E9 1.812456823364598E9 1.399088124753624E9 4.4793503391369176E8 3.6786166445186563E9 
1.9380590162743628E9 2.5537317057395563E9 2.4854205313941603E9 2.2012097728756433E9 1.8790009243989885E9 4.820902725615792E8 1.8954732404335802E9 1.5093010326385872E9 2.3436277565309415E9 1.6286351664730208E9 3.085406804789973E9 1.2679889199281406E9 2.3405074975783386E9 1.8710852844625363E9 1.876769502068932E9 2.4607812374742613E9 1.2442489331343155E9 1.851397155554409E9 3.610714095120729E9 3.488719878703734E9 2.571276379414191E9 1.812456823364598E9 1.399088124753624E9 4.4793503391369176E8 3.6786166445186563E9 
1.9380590162743628E9 2.5537317057395563E9 2.4854205313941603E9 2.2012097728756433E9 1.8790009243989885E9 4.820902725615792E8 1.8954732404335802E9 1.5093010326385872E9 2.3436277565309415E9 1.6286351664730208E9 3.085406804789973E9 1.2679889199281406E9 2.3405074975783386E9 1.8710852844625363E9 1.876769502068932E9 2.4607812374742613E9 1.2442489331343155E9 1.851397155554409E9 3.610714095120729E9 3.488719878703734E9 2.571276379414191E9 1.812456823364598E9 1.399088124753624E9 4.4793503391369176E8 3.6786166445186563E9 
1.9380590162743628E9 2.5537317057395563E9 2.4854205313941603E9 2.2012097728756433E9 1.8790009243989885E9 4.820902725615792E8 1.8954732404335802E9 1.5093010326385872E9 2.3436277565309415E9 1.6286351664730208E9 3.085406804789973E9 1.2679889199281406E9 2.3405074975783386E9 1.8710852844625363E9 1.876769502068932E9 2.4607812374742613E9 1.2442489331343155E9 1.851397155554409E9 3.610714095120729E9 3.488719878703734E9 2.571276379414191E9 1.812456823364598E9 1.399088124753624E9 4.4793503391369176E8 3.6786166445186563E9 
1.9380590162743628E9 2.5537317057395563E9 2.4854205313941603E9 2.2012097728756433E9 1.8790009243989885E9 4.820902725615792E8 1.8954732404335802E9 1.5093010326385872E9 2.3436277565309415E9 1.6286351664730208E9 3.085406804789973E9 1.2679889199281406E9 2.3405074975783386E9 1.8710852844625363E9 1.876769502068932E9 2.4607812374742613E9 1.2442489331343155E9 1.851397155554409E9 3.610714095120729E9 3.488719878703734E9 2.571276379414191E9 1.812456823364598E9 1.399088124753624E9 4.4793503391369176E8 3.6786166445186563E9 
1.9380590162743628E9 2.5537317057395563E9 2.4854205313941603E9 2.2012097728756433E9 1.8790009243989885E9 4.820902725615792E8 1.8954732404335802E9 1.5093010326385872E9 2.3436277565309415E9 1.6286351664730208E9 3.085406804789973E9 1.2679889199281406E9 2.3405074975783386E9 1.8710852844625363E9 1.876769502068932E9 2.4607812374742613E9 1.2442489331343155E9 1.851397155554409E9 3.610714095120729E9 3.488719878703734E9 2.571276379414191E9 1.812456823364598E9 1.399088124753624E9 4.4793503391369176E8 3.6786166445186563E9 
1.9380590162743628E9 2.5537317057395563E9 2.4854205313941603E9 2.2012097728756433E9 1.8790009243989885E9 4.820902725615792E8 1.8954732404335802E9 1.5093010326385872E9 2.3436277565309415E9 1.6286351664730208E9 3.085406804789973E9 1.2679889199281406E9 2.3405074975783386E9 1.8710852844625363E9 1.876769502068932E9 2.4607812374742613E9 1.2442489331343155E9 1.851397155554409E9 3.610714095120729E9 3.433363720652868E9 2.571276379414191E9 1.812456823364598E9 1.399088124753624E9 4.4793503391369176E8 3.6786166445186563E9 
1.9380590162743628E9 2.5537317057395563E9 2.4854205313941603E9 2.2012097728756433E9 1.8790009243989885E9 4.820902725615792E8 1.8954732404335802E9 1.5093010326385872E9 2.3436277565309415E9 1.6286351664730208E9 3.085406804789973E9 1.2679889199281406E9 2.3405074975783386E9 1.8710852844625363E9 1.876769502068932E9 2.4607812374742613E9 1.2442489331343155E9 1.851397155554409E9 3.610714095120729E9 3.433363720652868E9 2.571276379414191E9 1.812456823364598E9 1.399088124753624E9 4.4793503391369176E8 3.6786166445186563E9 
1.9380590162743628E9 2.5537317057395563E9 2.4854205313941603E9 2.2012097728756433E9 1.8790009243989885E9 4.820902725615792E8 1.8954732404335802E9 1.5093010326385872E9 2.3436277565309415E9 1.6286351664730208E9 3.085406804789973E9 1.2679889199281406E9 2.3405074975783386E9 1.8710852844625363E9 1.876769502068932E9 2.4607812374742613E9 1.2442489331343155E9 1.851397155554409E9 3.610714095120729E9 3.433363720652868E9 2.571276379414191E9 1.812456823364598E9 1.399088124753624E9 4.4793503391369176E8 3.6786166445186563E9 
1.9380590162743628E9 2.5537317057395563E9 2.4854205313941603E9 2.2012097728756433E9 1.8790009243989885E9 4.820902725615792E8 1.8954732404335802E9 1.5093010326385872E9 2.3436277565309415E9 1.6286351664730208E9 3.085406804789973E9 1.2679889199281406E9 2.3405074975783386E9 1.8710852844625363E9 1.876769502068932E9 2.4607812374742613E9 1.2442489331343155E9 1.851397155554409E9 3.610714095120729E9 3.433363720652868E9 2.571276379414191E9 1.812456823364598E9 1.399088124753624E9 4.4793503391369176E8 3.6786166445186563E9 
1.9380590162743628E9 2.5537317057395563E9 2.4854205313941603E9 2.2012097728756433E9 1.3843088006902194E9 4.820902725615792E8 1.8954732404335802E9 1.5093010326385872E9 2.3436277565309415E9 1.6286351664730208E9 3.085406804789973E9 1.2679889199281406E9 2.3405074975783386E9 1.8710852844625363E9 1.876769502068932E9 2.4607812374742613E9 1.2442489331343155E9 1.851397155554409E9 3.610714095120729E9 3.433363720652868E9 2.571276379414191E9 1.812456823364598E9 1.399088124753624E9 4.4793503391369176E8 3.6786166445186563E9 
1.9380590162743628E9 2.5537317057395563E9 2.4854205313941603E9 2.2012097728756433E9 1.3843088006902194E9 4.820902725615792E8 1.8954732404335802E9 1.5093010326385872E9 2.3436277565309415E9 1.6286351664730208E9 3.085406804789973E9 1.2679889199281406E9 2.3405074975783386E9 1.8710852844625363E9 1.876769502068932E9 2.4607812374742613E9 1.2442489331343155E9 1.851397155554409E9 3.610714095120729E9 3.433363720652868E9 2.571276379414191E9 1.812456823364598E9 1.399088124753624E9 4.4793503391369176E8 3.6786166445186563E9 
1.9380590162743628E9 2.5537317057395563E9 2.4854205313941603E9 2.2012097728756433E9 1.3843088006902194E9 4.820902725615792E8 1.8954732404335802E9 1.5093010326385872E9 2.3436277565309415E9 1.6286351664730208E9 3.085406804789973E9 1.2679889199281406E9 2.3405074975783386E9 1.8710852844625363E9 1.876769502068932E9 2.4607812374742613E9 1.2442489331343155E9 1.851397155554409E9 3.610714095120729E9 3.433363720652868E9 2.571276379414191E9 1.812456823364598E9 1.399088124753624E9 4.4793503391369176E8 3.6786166445186563E9 
1.9380590162743628E9 2.5537317057395563E9 2.4854205313941603E9 2.2012097728756433E9 1.3843088006902194E9 4.820902725615792E8 1.8954732404335802E9 1.5093010326385872E9 2.3436277565309415E9 1.6286351664730208E9 3.085406804789973E9 1.2679889199281406E9 2.3405074975783386E9 1.8710852844625363E9 1.876769502068932E9 2.4607812374742613E9 1.2442489331343155E9 1.851397155554409E9 3.610714095120729E9 3.433363720652868E9 2.571276379414191E9 1.812456823364598E9 1.399088124753624E9 4.4793503391369176E8 3.6786166445186563E9 
1.9380590162743628E9 2.5537317057395563E9 2.4854205313941603E9 2.2012097728756433E9 1.3843088006902194E9 4.820902725615792E8 1.8954732404335802E9 1.5093010326385872E9 2.3436277565309415E9 1.6286351664730208E9 3.085406804789973E9 1.2679889199281406E9 2.3405074975783386E9 1.8710852844625363E9 1.876769502068932E9 2.4607812374742613E9 1.2442489331343155E9 1.851397155554409E9 3.610714095120729E9 3.433363720652868E9 2.571276379414191E9 1.812456823364598E9 1.399088124753624E9 4.4793503391369176E8 3.6786166445186563E9 
1.9380590162743628E9 2.5537317057395563E9 2.4854205313941603E9 2.2012097728756433E9 1.3843088006902194E9 4.820902725615792E8 1.8954732404335802E9 1.5093010326385872E9 2.3436277565309415E9 1.6286351664730208E9 3.085406804789973E9 1.2679889199281406E9 2.0807797725495496E9 1.8710852844625363E9 1.876769502068932E9 2.4607812374742613E9 1.2442489331343155E9 1.851397155554409E9 3.610714095120729E9 3.433363720652868E9 2.571276379414191E9 1.812456823364598E9 1.399088124753624E9 4.4793503391369176E8 3.6786166445186563E9 
1.9380590162743628E9 2.5537317057395563E9 2.4854205313941603E9 2.2012097728756433E9 1.3843088006902194E9 4.820902725615792E8 1.8954732404335802E9 1.5093010326385872E9 2.3436277565309415E9 1.6286351664730208E9 3.085406804789973E9 1.2679889199281406E9 2.0807797725495496E9 1.8710852844625363E9 1.876769502068932E9 2.4607812374742613E9 1.2442489331343155E9 1.851397155554409E9 3.610714095120729E9 3.433363720652868E9 2.571276379414191E9 1.812456823364598E9 1.399088124753624E9 4.4793503391369176E8 3.6786166445186563E9 
1.9380590162743628E9 2.5537317057395563E9 2.4854205313941603E9 2.2012097728756433E9 1.3843088006902194E9 4.820902725615792E8 1.8954732404335802E9 1.5093010326385872E9 2.3436277565309415E9 1.6286351664730208E9 3.085406804789973E9 1.2679889199281406E9 2.0807797725495496E9 1.8710852844625363E9 1.876769502068932E9 2.4607812374742613E9 1.2442489331343155E9 1.851397155554409E9 3.610714095120729E9 3.433363720652868E9 2.571276379414191E9 1.812456823364598E9 1.399088124753624E9 4.4793503391369176E8 3.6786166445186563E9 
1.9380590162743628E9 2.5537317057395563E9 2.4854205313941603E9 2.2012097728756433E9 1.3843088006902194E9 4.820902725615792E8 1.8954732404335802E9 1.5093010326385872E9 2.3436277565309415E9 1.6286351664730208E9 3.085406804789973E9 1.2679889199281406E9 2.0807797725495496E9 1.8710852844625363E9 1.876769502068932E9 2.4607812374742613E9 1.2442489331343155E9 1.851397155554409E9 3.610714095120729E9 3.433363720652868E9 2.571276379414191E9 1.812456823364598E9 1.399088124753624E9 4.4793503391369176E8 3.6786166445186563E9 
1.9380590162743628E9 2.5537317057395563E9 2.4854205313941603E9 2.2012097728756433E9 1.3843088006902194E9 4.820902725615792E8 1.8954732404335802E9 1.5093010326385872E9 2.3436277565309415E9 1.6286351664730208E9 3.085406804789973E9 1.2679889199281406E9 2.0807797725495496E9 1.8710852844625363E9 1.876769502068932E9 2.4607812374742613E9 1.2442489331343155E9 1.851397155554409E9 3.610714095120729E9 3.433363720652868E9 2.571276379414191E9 1.812456823364598E9 1.399088124753624E9 4.4793503391369176E8 3.6786166445186563E9 
1.9380590162743628E9 2.5537317057395563E9 2.4854205313941603E9 2.2012097728756433E9 1.3843088006902194E9 4.820902725615792E8 1.8954732404335802E9 1.5093010326385872E9 2.3436277565309415E9 1.6286351664730208E9 3.085406804789973E9 1.2679889199281406E9 2.0807797725495496E9 1.8710852844625363E9 1.876769502068932E9 2.4607812374742613E9 1.2442489331343155E9 1.851397155554409E9 3.610714095120729E9 3.433363720652868E9 2.571276379414191E9 1.812456823364598E9 1.399088124753624E9 4.4793503391369176E8 3.6786166445186563E9 
1.561938473601895E9 2.5537317057395563E9 2.4854205313941603E9 2.2012097728756433E9 1.3843088006902194E9 4.820902725615792E8 1.8954732404335802E9 1.5093010326385872E9 2.3436277565309415E9 1.6286351664730208E9 3.085406804789973E9 1.2679889199281406E9 2.0807797725495496E9 1.8710852844625363E9 1.876769502068932E9 2.4607812374742613E9 1.2442489331343155E9 1.851397155554409E9 3.610714095120729E9 3.433363720652868E9 2.571276379414191E9 1.812456823364598E9 1.399088124753624E9 4.4793503391369176E8 3.6786166445186563E9 
1.561938473601895E9 2.5537317057395563E9 2.4854205313941603E9 2.2012097728756433E9 1.3843088006902194E9 4.820902725615792E8 1.8954732404335802E9 1.5093010326385872E9 2.3436277565309415E9 1.6286351664730208E9 3.085406804789973E9 1.2679889199281406E9 2.0807797725495496E9 1.8710852844625363E9 1.876769502068932E9 2.4607812374742613E9 1.2442489331343155E9 1.851397155554409E9 3.610714095120729E9 3.433363720652868E9 2.571276379414191E9 1.812456823364598E9 1.399088124753624E9 4.4793503391369176E8 3.6786166445186563E9 
1.561938473601895E9 2.5537317057395563E9 2.4854205313941603E9 2.2012097728756433E9 1.3843088006902194E9 4.820902725615792E8 1.8954732404335802E9 1.5093010326385872E9 2.3436277565309415E9 1.6286351664730208E9 3.085406804789973E9 1.2679889199281406E9 2.0807797725495496E9 1.8710852844625363E9 1.876769502068932E9 2.4607812374742613E9 1.2442489331343155E9 1.851397155554409E9 3.610714095120729E9 3.433363720652868E9 2.571276379414191E9 1.812456823364598E9 1.399088124753624E9 4.4793503391369176E8 3.6786166445186563E9 
1.561938473601895E9 2.5537317057395563E9 2.4854205313941603E9 2.2012097728756433E9 1.3843088006902194E9 4.820902725615792E8 1.8954732404335802E9 1.5093010326385872E9 2.3436277565309415E9 1.6286351664730208E9 3.085406804789973E9 1.2679889199281406E9 2.0807797725495496E9 1.8710852844625363E9 1.876769502068932E9 2.4607812374742613E9 1.2442489331343155E9 1.851397155554409E9 3.610714095120729E9 3.433363720652868E9 2.571276379414191E9 1.812456823364598E9 1.399088124753624E9 4.4793503391369176E8 3.6786166445186563E9 
1.561938473601895E9 2.5537317057395563E9 2.4854205313941603E9 2.2012097728756433E9 1.3843088006902194E9 4.820902725615792E8 1.8954732404335802E9 1.5093010326385872E9 2.3436277565309415E9 1.6286351664730208E9 3.085406804789973E9 1.2679889199281406E9 2.0807797725495496E9 1.8710852844625363E9 1.876769502068932E9 2.4607812374742613E9 1.2442489331343155E9 1.851397155554409E9 3.610714095120729E9 3.433363720652868E9 2.571276379414191E9 1.812456823364598E9 1.399088124753624E9 4.4793503391369176E8 3.6786166445186563E9 
1.561938473601895E9 2.5537317057395563E9 2.4854205313941603E9 2.2012097728756433E9 1.3843088006902194E9 4.820902725615792E8 1.794381818764073E9 1.5093010326385872E9 2.3436277565309415E9 1.6286351664730208E9 3.085406804789973E9 1.2679889199281406E9 2.0807797725495496E9 1.8710852844625363E9 1.876769502068932E9 2.4607812374742613E9 1.2442489331343155E9 1.851397155554409E9 3.610714095120729E9 3.433363720652868E9 2.571276379414191E9 1.812456823364598E9 1.399088124753624E9 4.4793503391369176E8 3.6786166445186563E9 
1.561938473601895E9 2.5537317057395563E9 2.4854205313941603E9 2.2012097728756433E9 1.3843088006902194E9 4.820902725615792E8 1.794381818764073E9 1.5093010326385872E9 2.3436277565309415E9 1.6286351664730208E9 3.085406804789973E9 1.2679889199281406E9 2.0807797725495496E9 1.8710852844625363E9 1.876769502068932E9 2.4607812374742613E9 1.2442489331343155E9 1.851397155554409E9 3.610714095120729E9 3.433363720652868E9 2.571276379414191E9 1.812456823364598E9 1.399088124753624E9 4.4793503391369176E8 3.6786166445186563E9 
1.561938473601895E9 2.5537317057395563E9 2.4854205313941603E9 2.2012097728756433E9 1.3843088006902194E9 4.820902725615792E8 1.794381818764073E9 1.5093010326385872E9 2.3436277565309415E9 1.6286351664730208E9 3.085406804789973E9 1.2679889199281406E9 2.0807797725495496E9 1.8710852844625363E9 1.876769502068932E9 2.4607812374742613E9 1.2442489331343155E9 1.851397155554409E9 3.610714095120729E9 3.433363720652868E9 2.571276379414191E9 1.812456823364598E9 1.399088124753624E9 4.4793503391369176E8 3.6786166445186563E9 
1.4779029283724835E9 2.5537317057395563E9 2.4854205313941603E9 2.2012097728756433E9 1.3843088006902194E9 4.820902725615792E8 1.794381818764073E9 1.5093010326385872E9 2.3436277565309415E9 1.6286351664730208E9 3.085406804789973E9 1.2679889199281406E9 2.0807797725495496E9 1.8710852844625363E9 1.876769502068932E9 2.4607812374742613E9 1.2442489331343155E9 1.851397155554409E9 3.610714095120729E9 3.433363720652868E9 2.571276379414191E9 1.812456823364598E9 1.399088124753624E9 4.4793503391369176E8 3.6786166445186563E9 
1.4779029283724835E9 2.5537317057395563E9 2.4854205313941603E9 2.2012097728756433E9 1.3843088006902194E9 4.820902725615792E8 1.794381818764073E9 1.5093010326385872E9 2.3436277565309415E9 1.6286351664730208E9 3.085406804789973E9 1.2679889199281406E9 2.0807797725495496E9 1.8710852844625363E9 1.876769502068932E9 2.4607812374742613E9 1.2442489331343155E9 1.851397155554409E9 3.610714095120729E9 3.433363720652868E9 2.571276379414191E9 1.812456823364598E9 1.399088124753624E9 4.4793503391369176E8 3.6786166445186563E9 
1.4779029283724835E9 2.5537317057395563E9 2.4854205313941603E9 2.2012097728756433E9 1.3843088006902194E9 4.820902725615792E8 1.794381818764073E9 1.5093010326385872E9 2.3436277565309415E9 1.6286351664730208E9 3.085406804789973E9 1.2679889199281406E9 2.0807797725495496E9 1.8710852844625363E9 1.876769502068932E9 2.4607812374742613E9 1.2442489331343155E9 1.851397155554409E9 3.610714095120729E9 3.433363720652868E9 2.571276379414191E9 1.812456823364598E9 1.399088124753624E9 4.4793503391369176E8 3.6786166445186563E9 
1.4779029283724835E9 2.5537317057395563E9 2.4854205313941603E9 2.2012097728756433E9 1.3843088006902194E9 4.820902725615792E8 1.794381818764073E9 1.5093010326385872E9 2.3436277565309415E9 1.6286351664730208E9 3.085406804789973E9 1.2679889199281406E9 2.0807797725495496E9 1.8710852844625363E9 1.876769502068932E9 2.4607812374742613E9 1.2442489331343155E9 1.851397155554409E9 3.610714095120729E9 3.433363720652868E9 2.571276379414191E9 1.812456823364598E9 1.399088124753624E9 4.4793503391369176E8 3.6786166445186563E9 
1.4779029283724835E9 2.5537317057395563E9 2.4854205313941603E9 2.2012097728756433E9 1.3843088006902194E9 4.820902725615792E8 1.794381818764073E9 1.5093010326385872E9 2.3436277565309415E9 1.6286351664730208E9 3.085406804789973E9 1.2679889199281406E9 2.0807797725495496E9 1.8710852844625363E9 1.876769502068932E9 2.4607812374742613E9 1.2442489331343155E9 1.851397155554409E9 3.610714095120729E9 3.433363720652868E9 2.571276379414191E9 1.812456823364598E9 1.399088124753624E9 4.4793503391369176E8 3.6786166445186563E9 
1.4779029283724835E9 2.5537317057395563E9 2.4854205313941603E9 2.2012097728756433E9 1.3843088006902194E9 4.820902725615792E8 1.794381818764073E9 1.5093010326385872E9 2.3436277565309415E9 1.6286351664730208E9 3.085406804789973E9 1.2679889199281406E9 2.0807797725495496E9 1.8710852844625363E9 1.876769502068932E9 2.4607812374742613E9 1.2442489331343155E9 1.851397155554409E9 3.610714095120729E9 3.433363720652868E9 2.571276379414191E9 1.812456823364598E9 1.399088124753624E9 4.4793503391369176E8 3.6786166445186563E9 
1.4779029283724835E9 2.5537317057395563E9 2.4854205313941603E9 2.2012097728756433E9 1.3843088006902194E9 4.820902725615792E8 1.794381818764073E9 1.5093010326385872E9 2.3436277565309415E9 1.6286351664730208E9 3.085406804789973E9 1.2679889199281406E9 2.0807797725495496E9 1.8710852844625363E9 1.876769502068932E9 2.4607812374742613E9 1.2442489331343155E9 1.851397155554409E9 3.610714095120729E9 3.433363720652868E9 2.571276379414191E9 1.812456823364598E9 1.399088124753624E9 4.4793503391369176E8 3.6786166445186563E9 
1.4779029283724835E9 2.5537317057395563E9 2.4854205313941603E9 2.2012097728756433E9 1.3843088006902194E9 4.820902725615792E8 1.794381818764073E9 1.5093010326385872E9 2.3436277565309415E9 1.6286351664730208E9 3.085406804789973E9 1.2679889199281406E9 2.0807797725495496E9 1.8710852844625363E9 1.876769502068932E9 2.4607812374742613E9 1.2442489331343155E9 1.851397155554409E9 3.610714095120729E9 3.433363720652868E9 2.571276379414191E9 1.812456823364598E9 1.399088124753624E9 4.4793503391369176E8 3.6786166445186563E9 
1.4779029283724835E9 2.5537317057395563E9 2.4854205313941603E9 2.2012097728756433E9 1.3843088006902194E9 4.820902725615792E8 1.794381818764073E9 1.5093010326385872E9 2.3436277565309415E9 1.6286351664730208E9 3.085406804789973E9 1.2679889199281406E9 2.0807797725495496E9 1.8710852844625363E9 1.876769502068932E9 2.4607812374742613E9 1.2442489331343155E9 1.851397155554409E9 3.610714095120729E9 3.433363720652868E9 2.571276379414191E9 1.812456823364598E9 1.399088124753624E9 4.4793503391369176E8 3.6786166445186563E9 
1.4779029283724835E9 2.5537317057395563E9 2.4854205313941603E9 2.2012097728756433E9 1.3843088006902194E9 4.820902725615792E8 1.794381818764073E9 1.5093010326385872E9 2.3436277565309415E9 1.6286351664730208E9 3.085406804789973E9 1.2679889199281406E9 2.0807797725495496E9 1.8710852844625363E9 1.876769502068932E9 2.4607812374742613E9 1.2442489331343155E9 1.851397155554409E9 3.610714095120729E9 3.433363720652868E9 2.571276379414191E9 1.812456823364598E9 9.943711877611613E8 4.4793503391369176E8 3.6786166445186563E9 
1.4779029283724835E9 2.5537317057395563E9 2.4854205313941603E9 2.2012097728756433E9 1.3843088006902194E9 4.820902725615792E8 1.794381818764073E9 1.5093010326385872E9 2.3436277565309415E9 1.6286351664730208E9 3.085406804789973E9 1.2679889199281406E9 2.0807797725495496E9 1.8710852844625363E9 1.876769502068932E9 2.383783555700537E9 1.2442489331343155E9 1.851397155554409E9 3.610714095120729E9 3.433363720652868E9 2.571276379414191E9 1.8024692695306888E9 9.943711877611613E8 4.4793503391369176E8 3.6786166445186563E9 
1.4779029283724835E9 2.5537317057395563E9 2.4854205313941603E9 2.2012097728756433E9 1.3843088006902194E9 4.820902725615792E8 1.794381818764073E9 1.5093010326385872E9 2.3436277565309415E9 1.6286351664730208E9 3.085406804789973E9 1.2679889199281406E9 2.0807797725495496E9 1.8710852844625363E9 1.876769502068932E9 2.383783555700537E9 1.2442489331343155E9 1.851397155554409E9 3.610714095120729E9 3.433363720652868E9 2.571276379414191E9 1.8024692695306888E9 9.943711877611613E8 4.4793503391369176E8 3.6786166445186563E9 
1.3871323983971906E9 2.5537317057395563E9 2.4854205313941603E9 2.2012097728756433E9 1.3843088006902194E9 4.820902725615792E8 1.794381818764073E9 1.5093010326385872E9 2.171069100893345E9 1.6286351664730208E9 3.085406804789973E9 1.2679889199281406E9 2.0807797725495496E9 1.8710852844625363E9 1.876769502068932E9 2.383783555700537E9 1.2442489331343155E9 1.851397155554409E9 3.610714095120729E9 3.433363720652868E9 2.571276379414191E9 1.8024692695306888E9 9.943711877611613E8 4.4793503391369176E8 3.6786166445186563E9 
1.3871323983971906E9 2.5537317057395563E9 2.4854205313941603E9 2.2012097728756433E9 1.3843088006902194E9 4.820902725615792E8 1.794381818764073E9 1.5093010326385872E9 2.171069100893345E9 1.6286351664730208E9 2.740300121267998E9 1.2679889199281406E9 2.0807797725495496E9 1.8710852844625363E9 1.876769502068932E9 2.383783555700537E9 1.2442489331343155E9 1.851397155554409E9 3.610714095120729E9 3.433363720652868E9 2.571276379414191E9 1.8024692695306888E9 9.943711877611613E8 4.4793503391369176E8 3.6786166445186563E9 
1.3871323983971906E9 2.5537317057395563E9 2.4854205313941603E9 2.2012097728756433E9 1.3843088006902194E9 4.820902725615792E8 1.794381818764073E9 1.5093010326385872E9 2.171069100893345E9 1.6286351664730208E9 2.740300121267998E9 1.2679889199281406E9 2.0807797725495496E9 1.8710852844625363E9 1.876769502068932E9 2.383783555700537E9 1.2442489331343155E9 1.851397155554409E9 3.610714095120729E9 3.433363720652868E9 2.571276379414191E9 1.8024692695306888E9 9.943711877611613E8 4.4793503391369176E8 3.6786166445186563E9 
1.3871323983971906E9 2.5537317057395563E9 2.4854205313941603E9 2.2012097728756433E9 1.3843088006902194E9 4.820902725615792E8 1.794381818764073E9 1.5093010326385872E9 2.171069100893345E9 1.6286351664730208E9 2.740300121267998E9 1.2679889199281406E9 2.0807797725495496E9 1.8710852844625363E9 1.876769502068932E9 2.383783555700537E9 1.2442489331343155E9 1.851397155554409E9 3.5122940543206263E9 3.433363720652868E9 2.571276379414191E9 1.8024692695306888E9 9.943711877611613E8 4.4793503391369176E8 3.6786166445186563E9 
1.3871323983971906E9 2.5537317057395563E9 2.4854205313941603E9 2.2012097728756433E9 1.3843088006902194E9 4.820902725615792E8 1.794381818764073E9 1.5093010326385872E9 2.171069100893345E9 1.6286351664730208E9 2.740300121267998E9 1.2679889199281406E9 2.0807797725495496E9 1.8710852844625363E9 1.876769502068932E9 2.383783555700537E9 1.2442489331343155E9 1.851397155554409E9 3.5122940543206263E9 3.433363720652868E9 2.571276379414191E9 1.8024692695306888E9 9.943711877611613E8 4.4793503391369176E8 3.6786166445186563E9 
1.3871323983971906E9 2.5537317057395563E9 2.4854205313941603E9 2.2012097728756433E9 1.3843088006902194E9 4.820902725615792E8 1.794381818764073E9 1.5093010326385872E9 2.171069100893345E9 1.6286351664730208E9 2.740300121267998E9 1.0235455965569735E9 2.0807797725495496E9 1.8710852844625363E9 1.876769502068932E9 2.383783555700537E9 1.2442489331343155E9 1.851397155554409E9 3.5122940543206263E9 3.433363720652868E9 2.571276379414191E9 1.8024692695306888E9 9.943711877611613E8 4.4793503391369176E8 3.6786166445186563E9 
1.3871323983971906E9 2.5537317057395563E9 2.4854205313941603E9 2.2012097728756433E9 1.3843088006902194E9 4.820902725615792E8 1.794381818764073E9 1.5093010326385872E9 2.171069100893345E9 1.6286351664730208E9 2.740300121267998E9 1.0235455965569735E9 2.0807797725495496E9 1.8710852844625363E9 1.876769502068932E9 2.383783555700537E9 1.2442489331343155E9 1.851397155554409E9 3.5122940543206263E9 3.433363720652868E9 2.571276379414191E9 1.8024692695306888E9 9.943711877611613E8 4.4793503391369176E8 3.6786166445186563E9 
1.3871323983971906E9 2.5537317057395563E9 2.4854205313941603E9 2.2012097728756433E9 1.3843088006902194E9 4.820902725615792E8 1.794381818764073E9 1.5093010326385872E9 2.171069100893345E9 1.6286351664730208E9 2.740300121267998E9 1.0235455965569735E9 2.0807797725495496E9 1.6199125612992797E9 1.876769502068932E9 2.383783555700537E9 1.2442489331343155E9 1.851397155554409E9 3.5122940543206263E9 3.433363720652868E9 2.571276379414191E9 1.8024692695306888E9 9.943711877611613E8 4.4793503391369176E8 3.6786166445186563E9 
1.3871323983971906E9 2.5537317057395563E9 2.4854205313941603E9 2.2012097728756433E9 1.3843088006902194E9 4.820902725615792E8 1.794381818764073E9 1.5093010326385872E9 2.0852186899982243E9 1.6286351664730208E9 2.740300121267998E9 1.0235455965569735E9 2.0807797725495496E9 1.6199125612992797E9 1.876769502068932E9 2.383783555700537E9 1.2442489331343155E9 1.851397155554409E9 3.5122940543206263E9 3.433363720652868E9 2.571276379414191E9 1.8024692695306888E9 9.943711877611613E8 4.4793503391369176E8 3.6786166445186563E9 
1.3871323983971906E9 2.5537317057395563E9 2.4854205313941603E9 2.2012097728756433E9 1.3843088006902194E9 4.820902725615792E8 1.794381818764073E9 1.5093010326385872E9 2.0852186899982243E9 1.6286351664730208E9 2.740300121267998E9 1.0235455965569735E9 2.0807797725495496E9 1.6199125612992797E9 1.876769502068932E9 2.383783555700537E9 1.2442489331343155E9 1.851397155554409E9 3.5122940543206263E9 3.433363720652868E9 2.571276379414191E9 1.8024692695306888E9 9.943711877611613E8 4.4793503391369176E8 3.6786166445186563E9 
1.3871323983971906E9 2.5537317057395563E9 2.4854205313941603E9 2.2012097728756433E9 1.3843088006902194E9 4.820902725615792E8 1.794381818764073E9 1.5093010326385872E9 2.0852186899982243E9 1.6286351664730208E9 2.740300121267998E9 1.0235455965569735E9 2.0807797725495496E9 1.6199125612992797E9 1.876769502068932E9 2.383783555700537E9 1.2442489331343155E9 1.851397155554409E9 3.5122940543206263E9 3.433363720652868E9 2.571276379414191E9 1.8024692695306888E9 9.943711877611613E8 4.4793503391369176E8 3.6786166445186563E9 
1.3871323983971906E9 2.5537317057395563E9 2.4854205313941603E9 2.2012097728756433E9 1.3843088006902194E9 4.820902725615792E8 1.794381818764073E9 1.5093010326385872E9 2.0852186899982243E9 1.6286351664730208E9 2.740300121267998E9 1.0235455965569735E9 2.0807797725495496E9 1.6199125612992797E9 1.876769502068932E9 2.383783555700537E9 1.2442489331343155E9 1.851397155554409E9 3.5122940543206263E9 3.433363720652868E9 2.571276379414191E9 1.8024692695306888E9 9.943711877611613E8 4.4793503391369176E8 3.6786166445186563E9 
1.3871323983971906E9 2.5537317057395563E9 2.4854205313941603E9 2.2012097728756433E9 1.3843088006902194E9 4.820902725615792E8 1.794381818764073E9 1.5093010326385872E9 2.0852186899982243E9 1.6286351664730208E9 2.740300121267998E9 1.0235455965569735E9 2.0807797725495496E9 1.6199125612992797E9 1.876769502068932E9 2.383783555700537E9 1.2442489331343155E9 1.851397155554409E9 3.5122940543206263E9 3.433363720652868E9 2.571276379414191E9 1.8024692695306888E9 9.943711877611613E8 4.4793503391369176E8 3.6786166445186563E9 
1.3871323983971906E9 2.5537317057395563E9 2.4854205313941603E9 2.2012097728756433E9 1.3843088006902194E9 4.820902725615792E8 1.794381818764073E9 1.5093010326385872E9 2.0852186899982243E9 1.6286351664730208E9 2.740300121267998E9 1.0235455965569735E9 2.0807797725495496E9 1.6199125612992797E9 1.876769502068932E9 2.383783555700537E9 1.2442489331343155E9 1.851397155554409E9 3.5122940543206263E9 3.433363720652868E9 2.571276379414191E9 1.8024692695306888E9 9.943711877611613E8 4.4793503391369176E8 3.6786166445186563E9 
1.3871323983971906E9 2.5537317057395563E9 2.4854205313941603E9 2.2012097728756433E9 1.3843088006902194E9 4.820902725615792E8 1.794381818764073E9 1.5093010326385872E9 2.0852186899982243E9 1.6286351664730208E9 2.740300121267998E9 1.0235455965569735E9 2.0807797725495496E9 1.6199125612992797E9 1.876769502068932E9 2.383783555700537E9 1.2442489331343155E9 1.851397155554409E9 3.5122940543206263E9 3.433363720652868E9 2.571276379414191E9 1.8024692695306888E9 9.943711877611613E8 4.4793503391369176E8 3.6786166445186563E9 
1.3871323983971906E9 2.5537317057395563E9 2.4854205313941603E9 2.2012097728756433E9 1.3843088006902194E9 4.820902725615792E8 1.794381818764073E9 1.5093010326385872E9 2.0852186899982243E9 1.6286351664730208E9 2.740300121267998E9 1.0235455965569735E9 2.0807797725495496E9 1.6199125612992797E9 1.876769502068932E9 2.383783555700537E9 1.2442489331343155E9 1.851397155554409E9 3.5122940543206263E9 3.433363720652868E9 2.571276379414191E9 1.8024692695306888E9 9.943711877611613E8 4.4793503391369176E8 3.6786166445186563E9 
1.3871323983971906E9 2.5537317057395563E9 2.4854205313941603E9 2.2012097728756433E9 1.3843088006902194E9 4.820902725615792E8 1.794381818764073E9 1.5093010326385872E9 2.0852186899982243E9 1.6286351664730208E9 2.740300121267998E9 1.0235455965569735E9 2.0807797725495496E9 1.6199125612992797E9 1.876769502068932E9 2.383783555700537E9 1.2442489331343155E9 1.851397155554409E9 3.5122940543206263E9 3.433363720652868E9 2.571276379414191E9 1.8024692695306888E9 9.943711877611613E8 4.4793503391369176E8 3.6786166445186563E9 
1.3871323983971906E9 2.5537317057395563E9 2.4854205313941603E9 2.2012097728756433E9 1.3843088006902194E9 4.820902725615792E8 1.794381818764073E9 1.5093010326385872E9 2.0852186899982243E9 1.6286351664730208E9 2.740300121267998E9 1.0235455965569735E9 2.0807797725495496E9 1.6199125612992797E9 1.876769502068932E9 2.383783555700537E9 1.2442489331343155E9 1.851397155554409E9 3.5122940543206263E9 3.433363720652868E9 2.571276379414191E9 1.8024692695306888E9 9.943711877611613E8 4.4793503391369176E8 3.5556673224699373E9 
1.3871323983971906E9 2.5537317057395563E9 2.4854205313941603E9 2.2012097728756433E9 1.3843088006902194E9 4.820902725615792E8 1.794381818764073E9 1.5093010326385872E9 2.0852186899982243E9 1.6286351664730208E9 2.740300121267998E9 1.0235455965569735E9 2.0807797725495496E9 1.6199125612992797E9 1.876769502068932E9 2.383783555700537E9 1.2442489331343155E9 1.851397155554409E9 3.5122940543206263E9 3.433363720652868E9 2.571276379414191E9 1.8024692695306888E9 9.943711877611613E8 4.4793503391369176E8 3.5556673224699373E9 
1.3871323983971906E9 2.5537317057395563E9 2.4854205313941603E9 2.2012097728756433E9 1.3843088006902194E9 4.820902725615792E8 1.794381818764073E9 1.5093010326385872E9 2.0852186899982243E9 1.6286351664730208E9 2.740300121267998E9 1.0235455965569735E9 2.0807797725495496E9 1.6199125612992797E9 1.876769502068932E9 2.383783555700537E9 1.2442489331343155E9 1.851397155554409E9 3.5122940543206263E9 3.433363720652868E9 2.571276379414191E9 1.8024692695306888E9 9.943711877611613E8 4.4793503391369176E8 3.5556673224699373E9 
1.3871323983971906E9 2.5537317057395563E9 2.4854205313941603E9 2.2012097728756433E9 1.3843088006902194E9 4.820902725615792E8 1.794381818764073E9 1.5093010326385872E9 2.0852186899982243E9 1.6286351664730208E9 2.740300121267998E9 1.0235455965569735E9 2.0807797725495496E9 1.6199125612992797E9 1.876769502068932E9 2.383783555700537E9 1.2442489331343155E9 1.851397155554409E9 3.5122940543206263E9 3.433363720652868E9 2.571276379414191E9 1.8024692695306888E9 9.943711877611613E8 4.4793503391369176E8 3.5556673224699373E9 
1.3871323983971906E9 2.5537317057395563E9 2.4854205313941603E9 2.2012097728756433E9 1.3843088006902194E9 4.820902725615792E8 1.794381818764073E9 1.5093010326385872E9 2.0852186899982243E9 1.6286351664730208E9 2.740300121267998E9 1.0235455965569735E9 2.0807797725495496E9 1.6199125612992797E9 1.876769502068932E9 2.383783555700537E9 1.2442489331343155E9 1.851397155554409E9 3.5122940543206263E9 3.433363720652868E9 2.571276379414191E9 1.8024692695306888E9 9.943711877611613E8 4.4793503391369176E8 3.5556673224699373E9 
1.3871323983971906E9 2.5537317057395563E9 2.4854205313941603E9 2.2012097728756433E9 1.3843088006902194E9 4.820902725615792E8 1.794381818764073E9 1.5093010326385872E9 2.0852186899982243E9 1.6286351664730208E9 2.740300121267998E9 1.0235455965569735E9 2.0807797725495496E9 1.6199125612992797E9 1.876769502068932E9 2.383783555700537E9 1.2442489331343155E9 1.851397155554409E9 3.5122940543206263E9 3.433363720652868E9 2.571276379414191E9 1.8024692695306888E9 9.943711877611613E8 4.4793503391369176E8 3.5556673224699373E9 
1.3871323983971906E9 2.5537317057395563E9 2.4854205313941603E9 2.2012097728756433E9 1.3843088006902194E9 4.820902725615792E8 1.794381818764073E9 1.5093010326385872E9 2.0852186899982243E9 1.6286351664730208E9 2.740300121267998E9 1.0235455965569735E9 2.0807797725495496E9 1.6199125612992797E9 1.876769502068932E9 2.383783555700537E9 1.2442489331343155E9 1.851397155554409E9 3.5122940543206263E9 3.433363720652868E9 2.571276379414191E9 1.8024692695306888E9 9.943711877611613E8 4.4793503391369176E8 3.5556673224699373E9 
1.3871323983971906E9 2.5537317057395563E9 2.4854205313941603E9 2.2012097728756433E9 1.3843088006902194E9 4.820902725615792E8 1.794381818764073E9 1.5093010326385872E9 2.0852186899982243E9 1.6286351664730208E9 2.740300121267998E9 1.0235455965569735E9 2.0807797725495496E9 1.6199125612992797E9 1.876769502068932E9 2.383783555700537E9 1.2442489331343155E9 1.851397155554409E9 3.5122940543206263E9 3.433363720652868E9 2.571276379414191E9 1.8024692695306888E9 9.943711877611613E8 4.4793503391369176E8 3.5556673224699373E9 
1.3871323983971906E9 2.5537317057395563E9 2.4854205313941603E9 2.2012097728756433E9 1.3843088006902194E9 4.820902725615792E8 1.794381818764073E9 1.5093010326385872E9 2.0852186899982243E9 1.6286351664730208E9 2.740300121267998E9 1.0235455965569735E9 2.0018331332304265E9 1.6199125612992797E9 1.876769502068932E9 2.383783555700537E9 1.2442489331343155E9 1.851397155554409E9 3.5122940543206263E9 3.433363720652868E9 2.571276379414191E9 1.8024692695306888E9 9.943711877611613E8 4.4793503391369176E8 3.5556673224699373E9 
1.3871323983971906E9 2.5537317057395563E9 2.4854205313941603E9 2.2012097728756433E9 1.3843088006902194E9 4.820902725615792E8 1.794381818764073E9 1.5093010326385872E9 2.0852186899982243E9 1.6286351664730208E9 2.740300121267998E9 1.0235455965569735E9 2.0018331332304265E9 1.6199125612992797E9 1.876769502068932E9 2.383783555700537E9 1.2442489331343155E9 1.851397155554409E9 3.5122940543206263E9 3.433363720652868E9 2.571276379414191E9 1.8024692695306888E9 9.943711877611613E8 4.4793503391369176E8 3.5556673224699373E9 
1.3871323983971906E9 2.5537317057395563E9 2.4854205313941603E9 2.2012097728756433E9 1.3843088006902194E9 4.820902725615792E8 1.794381818764073E9 1.5093010326385872E9 2.0852186899982243E9 1.6286351664730208E9 2.740300121267998E9 1.0235455965569735E9 2.0018331332304265E9 1.6199125612992797E9 1.876769502068932E9 2.383783555700537E9 1.2442489331343155E9 1.851397155554409E9 3.5122940543206263E9 3.433363720652868E9 2.571276379414191E9 1.8024692695306888E9 9.943711877611613E8 4.4793503391369176E8 3.5556673224699373E9 
1.3871323983971906E9 2.5537317057395563E9 2.4854205313941603E9 2.2012097728756433E9 1.3843088006902194E9 4.820902725615792E8 1.794381818764073E9 1.5093010326385872E9 2.0852186899982243E9 1.6286351664730208E9 2.740300121267998E9 1.0235455965569735E9 2.0018331332304265E9 1.6199125612992797E9 1.876769502068932E9 2.383783555700537E9 1.2442489331343155E9 1.851397155554409E9 3.5122940543206263E9 3.433363720652868E9 2.571276379414191E9 1.8024692695306888E9 9.943711877611613E8 4.4793503391369176E8 3.5556673224699373E9 
1.3871323983971906E9 2.5537317057395563E9 2.4854205313941603E9 2.2012097728756433E9 1.3843088006902194E9 4.820902725615792E8 1.794381818764073E9 1.5093010326385872E9 2.0852186899982243E9 1.6286351664730208E9 2.740300121267998E9 1.0235455965569735E9 2.0018331332304265E9 1.6199125612992797E9 1.876769502068932E9 2.383783555700537E9 1.2442489331343155E9 1.851397155554409E9 3.5122940543206263E9 3.433363720652868E9 2.571276379414191E9 1.8024692695306888E9 9.943711877611613E8 4.4793503391369176E8 3.5556673224699373E9 
1.3871323983971906E9 2.5537317057395563E9 2.4854205313941603E9 2.2012097728756433E9 1.3843088006902194E9 4.820902725615792E8 1.794381818764073E9 1.5093010326385872E9 2.0852186899982243E9 1.6286351664730208E9 2.740300121267998E9 1.0235455965569735E9 2.0018331332304265E9 1.6199125612992797E9 1.876769502068932E9 2.383783555700537E9 1.2442489331343155E9 1.851397155554409E9 3.5122940543206263E9 3.433363720652868E9 2.571276379414191E9 1.8024692695306888E9 9.943711877611613E8 4.4793503391369176E8 3.5556673224699373E9 
1.3871323983971906E9 2.5537317057395563E9 2.4854205313941603E9 2.2012097728756433E9 1.3843088006902194E9 4.820902725615792E8 1.794381818764073E9 1.5093010326385872E9 2.0852186899982243E9 1.6286351664730208E9 2.740300121267998E9 1.0235455965569735E9 2.0018331332304265E9 1.6199125612992797E9 1.876769502068932E9 2.383783555700537E9 1.2442489331343155E9 1.851397155554409E9 3.5122940543206263E9 3.433363720652868E9 2.571276379414191E9 1.8024692695306888E9 9.943711877611613E8 4.4793503391369176E8 3.5556673224699373E9 
1.3871323983971906E9 2.156350789504556E9 2.4854205313941603E9 2.2012097728756433E9 1.3843088006902194E9 4.820902725615792E8 1.794381818764073E9 1.5093010326385872E9 2.0852186899982243E9 1.6286351664730208E9 2.740300121267998E9 1.0235455965569735E9 2.0018331332304265E9 1.6199125612992797E9 1.876769502068932E9 2.383783555700537E9 1.2442489331343155E9 1.851397155554409E9 3.5122940543206263E9 3.433363720652868E9 2.571276379414191E9 1.8024692695306888E9 9.943711877611613E8 4.4793503391369176E8 3.5556673224699373E9 
1.3871323983971906E9 2.156350789504556E9 2.4854205313941603E9 2.2012097728756433E9 1.3843088006902194E9 4.820902725615792E8 1.794381818764073E9 1.5093010326385872E9 2.0852186899982243E9 1.6286351664730208E9 2.740300121267998E9 1.0235455965569735E9 2.0018331332304265E9 1.6199125612992797E9 1.876769502068932E9 2.383783555700537E9 1.2442489331343155E9 1.851397155554409E9 3.5122940543206263E9 3.433363720652868E9 2.571276379414191E9 1.8024692695306888E9 9.943711877611613E8 4.4793503391369176E8 3.5556673224699373E9 
1.3871323983971906E9 2.156350789504556E9 2.4854205313941603E9 2.2012097728756433E9 1.3843088006902194E9 4.820902725615792E8 1.794381818764073E9 1.5093010326385872E9 2.0852186899982243E9 1.6286351664730208E9 2.740300121267998E9 1.0235455965569735E9 2.0018331332304265E9 1.6199125612992797E9 1.876769502068932E9 2.383783555700537E9 1.2442489331343155E9 1.851397155554409E9 3.5122940543206263E9 3.433363720652868E9 2.571276379414191E9 1.8024692695306888E9 9.943711877611613E8 4.4793503391369176E8 3.5556673224699373E9 
1.3871323983971906E9 2.156350789504556E9 2.4854205313941603E9 2.2012097728756433E9 1.3843088006902194E9 4.820902725615792E8 1.794381818764073E9 1.5093010326385872E9 2.0852186899982243E9 1.6286351664730208E9 2.740300121267998E9 1.0235455965569735E9 2.0018331332304265E9 1.6199125612992797E9 1.876769502068932E9 2.383783555700537E9 1.2442489331343155E9 1.851397155554409E9 3.5122940543206263E9 3.433363720652868E9 2.571276379414191E9 1.8024692695306888E9 9.943711877611613E8 4.4793503391369176E8 3.5556673224699373E9 
1.3871323983971906E9 2.156350789504556E9 2.4854205313941603E9 2.2012097728756433E9 1.3843088006902194E9 4.820902725615792E8 1.794381818764073E9 1.5093010326385872E9 2.0852186899982243E9 1.6286351664730208E9 2.740300121267998E9 1.0235455965569735E9 2.0018331332304265E9 1.6199125612992797E9 1.876769502068932E9 2.383783555700537E9 1.2442489331343155E9 1.851397155554409E9 3.5122940543206263E9 3.433363720652868E9 2.571276379414191E9 1.8024692695306888E9 9.943711877611613E8 4.4793503391369176E8 3.5556673224699373E9 
1.3871323983971906E9 2.156350789504556E9 2.4854205313941603E9 2.2012097728756433E9 1.3843088006902194E9 4.820902725615792E8 1.794381818764073E9 1.5093010326385872E9 2.0852186899982243E9 1.6286351664730208E9 2.740300121267998E9 1.0235455965569735E9 2.0018331332304265E9 1.6199125612992797E9 1.876769502068932E9 2.383783555700537E9 1.2442489331343155E9 1.851397155554409E9 3.5122940543206263E9 3.433363720652868E9 2.571276379414191E9 1.8024692695306888E9 9.943711877611613E8 4.4793503391369176E8 3.5556673224699373E9 
1.3871323983971906E9 2.156350789504556E9 2.4854205313941603E9 2.2012097728756433E9 1.3843088006902194E9 4.820902725615792E8 1.794381818764073E9 1.5093010326385872E9 2.0852186899982243E9 1.6286351664730208E9 2.740300121267998E9 1.0235455965569735E9 2.0018331332304265E9 1.6199125612992797E9 1.876769502068932E9 2.383783555700537E9 1.2442489331343155E9 1.851397155554409E9 3.5122940543206263E9 3.433363720652868E9 2.571276379414191E9 1.8024692695306888E9 9.943711877611613E8 4.4793503391369176E8 3.5556673224699373E9 
1.3871323983971906E9 2.156350789504556E9 2.4854205313941603E9 2.2012097728756433E9 1.3843088006902194E9 4.820902725615792E8 1.794381818764073E9 1.5093010326385872E9 2.0852186899982243E9 1.6286351664730208E9 2.740300121267998E9 1.0235455965569735E9 2.0018331332304265E9 1.6199125612992797E9 1.876769502068932E9 2.383783555700537E9 1.2442489331343155E9 1.851397155554409E9 3.5122940543206263E9 3.433363720652868E9 2.571276379414191E9 1.8024692695306888E9 9.943711877611613E8 4.4793503391369176E8 3.5556673224699373E9 
1.3871323983971906E9 2.156350789504556E9 2.4854205313941603E9 2.2012097728756433E9 1.3843088006902194E9 4.820902725615792E8 1.794381818764073E9 1.5093010326385872E9 2.0852186899982243E9 1.6286351664730208E9 2.740300121267998E9 1.0235455965569735E9 2.0018331332304265E9 1.6199125612992797E9 1.876769502068932E9 2.383783555700537E9 1.2442489331343155E9 1.851397155554409E9 3.5122940543206263E9 3.433363720652868E9 2.571276379414191E9 1.8024692695306888E9 9.943711877611613E8 4.4793503391369176E8 3.5556673224699373E9 
1.3871323983971906E9 2.156350789504556E9 2.4854205313941603E9 2.2012097728756433E9 1.3843088006902194E9 4.820902725615792E8 1.794381818764073E9 1.5093010326385872E9 2.0852186899982243E9 1.6286351664730208E9 2.740300121267998E9 1.0235455965569735E9 2.0018331332304265E9 1.6199125612992797E9 1.876769502068932E9 2.383783555700537E9 1.2442489331343155E9 1.851397155554409E9 3.5122940543206263E9 3.433363720652868E9 2.571276379414191E9 1.8024692695306888E9 9.943711877611613E8 4.4793503391369176E8 3.5556673224699373E9 
1.3871323983971906E9 2.156350789504556E9 2.4854205313941603E9 2.2012097728756433E9 1.3843088006902194E9 4.820902725615792E8 1.794381818764073E9 1.5093010326385872E9 2.0852186899982243E9 1.6286351664730208E9 2.740300121267998E9 1.0235455965569735E9 2.0018331332304265E9 1.6199125612992797E9 1.876769502068932E9 2.383783555700537E9 1.2442489331343155E9 1.851397155554409E9 3.5122940543206263E9 3.433363720652868E9 2.571276379414191E9 1.8024692695306888E9 9.943711877611613E8 4.4793503391369176E8 3.5556673224699373E9 
1.3871323983971906E9 2.156350789504556E9 2.4854205313941603E9 2.2012097728756433E9 1.3843088006902194E9 4.820902725615792E8 1.794381818764073E9 1.5093010326385872E9 2.0852186899982243E9 1.6286351664730208E9 2.740300121267998E9 1.0235455965569735E9 2.0018331332304265E9 1.6199125612992797E9 1.876769502068932E9 2.383783555700537E9 1.2442489331343155E9 1.851397155554409E9 3.5122940543206263E9 3.433363720652868E9 2.571276379414191E9 1.8024692695306888E9 9.943711877611613E8 4.4793503391369176E8 3.5556673224699373E9 
1.3871323983971906E9 2.156350789504556E9 2.4854205313941603E9 2.2012097728756433E9 1.3843088006902194E9 4.820902725615792E8 1.794381818764073E9 1.5093010326385872E9 2.0852186899982243E9 1.6286351664730208E9 2.740300121267998E9 1.0235455965569735E9 2.0018331332304265E9 1.6199125612992797E9 1.876769502068932E9 2.383783555700537E9 1.2442489331343155E9 1.851397155554409E9 3.5122940543206263E9 3.433363720652868E9 2.571276379414191E9 1.8024692695306888E9 9.943711877611613E8 4.4793503391369176E8 3.5556673224699373E9 
1.3871323983971906E9 2.156350789504556E9 2.4854205313941603E9 2.2012097728756433E9 1.3843088006902194E9 4.820902725615792E8 1.794381818764073E9 1.5093010326385872E9 2.0852186899982243E9 1.6286351664730208E9 2.740300121267998E9 1.0235455965569735E9 2.0018331332304265E9 1.6199125612992797E9 1.876769502068932E9 2.383783555700537E9 1.2442489331343155E9 1.851397155554409E9 3.5122940543206263E9 3.433363720652868E9 2.571276379414191E9 1.8024692695306888E9 9.943711877611613E8 4.4793503391369176E8 3.5556673224699373E9 
1.3871323983971906E9 2.156350789504556E9 2.4854205313941603E9 2.2012097728756433E9 1.3160897527746942E9 4.820902725615792E8 1.794381818764073E9 1.5093010326385872E9 2.0852186899982243E9 1.6286351664730208E9 2.740300121267998E9 1.0235455965569735E9 2.0018331332304265E9 1.6199125612992797E9 1.876769502068932E9 2.383783555700537E9 1.2442489331343155E9 1.851397155554409E9 3.5122940543206263E9 3.433363720652868E9 2.571276379414191E9 1.8024692695306888E9 9.943711877611613E8 4.4793503391369176E8 3.5556673224699373E9 
1.3871323983971906E9 2.156350789504556E9 2.4854205313941603E9 2.2012097728756433E9 1.3160897527746942E9 4.820902725615792E8 1.794381818764073E9 1.5093010326385872E9 2.0852186899982243E9 1.6286351664730208E9 2.740300121267998E9 1.0235455965569735E9 2.0018331332304265E9 1.6199125612992797E9 1.876769502068932E9 2.383783555700537E9 1.2442489331343155E9 1.851397155554409E9 3.5122940543206263E9 3.433363720652868E9 2.571276379414191E9 1.8024692695306888E9 9.943711877611613E8 4.4793503391369176E8 3.5556673224699373E9 
1.3871323983971906E9 2.156350789504556E9 2.4854205313941603E9 2.2012097728756433E9 1.3160897527746942E9 4.820902725615792E8 1.794381818764073E9 1.5093010326385872E9 2.0852186899982243E9 1.6286351664730208E9 2.740300121267998E9 1.0235455965569735E9 2.0018331332304265E9 1.6199125612992797E9 1.876769502068932E9 2.383783555700537E9 1.2442489331343155E9 1.851397155554409E9 3.5122940543206263E9 3.433363720652868E9 2.571276379414191E9 1.8024692695306888E9 9.943711877611613E8 4.4793503391369176E8 3.5556673224699373E9 
1.3871323983971906E9 2.156350789504556E9 2.4854205313941603E9 2.2012097728756433E9 1.3160897527746942E9 4.820902725615792E8 1.794381818764073E9 1.5093010326385872E9 2.0852186899982243E9 1.6286351664730208E9 2.740300121267998E9 1.0235455965569735E9 2.0018331332304265E9 1.6199125612992797E9 1.876769502068932E9 2.383783555700537E9 1.2442489331343155E9 1.851397155554409E9 3.5122940543206263E9 3.433363720652868E9 2.571276379414191E9 1.8024692695306888E9 9.943711877611613E8 4.4793503391369176E8 3.5556673224699373E9 
1.3871323983971906E9 2.156350789504556E9 2.4854205313941603E9 2.2012097728756433E9 1.3160897527746942E9 4.820902725615792E8 1.794381818764073E9 1.5093010326385872E9 2.0852186899982243E9 1.6286351664730208E9 2.740300121267998E9 1.0235455965569735E9 2.0018331332304265E9 1.6199125612992797E9 1.876769502068932E9 2.383783555700537E9 1.2442489331343155E9 1.851397155554409E9 3.5122940543206263E9 3.433363720652868E9 2.571276379414191E9 1.8024692695306888E9 9.943711877611613E8 4.4793503391369176E8 3.5556673224699373E9 
1.3871323983971906E9 2.156350789504556E9 2.4854205313941603E9 2.2012097728756433E9 1.3160897527746942E9 4.820902725615792E8 1.794381818764073E9 1.5093010326385872E9 2.0852186899982243E9 1.6286351664730208E9 2.740300121267998E9 1.0235455965569735E9 2.0018331332304265E9 1.6199125612992797E9 1.876769502068932E9 2.383783555700537E9 1.2442489331343155E9 1.851397155554409E9 3.5122940543206263E9 3.433363720652868E9 2.571276379414191E9 1.8024692695306888E9 9.943711877611613E8 4.4793503391369176E8 3.5556673224699373E9 
1.3871323983971906E9 2.156350789504556E9 2.4854205313941603E9 2.2012097728756433E9 1.3160897527746942E9 4.820902725615792E8 1.794381818764073E9 1.5093010326385872E9 2.0852186899982243E9 1.6286351664730208E9 2.740300121267998E9 1.0235455965569735E9 2.0018331332304265E9 1.6199125612992797E9 1.876769502068932E9 2.383783555700537E9 1.2442489331343155E9 1.851397155554409E9 3.5122940543206263E9 3.433363720652868E9 2.571276379414191E9 1.8024692695306888E9 9.943711877611613E8 4.4793503391369176E8 3.5556673224699373E9 
1.3871323983971906E9 2.156350789504556E9 2.4854205313941603E9 2.2012097728756433E9 1.3160897527746942E9 4.820902725615792E8 1.794381818764073E9 1.5093010326385872E9 2.0852186899982243E9 1.4463288604751973E9 2.740300121267998E9 1.0235455965569735E9 2.0018331332304265E9 1.6199125612992797E9 1.876769502068932E9 2.383783555700537E9 1.2442489331343155E9 1.851397155554409E9 3.5122940543206263E9 3.433363720652868E9 2.571276379414191E9 1.8024692695306888E9 9.943711877611613E8 4.4793503391369176E8 3.5556673224699373E9 
1.3871323983971906E9 2.156350789504556E9 2.4854205313941603E9 2.2012097728756433E9 1.3160897527746942E9 4.820902725615792E8 1.794381818764073E9 1.5093010326385872E9 2.0852186899982243E9 1.4463288604751973E9 2.740300121267998E9 1.0235455965569735E9 2.0018331332304265E9 1.6199125612992797E9 1.876769502068932E9 2.383783555700537E9 1.2442489331343155E9 1.851397155554409E9 3.5122940543206263E9 3.433363720652868E9 2.571276379414191E9 1.8024692695306888E9 9.943711877611613E8 4.4793503391369176E8 3.5556673224699373E9 
1.3871323983971906E9 2.156350789504556E9 2.4854205313941603E9 2.2012097728756433E9 1.3160897527746942E9 4.820902725615792E8 1.794381818764073E9 1.5093010326385872E9 2.0852186899982243E9 1.4463288604751973E9 2.740300121267998E9 1.0235455965569735E9 2.0018331332304265E9 1.6199125612992797E9 1.876769502068932E9 2.383783555700537E9 1.2442489331343155E9 1.851397155554409E9 3.5122940543206263E9 3.433363720652868E9 2.571276379414191E9 1.8024692695306888E9 9.943711877611613E8 4.4793503391369176E8 3.5556673224699373E9 
1.3871323983971906E9 2.156350789504556E9 2.4854205313941603E9 2.2012097728756433E9 1.3160897527746942E9 4.820902725615792E8 1.794381818764073E9 1.5093010326385872E9 2.0852186899982243E9 1.4463288604751973E9 2.740300121267998E9 1.0235455965569735E9 2.0018331332304265E9 1.6199125612992797E9 1.876769502068932E9 2.383783555700537E9 1.2442489331343155E9 1.851397155554409E9 3.5122940543206263E9 3.433363720652868E9 2.571276379414191E9 1.8024692695306888E9 9.943711877611613E8 4.4793503391369176E8 3.5556673224699373E9 
1.3871323983971906E9 2.156350789504556E9 2.4854205313941603E9 2.2012097728756433E9 1.3160897527746942E9 4.820902725615792E8 1.794381818764073E9 1.5093010326385872E9 2.0852186899982243E9 1.4463288604751973E9 2.740300121267998E9 1.0235455965569735E9 2.0018331332304265E9 1.6199125612992797E9 1.876769502068932E9 2.383783555700537E9 1.2442489331343155E9 1.851397155554409E9 3.5122940543206263E9 3.433363720652868E9 2.571276379414191E9 1.8024692695306888E9 9.943711877611613E8 4.4793503391369176E8 3.5556673224699373E9 
1.3871323983971906E9 2.156350789504556E9 2.4854205313941603E9 2.2012097728756433E9 1.3160897527746942E9 4.820902725615792E8 1.794381818764073E9 1.5093010326385872E9 2.0852186899982243E9 1.4463288604751973E9 2.740300121267998E9 1.0235455965569735E9 2.0018331332304265E9 1.6199125612992797E9 1.876769502068932E9 2.383783555700537E9 1.2442489331343155E9 1.851397155554409E9 3.5122940543206263E9 3.433363720652868E9 2.571276379414191E9 1.8024692695306888E9 9.943711877611613E8 4.4793503391369176E8 3.5556673224699373E9 
1.3871323983971906E9 2.156350789504556E9 2.4854205313941603E9 2.2012097728756433E9 1.3160897527746942E9 4.820902725615792E8 1.794381818764073E9 1.5093010326385872E9 2.0852186899982243E9 1.4463288604751973E9 2.740300121267998E9 1.0235455965569735E9 2.0018331332304265E9 1.6199125612992797E9 1.876769502068932E9 2.383783555700537E9 1.2442489331343155E9 1.851397155554409E9 3.5122940543206263E9 3.433363720652868E9 2.571276379414191E9 1.8024692695306888E9 9.943711877611613E8 4.4793503391369176E8 3.5556673224699373E9 
1.3871323983971906E9 2.156350789504556E9 2.4854205313941603E9 2.2012097728756433E9 1.3160897527746942E9 4.820902725615792E8 1.794381818764073E9 1.5093010326385872E9 2.0852186899982243E9 1.4463288604751973E9 2.740300121267998E9 1.0235455965569735E9 2.0018331332304265E9 1.6199125612992797E9 1.876769502068932E9 2.383783555700537E9 1.2442489331343155E9 1.851397155554409E9 3.5122940543206263E9 3.433363720652868E9 2.571276379414191E9 1.8024692695306888E9 9.943711877611613E8 4.4793503391369176E8 3.5556673224699373E9 
1.3871323983971906E9 2.156350789504556E9 2.4854205313941603E9 2.2012097728756433E9 1.3160897527746942E9 4.820902725615792E8 1.794381818764073E9 1.5093010326385872E9 2.0852186899982243E9 1.4463288604751973E9 2.740300121267998E9 1.0235455965569735E9 2.0018331332304265E9 1.6199125612992797E9 1.876769502068932E9 2.383783555700537E9 1.2442489331343155E9 1.851397155554409E9 3.5122940543206263E9 3.433363720652868E9 2.571276379414191E9 1.8024692695306888E9 9.943711877611613E8 4.4793503391369176E8 3.5556673224699373E9 
1.3871323983971906E9 2.156350789504556E9 2.4854205313941603E9 2.2012097728756433E9 1.3160897527746942E9 4.820902725615792E8 1.794381818764073E9 1.5093010326385872E9 2.0852186899982243E9 1.4463288604751973E9 2.740300121267998E9 1.0235455965569735E9 2.0018331332304265E9 1.6199125612992797E9 1.876769502068932E9 2.383783555700537E9 1.2442489331343155E9 1.851397155554409E9 3.5122940543206263E9 3.433363720652868E9 2.571276379414191E9 1.8024692695306888E9 9.943711877611613E8 4.4793503391369176E8 3.5556673224699373E9 
1.3871323983971906E9 2.156350789504556E9 2.4854205313941603E9 2.2012097728756433E9 1.3160897527746942E9 4.820902725615792E8 1.794381818764073E9 1.5093010326385872E9 2.0852186899982243E9 1.4463288604751973E9 2.740300121267998E9 1.0235455965569735E9 2.0018331332304265E9 1.6199125612992797E9 1.876769502068932E9 2.383783555700537E9 1.2442489331343155E9 1.851397155554409E9 3.5122940543206263E9 3.433363720652868E9 2.571276379414191E9 1.8024692695306888E9 9.943711877611613E8 4.4793503391369176E8 3.5556673224699373E9 
1.3871323983971906E9 2.156350789504556E9 2.4854205313941603E9 2.2012097728756433E9 1.3160897527746942E9 4.820902725615792E8 1.794381818764073E9 1.5093010326385872E9 2.0852186899982243E9 1.4463288604751973E9 2.740300121267998E9 1.0235455965569735E9 2.0018331332304265E9 1.6199125612992797E9 1.876769502068932E9 2.383783555700537E9 1.2442489331343155E9 1.851397155554409E9 3.5122940543206263E9 3.433363720652868E9 2.571276379414191E9 1.8024692695306888E9 9.943711877611613E8 4.4793503391369176E8 3.5556673224699373E9 
1.3871323983971906E9 2.156350789504556E9 2.4854205313941603E9 2.2012097728756433E9 1.3160897527746942E9 4.820902725615792E8 1.794381818764073E9 1.5093010326385872E9 2.0852186899982243E9 1.4463288604751973E9 2.740300121267998E9 1.0235455965569735E9 2.0018331332304265E9 1.6199125612992797E9 1.876769502068932E9 2.383783555700537E9 1.2442489331343155E9 1.851397155554409E9 3.5122940543206263E9 3.433363720652868E9 2.571276379414191E9 1.8024692695306888E9 9.943711877611613E8 4.4793503391369176E8 3.5556673224699373E9 
1.3871323983971906E9 2.156350789504556E9 2.4854205313941603E9 2.2012097728756433E9 1.3160897527746942E9 4.820902725615792E8 1.794381818764073E9 1.5093010326385872E9 2.0852186899982243E9 1.4463288604751973E9 2.740300121267998E9 1.0235455965569735E9 2.0018331332304265E9 1.6199125612992797E9 1.876769502068932E9 2.383783555700537E9 1.2442489331343155E9 1.851397155554409E9 3.5122940543206263E9 3.433363720652868E9 2.571276379414191E9 1.8024692695306888E9 9.943711877611613E8 4.4793503391369176E8 3.5556673224699373E9 
1.3871323983971906E9 2.156350789504556E9 2.4854205313941603E9 2.2012097728756433E9 1.3160897527746942E9 4.820902725615792E8 1.794381818764073E9 1.5093010326385872E9 2.0852186899982243E9 1.4463288604751973E9 2.740300121267998E9 1.0235455965569735E9 2.0018331332304265E9 1.6199125612992797E9 1.876769502068932E9 2.383783555700537E9 1.2442489331343155E9 1.851397155554409E9 3.3485046462762556E9 3.433363720652868E9 2.571276379414191E9 1.8024692695306888E9 9.943711877611613E8 4.4793503391369176E8 3.5556673224699373E9 
1.3871323983971906E9 1.4865823939313898E9 2.4854205313941603E9 2.2012097728756433E9 1.3160897527746942E9 4.820902725615792E8 1.794381818764073E9 1.5093010326385872E9 2.0852186899982243E9 1.4463288604751973E9 2.740300121267998E9 1.0235455965569735E9 2.0018331332304265E9 1.6199125612992797E9 1.876769502068932E9 2.383783555700537E9 1.2442489331343155E9 1.851397155554409E9 3.3485046462762556E9 3.433363720652868E9 2.571276379414191E9 1.8024692695306888E9 9.943711877611613E8 4.4793503391369176E8 3.5556673224699373E9 
1.3871323983971906E9 1.4865823939313898E9 2.4854205313941603E9 2.2012097728756433E9 1.3160897527746942E9 4.820902725615792E8 1.794381818764073E9 1.5093010326385872E9 2.0852186899982243E9 1.4463288604751973E9 2.740300121267998E9 1.0235455965569735E9 2.0018331332304265E9 1.6199125612992797E9 1.876769502068932E9 2.383783555700537E9 1.2442489331343155E9 1.851397155554409E9 3.3485046462762556E9 3.433363720652868E9 2.571276379414191E9 1.8024692695306888E9 9.943711877611613E8 4.4793503391369176E8 3.5556673224699373E9 
1.3871323983971906E9 1.4865823939313898E9 2.4854205313941603E9 2.2012097728756433E9 1.3160897527746942E9 4.820902725615792E8 1.794381818764073E9 1.5093010326385872E9 2.0852186899982243E9 1.4463288604751973E9 2.740300121267998E9 1.0235455965569735E9 2.0018331332304265E9 1.6199125612992797E9 1.876769502068932E9 2.383783555700537E9 1.2442489331343155E9 1.851397155554409E9 3.3485046462762556E9 3.433363720652868E9 2.571276379414191E9 1.8024692695306888E9 9.943711877611613E8 4.4793503391369176E8 3.5556673224699373E9 
1.3871323983971906E9 1.4865823939313898E9 2.4854205313941603E9 2.2012097728756433E9 1.3160897527746942E9 4.820902725615792E8 1.794381818764073E9 1.5093010326385872E9 2.0852186899982243E9 1.4463288604751973E9 2.740300121267998E9 1.0235455965569735E9 2.0018331332304265E9 1.6199125612992797E9 1.876769502068932E9 2.383783555700537E9 1.2442489331343155E9 1.851397155554409E9 3.3485046462762556E9 3.433363720652868E9 2.571276379414191E9 1.8024692695306888E9 9.943711877611613E8 4.4793503391369176E8 3.5556673224699373E9 
1.3871323983971906E9 1.4865823939313898E9 2.4854205313941603E9 2.2012097728756433E9 1.3160897527746942E9 4.820902725615792E8 1.794381818764073E9 1.5093010326385872E9 2.0852186899982243E9 1.4463288604751973E9 2.740300121267998E9 1.0235455965569735E9 2.0018331332304265E9 1.6199125612992797E9 1.876769502068932E9 2.383783555700537E9 1.2442489331343155E9 1.851397155554409E9 3.3485046462762556E9 3.433363720652868E9 2.571276379414191E9 1.8024692695306888E9 9.943711877611613E8 4.4793503391369176E8 3.5556673224699373E9 
1.3871323983971906E9 1.4865823939313898E9 2.4854205313941603E9 2.2012097728756433E9 1.3160897527746942E9 4.820902725615792E8 1.794381818764073E9 1.5093010326385872E9 2.0852186899982243E9 1.4463288604751973E9 2.740300121267998E9 1.0235455965569735E9 2.0018331332304265E9 1.6199125612992797E9 1.876769502068932E9 2.383783555700537E9 1.2442489331343155E9 1.851397155554409E9 3.3485046462762556E9 3.433363720652868E9 2.571276379414191E9 1.8024692695306888E9 9.943711877611613E8 4.4793503391369176E8 3.5556673224699373E9 
1.3871323983971906E9 1.4865823939313898E9 2.4854205313941603E9 2.2012097728756433E9 1.3160897527746942E9 4.820902725615792E8 1.794381818764073E9 1.5093010326385872E9 2.0852186899982243E9 1.4463288604751973E9 2.740300121267998E9 1.0235455965569735E9 2.0018331332304265E9 1.6199125612992797E9 1.876769502068932E9 2.383783555700537E9 1.2442489331343155E9 1.851397155554409E9 3.3485046462762556E9 3.433363720652868E9 2.571276379414191E9 1.8024692695306888E9 9.943711877611613E8 4.4793503391369176E8 3.5556673224699373E9 
1.3871323983971906E9 1.4865823939313898E9 2.4854205313941603E9 2.2012097728756433E9 1.3160897527746942E9 4.820902725615792E8 1.794381818764073E9 1.5093010326385872E9 2.0852186899982243E9 1.4463288604751973E9 2.740300121267998E9 1.0235455965569735E9 2.0018331332304265E9 1.6199125612992797E9 1.876769502068932E9 2.383783555700537E9 1.2442489331343155E9 1.851397155554409E9 3.3485046462762556E9 3.433363720652868E9 2.571276379414191E9 1.8024692695306888E9 9.943711877611613E8 4.4793503391369176E8 3.5556673224699373E9 
1.3871323983971906E9 1.4865823939313898E9 2.4854205313941603E9 2.2012097728756433E9 1.3160897527746942E9 4.820902725615792E8 1.794381818764073E9 1.5093010326385872E9 2.0852186899982243E9 1.4463288604751973E9 2.740300121267998E9 1.0235455965569735E9 2.0018331332304265E9 1.6199125612992797E9 1.876769502068932E9 2.383783555700537E9 1.2442489331343155E9 1.851397155554409E9 3.3485046462762556E9 3.433363720652868E9 2.571276379414191E9 1.8024692695306888E9 9.943711877611613E8 4.4793503391369176E8 3.5556673224699373E9 
1.3871323983971906E9 1.4865823939313898E9 2.4854205313941603E9 2.2012097728756433E9 1.3160897527746942E9 4.820902725615792E8 1.794381818764073E9 1.5093010326385872E9 2.0852186899982243E9 1.4463288604751973E9 2.740300121267998E9 1.0235455965569735E9 2.0018331332304265E9 1.6199125612992797E9 1.876769502068932E9 2.383783555700537E9 1.2442489331343155E9 1.851397155554409E9 3.3485046462762556E9 3.433363720652868E9 2.571276379414191E9 1.8024692695306888E9 9.943711877611613E8 4.4793503391369176E8 3.5556673224699373E9 
1.3871323983971906E9 1.4865823939313898E9 2.4854205313941603E9 2.2012097728756433E9 1.3160897527746942E9 4.820902725615792E8 1.794381818764073E9 1.5093010326385872E9 2.0852186899982243E9 1.4463288604751973E9 2.740300121267998E9 1.0235455965569735E9 2.0018331332304265E9 1.6199125612992797E9 1.876769502068932E9 2.383783555700537E9 1.2442489331343155E9 1.851397155554409E9 3.3485046462762556E9 3.433363720652868E9 2.571276379414191E9 1.8024692695306888E9 9.943711877611613E8 4.4793503391369176E8 3.5556673224699373E9 
1.3871323983971906E9 1.4865823939313898E9 2.4854205313941603E9 2.2012097728756433E9 1.3160897527746942E9 4.820902725615792E8 1.794381818764073E9 1.5093010326385872E9 2.0852186899982243E9 1.4463288604751973E9 2.740300121267998E9 1.0235455965569735E9 2.0018331332304265E9 1.6199125612992797E9 1.876769502068932E9 2.383783555700537E9 1.2442489331343155E9 1.851397155554409E9 3.3485046462762556E9 3.433363720652868E9 2.571276379414191E9 1.8024692695306888E9 9.943711877611613E8 4.4793503391369176E8 3.5556673224699373E9 
1.3871323983971906E9 1.4865823939313898E9 2.4854205313941603E9 2.2012097728756433E9 1.3160897527746942E9 4.820902725615792E8 1.794381818764073E9 1.5093010326385872E9 2.0852186899982243E9 1.4463288604751973E9 2.740300121267998E9 1.0235455965569735E9 2.0018331332304265E9 1.6199125612992797E9 1.876769502068932E9 2.383783555700537E9 1.2442489331343155E9 1.851397155554409E9 3.3485046462762556E9 3.433363720652868E9 2.571276379414191E9 1.8024692695306888E9 9.943711877611613E8 4.4793503391369176E8 3.5556673224699373E9 
1.3871323983971906E9 1.4865823939313898E9 2.4854205313941603E9 2.2012097728756433E9 1.3160897527746942E9 4.820902725615792E8 1.794381818764073E9 1.5093010326385872E9 2.0852186899982243E9 1.4463288604751973E9 2.740300121267998E9 1.0235455965569735E9 2.0018331332304265E9 1.6199125612992797E9 1.876769502068932E9 2.383783555700537E9 1.2442489331343155E9 1.851397155554409E9 3.3485046462762556E9 3.433363720652868E9 2.571276379414191E9 1.8024692695306888E9 9.943711877611613E8 4.4793503391369176E8 3.5556673224699373E9 
1.3871323983971906E9 1.4865823939313898E9 2.4854205313941603E9 2.2012097728756433E9 1.3160897527746942E9 4.820902725615792E8 1.794381818764073E9 1.5093010326385872E9 2.0852186899982243E9 1.4463288604751973E9 2.740300121267998E9 1.0235455965569735E9 2.0018331332304265E9 1.6199125612992797E9 1.876769502068932E9 2.383783555700537E9 1.2442489331343155E9 1.851397155554409E9 3.3485046462762556E9 3.433363720652868E9 2.571276379414191E9 1.8024692695306888E9 9.943711877611613E8 4.4793503391369176E8 3.5556673224699373E9 
1.3871323983971906E9 1.4865823939313898E9 2.4854205313941603E9 2.2012097728756433E9 1.3160897527746942E9 4.820902725615792E8 1.794381818764073E9 1.5093010326385872E9 2.0852186899982243E9 1.4463288604751973E9 1.5630502304827447E9 1.0235455965569735E9 2.0018331332304265E9 1.6199125612992797E9 1.876769502068932E9 2.383783555700537E9 1.2442489331343155E9 1.851397155554409E9 3.3485046462762556E9 3.433363720652868E9 2.571276379414191E9 1.8024692695306888E9 9.943711877611613E8 4.4793503391369176E8 3.5556673224699373E9 
1.3871323983971906E9 1.4865823939313898E9 2.4854205313941603E9 2.2012097728756433E9 1.3160897527746942E9 4.820902725615792E8 1.794381818764073E9 1.5093010326385872E9 2.0852186899982243E9 1.4463288604751973E9 1.5630502304827447E9 1.0235455965569735E9 2.0018331332304265E9 1.6199125612992797E9 1.876769502068932E9 2.383783555700537E9 1.2442489331343155E9 1.851397155554409E9 3.3485046462762556E9 3.433363720652868E9 2.571276379414191E9 1.8024692695306888E9 9.943711877611613E8 4.4793503391369176E8 3.5556673224699373E9 
1.3871323983971906E9 1.4865823939313898E9 2.4854205313941603E9 2.2012097728756433E9 1.3160897527746942E9 4.820902725615792E8 1.794381818764073E9 1.5093010326385872E9 2.0852186899982243E9 1.4463288604751973E9 1.5630502304827447E9 1.0235455965569735E9 2.0018331332304265E9 1.6199125612992797E9 1.876769502068932E9 2.383783555700537E9 1.2442489331343155E9 1.851397155554409E9 3.3485046462762556E9 3.433363720652868E9 2.571276379414191E9 1.8024692695306888E9 9.943711877611613E8 4.4793503391369176E8 3.5556673224699373E9 
1.3871323983971906E9 1.4865823939313898E9 2.4854205313941603E9 2.2012097728756433E9 1.3160897527746942E9 4.820902725615792E8 1.794381818764073E9 1.5093010326385872E9 2.0852186899982243E9 1.4463288604751973E9 1.5630502304827447E9 1.0235455965569735E9 2.0018331332304265E9 1.6199125612992797E9 1.876769502068932E9 2.383783555700537E9 1.2442489331343155E9 1.851397155554409E9 3.3485046462762556E9 3.433363720652868E9 2.571276379414191E9 1.8024692695306888E9 9.943711877611613E8 4.4793503391369176E8 3.5556673224699373E9 
1.3871323983971906E9 1.4865823939313898E9 2.4854205313941603E9 2.2012097728756433E9 1.3160897527746942E9 4.820902725615792E8 1.794381818764073E9 1.5093010326385872E9 2.0852186899982243E9 1.4463288604751973E9 1.5630502304827447E9 1.0235455965569735E9 2.0018331332304265E9 1.6199125612992797E9 1.876769502068932E9 2.383783555700537E9 1.2442489331343155E9 1.851397155554409E9 3.3485046462762556E9 3.433363720652868E9 2.571276379414191E9 1.8024692695306888E9 9.943711877611613E8 4.4793503391369176E8 3.463125400886949E9 
1.3871323983971906E9 1.4865823939313898E9 2.4854205313941603E9 2.2012097728756433E9 1.3160897527746942E9 4.820902725615792E8 1.794381818764073E9 1.5093010326385872E9 2.0852186899982243E9 1.4463288604751973E9 1.5630502304827447E9 1.0235455965569735E9 2.0018331332304265E9 1.6199125612992797E9 1.876769502068932E9 2.383783555700537E9 1.2442489331343155E9 1.851397155554409E9 3.3485046462762556E9 3.433363720652868E9 2.571276379414191E9 1.8024692695306888E9 9.943711877611613E8 4.4793503391369176E8 3.463125400886949E9 
1.3871323983971906E9 1.4865823939313898E9 2.4854205313941603E9 2.2012097728756433E9 1.3160897527746942E9 4.820902725615792E8 1.794381818764073E9 1.5093010326385872E9 2.0852186899982243E9 1.4463288604751973E9 1.5630502304827447E9 1.0235455965569735E9 2.0018331332304265E9 1.6199125612992797E9 1.876769502068932E9 2.383783555700537E9 1.2442489331343155E9 1.851397155554409E9 3.3485046462762556E9 3.433363720652868E9 2.571276379414191E9 1.8024692695306888E9 9.943711877611613E8 4.4793503391369176E8 3.463125400886949E9 
1.3871323983971906E9 1.4865823939313898E9 2.4854205313941603E9 2.2012097728756433E9 1.3160897527746942E9 4.820902725615792E8 1.794381818764073E9 1.5093010326385872E9 2.0852186899982243E9 1.4463288604751973E9 1.5630502304827447E9 1.0235455965569735E9 2.0018331332304265E9 1.6199125612992797E9 1.876769502068932E9 2.383783555700537E9 1.2442489331343155E9 1.851397155554409E9 3.3485046462762556E9 3.433363720652868E9 2.571276379414191E9 1.8024692695306888E9 9.943711877611613E8 4.4793503391369176E8 3.463125400886949E9 
1.3871323983971906E9 1.4865823939313898E9 2.4854205313941603E9 2.2012097728756433E9 1.3160897527746942E9 4.820902725615792E8 1.794381818764073E9 1.5093010326385872E9 2.0852186899982243E9 1.4463288604751973E9 1.5630502304827447E9 1.0235455965569735E9 2.0018331332304265E9 1.6199125612992797E9 1.876769502068932E9 2.383783555700537E9 1.2442489331343155E9 1.851397155554409E9 3.3485046462762556E9 2.340313046606328E9 2.571276379414191E9 1.8024692695306888E9 9.943711877611613E8 4.4793503391369176E8 3.463125400886949E9 
1.3871323983971906E9 1.4865823939313898E9 2.4854205313941603E9 2.2012097728756433E9 1.3160897527746942E9 4.820902725615792E8 1.794381818764073E9 1.5093010326385872E9 2.0852186899982243E9 1.4463288604751973E9 1.5630502304827447E9 1.0235455965569735E9 2.0018331332304265E9 1.6199125612992797E9 1.876769502068932E9 2.383783555700537E9 1.2442489331343155E9 1.851397155554409E9 3.272368881695473E9 2.340313046606328E9 2.571276379414191E9 1.8024692695306888E9 9.943711877611613E8 4.4793503391369176E8 3.463125400886949E9 
1.3871323983971906E9 1.4865823939313898E9 2.4854205313941603E9 2.2012097728756433E9 1.3160897527746942E9 4.820902725615792E8 1.794381818764073E9 1.5093010326385872E9 2.0852186899982243E9 1.4463288604751973E9 1.5630502304827447E9 1.0235455965569735E9 2.0018331332304265E9 1.6199125612992797E9 1.876769502068932E9 2.383783555700537E9 1.2442489331343155E9 1.851397155554409E9 3.272368881695473E9 2.340313046606328E9 2.571276379414191E9 1.8024692695306888E9 9.943711877611613E8 4.4793503391369176E8 3.463125400886949E9 
1.3871323983971906E9 1.4865823939313898E9 2.4854205313941603E9 2.2012097728756433E9 1.3160897527746942E9 4.820902725615792E8 1.794381818764073E9 1.5093010326385872E9 2.0852186899982243E9 1.4463288604751973E9 1.5630502304827447E9 1.0235455965569735E9 2.0018331332304265E9 1.6199125612992797E9 1.876769502068932E9 2.383783555700537E9 1.2442489331343155E9 1.851397155554409E9 3.272368881695473E9 2.340313046606328E9 2.571276379414191E9 1.8024692695306888E9 9.943711877611613E8 4.4793503391369176E8 3.463125400886949E9 
1.3871323983971906E9 1.4865823939313898E9 2.4854205313941603E9 2.2012097728756433E9 1.3160897527746942E9 4.820902725615792E8 1.794381818764073E9 1.5093010326385872E9 2.0852186899982243E9 1.4463288604751973E9 1.5630502304827447E9 1.0235455965569735E9 2.0018331332304265E9 1.6199125612992797E9 1.876769502068932E9 2.383783555700537E9 1.2442489331343155E9 1.851397155554409E9 3.272368881695473E9 2.340313046606328E9 2.571276379414191E9 1.8024692695306888E9 9.943711877611613E8 4.4793503391369176E8 3.463125400886949E9 
1.3871323983971906E9 1.4865823939313898E9 2.4854205313941603E9 2.2012097728756433E9 1.3160897527746942E9 4.820902725615792E8 1.794381818764073E9 1.5093010326385872E9 2.0852186899982243E9 1.4463288604751973E9 1.5630502304827447E9 1.0235455965569735E9 2.0018331332304265E9 1.6199125612992797E9 1.876769502068932E9 2.383783555700537E9 1.2442489331343155E9 1.851397155554409E9 3.272368881695473E9 2.340313046606328E9 2.571276379414191E9 1.8024692695306888E9 9.943711877611613E8 4.4793503391369176E8 3.463125400886949E9 
1.3871323983971906E9 1.4865823939313898E9 2.4854205313941603E9 2.2012097728756433E9 1.3160897527746942E9 4.820902725615792E8 1.794381818764073E9 1.5093010326385872E9 2.0852186899982243E9 1.4463288604751973E9 1.5630502304827447E9 1.0235455965569735E9 2.0018331332304265E9 1.6199125612992797E9 1.876769502068932E9 2.383783555700537E9 1.2442489331343155E9 1.851397155554409E9 3.272368881695473E9 2.340313046606328E9 2.571276379414191E9 1.8024692695306888E9 9.943711877611613E8 4.4793503391369176E8 3.463125400886949E9 
1.3871323983971906E9 1.4865823939313898E9 2.4854205313941603E9 2.2012097728756433E9 1.3160897527746942E9 4.820902725615792E8 1.794381818764073E9 1.5093010326385872E9 2.0852186899982243E9 1.4463288604751973E9 1.5630502304827447E9 1.0235455965569735E9 2.0018331332304265E9 1.6199125612992797E9 1.876769502068932E9 2.383783555700537E9 1.2442489331343155E9 1.851397155554409E9 3.272368881695473E9 2.340313046606328E9 2.571276379414191E9 1.8024692695306888E9 9.943711877611613E8 4.4793503391369176E8 3.463125400886949E9 
1.3871323983971906E9 1.4865823939313898E9 2.4854205313941603E9 2.2012097728756433E9 1.3160897527746942E9 4.820902725615792E8 1.794381818764073E9 1.5093010326385872E9 2.0852186899982243E9 1.4463288604751973E9 1.5630502304827447E9 1.0235455965569735E9 2.0018331332304265E9 1.6199125612992797E9 1.876769502068932E9 2.383783555700537E9 1.2442489331343155E9 1.851397155554409E9 2.3155528341111026E9 2.340313046606328E9 2.571276379414191E9 1.8024692695306888E9 9.943711877611613E8 4.4793503391369176E8 3.463125400886949E9 
1.3871323983971906E9 1.4865823939313898E9 2.4854205313941603E9 2.2012097728756433E9 1.3160897527746942E9 4.820902725615792E8 1.794381818764073E9 1.5093010326385872E9 2.0852186899982243E9 1.4463288604751973E9 1.5630502304827447E9 1.0235455965569735E9 2.0018331332304265E9 1.6199125612992797E9 1.876769502068932E9 2.383783555700537E9 1.2442489331343155E9 1.851397155554409E9 2.3155528341111026E9 2.340313046606328E9 2.571276379414191E9 1.8024692695306888E9 9.943711877611613E8 4.4793503391369176E8 3.463125400886949E9 
1.3871323983971906E9 1.4865823939313898E9 2.4854205313941603E9 2.2012097728756433E9 1.3160897527746942E9 4.820902725615792E8 1.794381818764073E9 1.5093010326385872E9 2.0852186899982243E9 1.4463288604751973E9 1.5630502304827447E9 1.0235455965569735E9 2.0018331332304265E9 1.6199125612992797E9 1.876769502068932E9 2.383783555700537E9 1.2442489331343155E9 1.851397155554409E9 2.3155528341111026E9 2.340313046606328E9 2.571276379414191E9 1.8024692695306888E9 9.943711877611613E8 4.4793503391369176E8 3.463125400886949E9 
1.3871323983971906E9 1.4865823939313898E9 2.4854205313941603E9 2.2012097728756433E9 1.3160897527746942E9 4.820902725615792E8 1.794381818764073E9 1.5093010326385872E9 2.0852186899982243E9 1.4463288604751973E9 1.5630502304827447E9 1.0235455965569735E9 2.0018331332304265E9 1.6199125612992797E9 1.876769502068932E9 2.383783555700537E9 1.2442489331343155E9 1.851397155554409E9 2.3155528341111026E9 2.340313046606328E9 2.571276379414191E9 1.8024692695306888E9 9.943711877611613E8 4.4793503391369176E8 3.463125400886949E9 
1.3871323983971906E9 1.4865823939313898E9 2.4854205313941603E9 2.2012097728756433E9 1.3160897527746942E9 4.820902725615792E8 1.794381818764073E9 1.5093010326385872E9 2.0852186899982243E9 1.4463288604751973E9 1.5630502304827447E9 1.0235455965569735E9 2.0018331332304265E9 1.6199125612992797E9 1.876769502068932E9 2.383783555700537E9 1.2442489331343155E9 1.851397155554409E9 2.3155528341111026E9 2.340313046606328E9 2.571276379414191E9 1.8024692695306888E9 9.943711877611613E8 4.4793503391369176E8 2.720638171064362E9 
1.3871323983971906E9 1.4865823939313898E9 2.4854205313941603E9 2.2012097728756433E9 1.3160897527746942E9 4.820902725615792E8 1.794381818764073E9 1.5093010326385872E9 2.0852186899982243E9 1.4463288604751973E9 1.5630502304827447E9 1.0235455965569735E9 2.0018331332304265E9 1.6199125612992797E9 1.876769502068932E9 2.383783555700537E9 1.2442489331343155E9 1.851397155554409E9 2.3155528341111026E9 2.340313046606328E9 2.571276379414191E9 1.8024692695306888E9 9.943711877611613E8 4.4793503391369176E8 2.720638171064362E9 
1.3826064482404482E9 1.4865823939313898E9 2.4854205313941603E9 2.2012097728756433E9 1.3160897527746942E9 4.820902725615792E8 1.794381818764073E9 1.5093010326385872E9 2.0852186899982243E9 1.4463288604751973E9 1.5630502304827447E9 1.0235455965569735E9 2.0018331332304265E9 1.6199125612992797E9 1.876769502068932E9 2.383783555700537E9 1.2442489331343155E9 1.851397155554409E9 2.3155528341111026E9 2.340313046606328E9 2.571276379414191E9 1.8024692695306888E9 9.943711877611613E8 4.4793503391369176E8 2.720638171064362E9 
1.3826064482404482E9 1.4865823939313898E9 2.4854205313941603E9 2.2012097728756433E9 1.3160897527746942E9 4.820902725615792E8 1.794381818764073E9 1.5093010326385872E9 2.0852186899982243E9 1.4463288604751973E9 1.5630502304827447E9 1.0235455965569735E9 2.0018331332304265E9 1.6199125612992797E9 1.876769502068932E9 2.383783555700537E9 1.2442489331343155E9 1.851397155554409E9 2.3155528341111026E9 2.340313046606328E9 2.571276379414191E9 1.8024692695306888E9 9.943711877611613E8 4.4793503391369176E8 2.720638171064362E9 
1.3826064482404482E9 1.4865823939313898E9 2.4854205313941603E9 2.2012097728756433E9 1.3160897527746942E9 4.820902725615792E8 1.794381818764073E9 1.5093010326385872E9 2.0852186899982243E9 1.4463288604751973E9 1.5630502304827447E9 1.0235455965569735E9 2.0018331332304265E9 1.6199125612992797E9 1.876769502068932E9 2.383783555700537E9 1.2442489331343155E9 1.851397155554409E9 2.3155528341111026E9 2.340313046606328E9 2.571276379414191E9 1.8024692695306888E9 9.943711877611613E8 4.4793503391369176E8 2.720638171064362E9 
1.3826064482404482E9 1.4865823939313898E9 2.4854205313941603E9 2.2012097728756433E9 1.3160897527746942E9 4.820902725615792E8 1.794381818764073E9 1.5093010326385872E9 2.0852186899982243E9 1.4463288604751973E9 1.5630502304827447E9 1.0235455965569735E9 2.0018331332304265E9 1.6199125612992797E9 1.876769502068932E9 2.383783555700537E9 1.2442489331343155E9 1.851397155554409E9 2.3155528341111026E9 2.340313046606328E9 2.571276379414191E9 1.8024692695306888E9 9.943711877611613E8 4.4793503391369176E8 2.720638171064362E9 
1.3826064482404482E9 1.4865823939313898E9 2.4854205313941603E9 2.2012097728756433E9 1.3160897527746942E9 4.820902725615792E8 1.794381818764073E9 1.5093010326385872E9 2.0852186899982243E9 1.4463288604751973E9 1.5630502304827447E9 1.0235455965569735E9 2.0018331332304265E9 1.6199125612992797E9 1.876769502068932E9 2.383783555700537E9 1.2442489331343155E9 1.851397155554409E9 2.3155528341111026E9 2.340313046606328E9 2.571276379414191E9 1.8024692695306888E9 9.943711877611613E8 4.4793503391369176E8 2.720638171064362E9 
1.3826064482404482E9 1.4865823939313898E9 2.4854205313941603E9 2.2012097728756433E9 1.3160897527746942E9 4.820902725615792E8 1.794381818764073E9 1.5093010326385872E9 2.0852186899982243E9 1.4463288604751973E9 1.5630502304827447E9 1.0235455965569735E9 2.0018331332304265E9 1.6199125612992797E9 1.876769502068932E9 2.383783555700537E9 1.2442489331343155E9 1.851397155554409E9 2.3155528341111026E9 2.340313046606328E9 2.571276379414191E9 1.8024692695306888E9 9.943711877611613E8 4.4793503391369176E8 2.720638171064362E9 
1.3826064482404482E9 1.4865823939313898E9 2.1106506688784058E9 2.2012097728756433E9 1.3160897527746942E9 4.820902725615792E8 1.794381818764073E9 1.5093010326385872E9 2.0852186899982243E9 1.4463288604751973E9 1.5630502304827447E9 1.0235455965569735E9 2.0018331332304265E9 1.6199125612992797E9 1.876769502068932E9 2.383783555700537E9 1.2442489331343155E9 1.851397155554409E9 2.3155528341111026E9 2.340313046606328E9 2.571276379414191E9 1.8024692695306888E9 9.943711877611613E8 4.4793503391369176E8 2.720638171064362E9 
1.3826064482404482E9 1.4865823939313898E9 2.1106506688784058E9 2.2012097728756433E9 1.3160897527746942E9 4.820902725615792E8 1.794381818764073E9 1.5093010326385872E9 2.0852186899982243E9 1.4463288604751973E9 1.5630502304827447E9 1.0235455965569735E9 2.0018331332304265E9 1.6199125612992797E9 1.876769502068932E9 2.383783555700537E9 1.2442489331343155E9 1.851397155554409E9 2.3155528341111026E9 2.340313046606328E9 2.571276379414191E9 1.8024692695306888E9 9.943711877611613E8 4.4793503391369176E8 2.720638171064362E9 
1.3826064482404482E9 1.4865823939313898E9 2.1106506688784058E9 2.2012097728756433E9 1.3160897527746942E9 4.820902725615792E8 1.794381818764073E9 1.5093010326385872E9 2.0852186899982243E9 1.4463288604751973E9 1.5630502304827447E9 1.0235455965569735E9 2.0018331332304265E9 1.6199125612992797E9 1.876769502068932E9 2.383783555700537E9 1.2442489331343155E9 1.851397155554409E9 2.3155528341111026E9 2.340313046606328E9 2.571276379414191E9 1.8024692695306888E9 9.943711877611613E8 4.4793503391369176E8 2.720638171064362E9 
1.3826064482404482E9 1.4865823939313898E9 2.1106506688784058E9 2.2012097728756433E9 1.3160897527746942E9 4.820902725615792E8 1.794381818764073E9 1.5093010326385872E9 2.0852186899982243E9 1.4463288604751973E9 1.5630502304827447E9 1.0235455965569735E9 2.0018331332304265E9 1.6199125612992797E9 1.876769502068932E9 2.383783555700537E9 1.2442489331343155E9 1.851397155554409E9 9.312611373598682E8 2.340313046606328E9 2.571276379414191E9 1.8024692695306888E9 9.943711877611613E8 4.4793503391369176E8 2.720638171064362E9 
1.3826064482404482E9 1.4865823939313898E9 2.1106506688784058E9 2.2012097728756433E9 1.3160897527746942E9 4.820902725615792E8 1.794381818764073E9 1.5093010326385872E9 2.0852186899982243E9 1.4463288604751973E9 1.5630502304827447E9 1.0235455965569735E9 2.0018331332304265E9 1.6199125612992797E9 1.876769502068932E9 2.383783555700537E9 1.2442489331343155E9 1.851397155554409E9 9.312611373598682E8 2.340313046606328E9 2.571276379414191E9 1.8024692695306888E9 9.943711877611613E8 4.4793503391369176E8 2.720638171064362E9 
1.3826064482404482E9 1.4865823939313898E9 2.1106506688784058E9 2.2012097728756433E9 1.3160897527746942E9 4.820902725615792E8 1.794381818764073E9 1.5093010326385872E9 2.0852186899982243E9 1.4463288604751973E9 1.5630502304827447E9 1.0235455965569735E9 2.0018331332304265E9 1.6199125612992797E9 1.876769502068932E9 2.383783555700537E9 1.2442489331343155E9 1.851397155554409E9 9.312611373598682E8 2.340313046606328E9 2.571276379414191E9 1.8024692695306888E9 9.943711877611613E8 4.4793503391369176E8 2.720638171064362E9 
1.3826064482404482E9 1.4865823939313898E9 2.1106506688784058E9 2.2012097728756433E9 1.3160897527746942E9 4.820902725615792E8 1.794381818764073E9 1.5093010326385872E9 2.0852186899982243E9 1.4463288604751973E9 1.5630502304827447E9 1.0235455965569735E9 2.0018331332304265E9 1.6199125612992797E9 1.876769502068932E9 2.383783555700537E9 1.2442489331343155E9 1.851397155554409E9 9.312611373598682E8 2.340313046606328E9 2.571276379414191E9 1.8024692695306888E9 9.943711877611613E8 4.4793503391369176E8 2.720638171064362E9 
1.3826064482404482E9 1.4865823939313898E9 2.1106506688784058E9 2.2012097728756433E9 1.3160897527746942E9 4.820902725615792E8 1.794381818764073E9 1.5093010326385872E9 2.0852186899982243E9 1.4463288604751973E9 1.5630502304827447E9 1.0235455965569735E9 2.0018331332304265E9 1.6199125612992797E9 1.876769502068932E9 2.383783555700537E9 1.2442489331343155E9 1.851397155554409E9 9.312611373598682E8 2.340313046606328E9 2.571276379414191E9 1.8024692695306888E9 9.943711877611613E8 4.4793503391369176E8 2.720638171064362E9 
1.3826064482404482E9 1.4865823939313898E9 2.1106506688784058E9 2.2012097728756433E9 1.3160897527746942E9 4.820902725615792E8 1.794381818764073E9 1.5093010326385872E9 2.0852186899982243E9 1.4463288604751973E9 1.5630502304827447E9 1.0235455965569735E9 2.0018331332304265E9 1.6199125612992797E9 1.876769502068932E9 2.383783555700537E9 1.2442489331343155E9 1.851397155554409E9 9.312611373598682E8 2.340313046606328E9 2.571276379414191E9 1.8024692695306888E9 9.943711877611613E8 4.4793503391369176E8 2.720638171064362E9 
1.3826064482404482E9 1.4865823939313898E9 2.1106506688784058E9 2.2012097728756433E9 1.3160897527746942E9 4.820902725615792E8 1.794381818764073E9 1.5093010326385872E9 2.0852186899982243E9 1.4463288604751973E9 1.5630502304827447E9 1.0235455965569735E9 2.0018331332304265E9 1.6199125612992797E9 1.876769502068932E9 2.383783555700537E9 1.2442489331343155E9 1.851397155554409E9 9.312611373598682E8 2.340313046606328E9 2.571276379414191E9 1.8024692695306888E9 9.943711877611613E8 4.4793503391369176E8 2.720638171064362E9 
1.3826064482404482E9 1.4865823939313898E9 2.1106506688784058E9 2.2012097728756433E9 1.3160897527746942E9 4.820902725615792E8 1.794381818764073E9 1.5093010326385872E9 2.0852186899982243E9 1.4463288604751973E9 1.5630502304827447E9 1.0235455965569735E9 2.0018331332304265E9 1.6199125612992797E9 1.876769502068932E9 2.383783555700537E9 1.2442489331343155E9 1.851397155554409E9 9.312611373598682E8 2.340313046606328E9 2.571276379414191E9 1.8024692695306888E9 9.943711877611613E8 4.4793503391369176E8 2.720638171064362E9 
1.3826064482404482E9 1.4865823939313898E9 2.1106506688784058E9 2.2012097728756433E9 1.3160897527746942E9 4.820902725615792E8 1.794381818764073E9 1.5093010326385872E9 2.0852186899982243E9 1.4463288604751973E9 1.5630502304827447E9 1.0235455965569735E9 2.0018331332304265E9 1.6199125612992797E9 1.876769502068932E9 2.383783555700537E9 1.2442489331343155E9 1.851397155554409E9 9.312611373598682E8 2.340313046606328E9 2.571276379414191E9 1.8024692695306888E9 9.943711877611613E8 4.4793503391369176E8 2.720638171064362E9 
1.3826064482404482E9 1.4865823939313898E9 2.1106506688784058E9 2.2012097728756433E9 1.3160897527746942E9 4.820902725615792E8 1.794381818764073E9 1.5093010326385872E9 2.0852186899982243E9 1.4463288604751973E9 1.5630502304827447E9 1.0235455965569735E9 2.0018331332304265E9 1.6199125612992797E9 1.876769502068932E9 2.383783555700537E9 1.2442489331343155E9 1.851397155554409E9 9.312611373598682E8 2.340313046606328E9 2.571276379414191E9 1.8024692695306888E9 9.943711877611613E8 4.4793503391369176E8 2.720638171064362E9 
1.3826064482404482E9 1.4865823939313898E9 2.1106506688784058E9 2.2012097728756433E9 1.3160897527746942E9 4.820902725615792E8 1.794381818764073E9 1.5093010326385872E9 2.0852186899982243E9 1.4463288604751973E9 1.5630502304827447E9 1.0235455965569735E9 2.0018331332304265E9 1.6199125612992797E9 1.876769502068932E9 2.383783555700537E9 1.2442489331343155E9 1.851397155554409E9 9.312611373598682E8 2.340313046606328E9 2.571276379414191E9 1.8024692695306888E9 9.943711877611613E8 4.4793503391369176E8 2.720638171064362E9 
1.3826064482404482E9 1.4865823939313898E9 2.1106506688784058E9 2.2012097728756433E9 1.3160897527746942E9 4.820902725615792E8 1.794381818764073E9 1.5093010326385872E9 2.0852186899982243E9 1.4463288604751973E9 1.5630502304827447E9 1.0235455965569735E9 2.0018331332304265E9 1.6199125612992797E9 1.876769502068932E9 2.383783555700537E9 1.2442489331343155E9 1.851397155554409E9 9.312611373598682E8 2.340313046606328E9 2.571276379414191E9 1.8024692695306888E9 9.943711877611613E8 4.4793503391369176E8 2.720638171064362E9 
1.3826064482404482E9 1.4865823939313898E9 2.1106506688784058E9 2.2012097728756433E9 1.3160897527746942E9 4.820902725615792E8 1.794381818764073E9 1.5093010326385872E9 2.0852186899982243E9 1.4463288604751973E9 1.5630502304827447E9 1.0235455965569735E9 2.0018331332304265E9 1.6199125612992797E9 1.876769502068932E9 2.383783555700537E9 1.2442489331343155E9 1.851397155554409E9 9.312611373598682E8 2.340313046606328E9 2.571276379414191E9 1.8024692695306888E9 9.943711877611613E8 4.4793503391369176E8 2.720638171064362E9 
1.3826064482404482E9 1.4865823939313898E9 2.1106506688784058E9 2.2012097728756433E9 1.3160897527746942E9 4.820902725615792E8 1.794381818764073E9 1.5093010326385872E9 2.0852186899982243E9 1.4463288604751973E9 1.5630502304827447E9 1.0235455965569735E9 2.0018331332304265E9 1.6199125612992797E9 1.876769502068932E9 2.383783555700537E9 1.2442489331343155E9 1.851397155554409E9 9.312611373598682E8 2.340313046606328E9 2.571276379414191E9 1.8024692695306888E9 9.943711877611613E8 4.4793503391369176E8 2.720638171064362E9 
1.3826064482404482E9 1.4865823939313898E9 2.1106506688784058E9 2.2012097728756433E9 1.3160897527746942E9 4.820902725615792E8 1.794381818764073E9 1.5093010326385872E9 2.0852186899982243E9 1.4463288604751973E9 1.5630502304827447E9 1.0235455965569735E9 2.0018331332304265E9 1.6199125612992797E9 1.876769502068932E9 2.383783555700537E9 1.2442489331343155E9 1.851397155554409E9 9.312611373598682E8 1.584142697344067E9 2.571276379414191E9 1.8024692695306888E9 9.943711877611613E8 4.4793503391369176E8 2.720638171064362E9 
1.3826064482404482E9 1.4865823939313898E9 2.1106506688784058E9 2.2012097728756433E9 1.3160897527746942E9 4.820902725615792E8 1.794381818764073E9 1.5093010326385872E9 2.0852186899982243E9 1.4463288604751973E9 1.5630502304827447E9 1.0235455965569735E9 2.0018331332304265E9 1.6199125612992797E9 1.719203606387395E9 2.383783555700537E9 1.2442489331343155E9 1.851397155554409E9 9.312611373598682E8 1.584142697344067E9 2.571276379414191E9 1.8024692695306888E9 9.943711877611613E8 4.4793503391369176E8 2.720638171064362E9 
1.3826064482404482E9 1.4865823939313898E9 2.1106506688784058E9 2.2012097728756433E9 1.3160897527746942E9 4.820902725615792E8 1.794381818764073E9 1.5093010326385872E9 2.0852186899982243E9 1.4463288604751973E9 1.5630502304827447E9 1.0235455965569735E9 2.0018331332304265E9 1.6199125612992797E9 1.719203606387395E9 2.383783555700537E9 1.2442489331343155E9 1.851397155554409E9 9.312611373598682E8 1.584142697344067E9 2.571276379414191E9 1.8024692695306888E9 9.943711877611613E8 4.4793503391369176E8 2.720638171064362E9 
1.3826064482404482E9 1.4865823939313898E9 2.1106506688784058E9 2.2012097728756433E9 1.3160897527746942E9 4.820902725615792E8 1.794381818764073E9 1.5093010326385872E9 2.0852186899982243E9 1.4463288604751973E9 1.5630502304827447E9 1.0235455965569735E9 2.0018331332304265E9 1.6199125612992797E9 1.719203606387395E9 2.383783555700537E9 1.2442489331343155E9 1.851397155554409E9 9.312611373598682E8 1.584142697344067E9 2.571276379414191E9 1.8024692695306888E9 9.943711877611613E8 4.4793503391369176E8 2.720638171064362E9 
1.3826064482404482E9 1.4865823939313898E9 2.1106506688784058E9 2.2012097728756433E9 1.3160897527746942E9 4.820902725615792E8 1.794381818764073E9 1.5093010326385872E9 2.0852186899982243E9 1.4463288604751973E9 1.5630502304827447E9 1.0235455965569735E9 2.0018331332304265E9 1.6199125612992797E9 1.719203606387395E9 2.383783555700537E9 1.2442489331343155E9 1.851397155554409E9 9.312611373598682E8 1.584142697344067E9 2.571276379414191E9 1.8024692695306888E9 9.943711877611613E8 4.4793503391369176E8 2.720638171064362E9 
1.3826064482404482E9 1.4865823939313898E9 2.1106506688784058E9 2.2012097728756433E9 1.3160897527746942E9 4.820902725615792E8 1.794381818764073E9 1.5093010326385872E9 2.0852186899982243E9 1.4463288604751973E9 1.5630502304827447E9 1.0235455965569735E9 2.0018331332304265E9 1.6199125612992797E9 1.719203606387395E9 2.383783555700537E9 1.2442489331343155E9 1.851397155554409E9 9.312611373598682E8 1.584142697344067E9 2.571276379414191E9 1.8024692695306888E9 9.943711877611613E8 4.4793503391369176E8 2.720638171064362E9 
1.3826064482404482E9 1.4865823939313898E9 2.1106506688784058E9 2.2012097728756433E9 1.3160897527746942E9 4.820902725615792E8 1.794381818764073E9 1.5093010326385872E9 2.0852186899982243E9 1.4463288604751973E9 1.5630502304827447E9 1.0235455965569735E9 2.0018331332304265E9 1.6199125612992797E9 1.719203606387395E9 2.383783555700537E9 1.2442489331343155E9 1.851397155554409E9 9.312611373598682E8 1.584142697344067E9 2.571276379414191E9 1.8024692695306888E9 9.943711877611613E8 4.4793503391369176E8 2.720638171064362E9 
1.3826064482404482E9 1.4865823939313898E9 2.1106506688784058E9 2.2012097728756433E9 1.3160897527746942E9 4.820902725615792E8 1.794381818764073E9 1.5093010326385872E9 2.0852186899982243E9 1.4463288604751973E9 1.5630502304827447E9 1.0235455965569735E9 2.0018331332304265E9 1.6199125612992797E9 1.719203606387395E9 2.383783555700537E9 1.2442489331343155E9 1.851397155554409E9 9.312611373598682E8 1.584142697344067E9 2.571276379414191E9 1.8024692695306888E9 9.943711877611613E8 4.4793503391369176E8 2.720638171064362E9 
1.3826064482404482E9 1.4865823939313898E9 2.1106506688784058E9 2.2012097728756433E9 1.3160897527746942E9 4.820902725615792E8 1.794381818764073E9 1.5093010326385872E9 2.0852186899982243E9 1.4463288604751973E9 1.5630502304827447E9 1.0235455965569735E9 2.0018331332304265E9 1.6199125612992797E9 1.719203606387395E9 2.383783555700537E9 1.2442489331343155E9 1.851397155554409E9 9.312611373598682E8 1.584142697344067E9 2.571276379414191E9 1.8024692695306888E9 9.943711877611613E8 4.4793503391369176E8 2.720638171064362E9 
1.3826064482404482E9 1.4865823939313898E9 2.1106506688784058E9 2.2012097728756433E9 1.3160897527746942E9 4.820902725615792E8 1.794381818764073E9 1.5093010326385872E9 2.0852186899982243E9 1.4463288604751973E9 1.5630502304827447E9 1.0235455965569735E9 2.0018331332304265E9 1.6199125612992797E9 1.719203606387395E9 2.383783555700537E9 1.2442489331343155E9 1.851397155554409E9 9.312611373598682E8 1.584142697344067E9 2.571276379414191E9 1.8024692695306888E9 9.943711877611613E8 4.4793503391369176E8 2.720638171064362E9 
1.3826064482404482E9 1.4865823939313898E9 2.1106506688784058E9 2.2012097728756433E9 1.3160897527746942E9 4.820902725615792E8 1.794381818764073E9 1.5093010326385872E9 2.0852186899982243E9 1.4463288604751973E9 1.5630502304827447E9 1.0235455965569735E9 2.0018331332304265E9 1.6199125612992797E9 1.719203606387395E9 2.383783555700537E9 1.2442489331343155E9 1.851397155554409E9 9.312611373598682E8 1.584142697344067E9 2.571276379414191E9 1.8024692695306888E9 9.943711877611613E8 4.4793503391369176E8 2.720638171064362E9 
1.3826064482404482E9 1.4865823939313898E9 2.1106506688784058E9 2.2012097728756433E9 1.3160897527746942E9 4.820902725615792E8 1.794381818764073E9 1.5093010326385872E9 2.0852186899982243E9 1.4463288604751973E9 1.5630502304827447E9 1.0235455965569735E9 2.0018331332304265E9 1.6199125612992797E9 1.719203606387395E9 2.383783555700537E9 1.2442489331343155E9 1.851397155554409E9 9.312611373598682E8 1.584142697344067E9 2.571276379414191E9 1.8024692695306888E9 9.943711877611613E8 4.4793503391369176E8 2.720638171064362E9 
1.3826064482404482E9 1.4865823939313898E9 2.1106506688784058E9 2.2012097728756433E9 1.3160897527746942E9 4.820902725615792E8 1.794381818764073E9 1.5093010326385872E9 2.0852186899982243E9 1.4463288604751973E9 1.5630502304827447E9 1.0235455965569735E9 2.0018331332304265E9 1.6199125612992797E9 1.719203606387395E9 2.383783555700537E9 1.2442489331343155E9 1.851397155554409E9 9.312611373598682E8 1.584142697344067E9 2.571276379414191E9 1.8024692695306888E9 9.943711877611613E8 4.4793503391369176E8 2.720638171064362E9 
1.3826064482404482E9 1.4865823939313898E9 2.1106506688784058E9 2.2012097728756433E9 1.3160897527746942E9 4.820902725615792E8 1.794381818764073E9 1.5093010326385872E9 2.0852186899982243E9 1.4463288604751973E9 1.5630502304827447E9 1.0235455965569735E9 2.0018331332304265E9 1.6199125612992797E9 1.719203606387395E9 2.383783555700537E9 1.2442489331343155E9 1.851397155554409E9 9.312611373598682E8 1.584142697344067E9 2.571276379414191E9 1.8024692695306888E9 9.943711877611613E8 4.4793503391369176E8 2.720638171064362E9 
1.3826064482404482E9 1.4865823939313898E9 2.1106506688784058E9 2.2012097728756433E9 1.3160897527746942E9 4.820902725615792E8 1.1672928066996486E9 1.5093010326385872E9 2.0852186899982243E9 1.4463288604751973E9 1.5630502304827447E9 1.0235455965569735E9 2.0018331332304265E9 1.6199125612992797E9 1.719203606387395E9 2.383783555700537E9 1.2442489331343155E9 1.851397155554409E9 9.312611373598682E8 1.584142697344067E9 2.571276379414191E9 1.8024692695306888E9 9.943711877611613E8 4.4793503391369176E8 2.720638171064362E9 
1.3826064482404482E9 1.4865823939313898E9 2.1106506688784058E9 2.2012097728756433E9 1.3160897527746942E9 4.820902725615792E8 1.1672928066996486E9 1.5093010326385872E9 2.0852186899982243E9 1.4463288604751973E9 1.5630502304827447E9 1.0235455965569735E9 2.0018331332304265E9 1.6199125612992797E9 1.719203606387395E9 2.383783555700537E9 1.2442489331343155E9 1.851397155554409E9 9.312611373598682E8 1.584142697344067E9 2.571276379414191E9 1.8024692695306888E9 9.943711877611613E8 4.4793503391369176E8 2.720638171064362E9 
1.3826064482404482E9 1.4865823939313898E9 2.1106506688784058E9 2.2012097728756433E9 1.3160897527746942E9 4.820902725615792E8 1.1672928066996486E9 1.5093010326385872E9 2.0852186899982243E9 1.4463288604751973E9 1.5630502304827447E9 1.0235455965569735E9 2.0018331332304265E9 1.6199125612992797E9 1.719203606387395E9 2.383783555700537E9 1.2442489331343155E9 1.851397155554409E9 9.312611373598682E8 1.584142697344067E9 2.571276379414191E9 1.8024692695306888E9 9.943711877611613E8 4.4793503391369176E8 2.720638171064362E9 
1.3826064482404482E9 1.4865823939313898E9 2.1106506688784058E9 2.2012097728756433E9 1.3160897527746942E9 4.820902725615792E8 1.1672928066996486E9 1.5093010326385872E9 2.0852186899982243E9 1.4463288604751973E9 1.5630502304827447E9 1.0235455965569735E9 2.0018331332304265E9 1.6199125612992797E9 1.719203606387395E9 2.383783555700537E9 1.2442489331343155E9 1.851397155554409E9 9.312611373598682E8 1.584142697344067E9 2.571276379414191E9 1.8024692695306888E9 9.943711877611613E8 4.4793503391369176E8 2.720638171064362E9 
1.3826064482404482E9 1.4865823939313898E9 2.1106506688784058E9 2.2012097728756433E9 1.3160897527746942E9 4.820902725615792E8 1.1672928066996486E9 1.5093010326385872E9 2.0852186899982243E9 1.4463288604751973E9 1.5630502304827447E9 1.0235455965569735E9 2.0018331332304265E9 1.6199125612992797E9 1.719203606387395E9 2.383783555700537E9 1.2442489331343155E9 1.851397155554409E9 9.312611373598682E8 1.584142697344067E9 2.571276379414191E9 1.8024692695306888E9 9.943711877611613E8 4.4793503391369176E8 2.720638171064362E9 
1.3826064482404482E9 1.4865823939313898E9 2.1106506688784058E9 2.2012097728756433E9 8.627519569848292E8 4.820902725615792E8 1.1672928066996486E9 1.5093010326385872E9 2.0852186899982243E9 1.4463288604751973E9 1.5630502304827447E9 1.0235455965569735E9 2.0018331332304265E9 1.6199125612992797E9 1.719203606387395E9 2.383783555700537E9 1.2442489331343155E9 1.851397155554409E9 9.312611373598682E8 1.584142697344067E9 2.571276379414191E9 1.8024692695306888E9 9.943711877611613E8 4.4793503391369176E8 2.720638171064362E9 
1.3826064482404482E9 1.4865823939313898E9 2.1106506688784058E9 2.2012097728756433E9 8.627519569848292E8 4.820902725615792E8 1.1672928066996486E9 1.5093010326385872E9 2.0852186899982243E9 1.4463288604751973E9 1.5630502304827447E9 1.0235455965569735E9 2.0018331332304265E9 1.6199125612992797E9 1.719203606387395E9 2.383783555700537E9 1.2442489331343155E9 1.851397155554409E9 9.312611373598682E8 1.584142697344067E9 2.571276379414191E9 1.8024692695306888E9 9.943711877611613E8 4.4793503391369176E8 2.720638171064362E9 
1.3826064482404482E9 1.4865823939313898E9 2.1106506688784058E9 2.2012097728756433E9 8.627519569848292E8 4.820902725615792E8 1.1672928066996486E9 1.5093010326385872E9 2.0852186899982243E9 1.4463288604751973E9 1.5630502304827447E9 1.0235455965569735E9 2.0018331332304265E9 1.6199125612992797E9 1.719203606387395E9 2.383783555700537E9 1.2442489331343155E9 1.851397155554409E9 9.312611373598682E8 1.584142697344067E9 2.571276379414191E9 1.8024692695306888E9 9.943711877611613E8 4.4793503391369176E8 2.720638171064362E9 
1.3826064482404482E9 1.4865823939313898E9 2.1106506688784058E9 2.2012097728756433E9 8.627519569848292E8 4.820902725615792E8 1.1672928066996486E9 1.5093010326385872E9 2.0852186899982243E9 1.4463288604751973E9 1.5630502304827447E9 1.0235455965569735E9 2.0018331332304265E9 1.6199125612992797E9 1.719203606387395E9 2.383783555700537E9 1.2442489331343155E9 1.851397155554409E9 9.312611373598682E8 1.584142697344067E9 2.571276379414191E9 1.8024692695306888E9 9.943711877611613E8 4.4793503391369176E8 2.5103268494479175E9 
1.3826064482404482E9 1.4865823939313898E9 2.1106506688784058E9 2.2012097728756433E9 8.627519569848292E8 4.820902725615792E8 1.1672928066996486E9 1.5093010326385872E9 2.0852186899982243E9 1.4463288604751973E9 1.5630502304827447E9 1.0235455965569735E9 2.0018331332304265E9 1.6199125612992797E9 1.719203606387395E9 2.383783555700537E9 1.2442489331343155E9 1.851397155554409E9 9.312611373598682E8 1.584142697344067E9 2.571276379414191E9 1.8024692695306888E9 9.943711877611613E8 4.4793503391369176E8 2.5103268494479175E9 
1.3826064482404482E9 1.4865823939313898E9 2.1106506688784058E9 2.2012097728756433E9 8.627519569848292E8 4.820902725615792E8 1.1672928066996486E9 1.5093010326385872E9 2.0852186899982243E9 1.4463288604751973E9 1.5630502304827447E9 1.0235455965569735E9 2.0018331332304265E9 1.6199125612992797E9 1.719203606387395E9 2.383783555700537E9 1.2442489331343155E9 1.851397155554409E9 9.312611373598682E8 1.584142697344067E9 2.571276379414191E9 1.8024692695306888E9 9.943711877611613E8 4.4793503391369176E8 2.5103268494479175E9 
1.3826064482404482E9 1.4865823939313898E9 2.1106506688784058E9 2.2012097728756433E9 8.627519569848292E8 4.820902725615792E8 1.1672928066996486E9 1.5093010326385872E9 2.0852186899982243E9 1.4463288604751973E9 1.5630502304827447E9 1.0235455965569735E9 2.0018331332304265E9 1.6199125612992797E9 1.719203606387395E9 2.383783555700537E9 1.2442489331343155E9 1.851397155554409E9 9.312611373598682E8 1.584142697344067E9 2.571276379414191E9 1.8024692695306888E9 9.943711877611613E8 4.4793503391369176E8 2.5103268494479175E9 
1.3826064482404482E9 1.4865823939313898E9 2.1106506688784058E9 2.2012097728756433E9 8.627519569848292E8 4.820902725615792E8 1.1672928066996486E9 1.5093010326385872E9 2.0852186899982243E9 1.4463288604751973E9 1.5630502304827447E9 1.0235455965569735E9 2.0018331332304265E9 1.6199125612992797E9 1.719203606387395E9 2.383783555700537E9 1.2442489331343155E9 1.851397155554409E9 9.312611373598682E8 1.584142697344067E9 2.571276379414191E9 1.8024692695306888E9 9.943711877611613E8 4.4793503391369176E8 2.5103268494479175E9 
1.3826064482404482E9 1.4865823939313898E9 2.1106506688784058E9 2.2012097728756433E9 8.627519569848292E8 4.820902725615792E8 1.1672928066996486E9 1.5093010326385872E9 2.0852186899982243E9 1.4463288604751973E9 1.5630502304827447E9 1.0235455965569735E9 2.0018331332304265E9 1.6199125612992797E9 1.719203606387395E9 2.383783555700537E9 1.2442489331343155E9 1.851397155554409E9 9.312611373598682E8 1.584142697344067E9 2.571276379414191E9 1.8024692695306888E9 9.943711877611613E8 4.4793503391369176E8 2.5103268494479175E9 
1.3826064482404482E9 1.4865823939313898E9 2.1106506688784058E9 2.2012097728756433E9 8.627519569848292E8 4.820902725615792E8 1.1672928066996486E9 1.5093010326385872E9 2.0852186899982243E9 1.4463288604751973E9 1.5630502304827447E9 1.0235455965569735E9 2.0018331332304265E9 1.6199125612992797E9 1.719203606387395E9 2.383783555700537E9 1.2442489331343155E9 1.851397155554409E9 9.312611373598682E8 1.584142697344067E9 2.571276379414191E9 1.8024692695306888E9 9.943711877611613E8 4.4793503391369176E8 2.5103268494479175E9 
1.3826064482404482E9 1.4865823939313898E9 2.1106506688784058E9 2.2012097728756433E9 8.627519569848292E8 4.820902725615792E8 1.1672928066996486E9 1.5093010326385872E9 2.0852186899982243E9 1.4463288604751973E9 1.5630502304827447E9 1.0235455965569735E9 2.0018331332304265E9 1.6199125612992797E9 1.719203606387395E9 2.383783555700537E9 1.2442489331343155E9 1.851397155554409E9 9.312611373598682E8 1.584142697344067E9 2.571276379414191E9 1.8024692695306888E9 9.943711877611613E8 4.4793503391369176E8 2.5103268494479175E9 
1.3826064482404482E9 1.4865823939313898E9 2.1106506688784058E9 2.2012097728756433E9 8.627519569848292E8 4.820902725615792E8 1.1672928066996486E9 1.5093010326385872E9 2.0852186899982243E9 1.4463288604751973E9 1.5630502304827447E9 1.0235455965569735E9 2.0018331332304265E9 1.6199125612992797E9 1.719203606387395E9 2.383783555700537E9 1.2442489331343155E9 1.851397155554409E9 9.312611373598682E8 1.584142697344067E9 2.571276379414191E9 1.8024692695306888E9 9.943711877611613E8 4.4793503391369176E8 2.5103268494479175E9 
1.3826064482404482E9 1.4865823939313898E9 2.1106506688784058E9 2.2012097728756433E9 8.627519569848292E8 4.820902725615792E8 1.1672928066996486E9 1.5093010326385872E9 2.0852186899982243E9 1.4463288604751973E9 1.5630502304827447E9 1.0235455965569735E9 2.0018331332304265E9 1.6199125612992797E9 1.719203606387395E9 2.383783555700537E9 1.2442489331343155E9 1.851397155554409E9 9.312611373598682E8 1.584142697344067E9 2.571276379414191E9 1.8024692695306888E9 9.943711877611613E8 4.4793503391369176E8 2.5103268494479175E9 
1.3826064482404482E9 1.4865823939313898E9 2.1106506688784058E9 2.2012097728756433E9 8.627519569848292E8 4.820902725615792E8 1.1672928066996486E9 1.5093010326385872E9 2.0852186899982243E9 1.4463288604751973E9 1.5630502304827447E9 1.0235455965569735E9 2.0018331332304265E9 1.6199125612992797E9 1.719203606387395E9 2.383783555700537E9 1.2442489331343155E9 1.851397155554409E9 9.312611373598682E8 1.584142697344067E9 2.571276379414191E9 1.8024692695306888E9 9.943711877611613E8 4.4793503391369176E8 2.5103268494479175E9 
1.3826064482404482E9 1.4865823939313898E9 2.1106506688784058E9 2.2012097728756433E9 8.627519569848292E8 4.820902725615792E8 1.1672928066996486E9 1.5093010326385872E9 2.0852186899982243E9 1.4463288604751973E9 1.5630502304827447E9 1.0235455965569735E9 2.0018331332304265E9 1.6199125612992797E9 1.719203606387395E9 2.383783555700537E9 1.2442489331343155E9 1.851397155554409E9 9.312611373598682E8 1.584142697344067E9 2.571276379414191E9 1.8024692695306888E9 9.943711877611613E8 4.4793503391369176E8 2.5103268494479175E9 
1.3826064482404482E9 1.4865823939313898E9 2.1106506688784058E9 2.2012097728756433E9 8.627519569848292E8 4.820902725615792E8 1.1672928066996486E9 1.5093010326385872E9 2.0852186899982243E9 1.4463288604751973E9 1.5630502304827447E9 1.0235455965569735E9 2.0018331332304265E9 1.6199125612992797E9 1.719203606387395E9 2.383783555700537E9 1.2442489331343155E9 1.851397155554409E9 9.312611373598682E8 1.584142697344067E9 2.571276379414191E9 1.8024692695306888E9 9.943711877611613E8 4.4793503391369176E8 2.5103268494479175E9 
1.3826064482404482E9 1.4865823939313898E9 2.1106506688784058E9 2.2012097728756433E9 8.627519569848292E8 4.820902725615792E8 1.1672928066996486E9 1.5093010326385872E9 2.0852186899982243E9 1.4463288604751973E9 1.5630502304827447E9 1.0235455965569735E9 2.0018331332304265E9 1.6199125612992797E9 1.719203606387395E9 2.383783555700537E9 1.2442489331343155E9 1.851397155554409E9 9.312611373598682E8 1.584142697344067E9 2.571276379414191E9 1.8024692695306888E9 9.943711877611613E8 4.4793503391369176E8 2.5103268494479175E9 
1.3826064482404482E9 1.4865823939313898E9 1.8706251817943983E9 2.2012097728756433E9 8.627519569848292E8 4.820902725615792E8 1.1672928066996486E9 1.5093010326385872E9 2.0852186899982243E9 1.4463288604751973E9 1.5630502304827447E9 1.0235455965569735E9 2.0018331332304265E9 1.6199125612992797E9 1.719203606387395E9 2.383783555700537E9 1.2442489331343155E9 1.851397155554409E9 9.312611373598682E8 1.584142697344067E9 2.571276379414191E9 1.8024692695306888E9 9.943711877611613E8 4.4793503391369176E8 2.5103268494479175E9 
1.3826064482404482E9 1.4865823939313898E9 1.8706251817943983E9 2.2012097728756433E9 8.627519569848292E8 4.820902725615792E8 1.1672928066996486E9 1.5093010326385872E9 2.0852186899982243E9 1.4463288604751973E9 1.5630502304827447E9 1.0235455965569735E9 2.0018331332304265E9 1.6199125612992797E9 1.719203606387395E9 2.383783555700537E9 1.2442489331343155E9 1.851397155554409E9 9.312611373598682E8 1.584142697344067E9 2.571276379414191E9 1.8024692695306888E9 9.943711877611613E8 4.4793503391369176E8 2.5103268494479175E9 
1.3826064482404482E9 1.4865823939313898E9 1.8706251817943983E9 2.2012097728756433E9 8.627519569848292E8 4.820902725615792E8 1.1672928066996486E9 1.5093010326385872E9 2.0852186899982243E9 1.4463288604751973E9 1.5630502304827447E9 1.0235455965569735E9 2.0018331332304265E9 1.6199125612992797E9 1.719203606387395E9 2.383783555700537E9 1.2442489331343155E9 1.851397155554409E9 9.312611373598682E8 1.584142697344067E9 2.571276379414191E9 1.8024692695306888E9 9.943711877611613E8 4.4793503391369176E8 2.5103268494479175E9 
1.3826064482404482E9 1.4865823939313898E9 1.8706251817943983E9 2.2012097728756433E9 8.627519569848292E8 4.820902725615792E8 1.1672928066996486E9 1.5093010326385872E9 2.0852186899982243E9 1.4463288604751973E9 1.5630502304827447E9 1.0235455965569735E9 2.0018331332304265E9 1.6199125612992797E9 1.719203606387395E9 2.383783555700537E9 1.2442489331343155E9 1.851397155554409E9 9.312611373598682E8 1.584142697344067E9 2.571276379414191E9 1.8024692695306888E9 9.943711877611613E8 4.4793503391369176E8 2.5103268494479175E9 
1.3826064482404482E9 1.4865823939313898E9 1.8706251817943983E9 2.2012097728756433E9 8.627519569848292E8 4.820902725615792E8 1.1672928066996486E9 1.5093010326385872E9 2.0852186899982243E9 1.4463288604751973E9 1.5630502304827447E9 1.0235455965569735E9 2.0018331332304265E9 1.6199125612992797E9 1.719203606387395E9 2.383783555700537E9 1.2442489331343155E9 1.851397155554409E9 9.312611373598682E8 1.584142697344067E9 2.571276379414191E9 1.8024692695306888E9 9.943711877611613E8 4.4793503391369176E8 2.5103268494479175E9 
1.3826064482404482E9 1.4865823939313898E9 1.8706251817943983E9 2.2012097728756433E9 8.627519569848292E8 4.820902725615792E8 1.1672928066996486E9 1.5093010326385872E9 2.0852186899982243E9 1.4463288604751973E9 1.5630502304827447E9 1.0235455965569735E9 2.0018331332304265E9 1.6199125612992797E9 1.719203606387395E9 2.383783555700537E9 1.2442489331343155E9 1.851397155554409E9 9.312611373598682E8 1.584142697344067E9 2.571276379414191E9 1.8024692695306888E9 9.943711877611613E8 4.4793503391369176E8 2.5103268494479175E9 
1.3826064482404482E9 1.4865823939313898E9 1.8706251817943983E9 2.2012097728756433E9 8.627519569848292E8 4.820902725615792E8 1.1672928066996486E9 1.5093010326385872E9 2.0852186899982243E9 1.4463288604751973E9 1.5630502304827447E9 1.0235455965569735E9 2.0018331332304265E9 1.6199125612992797E9 1.719203606387395E9 2.383783555700537E9 1.2442489331343155E9 1.851397155554409E9 9.312611373598682E8 1.584142697344067E9 2.571276379414191E9 1.8024692695306888E9 9.943711877611613E8 4.4793503391369176E8 2.5103268494479175E9 
1.3826064482404482E9 1.4865823939313898E9 1.8706251817943983E9 2.2012097728756433E9 8.627519569848292E8 4.820902725615792E8 1.1672928066996486E9 1.5093010326385872E9 2.0852186899982243E9 1.4463288604751973E9 1.5630502304827447E9 1.0235455965569735E9 2.0018331332304265E9 1.6199125612992797E9 1.719203606387395E9 2.383783555700537E9 1.2442489331343155E9 1.851397155554409E9 9.312611373598682E8 1.584142697344067E9 2.571276379414191E9 1.8024692695306888E9 9.943711877611613E8 4.4793503391369176E8 2.5103268494479175E9 
1.3826064482404482E9 1.4865823939313898E9 1.8706251817943983E9 2.2012097728756433E9 8.627519569848292E8 4.820902725615792E8 1.1672928066996486E9 1.5093010326385872E9 2.0852186899982243E9 1.4463288604751973E9 1.5630502304827447E9 1.0235455965569735E9 2.0018331332304265E9 1.6199125612992797E9 1.719203606387395E9 2.383783555700537E9 1.2442489331343155E9 1.851397155554409E9 9.312611373598682E8 1.584142697344067E9 2.571276379414191E9 1.8024692695306888E9 9.943711877611613E8 4.4793503391369176E8 2.5103268494479175E9 
1.3826064482404482E9 1.4865823939313898E9 1.8706251817943983E9 2.2012097728756433E9 8.627519569848292E8 4.820902725615792E8 1.1672928066996486E9 1.5093010326385872E9 2.0852186899982243E9 1.4463288604751973E9 1.5630502304827447E9 1.0235455965569735E9 2.0018331332304265E9 1.6199125612992797E9 1.719203606387395E9 2.383783555700537E9 1.2442489331343155E9 1.851397155554409E9 9.312611373598682E8 1.584142697344067E9 2.571276379414191E9 1.8024692695306888E9 9.943711877611613E8 4.4793503391369176E8 2.5103268494479175E9 
1.3826064482404482E9 1.4865823939313898E9 1.8706251817943983E9 2.2012097728756433E9 8.627519569848292E8 4.820902725615792E8 1.1672928066996486E9 1.5093010326385872E9 2.0852186899982243E9 1.4463288604751973E9 1.5630502304827447E9 1.0235455965569735E9 2.0018331332304265E9 1.6199125612992797E9 1.719203606387395E9 2.383783555700537E9 1.2442489331343155E9 1.851397155554409E9 9.312611373598682E8 1.584142697344067E9 2.571276379414191E9 1.8024692695306888E9 9.943711877611613E8 4.4793503391369176E8 2.5103268494479175E9 
1.3826064482404482E9 1.4865823939313898E9 1.8706251817943983E9 2.2012097728756433E9 8.627519569848292E8 4.820902725615792E8 1.1672928066996486E9 1.5093010326385872E9 2.0852186899982243E9 1.4463288604751973E9 1.5630502304827447E9 1.0235455965569735E9 2.0018331332304265E9 1.6199125612992797E9 1.719203606387395E9 2.383783555700537E9 1.2442489331343155E9 1.851397155554409E9 9.312611373598682E8 1.584142697344067E9 2.571276379414191E9 1.8024692695306888E9 9.943711877611613E8 4.4793503391369176E8 2.5103268494479175E9 
1.3826064482404482E9 1.4865823939313898E9 1.8706251817943983E9 2.2012097728756433E9 8.627519569848292E8 4.820902725615792E8 1.1672928066996486E9 1.5093010326385872E9 2.0852186899982243E9 1.4463288604751973E9 1.5630502304827447E9 1.0235455965569735E9 2.0018331332304265E9 1.6199125612992797E9 1.719203606387395E9 2.383783555700537E9 1.2442489331343155E9 1.851397155554409E9 9.312611373598682E8 1.584142697344067E9 2.571276379414191E9 1.8024692695306888E9 9.943711877611613E8 4.4793503391369176E8 2.5103268494479175E9 
1.3826064482404482E9 1.4865823939313898E9 1.8706251817943983E9 2.2012097728756433E9 8.627519569848292E8 4.820902725615792E8 1.1672928066996486E9 1.5093010326385872E9 2.0852186899982243E9 1.4463288604751973E9 1.5630502304827447E9 1.0235455965569735E9 2.0018331332304265E9 1.6199125612992797E9 1.719203606387395E9 2.383783555700537E9 1.2442489331343155E9 1.851397155554409E9 9.312611373598682E8 1.584142697344067E9 2.571276379414191E9 1.8024692695306888E9 9.943711877611613E8 4.4793503391369176E8 2.5103268494479175E9 
1.3826064482404482E9 1.4865823939313898E9 1.8706251817943983E9 2.2012097728756433E9 8.627519569848292E8 4.820902725615792E8 1.1672928066996486E9 1.5093010326385872E9 2.0852186899982243E9 1.4463288604751973E9 1.5630502304827447E9 1.0235455965569735E9 2.0018331332304265E9 1.6199125612992797E9 1.719203606387395E9 2.383783555700537E9 1.2442489331343155E9 1.851397155554409E9 9.312611373598682E8 1.584142697344067E9 2.571276379414191E9 1.8024692695306888E9 9.943711877611613E8 4.4793503391369176E8 2.5103268494479175E9 
1.3826064482404482E9 1.4865823939313898E9 1.8706251817943983E9 2.2012097728756433E9 8.627519569848292E8 4.820902725615792E8 1.1672928066996486E9 1.5093010326385872E9 2.0852186899982243E9 1.4463288604751973E9 1.5630502304827447E9 1.0235455965569735E9 2.0018331332304265E9 1.6199125612992797E9 1.719203606387395E9 2.383783555700537E9 1.2442489331343155E9 1.851397155554409E9 9.312611373598682E8 1.584142697344067E9 2.571276379414191E9 1.8024692695306888E9 9.943711877611613E8 4.4793503391369176E8 2.5103268494479175E9 
1.3826064482404482E9 1.4865823939313898E9 1.8706251817943983E9 2.2012097728756433E9 8.627519569848292E8 4.820902725615792E8 1.1672928066996486E9 1.5093010326385872E9 2.0852186899982243E9 1.4463288604751973E9 1.5630502304827447E9 1.0235455965569735E9 2.0018331332304265E9 1.6199125612992797E9 1.719203606387395E9 2.383783555700537E9 1.2442489331343155E9 1.851397155554409E9 9.312611373598682E8 1.584142697344067E9 2.571276379414191E9 1.8024692695306888E9 9.943711877611613E8 4.4793503391369176E8 2.5103268494479175E9 
1.3826064482404482E9 1.4865823939313898E9 1.8706251817943983E9 2.2012097728756433E9 8.627519569848292E8 4.820902725615792E8 1.1672928066996486E9 1.5093010326385872E9 2.0852186899982243E9 1.4463288604751973E9 1.5630502304827447E9 1.0235455965569735E9 2.0018331332304265E9 1.6199125612992797E9 1.719203606387395E9 2.383783555700537E9 1.2442489331343155E9 1.851397155554409E9 9.312611373598682E8 1.584142697344067E9 2.571276379414191E9 1.8024692695306888E9 9.943711877611613E8 4.4793503391369176E8 2.5103268494479175E9 
1.3826064482404482E9 1.4865823939313898E9 1.8706251817943983E9 2.2012097728756433E9 8.627519569848292E8 4.820902725615792E8 1.1672928066996486E9 1.5093010326385872E9 2.0852186899982243E9 1.4463288604751973E9 1.5630502304827447E9 1.0235455965569735E9 2.0018331332304265E9 1.6199125612992797E9 1.719203606387395E9 2.383783555700537E9 1.2442489331343155E9 1.851397155554409E9 9.312611373598682E8 1.584142697344067E9 2.571276379414191E9 1.8024692695306888E9 9.943711877611613E8 4.4793503391369176E8 2.5103268494479175E9 
1.3826064482404482E9 1.4865823939313898E9 1.8706251817943983E9 2.2012097728756433E9 8.627519569848292E8 4.820902725615792E8 1.1672928066996486E9 1.5093010326385872E9 2.0852186899982243E9 1.4463288604751973E9 1.5630502304827447E9 1.0235455965569735E9 2.0018331332304265E9 1.6199125612992797E9 1.719203606387395E9 2.383783555700537E9 1.2442489331343155E9 1.851397155554409E9 9.312611373598682E8 1.584142697344067E9 2.571276379414191E9 1.8024692695306888E9 9.943711877611613E8 4.4793503391369176E8 2.5103268494479175E9 
1.3826064482404482E9 1.4865823939313898E9 1.8706251817943983E9 2.2012097728756433E9 8.627519569848292E8 4.820902725615792E8 1.1672928066996486E9 1.5093010326385872E9 2.0852186899982243E9 1.4463288604751973E9 1.5630502304827447E9 1.0235455965569735E9 2.0018331332304265E9 1.6199125612992797E9 1.719203606387395E9 2.383783555700537E9 1.2442489331343155E9 1.851397155554409E9 9.312611373598682E8 1.584142697344067E9 2.571276379414191E9 1.8024692695306888E9 9.943711877611613E8 4.4793503391369176E8 2.5103268494479175E9 
1.3826064482404482E9 1.4865823939313898E9 1.8706251817943983E9 2.2012097728756433E9 8.627519569848292E8 4.820902725615792E8 1.1672928066996486E9 1.5093010326385872E9 2.0852186899982243E9 1.4463288604751973E9 1.5630502304827447E9 1.0235455965569735E9 2.0018331332304265E9 1.6199125612992797E9 1.719203606387395E9 2.383783555700537E9 1.2442489331343155E9 1.851397155554409E9 9.312611373598682E8 1.584142697344067E9 2.571276379414191E9 1.8024692695306888E9 9.943711877611613E8 4.4793503391369176E8 2.5103268494479175E9 
1.3826064482404482E9 1.4865823939313898E9 1.8706251817943983E9 2.2012097728756433E9 8.627519569848292E8 4.820902725615792E8 1.1672928066996486E9 1.5093010326385872E9 2.0852186899982243E9 1.4463288604751973E9 1.5630502304827447E9 1.0235455965569735E9 2.0018331332304265E9 1.6199125612992797E9 1.719203606387395E9 2.383783555700537E9 1.2442489331343155E9 1.851397155554409E9 9.312611373598682E8 1.584142697344067E9 2.571276379414191E9 1.8024692695306888E9 9.943711877611613E8 4.4793503391369176E8 2.5103268494479175E9 
1.3826064482404482E9 1.4865823939313898E9 1.8706251817943983E9 2.2012097728756433E9 8.627519569848292E8 4.820902725615792E8 1.1672928066996486E9 1.5093010326385872E9 2.0852186899982243E9 1.4463288604751973E9 1.5630502304827447E9 1.0235455965569735E9 2.0018331332304265E9 1.6199125612992797E9 1.719203606387395E9 2.383783555700537E9 1.2442489331343155E9 1.851397155554409E9 9.312611373598682E8 1.584142697344067E9 2.571276379414191E9 1.8024692695306888E9 9.943711877611613E8 4.4793503391369176E8 2.5103268494479175E9 
1.3826064482404482E9 1.4865823939313898E9 1.8706251817943983E9 2.2012097728756433E9 8.627519569848292E8 4.820902725615792E8 1.1672928066996486E9 1.5093010326385872E9 2.0852186899982243E9 1.4463288604751973E9 1.5630502304827447E9 1.0235455965569735E9 2.0018331332304265E9 1.6199125612992797E9 1.719203606387395E9 2.383783555700537E9 1.2442489331343155E9 1.851397155554409E9 9.312611373598682E8 1.584142697344067E9 2.571276379414191E9 1.8024692695306888E9 9.943711877611613E8 4.4793503391369176E8 2.5103268494479175E9 
1.3826064482404482E9 1.4865823939313898E9 1.8706251817943983E9 2.2012097728756433E9 8.627519569848292E8 4.820902725615792E8 1.1672928066996486E9 1.5093010326385872E9 2.0852186899982243E9 1.4463288604751973E9 1.5630502304827447E9 1.0235455965569735E9 2.0018331332304265E9 1.6199125612992797E9 1.719203606387395E9 2.383783555700537E9 1.2442489331343155E9 1.851397155554409E9 9.312611373598682E8 1.584142697344067E9 2.571276379414191E9 1.8024692695306888E9 9.943711877611613E8 4.4793503391369176E8 2.5103268494479175E9 
1.3826064482404482E9 1.4865823939313898E9 1.8706251817943983E9 2.2012097728756433E9 8.627519569848292E8 4.820902725615792E8 1.1672928066996486E9 1.5093010326385872E9 2.0852186899982243E9 1.4463288604751973E9 1.5630502304827447E9 1.0235455965569735E9 2.0018331332304265E9 1.6199125612992797E9 1.719203606387395E9 2.383783555700537E9 1.2442489331343155E9 1.851397155554409E9 9.312611373598682E8 1.584142697344067E9 2.571276379414191E9 1.8024692695306888E9 9.943711877611613E8 4.4793503391369176E8 2.5103268494479175E9 
1.3826064482404482E9 1.4865823939313898E9 1.8706251817943983E9 2.2012097728756433E9 8.627519569848292E8 4.820902725615792E8 1.1672928066996486E9 1.5093010326385872E9 2.0852186899982243E9 1.4463288604751973E9 1.5630502304827447E9 1.0235455965569735E9 2.0018331332304265E9 1.6199125612992797E9 1.719203606387395E9 2.383783555700537E9 1.2442489331343155E9 1.851397155554409E9 9.312611373598682E8 1.584142697344067E9 2.571276379414191E9 1.8024692695306888E9 9.943711877611613E8 4.4793503391369176E8 2.5103268494479175E9 
1.3826064482404482E9 1.4865823939313898E9 1.8706251817943983E9 2.2012097728756433E9 8.627519569848292E8 4.820902725615792E8 1.1672928066996486E9 1.5093010326385872E9 2.0852186899982243E9 1.4463288604751973E9 1.5630502304827447E9 1.0235455965569735E9 2.0018331332304265E9 1.6199125612992797E9 1.719203606387395E9 2.383783555700537E9 1.2442489331343155E9 1.851397155554409E9 9.312611373598682E8 1.584142697344067E9 2.571276379414191E9 1.8024692695306888E9 9.943711877611613E8 4.4793503391369176E8 2.5103268494479175E9 
1.3826064482404482E9 1.4865823939313898E9 1.8706251817943983E9 2.2012097728756433E9 8.627519569848292E8 4.820902725615792E8 1.1672928066996486E9 1.5093010326385872E9 2.0852186899982243E9 1.4463288604751973E9 1.5630502304827447E9 1.0235455965569735E9 2.0018331332304265E9 1.6199125612992797E9 1.719203606387395E9 2.383783555700537E9 1.2442489331343155E9 1.851397155554409E9 9.312611373598682E8 1.584142697344067E9 2.571276379414191E9 1.8024692695306888E9 9.943711877611613E8 4.4793503391369176E8 2.5103268494479175E9 
1.3826064482404482E9 1.4865823939313898E9 1.8706251817943983E9 2.2012097728756433E9 8.627519569848292E8 4.820902725615792E8 1.1672928066996486E9 1.5093010326385872E9 2.0852186899982243E9 1.4463288604751973E9 1.5630502304827447E9 1.0235455965569735E9 2.0018331332304265E9 1.6199125612992797E9 1.719203606387395E9 2.383783555700537E9 1.2442489331343155E9 1.851397155554409E9 9.312611373598682E8 1.584142697344067E9 2.571276379414191E9 1.8024692695306888E9 9.943711877611613E8 4.4793503391369176E8 2.5103268494479175E9 
1.3826064482404482E9 1.4865823939313898E9 1.8706251817943983E9 2.2012097728756433E9 8.627519569848292E8 4.820902725615792E8 1.1672928066996486E9 1.5093010326385872E9 2.0852186899982243E9 1.4463288604751973E9 1.5630502304827447E9 1.0235455965569735E9 2.0018331332304265E9 1.6199125612992797E9 1.719203606387395E9 2.383783555700537E9 1.2442489331343155E9 1.851397155554409E9 9.312611373598682E8 1.584142697344067E9 2.571276379414191E9 1.8024692695306888E9 9.943711877611613E8 4.4793503391369176E8 2.5103268494479175E9 
1.3826064482404482E9 1.4865823939313898E9 1.8706251817943983E9 2.2012097728756433E9 8.627519569848292E8 4.820902725615792E8 1.1672928066996486E9 1.5093010326385872E9 2.0852186899982243E9 1.4463288604751973E9 1.5630502304827447E9 1.0235455965569735E9 2.0018331332304265E9 1.6199125612992797E9 1.719203606387395E9 2.383783555700537E9 1.2442489331343155E9 1.851397155554409E9 9.312611373598682E8 1.584142697344067E9 2.571276379414191E9 1.8024692695306888E9 9.943711877611613E8 4.4793503391369176E8 2.5103268494479175E9 
1.3826064482404482E9 1.4865823939313898E9 1.8706251817943983E9 2.2012097728756433E9 8.627519569848292E8 4.820902725615792E8 1.1672928066996486E9 1.5093010326385872E9 2.0852186899982243E9 1.4463288604751973E9 1.5630502304827447E9 1.0235455965569735E9 2.0018331332304265E9 1.6199125612992797E9 1.719203606387395E9 2.383783555700537E9 1.2442489331343155E9 1.851397155554409E9 9.312611373598682E8 1.584142697344067E9 2.571276379414191E9 1.8024692695306888E9 9.943711877611613E8 4.4793503391369176E8 2.5103268494479175E9 
1.3826064482404482E9 1.4865823939313898E9 1.8706251817943983E9 2.2012097728756433E9 8.627519569848292E8 4.820902725615792E8 1.1672928066996486E9 1.5093010326385872E9 2.0852186899982243E9 1.4463288604751973E9 1.5630502304827447E9 1.0235455965569735E9 2.0018331332304265E9 1.6199125612992797E9 1.719203606387395E9 2.383783555700537E9 1.2442489331343155E9 1.851397155554409E9 9.312611373598682E8 1.584142697344067E9 2.571276379414191E9 1.8024692695306888E9 9.943711877611613E8 4.4793503391369176E8 2.5103268494479175E9 
1.3826064482404482E9 1.4865823939313898E9 1.8706251817943983E9 2.2012097728756433E9 8.627519569848292E8 4.820902725615792E8 1.1672928066996486E9 1.5093010326385872E9 2.0852186899982243E9 1.4463288604751973E9 1.5630502304827447E9 1.0235455965569735E9 2.0018331332304265E9 1.6199125612992797E9 1.719203606387395E9 2.383783555700537E9 1.2442489331343155E9 1.851397155554409E9 9.312611373598682E8 1.584142697344067E9 2.571276379414191E9 1.8024692695306888E9 9.943711877611613E8 4.4793503391369176E8 2.5103268494479175E9 
1.3826064482404482E9 1.4865823939313898E9 1.8706251817943983E9 2.2012097728756433E9 8.627519569848292E8 4.820902725615792E8 1.1672928066996486E9 1.5093010326385872E9 2.0852186899982243E9 1.4463288604751973E9 1.5630502304827447E9 1.0235455965569735E9 2.0018331332304265E9 1.6199125612992797E9 1.719203606387395E9 2.383783555700537E9 1.2442489331343155E9 1.851397155554409E9 9.312611373598682E8 1.584142697344067E9 2.571276379414191E9 1.8024692695306888E9 9.943711877611613E8 4.4793503391369176E8 2.5103268494479175E9 
1.3826064482404482E9 1.4865823939313898E9 1.8706251817943983E9 2.2012097728756433E9 8.627519569848292E8 4.820902725615792E8 1.1672928066996486E9 1.5093010326385872E9 2.0852186899982243E9 1.4463288604751973E9 1.5630502304827447E9 1.0235455965569735E9 2.0018331332304265E9 1.6199125612992797E9 1.719203606387395E9 2.383783555700537E9 1.2442489331343155E9 1.851397155554409E9 9.312611373598682E8 1.584142697344067E9 2.571276379414191E9 1.8024692695306888E9 9.943711877611613E8 4.4793503391369176E8 2.5103268494479175E9 
1.3826064482404482E9 1.4865823939313898E9 1.8706251817943983E9 2.2012097728756433E9 8.627519569848292E8 4.820902725615792E8 1.1672928066996486E9 1.5093010326385872E9 2.0852186899982243E9 1.4463288604751973E9 1.5630502304827447E9 1.0235455965569735E9 2.0018331332304265E9 1.6199125612992797E9 1.719203606387395E9 2.383783555700537E9 1.2442489331343155E9 1.851397155554409E9 9.312611373598682E8 1.584142697344067E9 2.571276379414191E9 1.8024692695306888E9 9.943711877611613E8 4.4793503391369176E8 2.5103268494479175E9 
1.3826064482404482E9 1.3047553375388427E9 1.8706251817943983E9 2.2012097728756433E9 8.627519569848292E8 4.820902725615792E8 1.1672928066996486E9 1.5093010326385872E9 2.0852186899982243E9 1.4463288604751973E9 1.5630502304827447E9 1.0235455965569735E9 2.0018331332304265E9 1.6199125612992797E9 1.719203606387395E9 2.383783555700537E9 1.2442489331343155E9 1.851397155554409E9 9.312611373598682E8 1.584142697344067E9 2.571276379414191E9 1.8024692695306888E9 9.943711877611613E8 4.4793503391369176E8 2.5103268494479175E9 
1.3826064482404482E9 1.3047553375388427E9 1.8706251817943983E9 2.2012097728756433E9 8.627519569848292E8 4.820902725615792E8 1.1672928066996486E9 1.5093010326385872E9 2.0852186899982243E9 1.4463288604751973E9 1.5630502304827447E9 1.0235455965569735E9 2.0018331332304265E9 1.6199125612992797E9 1.719203606387395E9 2.383783555700537E9 1.2442489331343155E9 1.851397155554409E9 9.312611373598682E8 1.584142697344067E9 2.571276379414191E9 1.8024692695306888E9 9.943711877611613E8 4.4793503391369176E8 2.5103268494479175E9 
1.3826064482404482E9 1.3047553375388427E9 1.8706251817943983E9 2.2012097728756433E9 8.627519569848292E8 4.820902725615792E8 1.1672928066996486E9 1.5093010326385872E9 2.0852186899982243E9 1.4463288604751973E9 1.5630502304827447E9 1.0235455965569735E9 2.0018331332304265E9 1.6199125612992797E9 1.719203606387395E9 2.383783555700537E9 1.2442489331343155E9 1.851397155554409E9 9.312611373598682E8 1.584142697344067E9 2.571276379414191E9 1.8024692695306888E9 9.943711877611613E8 4.4793503391369176E8 2.5103268494479175E9 
1.3826064482404482E9 1.3047553375388427E9 1.8706251817943983E9 2.2012097728756433E9 8.627519569848292E8 4.820902725615792E8 1.1672928066996486E9 1.5093010326385872E9 2.0852186899982243E9 1.4463288604751973E9 1.5630502304827447E9 1.0235455965569735E9 2.0018331332304265E9 1.6199125612992797E9 1.719203606387395E9 2.383783555700537E9 1.2442489331343155E9 1.851397155554409E9 9.312611373598682E8 1.584142697344067E9 2.571276379414191E9 1.8024692695306888E9 9.943711877611613E8 4.4793503391369176E8 2.5103268494479175E9 
1.3826064482404482E9 1.3047553375388427E9 1.8706251817943983E9 2.2012097728756433E9 8.627519569848292E8 4.820902725615792E8 1.1672928066996486E9 1.5093010326385872E9 2.0852186899982243E9 1.4463288604751973E9 1.5630502304827447E9 1.0235455965569735E9 2.0018331332304265E9 1.6199125612992797E9 1.719203606387395E9 2.383783555700537E9 1.2442489331343155E9 1.851397155554409E9 9.312611373598682E8 1.584142697344067E9 2.571276379414191E9 1.8024692695306888E9 9.943711877611613E8 4.4793503391369176E8 2.5103268494479175E9 
1.3826064482404482E9 1.3047553375388427E9 1.8706251817943983E9 2.2012097728756433E9 8.627519569848292E8 4.820902725615792E8 1.1672928066996486E9 1.5093010326385872E9 2.0852186899982243E9 1.4463288604751973E9 1.5630502304827447E9 1.0235455965569735E9 2.0018331332304265E9 1.6199125612992797E9 1.719203606387395E9 2.383783555700537E9 1.2442489331343155E9 1.851397155554409E9 9.312611373598682E8 1.584142697344067E9 2.571276379414191E9 1.8024692695306888E9 9.943711877611613E8 4.4793503391369176E8 2.5103268494479175E9 
1.3826064482404482E9 1.3047553375388427E9 1.8706251817943983E9 2.2012097728756433E9 8.627519569848292E8 4.820902725615792E8 1.1672928066996486E9 1.5093010326385872E9 2.0852186899982243E9 1.4463288604751973E9 1.5630502304827447E9 1.0235455965569735E9 2.0018331332304265E9 1.6199125612992797E9 1.719203606387395E9 2.383783555700537E9 1.2442489331343155E9 1.851397155554409E9 9.312611373598682E8 1.584142697344067E9 2.571276379414191E9 1.8024692695306888E9 9.943711877611613E8 4.4793503391369176E8 2.5103268494479175E9 
1.3826064482404482E9 1.3047553375388427E9 1.8706251817943983E9 2.2012097728756433E9 8.627519569848292E8 4.820902725615792E8 1.1672928066996486E9 1.5093010326385872E9 2.0852186899982243E9 1.4463288604751973E9 1.5630502304827447E9 1.0235455965569735E9 2.0018331332304265E9 1.6199125612992797E9 1.719203606387395E9 2.383783555700537E9 1.2442489331343155E9 1.851397155554409E9 9.312611373598682E8 1.584142697344067E9 2.571276379414191E9 1.8024692695306888E9 9.943711877611613E8 4.4793503391369176E8 2.5103268494479175E9 
1.3826064482404482E9 1.3047553375388427E9 1.8706251817943983E9 2.2012097728756433E9 8.627519569848292E8 4.820902725615792E8 1.1672928066996486E9 1.5093010326385872E9 2.0852186899982243E9 1.4463288604751973E9 1.5630502304827447E9 1.0235455965569735E9 2.0018331332304265E9 1.6199125612992797E9 1.719203606387395E9 2.383783555700537E9 1.2442489331343155E9 1.851397155554409E9 9.312611373598682E8 1.584142697344067E9 2.571276379414191E9 1.8024692695306888E9 9.943711877611613E8 4.4793503391369176E8 2.5103268494479175E9 
1.3826064482404482E9 1.3047553375388427E9 1.8706251817943983E9 2.2012097728756433E9 8.627519569848292E8 4.820902725615792E8 1.1672928066996486E9 1.5093010326385872E9 2.0852186899982243E9 1.4463288604751973E9 1.5630502304827447E9 1.0235455965569735E9 2.0018331332304265E9 1.6199125612992797E9 1.719203606387395E9 2.383783555700537E9 1.2442489331343155E9 1.851397155554409E9 9.312611373598682E8 1.584142697344067E9 2.571276379414191E9 1.8024692695306888E9 9.943711877611613E8 4.4793503391369176E8 2.5103268494479175E9 
1.3826064482404482E9 1.3047553375388427E9 1.8706251817943983E9 2.2012097728756433E9 8.627519569848292E8 4.820902725615792E8 1.1672928066996486E9 1.5093010326385872E9 2.0852186899982243E9 1.4463288604751973E9 1.5630502304827447E9 1.0235455965569735E9 2.0018331332304265E9 1.6199125612992797E9 1.719203606387395E9 2.383783555700537E9 1.2442489331343155E9 1.851397155554409E9 9.312611373598682E8 1.584142697344067E9 2.571276379414191E9 1.8024692695306888E9 9.943711877611613E8 4.4793503391369176E8 2.5103268494479175E9 
1.3826064482404482E9 1.3047553375388427E9 1.8706251817943983E9 2.2012097728756433E9 8.627519569848292E8 4.820902725615792E8 1.1672928066996486E9 1.5093010326385872E9 2.0852186899982243E9 1.4463288604751973E9 1.5630502304827447E9 1.0235455965569735E9 2.0018331332304265E9 1.6199125612992797E9 1.719203606387395E9 2.383783555700537E9 1.2442489331343155E9 1.851397155554409E9 9.312611373598682E8 1.584142697344067E9 2.571276379414191E9 1.8024692695306888E9 9.943711877611613E8 4.4793503391369176E8 2.5103268494479175E9 
1.3826064482404482E9 1.3047553375388427E9 1.8706251817943983E9 2.2012097728756433E9 8.627519569848292E8 4.820902725615792E8 1.1672928066996486E9 1.5093010326385872E9 2.0852186899982243E9 1.4463288604751973E9 1.5630502304827447E9 1.0235455965569735E9 2.0018331332304265E9 1.6199125612992797E9 1.719203606387395E9 2.383783555700537E9 1.2442489331343155E9 1.851397155554409E9 9.312611373598682E8 1.584142697344067E9 2.571276379414191E9 1.8024692695306888E9 9.943711877611613E8 4.4793503391369176E8 2.5103268494479175E9 
1.3826064482404482E9 1.3047553375388427E9 1.8706251817943983E9 2.2012097728756433E9 8.627519569848292E8 4.820902725615792E8 1.1672928066996486E9 1.5093010326385872E9 2.0852186899982243E9 1.4463288604751973E9 1.5630502304827447E9 1.0235455965569735E9 2.0018331332304265E9 1.6199125612992797E9 1.719203606387395E9 2.383783555700537E9 1.2442489331343155E9 1.851397155554409E9 9.312611373598682E8 1.584142697344067E9 2.571276379414191E9 1.8024692695306888E9 9.943711877611613E8 4.4793503391369176E8 2.5103268494479175E9 
1.3826064482404482E9 1.3047553375388427E9 1.8706251817943983E9 2.2012097728756433E9 8.627519569848292E8 4.820902725615792E8 1.1672928066996486E9 1.5093010326385872E9 2.0852186899982243E9 1.4463288604751973E9 1.5630502304827447E9 1.0235455965569735E9 2.0018331332304265E9 1.6199125612992797E9 1.719203606387395E9 2.383783555700537E9 1.2442489331343155E9 1.851397155554409E9 9.312611373598682E8 1.584142697344067E9 2.571276379414191E9 1.8024692695306888E9 9.943711877611613E8 4.4793503391369176E8 2.5103268494479175E9 
1.3826064482404482E9 1.3047553375388427E9 1.8706251817943983E9 2.2012097728756433E9 8.627519569848292E8 4.820902725615792E8 1.1672928066996486E9 1.5093010326385872E9 2.0852186899982243E9 1.4463288604751973E9 1.5630502304827447E9 1.0235455965569735E9 2.0018331332304265E9 1.6199125612992797E9 1.719203606387395E9 2.383783555700537E9 1.2442489331343155E9 1.851397155554409E9 9.312611373598682E8 1.584142697344067E9 2.571276379414191E9 1.8024692695306888E9 9.943711877611613E8 4.4793503391369176E8 2.5103268494479175E9 
1.3826064482404482E9 1.3047553375388427E9 1.8706251817943983E9 2.2012097728756433E9 8.627519569848292E8 4.820902725615792E8 1.1672928066996486E9 1.5093010326385872E9 2.0852186899982243E9 1.4463288604751973E9 1.5630502304827447E9 1.0235455965569735E9 2.0018331332304265E9 1.6199125612992797E9 1.719203606387395E9 2.383783555700537E9 1.2442489331343155E9 1.851397155554409E9 9.312611373598682E8 1.584142697344067E9 2.571276379414191E9 1.8024692695306888E9 9.943711877611613E8 4.4793503391369176E8 2.5103268494479175E9 
1.3826064482404482E9 1.3047553375388427E9 1.8706251817943983E9 2.2012097728756433E9 8.627519569848292E8 4.820902725615792E8 1.1672928066996486E9 1.5093010326385872E9 2.0852186899982243E9 1.4463288604751973E9 1.5630502304827447E9 1.0235455965569735E9 2.0018331332304265E9 1.6199125612992797E9 1.719203606387395E9 2.383783555700537E9 1.2442489331343155E9 1.851397155554409E9 9.312611373598682E8 1.584142697344067E9 2.571276379414191E9 1.8024692695306888E9 9.943711877611613E8 4.4793503391369176E8 2.5103268494479175E9 
1.3826064482404482E9 1.3047553375388427E9 1.8706251817943983E9 2.2012097728756433E9 8.627519569848292E8 4.820902725615792E8 1.1672928066996486E9 1.5093010326385872E9 2.0852186899982243E9 1.4463288604751973E9 1.5630502304827447E9 1.0235455965569735E9 2.0018331332304265E9 1.6199125612992797E9 1.719203606387395E9 2.383783555700537E9 1.2442489331343155E9 1.851397155554409E9 9.312611373598682E8 1.584142697344067E9 2.571276379414191E9 1.8024692695306888E9 9.943711877611613E8 4.4793503391369176E8 2.5103268494479175E9 
1.3826064482404482E9 1.3047553375388427E9 1.8706251817943983E9 2.2012097728756433E9 8.627519569848292E8 4.820902725615792E8 1.1672928066996486E9 1.5093010326385872E9 2.0852186899982243E9 1.4463288604751973E9 1.5630502304827447E9 1.0235455965569735E9 2.0018331332304265E9 1.6199125612992797E9 1.719203606387395E9 2.383783555700537E9 1.2442489331343155E9 1.851397155554409E9 9.312611373598682E8 1.584142697344067E9 2.571276379414191E9 1.8024692695306888E9 9.943711877611613E8 4.4793503391369176E8 2.5103268494479175E9 
1.3826064482404482E9 1.3047553375388427E9 1.8706251817943983E9 2.2012097728756433E9 8.627519569848292E8 4.820902725615792E8 1.1672928066996486E9 1.5093010326385872E9 2.0852186899982243E9 1.4463288604751973E9 1.5630502304827447E9 1.0235455965569735E9 2.0018331332304265E9 1.6199125612992797E9 1.719203606387395E9 2.383783555700537E9 1.2442489331343155E9 1.851397155554409E9 9.312611373598682E8 1.584142697344067E9 2.571276379414191E9 1.8024692695306888E9 9.943711877611613E8 4.4793503391369176E8 2.5103268494479175E9 
1.3826064482404482E9 1.3047553375388427E9 1.8706251817943983E9 2.2012097728756433E9 8.627519569848292E8 4.820902725615792E8 1.1672928066996486E9 1.5093010326385872E9 2.0852186899982243E9 1.4463288604751973E9 1.5630502304827447E9 1.0235455965569735E9 2.0018331332304265E9 1.6199125612992797E9 1.719203606387395E9 2.383783555700537E9 1.2442489331343155E9 1.851397155554409E9 9.312611373598682E8 1.584142697344067E9 2.571276379414191E9 1.8024692695306888E9 9.943711877611613E8 4.4793503391369176E8 2.5103268494479175E9 
1.3826064482404482E9 1.3047553375388427E9 1.8706251817943983E9 2.2012097728756433E9 8.627519569848292E8 4.820902725615792E8 1.1672928066996486E9 1.5093010326385872E9 2.0852186899982243E9 1.4463288604751973E9 1.5630502304827447E9 1.0235455965569735E9 2.0018331332304265E9 1.6199125612992797E9 1.719203606387395E9 2.383783555700537E9 1.2442489331343155E9 1.851397155554409E9 9.312611373598682E8 1.584142697344067E9 2.571276379414191E9 1.8024692695306888E9 9.943711877611613E8 4.4793503391369176E8 2.5103268494479175E9 
1.3826064482404482E9 1.3047553375388427E9 1.8706251817943983E9 2.2012097728756433E9 8.627519569848292E8 4.820902725615792E8 1.1672928066996486E9 1.5093010326385872E9 2.0852186899982243E9 1.4463288604751973E9 1.5630502304827447E9 1.0235455965569735E9 2.0018331332304265E9 1.6199125612992797E9 1.719203606387395E9 2.383783555700537E9 1.2442489331343155E9 1.851397155554409E9 9.312611373598682E8 1.584142697344067E9 2.571276379414191E9 1.8024692695306888E9 9.943711877611613E8 4.4793503391369176E8 2.5103268494479175E9 
1.3826064482404482E9 1.3047553375388427E9 1.8706251817943983E9 2.2012097728756433E9 8.627519569848292E8 4.820902725615792E8 1.1672928066996486E9 1.5093010326385872E9 2.0852186899982243E9 1.4463288604751973E9 1.5630502304827447E9 1.0235455965569735E9 2.0018331332304265E9 1.6199125612992797E9 1.719203606387395E9 2.383783555700537E9 1.2442489331343155E9 1.851397155554409E9 9.312611373598682E8 1.584142697344067E9 2.571276379414191E9 1.8024692695306888E9 9.943711877611613E8 4.4793503391369176E8 2.5103268494479175E9 
1.3826064482404482E9 1.3047553375388427E9 1.8706251817943983E9 2.2012097728756433E9 8.627519569848292E8 4.820902725615792E8 1.1672928066996486E9 1.5093010326385872E9 2.0852186899982243E9 1.4463288604751973E9 1.5630502304827447E9 1.0235455965569735E9 2.0018331332304265E9 1.6199125612992797E9 1.719203606387395E9 2.383783555700537E9 1.2442489331343155E9 1.851397155554409E9 9.312611373598682E8 1.584142697344067E9 2.571276379414191E9 1.8024692695306888E9 9.943711877611613E8 4.4793503391369176E8 2.5103268494479175E9 
1.3826064482404482E9 1.3047553375388427E9 1.8706251817943983E9 2.2012097728756433E9 8.627519569848292E8 4.820902725615792E8 1.1672928066996486E9 1.5093010326385872E9 2.0852186899982243E9 1.4463288604751973E9 1.5630502304827447E9 1.0235455965569735E9 2.0018331332304265E9 1.6199125612992797E9 1.719203606387395E9 2.383783555700537E9 1.2442489331343155E9 1.851397155554409E9 9.312611373598682E8 1.584142697344067E9 2.571276379414191E9 1.8024692695306888E9 9.943711877611613E8 4.4793503391369176E8 2.5103268494479175E9 
1.3826064482404482E9 1.3047553375388427E9 1.8706251817943983E9 2.2012097728756433E9 8.627519569848292E8 4.820902725615792E8 1.1672928066996486E9 1.5093010326385872E9 2.0852186899982243E9 1.4463288604751973E9 1.5630502304827447E9 1.0235455965569735E9 2.0018331332304265E9 1.6199125612992797E9 1.2701514012500694E9 2.383783555700537E9 1.2442489331343155E9 1.851397155554409E9 9.312611373598682E8 1.584142697344067E9 2.571276379414191E9 1.8024692695306888E9 9.943711877611613E8 4.4793503391369176E8 2.5103268494479175E9 
1.3826064482404482E9 1.3047553375388427E9 1.8706251817943983E9 2.2012097728756433E9 8.627519569848292E8 4.820902725615792E8 1.1672928066996486E9 1.5093010326385872E9 2.0852186899982243E9 1.4463288604751973E9 1.5630502304827447E9 1.0235455965569735E9 2.0018331332304265E9 1.6199125612992797E9 1.2701514012500694E9 2.383783555700537E9 1.2442489331343155E9 1.851397155554409E9 9.312611373598682E8 1.584142697344067E9 2.571276379414191E9 1.8024692695306888E9 9.943711877611613E8 4.4793503391369176E8 2.5103268494479175E9 
1.3826064482404482E9 1.3047553375388427E9 1.8706251817943983E9 2.2012097728756433E9 8.627519569848292E8 4.820902725615792E8 1.1672928066996486E9 1.5093010326385872E9 2.0852186899982243E9 1.4463288604751973E9 1.5630502304827447E9 1.0235455965569735E9 2.0018331332304265E9 1.6199125612992797E9 1.2701514012500694E9 2.383783555700537E9 1.2442489331343155E9 1.851397155554409E9 9.312611373598682E8 1.584142697344067E9 2.571276379414191E9 1.8024692695306888E9 9.943711877611613E8 4.4793503391369176E8 2.5103268494479175E9 
1.3826064482404482E9 1.3047553375388427E9 1.8706251817943983E9 2.2012097728756433E9 8.627519569848292E8 4.820902725615792E8 1.1672928066996486E9 1.5093010326385872E9 2.0852186899982243E9 1.4463288604751973E9 1.5630502304827447E9 1.0235455965569735E9 2.0018331332304265E9 1.6199125612992797E9 1.2701514012500694E9 2.383783555700537E9 1.2442489331343155E9 1.851397155554409E9 9.312611373598682E8 1.584142697344067E9 2.571276379414191E9 1.8024692695306888E9 9.943711877611613E8 4.4793503391369176E8 2.5103268494479175E9 
1.3826064482404482E9 1.3047553375388427E9 1.8706251817943983E9 2.2012097728756433E9 8.627519569848292E8 4.820902725615792E8 1.1672928066996486E9 1.5093010326385872E9 2.0852186899982243E9 1.4463288604751973E9 1.5630502304827447E9 1.0235455965569735E9 2.0018331332304265E9 1.6199125612992797E9 1.2701514012500694E9 2.383783555700537E9 1.2442489331343155E9 1.851397155554409E9 9.312611373598682E8 1.584142697344067E9 2.571276379414191E9 1.8024692695306888E9 9.943711877611613E8 4.4793503391369176E8 2.4615512711702166E9 
1.3826064482404482E9 1.3047553375388427E9 1.8706251817943983E9 2.2012097728756433E9 8.627519569848292E8 4.820902725615792E8 1.1672928066996486E9 1.5093010326385872E9 2.0852186899982243E9 1.4463288604751973E9 1.5630502304827447E9 1.0235455965569735E9 2.0018331332304265E9 1.6199125612992797E9 1.2701514012500694E9 2.383783555700537E9 1.2442489331343155E9 1.851397155554409E9 9.312611373598682E8 1.584142697344067E9 2.571276379414191E9 1.8024692695306888E9 9.943711877611613E8 4.4793503391369176E8 2.4615512711702166E9 
1.3826064482404482E9 1.3047553375388427E9 1.8706251817943983E9 2.2012097728756433E9 8.627519569848292E8 4.820902725615792E8 1.1672928066996486E9 1.5093010326385872E9 2.0852186899982243E9 1.4463288604751973E9 1.5630502304827447E9 1.0235455965569735E9 2.0018331332304265E9 1.6199125612992797E9 1.2701514012500694E9 2.383783555700537E9 1.2442489331343155E9 1.851397155554409E9 9.312611373598682E8 1.584142697344067E9 2.571276379414191E9 1.8024692695306888E9 9.943711877611613E8 4.4793503391369176E8 2.4615512711702166E9 
1.3826064482404482E9 1.3047553375388427E9 1.8706251817943983E9 2.2012097728756433E9 8.627519569848292E8 4.820902725615792E8 1.1672928066996486E9 1.5093010326385872E9 2.0852186899982243E9 1.4463288604751973E9 1.5630502304827447E9 1.0235455965569735E9 2.0018331332304265E9 1.6199125612992797E9 1.2701514012500694E9 2.383783555700537E9 1.2442489331343155E9 1.851397155554409E9 9.312611373598682E8 1.584142697344067E9 2.571276379414191E9 1.8024692695306888E9 9.943711877611613E8 4.4793503391369176E8 2.4615512711702166E9 
1.3826064482404482E9 1.3047553375388427E9 1.8706251817943983E9 2.2012097728756433E9 8.627519569848292E8 4.820902725615792E8 1.1672928066996486E9 1.5093010326385872E9 2.0852186899982243E9 1.4463288604751973E9 1.5630502304827447E9 1.0235455965569735E9 2.0018331332304265E9 1.6199125612992797E9 1.2701514012500694E9 2.383783555700537E9 1.2442489331343155E9 1.851397155554409E9 9.312611373598682E8 1.584142697344067E9 2.571276379414191E9 1.8024692695306888E9 9.943711877611613E8 4.4793503391369176E8 1.9545890907748334E9 
1.3826064482404482E9 1.3047553375388427E9 1.8706251817943983E9 2.2012097728756433E9 8.627519569848292E8 4.820902725615792E8 1.1672928066996486E9 1.5093010326385872E9 2.0852186899982243E9 1.4463288604751973E9 1.5630502304827447E9 1.0235455965569735E9 2.0018331332304265E9 1.6199125612992797E9 1.2701514012500694E9 2.383783555700537E9 1.2442489331343155E9 1.851397155554409E9 9.312611373598682E8 1.584142697344067E9 2.571276379414191E9 1.8024692695306888E9 9.943711877611613E8 4.4793503391369176E8 1.9545890907748334E9 
1.3826064482404482E9 1.3047553375388427E9 1.8706251817943983E9 2.2012097728756433E9 8.627519569848292E8 4.820902725615792E8 1.1672928066996486E9 1.5093010326385872E9 2.0852186899982243E9 1.4463288604751973E9 1.5630502304827447E9 1.0235455965569735E9 2.0018331332304265E9 1.6199125612992797E9 1.2701514012500694E9 2.383783555700537E9 1.2442489331343155E9 1.851397155554409E9 9.312611373598682E8 1.584142697344067E9 2.571276379414191E9 1.8024692695306888E9 9.943711877611613E8 4.4793503391369176E8 1.9545890907748334E9 
1.3826064482404482E9 1.3047553375388427E9 1.8706251817943983E9 2.2012097728756433E9 8.627519569848292E8 4.820902725615792E8 1.1672928066996486E9 1.5093010326385872E9 2.0852186899982243E9 1.4463288604751973E9 1.5630502304827447E9 1.0235455965569735E9 2.0018331332304265E9 1.6199125612992797E9 1.2701514012500694E9 2.383783555700537E9 1.2442489331343155E9 1.851397155554409E9 9.312611373598682E8 1.584142697344067E9 2.571276379414191E9 1.8024692695306888E9 9.943711877611613E8 4.4793503391369176E8 1.9545890907748334E9 
1.3826064482404482E9 1.3047553375388427E9 1.8706251817943983E9 2.2012097728756433E9 8.627519569848292E8 4.820902725615792E8 1.1672928066996486E9 1.5093010326385872E9 2.0852186899982243E9 1.4463288604751973E9 1.5630502304827447E9 1.0235455965569735E9 2.0018331332304265E9 1.6199125612992797E9 1.2701514012500694E9 2.383783555700537E9 1.2442489331343155E9 1.851397155554409E9 9.312611373598682E8 1.584142697344067E9 2.571276379414191E9 1.8024692695306888E9 9.943711877611613E8 4.4793503391369176E8 1.9545890907748334E9 
1.3826064482404482E9 1.3047553375388427E9 1.8706251817943983E9 2.2012097728756433E9 8.627519569848292E8 4.820902725615792E8 1.1672928066996486E9 1.5093010326385872E9 2.0852186899982243E9 1.4463288604751973E9 1.5630502304827447E9 1.0235455965569735E9 2.0018331332304265E9 1.6199125612992797E9 1.2701514012500694E9 2.383783555700537E9 1.2442489331343155E9 1.851397155554409E9 9.312611373598682E8 1.584142697344067E9 2.571276379414191E9 1.8024692695306888E9 9.943711877611613E8 4.4793503391369176E8 1.9545890907748334E9 
1.3826064482404482E9 1.3047553375388427E9 1.8706251817943983E9 2.2012097728756433E9 8.627519569848292E8 4.820902725615792E8 1.1672928066996486E9 1.5093010326385872E9 2.0852186899982243E9 1.4463288604751973E9 1.5630502304827447E9 1.0235455965569735E9 2.0018331332304265E9 1.6199125612992797E9 1.2701514012500694E9 2.383783555700537E9 1.2442489331343155E9 1.851397155554409E9 9.312611373598682E8 1.584142697344067E9 2.571276379414191E9 1.8024692695306888E9 9.943711877611613E8 4.4793503391369176E8 1.9545890907748334E9 
1.3826064482404482E9 1.3047553375388427E9 1.8706251817943983E9 2.2012097728756433E9 8.627519569848292E8 4.820902725615792E8 1.1672928066996486E9 1.5093010326385872E9 2.0852186899982243E9 1.4463288604751973E9 1.5630502304827447E9 1.0235455965569735E9 2.0018331332304265E9 1.6199125612992797E9 1.2701514012500694E9 2.383783555700537E9 1.2442489331343155E9 1.851397155554409E9 9.312611373598682E8 1.584142697344067E9 2.571276379414191E9 1.8024692695306888E9 9.943711877611613E8 4.4793503391369176E8 1.9545890907748334E9 
1.3826064482404482E9 1.3047553375388427E9 1.8706251817943983E9 2.2012097728756433E9 8.627519569848292E8 4.820902725615792E8 1.1672928066996486E9 1.5093010326385872E9 2.0852186899982243E9 1.4463288604751973E9 1.5630502304827447E9 1.0235455965569735E9 2.0018331332304265E9 1.6199125612992797E9 1.2701514012500694E9 2.383783555700537E9 1.2442489331343155E9 1.851397155554409E9 9.312611373598682E8 1.584142697344067E9 2.571276379414191E9 1.8024692695306888E9 9.943711877611613E8 4.4793503391369176E8 1.9545890907748334E9 
1.3826064482404482E9 1.3047553375388427E9 1.8706251817943983E9 2.2012097728756433E9 8.627519569848292E8 4.820902725615792E8 1.1672928066996486E9 1.5093010326385872E9 2.0852186899982243E9 1.4463288604751973E9 1.5630502304827447E9 1.0235455965569735E9 2.0018331332304265E9 1.6199125612992797E9 1.2701514012500694E9 2.383783555700537E9 1.2442489331343155E9 1.851397155554409E9 9.312611373598682E8 1.584142697344067E9 2.571276379414191E9 1.8024692695306888E9 9.943711877611613E8 4.4793503391369176E8 1.9545890907748334E9 
1.3826064482404482E9 1.3047553375388427E9 1.8706251817943983E9 2.2012097728756433E9 8.627519569848292E8 4.820902725615792E8 1.1672928066996486E9 1.5093010326385872E9 2.0852186899982243E9 1.4463288604751973E9 1.5630502304827447E9 1.0235455965569735E9 2.0018331332304265E9 1.6199125612992797E9 1.2701514012500694E9 2.3814438288702455E9 1.2442489331343155E9 1.851397155554409E9 9.312611373598682E8 1.584142697344067E9 2.571276379414191E9 1.8024692695306888E9 9.943711877611613E8 4.4793503391369176E8 1.9545890907748334E9 
1.3826064482404482E9 1.3047553375388427E9 1.8706251817943983E9 2.2012097728756433E9 8.627519569848292E8 4.820902725615792E8 1.1672928066996486E9 1.5093010326385872E9 2.0852186899982243E9 1.4463288604751973E9 1.5630502304827447E9 1.0235455965569735E9 2.0018331332304265E9 1.6199125612992797E9 1.2701514012500694E9 2.3814438288702455E9 1.2442489331343155E9 1.851397155554409E9 9.312611373598682E8 1.584142697344067E9 2.571276379414191E9 1.8024692695306888E9 9.943711877611613E8 4.4793503391369176E8 1.9545890907748334E9 
1.3826064482404482E9 1.3047553375388427E9 1.8706251817943983E9 2.2012097728756433E9 8.627519569848292E8 4.820902725615792E8 1.1672928066996486E9 1.5093010326385872E9 2.0852186899982243E9 1.4463288604751973E9 1.5630502304827447E9 1.0235455965569735E9 2.0018331332304265E9 1.6199125612992797E9 1.2701514012500694E9 2.3814438288702455E9 1.2442489331343155E9 1.851397155554409E9 9.312611373598682E8 1.584142697344067E9 2.571276379414191E9 1.8024692695306888E9 9.943711877611613E8 4.4793503391369176E8 1.9545890907748334E9 
1.3826064482404482E9 1.3047553375388427E9 1.8706251817943983E9 2.2012097728756433E9 8.627519569848292E8 4.820902725615792E8 1.1672928066996486E9 1.5093010326385872E9 2.0852186899982243E9 1.4463288604751973E9 1.5630502304827447E9 1.0235455965569735E9 2.0018331332304265E9 1.6199125612992797E9 1.2701514012500694E9 2.3814438288702455E9 1.2442489331343155E9 1.851397155554409E9 9.312611373598682E8 1.584142697344067E9 2.571276379414191E9 1.8024692695306888E9 9.943711877611613E8 4.4793503391369176E8 1.9545890907748334E9 
1.3826064482404482E9 1.3047553375388427E9 1.8706251817943983E9 2.2012097728756433E9 8.627519569848292E8 4.820902725615792E8 1.1672928066996486E9 1.5093010326385872E9 2.0852186899982243E9 1.4463288604751973E9 1.5630502304827447E9 1.0235455965569735E9 2.0018331332304265E9 1.6199125612992797E9 1.2701514012500694E9 2.3814438288702455E9 1.2442489331343155E9 1.851397155554409E9 9.312611373598682E8 1.584142697344067E9 2.571276379414191E9 1.8024692695306888E9 9.943711877611613E8 4.4793503391369176E8 1.9545890907748334E9 
1.3826064482404482E9 1.3047553375388427E9 1.8706251817943983E9 2.2012097728756433E9 8.627519569848292E8 4.820902725615792E8 1.1672928066996486E9 1.5093010326385872E9 2.0852186899982243E9 1.4463288604751973E9 1.5630502304827447E9 1.0235455965569735E9 2.0018331332304265E9 1.6199125612992797E9 1.2701514012500694E9 2.3814438288702455E9 1.2442489331343155E9 1.851397155554409E9 9.312611373598682E8 1.584142697344067E9 2.571276379414191E9 1.8024692695306888E9 9.943711877611613E8 4.4793503391369176E8 1.9545890907748334E9 
1.3826064482404482E9 1.3047553375388427E9 1.8706251817943983E9 2.2012097728756433E9 8.627519569848292E8 4.820902725615792E8 1.1672928066996486E9 1.5093010326385872E9 2.0852186899982243E9 1.4463288604751973E9 1.5630502304827447E9 1.0235455965569735E9 2.0018331332304265E9 1.6199125612992797E9 1.2701514012500694E9 2.3814438288702455E9 1.2442489331343155E9 1.851397155554409E9 9.312611373598682E8 1.584142697344067E9 2.571276379414191E9 1.8024692695306888E9 9.943711877611613E8 4.4793503391369176E8 1.9545890907748334E9 
1.3826064482404482E9 1.3047553375388427E9 1.8706251817943983E9 2.2012097728756433E9 8.627519569848292E8 4.820902725615792E8 1.1672928066996486E9 1.5093010326385872E9 2.0852186899982243E9 1.4463288604751973E9 1.5630502304827447E9 1.0235455965569735E9 2.0018331332304265E9 1.6199125612992797E9 1.2701514012500694E9 2.3814438288702455E9 1.2442489331343155E9 1.851397155554409E9 9.312611373598682E8 1.584142697344067E9 2.571276379414191E9 1.8024692695306888E9 9.943711877611613E8 4.4793503391369176E8 1.9545890907748334E9 
1.3826064482404482E9 1.3047553375388427E9 1.8706251817943983E9 2.2012097728756433E9 8.627519569848292E8 4.820902725615792E8 1.1672928066996486E9 1.5093010326385872E9 2.0852186899982243E9 1.4463288604751973E9 1.5630502304827447E9 1.0235455965569735E9 2.0018331332304265E9 1.6199125612992797E9 1.2701514012500694E9 2.3814438288702455E9 1.2442489331343155E9 1.851397155554409E9 9.312611373598682E8 1.584142697344067E9 2.571276379414191E9 1.8024692695306888E9 9.943711877611613E8 4.4793503391369176E8 1.9545890907748334E9 
1.3826064482404482E9 1.3047553375388427E9 1.8706251817943983E9 2.2012097728756433E9 8.627519569848292E8 4.820902725615792E8 1.1672928066996486E9 1.5093010326385872E9 2.0852186899982243E9 1.4463288604751973E9 1.5630502304827447E9 1.0235455965569735E9 2.0018331332304265E9 1.6199125612992797E9 1.2701514012500694E9 2.3814438288702455E9 1.2442489331343155E9 1.851397155554409E9 9.312611373598682E8 1.584142697344067E9 2.571276379414191E9 1.8024692695306888E9 9.943711877611613E8 4.4793503391369176E8 1.9545890907748334E9 
1.3826064482404482E9 1.3047553375388427E9 1.8706251817943983E9 2.2012097728756433E9 8.627519569848292E8 4.820902725615792E8 1.1672928066996486E9 1.5093010326385872E9 2.0852186899982243E9 1.4463288604751973E9 1.5630502304827447E9 1.0235455965569735E9 2.0018331332304265E9 1.6199125612992797E9 1.2701514012500694E9 2.3814438288702455E9 1.2442489331343155E9 1.851397155554409E9 9.312611373598682E8 1.584142697344067E9 2.571276379414191E9 1.8024692695306888E9 9.943711877611613E8 4.4793503391369176E8 1.9545890907748334E9 
1.3826064482404482E9 1.3047553375388427E9 1.8706251817943983E9 2.2012097728756433E9 8.627519569848292E8 4.820902725615792E8 1.1672928066996486E9 1.5093010326385872E9 2.0852186899982243E9 1.4463288604751973E9 1.5630502304827447E9 1.0235455965569735E9 2.0018331332304265E9 1.6199125612992797E9 1.2701514012500694E9 2.3814438288702455E9 1.2442489331343155E9 1.851397155554409E9 9.312611373598682E8 1.584142697344067E9 2.571276379414191E9 1.8024692695306888E9 9.943711877611613E8 4.4793503391369176E8 1.9545890907748334E9 
1.3826064482404482E9 1.3047553375388427E9 1.8706251817943983E9 2.2012097728756433E9 8.627519569848292E8 4.820902725615792E8 1.1672928066996486E9 1.5093010326385872E9 2.0852186899982243E9 1.4463288604751973E9 1.5630502304827447E9 1.0235455965569735E9 2.0018331332304265E9 1.6199125612992797E9 1.2701514012500694E9 2.3814438288702455E9 1.2442489331343155E9 1.851397155554409E9 9.312611373598682E8 1.584142697344067E9 2.571276379414191E9 1.8024692695306888E9 9.943711877611613E8 4.4793503391369176E8 1.9545890907748334E9 
1.3826064482404482E9 1.3047553375388427E9 1.8706251817943983E9 2.2012097728756433E9 8.627519569848292E8 4.820902725615792E8 1.1672928066996486E9 1.5093010326385872E9 2.0852186899982243E9 1.4463288604751973E9 1.5630502304827447E9 1.0235455965569735E9 2.0018331332304265E9 1.6199125612992797E9 1.2701514012500694E9 2.3814438288702455E9 1.2442489331343155E9 1.851397155554409E9 9.312611373598682E8 1.584142697344067E9 2.571276379414191E9 1.8024692695306888E9 9.943711877611613E8 4.4793503391369176E8 1.9545890907748334E9 
1.3826064482404482E9 1.3047553375388427E9 1.8706251817943983E9 2.2012097728756433E9 8.627519569848292E8 4.820902725615792E8 1.1672928066996486E9 1.5093010326385872E9 2.0852186899982243E9 1.4463288604751973E9 1.5630502304827447E9 1.0235455965569735E9 2.0018331332304265E9 1.6199125612992797E9 1.2701514012500694E9 2.3814438288702455E9 1.2442489331343155E9 1.851397155554409E9 9.312611373598682E8 1.584142697344067E9 2.571276379414191E9 1.8024692695306888E9 9.943711877611613E8 4.4793503391369176E8 1.9545890907748334E9 
1.3826064482404482E9 1.3047553375388427E9 1.8706251817943983E9 2.2012097728756433E9 8.627519569848292E8 4.820902725615792E8 1.1672928066996486E9 1.5093010326385872E9 2.0852186899982243E9 1.4463288604751973E9 1.5630502304827447E9 1.0235455965569735E9 2.0018331332304265E9 1.6199125612992797E9 9.239841671476665E8 2.3814438288702455E9 1.2442489331343155E9 1.851397155554409E9 9.312611373598682E8 1.584142697344067E9 2.571276379414191E9 1.8024692695306888E9 9.943711877611613E8 4.4793503391369176E8 1.9545890907748334E9 
1.3826064482404482E9 1.3047553375388427E9 1.8706251817943983E9 2.2012097728756433E9 8.627519569848292E8 4.820902725615792E8 1.1672928066996486E9 1.5093010326385872E9 2.0852186899982243E9 1.4463288604751973E9 1.5630502304827447E9 1.0235455965569735E9 2.0018331332304265E9 1.6199125612992797E9 9.239841671476665E8 2.3814438288702455E9 1.2442489331343155E9 1.851397155554409E9 9.312611373598682E8 1.584142697344067E9 2.571276379414191E9 1.8024692695306888E9 9.943711877611613E8 4.4793503391369176E8 1.9545890907748334E9 
1.3826064482404482E9 1.3047553375388427E9 1.8706251817943983E9 2.2012097728756433E9 8.627519569848292E8 4.820902725615792E8 1.1672928066996486E9 1.5093010326385872E9 2.0852186899982243E9 1.4463288604751973E9 1.5630502304827447E9 1.0235455965569735E9 2.0018331332304265E9 1.6199125612992797E9 9.239841671476665E8 2.3814438288702455E9 1.2442489331343155E9 1.851397155554409E9 9.312611373598682E8 1.584142697344067E9 2.571276379414191E9 1.8024692695306888E9 9.943711877611613E8 4.4793503391369176E8 1.9545890907748334E9 
1.3826064482404482E9 1.3047553375388427E9 1.8706251817943983E9 2.2012097728756433E9 8.627519569848292E8 4.820902725615792E8 1.1672928066996486E9 1.5093010326385872E9 2.0852186899982243E9 1.4463288604751973E9 1.5630502304827447E9 1.0235455965569735E9 2.0018331332304265E9 1.6199125612992797E9 9.239841671476665E8 2.3814438288702455E9 1.2442489331343155E9 1.851397155554409E9 9.312611373598682E8 1.584142697344067E9 2.571276379414191E9 1.8024692695306888E9 9.943711877611613E8 4.4793503391369176E8 1.2271004441930263E9 
1.3826064482404482E9 1.3047553375388427E9 1.8706251817943983E9 2.2012097728756433E9 8.627519569848292E8 4.820902725615792E8 1.1672928066996486E9 1.5093010326385872E9 2.0852186899982243E9 1.4463288604751973E9 1.5630502304827447E9 1.0235455965569735E9 2.0018331332304265E9 1.6199125612992797E9 9.239841671476665E8 2.3814438288702455E9 1.2442489331343155E9 1.851397155554409E9 9.312611373598682E8 1.584142697344067E9 2.571276379414191E9 1.8024692695306888E9 9.943711877611613E8 4.4793503391369176E8 1.2271004441930263E9 
1.3826064482404482E9 1.3047553375388427E9 1.8706251817943983E9 2.2012097728756433E9 8.627519569848292E8 4.820902725615792E8 1.1672928066996486E9 1.5093010326385872E9 2.0852186899982243E9 1.4463288604751973E9 1.5630502304827447E9 1.0235455965569735E9 2.0018331332304265E9 1.6199125612992797E9 9.239841671476665E8 2.3814438288702455E9 1.2442489331343155E9 1.851397155554409E9 9.312611373598682E8 1.584142697344067E9 2.571276379414191E9 1.8024692695306888E9 9.943711877611613E8 4.4793503391369176E8 1.2271004441930263E9 
1.3826064482404482E9 1.3047553375388427E9 1.8706251817943983E9 2.2012097728756433E9 8.627519569848292E8 4.820902725615792E8 1.1672928066996486E9 1.5093010326385872E9 2.0852186899982243E9 1.4463288604751973E9 1.5630502304827447E9 1.0235455965569735E9 2.0018331332304265E9 1.6199125612992797E9 9.239841671476665E8 2.3814438288702455E9 1.2442489331343155E9 1.851397155554409E9 9.312611373598682E8 1.584142697344067E9 2.571276379414191E9 1.8024692695306888E9 9.943711877611613E8 4.4793503391369176E8 1.2271004441930263E9 
1.3826064482404482E9 1.3047553375388427E9 1.8706251817943983E9 2.2012097728756433E9 8.627519569848292E8 4.820902725615792E8 1.1672928066996486E9 1.5093010326385872E9 2.0852186899982243E9 1.4463288604751973E9 1.5630502304827447E9 1.0235455965569735E9 2.0018331332304265E9 1.6199125612992797E9 9.239841671476665E8 2.3814438288702455E9 1.2442489331343155E9 1.851397155554409E9 9.312611373598682E8 1.584142697344067E9 2.571276379414191E9 1.8024692695306888E9 9.943711877611613E8 4.4793503391369176E8 1.1136006859459908E9 
1.3826064482404482E9 1.3047553375388427E9 1.8706251817943983E9 2.2012097728756433E9 8.627519569848292E8 4.820902725615792E8 1.1672928066996486E9 1.5093010326385872E9 2.0852186899982243E9 1.4463288604751973E9 1.5630502304827447E9 1.0235455965569735E9 2.0018331332304265E9 1.6199125612992797E9 9.239841671476665E8 2.3814438288702455E9 1.2442489331343155E9 1.851397155554409E9 9.312611373598682E8 1.584142697344067E9 2.571276379414191E9 1.8024692695306888E9 9.943711877611613E8 4.4793503391369176E8 1.1136006859459908E9 
1.3826064482404482E9 1.3047553375388427E9 1.8706251817943983E9 2.2012097728756433E9 8.627519569848292E8 4.820902725615792E8 1.1672928066996486E9 1.5093010326385872E9 2.0852186899982243E9 1.4463288604751973E9 1.5630502304827447E9 1.0235455965569735E9 2.0018331332304265E9 1.6199125612992797E9 9.239841671476665E8 2.3814438288702455E9 1.2442489331343155E9 1.851397155554409E9 9.312611373598682E8 1.584142697344067E9 2.571276379414191E9 1.8024692695306888E9 9.943711877611613E8 4.4793503391369176E8 1.1136006859459908E9 
1.3826064482404482E9 1.3047553375388427E9 1.8706251817943983E9 2.2012097728756433E9 8.627519569848292E8 4.820902725615792E8 1.1672928066996486E9 1.5093010326385872E9 2.0852186899982243E9 1.4463288604751973E9 1.5630502304827447E9 1.0235455965569735E9 2.0018331332304265E9 1.6199125612992797E9 9.239841671476665E8 2.3814438288702455E9 1.2442489331343155E9 1.851397155554409E9 9.312611373598682E8 1.584142697344067E9 2.571276379414191E9 1.8024692695306888E9 9.943711877611613E8 4.4793503391369176E8 1.1136006859459908E9 
1.3826064482404482E9 1.3047553375388427E9 1.8706251817943983E9 2.2012097728756433E9 8.627519569848292E8 4.820902725615792E8 1.1672928066996486E9 1.5093010326385872E9 2.0852186899982243E9 1.4463288604751973E9 1.5630502304827447E9 1.0235455965569735E9 2.0018331332304265E9 1.6199125612992797E9 9.239841671476665E8 2.3814438288702455E9 1.2442489331343155E9 1.851397155554409E9 9.312611373598682E8 1.584142697344067E9 2.571276379414191E9 1.8024692695306888E9 9.943711877611613E8 4.4793503391369176E8 1.1136006859459908E9 
1.3826064482404482E9 1.3047553375388427E9 1.8706251817943983E9 2.2012097728756433E9 8.627519569848292E8 4.820902725615792E8 1.1672928066996486E9 1.5093010326385872E9 2.0852186899982243E9 1.4463288604751973E9 1.5630502304827447E9 1.0235455965569735E9 2.0018331332304265E9 1.6199125612992797E9 9.239841671476665E8 2.3814438288702455E9 1.2442489331343155E9 1.851397155554409E9 9.312611373598682E8 1.584142697344067E9 2.571276379414191E9 1.8024692695306888E9 9.943711877611613E8 4.4793503391369176E8 1.1136006859459908E9 
1.3826064482404482E9 1.3047553375388427E9 1.8706251817943983E9 2.2012097728756433E9 8.627519569848292E8 4.820902725615792E8 1.1672928066996486E9 1.5093010326385872E9 2.0852186899982243E9 1.4463288604751973E9 1.5630502304827447E9 1.0235455965569735E9 2.0018331332304265E9 1.6199125612992797E9 9.239841671476665E8 2.3814438288702455E9 1.2442489331343155E9 1.851397155554409E9 9.312611373598682E8 1.584142697344067E9 2.571276379414191E9 1.8024692695306888E9 9.943711877611613E8 4.4793503391369176E8 1.1136006859459908E9 
1.3826064482404482E9 1.3047553375388427E9 1.8706251817943983E9 2.2012097728756433E9 8.627519569848292E8 4.820902725615792E8 1.1672928066996486E9 1.5093010326385872E9 2.0852186899982243E9 1.4463288604751973E9 1.5630502304827447E9 1.0235455965569735E9 2.0018331332304265E9 1.6199125612992797E9 9.239841671476665E8 2.3814438288702455E9 1.2442489331343155E9 1.851397155554409E9 9.312611373598682E8 1.584142697344067E9 2.571276379414191E9 1.8024692695306888E9 9.943711877611613E8 4.4793503391369176E8 1.1136006859459908E9 
1.3826064482404482E9 1.3047553375388427E9 1.8706251817943983E9 2.2012097728756433E9 8.627519569848292E8 4.820902725615792E8 1.1672928066996486E9 1.5093010326385872E9 2.0852186899982243E9 1.4463288604751973E9 1.5630502304827447E9 1.0235455965569735E9 2.0018331332304265E9 1.6199125612992797E9 9.239841671476665E8 2.3814438288702455E9 1.2442489331343155E9 1.851397155554409E9 9.312611373598682E8 1.584142697344067E9 2.571276379414191E9 1.8024692695306888E9 9.943711877611613E8 4.4793503391369176E8 1.1136006859459908E9 
1.3826064482404482E9 1.3047553375388427E9 1.8706251817943983E9 2.2012097728756433E9 8.627519569848292E8 4.820902725615792E8 1.1672928066996486E9 1.5093010326385872E9 2.0852186899982243E9 1.4463288604751973E9 1.5630502304827447E9 1.0235455965569735E9 2.0018331332304265E9 1.6199125612992797E9 9.239841671476665E8 2.3814438288702455E9 1.2442489331343155E9 1.851397155554409E9 9.312611373598682E8 1.584142697344067E9 2.571276379414191E9 1.8024692695306888E9 9.943711877611613E8 4.4793503391369176E8 1.1136006859459908E9 
1.3826064482404482E9 1.3047553375388427E9 1.8706251817943983E9 2.2012097728756433E9 8.627519569848292E8 4.820902725615792E8 1.1672928066996486E9 1.5093010326385872E9 2.0852186899982243E9 1.4463288604751973E9 1.5630502304827447E9 1.0235455965569735E9 2.0018331332304265E9 1.6199125612992797E9 7.843272757095604E8 2.3814438288702455E9 1.2442489331343155E9 1.851397155554409E9 9.312611373598682E8 1.584142697344067E9 2.571276379414191E9 1.8024692695306888E9 9.943711877611613E8 4.4793503391369176E8 1.1136006859459908E9 
1.3826064482404482E9 1.3047553375388427E9 1.8706251817943983E9 2.2012097728756433E9 8.627519569848292E8 4.820902725615792E8 1.1672928066996486E9 1.5093010326385872E9 2.0852186899982243E9 1.4463288604751973E9 1.5630502304827447E9 1.0235455965569735E9 2.0018331332304265E9 1.6199125612992797E9 7.843272757095604E8 2.3814438288702455E9 1.2442489331343155E9 1.851397155554409E9 9.312611373598682E8 1.584142697344067E9 2.571276379414191E9 1.8024692695306888E9 9.943711877611613E8 4.4793503391369176E8 1.1136006859459908E9 
1.3826064482404482E9 1.3047553375388427E9 1.8706251817943983E9 2.2012097728756433E9 8.627519569848292E8 4.820902725615792E8 1.1672928066996486E9 1.5093010326385872E9 2.0852186899982243E9 1.4463288604751973E9 1.5630502304827447E9 1.0235455965569735E9 2.0018331332304265E9 1.6199125612992797E9 7.843272757095604E8 2.3814438288702455E9 1.2442489331343155E9 1.851397155554409E9 9.312611373598682E8 1.584142697344067E9 2.571276379414191E9 1.8024692695306888E9 9.943711877611613E8 4.4793503391369176E8 1.1136006859459908E9 
1.3826064482404482E9 1.3047553375388427E9 1.8706251817943983E9 2.2012097728756433E9 8.627519569848292E8 4.820902725615792E8 1.1672928066996486E9 1.5093010326385872E9 2.0852186899982243E9 1.4463288604751973E9 1.5630502304827447E9 1.0235455965569735E9 2.0018331332304265E9 1.6199125612992797E9 7.843272757095604E8 2.3814438288702455E9 1.2442489331343155E9 1.851397155554409E9 9.312611373598682E8 1.584142697344067E9 2.571276379414191E9 1.8024692695306888E9 9.943711877611613E8 4.4793503391369176E8 1.1136006859459908E9 
1.3826064482404482E9 1.3047553375388427E9 1.8706251817943983E9 2.2012097728756433E9 8.627519569848292E8 4.820902725615792E8 1.1672928066996486E9 1.5093010326385872E9 2.0852186899982243E9 1.4463288604751973E9 1.5630502304827447E9 1.0235455965569735E9 2.0018331332304265E9 1.6199125612992797E9 7.843272757095604E8 2.3814438288702455E9 1.2442489331343155E9 1.851397155554409E9 9.312611373598682E8 1.584142697344067E9 2.571276379414191E9 1.8024692695306888E9 9.943711877611613E8 4.4793503391369176E8 1.1136006859459908E9 
1.3826064482404482E9 1.3047553375388427E9 1.8706251817943983E9 2.2012097728756433E9 8.627519569848292E8 4.820902725615792E8 1.1672928066996486E9 1.5093010326385872E9 2.0852186899982243E9 1.4463288604751973E9 1.5630502304827447E9 1.0235455965569735E9 2.0018331332304265E9 1.6199125612992797E9 7.843272757095604E8 2.3814438288702455E9 1.2442489331343155E9 1.851397155554409E9 9.312611373598682E8 1.584142697344067E9 2.571276379414191E9 1.8024692695306888E9 9.943711877611613E8 4.4793503391369176E8 1.1136006859459908E9 
1.3826064482404482E9 1.3047553375388427E9 1.8706251817943983E9 2.2012097728756433E9 8.627519569848292E8 4.820902725615792E8 1.1672928066996486E9 1.5093010326385872E9 2.0852186899982243E9 1.4463288604751973E9 1.5630502304827447E9 1.0235455965569735E9 2.0018331332304265E9 1.6199125612992797E9 7.843272757095604E8 2.3814438288702455E9 1.2442489331343155E9 1.851397155554409E9 9.312611373598682E8 1.584142697344067E9 2.571276379414191E9 1.8024692695306888E9 9.943711877611613E8 4.4793503391369176E8 1.1136006859459908E9 
1.3826064482404482E9 1.3047553375388427E9 1.8706251817943983E9 2.2012097728756433E9 8.627519569848292E8 4.820902725615792E8 1.1672928066996486E9 1.5093010326385872E9 2.0852186899982243E9 1.4463288604751973E9 1.5630502304827447E9 1.0235455965569735E9 2.0018331332304265E9 1.6199125612992797E9 7.843272757095604E8 2.3814438288702455E9 1.2442489331343155E9 1.851397155554409E9 9.312611373598682E8 1.584142697344067E9 2.571276379414191E9 1.8024692695306888E9 9.943711877611613E8 4.4793503391369176E8 1.1136006859459908E9 
1.3826064482404482E9 1.3047553375388427E9 1.8706251817943983E9 2.2012097728756433E9 8.627519569848292E8 4.820902725615792E8 1.1672928066996486E9 1.5093010326385872E9 2.0852186899982243E9 1.4463288604751973E9 1.5630502304827447E9 1.0235455965569735E9 2.0018331332304265E9 1.6199125612992797E9 7.843272757095604E8 2.3814438288702455E9 1.2442489331343155E9 1.851397155554409E9 9.312611373598682E8 1.584142697344067E9 2.571276379414191E9 1.8024692695306888E9 9.943711877611613E8 4.4793503391369176E8 1.1136006859459908E9 
1.3826064482404482E9 1.3047553375388427E9 1.8706251817943983E9 2.2012097728756433E9 8.627519569848292E8 4.820902725615792E8 1.1672928066996486E9 1.5093010326385872E9 2.0852186899982243E9 1.4463288604751973E9 1.5630502304827447E9 1.0235455965569735E9 2.0018331332304265E9 1.6199125612992797E9 7.843272757095604E8 2.3814438288702455E9 1.2442489331343155E9 1.851397155554409E9 9.312611373598682E8 1.584142697344067E9 2.571276379414191E9 1.8024692695306888E9 9.943711877611613E8 4.4793503391369176E8 1.1136006859459908E9 
1.3826064482404482E9 1.3047553375388427E9 1.8706251817943983E9 2.2012097728756433E9 8.627519569848292E8 4.820902725615792E8 1.1672928066996486E9 1.5093010326385872E9 2.0852186899982243E9 1.4463288604751973E9 1.5630502304827447E9 1.0235455965569735E9 2.0018331332304265E9 1.6199125612992797E9 7.843272757095604E8 2.3814438288702455E9 1.2442489331343155E9 1.851397155554409E9 9.312611373598682E8 1.584142697344067E9 2.571276379414191E9 1.8024692695306888E9 9.943711877611613E8 4.4793503391369176E8 1.1136006859459908E9 
1.3826064482404482E9 1.3047553375388427E9 1.8706251817943983E9 2.2012097728756433E9 8.627519569848292E8 4.820902725615792E8 1.1672928066996486E9 1.5093010326385872E9 2.0852186899982243E9 1.4463288604751973E9 1.5630502304827447E9 1.0235455965569735E9 2.0018331332304265E9 1.6199125612992797E9 7.843272757095604E8 2.3814438288702455E9 1.2442489331343155E9 1.851397155554409E9 9.312611373598682E8 1.584142697344067E9 2.571276379414191E9 1.8024692695306888E9 9.943711877611613E8 4.4793503391369176E8 1.1136006859459908E9 
1.3826064482404482E9 1.3047553375388427E9 1.8706251817943983E9 2.2012097728756433E9 8.627519569848292E8 4.820902725615792E8 1.1672928066996486E9 1.5093010326385872E9 2.0852186899982243E9 1.4463288604751973E9 1.5630502304827447E9 1.0235455965569735E9 2.0018331332304265E9 1.6199125612992797E9 7.843272757095604E8 2.3814438288702455E9 1.2442489331343155E9 1.851397155554409E9 9.312611373598682E8 1.584142697344067E9 2.571276379414191E9 1.8024692695306888E9 9.943711877611613E8 4.4793503391369176E8 1.1136006859459908E9 
1.3826064482404482E9 1.3047553375388427E9 1.8706251817943983E9 2.2012097728756433E9 8.627519569848292E8 4.820902725615792E8 1.1672928066996486E9 1.5093010326385872E9 2.0852186899982243E9 1.4463288604751973E9 1.5630502304827447E9 1.0235455965569735E9 2.0018331332304265E9 1.6199125612992797E9 7.843272757095604E8 2.3814438288702455E9 1.2442489331343155E9 1.851397155554409E9 9.312611373598682E8 1.584142697344067E9 2.571276379414191E9 1.8024692695306888E9 9.943711877611613E8 4.4793503391369176E8 1.1136006859459908E9 
1.3826064482404482E9 1.3047553375388427E9 1.8706251817943983E9 2.2012097728756433E9 8.627519569848292E8 4.820902725615792E8 1.1672928066996486E9 1.5093010326385872E9 2.0852186899982243E9 1.4463288604751973E9 1.5630502304827447E9 1.0235455965569735E9 2.0018331332304265E9 1.6199125612992797E9 7.843272757095604E8 2.3814438288702455E9 1.2442489331343155E9 1.851397155554409E9 9.312611373598682E8 1.584142697344067E9 2.571276379414191E9 1.8024692695306888E9 9.943711877611613E8 4.4793503391369176E8 1.1136006859459908E9 
1.3826064482404482E9 1.3047553375388427E9 1.8706251817943983E9 2.2012097728756433E9 8.627519569848292E8 4.820902725615792E8 1.1672928066996486E9 1.5093010326385872E9 2.0852186899982243E9 1.4463288604751973E9 1.5630502304827447E9 1.0235455965569735E9 2.0018331332304265E9 1.6199125612992797E9 7.843272757095604E8 2.3814438288702455E9 1.2442489331343155E9 1.851397155554409E9 9.312611373598682E8 1.584142697344067E9 2.571276379414191E9 1.8024692695306888E9 9.943711877611613E8 4.4793503391369176E8 1.1136006859459908E9 
1.3826064482404482E9 1.3047553375388427E9 1.8706251817943983E9 2.2012097728756433E9 8.627519569848292E8 4.820902725615792E8 1.1672928066996486E9 1.5093010326385872E9 2.0852186899982243E9 1.4463288604751973E9 1.5630502304827447E9 1.0235455965569735E9 2.0018331332304265E9 1.6199125612992797E9 7.843272757095604E8 2.3814438288702455E9 1.2442489331343155E9 1.851397155554409E9 9.312611373598682E8 1.584142697344067E9 2.571276379414191E9 1.8024692695306888E9 9.943711877611613E8 4.4793503391369176E8 1.1136006859459908E9 
1.3826064482404482E9 1.3047553375388427E9 1.8706251817943983E9 2.2012097728756433E9 8.627519569848292E8 4.820902725615792E8 1.1672928066996486E9 1.5093010326385872E9 2.0852186899982243E9 1.4463288604751973E9 1.5630502304827447E9 1.0235455965569735E9 2.0018331332304265E9 1.6199125612992797E9 7.843272757095604E8 2.3814438288702455E9 1.2442489331343155E9 1.851397155554409E9 9.312611373598682E8 1.584142697344067E9 2.571276379414191E9 1.8024692695306888E9 9.943711877611613E8 4.4793503391369176E8 1.1136006859459908E9 
1.3826064482404482E9 1.3047553375388427E9 1.8706251817943983E9 2.2012097728756433E9 8.627519569848292E8 4.820902725615792E8 1.1672928066996486E9 1.5093010326385872E9 2.0852186899982243E9 1.4463288604751973E9 1.5630502304827447E9 1.0235455965569735E9 2.0018331332304265E9 1.6199125612992797E9 7.843272757095604E8 2.3814438288702455E9 1.2442489331343155E9 1.851397155554409E9 9.312611373598682E8 1.584142697344067E9 2.571276379414191E9 1.8024692695306888E9 9.943711877611613E8 4.4793503391369176E8 1.1136006859459908E9 
1.3826064482404482E9 1.3047553375388427E9 1.8706251817943983E9 2.2012097728756433E9 8.627519569848292E8 4.820902725615792E8 1.1672928066996486E9 1.5093010326385872E9 2.0852186899982243E9 1.4463288604751973E9 1.5630502304827447E9 1.0235455965569735E9 2.0018331332304265E9 1.6199125612992797E9 7.843272757095604E8 2.3814438288702455E9 1.2442489331343155E9 1.851397155554409E9 9.312611373598682E8 1.584142697344067E9 2.571276379414191E9 1.8024692695306888E9 9.943711877611613E8 4.4793503391369176E8 1.1136006859459908E9 
1.3826064482404482E9 1.3047553375388427E9 1.8706251817943983E9 2.2012097728756433E9 8.627519569848292E8 4.820902725615792E8 1.1672928066996486E9 1.5093010326385872E9 2.0852186899982243E9 1.4463288604751973E9 1.5630502304827447E9 1.0235455965569735E9 2.0018331332304265E9 1.6199125612992797E9 7.843272757095604E8 2.3814438288702455E9 1.2442489331343155E9 1.851397155554409E9 9.312611373598682E8 1.584142697344067E9 2.571276379414191E9 1.8024692695306888E9 9.943711877611613E8 4.4793503391369176E8 1.1136006859459908E9 
1.3826064482404482E9 1.3047553375388427E9 1.8706251817943983E9 2.2012097728756433E9 8.627519569848292E8 4.820902725615792E8 1.1672928066996486E9 1.5093010326385872E9 2.0852186899982243E9 1.4463288604751973E9 1.5630502304827447E9 1.0235455965569735E9 2.0018331332304265E9 1.6199125612992797E9 7.843272757095604E8 2.3814438288702455E9 1.2442489331343155E9 1.851397155554409E9 9.312611373598682E8 1.584142697344067E9 2.571276379414191E9 1.8024692695306888E9 9.943711877611613E8 4.4793503391369176E8 1.1136006859459908E9 
1.3826064482404482E9 1.3047553375388427E9 1.8706251817943983E9 2.2012097728756433E9 8.627519569848292E8 4.820902725615792E8 1.1672928066996486E9 1.5093010326385872E9 2.0852186899982243E9 1.4463288604751973E9 1.5630502304827447E9 1.0235455965569735E9 2.0018331332304265E9 1.6199125612992797E9 7.843272757095604E8 2.3814438288702455E9 1.2442489331343155E9 1.851397155554409E9 9.312611373598682E8 1.584142697344067E9 2.571276379414191E9 1.8024692695306888E9 9.943711877611613E8 4.4793503391369176E8 1.1136006859459908E9 
1.3826064482404482E9 1.3047553375388427E9 1.8706251817943983E9 2.2012097728756433E9 8.627519569848292E8 4.820902725615792E8 1.1672928066996486E9 1.5093010326385872E9 2.0852186899982243E9 1.4463288604751973E9 1.5630502304827447E9 1.0235455965569735E9 2.0018331332304265E9 1.6199125612992797E9 7.843272757095604E8 2.3814438288702455E9 1.2442489331343155E9 1.851397155554409E9 9.312611373598682E8 1.584142697344067E9 2.571276379414191E9 1.8024692695306888E9 9.943711877611613E8 4.4793503391369176E8 1.1136006859459908E9 
1.3826064482404482E9 1.3047553375388427E9 1.8706251817943983E9 2.2012097728756433E9 8.627519569848292E8 4.820902725615792E8 1.1672928066996486E9 1.5093010326385872E9 2.0852186899982243E9 1.4463288604751973E9 1.5630502304827447E9 1.0235455965569735E9 2.0018331332304265E9 1.6199125612992797E9 7.843272757095604E8 2.3814438288702455E9 1.2442489331343155E9 1.851397155554409E9 9.312611373598682E8 1.584142697344067E9 2.571276379414191E9 1.8024692695306888E9 9.943711877611613E8 4.4793503391369176E8 1.1136006859459908E9 
1.3826064482404482E9 1.3047553375388427E9 1.8706251817943983E9 2.2012097728756433E9 8.627519569848292E8 4.820902725615792E8 1.1672928066996486E9 1.5093010326385872E9 2.0852186899982243E9 1.4463288604751973E9 1.5630502304827447E9 1.0235455965569735E9 2.0018331332304265E9 1.6199125612992797E9 7.843272757095604E8 2.3814438288702455E9 1.2442489331343155E9 1.851397155554409E9 9.312611373598682E8 1.584142697344067E9 2.571276379414191E9 1.8024692695306888E9 9.943711877611613E8 4.4793503391369176E8 1.1136006859459908E9 
1.3826064482404482E9 1.3047553375388427E9 1.8706251817943983E9 2.2012097728756433E9 8.627519569848292E8 4.820902725615792E8 1.1672928066996486E9 1.5093010326385872E9 2.0852186899982243E9 1.4463288604751973E9 1.5630502304827447E9 1.0235455965569735E9 2.0018331332304265E9 1.6199125612992797E9 7.843272757095604E8 2.3814438288702455E9 1.2442489331343155E9 1.851397155554409E9 9.312611373598682E8 1.584142697344067E9 2.571276379414191E9 1.8024692695306888E9 9.943711877611613E8 4.4793503391369176E8 1.1136006859459908E9 
1.3826064482404482E9 1.3047553375388427E9 1.8706251817943983E9 2.2012097728756433E9 8.627519569848292E8 4.820902725615792E8 1.1672928066996486E9 1.5093010326385872E9 2.0852186899982243E9 1.4463288604751973E9 1.5630502304827447E9 1.0235455965569735E9 2.0018331332304265E9 1.6199125612992797E9 7.843272757095604E8 2.3814438288702455E9 1.2442489331343155E9 1.851397155554409E9 9.312611373598682E8 1.584142697344067E9 2.571276379414191E9 1.8024692695306888E9 9.943711877611613E8 4.4793503391369176E8 1.1136006859459908E9 
1.3826064482404482E9 1.3047553375388427E9 1.8706251817943983E9 2.2012097728756433E9 8.627519569848292E8 4.820902725615792E8 1.1672928066996486E9 1.5093010326385872E9 2.0852186899982243E9 1.4463288604751973E9 1.5630502304827447E9 1.0235455965569735E9 2.0018331332304265E9 1.6199125612992797E9 7.843272757095604E8 2.3814438288702455E9 1.2442489331343155E9 1.851397155554409E9 9.312611373598682E8 1.584142697344067E9 2.571276379414191E9 1.8024692695306888E9 9.943711877611613E8 4.4793503391369176E8 1.1136006859459908E9 
1.3826064482404482E9 1.3047553375388427E9 1.8706251817943983E9 2.2012097728756433E9 8.627519569848292E8 4.820902725615792E8 1.1672928066996486E9 1.5093010326385872E9 2.0852186899982243E9 1.4463288604751973E9 1.5630502304827447E9 1.0235455965569735E9 2.0018331332304265E9 1.6199125612992797E9 7.843272757095604E8 2.3814438288702455E9 1.2442489331343155E9 1.851397155554409E9 9.312611373598682E8 1.584142697344067E9 2.571276379414191E9 1.8024692695306888E9 9.943711877611613E8 4.4793503391369176E8 1.1136006859459908E9 
1.3826064482404482E9 1.3047553375388427E9 1.8706251817943983E9 2.2012097728756433E9 8.627519569848292E8 4.820902725615792E8 1.1672928066996486E9 1.5093010326385872E9 2.0852186899982243E9 1.4463288604751973E9 1.5630502304827447E9 1.0235455965569735E9 2.0018331332304265E9 1.6199125612992797E9 7.843272757095604E8 2.3814438288702455E9 1.2442489331343155E9 1.851397155554409E9 9.312611373598682E8 1.584142697344067E9 2.571276379414191E9 1.8024692695306888E9 9.943711877611613E8 4.4793503391369176E8 1.1136006859459908E9 
1.3826064482404482E9 1.3047553375388427E9 1.8706251817943983E9 2.2012097728756433E9 8.627519569848292E8 4.820902725615792E8 1.1672928066996486E9 1.5093010326385872E9 2.0852186899982243E9 1.4463288604751973E9 1.5630502304827447E9 1.0235455965569735E9 2.0018331332304265E9 1.6199125612992797E9 7.843272757095604E8 2.3814438288702455E9 1.2442489331343155E9 1.851397155554409E9 9.312611373598682E8 1.584142697344067E9 2.571276379414191E9 1.8024692695306888E9 9.943711877611613E8 4.4793503391369176E8 1.1136006859459908E9 
1.3826064482404482E9 1.3047553375388427E9 1.8706251817943983E9 2.2012097728756433E9 8.627519569848292E8 4.820902725615792E8 1.1672928066996486E9 1.5093010326385872E9 2.0852186899982243E9 1.4463288604751973E9 1.5630502304827447E9 1.0235455965569735E9 2.0018331332304265E9 1.6199125612992797E9 7.843272757095604E8 2.3814438288702455E9 1.2442489331343155E9 1.851397155554409E9 9.312611373598682E8 1.584142697344067E9 2.571276379414191E9 1.8024692695306888E9 9.943711877611613E8 4.4793503391369176E8 1.1136006859459908E9 
1.3826064482404482E9 1.3047553375388427E9 1.8706251817943983E9 2.2012097728756433E9 8.627519569848292E8 4.820902725615792E8 1.1672928066996486E9 1.5093010326385872E9 1.695946982245676E9 1.4463288604751973E9 1.5630502304827447E9 1.0235455965569735E9 2.0018331332304265E9 1.6199125612992797E9 7.843272757095604E8 2.3814438288702455E9 1.2442489331343155E9 1.851397155554409E9 9.312611373598682E8 1.584142697344067E9 2.571276379414191E9 1.8024692695306888E9 9.943711877611613E8 4.4793503391369176E8 1.1136006859459908E9 
1.3826064482404482E9 1.3047553375388427E9 1.8706251817943983E9 2.2012097728756433E9 8.627519569848292E8 4.820902725615792E8 1.1672928066996486E9 1.5093010326385872E9 1.695946982245676E9 1.4463288604751973E9 1.5630502304827447E9 1.0235455965569735E9 2.0018331332304265E9 1.6199125612992797E9 7.843272757095604E8 2.3814438288702455E9 1.2442489331343155E9 1.851397155554409E9 9.312611373598682E8 1.584142697344067E9 2.571276379414191E9 1.8024692695306888E9 9.943711877611613E8 4.4793503391369176E8 1.1136006859459908E9 
1.3826064482404482E9 1.3047553375388427E9 1.8706251817943983E9 2.2012097728756433E9 8.627519569848292E8 4.820902725615792E8 1.1672928066996486E9 1.5093010326385872E9 1.695946982245676E9 1.4463288604751973E9 1.5630502304827447E9 1.0235455965569735E9 2.0018331332304265E9 1.6199125612992797E9 7.843272757095604E8 2.3814438288702455E9 1.2442489331343155E9 1.851397155554409E9 9.312611373598682E8 1.584142697344067E9 2.571276379414191E9 1.8024692695306888E9 9.943711877611613E8 4.4793503391369176E8 1.1136006859459908E9 
1.3826064482404482E9 1.3047553375388427E9 1.8706251817943983E9 2.2012097728756433E9 8.627519569848292E8 4.820902725615792E8 1.1672928066996486E9 1.5093010326385872E9 1.695946982245676E9 1.4463288604751973E9 1.5630502304827447E9 1.0235455965569735E9 2.0018331332304265E9 1.6199125612992797E9 7.843272757095604E8 2.3814438288702455E9 1.2442489331343155E9 1.851397155554409E9 9.312611373598682E8 1.584142697344067E9 2.571276379414191E9 1.8024692695306888E9 9.943711877611613E8 4.4793503391369176E8 1.1136006859459908E9 
1.3826064482404482E9 1.3047553375388427E9 1.8706251817943983E9 2.2012097728756433E9 8.627519569848292E8 4.820902725615792E8 1.1672928066996486E9 1.5093010326385872E9 1.695946982245676E9 1.4463288604751973E9 1.5630502304827447E9 1.0235455965569735E9 2.0018331332304265E9 1.6199125612992797E9 7.843272757095604E8 2.3814438288702455E9 1.2442489331343155E9 1.851397155554409E9 9.312611373598682E8 1.584142697344067E9 2.571276379414191E9 1.8024692695306888E9 9.943711877611613E8 4.4793503391369176E8 1.1136006859459908E9 
1.3826064482404482E9 1.3047553375388427E9 1.8706251817943983E9 2.2012097728756433E9 8.627519569848292E8 4.820902725615792E8 1.1672928066996486E9 1.5093010326385872E9 1.695946982245676E9 1.4463288604751973E9 1.5630502304827447E9 1.0235455965569735E9 2.0018331332304265E9 1.6199125612992797E9 7.843272757095604E8 2.3814438288702455E9 1.2442489331343155E9 1.851397155554409E9 9.312611373598682E8 1.584142697344067E9 2.571276379414191E9 1.8024692695306888E9 9.943711877611613E8 4.4793503391369176E8 1.1136006859459908E9 
1.3826064482404482E9 1.3047553375388427E9 1.8706251817943983E9 2.2012097728756433E9 8.627519569848292E8 4.820902725615792E8 1.1672928066996486E9 1.5093010326385872E9 1.695946982245676E9 1.4463288604751973E9 1.5630502304827447E9 1.0235455965569735E9 2.0018331332304265E9 1.6199125612992797E9 7.843272757095604E8 2.3814438288702455E9 1.2442489331343155E9 1.851397155554409E9 9.312611373598682E8 1.584142697344067E9 2.571276379414191E9 1.8024692695306888E9 9.943711877611613E8 4.4793503391369176E8 1.1136006859459908E9 
1.3826064482404482E9 1.3047553375388427E9 1.8706251817943983E9 2.2012097728756433E9 8.627519569848292E8 4.820902725615792E8 1.1672928066996486E9 1.5093010326385872E9 1.695946982245676E9 1.4463288604751973E9 1.5630502304827447E9 1.0235455965569735E9 2.0018331332304265E9 1.6199125612992797E9 7.843272757095604E8 2.3814438288702455E9 1.2442489331343155E9 1.851397155554409E9 9.312611373598682E8 1.584142697344067E9 2.571276379414191E9 1.8024692695306888E9 9.943711877611613E8 4.4793503391369176E8 1.1136006859459908E9 
1.3826064482404482E9 1.3047553375388427E9 1.8706251817943983E9 2.2012097728756433E9 8.627519569848292E8 4.820902725615792E8 1.1672928066996486E9 1.5093010326385872E9 1.695946982245676E9 1.4463288604751973E9 1.5630502304827447E9 1.0235455965569735E9 2.0018331332304265E9 1.6199125612992797E9 7.843272757095604E8 2.3814438288702455E9 1.2442489331343155E9 1.851397155554409E9 9.312611373598682E8 1.584142697344067E9 2.571276379414191E9 1.8024692695306888E9 9.943711877611613E8 4.4793503391369176E8 1.1136006859459908E9 
1.3826064482404482E9 1.3047553375388427E9 1.8706251817943983E9 2.2012097728756433E9 8.627519569848292E8 4.820902725615792E8 1.1672928066996486E9 1.5093010326385872E9 1.695946982245676E9 1.4463288604751973E9 1.5630502304827447E9 1.0235455965569735E9 2.0018331332304265E9 1.6199125612992797E9 7.843272757095604E8 2.3814438288702455E9 1.2442489331343155E9 1.851397155554409E9 9.312611373598682E8 1.584142697344067E9 2.571276379414191E9 1.8024692695306888E9 9.943711877611613E8 4.4793503391369176E8 1.1136006859459908E9 
1.3826064482404482E9 1.3047553375388427E9 1.8706251817943983E9 2.2012097728756433E9 8.627519569848292E8 4.820902725615792E8 1.1672928066996486E9 1.5093010326385872E9 1.695946982245676E9 1.4463288604751973E9 1.5630502304827447E9 1.0235455965569735E9 2.0018331332304265E9 1.6199125612992797E9 7.843272757095604E8 2.3814438288702455E9 1.2442489331343155E9 1.851397155554409E9 9.312611373598682E8 1.584142697344067E9 2.571276379414191E9 1.8024692695306888E9 9.943711877611613E8 4.4793503391369176E8 1.1136006859459908E9 
1.3826064482404482E9 1.3047553375388427E9 1.8706251817943983E9 2.2012097728756433E9 8.627519569848292E8 4.820902725615792E8 1.1672928066996486E9 1.5093010326385872E9 1.695946982245676E9 1.4463288604751973E9 1.5630502304827447E9 1.0235455965569735E9 2.0018331332304265E9 1.6199125612992797E9 7.843272757095604E8 2.3814438288702455E9 1.2442489331343155E9 1.851397155554409E9 9.312611373598682E8 1.584142697344067E9 2.571276379414191E9 1.8024692695306888E9 9.943711877611613E8 4.4793503391369176E8 1.1136006859459908E9 
1.3826064482404482E9 1.3047553375388427E9 1.8706251817943983E9 2.2012097728756433E9 8.627519569848292E8 4.820902725615792E8 1.1672928066996486E9 1.5093010326385872E9 1.695946982245676E9 1.4463288604751973E9 1.5630502304827447E9 1.0235455965569735E9 2.0018331332304265E9 1.6199125612992797E9 7.843272757095604E8 2.3814438288702455E9 1.2442489331343155E9 1.851397155554409E9 9.312611373598682E8 1.584142697344067E9 2.571276379414191E9 1.8024692695306888E9 9.943711877611613E8 4.4793503391369176E8 1.1136006859459908E9 
1.3826064482404482E9 1.3047553375388427E9 1.4497976684955146E9 2.2012097728756433E9 8.627519569848292E8 4.820902725615792E8 1.1672928066996486E9 1.5093010326385872E9 1.695946982245676E9 1.4463288604751973E9 1.5630502304827447E9 1.0235455965569735E9 2.0018331332304265E9 1.6199125612992797E9 7.843272757095604E8 2.3814438288702455E9 1.2442489331343155E9 1.851397155554409E9 9.312611373598682E8 1.584142697344067E9 2.571276379414191E9 1.8024692695306888E9 9.943711877611613E8 4.4793503391369176E8 1.1136006859459908E9 
1.3826064482404482E9 1.3047553375388427E9 1.4497976684955146E9 2.2012097728756433E9 8.627519569848292E8 4.820902725615792E8 1.1672928066996486E9 1.5093010326385872E9 1.695946982245676E9 1.4463288604751973E9 1.5630502304827447E9 1.0235455965569735E9 2.0018331332304265E9 1.6199125612992797E9 7.843272757095604E8 2.3814438288702455E9 1.2442489331343155E9 1.851397155554409E9 9.312611373598682E8 1.584142697344067E9 2.571276379414191E9 1.8024692695306888E9 9.943711877611613E8 4.4793503391369176E8 1.1136006859459908E9 
1.3826064482404482E9 1.3047553375388427E9 1.4497976684955146E9 2.2012097728756433E9 8.627519569848292E8 4.820902725615792E8 1.1672928066996486E9 1.5093010326385872E9 1.695946982245676E9 1.4463288604751973E9 1.5630502304827447E9 1.0235455965569735E9 2.0018331332304265E9 1.6199125612992797E9 7.843272757095604E8 2.3814438288702455E9 1.2442489331343155E9 1.851397155554409E9 9.312611373598682E8 1.584142697344067E9 2.571276379414191E9 1.8024692695306888E9 9.943711877611613E8 4.4793503391369176E8 1.1136006859459908E9 
1.3826064482404482E9 1.3047553375388427E9 1.4497976684955146E9 2.2012097728756433E9 8.627519569848292E8 4.820902725615792E8 1.1672928066996486E9 1.5093010326385872E9 1.695946982245676E9 1.4463288604751973E9 1.5630502304827447E9 1.0235455965569735E9 2.0018331332304265E9 1.6199125612992797E9 7.843272757095604E8 2.3814438288702455E9 1.2442489331343155E9 1.851397155554409E9 9.312611373598682E8 1.584142697344067E9 2.571276379414191E9 1.8024692695306888E9 9.943711877611613E8 4.4793503391369176E8 1.1136006859459908E9 
1.3826064482404482E9 1.3047553375388427E9 1.4497976684955146E9 2.2012097728756433E9 8.627519569848292E8 4.820902725615792E8 1.1672928066996486E9 1.5093010326385872E9 1.695946982245676E9 1.4463288604751973E9 1.5630502304827447E9 1.0235455965569735E9 2.0018331332304265E9 1.6199125612992797E9 7.843272757095604E8 2.3814438288702455E9 1.2442489331343155E9 1.851397155554409E9 9.312611373598682E8 1.584142697344067E9 2.571276379414191E9 1.8024692695306888E9 9.943711877611613E8 4.4793503391369176E8 1.1136006859459908E9 
1.3826064482404482E9 1.3047553375388427E9 1.4497976684955146E9 2.2012097728756433E9 8.627519569848292E8 4.820902725615792E8 1.1672928066996486E9 1.5093010326385872E9 1.695946982245676E9 1.4463288604751973E9 1.5630502304827447E9 1.0235455965569735E9 2.0018331332304265E9 1.6199125612992797E9 7.843272757095604E8 2.3814438288702455E9 1.2442489331343155E9 1.851397155554409E9 9.312611373598682E8 1.584142697344067E9 2.571276379414191E9 1.8024692695306888E9 9.943711877611613E8 4.4793503391369176E8 1.1136006859459908E9 
1.3826064482404482E9 1.3047553375388427E9 1.4497976684955146E9 2.2012097728756433E9 8.627519569848292E8 4.820902725615792E8 1.1672928066996486E9 1.5093010326385872E9 1.695946982245676E9 1.4463288604751973E9 1.5630502304827447E9 1.0235455965569735E9 2.0018331332304265E9 1.6199125612992797E9 7.843272757095604E8 2.3814438288702455E9 1.2442489331343155E9 1.851397155554409E9 9.312611373598682E8 1.584142697344067E9 2.571276379414191E9 1.8024692695306888E9 9.943711877611613E8 4.4793503391369176E8 1.1136006859459908E9 
1.3826064482404482E9 1.3047553375388427E9 1.4497976684955146E9 2.2012097728756433E9 8.627519569848292E8 4.820902725615792E8 1.1672928066996486E9 1.5093010326385872E9 1.695946982245676E9 1.4463288604751973E9 1.5630502304827447E9 1.0235455965569735E9 2.0018331332304265E9 1.6199125612992797E9 7.843272757095604E8 2.3814438288702455E9 1.2442489331343155E9 1.851397155554409E9 9.312611373598682E8 1.584142697344067E9 2.571276379414191E9 1.8024692695306888E9 9.943711877611613E8 4.4793503391369176E8 1.1136006859459908E9 
1.3826064482404482E9 1.3047553375388427E9 1.4497976684955146E9 2.2012097728756433E9 8.627519569848292E8 4.820902725615792E8 1.1672928066996486E9 1.5093010326385872E9 1.695946982245676E9 1.4463288604751973E9 1.5630502304827447E9 1.0235455965569735E9 2.0018331332304265E9 1.6199125612992797E9 7.843272757095604E8 2.3814438288702455E9 1.2442489331343155E9 1.851397155554409E9 9.312611373598682E8 1.584142697344067E9 2.571276379414191E9 1.8024692695306888E9 9.943711877611613E8 4.4793503391369176E8 1.1136006859459908E9 
1.3826064482404482E9 1.3047553375388427E9 1.4497976684955146E9 2.2012097728756433E9 8.627519569848292E8 4.820902725615792E8 1.1672928066996486E9 1.5093010326385872E9 1.695946982245676E9 1.4463288604751973E9 1.5630502304827447E9 1.0235455965569735E9 2.0018331332304265E9 1.6199125612992797E9 7.843272757095604E8 2.3814438288702455E9 1.2442489331343155E9 1.851397155554409E9 9.312611373598682E8 1.584142697344067E9 2.571276379414191E9 1.8024692695306888E9 9.943711877611613E8 4.4793503391369176E8 1.1136006859459908E9 
1.3826064482404482E9 1.3047553375388427E9 1.4497976684955146E9 2.2012097728756433E9 8.627519569848292E8 4.820902725615792E8 1.1672928066996486E9 1.5093010326385872E9 1.695946982245676E9 1.4463288604751973E9 1.5630502304827447E9 1.0235455965569735E9 2.0018331332304265E9 1.6199125612992797E9 7.843272757095604E8 2.3814438288702455E9 1.2442489331343155E9 1.851397155554409E9 9.312611373598682E8 1.584142697344067E9 2.571276379414191E9 1.8024692695306888E9 9.943711877611613E8 4.4793503391369176E8 1.1136006859459908E9 
1.3826064482404482E9 1.3047553375388427E9 1.4497976684955146E9 2.0728174442607522E9 8.627519569848292E8 4.820902725615792E8 1.1672928066996486E9 1.5093010326385872E9 1.695946982245676E9 1.4463288604751973E9 1.5630502304827447E9 1.0235455965569735E9 2.0018331332304265E9 1.6199125612992797E9 7.843272757095604E8 2.3814438288702455E9 1.2442489331343155E9 1.851397155554409E9 9.312611373598682E8 1.584142697344067E9 2.571276379414191E9 1.8024692695306888E9 9.943711877611613E8 4.4793503391369176E8 1.1136006859459908E9 
1.3826064482404482E9 1.3047553375388427E9 1.4497976684955146E9 2.0728174442607522E9 8.627519569848292E8 4.820902725615792E8 1.1672928066996486E9 1.5093010326385872E9 1.695946982245676E9 1.4463288604751973E9 1.5630502304827447E9 1.0235455965569735E9 2.0018331332304265E9 1.6199125612992797E9 7.843272757095604E8 2.3814438288702455E9 1.2442489331343155E9 1.851397155554409E9 9.312611373598682E8 1.584142697344067E9 2.571276379414191E9 1.8024692695306888E9 9.943711877611613E8 4.4793503391369176E8 1.1136006859459908E9 
1.3826064482404482E9 1.3047553375388427E9 1.4497976684955146E9 2.0728174442607522E9 8.627519569848292E8 4.820902725615792E8 1.1672928066996486E9 1.5093010326385872E9 1.695946982245676E9 1.4463288604751973E9 1.5630502304827447E9 1.0235455965569735E9 2.0018331332304265E9 1.6199125612992797E9 7.843272757095604E8 2.3814438288702455E9 1.2442489331343155E9 1.851397155554409E9 9.312611373598682E8 1.584142697344067E9 2.571276379414191E9 1.8024692695306888E9 9.943711877611613E8 4.4793503391369176E8 1.1136006859459908E9 
1.3826064482404482E9 1.3047553375388427E9 1.4497976684955146E9 2.0728174442607522E9 8.627519569848292E8 4.820902725615792E8 1.1672928066996486E9 1.5093010326385872E9 1.695946982245676E9 1.4463288604751973E9 1.5630502304827447E9 1.0235455965569735E9 2.0018331332304265E9 1.6199125612992797E9 7.843272757095604E8 2.3814438288702455E9 1.2442489331343155E9 1.851397155554409E9 9.312611373598682E8 1.584142697344067E9 2.571276379414191E9 1.8024692695306888E9 9.943711877611613E8 4.4793503391369176E8 1.1136006859459908E9 
1.3826064482404482E9 1.3047553375388427E9 1.4497976684955146E9 2.0728174442607522E9 8.627519569848292E8 4.820902725615792E8 1.1672928066996486E9 1.5093010326385872E9 1.695946982245676E9 1.4463288604751973E9 1.5630502304827447E9 1.0235455965569735E9 2.0018331332304265E9 1.6199125612992797E9 7.843272757095604E8 2.3814438288702455E9 1.2442489331343155E9 1.851397155554409E9 9.312611373598682E8 1.584142697344067E9 2.571276379414191E9 1.8024692695306888E9 9.943711877611613E8 4.4793503391369176E8 1.1136006859459908E9 
1.3826064482404482E9 1.3047553375388427E9 1.4497976684955146E9 2.0728174442607522E9 8.627519569848292E8 4.820902725615792E8 1.1672928066996486E9 1.5093010326385872E9 1.695946982245676E9 1.4463288604751973E9 1.5630502304827447E9 1.0235455965569735E9 2.0018331332304265E9 1.6199125612992797E9 7.843272757095604E8 2.3814438288702455E9 1.2442489331343155E9 1.851397155554409E9 9.312611373598682E8 1.584142697344067E9 2.571276379414191E9 1.8024692695306888E9 9.943711877611613E8 4.4793503391369176E8 1.1136006859459908E9 
1.3826064482404482E9 1.3047553375388427E9 1.4497976684955146E9 2.0728174442607522E9 8.627519569848292E8 4.820902725615792E8 1.1672928066996486E9 1.5093010326385872E9 1.695946982245676E9 1.4463288604751973E9 1.5630502304827447E9 1.0235455965569735E9 2.0018331332304265E9 1.6199125612992797E9 7.843272757095604E8 2.3814438288702455E9 1.2442489331343155E9 1.851397155554409E9 9.312611373598682E8 1.584142697344067E9 2.571276379414191E9 1.8024692695306888E9 9.943711877611613E8 4.4793503391369176E8 1.1136006859459908E9 
1.3826064482404482E9 1.3047553375388427E9 1.4497976684955146E9 2.0728174442607522E9 8.627519569848292E8 4.820902725615792E8 1.1672928066996486E9 1.5093010326385872E9 1.695946982245676E9 1.4463288604751973E9 1.5630502304827447E9 1.0235455965569735E9 2.0018331332304265E9 1.6199125612992797E9 7.843272757095604E8 2.3814438288702455E9 1.2442489331343155E9 1.851397155554409E9 9.312611373598682E8 1.584142697344067E9 2.571276379414191E9 1.8024692695306888E9 9.943711877611613E8 4.4793503391369176E8 1.1136006859459908E9 
1.3826064482404482E9 1.3047553375388427E9 1.4497976684955146E9 2.0728174442607522E9 8.627519569848292E8 4.820902725615792E8 1.1672928066996486E9 1.5093010326385872E9 1.695946982245676E9 1.4463288604751973E9 1.5630502304827447E9 1.0235455965569735E9 2.0018331332304265E9 1.6199125612992797E9 7.843272757095604E8 2.3814438288702455E9 1.2442489331343155E9 1.851397155554409E9 9.312611373598682E8 1.584142697344067E9 2.571276379414191E9 1.8024692695306888E9 9.943711877611613E8 4.4793503391369176E8 1.1136006859459908E9 
1.3826064482404482E9 1.3047553375388427E9 1.4497976684955146E9 2.0728174442607522E9 8.627519569848292E8 4.820902725615792E8 1.1672928066996486E9 1.5093010326385872E9 1.695946982245676E9 1.4463288604751973E9 1.5630502304827447E9 1.0235455965569735E9 2.0018331332304265E9 1.6199125612992797E9 7.843272757095604E8 2.3814438288702455E9 1.2442489331343155E9 1.851397155554409E9 9.312611373598682E8 1.584142697344067E9 2.571276379414191E9 1.8024692695306888E9 9.943711877611613E8 4.4793503391369176E8 1.1136006859459908E9 
1.3826064482404482E9 1.3047553375388427E9 1.4497976684955146E9 2.0728174442607522E9 8.627519569848292E8 4.820902725615792E8 1.1672928066996486E9 1.5093010326385872E9 1.695946982245676E9 1.4463288604751973E9 1.5630502304827447E9 1.0235455965569735E9 2.0018331332304265E9 1.6199125612992797E9 7.843272757095604E8 2.3814438288702455E9 1.2442489331343155E9 1.851397155554409E9 9.312611373598682E8 1.584142697344067E9 2.571276379414191E9 1.8024692695306888E9 9.943711877611613E8 4.4793503391369176E8 1.1136006859459908E9 
1.3826064482404482E9 1.3047553375388427E9 1.4497976684955146E9 2.0728174442607522E9 8.627519569848292E8 4.820902725615792E8 1.1672928066996486E9 1.5093010326385872E9 1.695946982245676E9 1.4463288604751973E9 1.5630502304827447E9 1.0235455965569735E9 2.0018331332304265E9 1.6199125612992797E9 7.843272757095604E8 2.3814438288702455E9 1.2442489331343155E9 1.851397155554409E9 9.312611373598682E8 1.584142697344067E9 2.571276379414191E9 1.8024692695306888E9 9.943711877611613E8 4.4793503391369176E8 1.1136006859459908E9 
1.3826064482404482E9 1.3047553375388427E9 1.4497976684955146E9 2.0728174442607522E9 8.627519569848292E8 4.820902725615792E8 1.1672928066996486E9 1.5093010326385872E9 1.695946982245676E9 1.4463288604751973E9 1.5630502304827447E9 1.0235455965569735E9 2.0018331332304265E9 1.6199125612992797E9 7.843272757095604E8 2.3814438288702455E9 1.2442489331343155E9 1.851397155554409E9 9.312611373598682E8 1.584142697344067E9 2.571276379414191E9 1.8024692695306888E9 9.943711877611613E8 4.4793503391369176E8 1.1136006859459908E9 
1.3826064482404482E9 1.3047553375388427E9 1.4497976684955146E9 2.0728174442607522E9 8.627519569848292E8 4.820902725615792E8 1.1672928066996486E9 1.5093010326385872E9 1.695946982245676E9 1.4463288604751973E9 1.5630502304827447E9 1.0235455965569735E9 2.0018331332304265E9 1.6199125612992797E9 7.843272757095604E8 2.3814438288702455E9 1.2442489331343155E9 1.851397155554409E9 9.312611373598682E8 1.584142697344067E9 2.571276379414191E9 1.8024692695306888E9 9.943711877611613E8 4.4793503391369176E8 1.1136006859459908E9 
1.3826064482404482E9 1.3047553375388427E9 1.4497976684955146E9 2.0728174442607522E9 8.627519569848292E8 4.820902725615792E8 1.1672928066996486E9 1.5093010326385872E9 1.695946982245676E9 1.4463288604751973E9 1.5630502304827447E9 1.0235455965569735E9 2.0018331332304265E9 1.6199125612992797E9 7.843272757095604E8 2.3814438288702455E9 1.2442489331343155E9 1.851397155554409E9 9.312611373598682E8 1.584142697344067E9 2.571276379414191E9 1.8024692695306888E9 9.943711877611613E8 4.4793503391369176E8 1.1136006859459908E9 
1.3826064482404482E9 1.3047553375388427E9 1.4497976684955146E9 2.0728174442607522E9 8.627519569848292E8 4.820902725615792E8 1.1672928066996486E9 1.5093010326385872E9 1.695946982245676E9 1.4463288604751973E9 1.5630502304827447E9 1.0235455965569735E9 2.0018331332304265E9 1.6199125612992797E9 7.843272757095604E8 2.3814438288702455E9 1.2442489331343155E9 1.851397155554409E9 9.312611373598682E8 1.584142697344067E9 2.571276379414191E9 1.8024692695306888E9 9.943711877611613E8 4.4793503391369176E8 1.1136006859459908E9 
1.3826064482404482E9 1.3047553375388427E9 1.4497976684955146E9 2.0728174442607522E9 8.627519569848292E8 4.820902725615792E8 1.1672928066996486E9 1.5093010326385872E9 1.695946982245676E9 1.4463288604751973E9 1.5630502304827447E9 1.0235455965569735E9 2.0018331332304265E9 1.6199125612992797E9 7.843272757095604E8 2.3814438288702455E9 1.2442489331343155E9 1.851397155554409E9 9.312611373598682E8 1.584142697344067E9 2.571276379414191E9 1.8024692695306888E9 9.943711877611613E8 4.4793503391369176E8 1.1136006859459908E9 
1.3826064482404482E9 1.3047553375388427E9 1.4497976684955146E9 2.0728174442607522E9 8.627519569848292E8 4.820902725615792E8 1.1672928066996486E9 1.5093010326385872E9 1.695946982245676E9 1.4463288604751973E9 1.5630502304827447E9 1.0235455965569735E9 2.0018331332304265E9 1.6199125612992797E9 7.843272757095604E8 2.3814438288702455E9 1.2442489331343155E9 1.851397155554409E9 9.312611373598682E8 1.584142697344067E9 2.571276379414191E9 1.8024692695306888E9 9.943711877611613E8 4.4793503391369176E8 1.1136006859459908E9 
1.3826064482404482E9 1.3047553375388427E9 1.4497976684955146E9 2.0728174442607522E9 8.627519569848292E8 4.820902725615792E8 1.1672928066996486E9 1.5093010326385872E9 1.695946982245676E9 1.4463288604751973E9 1.5630502304827447E9 1.0235455965569735E9 2.0018331332304265E9 1.6199125612992797E9 7.843272757095604E8 2.3814438288702455E9 1.2442489331343155E9 1.851397155554409E9 9.312611373598682E8 1.584142697344067E9 2.571276379414191E9 1.8024692695306888E9 9.943711877611613E8 4.4793503391369176E8 1.1136006859459908E9 
1.3826064482404482E9 1.3047553375388427E9 1.4497976684955146E9 2.0728174442607522E9 8.627519569848292E8 4.820902725615792E8 1.1672928066996486E9 1.5093010326385872E9 1.695946982245676E9 1.4463288604751973E9 1.5630502304827447E9 1.0235455965569735E9 2.0018331332304265E9 1.6199125612992797E9 7.843272757095604E8 2.3814438288702455E9 1.2442489331343155E9 1.851397155554409E9 9.312611373598682E8 1.584142697344067E9 2.571276379414191E9 1.8024692695306888E9 9.943711877611613E8 4.4793503391369176E8 1.1136006859459908E9 
1.3826064482404482E9 1.3047553375388427E9 1.4497976684955146E9 2.0728174442607522E9 8.627519569848292E8 4.820902725615792E8 1.1672928066996486E9 1.5093010326385872E9 1.695946982245676E9 1.4463288604751973E9 1.5630502304827447E9 1.0235455965569735E9 2.0018331332304265E9 1.6199125612992797E9 7.843272757095604E8 2.3814438288702455E9 1.2442489331343155E9 1.851397155554409E9 9.312611373598682E8 1.584142697344067E9 2.571276379414191E9 1.8024692695306888E9 9.943711877611613E8 4.4793503391369176E8 1.1136006859459908E9 
1.3826064482404482E9 1.3047553375388427E9 1.4497976684955146E9 2.0728174442607522E9 8.627519569848292E8 4.820902725615792E8 1.1672928066996486E9 1.5093010326385872E9 1.695946982245676E9 1.4463288604751973E9 1.5630502304827447E9 1.0235455965569735E9 2.0018331332304265E9 1.6199125612992797E9 7.843272757095604E8 2.3814438288702455E9 1.2442489331343155E9 1.851397155554409E9 9.312611373598682E8 1.584142697344067E9 2.571276379414191E9 1.8024692695306888E9 9.943711877611613E8 4.4793503391369176E8 1.1136006859459908E9 
1.3826064482404482E9 1.3047553375388427E9 1.4497976684955146E9 2.0728174442607522E9 8.627519569848292E8 4.820902725615792E8 1.1672928066996486E9 1.5093010326385872E9 1.695946982245676E9 1.4463288604751973E9 1.5630502304827447E9 1.0235455965569735E9 2.0018331332304265E9 1.6199125612992797E9 7.843272757095604E8 2.3814438288702455E9 1.2442489331343155E9 1.851397155554409E9 9.312611373598682E8 1.584142697344067E9 2.571276379414191E9 1.8024692695306888E9 9.943711877611613E8 4.4793503391369176E8 1.1136006859459908E9 
1.3826064482404482E9 1.3047553375388427E9 1.4497976684955146E9 2.0728174442607522E9 8.627519569848292E8 4.820902725615792E8 1.1672928066996486E9 1.5093010326385872E9 1.695946982245676E9 1.4463288604751973E9 1.5630502304827447E9 1.0235455965569735E9 2.0018331332304265E9 1.6199125612992797E9 7.843272757095604E8 2.3814438288702455E9 1.2442489331343155E9 1.851397155554409E9 9.312611373598682E8 1.584142697344067E9 2.571276379414191E9 1.8024692695306888E9 9.943711877611613E8 4.4793503391369176E8 1.1136006859459908E9 
1.3826064482404482E9 1.3047553375388427E9 1.4497976684955146E9 2.0728174442607522E9 8.627519569848292E8 4.820902725615792E8 1.1672928066996486E9 1.5093010326385872E9 1.695946982245676E9 1.4463288604751973E9 1.5630502304827447E9 1.0235455965569735E9 2.0018331332304265E9 1.6199125612992797E9 7.843272757095604E8 2.3814438288702455E9 1.2442489331343155E9 1.851397155554409E9 9.312611373598682E8 1.584142697344067E9 2.571276379414191E9 1.8024692695306888E9 9.943711877611613E8 4.4793503391369176E8 1.1136006859459908E9 
1.3826064482404482E9 1.3047553375388427E9 1.4497976684955146E9 2.0728174442607522E9 8.627519569848292E8 4.820902725615792E8 1.1672928066996486E9 1.5093010326385872E9 1.695946982245676E9 1.4463288604751973E9 1.5630502304827447E9 1.0235455965569735E9 2.0018331332304265E9 1.6199125612992797E9 7.843272757095604E8 2.3814438288702455E9 1.2442489331343155E9 1.851397155554409E9 9.312611373598682E8 1.584142697344067E9 2.571276379414191E9 1.8024692695306888E9 9.943711877611613E8 4.4793503391369176E8 1.1136006859459908E9 
1.3826064482404482E9 1.3047553375388427E9 1.4497976684955146E9 2.0728174442607522E9 8.627519569848292E8 4.820902725615792E8 1.1672928066996486E9 1.5093010326385872E9 1.695946982245676E9 1.4463288604751973E9 1.5630502304827447E9 1.0235455965569735E9 2.0018331332304265E9 1.6199125612992797E9 7.843272757095604E8 2.3814438288702455E9 1.2442489331343155E9 1.851397155554409E9 9.312611373598682E8 1.584142697344067E9 2.571276379414191E9 1.8024692695306888E9 9.943711877611613E8 4.4793503391369176E8 1.1136006859459908E9 
1.3826064482404482E9 1.3047553375388427E9 1.4497976684955146E9 2.0728174442607522E9 8.627519569848292E8 4.820902725615792E8 1.1672928066996486E9 1.5093010326385872E9 1.695946982245676E9 1.4463288604751973E9 1.5630502304827447E9 1.0235455965569735E9 2.0018331332304265E9 1.6199125612992797E9 7.843272757095604E8 2.3814438288702455E9 1.2442489331343155E9 1.851397155554409E9 9.312611373598682E8 1.584142697344067E9 2.571276379414191E9 1.8024692695306888E9 9.943711877611613E8 4.4793503391369176E8 1.1136006859459908E9 
1.3826064482404482E9 1.3047553375388427E9 1.4497976684955146E9 2.0728174442607522E9 8.627519569848292E8 4.820902725615792E8 1.1672928066996486E9 1.5093010326385872E9 1.695946982245676E9 1.4463288604751973E9 1.5630502304827447E9 1.0235455965569735E9 2.0018331332304265E9 1.6199125612992797E9 7.843272757095604E8 2.3814438288702455E9 1.2442489331343155E9 1.851397155554409E9 9.312611373598682E8 1.584142697344067E9 2.571276379414191E9 1.8024692695306888E9 9.943711877611613E8 4.4793503391369176E8 1.1136006859459908E9 
1.3826064482404482E9 1.3047553375388427E9 1.4497976684955146E9 2.0728174442607522E9 8.627519569848292E8 4.820902725615792E8 1.1672928066996486E9 1.5093010326385872E9 1.695946982245676E9 1.4463288604751973E9 1.5630502304827447E9 1.0235455965569735E9 2.0018331332304265E9 1.6199125612992797E9 7.843272757095604E8 2.3814438288702455E9 1.2442489331343155E9 1.851397155554409E9 9.312611373598682E8 1.584142697344067E9 2.571276379414191E9 1.8024692695306888E9 9.943711877611613E8 4.4793503391369176E8 1.1136006859459908E9 
1.3826064482404482E9 1.3047553375388427E9 1.4497976684955146E9 2.0728174442607522E9 8.627519569848292E8 4.820902725615792E8 1.1672928066996486E9 1.5093010326385872E9 1.695946982245676E9 1.4463288604751973E9 1.5630502304827447E9 1.0235455965569735E9 2.0018331332304265E9 1.6199125612992797E9 7.843272757095604E8 2.3814438288702455E9 1.2442489331343155E9 1.851397155554409E9 9.312611373598682E8 1.584142697344067E9 2.571276379414191E9 1.8024692695306888E9 9.943711877611613E8 4.4793503391369176E8 1.1136006859459908E9 
1.3826064482404482E9 1.3047553375388427E9 1.4497976684955146E9 2.0728174442607522E9 8.627519569848292E8 4.820902725615792E8 1.1672928066996486E9 1.5093010326385872E9 1.695946982245676E9 1.4463288604751973E9 1.5630502304827447E9 1.0235455965569735E9 2.0018331332304265E9 1.6199125612992797E9 7.843272757095604E8 2.3814438288702455E9 1.2442489331343155E9 1.851397155554409E9 9.312611373598682E8 1.584142697344067E9 2.571276379414191E9 1.8024692695306888E9 9.943711877611613E8 4.4793503391369176E8 1.1136006859459908E9 
1.3826064482404482E9 1.3047553375388427E9 1.4497976684955146E9 2.0728174442607522E9 8.627519569848292E8 4.820902725615792E8 1.1672928066996486E9 1.5093010326385872E9 1.695946982245676E9 1.4463288604751973E9 1.5630502304827447E9 1.0235455965569735E9 2.0018331332304265E9 1.6199125612992797E9 7.843272757095604E8 2.3814438288702455E9 1.2442489331343155E9 1.851397155554409E9 9.312611373598682E8 1.584142697344067E9 2.571276379414191E9 1.8024692695306888E9 9.943711877611613E8 4.4793503391369176E8 1.1136006859459908E9 
1.3826064482404482E9 1.3047553375388427E9 1.4497976684955146E9 2.0728174442607522E9 8.627519569848292E8 4.820902725615792E8 1.1672928066996486E9 1.5093010326385872E9 1.695946982245676E9 1.4463288604751973E9 1.5630502304827447E9 1.0235455965569735E9 2.0018331332304265E9 1.6199125612992797E9 7.843272757095604E8 2.3814438288702455E9 1.2442489331343155E9 1.851397155554409E9 9.312611373598682E8 1.584142697344067E9 2.571276379414191E9 1.8024692695306888E9 9.943711877611613E8 4.4793503391369176E8 1.1136006859459908E9 
1.3826064482404482E9 1.3047553375388427E9 1.4497976684955146E9 2.0728174442607522E9 8.627519569848292E8 4.820902725615792E8 1.1672928066996486E9 1.5093010326385872E9 1.695946982245676E9 1.4463288604751973E9 1.5630502304827447E9 1.0235455965569735E9 2.0018331332304265E9 1.6199125612992797E9 7.843272757095604E8 2.3814438288702455E9 1.2442489331343155E9 1.851397155554409E9 9.312611373598682E8 1.584142697344067E9 2.571276379414191E9 1.8024692695306888E9 9.943711877611613E8 4.4793503391369176E8 1.1136006859459908E9 
1.3826064482404482E9 1.3047553375388427E9 1.4497976684955146E9 2.0728174442607522E9 8.627519569848292E8 4.820902725615792E8 1.1672928066996486E9 1.5093010326385872E9 1.695946982245676E9 1.4463288604751973E9 1.5630502304827447E9 1.0235455965569735E9 2.0018331332304265E9 1.6199125612992797E9 7.843272757095604E8 2.3814438288702455E9 1.2442489331343155E9 1.851397155554409E9 9.312611373598682E8 1.584142697344067E9 2.571276379414191E9 1.8024692695306888E9 9.943711877611613E8 4.4793503391369176E8 1.1136006859459908E9 
1.3826064482404482E9 1.3047553375388427E9 1.4497976684955146E9 2.0728174442607522E9 8.627519569848292E8 4.820902725615792E8 1.1672928066996486E9 1.5093010326385872E9 1.695946982245676E9 1.4463288604751973E9 1.5630502304827447E9 1.0235455965569735E9 2.0018331332304265E9 1.6199125612992797E9 7.843272757095604E8 2.3814438288702455E9 1.2442489331343155E9 1.851397155554409E9 9.312611373598682E8 1.584142697344067E9 2.571276379414191E9 1.8024692695306888E9 9.943711877611613E8 4.4793503391369176E8 1.1136006859459908E9 
1.3826064482404482E9 1.3047553375388427E9 1.4497976684955146E9 2.0728174442607522E9 8.627519569848292E8 4.820902725615792E8 1.1672928066996486E9 1.5093010326385872E9 1.695946982245676E9 1.4463288604751973E9 1.5630502304827447E9 1.0235455965569735E9 2.0018331332304265E9 1.6199125612992797E9 7.843272757095604E8 2.3814438288702455E9 1.2442489331343155E9 1.851397155554409E9 9.312611373598682E8 1.584142697344067E9 2.571276379414191E9 1.8024692695306888E9 9.943711877611613E8 4.4793503391369176E8 1.1136006859459908E9 
1.3826064482404482E9 1.3047553375388427E9 1.4497976684955146E9 2.0728174442607522E9 8.627519569848292E8 4.820902725615792E8 1.1672928066996486E9 1.5093010326385872E9 1.695946982245676E9 1.4463288604751973E9 1.5630502304827447E9 1.0235455965569735E9 2.0018331332304265E9 1.6199125612992797E9 7.843272757095604E8 2.3814438288702455E9 1.2442489331343155E9 1.851397155554409E9 9.312611373598682E8 1.584142697344067E9 2.571276379414191E9 1.8024692695306888E9 9.943711877611613E8 4.4793503391369176E8 1.1136006859459908E9 
1.3826064482404482E9 1.3047553375388427E9 1.4497976684955146E9 2.0728174442607522E9 8.627519569848292E8 4.820902725615792E8 1.1672928066996486E9 1.5093010326385872E9 1.695946982245676E9 1.4463288604751973E9 1.5630502304827447E9 1.0235455965569735E9 2.0018331332304265E9 1.6199125612992797E9 7.843272757095604E8 2.3814438288702455E9 1.2442489331343155E9 1.851397155554409E9 9.312611373598682E8 1.584142697344067E9 2.571276379414191E9 1.8024692695306888E9 9.943711877611613E8 4.4793503391369176E8 1.1136006859459908E9 
1.3826064482404482E9 1.3047553375388427E9 1.4497976684955146E9 2.0728174442607522E9 8.627519569848292E8 4.820902725615792E8 1.1672928066996486E9 1.5093010326385872E9 1.695946982245676E9 1.4463288604751973E9 1.5630502304827447E9 1.0235455965569735E9 2.0018331332304265E9 1.6199125612992797E9 7.843272757095604E8 2.3814438288702455E9 1.2442489331343155E9 1.851397155554409E9 9.312611373598682E8 1.584142697344067E9 2.571276379414191E9 1.8024692695306888E9 9.943711877611613E8 4.4793503391369176E8 1.1136006859459908E9 
1.3826064482404482E9 1.3047553375388427E9 1.4497976684955146E9 2.0728174442607522E9 8.627519569848292E8 4.820902725615792E8 1.1672928066996486E9 1.5093010326385872E9 1.695946982245676E9 1.4463288604751973E9 1.5630502304827447E9 1.0235455965569735E9 2.0018331332304265E9 1.6199125612992797E9 7.843272757095604E8 2.3814438288702455E9 1.2442489331343155E9 1.851397155554409E9 9.312611373598682E8 1.584142697344067E9 2.571276379414191E9 1.8024692695306888E9 9.943711877611613E8 4.4793503391369176E8 1.1136006859459908E9 
1.3826064482404482E9 1.3047553375388427E9 1.4497976684955146E9 2.0728174442607522E9 8.627519569848292E8 4.820902725615792E8 1.1672928066996486E9 1.5093010326385872E9 1.695946982245676E9 1.4463288604751973E9 1.5630502304827447E9 1.0235455965569735E9 2.0018331332304265E9 1.6199125612992797E9 7.843272757095604E8 2.3814438288702455E9 1.2442489331343155E9 1.851397155554409E9 9.312611373598682E8 1.584142697344067E9 2.571276379414191E9 1.8024692695306888E9 9.943711877611613E8 4.4793503391369176E8 1.1136006859459908E9 
1.3826064482404482E9 1.3047553375388427E9 1.4497976684955146E9 2.0728174442607522E9 8.627519569848292E8 4.820902725615792E8 1.1672928066996486E9 1.5093010326385872E9 1.695946982245676E9 1.4463288604751973E9 1.5150577637503707E9 1.0235455965569735E9 2.0018331332304265E9 1.6199125612992797E9 7.843272757095604E8 2.3814438288702455E9 1.2442489331343155E9 1.851397155554409E9 9.312611373598682E8 1.584142697344067E9 2.571276379414191E9 1.8024692695306888E9 9.943711877611613E8 4.4793503391369176E8 1.1136006859459908E9 
1.3826064482404482E9 1.3047553375388427E9 1.4497976684955146E9 2.0728174442607522E9 8.627519569848292E8 4.820902725615792E8 1.1672928066996486E9 1.5093010326385872E9 1.695946982245676E9 1.4463288604751973E9 1.5150577637503707E9 1.0235455965569735E9 2.0018331332304265E9 1.6199125612992797E9 7.843272757095604E8 2.3814438288702455E9 1.2442489331343155E9 1.851397155554409E9 9.312611373598682E8 1.584142697344067E9 2.571276379414191E9 1.8024692695306888E9 9.943711877611613E8 4.4793503391369176E8 1.1136006859459908E9 
1.3826064482404482E9 1.3047553375388427E9 1.4497976684955146E9 2.0728174442607522E9 8.627519569848292E8 4.820902725615792E8 1.1672928066996486E9 1.5093010326385872E9 1.695946982245676E9 1.4463288604751973E9 1.5150577637503707E9 1.0235455965569735E9 2.0018331332304265E9 1.6199125612992797E9 7.843272757095604E8 1.2895561270796235E9 1.2442489331343155E9 1.851397155554409E9 9.312611373598682E8 1.584142697344067E9 2.571276379414191E9 1.8024692695306888E9 9.943711877611613E8 4.4793503391369176E8 1.1136006859459908E9 
1.3826064482404482E9 1.3047553375388427E9 1.4497976684955146E9 2.0728174442607522E9 8.627519569848292E8 4.820902725615792E8 1.1672928066996486E9 1.5093010326385872E9 1.695946982245676E9 1.4463288604751973E9 1.5150577637503707E9 1.0235455965569735E9 2.0018331332304265E9 1.6199125612992797E9 7.843272757095604E8 1.2895561270796235E9 1.2442489331343155E9 1.851397155554409E9 9.312611373598682E8 1.584142697344067E9 2.571276379414191E9 1.8024692695306888E9 9.943711877611613E8 4.4793503391369176E8 1.1136006859459908E9 
1.3826064482404482E9 1.3047553375388427E9 1.4497976684955146E9 2.0728174442607522E9 8.627519569848292E8 4.820902725615792E8 1.1672928066996486E9 1.5093010326385872E9 1.695946982245676E9 1.4463288604751973E9 1.5150577637503707E9 1.0235455965569735E9 2.0018331332304265E9 1.6199125612992797E9 7.843272757095604E8 1.2895561270796235E9 1.2442489331343155E9 1.851397155554409E9 9.312611373598682E8 1.584142697344067E9 2.571276379414191E9 1.8024692695306888E9 9.943711877611613E8 4.4793503391369176E8 1.1136006859459908E9 
1.3826064482404482E9 1.3047553375388427E9 1.4497976684955146E9 2.0728174442607522E9 8.627519569848292E8 4.820902725615792E8 1.1672928066996486E9 1.5093010326385872E9 1.695946982245676E9 1.4463288604751973E9 1.5150577637503707E9 1.0235455965569735E9 2.0018331332304265E9 1.6199125612992797E9 7.843272757095604E8 1.2895561270796235E9 1.2442489331343155E9 1.851397155554409E9 9.312611373598682E8 1.584142697344067E9 2.571276379414191E9 1.8024692695306888E9 9.943711877611613E8 4.4793503391369176E8 1.1136006859459908E9 
1.3826064482404482E9 1.3047553375388427E9 1.4497976684955146E9 2.0728174442607522E9 8.627519569848292E8 4.820902725615792E8 1.1672928066996486E9 1.5093010326385872E9 1.695946982245676E9 1.4463288604751973E9 1.5150577637503707E9 1.0235455965569735E9 2.0018331332304265E9 1.6199125612992797E9 7.843272757095604E8 1.2895561270796235E9 1.2442489331343155E9 1.851397155554409E9 9.312611373598682E8 1.584142697344067E9 2.571276379414191E9 1.8024692695306888E9 9.943711877611613E8 4.4793503391369176E8 1.1136006859459908E9 
1.3826064482404482E9 1.3047553375388427E9 1.4497976684955146E9 2.0728174442607522E9 8.627519569848292E8 4.820902725615792E8 1.1672928066996486E9 1.5093010326385872E9 1.695946982245676E9 1.4463288604751973E9 1.5150577637503707E9 1.0235455965569735E9 2.0018331332304265E9 1.6199125612992797E9 7.843272757095604E8 1.2895561270796235E9 1.2442489331343155E9 1.851397155554409E9 9.312611373598682E8 1.584142697344067E9 2.571276379414191E9 1.8024692695306888E9 9.943711877611613E8 4.4793503391369176E8 1.1136006859459908E9 
1.3826064482404482E9 1.3047553375388427E9 1.4497976684955146E9 2.0728174442607522E9 8.627519569848292E8 4.820902725615792E8 1.1672928066996486E9 1.5093010326385872E9 1.695946982245676E9 1.4463288604751973E9 1.5150577637503707E9 1.0235455965569735E9 2.0018331332304265E9 1.6199125612992797E9 7.843272757095604E8 1.2895561270796235E9 1.2442489331343155E9 1.851397155554409E9 9.312611373598682E8 1.584142697344067E9 2.571276379414191E9 1.8024692695306888E9 9.943711877611613E8 4.4793503391369176E8 1.1136006859459908E9 
1.3826064482404482E9 1.3047553375388427E9 1.4497976684955146E9 2.0728174442607522E9 8.627519569848292E8 4.820902725615792E8 1.1672928066996486E9 1.5093010326385872E9 1.695946982245676E9 1.4463288604751973E9 1.5150577637503707E9 1.0235455965569735E9 2.0018331332304265E9 1.6199125612992797E9 7.843272757095604E8 1.2895561270796235E9 1.2442489331343155E9 1.851397155554409E9 9.312611373598682E8 1.584142697344067E9 2.571276379414191E9 1.8024692695306888E9 9.943711877611613E8 4.4793503391369176E8 1.1136006859459908E9 
1.3826064482404482E9 1.3047553375388427E9 1.4497976684955146E9 2.0728174442607522E9 8.627519569848292E8 4.820902725615792E8 1.1672928066996486E9 1.5093010326385872E9 1.695946982245676E9 1.4463288604751973E9 1.5150577637503707E9 1.0235455965569735E9 2.0018331332304265E9 1.6199125612992797E9 7.843272757095604E8 1.2895561270796235E9 1.2442489331343155E9 1.851397155554409E9 9.312611373598682E8 1.584142697344067E9 2.571276379414191E9 1.8024692695306888E9 9.943711877611613E8 4.4793503391369176E8 1.1136006859459908E9 
1.3826064482404482E9 1.3047553375388427E9 1.4497976684955146E9 2.0728174442607522E9 8.627519569848292E8 4.820902725615792E8 1.1672928066996486E9 1.5093010326385872E9 1.695946982245676E9 1.4463288604751973E9 1.5150577637503707E9 1.0235455965569735E9 2.0018331332304265E9 1.6199125612992797E9 7.843272757095604E8 1.2895561270796235E9 1.2442489331343155E9 1.851397155554409E9 9.312611373598682E8 1.584142697344067E9 2.571276379414191E9 1.8024692695306888E9 9.943711877611613E8 4.4793503391369176E8 1.1136006859459908E9 
1.3826064482404482E9 1.3047553375388427E9 1.4497976684955146E9 2.0728174442607522E9 8.627519569848292E8 4.820902725615792E8 1.1672928066996486E9 1.5093010326385872E9 1.695946982245676E9 1.4463288604751973E9 1.5150577637503707E9 1.0235455965569735E9 2.0018331332304265E9 1.6199125612992797E9 7.843272757095604E8 1.2895561270796235E9 1.2442489331343155E9 1.851397155554409E9 9.312611373598682E8 1.584142697344067E9 2.571276379414191E9 1.8024692695306888E9 9.943711877611613E8 4.4793503391369176E8 1.1136006859459908E9 
1.3826064482404482E9 1.3047553375388427E9 1.4497976684955146E9 2.0728174442607522E9 8.627519569848292E8 4.820902725615792E8 1.1672928066996486E9 1.5093010326385872E9 1.695946982245676E9 1.4463288604751973E9 1.5150577637503707E9 1.0235455965569735E9 2.0018331332304265E9 1.6199125612992797E9 7.843272757095604E8 1.2895561270796235E9 1.2442489331343155E9 1.851397155554409E9 9.312611373598682E8 1.584142697344067E9 2.571276379414191E9 1.8024692695306888E9 9.943711877611613E8 4.4793503391369176E8 1.1136006859459908E9 
1.3826064482404482E9 1.3047553375388427E9 1.4497976684955146E9 2.0728174442607522E9 8.627519569848292E8 4.820902725615792E8 1.1672928066996486E9 1.5093010326385872E9 1.695946982245676E9 1.4463288604751973E9 1.5150577637503707E9 1.0235455965569735E9 2.0018331332304265E9 1.6199125612992797E9 7.843272757095604E8 1.2895561270796235E9 1.2442489331343155E9 1.851397155554409E9 9.312611373598682E8 1.584142697344067E9 2.571276379414191E9 1.8024692695306888E9 9.943711877611613E8 4.4793503391369176E8 1.1136006859459908E9 
1.3826064482404482E9 1.3047553375388427E9 1.4497976684955146E9 2.0728174442607522E9 8.627519569848292E8 4.820902725615792E8 1.1672928066996486E9 1.5093010326385872E9 1.695946982245676E9 1.4463288604751973E9 1.5150577637503707E9 1.0235455965569735E9 2.0018331332304265E9 1.6199125612992797E9 7.843272757095604E8 1.2895561270796235E9 1.2442489331343155E9 1.851397155554409E9 9.312611373598682E8 1.584142697344067E9 2.571276379414191E9 1.8024692695306888E9 9.943711877611613E8 4.4793503391369176E8 1.1136006859459908E9 
1.3826064482404482E9 1.3047553375388427E9 1.4497976684955146E9 2.0728174442607522E9 8.627519569848292E8 4.820902725615792E8 1.1672928066996486E9 1.5093010326385872E9 1.695946982245676E9 1.4463288604751973E9 1.5150577637503707E9 1.0235455965569735E9 2.0018331332304265E9 1.6199125612992797E9 7.843272757095604E8 1.2895561270796235E9 1.2442489331343155E9 1.851397155554409E9 9.312611373598682E8 1.584142697344067E9 2.571276379414191E9 1.8024692695306888E9 9.943711877611613E8 4.4793503391369176E8 1.1136006859459908E9 
1.3826064482404482E9 1.3047553375388427E9 1.4497976684955146E9 2.0728174442607522E9 8.627519569848292E8 4.820902725615792E8 1.1672928066996486E9 1.5093010326385872E9 1.695946982245676E9 1.4463288604751973E9 1.5150577637503707E9 1.0235455965569735E9 2.0018331332304265E9 1.6199125612992797E9 7.843272757095604E8 1.2895561270796235E9 1.2442489331343155E9 1.851397155554409E9 9.312611373598682E8 1.584142697344067E9 2.571276379414191E9 1.8024692695306888E9 9.943711877611613E8 4.4793503391369176E8 1.1136006859459908E9 
1.3826064482404482E9 1.3047553375388427E9 1.4497976684955146E9 2.0728174442607522E9 8.627519569848292E8 4.820902725615792E8 1.1672928066996486E9 1.5093010326385872E9 1.695946982245676E9 1.4463288604751973E9 1.5150577637503707E9 1.0235455965569735E9 2.0018331332304265E9 1.6199125612992797E9 7.843272757095604E8 1.2895561270796235E9 1.2442489331343155E9 1.851397155554409E9 9.312611373598682E8 1.584142697344067E9 2.571276379414191E9 1.8024692695306888E9 9.943711877611613E8 4.4793503391369176E8 1.1136006859459908E9 
1.3826064482404482E9 1.3047553375388427E9 1.4497976684955146E9 2.0728174442607522E9 8.627519569848292E8 4.820902725615792E8 1.1672928066996486E9 1.5093010326385872E9 1.695946982245676E9 1.4463288604751973E9 1.5150577637503707E9 1.0235455965569735E9 2.0018331332304265E9 1.6199125612992797E9 7.843272757095604E8 1.2895561270796235E9 1.2442489331343155E9 1.851397155554409E9 9.312611373598682E8 1.584142697344067E9 2.571276379414191E9 1.8024692695306888E9 9.943711877611613E8 4.4793503391369176E8 1.1136006859459908E9 
1.3826064482404482E9 1.3047553375388427E9 1.4497976684955146E9 2.0728174442607522E9 8.627519569848292E8 4.820902725615792E8 1.1672928066996486E9 1.5093010326385872E9 1.695946982245676E9 1.4463288604751973E9 1.5150577637503707E9 1.0235455965569735E9 2.0018331332304265E9 1.6199125612992797E9 7.843272757095604E8 1.2895561270796235E9 1.2442489331343155E9 1.851397155554409E9 9.312611373598682E8 1.584142697344067E9 2.571276379414191E9 1.8024692695306888E9 9.943711877611613E8 4.4793503391369176E8 1.1136006859459908E9 
1.3826064482404482E9 1.3047553375388427E9 1.4497976684955146E9 2.0728174442607522E9 8.627519569848292E8 4.820902725615792E8 1.1672928066996486E9 1.5093010326385872E9 1.695946982245676E9 1.4463288604751973E9 1.5150577637503707E9 1.0235455965569735E9 2.0018331332304265E9 1.6199125612992797E9 7.843272757095604E8 1.2895561270796235E9 1.2442489331343155E9 1.851397155554409E9 9.312611373598682E8 1.584142697344067E9 2.571276379414191E9 1.8024692695306888E9 9.943711877611613E8 4.4793503391369176E8 1.1136006859459908E9 
1.3826064482404482E9 1.3047553375388427E9 1.4497976684955146E9 2.0728174442607522E9 8.627519569848292E8 4.820902725615792E8 1.1672928066996486E9 1.5093010326385872E9 1.695946982245676E9 1.4463288604751973E9 1.5150577637503707E9 1.0235455965569735E9 2.0018331332304265E9 1.6199125612992797E9 7.843272757095604E8 1.2895561270796235E9 1.2442489331343155E9 1.851397155554409E9 9.312611373598682E8 1.584142697344067E9 2.571276379414191E9 1.8024692695306888E9 9.943711877611613E8 4.4793503391369176E8 1.1136006859459908E9 
1.3826064482404482E9 1.3047553375388427E9 1.4497976684955146E9 2.0728174442607522E9 8.627519569848292E8 4.820902725615792E8 1.1672928066996486E9 1.5093010326385872E9 1.695946982245676E9 1.4463288604751973E9 1.5150577637503707E9 1.0235455965569735E9 2.0018331332304265E9 1.6199125612992797E9 7.843272757095604E8 1.2895561270796235E9 1.2442489331343155E9 1.851397155554409E9 9.312611373598682E8 1.0920088517151E9 2.571276379414191E9 1.8024692695306888E9 9.943711877611613E8 4.4793503391369176E8 1.1136006859459908E9 
1.3826064482404482E9 1.3047553375388427E9 1.4497976684955146E9 2.0728174442607522E9 8.627519569848292E8 4.820902725615792E8 1.1672928066996486E9 1.5093010326385872E9 1.695946982245676E9 1.4463288604751973E9 1.5150577637503707E9 1.0235455965569735E9 2.0018331332304265E9 1.6199125612992797E9 7.843272757095604E8 1.2895561270796235E9 1.2442489331343155E9 1.851397155554409E9 9.312611373598682E8 1.0920088517151E9 2.571276379414191E9 1.8024692695306888E9 9.943711877611613E8 4.4793503391369176E8 1.1136006859459908E9 
1.3826064482404482E9 1.3047553375388427E9 1.4497976684955146E9 2.0728174442607522E9 8.627519569848292E8 4.820902725615792E8 1.1672928066996486E9 1.5093010326385872E9 1.695946982245676E9 1.4463288604751973E9 1.5150577637503707E9 1.0235455965569735E9 2.0018331332304265E9 1.6199125612992797E9 7.843272757095604E8 1.2895561270796235E9 1.2442489331343155E9 1.851397155554409E9 9.312611373598682E8 1.0920088517151E9 2.571276379414191E9 1.8024692695306888E9 9.943711877611613E8 4.4793503391369176E8 1.1136006859459908E9 
1.3826064482404482E9 1.3047553375388427E9 1.4497976684955146E9 2.0728174442607522E9 8.627519569848292E8 4.820902725615792E8 1.1672928066996486E9 1.5093010326385872E9 1.695946982245676E9 1.4463288604751973E9 1.5150577637503707E9 1.0235455965569735E9 2.0018331332304265E9 1.6199125612992797E9 7.843272757095604E8 1.2895561270796235E9 1.2442489331343155E9 1.851397155554409E9 9.312611373598682E8 1.0920088517151E9 2.571276379414191E9 1.8024692695306888E9 9.943711877611613E8 4.4793503391369176E8 1.1136006859459908E9 
1.3826064482404482E9 1.3047553375388427E9 1.4497976684955146E9 2.0728174442607522E9 8.627519569848292E8 4.820902725615792E8 1.1672928066996486E9 1.5093010326385872E9 1.695946982245676E9 1.4463288604751973E9 1.5150577637503707E9 1.0235455965569735E9 2.0018331332304265E9 1.6199125612992797E9 7.843272757095604E8 1.2895561270796235E9 1.2442489331343155E9 1.851397155554409E9 9.312611373598682E8 1.0920088517151E9 2.571276379414191E9 1.8024692695306888E9 9.943711877611613E8 4.4793503391369176E8 1.1136006859459908E9 
1.3826064482404482E9 1.3047553375388427E9 1.4497976684955146E9 2.0728174442607522E9 8.627519569848292E8 4.820902725615792E8 1.1672928066996486E9 1.5093010326385872E9 1.695946982245676E9 1.4463288604751973E9 1.5150577637503707E9 1.0235455965569735E9 2.0018331332304265E9 1.6199125612992797E9 7.843272757095604E8 1.2895561270796235E9 1.2442489331343155E9 1.851397155554409E9 9.312611373598682E8 1.0920088517151E9 2.571276379414191E9 1.8024692695306888E9 9.943711877611613E8 4.4793503391369176E8 1.1136006859459908E9 
1.3826064482404482E9 1.3047553375388427E9 1.4497976684955146E9 2.0728174442607522E9 8.627519569848292E8 4.820902725615792E8 1.1672928066996486E9 1.5093010326385872E9 1.695946982245676E9 1.4463288604751973E9 1.5150577637503707E9 1.0235455965569735E9 2.0018331332304265E9 1.6199125612992797E9 7.843272757095604E8 1.2895561270796235E9 1.2442489331343155E9 1.851397155554409E9 9.312611373598682E8 1.0920088517151E9 2.571276379414191E9 1.8024692695306888E9 9.943711877611613E8 4.4793503391369176E8 1.1136006859459908E9 
1.3826064482404482E9 1.3047553375388427E9 1.4497976684955146E9 2.0728174442607522E9 8.627519569848292E8 4.820902725615792E8 1.1672928066996486E9 1.5093010326385872E9 1.695946982245676E9 1.4463288604751973E9 1.5150577637503707E9 1.0235455965569735E9 2.0018331332304265E9 1.6199125612992797E9 7.843272757095604E8 1.2895561270796235E9 1.2442489331343155E9 1.851397155554409E9 9.312611373598682E8 1.0920088517151E9 2.571276379414191E9 1.8024692695306888E9 9.943711877611613E8 4.4793503391369176E8 1.1136006859459908E9 
1.3826064482404482E9 1.3047553375388427E9 1.4497976684955146E9 2.0728174442607522E9 8.627519569848292E8 4.820902725615792E8 1.1672928066996486E9 1.5093010326385872E9 1.695946982245676E9 1.4463288604751973E9 1.5150577637503707E9 1.0235455965569735E9 2.0018331332304265E9 1.6199125612992797E9 7.843272757095604E8 1.2895561270796235E9 1.2442489331343155E9 1.851397155554409E9 9.312611373598682E8 1.0920088517151E9 2.571276379414191E9 1.8024692695306888E9 9.943711877611613E8 4.4793503391369176E8 1.1136006859459908E9 
1.3826064482404482E9 1.3047553375388427E9 1.4497976684955146E9 2.0728174442607522E9 8.627519569848292E8 4.820902725615792E8 1.1672928066996486E9 1.5093010326385872E9 1.695946982245676E9 1.4463288604751973E9 1.5150577637503707E9 1.0235455965569735E9 2.0018331332304265E9 1.6199125612992797E9 7.843272757095604E8 1.2895561270796235E9 1.2442489331343155E9 1.851397155554409E9 9.312611373598682E8 1.0920088517151E9 2.571276379414191E9 1.8024692695306888E9 9.943711877611613E8 4.4793503391369176E8 1.1136006859459908E9 
1.3826064482404482E9 1.3047553375388427E9 1.4497976684955146E9 2.0728174442607522E9 8.627519569848292E8 4.820902725615792E8 1.1672928066996486E9 1.5093010326385872E9 1.695946982245676E9 1.4463288604751973E9 1.5150577637503707E9 1.0235455965569735E9 2.0018331332304265E9 1.6199125612992797E9 7.843272757095604E8 1.2895561270796235E9 1.2442489331343155E9 1.851397155554409E9 9.312611373598682E8 1.0920088517151E9 2.571276379414191E9 1.8024692695306888E9 9.943711877611613E8 4.4793503391369176E8 1.1136006859459908E9 
1.3826064482404482E9 1.3047553375388427E9 1.4497976684955146E9 2.0728174442607522E9 8.627519569848292E8 4.820902725615792E8 1.1672928066996486E9 1.5093010326385872E9 1.695946982245676E9 1.4463288604751973E9 1.5150577637503707E9 1.0235455965569735E9 2.0018331332304265E9 1.6199125612992797E9 7.843272757095604E8 1.2895561270796235E9 1.2442489331343155E9 1.851397155554409E9 9.312611373598682E8 9.081298896643461E8 2.571276379414191E9 1.8024692695306888E9 9.943711877611613E8 4.4793503391369176E8 1.1136006859459908E9 
1.3826064482404482E9 1.3047553375388427E9 1.4497976684955146E9 2.0728174442607522E9 8.627519569848292E8 4.820902725615792E8 1.1672928066996486E9 1.5093010326385872E9 1.695946982245676E9 1.4463288604751973E9 1.5150577637503707E9 1.0235455965569735E9 2.0018331332304265E9 1.6199125612992797E9 7.843272757095604E8 1.2895561270796235E9 1.2442489331343155E9 1.851397155554409E9 9.312611373598682E8 9.081298896643461E8 2.571276379414191E9 1.8024692695306888E9 9.943711877611613E8 4.4793503391369176E8 1.1136006859459908E9 
1.3826064482404482E9 1.3047553375388427E9 1.4497976684955146E9 2.0728174442607522E9 8.627519569848292E8 4.820902725615792E8 1.1672928066996486E9 1.5093010326385872E9 1.695946982245676E9 1.4463288604751973E9 1.5150577637503707E9 1.0235455965569735E9 2.0018331332304265E9 1.6199125612992797E9 7.843272757095604E8 1.2895561270796235E9 1.2442489331343155E9 1.851397155554409E9 9.312611373598682E8 9.081298896643461E8 2.571276379414191E9 1.8024692695306888E9 9.943711877611613E8 4.4793503391369176E8 1.1136006859459908E9 
1.3826064482404482E9 1.3047553375388427E9 1.4497976684955146E9 2.0728174442607522E9 8.627519569848292E8 4.820902725615792E8 1.1672928066996486E9 1.5093010326385872E9 1.695946982245676E9 1.4463288604751973E9 1.5150577637503707E9 1.0235455965569735E9 2.0018331332304265E9 1.6199125612992797E9 7.843272757095604E8 1.2895561270796235E9 1.2442489331343155E9 1.851397155554409E9 9.312611373598682E8 9.081298896643461E8 2.571276379414191E9 1.8024692695306888E9 9.943711877611613E8 4.4793503391369176E8 1.1136006859459908E9 
1.3826064482404482E9 1.3047553375388427E9 1.4497976684955146E9 2.0728174442607522E9 8.627519569848292E8 4.820902725615792E8 1.1672928066996486E9 1.5093010326385872E9 1.695946982245676E9 1.4463288604751973E9 1.5150577637503707E9 1.0235455965569735E9 2.0018331332304265E9 1.6199125612992797E9 7.843272757095604E8 1.2895561270796235E9 1.2442489331343155E9 1.851397155554409E9 9.312611373598682E8 9.081298896643461E8 2.571276379414191E9 1.8024692695306888E9 9.943711877611613E8 4.4793503391369176E8 1.1136006859459908E9 
1.3826064482404482E9 1.3047553375388427E9 1.4497976684955146E9 2.0728174442607522E9 8.627519569848292E8 4.820902725615792E8 1.1672928066996486E9 1.5093010326385872E9 1.695946982245676E9 1.4463288604751973E9 1.5150577637503707E9 1.0235455965569735E9 2.0018331332304265E9 1.6199125612992797E9 7.843272757095604E8 1.2895561270796235E9 1.2442489331343155E9 1.851397155554409E9 9.312611373598682E8 9.081298896643461E8 2.571276379414191E9 1.8024692695306888E9 9.943711877611613E8 4.4793503391369176E8 1.1136006859459908E9 
1.3826064482404482E9 1.3047553375388427E9 1.4497976684955146E9 2.0728174442607522E9 8.627519569848292E8 4.820902725615792E8 1.1672928066996486E9 1.5093010326385872E9 1.695946982245676E9 1.4463288604751973E9 1.5150577637503707E9 1.0235455965569735E9 2.0018331332304265E9 1.6199125612992797E9 7.843272757095604E8 1.2895561270796235E9 1.2442489331343155E9 1.851397155554409E9 9.312611373598682E8 9.081298896643461E8 2.571276379414191E9 1.8024692695306888E9 9.943711877611613E8 4.4793503391369176E8 1.1136006859459908E9 
1.3826064482404482E9 1.3047553375388427E9 1.4497976684955146E9 2.0728174442607522E9 8.627519569848292E8 4.820902725615792E8 1.1672928066996486E9 1.5093010326385872E9 1.695946982245676E9 1.4463288604751973E9 1.5150577637503707E9 1.0235455965569735E9 2.0018331332304265E9 1.6199125612992797E9 7.843272757095604E8 1.2895561270796235E9 1.2442489331343155E9 1.851397155554409E9 9.312611373598682E8 9.081298896643461E8 2.571276379414191E9 1.8024692695306888E9 9.943711877611613E8 4.4793503391369176E8 1.1136006859459908E9 
1.3826064482404482E9 1.3047553375388427E9 1.4497976684955146E9 2.0728174442607522E9 8.627519569848292E8 4.820902725615792E8 1.1672928066996486E9 1.5093010326385872E9 1.695946982245676E9 1.4463288604751973E9 1.5150577637503707E9 1.0235455965569735E9 2.0018331332304265E9 1.6199125612992797E9 7.843272757095604E8 1.2895561270796235E9 1.2442489331343155E9 1.851397155554409E9 9.312611373598682E8 9.081298896643461E8 2.571276379414191E9 1.8024692695306888E9 9.943711877611613E8 4.4793503391369176E8 1.1136006859459908E9 
1.3826064482404482E9 1.3047553375388427E9 1.4497976684955146E9 2.0728174442607522E9 8.627519569848292E8 4.820902725615792E8 1.1672928066996486E9 1.5093010326385872E9 1.695946982245676E9 1.4463288604751973E9 1.5150577637503707E9 1.0235455965569735E9 2.0018331332304265E9 1.6199125612992797E9 7.843272757095604E8 1.2895561270796235E9 1.2442489331343155E9 1.851397155554409E9 9.312611373598682E8 9.081298896643461E8 2.571276379414191E9 1.8024692695306888E9 9.943711877611613E8 4.4793503391369176E8 1.1136006859459908E9 
1.3826064482404482E9 1.3047553375388427E9 1.4497976684955146E9 2.0728174442607522E9 8.627519569848292E8 4.820902725615792E8 1.1672928066996486E9 1.5093010326385872E9 1.695946982245676E9 1.4463288604751973E9 1.5150577637503707E9 1.0235455965569735E9 2.0018331332304265E9 1.6199125612992797E9 7.843272757095604E8 1.2895561270796235E9 1.2442489331343155E9 1.851397155554409E9 9.312611373598682E8 9.081298896643461E8 2.571276379414191E9 1.755050324328476E9 9.943711877611613E8 4.4793503391369176E8 1.1136006859459908E9 
1.3826064482404482E9 1.3047553375388427E9 1.0068677939505938E9 2.0728174442607522E9 8.627519569848292E8 4.820902725615792E8 1.1672928066996486E9 1.5093010326385872E9 1.695946982245676E9 1.4463288604751973E9 1.5150577637503707E9 1.0235455965569735E9 2.0018331332304265E9 1.6199125612992797E9 7.843272757095604E8 1.2895561270796235E9 1.2442489331343155E9 1.851397155554409E9 9.312611373598682E8 9.081298896643461E8 2.571276379414191E9 1.755050324328476E9 9.943711877611613E8 4.4793503391369176E8 1.1136006859459908E9 
1.3826064482404482E9 1.3047553375388427E9 1.0068677939505938E9 2.0728174442607522E9 8.627519569848292E8 4.820902725615792E8 1.1672928066996486E9 1.5093010326385872E9 1.695946982245676E9 1.4463288604751973E9 1.5150577637503707E9 1.0235455965569735E9 2.0018331332304265E9 1.6199125612992797E9 7.843272757095604E8 1.2895561270796235E9 1.2442489331343155E9 1.851397155554409E9 9.312611373598682E8 9.081298896643461E8 2.571276379414191E9 1.755050324328476E9 9.943711877611613E8 4.4793503391369176E8 1.1136006859459908E9 
1.3826064482404482E9 1.3047553375388427E9 1.0068677939505938E9 2.0728174442607522E9 8.627519569848292E8 4.820902725615792E8 1.1672928066996486E9 1.5093010326385872E9 1.695946982245676E9 1.4463288604751973E9 1.5150577637503707E9 1.0235455965569735E9 2.0018331332304265E9 1.6199125612992797E9 7.843272757095604E8 1.2895561270796235E9 1.2442489331343155E9 1.851397155554409E9 9.312611373598682E8 9.081298896643461E8 2.571276379414191E9 1.755050324328476E9 9.943711877611613E8 4.4793503391369176E8 1.1136006859459908E9 
1.3826064482404482E9 1.3047553375388427E9 1.0068677939505938E9 2.0728174442607522E9 8.627519569848292E8 4.820902725615792E8 1.1672928066996486E9 1.5093010326385872E9 1.695946982245676E9 1.4463288604751973E9 1.5150577637503707E9 1.0235455965569735E9 2.0018331332304265E9 1.6199125612992797E9 7.843272757095604E8 1.2895561270796235E9 1.2442489331343155E9 1.851397155554409E9 9.312611373598682E8 9.081298896643461E8 2.571276379414191E9 1.755050324328476E9 9.943711877611613E8 4.4793503391369176E8 1.1136006859459908E9 
1.3826064482404482E9 1.3047553375388427E9 1.0068677939505938E9 2.0728174442607522E9 8.627519569848292E8 4.820902725615792E8 1.1672928066996486E9 1.5093010326385872E9 1.695946982245676E9 1.4463288604751973E9 1.5150577637503707E9 1.0235455965569735E9 2.0018331332304265E9 1.6199125612992797E9 7.843272757095604E8 1.2895561270796235E9 1.2442489331343155E9 1.851397155554409E9 9.312611373598682E8 9.081298896643461E8 2.571276379414191E9 1.755050324328476E9 9.943711877611613E8 4.4793503391369176E8 1.1136006859459908E9 
1.3826064482404482E9 1.3047553375388427E9 1.0068677939505938E9 2.0728174442607522E9 8.627519569848292E8 4.820902725615792E8 1.1672928066996486E9 1.5093010326385872E9 1.695946982245676E9 1.4463288604751973E9 1.5150577637503707E9 1.0235455965569735E9 2.0018331332304265E9 1.6199125612992797E9 7.843272757095604E8 1.2895561270796235E9 1.2442489331343155E9 1.851397155554409E9 9.312611373598682E8 9.081298896643461E8 2.571276379414191E9 1.755050324328476E9 9.943711877611613E8 4.4793503391369176E8 1.1136006859459908E9 
1.3826064482404482E9 1.3047553375388427E9 1.0068677939505938E9 2.0728174442607522E9 8.627519569848292E8 4.820902725615792E8 1.1672928066996486E9 1.5093010326385872E9 1.695946982245676E9 1.4463288604751973E9 1.5150577637503707E9 1.0235455965569735E9 2.0018331332304265E9 1.6199125612992797E9 7.843272757095604E8 1.2895561270796235E9 1.2442489331343155E9 1.851397155554409E9 9.312611373598682E8 9.081298896643461E8 2.571276379414191E9 1.755050324328476E9 9.943711877611613E8 4.4793503391369176E8 1.1136006859459908E9 
1.3826064482404482E9 1.3047553375388427E9 1.0068677939505938E9 2.0728174442607522E9 8.627519569848292E8 4.820902725615792E8 1.1672928066996486E9 1.5093010326385872E9 1.695946982245676E9 1.4463288604751973E9 1.5150577637503707E9 1.0235455965569735E9 2.0018331332304265E9 1.6199125612992797E9 7.843272757095604E8 1.2895561270796235E9 1.2442489331343155E9 1.851397155554409E9 9.312611373598682E8 9.081298896643461E8 2.571276379414191E9 1.755050324328476E9 9.943711877611613E8 4.4793503391369176E8 1.1136006859459908E9 
1.3826064482404482E9 1.3047553375388427E9 1.0068677939505938E9 2.0728174442607522E9 8.627519569848292E8 4.820902725615792E8 1.1672928066996486E9 1.5093010326385872E9 1.695946982245676E9 1.4463288604751973E9 1.5150577637503707E9 1.0235455965569735E9 2.0018331332304265E9 1.6199125612992797E9 7.843272757095604E8 1.2895561270796235E9 1.2442489331343155E9 1.851397155554409E9 9.312611373598682E8 9.081298896643461E8 2.571276379414191E9 1.755050324328476E9 9.943711877611613E8 4.4793503391369176E8 1.1136006859459908E9 
1.3826064482404482E9 1.3047553375388427E9 1.0068677939505938E9 2.0728174442607522E9 8.627519569848292E8 4.820902725615792E8 1.1672928066996486E9 1.5093010326385872E9 1.695946982245676E9 1.4463288604751973E9 1.5150577637503707E9 1.0235455965569735E9 2.0018331332304265E9 1.6199125612992797E9 7.843272757095604E8 1.2895561270796235E9 1.2442489331343155E9 1.851397155554409E9 9.312611373598682E8 9.081298896643461E8 2.571276379414191E9 1.755050324328476E9 9.943711877611613E8 4.4793503391369176E8 1.1136006859459908E9 
1.3826064482404482E9 1.3047553375388427E9 1.0068677939505938E9 2.0728174442607522E9 8.627519569848292E8 4.820902725615792E8 1.1672928066996486E9 1.5093010326385872E9 1.695946982245676E9 1.4463288604751973E9 1.5150577637503707E9 1.0235455965569735E9 2.0018331332304265E9 1.6199125612992797E9 7.843272757095604E8 1.2895561270796235E9 1.2442489331343155E9 1.851397155554409E9 9.312611373598682E8 9.081298896643461E8 2.571276379414191E9 1.755050324328476E9 9.943711877611613E8 4.4793503391369176E8 1.1136006859459908E9 
1.3826064482404482E9 1.3047553375388427E9 1.0068677939505938E9 2.0728174442607522E9 8.627519569848292E8 4.820902725615792E8 1.1672928066996486E9 1.5093010326385872E9 1.695946982245676E9 1.4463288604751973E9 1.5150577637503707E9 1.0235455965569735E9 2.0018331332304265E9 1.6199125612992797E9 7.843272757095604E8 1.2895561270796235E9 1.2442489331343155E9 1.851397155554409E9 9.312611373598682E8 9.081298896643461E8 2.571276379414191E9 1.755050324328476E9 9.943711877611613E8 4.4793503391369176E8 1.1136006859459908E9 
1.3826064482404482E9 1.3047553375388427E9 1.0068677939505938E9 2.0728174442607522E9 8.627519569848292E8 4.820902725615792E8 1.1672928066996486E9 1.5093010326385872E9 1.695946982245676E9 1.4463288604751973E9 1.5150577637503707E9 1.0235455965569735E9 2.0018331332304265E9 1.6199125612992797E9 7.843272757095604E8 1.2895561270796235E9 1.2442489331343155E9 1.851397155554409E9 9.312611373598682E8 9.081298896643461E8 2.571276379414191E9 1.755050324328476E9 9.943711877611613E8 4.4793503391369176E8 1.1136006859459908E9 
1.3826064482404482E9 1.3047553375388427E9 1.0068677939505938E9 2.0728174442607522E9 8.627519569848292E8 4.820902725615792E8 1.1672928066996486E9 1.5093010326385872E9 1.695946982245676E9 1.4463288604751973E9 1.5150577637503707E9 1.0235455965569735E9 2.0018331332304265E9 1.6199125612992797E9 7.843272757095604E8 1.2895561270796235E9 1.2442489331343155E9 1.851397155554409E9 9.312611373598682E8 9.081298896643461E8 2.571276379414191E9 1.755050324328476E9 9.943711877611613E8 4.4793503391369176E8 1.1136006859459908E9 
1.3826064482404482E9 1.3047553375388427E9 1.0068677939505938E9 2.0728174442607522E9 8.627519569848292E8 4.820902725615792E8 1.1672928066996486E9 1.5093010326385872E9 1.695946982245676E9 1.4463288604751973E9 1.5150577637503707E9 1.0235455965569735E9 2.0018331332304265E9 1.6199125612992797E9 7.843272757095604E8 1.2895561270796235E9 1.2442489331343155E9 1.851397155554409E9 9.312611373598682E8 9.081298896643461E8 2.571276379414191E9 1.755050324328476E9 9.943711877611613E8 4.4793503391369176E8 1.1136006859459908E9 
1.3826064482404482E9 1.3047553375388427E9 1.0068677939505938E9 2.0728174442607522E9 8.627519569848292E8 4.820902725615792E8 1.1672928066996486E9 1.5093010326385872E9 1.695946982245676E9 1.4463288604751973E9 1.5150577637503707E9 1.0235455965569735E9 2.0018331332304265E9 1.6199125612992797E9 7.843272757095604E8 1.2895561270796235E9 1.2442489331343155E9 1.851397155554409E9 9.312611373598682E8 9.081298896643461E8 2.571276379414191E9 1.755050324328476E9 9.943711877611613E8 4.4793503391369176E8 1.1136006859459908E9 
1.3826064482404482E9 1.3047553375388427E9 1.0068677939505938E9 2.0728174442607522E9 8.627519569848292E8 4.820902725615792E8 1.1672928066996486E9 1.5093010326385872E9 1.695946982245676E9 1.4463288604751973E9 1.5150577637503707E9 1.0235455965569735E9 2.0018331332304265E9 1.6199125612992797E9 7.843272757095604E8 1.2895561270796235E9 1.2442489331343155E9 1.851397155554409E9 9.312611373598682E8 9.081298896643461E8 2.571276379414191E9 1.755050324328476E9 9.943711877611613E8 4.4793503391369176E8 1.1136006859459908E9 
1.3826064482404482E9 1.3047553375388427E9 1.0068677939505938E9 2.0728174442607522E9 8.627519569848292E8 4.820902725615792E8 1.1672928066996486E9 1.5093010326385872E9 1.695946982245676E9 1.4463288604751973E9 1.5150577637503707E9 1.0235455965569735E9 2.0018331332304265E9 1.6199125612992797E9 7.843272757095604E8 1.2895561270796235E9 1.2442489331343155E9 1.851397155554409E9 9.312611373598682E8 9.081298896643461E8 2.571276379414191E9 1.755050324328476E9 9.943711877611613E8 4.4793503391369176E8 1.1136006859459908E9 
1.3826064482404482E9 1.3047553375388427E9 1.0068677939505938E9 2.0728174442607522E9 8.627519569848292E8 4.820902725615792E8 1.1672928066996486E9 1.5093010326385872E9 1.695946982245676E9 1.4463288604751973E9 1.5150577637503707E9 1.0235455965569735E9 2.0018331332304265E9 1.6199125612992797E9 7.843272757095604E8 1.2895561270796235E9 1.2442489331343155E9 1.851397155554409E9 9.312611373598682E8 9.081298896643461E8 2.571276379414191E9 1.755050324328476E9 9.943711877611613E8 4.4793503391369176E8 1.1136006859459908E9 
1.3826064482404482E9 1.3047553375388427E9 1.0068677939505938E9 2.0728174442607522E9 8.627519569848292E8 4.820902725615792E8 1.1672928066996486E9 1.5093010326385872E9 1.695946982245676E9 1.4463288604751973E9 1.5150577637503707E9 1.0235455965569735E9 2.0018331332304265E9 1.6199125612992797E9 7.843272757095604E8 1.2895561270796235E9 1.2442489331343155E9 1.851397155554409E9 9.312611373598682E8 9.081298896643461E8 2.571276379414191E9 1.755050324328476E9 9.943711877611613E8 4.4793503391369176E8 1.1136006859459908E9 
1.3826064482404482E9 1.3047553375388427E9 1.0068677939505938E9 2.0728174442607522E9 8.627519569848292E8 4.820902725615792E8 1.1672928066996486E9 1.5093010326385872E9 1.695946982245676E9 1.4463288604751973E9 1.5150577637503707E9 1.0235455965569735E9 2.0018331332304265E9 1.6199125612992797E9 7.843272757095604E8 1.2895561270796235E9 1.2442489331343155E9 1.851397155554409E9 9.312611373598682E8 9.081298896643461E8 2.571276379414191E9 1.755050324328476E9 9.943711877611613E8 4.4793503391369176E8 1.1136006859459908E9 
1.3826064482404482E9 1.3047553375388427E9 1.0068677939505938E9 2.0728174442607522E9 8.627519569848292E8 4.820902725615792E8 1.1672928066996486E9 1.5093010326385872E9 1.695946982245676E9 1.4463288604751973E9 1.5150577637503707E9 1.0235455965569735E9 2.0018331332304265E9 1.6199125612992797E9 7.843272757095604E8 1.2895561270796235E9 1.2442489331343155E9 1.851397155554409E9 9.312611373598682E8 9.081298896643461E8 2.571276379414191E9 1.755050324328476E9 9.943711877611613E8 4.4793503391369176E8 1.1136006859459908E9 
1.3826064482404482E9 1.3047553375388427E9 1.0068677939505938E9 2.0728174442607522E9 8.627519569848292E8 4.820902725615792E8 1.1672928066996486E9 1.5093010326385872E9 1.695946982245676E9 1.4463288604751973E9 1.5150577637503707E9 1.0235455965569735E9 2.0018331332304265E9 1.6199125612992797E9 7.843272757095604E8 1.2895561270796235E9 1.2442489331343155E9 1.851397155554409E9 9.312611373598682E8 9.081298896643461E8 2.571276379414191E9 1.755050324328476E9 9.943711877611613E8 4.4793503391369176E8 1.1136006859459908E9 
1.3826064482404482E9 1.3047553375388427E9 1.0068677939505938E9 2.0728174442607522E9 8.627519569848292E8 4.820902725615792E8 1.1672928066996486E9 1.5093010326385872E9 1.695946982245676E9 1.4463288604751973E9 1.5150577637503707E9 1.0235455965569735E9 2.0018331332304265E9 1.6199125612992797E9 7.843272757095604E8 1.2895561270796235E9 1.2442489331343155E9 1.851397155554409E9 9.312611373598682E8 9.081298896643461E8 2.571276379414191E9 1.755050324328476E9 9.943711877611613E8 4.4793503391369176E8 1.1136006859459908E9 
1.3826064482404482E9 1.3047553375388427E9 1.0068677939505938E9 2.0728174442607522E9 8.627519569848292E8 4.820902725615792E8 1.1672928066996486E9 1.5093010326385872E9 1.695946982245676E9 1.4463288604751973E9 1.5150577637503707E9 1.0235455965569735E9 2.0018331332304265E9 1.6199125612992797E9 7.843272757095604E8 1.2895561270796235E9 1.2442489331343155E9 1.851397155554409E9 9.312611373598682E8 9.081298896643461E8 2.571276379414191E9 1.755050324328476E9 9.943711877611613E8 4.4793503391369176E8 1.1136006859459908E9 
1.3826064482404482E9 1.3047553375388427E9 1.0068677939505938E9 2.0728174442607522E9 8.627519569848292E8 4.820902725615792E8 1.1672928066996486E9 1.5093010326385872E9 1.695946982245676E9 1.4463288604751973E9 1.5150577637503707E9 1.0235455965569735E9 2.0018331332304265E9 1.6199125612992797E9 7.843272757095604E8 1.2895561270796235E9 1.2442489331343155E9 1.851397155554409E9 9.312611373598682E8 9.081298896643461E8 2.571276379414191E9 1.755050324328476E9 9.943711877611613E8 4.4793503391369176E8 1.1136006859459908E9 
1.3826064482404482E9 1.3047553375388427E9 1.0068677939505938E9 2.0728174442607522E9 8.627519569848292E8 4.820902725615792E8 1.1672928066996486E9 1.5093010326385872E9 1.695946982245676E9 1.4463288604751973E9 1.5150577637503707E9 1.0235455965569735E9 2.0018331332304265E9 1.6199125612992797E9 7.843272757095604E8 1.2895561270796235E9 1.2442489331343155E9 1.851397155554409E9 9.312611373598682E8 9.081298896643461E8 2.571276379414191E9 1.755050324328476E9 9.943711877611613E8 4.4793503391369176E8 1.1136006859459908E9 
1.3826064482404482E9 1.3047553375388427E9 1.0068677939505938E9 2.0728174442607522E9 8.627519569848292E8 4.820902725615792E8 1.1672928066996486E9 1.5093010326385872E9 1.695946982245676E9 1.4463288604751973E9 1.5150577637503707E9 1.0235455965569735E9 2.0018331332304265E9 1.6199125612992797E9 7.843272757095604E8 1.2895561270796235E9 1.2442489331343155E9 1.851397155554409E9 9.312611373598682E8 9.081298896643461E8 2.571276379414191E9 1.755050324328476E9 9.943711877611613E8 4.4793503391369176E8 1.1136006859459908E9 
1.3826064482404482E9 1.3047553375388427E9 1.0068677939505938E9 2.0728174442607522E9 8.627519569848292E8 4.820902725615792E8 1.1672928066996486E9 1.5093010326385872E9 1.695946982245676E9 1.4463288604751973E9 1.5150577637503707E9 1.0235455965569735E9 2.0018331332304265E9 1.6199125612992797E9 7.843272757095604E8 1.2895561270796235E9 1.2442489331343155E9 1.851397155554409E9 9.312611373598682E8 9.081298896643461E8 2.571276379414191E9 1.755050324328476E9 9.943711877611613E8 4.4793503391369176E8 1.1136006859459908E9 
1.3826064482404482E9 1.3047553375388427E9 1.0068677939505938E9 2.0728174442607522E9 8.627519569848292E8 4.820902725615792E8 1.1672928066996486E9 1.5093010326385872E9 1.695946982245676E9 1.4463288604751973E9 1.5150577637503707E9 1.0235455965569735E9 2.0018331332304265E9 1.6199125612992797E9 7.843272757095604E8 1.2895561270796235E9 1.2442489331343155E9 1.851397155554409E9 9.312611373598682E8 9.081298896643461E8 2.571276379414191E9 1.755050324328476E9 9.943711877611613E8 4.4793503391369176E8 1.1136006859459908E9 
1.3826064482404482E9 1.3047553375388427E9 1.0068677939505938E9 2.0728174442607522E9 8.627519569848292E8 4.820902725615792E8 1.1672928066996486E9 1.5093010326385872E9 1.695946982245676E9 1.4463288604751973E9 1.5150577637503707E9 1.0235455965569735E9 2.0018331332304265E9 1.6199125612992797E9 7.843272757095604E8 1.2895561270796235E9 1.2442489331343155E9 1.851397155554409E9 9.312611373598682E8 9.081298896643461E8 2.571276379414191E9 1.755050324328476E9 9.943711877611613E8 4.4793503391369176E8 1.1136006859459908E9 
1.3826064482404482E9 1.3047553375388427E9 1.0068677939505938E9 2.0728174442607522E9 8.627519569848292E8 4.820902725615792E8 1.1672928066996486E9 1.5093010326385872E9 1.695946982245676E9 1.4463288604751973E9 1.5150577637503707E9 1.0235455965569735E9 2.0018331332304265E9 1.6199125612992797E9 7.843272757095604E8 1.2895561270796235E9 1.2442489331343155E9 1.851397155554409E9 9.312611373598682E8 9.081298896643461E8 2.571276379414191E9 1.755050324328476E9 9.943711877611613E8 4.4793503391369176E8 1.1136006859459908E9 
1.3826064482404482E9 1.3047553375388427E9 1.0068677939505938E9 2.0728174442607522E9 8.627519569848292E8 4.820902725615792E8 1.1672928066996486E9 1.5093010326385872E9 1.695946982245676E9 1.4463288604751973E9 1.5150577637503707E9 1.0235455965569735E9 2.0018331332304265E9 1.6199125612992797E9 7.843272757095604E8 1.2895561270796235E9 1.2442489331343155E9 1.851397155554409E9 9.312611373598682E8 9.081298896643461E8 2.571276379414191E9 1.755050324328476E9 9.943711877611613E8 4.4793503391369176E8 1.1136006859459908E9 
1.3826064482404482E9 1.3047553375388427E9 1.0068677939505938E9 2.0728174442607522E9 8.627519569848292E8 4.820902725615792E8 1.1672928066996486E9 1.5093010326385872E9 1.695946982245676E9 1.4463288604751973E9 1.5150577637503707E9 1.0235455965569735E9 2.0018331332304265E9 1.6199125612992797E9 7.843272757095604E8 1.2895561270796235E9 1.2442489331343155E9 1.851397155554409E9 9.312611373598682E8 9.081298896643461E8 2.571276379414191E9 1.755050324328476E9 9.943711877611613E8 4.4793503391369176E8 1.1136006859459908E9 
1.3826064482404482E9 1.3047553375388427E9 1.0068677939505938E9 2.0728174442607522E9 8.627519569848292E8 4.820902725615792E8 1.1672928066996486E9 1.5093010326385872E9 1.695946982245676E9 1.4463288604751973E9 1.5150577637503707E9 1.0235455965569735E9 2.0018331332304265E9 1.6199125612992797E9 7.843272757095604E8 1.2895561270796235E9 1.2442489331343155E9 1.851397155554409E9 9.312611373598682E8 9.081298896643461E8 2.571276379414191E9 1.755050324328476E9 9.943711877611613E8 4.4793503391369176E8 1.1136006859459908E9 
1.3826064482404482E9 1.3047553375388427E9 1.0068677939505938E9 2.0728174442607522E9 8.627519569848292E8 4.820902725615792E8 1.1672928066996486E9 1.5093010326385872E9 1.695946982245676E9 1.4463288604751973E9 1.5150577637503707E9 1.0235455965569735E9 2.0018331332304265E9 1.6199125612992797E9 7.843272757095604E8 1.2895561270796235E9 1.2442489331343155E9 1.851397155554409E9 9.312611373598682E8 9.081298896643461E8 2.571276379414191E9 1.755050324328476E9 9.943711877611613E8 4.4793503391369176E8 1.1136006859459908E9 
1.3826064482404482E9 1.3047553375388427E9 1.0068677939505938E9 2.0728174442607522E9 8.627519569848292E8 4.820902725615792E8 1.1672928066996486E9 1.5093010326385872E9 1.695946982245676E9 1.4463288604751973E9 1.5150577637503707E9 1.0235455965569735E9 2.0018331332304265E9 1.6199125612992797E9 7.843272757095604E8 1.2895561270796235E9 1.2442489331343155E9 1.851397155554409E9 9.312611373598682E8 9.081298896643461E8 2.571276379414191E9 1.755050324328476E9 9.943711877611613E8 4.4793503391369176E8 1.1136006859459908E9 
1.3826064482404482E9 1.3047553375388427E9 1.0068677939505938E9 2.0728174442607522E9 8.627519569848292E8 4.820902725615792E8 1.1672928066996486E9 1.5093010326385872E9 1.695946982245676E9 1.4463288604751973E9 1.5150577637503707E9 1.0235455965569735E9 2.0018331332304265E9 1.6199125612992797E9 7.843272757095604E8 1.2895561270796235E9 1.2442489331343155E9 1.851397155554409E9 9.312611373598682E8 9.081298896643461E8 2.571276379414191E9 1.755050324328476E9 9.943711877611613E8 4.4793503391369176E8 1.1136006859459908E9 
1.3826064482404482E9 1.3047553375388427E9 1.0068677939505938E9 2.0728174442607522E9 8.627519569848292E8 4.820902725615792E8 1.1672928066996486E9 1.5093010326385872E9 1.695946982245676E9 1.4463288604751973E9 1.5150577637503707E9 1.0235455965569735E9 2.0018331332304265E9 1.6199125612992797E9 7.843272757095604E8 1.2895561270796235E9 1.2442489331343155E9 1.851397155554409E9 9.312611373598682E8 9.081298896643461E8 2.571276379414191E9 1.755050324328476E9 9.943711877611613E8 4.4793503391369176E8 1.1136006859459908E9 
1.3826064482404482E9 1.3047553375388427E9 1.0068677939505938E9 2.0728174442607522E9 8.627519569848292E8 4.820902725615792E8 1.1672928066996486E9 1.5093010326385872E9 1.695946982245676E9 1.4463288604751973E9 1.5150577637503707E9 1.0235455965569735E9 2.0018331332304265E9 1.6199125612992797E9 7.843272757095604E8 1.2895561270796235E9 1.2442489331343155E9 1.851397155554409E9 9.312611373598682E8 9.081298896643461E8 2.571276379414191E9 1.755050324328476E9 9.943711877611613E8 4.4793503391369176E8 1.1136006859459908E9 
1.3826064482404482E9 1.3047553375388427E9 1.0068677939505938E9 2.0728174442607522E9 8.627519569848292E8 4.820902725615792E8 1.1672928066996486E9 1.5093010326385872E9 1.695946982245676E9 1.4463288604751973E9 1.5150577637503707E9 1.0235455965569735E9 2.0018331332304265E9 1.6199125612992797E9 7.843272757095604E8 1.2895561270796235E9 1.2442489331343155E9 1.851397155554409E9 9.312611373598682E8 9.081298896643461E8 2.571276379414191E9 1.755050324328476E9 9.943711877611613E8 4.4793503391369176E8 1.1136006859459908E9 
1.3826064482404482E9 1.3047553375388427E9 1.0068677939505938E9 2.0728174442607522E9 8.627519569848292E8 4.820902725615792E8 1.1672928066996486E9 1.5093010326385872E9 1.695946982245676E9 1.4463288604751973E9 1.5150577637503707E9 1.0235455965569735E9 2.0018331332304265E9 1.6199125612992797E9 7.843272757095604E8 1.2895561270796235E9 1.2442489331343155E9 1.851397155554409E9 9.312611373598682E8 9.081298896643461E8 2.571276379414191E9 1.755050324328476E9 9.943711877611613E8 4.4793503391369176E8 1.1136006859459908E9 
1.3826064482404482E9 1.3047553375388427E9 1.0068677939505938E9 2.0728174442607522E9 8.627519569848292E8 4.820902725615792E8 1.1672928066996486E9 1.5093010326385872E9 1.695946982245676E9 1.4463288604751973E9 1.5150577637503707E9 1.0235455965569735E9 2.0018331332304265E9 1.6199125612992797E9 7.843272757095604E8 1.2895561270796235E9 1.2442489331343155E9 1.851397155554409E9 9.312611373598682E8 9.081298896643461E8 2.571276379414191E9 1.755050324328476E9 9.943711877611613E8 4.4793503391369176E8 1.1136006859459908E9 
1.3826064482404482E9 1.3047553375388427E9 1.0068677939505938E9 2.0728174442607522E9 8.627519569848292E8 4.820902725615792E8 1.1672928066996486E9 1.5093010326385872E9 1.695946982245676E9 1.4463288604751973E9 1.5150577637503707E9 1.0235455965569735E9 2.0018331332304265E9 1.6199125612992797E9 7.843272757095604E8 1.2895561270796235E9 1.2442489331343155E9 1.851397155554409E9 9.312611373598682E8 9.081298896643461E8 2.571276379414191E9 1.755050324328476E9 9.943711877611613E8 4.4793503391369176E8 1.1136006859459908E9 
1.3826064482404482E9 1.3047553375388427E9 1.0068677939505938E9 2.0728174442607522E9 8.627519569848292E8 4.820902725615792E8 1.1672928066996486E9 1.5093010326385872E9 1.695946982245676E9 1.4463288604751973E9 1.5150577637503707E9 1.0235455965569735E9 2.0018331332304265E9 1.6199125612992797E9 7.843272757095604E8 1.2895561270796235E9 1.2442489331343155E9 1.851397155554409E9 9.312611373598682E8 9.081298896643461E8 2.571276379414191E9 1.755050324328476E9 9.943711877611613E8 4.4793503391369176E8 1.1136006859459908E9 
1.3826064482404482E9 1.3047553375388427E9 1.0068677939505938E9 2.0728174442607522E9 8.627519569848292E8 4.820902725615792E8 1.1672928066996486E9 1.5093010326385872E9 1.695946982245676E9 1.4463288604751973E9 1.5150577637503707E9 1.0235455965569735E9 2.0018331332304265E9 1.6199125612992797E9 7.843272757095604E8 1.2895561270796235E9 1.2442489331343155E9 1.851397155554409E9 9.312611373598682E8 9.081298896643461E8 2.571276379414191E9 1.755050324328476E9 9.943711877611613E8 4.4793503391369176E8 1.1136006859459908E9 
1.3826064482404482E9 1.3047553375388427E9 1.0068677939505938E9 2.0728174442607522E9 8.627519569848292E8 4.820902725615792E8 1.1672928066996486E9 1.5093010326385872E9 1.695946982245676E9 1.4463288604751973E9 1.5150577637503707E9 1.0235455965569735E9 2.0018331332304265E9 1.6199125612992797E9 7.843272757095604E8 1.2895561270796235E9 1.2442489331343155E9 1.851397155554409E9 9.312611373598682E8 9.081298896643461E8 2.571276379414191E9 1.755050324328476E9 9.943711877611613E8 4.4793503391369176E8 1.1136006859459908E9 
1.3826064482404482E9 1.3047553375388427E9 1.0068677939505938E9 2.0728174442607522E9 8.627519569848292E8 4.820902725615792E8 1.1672928066996486E9 1.5093010326385872E9 1.695946982245676E9 1.4463288604751973E9 1.5150577637503707E9 1.0235455965569735E9 2.0018331332304265E9 1.6199125612992797E9 7.843272757095604E8 1.2895561270796235E9 1.2442489331343155E9 1.851397155554409E9 9.312611373598682E8 9.081298896643461E8 2.571276379414191E9 1.755050324328476E9 9.943711877611613E8 4.4793503391369176E8 1.1136006859459908E9 
1.3826064482404482E9 1.3047553375388427E9 1.0068677939505938E9 2.0728174442607522E9 8.627519569848292E8 4.820902725615792E8 1.1672928066996486E9 1.5093010326385872E9 1.695946982245676E9 1.4463288604751973E9 1.5150577637503707E9 1.0235455965569735E9 2.0018331332304265E9 1.6199125612992797E9 7.843272757095604E8 1.2895561270796235E9 1.2442489331343155E9 1.851397155554409E9 9.312611373598682E8 9.081298896643461E8 2.571276379414191E9 1.755050324328476E9 9.943711877611613E8 4.4793503391369176E8 1.1136006859459908E9 
1.3826064482404482E9 1.3047553375388427E9 1.0068677939505938E9 2.0728174442607522E9 8.627519569848292E8 4.820902725615792E8 1.1672928066996486E9 1.5093010326385872E9 1.695946982245676E9 1.4463288604751973E9 1.5150577637503707E9 1.0235455965569735E9 2.0018331332304265E9 1.6199125612992797E9 7.843272757095604E8 1.2895561270796235E9 1.2442489331343155E9 1.851397155554409E9 9.312611373598682E8 9.081298896643461E8 2.571276379414191E9 1.755050324328476E9 9.943711877611613E8 4.4793503391369176E8 1.1136006859459908E9 
1.3826064482404482E9 1.3047553375388427E9 1.0068677939505938E9 2.0728174442607522E9 8.627519569848292E8 4.820902725615792E8 1.1672928066996486E9 1.5093010326385872E9 1.695946982245676E9 1.4463288604751973E9 1.5150577637503707E9 1.0235455965569735E9 2.0018331332304265E9 1.6199125612992797E9 7.843272757095604E8 1.2895561270796235E9 1.2442489331343155E9 1.851397155554409E9 9.312611373598682E8 9.081298896643461E8 2.571276379414191E9 1.755050324328476E9 9.943711877611613E8 4.4793503391369176E8 1.1136006859459908E9 
1.3826064482404482E9 1.3047553375388427E9 1.0068677939505938E9 2.0728174442607522E9 8.627519569848292E8 4.820902725615792E8 1.1672928066996486E9 1.5093010326385872E9 1.695946982245676E9 1.4463288604751973E9 1.5150577637503707E9 1.0235455965569735E9 2.0018331332304265E9 1.6199125612992797E9 7.843272757095604E8 1.2895561270796235E9 1.2442489331343155E9 1.851397155554409E9 9.312611373598682E8 9.081298896643461E8 2.571276379414191E9 1.755050324328476E9 9.943711877611613E8 4.4793503391369176E8 1.1136006859459908E9 
1.3826064482404482E9 1.3047553375388427E9 1.0068677939505938E9 2.0728174442607522E9 8.627519569848292E8 4.820902725615792E8 1.1672928066996486E9 1.5093010326385872E9 1.695946982245676E9 1.4463288604751973E9 1.5150577637503707E9 1.0235455965569735E9 2.0018331332304265E9 1.6199125612992797E9 7.843272757095604E8 1.2895561270796235E9 1.2442489331343155E9 1.851397155554409E9 9.312611373598682E8 9.081298896643461E8 2.571276379414191E9 1.755050324328476E9 9.943711877611613E8 4.4793503391369176E8 1.1136006859459908E9 
1.3826064482404482E9 1.3047553375388427E9 1.0068677939505938E9 2.0728174442607522E9 8.627519569848292E8 4.820902725615792E8 1.1672928066996486E9 1.1764182960808558E9 1.695946982245676E9 1.4463288604751973E9 1.5150577637503707E9 1.0235455965569735E9 2.0018331332304265E9 1.6199125612992797E9 7.843272757095604E8 1.2895561270796235E9 1.2442489331343155E9 1.851397155554409E9 9.312611373598682E8 9.081298896643461E8 2.571276379414191E9 1.755050324328476E9 9.943711877611613E8 4.4793503391369176E8 1.1136006859459908E9 
1.3826064482404482E9 1.3047553375388427E9 1.0068677939505938E9 2.0728174442607522E9 8.627519569848292E8 4.820902725615792E8 1.1672928066996486E9 1.1764182960808558E9 1.695946982245676E9 1.4463288604751973E9 1.5150577637503707E9 1.0235455965569735E9 2.0018331332304265E9 1.6199125612992797E9 7.843272757095604E8 1.2895561270796235E9 1.2442489331343155E9 1.851397155554409E9 9.312611373598682E8 9.081298896643461E8 2.571276379414191E9 1.755050324328476E9 9.943711877611613E8 4.4793503391369176E8 1.1136006859459908E9 
1.3826064482404482E9 1.3047553375388427E9 1.0068677939505938E9 2.0728174442607522E9 8.627519569848292E8 4.820902725615792E8 1.1672928066996486E9 1.1764182960808558E9 1.695946982245676E9 1.4463288604751973E9 1.5150577637503707E9 1.0235455965569735E9 2.0018331332304265E9 1.6199125612992797E9 7.843272757095604E8 1.2895561270796235E9 1.2442489331343155E9 1.851397155554409E9 9.312611373598682E8 9.081298896643461E8 2.571276379414191E9 1.755050324328476E9 9.943711877611613E8 4.4793503391369176E8 1.1136006859459908E9 
1.3826064482404482E9 1.3047553375388427E9 1.0068677939505938E9 2.0728174442607522E9 8.627519569848292E8 4.820902725615792E8 1.1672928066996486E9 1.1764182960808558E9 1.695946982245676E9 1.4463288604751973E9 1.5150577637503707E9 1.0235455965569735E9 2.0018331332304265E9 1.6199125612992797E9 7.843272757095604E8 1.2895561270796235E9 1.2442489331343155E9 1.851397155554409E9 9.312611373598682E8 9.081298896643461E8 2.571276379414191E9 1.755050324328476E9 9.943711877611613E8 4.4793503391369176E8 1.1136006859459908E9 
1.3826064482404482E9 1.3047553375388427E9 1.0068677939505938E9 2.0728174442607522E9 8.627519569848292E8 4.820902725615792E8 1.1672928066996486E9 1.1764182960808558E9 1.695946982245676E9 1.4463288604751973E9 1.5150577637503707E9 1.0235455965569735E9 2.0018331332304265E9 1.6199125612992797E9 7.843272757095604E8 1.2895561270796235E9 1.2442489331343155E9 1.851397155554409E9 9.312611373598682E8 9.081298896643461E8 2.571276379414191E9 1.755050324328476E9 9.943711877611613E8 4.4793503391369176E8 1.1136006859459908E9 
1.3826064482404482E9 1.3047553375388427E9 1.0068677939505938E9 2.0728174442607522E9 8.627519569848292E8 4.820902725615792E8 1.1672928066996486E9 1.1764182960808558E9 1.695946982245676E9 1.4463288604751973E9 1.5150577637503707E9 1.0235455965569735E9 2.0018331332304265E9 1.6199125612992797E9 7.843272757095604E8 1.2895561270796235E9 1.2442489331343155E9 1.851397155554409E9 9.312611373598682E8 9.081298896643461E8 2.571276379414191E9 1.755050324328476E9 9.943711877611613E8 4.4793503391369176E8 1.1136006859459908E9 
1.3826064482404482E9 1.3047553375388427E9 1.0068677939505938E9 2.0728174442607522E9 8.627519569848292E8 4.820902725615792E8 1.1672928066996486E9 1.1764182960808558E9 1.695946982245676E9 1.4463288604751973E9 1.5150577637503707E9 1.0235455965569735E9 2.0018331332304265E9 1.6199125612992797E9 7.843272757095604E8 1.2895561270796235E9 1.2442489331343155E9 1.851397155554409E9 9.312611373598682E8 9.081298896643461E8 2.571276379414191E9 1.755050324328476E9 9.943711877611613E8 4.4793503391369176E8 1.1136006859459908E9 
1.3826064482404482E9 1.3047553375388427E9 1.0068677939505938E9 2.0728174442607522E9 8.627519569848292E8 4.820902725615792E8 1.1672928066996486E9 1.1764182960808558E9 1.695946982245676E9 1.4463288604751973E9 1.5150577637503707E9 1.0235455965569735E9 2.0018331332304265E9 1.6199125612992797E9 7.843272757095604E8 1.2895561270796235E9 1.2442489331343155E9 1.851397155554409E9 9.312611373598682E8 9.081298896643461E8 2.571276379414191E9 1.755050324328476E9 9.943711877611613E8 4.4793503391369176E8 1.1136006859459908E9 
1.3826064482404482E9 1.3047553375388427E9 1.0068677939505938E9 1.8794729735917044E9 8.627519569848292E8 4.820902725615792E8 1.1672928066996486E9 1.1764182960808558E9 1.695946982245676E9 1.4463288604751973E9 1.5150577637503707E9 1.0235455965569735E9 2.0018331332304265E9 1.6199125612992797E9 7.843272757095604E8 1.2895561270796235E9 1.2442489331343155E9 1.851397155554409E9 9.312611373598682E8 9.081298896643461E8 2.571276379414191E9 1.755050324328476E9 9.943711877611613E8 4.4793503391369176E8 1.1136006859459908E9 
1.3826064482404482E9 1.3047553375388427E9 1.0068677939505938E9 1.8794729735917044E9 8.627519569848292E8 4.820902725615792E8 1.1672928066996486E9 1.1764182960808558E9 1.695946982245676E9 1.4463288604751973E9 1.5150577637503707E9 1.0235455965569735E9 2.0018331332304265E9 1.6199125612992797E9 7.843272757095604E8 1.2895561270796235E9 1.2442489331343155E9 1.851397155554409E9 9.312611373598682E8 9.081298896643461E8 2.571276379414191E9 1.755050324328476E9 9.943711877611613E8 4.4793503391369176E8 1.1136006859459908E9 
1.3826064482404482E9 1.3047553375388427E9 1.0068677939505938E9 1.8794729735917044E9 8.627519569848292E8 4.820902725615792E8 1.1672928066996486E9 1.1764182960808558E9 1.695946982245676E9 1.4463288604751973E9 1.5150577637503707E9 1.0235455965569735E9 2.0018331332304265E9 1.6199125612992797E9 7.843272757095604E8 1.2895561270796235E9 1.2442489331343155E9 1.851397155554409E9 9.312611373598682E8 9.081298896643461E8 2.571276379414191E9 1.755050324328476E9 9.943711877611613E8 4.4793503391369176E8 1.1136006859459908E9 
1.3826064482404482E9 1.3047553375388427E9 1.0068677939505938E9 1.8794729735917044E9 8.627519569848292E8 4.820902725615792E8 1.1672928066996486E9 1.1764182960808558E9 1.695946982245676E9 1.4463288604751973E9 1.5150577637503707E9 1.0235455965569735E9 2.0018331332304265E9 1.6199125612992797E9 7.843272757095604E8 1.2895561270796235E9 1.2442489331343155E9 1.851397155554409E9 9.312611373598682E8 9.081298896643461E8 2.571276379414191E9 1.755050324328476E9 9.943711877611613E8 4.4793503391369176E8 1.1136006859459908E9 
1.3826064482404482E9 1.3047553375388427E9 1.0068677939505938E9 1.8794729735917044E9 8.627519569848292E8 4.820902725615792E8 1.1672928066996486E9 1.1764182960808558E9 1.695946982245676E9 1.4463288604751973E9 1.5150577637503707E9 1.0235455965569735E9 2.0018331332304265E9 1.6199125612992797E9 7.843272757095604E8 1.2895561270796235E9 1.2442489331343155E9 1.851397155554409E9 9.312611373598682E8 9.081298896643461E8 2.571276379414191E9 1.755050324328476E9 9.943711877611613E8 4.4793503391369176E8 1.1136006859459908E9 
1.3826064482404482E9 1.3047553375388427E9 1.0068677939505938E9 1.8794729735917044E9 8.627519569848292E8 4.820902725615792E8 1.1672928066996486E9 1.1764182960808558E9 1.695946982245676E9 1.4463288604751973E9 1.5150577637503707E9 1.0235455965569735E9 2.0018331332304265E9 1.6199125612992797E9 7.843272757095604E8 1.2895561270796235E9 1.2442489331343155E9 1.851397155554409E9 9.312611373598682E8 9.081298896643461E8 2.571276379414191E9 1.755050324328476E9 9.943711877611613E8 4.4793503391369176E8 1.1136006859459908E9 
1.3826064482404482E9 1.3047553375388427E9 1.0068677939505938E9 1.8794729735917044E9 8.627519569848292E8 4.820902725615792E8 1.1672928066996486E9 1.1764182960808558E9 1.695946982245676E9 1.4463288604751973E9 1.5150577637503707E9 1.0235455965569735E9 2.0018331332304265E9 1.6199125612992797E9 7.843272757095604E8 1.2895561270796235E9 1.2442489331343155E9 1.851397155554409E9 9.312611373598682E8 9.081298896643461E8 2.571276379414191E9 1.755050324328476E9 9.943711877611613E8 4.4793503391369176E8 1.1136006859459908E9 
1.3826064482404482E9 1.3047553375388427E9 1.0068677939505938E9 1.8794729735917044E9 8.627519569848292E8 4.820902725615792E8 1.1672928066996486E9 1.1764182960808558E9 1.695946982245676E9 1.4463288604751973E9 1.5150577637503707E9 1.0235455965569735E9 2.0018331332304265E9 1.6199125612992797E9 7.843272757095604E8 1.2895561270796235E9 1.2442489331343155E9 1.851397155554409E9 9.312611373598682E8 9.081298896643461E8 2.571276379414191E9 1.755050324328476E9 9.943711877611613E8 4.4793503391369176E8 1.1136006859459908E9 
1.3826064482404482E9 1.3047553375388427E9 1.0068677939505938E9 1.8794729735917044E9 8.627519569848292E8 4.820902725615792E8 1.1672928066996486E9 1.1764182960808558E9 1.695946982245676E9 1.4463288604751973E9 1.5150577637503707E9 1.0235455965569735E9 2.0018331332304265E9 1.6199125612992797E9 7.843272757095604E8 1.2895561270796235E9 1.2442489331343155E9 1.851397155554409E9 9.312611373598682E8 9.081298896643461E8 2.571276379414191E9 1.755050324328476E9 9.943711877611613E8 4.4793503391369176E8 1.1136006859459908E9 
1.3826064482404482E9 1.3047553375388427E9 1.0068677939505938E9 1.8794729735917044E9 8.627519569848292E8 4.820902725615792E8 1.1672928066996486E9 1.1764182960808558E9 1.695946982245676E9 1.4463288604751973E9 1.5150577637503707E9 1.0235455965569735E9 2.0018331332304265E9 1.6199125612992797E9 7.843272757095604E8 1.2895561270796235E9 1.2442489331343155E9 9.592768750947373E8 9.312611373598682E8 9.081298896643461E8 2.571276379414191E9 1.755050324328476E9 9.943711877611613E8 4.4793503391369176E8 1.1136006859459908E9 
1.3826064482404482E9 1.3047553375388427E9 1.0068677939505938E9 1.8794729735917044E9 8.627519569848292E8 4.820902725615792E8 1.1672928066996486E9 1.1764182960808558E9 1.695946982245676E9 1.4463288604751973E9 1.5150577637503707E9 1.0235455965569735E9 2.0018331332304265E9 1.6199125612992797E9 7.843272757095604E8 1.2895561270796235E9 1.2442489331343155E9 9.592768750947373E8 9.312611373598682E8 9.081298896643461E8 2.571276379414191E9 1.755050324328476E9 9.943711877611613E8 4.4793503391369176E8 1.1136006859459908E9 
1.3826064482404482E9 1.3047553375388427E9 1.0068677939505938E9 1.8794729735917044E9 8.627519569848292E8 4.820902725615792E8 1.1672928066996486E9 1.1764182960808558E9 1.695946982245676E9 1.4463288604751973E9 1.5150577637503707E9 1.0235455965569735E9 2.0018331332304265E9 1.6199125612992797E9 7.843272757095604E8 1.2895561270796235E9 1.2442489331343155E9 9.592768750947373E8 9.312611373598682E8 9.081298896643461E8 2.571276379414191E9 1.755050324328476E9 9.943711877611613E8 4.4793503391369176E8 1.1136006859459908E9 
1.3826064482404482E9 1.3047553375388427E9 1.0068677939505938E9 1.8794729735917044E9 8.627519569848292E8 4.820902725615792E8 1.1672928066996486E9 1.1764182960808558E9 1.695946982245676E9 1.4463288604751973E9 1.5150577637503707E9 1.0235455965569735E9 2.0018331332304265E9 1.6199125612992797E9 7.843272757095604E8 1.2895561270796235E9 1.2442489331343155E9 9.592768750947373E8 9.312611373598682E8 9.081298896643461E8 2.571276379414191E9 1.755050324328476E9 9.943711877611613E8 4.4793503391369176E8 1.1136006859459908E9 
1.3826064482404482E9 1.3047553375388427E9 1.0068677939505938E9 1.8794729735917044E9 8.627519569848292E8 4.820902725615792E8 1.1672928066996486E9 1.1764182960808558E9 1.695946982245676E9 1.4463288604751973E9 1.5150577637503707E9 1.0235455965569735E9 2.0018331332304265E9 1.6199125612992797E9 7.843272757095604E8 1.2895561270796235E9 1.2442489331343155E9 9.592768750947373E8 9.312611373598682E8 9.081298896643461E8 2.571276379414191E9 1.755050324328476E9 9.943711877611613E8 4.4793503391369176E8 1.1136006859459908E9 
1.3826064482404482E9 1.3047553375388427E9 1.0068677939505938E9 1.8794729735917044E9 8.627519569848292E8 4.820902725615792E8 1.1672928066996486E9 1.1764182960808558E9 1.695946982245676E9 1.4463288604751973E9 1.5150577637503707E9 1.0235455965569735E9 2.0018331332304265E9 1.6199125612992797E9 7.843272757095604E8 1.2895561270796235E9 1.2442489331343155E9 9.592768750947373E8 9.312611373598682E8 9.081298896643461E8 2.571276379414191E9 1.755050324328476E9 9.943711877611613E8 4.4793503391369176E8 1.1136006859459908E9 
1.3826064482404482E9 1.3047553375388427E9 1.0068677939505938E9 1.8794729735917044E9 8.627519569848292E8 4.820902725615792E8 1.1672928066996486E9 1.1764182960808558E9 1.695946982245676E9 1.4463288604751973E9 1.4185270172567337E9 1.0235455965569735E9 2.0018331332304265E9 1.6199125612992797E9 7.843272757095604E8 1.2895561270796235E9 1.2442489331343155E9 9.592768750947373E8 9.312611373598682E8 9.081298896643461E8 2.571276379414191E9 1.755050324328476E9 9.943711877611613E8 4.4793503391369176E8 1.1136006859459908E9 
1.3826064482404482E9 1.3047553375388427E9 1.0068677939505938E9 1.8794729735917044E9 8.627519569848292E8 4.820902725615792E8 1.1672928066996486E9 1.1764182960808558E9 1.695946982245676E9 1.4463288604751973E9 1.4185270172567337E9 1.0235455965569735E9 2.0018331332304265E9 1.6199125612992797E9 7.843272757095604E8 1.2895561270796235E9 1.2442489331343155E9 9.592768750947373E8 9.312611373598682E8 9.081298896643461E8 2.571276379414191E9 1.755050324328476E9 9.943711877611613E8 4.4793503391369176E8 1.1136006859459908E9 
1.3826064482404482E9 1.3047553375388427E9 1.0068677939505938E9 1.8794729735917044E9 8.627519569848292E8 4.820902725615792E8 1.1672928066996486E9 1.1764182960808558E9 1.695946982245676E9 1.4463288604751973E9 1.4185270172567337E9 1.0235455965569735E9 2.0018331332304265E9 1.6199125612992797E9 7.843272757095604E8 1.2895561270796235E9 1.2442489331343155E9 9.592768750947373E8 9.312611373598682E8 9.081298896643461E8 2.571276379414191E9 1.755050324328476E9 9.943711877611613E8 4.4793503391369176E8 1.1136006859459908E9 
1.3826064482404482E9 1.3047553375388427E9 1.0068677939505938E9 1.8794729735917044E9 8.627519569848292E8 4.820902725615792E8 1.1672928066996486E9 1.1764182960808558E9 1.695946982245676E9 1.4463288604751973E9 1.4185270172567337E9 1.0235455965569735E9 2.0018331332304265E9 1.6199125612992797E9 7.843272757095604E8 1.2895561270796235E9 1.2442489331343155E9 9.592768750947373E8 9.312611373598682E8 9.081298896643461E8 2.571276379414191E9 1.755050324328476E9 9.943711877611613E8 4.4793503391369176E8 1.1136006859459908E9 
1.3826064482404482E9 1.3047553375388427E9 1.0068677939505938E9 1.8794729735917044E9 8.627519569848292E8 4.820902725615792E8 1.1672928066996486E9 1.1764182960808558E9 1.695946982245676E9 1.4463288604751973E9 1.4185270172567337E9 1.0235455965569735E9 2.0018331332304265E9 1.6199125612992797E9 7.843272757095604E8 1.2895561270796235E9 1.2442489331343155E9 9.592768750947373E8 9.312611373598682E8 9.081298896643461E8 2.571276379414191E9 1.755050324328476E9 9.943711877611613E8 4.4793503391369176E8 1.1136006859459908E9 
1.3826064482404482E9 1.3047553375388427E9 1.0068677939505938E9 1.8794729735917044E9 8.627519569848292E8 4.820902725615792E8 1.1672928066996486E9 1.1764182960808558E9 1.695946982245676E9 1.4463288604751973E9 1.4185270172567337E9 1.0235455965569735E9 2.0018331332304265E9 1.6199125612992797E9 7.843272757095604E8 1.2895561270796235E9 1.2442489331343155E9 9.592768750947373E8 9.312611373598682E8 9.081298896643461E8 2.571276379414191E9 1.755050324328476E9 9.943711877611613E8 4.4793503391369176E8 1.1136006859459908E9 
1.3826064482404482E9 1.3047553375388427E9 1.0068677939505938E9 1.8794729735917044E9 8.627519569848292E8 4.820902725615792E8 1.1672928066996486E9 1.1764182960808558E9 1.695946982245676E9 1.4463288604751973E9 1.4185270172567337E9 1.0235455965569735E9 2.0018331332304265E9 1.6199125612992797E9 7.843272757095604E8 1.2895561270796235E9 1.2442489331343155E9 9.592768750947373E8 9.312611373598682E8 9.081298896643461E8 2.571276379414191E9 1.755050324328476E9 9.943711877611613E8 4.4793503391369176E8 1.1136006859459908E9 
1.3826064482404482E9 1.3047553375388427E9 1.0068677939505938E9 1.8794729735917044E9 8.627519569848292E8 4.820902725615792E8 1.1672928066996486E9 1.1764182960808558E9 1.695946982245676E9 1.4463288604751973E9 1.4185270172567337E9 1.0235455965569735E9 2.0018331332304265E9 1.6199125612992797E9 7.843272757095604E8 1.2895561270796235E9 1.2442489331343155E9 9.592768750947373E8 9.312611373598682E8 9.081298896643461E8 2.571276379414191E9 1.755050324328476E9 9.943711877611613E8 4.4793503391369176E8 1.1136006859459908E9 
1.3826064482404482E9 1.3047553375388427E9 1.0068677939505938E9 1.8794729735917044E9 8.627519569848292E8 4.820902725615792E8 1.1672928066996486E9 1.1764182960808558E9 1.695946982245676E9 1.4463288604751973E9 1.4185270172567337E9 1.0235455965569735E9 2.0018331332304265E9 1.6199125612992797E9 7.843272757095604E8 1.2895561270796235E9 1.2442489331343155E9 9.592768750947373E8 9.312611373598682E8 9.081298896643461E8 2.571276379414191E9 1.755050324328476E9 9.943711877611613E8 4.4793503391369176E8 1.1136006859459908E9 
1.3826064482404482E9 1.3047553375388427E9 1.0068677939505938E9 1.8794729735917044E9 8.627519569848292E8 4.820902725615792E8 1.1672928066996486E9 1.1764182960808558E9 1.695946982245676E9 1.4463288604751973E9 1.3881736049310467E9 1.0235455965569735E9 2.0018331332304265E9 1.6199125612992797E9 7.843272757095604E8 1.2895561270796235E9 1.2442489331343155E9 9.592768750947373E8 9.312611373598682E8 9.081298896643461E8 2.571276379414191E9 1.755050324328476E9 9.943711877611613E8 4.4793503391369176E8 1.1136006859459908E9 
1.3826064482404482E9 1.3047553375388427E9 1.0068677939505938E9 1.8794729735917044E9 8.627519569848292E8 4.820902725615792E8 1.1672928066996486E9 1.1764182960808558E9 1.695946982245676E9 1.4463288604751973E9 1.3881736049310467E9 1.0235455965569735E9 2.0018331332304265E9 1.6199125612992797E9 7.843272757095604E8 1.2895561270796235E9 1.2442489331343155E9 9.592768750947373E8 9.312611373598682E8 9.081298896643461E8 2.571276379414191E9 1.755050324328476E9 9.943711877611613E8 4.4793503391369176E8 1.1136006859459908E9 
1.3826064482404482E9 1.3047553375388427E9 1.0068677939505938E9 1.8794729735917044E9 8.627519569848292E8 4.820902725615792E8 1.1672928066996486E9 1.1764182960808558E9 1.695946982245676E9 1.4463288604751973E9 1.3881736049310467E9 1.0235455965569735E9 2.0018331332304265E9 1.6199125612992797E9 7.843272757095604E8 1.2895561270796235E9 1.2442489331343155E9 9.592768750947373E8 9.312611373598682E8 9.081298896643461E8 2.571276379414191E9 1.755050324328476E9 9.943711877611613E8 4.4793503391369176E8 1.1136006859459908E9 
1.3826064482404482E9 1.3047553375388427E9 1.0068677939505938E9 1.8794729735917044E9 8.627519569848292E8 4.820902725615792E8 1.1672928066996486E9 1.1764182960808558E9 1.695946982245676E9 1.4463288604751973E9 1.3881736049310467E9 1.0235455965569735E9 2.0018331332304265E9 1.6199125612992797E9 7.843272757095604E8 1.2895561270796235E9 1.2442489331343155E9 9.592768750947373E8 9.312611373598682E8 9.081298896643461E8 2.571276379414191E9 1.755050324328476E9 9.943711877611613E8 4.4793503391369176E8 1.1136006859459908E9 
1.3826064482404482E9 1.3047553375388427E9 1.0068677939505938E9 1.8794729735917044E9 8.627519569848292E8 4.820902725615792E8 1.1672928066996486E9 1.1764182960808558E9 1.695946982245676E9 1.4463288604751973E9 1.3881736049310467E9 1.0235455965569735E9 2.0018331332304265E9 1.6199125612992797E9 7.843272757095604E8 1.2895561270796235E9 1.2442489331343155E9 9.592768750947373E8 9.312611373598682E8 9.081298896643461E8 2.571276379414191E9 1.755050324328476E9 9.943711877611613E8 4.4793503391369176E8 1.1136006859459908E9 
1.3826064482404482E9 1.3047553375388427E9 1.0068677939505938E9 1.8794729735917044E9 8.627519569848292E8 4.820902725615792E8 1.1672928066996486E9 1.1764182960808558E9 1.695946982245676E9 1.4463288604751973E9 1.3881736049310467E9 1.0235455965569735E9 2.0018331332304265E9 1.6199125612992797E9 7.843272757095604E8 1.2895561270796235E9 1.2442489331343155E9 9.592768750947373E8 9.312611373598682E8 9.081298896643461E8 2.571276379414191E9 1.755050324328476E9 9.943711877611613E8 4.4793503391369176E8 1.1136006859459908E9 
1.3826064482404482E9 1.3047553375388427E9 1.0068677939505938E9 1.8794729735917044E9 8.627519569848292E8 4.820902725615792E8 1.1672928066996486E9 1.1764182960808558E9 1.695946982245676E9 1.4463288604751973E9 1.3881736049310467E9 1.0235455965569735E9 2.0018331332304265E9 1.6199125612992797E9 7.843272757095604E8 1.2895561270796235E9 1.2442489331343155E9 9.592768750947373E8 9.312611373598682E8 9.081298896643461E8 2.571276379414191E9 1.755050324328476E9 9.943711877611613E8 4.4793503391369176E8 1.1136006859459908E9 
1.3826064482404482E9 1.3047553375388427E9 1.0068677939505938E9 1.8794729735917044E9 8.627519569848292E8 4.820902725615792E8 1.1672928066996486E9 1.1764182960808558E9 1.695946982245676E9 1.4463288604751973E9 1.3881736049310467E9 1.0235455965569735E9 2.0018331332304265E9 1.6199125612992797E9 7.843272757095604E8 1.2895561270796235E9 1.2442489331343155E9 9.592768750947373E8 9.312611373598682E8 9.081298896643461E8 2.571276379414191E9 1.755050324328476E9 9.943711877611613E8 4.4793503391369176E8 1.1136006859459908E9 
1.3826064482404482E9 1.3047553375388427E9 1.0068677939505938E9 1.8794729735917044E9 8.627519569848292E8 4.820902725615792E8 1.1672928066996486E9 1.1764182960808558E9 1.695946982245676E9 1.4463288604751973E9 1.3881736049310467E9 1.0235455965569735E9 2.0018331332304265E9 1.6199125612992797E9 7.843272757095604E8 1.2895561270796235E9 1.2442489331343155E9 9.592768750947373E8 9.312611373598682E8 9.081298896643461E8 2.571276379414191E9 1.755050324328476E9 9.943711877611613E8 4.4793503391369176E8 1.1136006859459908E9 
1.3826064482404482E9 1.3047553375388427E9 1.0068677939505938E9 1.8794729735917044E9 8.627519569848292E8 4.820902725615792E8 1.1672928066996486E9 1.1764182960808558E9 1.695946982245676E9 1.4463288604751973E9 1.3881736049310467E9 1.0235455965569735E9 2.0018331332304265E9 1.6199125612992797E9 7.843272757095604E8 1.2895561270796235E9 1.2442489331343155E9 9.592768750947373E8 9.312611373598682E8 9.081298896643461E8 2.571276379414191E9 1.755050324328476E9 9.943711877611613E8 4.4793503391369176E8 1.1136006859459908E9 
1.3826064482404482E9 1.3047553375388427E9 1.0068677939505938E9 1.8794729735917044E9 8.627519569848292E8 4.820902725615792E8 1.1672928066996486E9 1.1764182960808558E9 1.695946982245676E9 1.4463288604751973E9 1.3881736049310467E9 1.0235455965569735E9 2.0018331332304265E9 1.6199125612992797E9 7.843272757095604E8 1.2895561270796235E9 1.2442489331343155E9 9.592768750947373E8 9.312611373598682E8 9.081298896643461E8 2.571276379414191E9 1.755050324328476E9 9.943711877611613E8 4.4793503391369176E8 1.1136006859459908E9 
1.3826064482404482E9 1.3047553375388427E9 1.0068677939505938E9 1.8794729735917044E9 8.627519569848292E8 4.820902725615792E8 1.1672928066996486E9 1.1764182960808558E9 1.695946982245676E9 1.4463288604751973E9 1.3881736049310467E9 1.0235455965569735E9 2.0018331332304265E9 1.6199125612992797E9 7.843272757095604E8 1.2895561270796235E9 1.2442489331343155E9 9.592768750947373E8 9.312611373598682E8 9.081298896643461E8 2.571276379414191E9 1.755050324328476E9 9.943711877611613E8 4.4793503391369176E8 1.1136006859459908E9 
1.3826064482404482E9 1.3047553375388427E9 1.0068677939505938E9 1.8794729735917044E9 8.627519569848292E8 4.820902725615792E8 1.1672928066996486E9 1.1764182960808558E9 1.695946982245676E9 1.4463288604751973E9 1.3881736049310467E9 1.0235455965569735E9 2.0018331332304265E9 1.6199125612992797E9 7.843272757095604E8 1.2895561270796235E9 1.2442489331343155E9 9.592768750947373E8 9.312611373598682E8 9.081298896643461E8 2.571276379414191E9 1.755050324328476E9 9.943711877611613E8 4.4793503391369176E8 1.1136006859459908E9 
1.3826064482404482E9 1.3047553375388427E9 1.0068677939505938E9 1.8794729735917044E9 8.627519569848292E8 4.820902725615792E8 1.1672928066996486E9 1.1764182960808558E9 1.695946982245676E9 1.4463288604751973E9 1.3881736049310467E9 1.0235455965569735E9 2.0018331332304265E9 1.6199125612992797E9 7.843272757095604E8 1.2895561270796235E9 1.2442489331343155E9 9.592768750947373E8 9.312611373598682E8 9.081298896643461E8 2.571276379414191E9 1.755050324328476E9 9.943711877611613E8 4.4793503391369176E8 1.1136006859459908E9 
1.3826064482404482E9 1.3047553375388427E9 1.0068677939505938E9 1.8794729735917044E9 8.627519569848292E8 4.820902725615792E8 1.1672928066996486E9 1.1764182960808558E9 1.695946982245676E9 1.4463288604751973E9 1.3881736049310467E9 1.0235455965569735E9 2.0018331332304265E9 1.6199125612992797E9 7.843272757095604E8 1.2895561270796235E9 1.2442489331343155E9 9.592768750947373E8 9.312611373598682E8 9.081298896643461E8 2.571276379414191E9 1.755050324328476E9 9.943711877611613E8 4.4793503391369176E8 1.1136006859459908E9 
1.3826064482404482E9 1.3047553375388427E9 1.0068677939505938E9 1.8794729735917044E9 8.627519569848292E8 4.820902725615792E8 1.1672928066996486E9 1.1764182960808558E9 1.695946982245676E9 1.4463288604751973E9 1.3881736049310467E9 1.0235455965569735E9 2.0018331332304265E9 1.6199125612992797E9 7.843272757095604E8 1.2895561270796235E9 1.2442489331343155E9 9.592768750947373E8 9.312611373598682E8 9.081298896643461E8 2.571276379414191E9 1.755050324328476E9 9.943711877611613E8 4.4793503391369176E8 1.1136006859459908E9 
1.3826064482404482E9 1.3047553375388427E9 1.0068677939505938E9 1.8794729735917044E9 8.627519569848292E8 4.820902725615792E8 1.1672928066996486E9 1.1764182960808558E9 1.695946982245676E9 1.4463288604751973E9 1.3881736049310467E9 1.0235455965569735E9 2.0018331332304265E9 1.6199125612992797E9 7.843272757095604E8 1.2895561270796235E9 1.2442489331343155E9 9.592768750947373E8 9.312611373598682E8 9.081298896643461E8 2.571276379414191E9 1.755050324328476E9 9.943711877611613E8 4.4793503391369176E8 1.1136006859459908E9 
1.3826064482404482E9 1.3047553375388427E9 1.0068677939505938E9 1.8794729735917044E9 8.627519569848292E8 4.820902725615792E8 1.1672928066996486E9 1.1764182960808558E9 1.695946982245676E9 1.4463288604751973E9 1.3881736049310467E9 1.0235455965569735E9 2.0018331332304265E9 1.6199125612992797E9 7.843272757095604E8 1.2895561270796235E9 1.2442489331343155E9 9.592768750947373E8 9.312611373598682E8 9.081298896643461E8 2.571276379414191E9 1.755050324328476E9 9.943711877611613E8 4.4793503391369176E8 1.1136006859459908E9 
1.3826064482404482E9 1.3047553375388427E9 1.0068677939505938E9 1.8794729735917044E9 8.627519569848292E8 4.820902725615792E8 1.1672928066996486E9 1.1764182960808558E9 1.695946982245676E9 1.4463288604751973E9 1.3881736049310467E9 1.0235455965569735E9 2.0018331332304265E9 1.6199125612992797E9 7.843272757095604E8 1.2895561270796235E9 1.2442489331343155E9 9.592768750947373E8 9.312611373598682E8 9.081298896643461E8 2.571276379414191E9 1.755050324328476E9 9.943711877611613E8 4.4793503391369176E8 1.1136006859459908E9 
1.3826064482404482E9 1.3047553375388427E9 1.0068677939505938E9 1.8794729735917044E9 8.627519569848292E8 4.820902725615792E8 1.1672928066996486E9 1.1764182960808558E9 1.695946982245676E9 1.4463288604751973E9 1.3881736049310467E9 1.0235455965569735E9 2.0018331332304265E9 1.6199125612992797E9 7.843272757095604E8 1.2895561270796235E9 1.2442489331343155E9 9.592768750947373E8 9.312611373598682E8 9.081298896643461E8 2.571276379414191E9 1.755050324328476E9 9.943711877611613E8 4.4793503391369176E8 1.1136006859459908E9 
1.3826064482404482E9 1.3047553375388427E9 1.0068677939505938E9 1.8794729735917044E9 8.627519569848292E8 4.820902725615792E8 1.1672928066996486E9 1.1764182960808558E9 1.695946982245676E9 1.4463288604751973E9 1.3881736049310467E9 1.0235455965569735E9 2.0018331332304265E9 1.6199125612992797E9 7.843272757095604E8 1.2895561270796235E9 1.2442489331343155E9 9.592768750947373E8 9.312611373598682E8 9.081298896643461E8 2.571276379414191E9 1.755050324328476E9 9.943711877611613E8 4.4793503391369176E8 1.1136006859459908E9 
1.3826064482404482E9 1.3047553375388427E9 1.0068677939505938E9 1.8794729735917044E9 8.627519569848292E8 4.820902725615792E8 1.1672928066996486E9 1.1764182960808558E9 1.695946982245676E9 1.4463288604751973E9 1.3881736049310467E9 1.0235455965569735E9 2.0018331332304265E9 1.6199125612992797E9 7.843272757095604E8 1.2895561270796235E9 1.2442489331343155E9 9.592768750947373E8 9.312611373598682E8 9.081298896643461E8 2.571276379414191E9 1.755050324328476E9 9.943711877611613E8 4.4793503391369176E8 1.1136006859459908E9 
1.3826064482404482E9 1.3047553375388427E9 1.0068677939505938E9 1.8794729735917044E9 8.627519569848292E8 4.820902725615792E8 1.1672928066996486E9 1.1764182960808558E9 1.695946982245676E9 1.4463288604751973E9 1.3881736049310467E9 1.0235455965569735E9 2.0018331332304265E9 1.6199125612992797E9 7.843272757095604E8 1.2895561270796235E9 1.2442489331343155E9 9.592768750947373E8 9.312611373598682E8 9.081298896643461E8 2.571276379414191E9 1.755050324328476E9 9.943711877611613E8 4.4793503391369176E8 1.1136006859459908E9 
1.3826064482404482E9 1.3047553375388427E9 1.0068677939505938E9 1.8794729735917044E9 8.627519569848292E8 4.820902725615792E8 1.1672928066996486E9 1.1764182960808558E9 1.695946982245676E9 1.4463288604751973E9 1.3881736049310467E9 1.0235455965569735E9 2.0018331332304265E9 1.6199125612992797E9 7.843272757095604E8 1.2895561270796235E9 1.2442489331343155E9 9.592768750947373E8 9.312611373598682E8 9.081298896643461E8 2.571276379414191E9 1.755050324328476E9 9.943711877611613E8 4.4793503391369176E8 1.1136006859459908E9 
1.3826064482404482E9 1.3047553375388427E9 1.0068677939505938E9 1.8794729735917044E9 8.627519569848292E8 4.820902725615792E8 1.1672928066996486E9 1.1764182960808558E9 1.695946982245676E9 1.4463288604751973E9 1.3881736049310467E9 1.0235455965569735E9 2.0018331332304265E9 1.6199125612992797E9 7.843272757095604E8 1.2895561270796235E9 1.2442489331343155E9 9.592768750947373E8 9.312611373598682E8 9.081298896643461E8 2.571276379414191E9 1.755050324328476E9 9.943711877611613E8 4.4793503391369176E8 1.1136006859459908E9 
1.3826064482404482E9 1.3047553375388427E9 1.0068677939505938E9 1.8794729735917044E9 8.627519569848292E8 4.820902725615792E8 1.1672928066996486E9 1.1764182960808558E9 1.695946982245676E9 1.4463288604751973E9 1.3881736049310467E9 1.0235455965569735E9 2.0018331332304265E9 1.6199125612992797E9 7.843272757095604E8 1.2895561270796235E9 1.2442489331343155E9 9.592768750947373E8 9.312611373598682E8 9.081298896643461E8 2.571276379414191E9 1.755050324328476E9 9.943711877611613E8 4.4793503391369176E8 1.1136006859459908E9 
1.3826064482404482E9 1.3047553375388427E9 1.0068677939505938E9 1.8794729735917044E9 8.627519569848292E8 4.820902725615792E8 1.1672928066996486E9 1.1764182960808558E9 1.695946982245676E9 1.4463288604751973E9 1.3881736049310467E9 1.0235455965569735E9 2.0018331332304265E9 1.6199125612992797E9 7.843272757095604E8 1.2895561270796235E9 1.2442489331343155E9 9.592768750947373E8 9.312611373598682E8 9.081298896643461E8 2.571276379414191E9 1.755050324328476E9 9.943711877611613E8 4.4793503391369176E8 1.1136006859459908E9 
1.3826064482404482E9 1.3047553375388427E9 1.0068677939505938E9 1.8794729735917044E9 8.627519569848292E8 4.820902725615792E8 1.1672928066996486E9 1.1764182960808558E9 1.695946982245676E9 1.4463288604751973E9 1.3881736049310467E9 1.0235455965569735E9 2.0018331332304265E9 1.6199125612992797E9 7.843272757095604E8 1.2895561270796235E9 1.2442489331343155E9 9.592768750947373E8 9.312611373598682E8 9.081298896643461E8 2.571276379414191E9 1.755050324328476E9 9.943711877611613E8 4.4793503391369176E8 1.1136006859459908E9 
1.3826064482404482E9 1.3047553375388427E9 1.0068677939505938E9 1.8794729735917044E9 8.627519569848292E8 4.820902725615792E8 1.1672928066996486E9 1.1764182960808558E9 1.695946982245676E9 1.4463288604751973E9 1.3881736049310467E9 1.0235455965569735E9 2.0018331332304265E9 1.6199125612992797E9 7.843272757095604E8 1.2895561270796235E9 1.2442489331343155E9 9.592768750947373E8 9.312611373598682E8 9.081298896643461E8 2.571276379414191E9 1.755050324328476E9 9.943711877611613E8 4.4793503391369176E8 1.1136006859459908E9 
1.3826064482404482E9 1.3047553375388427E9 1.0068677939505938E9 1.8794729735917044E9 8.627519569848292E8 4.820902725615792E8 1.0318821369501351E9 1.1764182960808558E9 1.695946982245676E9 1.4463288604751973E9 1.3881736049310467E9 1.0235455965569735E9 2.0018331332304265E9 1.6199125612992797E9 7.843272757095604E8 1.2895561270796235E9 1.2442489331343155E9 9.592768750947373E8 9.312611373598682E8 9.081298896643461E8 2.571276379414191E9 1.755050324328476E9 9.943711877611613E8 4.4793503391369176E8 1.1136006859459908E9 
1.3826064482404482E9 1.3047553375388427E9 1.0068677939505938E9 1.8794729735917044E9 8.627519569848292E8 4.820902725615792E8 1.0318821369501351E9 1.1764182960808558E9 1.695946982245676E9 1.4463288604751973E9 1.3881736049310467E9 1.0235455965569735E9 2.0018331332304265E9 1.6199125612992797E9 7.843272757095604E8 1.2895561270796235E9 1.2442489331343155E9 9.592768750947373E8 9.312611373598682E8 9.081298896643461E8 2.571276379414191E9 1.755050324328476E9 9.943711877611613E8 4.4793503391369176E8 1.1136006859459908E9 
1.3826064482404482E9 1.3047553375388427E9 1.0068677939505938E9 1.8794729735917044E9 8.627519569848292E8 4.820902725615792E8 1.0318821369501351E9 1.1764182960808558E9 1.695946982245676E9 1.4463288604751973E9 1.3881736049310467E9 1.0235455965569735E9 2.0018331332304265E9 1.6199125612992797E9 7.843272757095604E8 1.2895561270796235E9 1.2442489331343155E9 9.592768750947373E8 9.312611373598682E8 9.081298896643461E8 2.571276379414191E9 1.755050324328476E9 9.943711877611613E8 4.4793503391369176E8 1.1136006859459908E9 
1.3826064482404482E9 1.3047553375388427E9 1.0068677939505938E9 1.8794729735917044E9 8.627519569848292E8 4.820902725615792E8 1.0318821369501351E9 1.1764182960808558E9 1.695946982245676E9 1.4463288604751973E9 1.3881736049310467E9 1.0235455965569735E9 2.0018331332304265E9 1.6199125612992797E9 7.843272757095604E8 1.2895561270796235E9 1.2442489331343155E9 9.592768750947373E8 9.312611373598682E8 9.081298896643461E8 2.571276379414191E9 1.755050324328476E9 9.943711877611613E8 4.4793503391369176E8 1.1136006859459908E9 
1.3826064482404482E9 1.3047553375388427E9 1.0068677939505938E9 1.8794729735917044E9 8.627519569848292E8 4.820902725615792E8 1.0318821369501351E9 1.1764182960808558E9 1.695946982245676E9 1.4463288604751973E9 1.3881736049310467E9 1.0235455965569735E9 2.0018331332304265E9 1.6199125612992797E9 7.843272757095604E8 1.2895561270796235E9 1.2442489331343155E9 9.592768750947373E8 9.312611373598682E8 9.081298896643461E8 2.571276379414191E9 1.755050324328476E9 9.943711877611613E8 4.4793503391369176E8 1.1136006859459908E9 
1.3826064482404482E9 1.3047553375388427E9 1.0068677939505938E9 1.8794729735917044E9 8.627519569848292E8 4.820902725615792E8 1.0318821369501351E9 1.1764182960808558E9 1.695946982245676E9 1.4463288604751973E9 1.3881736049310467E9 1.0235455965569735E9 2.0018331332304265E9 1.6199125612992797E9 7.843272757095604E8 1.2895561270796235E9 1.2442489331343155E9 9.592768750947373E8 9.312611373598682E8 9.081298896643461E8 2.571276379414191E9 1.755050324328476E9 9.943711877611613E8 4.4793503391369176E8 1.1136006859459908E9 
1.3826064482404482E9 1.3047553375388427E9 1.0068677939505938E9 1.8794729735917044E9 8.627519569848292E8 4.820902725615792E8 1.0318821369501351E9 1.1764182960808558E9 1.695946982245676E9 1.4463288604751973E9 1.3881736049310467E9 1.0235455965569735E9 2.0018331332304265E9 1.6199125612992797E9 7.843272757095604E8 1.2895561270796235E9 1.2442489331343155E9 9.592768750947373E8 9.312611373598682E8 9.081298896643461E8 2.571276379414191E9 1.755050324328476E9 9.943711877611613E8 4.4793503391369176E8 1.1136006859459908E9 
1.3826064482404482E9 1.3047553375388427E9 1.0068677939505938E9 1.8794729735917044E9 8.627519569848292E8 4.820902725615792E8 1.0318821369501351E9 1.1764182960808558E9 1.695946982245676E9 1.4463288604751973E9 1.3881736049310467E9 1.0235455965569735E9 2.0018331332304265E9 1.6199125612992797E9 7.843272757095604E8 1.2895561270796235E9 1.2442489331343155E9 9.592768750947373E8 9.312611373598682E8 9.081298896643461E8 2.571276379414191E9 1.755050324328476E9 9.943711877611613E8 4.4793503391369176E8 1.1136006859459908E9 
1.3826064482404482E9 1.3047553375388427E9 1.0068677939505938E9 1.8794729735917044E9 8.627519569848292E8 4.820902725615792E8 1.0318821369501351E9 1.1764182960808558E9 1.695946982245676E9 1.4463288604751973E9 1.3881736049310467E9 1.0235455965569735E9 2.0018331332304265E9 1.6199125612992797E9 7.843272757095604E8 1.2895561270796235E9 1.2442489331343155E9 9.592768750947373E8 9.312611373598682E8 9.081298896643461E8 2.571276379414191E9 1.755050324328476E9 9.943711877611613E8 4.4793503391369176E8 1.1136006859459908E9 
1.3826064482404482E9 1.3047553375388427E9 1.0068677939505938E9 1.8794729735917044E9 8.627519569848292E8 4.820902725615792E8 1.0318821369501351E9 1.1764182960808558E9 1.695946982245676E9 1.4463288604751973E9 1.3881736049310467E9 1.0235455965569735E9 2.0018331332304265E9 1.6199125612992797E9 7.843272757095604E8 1.2895561270796235E9 1.2442489331343155E9 9.592768750947373E8 9.312611373598682E8 9.081298896643461E8 2.571276379414191E9 1.755050324328476E9 4.913423055750061E8 4.4793503391369176E8 1.1136006859459908E9 
1.3826064482404482E9 1.3047553375388427E9 1.0068677939505938E9 1.8794729735917044E9 8.627519569848292E8 4.820902725615792E8 1.0318821369501351E9 1.1764182960808558E9 1.695946982245676E9 1.4463288604751973E9 1.3881736049310467E9 1.0235455965569735E9 2.0018331332304265E9 1.6199125612992797E9 7.843272757095604E8 1.2895561270796235E9 1.2442489331343155E9 9.592768750947373E8 9.312611373598682E8 9.081298896643461E8 2.571276379414191E9 1.755050324328476E9 4.913423055750061E8 4.4793503391369176E8 1.1136006859459908E9 
1.3826064482404482E9 1.3047553375388427E9 1.0068677939505938E9 1.8794729735917044E9 8.627519569848292E8 4.820902725615792E8 1.0318821369501351E9 1.1764182960808558E9 1.695946982245676E9 1.4463288604751973E9 1.3881736049310467E9 1.0235455965569735E9 2.0018331332304265E9 1.6199125612992797E9 7.843272757095604E8 1.2895561270796235E9 1.2442489331343155E9 9.592768750947373E8 9.312611373598682E8 9.081298896643461E8 2.571276379414191E9 1.755050324328476E9 4.913423055750061E8 4.4793503391369176E8 1.1136006859459908E9 
1.3826064482404482E9 1.3047553375388427E9 1.0068677939505938E9 1.8794729735917044E9 8.627519569848292E8 4.820902725615792E8 1.0318821369501351E9 1.1764182960808558E9 1.695946982245676E9 1.4463288604751973E9 1.3881736049310467E9 1.0235455965569735E9 2.0018331332304265E9 1.6199125612992797E9 7.843272757095604E8 1.2895561270796235E9 1.2442489331343155E9 9.592768750947373E8 9.312611373598682E8 9.081298896643461E8 2.571276379414191E9 1.755050324328476E9 4.913423055750061E8 4.4793503391369176E8 1.1136006859459908E9 
1.3826064482404482E9 1.3047553375388427E9 1.0068677939505938E9 1.8794729735917044E9 8.627519569848292E8 4.820902725615792E8 1.0318821369501351E9 1.1764182960808558E9 1.695946982245676E9 1.4463288604751973E9 1.3881736049310467E9 1.0235455965569735E9 2.0018331332304265E9 1.6199125612992797E9 7.843272757095604E8 1.2895561270796235E9 1.2442489331343155E9 9.592768750947373E8 9.312611373598682E8 9.081298896643461E8 2.571276379414191E9 1.755050324328476E9 4.913423055750061E8 4.4793503391369176E8 1.1136006859459908E9 
1.3826064482404482E9 1.3047553375388427E9 1.0068677939505938E9 1.8794729735917044E9 8.627519569848292E8 4.820902725615792E8 1.0318821369501351E9 1.1764182960808558E9 1.695946982245676E9 1.4463288604751973E9 1.3881736049310467E9 1.0235455965569735E9 2.0018331332304265E9 1.6199125612992797E9 7.843272757095604E8 1.2895561270796235E9 1.2442489331343155E9 9.592768750947373E8 9.312611373598682E8 9.081298896643461E8 2.571276379414191E9 1.755050324328476E9 4.913423055750061E8 4.4793503391369176E8 1.1136006859459908E9 
1.3826064482404482E9 1.3047553375388427E9 1.0068677939505938E9 1.8794729735917044E9 8.627519569848292E8 4.820902725615792E8 1.0318821369501351E9 1.1764182960808558E9 1.695946982245676E9 1.4463288604751973E9 1.3881736049310467E9 1.0235455965569735E9 2.0018331332304265E9 1.6199125612992797E9 7.843272757095604E8 1.2895561270796235E9 1.2442489331343155E9 9.592768750947373E8 9.312611373598682E8 9.081298896643461E8 2.571276379414191E9 1.755050324328476E9 4.913423055750061E8 4.4793503391369176E8 1.1136006859459908E9 
1.3826064482404482E9 1.3047553375388427E9 1.0068677939505938E9 1.8794729735917044E9 8.627519569848292E8 4.820902725615792E8 1.0318821369501351E9 1.1764182960808558E9 1.695946982245676E9 1.4463288604751973E9 1.3881736049310467E9 1.0235455965569735E9 2.0018331332304265E9 1.6199125612992797E9 7.843272757095604E8 1.2895561270796235E9 1.2442489331343155E9 9.592768750947373E8 9.312611373598682E8 9.081298896643461E8 2.571276379414191E9 1.755050324328476E9 4.913423055750061E8 4.4793503391369176E8 1.1136006859459908E9 
1.3826064482404482E9 1.3047553375388427E9 1.0068677939505938E9 1.8794729735917044E9 8.627519569848292E8 4.820902725615792E8 1.0318821369501351E9 1.1764182960808558E9 1.695946982245676E9 1.4463288604751973E9 1.3881736049310467E9 1.0235455965569735E9 2.0018331332304265E9 8.45162575220296E8 7.843272757095604E8 1.2895561270796235E9 1.2442489331343155E9 9.592768750947373E8 9.312611373598682E8 9.081298896643461E8 2.571276379414191E9 1.755050324328476E9 4.913423055750061E8 4.4793503391369176E8 1.1136006859459908E9 
1.3826064482404482E9 1.3047553375388427E9 1.0068677939505938E9 1.8794729735917044E9 8.627519569848292E8 4.820902725615792E8 1.0318821369501351E9 1.1764182960808558E9 1.695946982245676E9 1.4463288604751973E9 1.3881736049310467E9 1.0235455965569735E9 2.0018331332304265E9 8.45162575220296E8 7.843272757095604E8 1.2895561270796235E9 1.2442489331343155E9 9.592768750947373E8 9.312611373598682E8 9.081298896643461E8 2.571276379414191E9 1.755050324328476E9 4.913423055750061E8 4.4793503391369176E8 1.1136006859459908E9 
1.3826064482404482E9 1.3047553375388427E9 1.0068677939505938E9 1.8794729735917044E9 8.627519569848292E8 4.820902725615792E8 1.0318821369501351E9 1.1764182960808558E9 1.695946982245676E9 1.4463288604751973E9 1.3881736049310467E9 1.0235455965569735E9 2.0018331332304265E9 8.45162575220296E8 7.843272757095604E8 1.2895561270796235E9 1.2442489331343155E9 9.592768750947373E8 9.312611373598682E8 9.081298896643461E8 2.571276379414191E9 1.755050324328476E9 4.913423055750061E8 4.4793503391369176E8 1.1136006859459908E9 
1.3826064482404482E9 1.3047553375388427E9 1.0068677939505938E9 1.8794729735917044E9 8.627519569848292E8 4.820902725615792E8 1.0318821369501351E9 1.1764182960808558E9 1.695946982245676E9 1.4463288604751973E9 1.3881736049310467E9 1.0235455965569735E9 2.0018331332304265E9 8.45162575220296E8 7.843272757095604E8 1.2895561270796235E9 1.2442489331343155E9 9.592768750947373E8 9.312611373598682E8 9.081298896643461E8 2.571276379414191E9 1.755050324328476E9 4.913423055750061E8 4.4793503391369176E8 1.1136006859459908E9 
1.3826064482404482E9 1.3047553375388427E9 1.0068677939505938E9 1.8794729735917044E9 8.627519569848292E8 4.820902725615792E8 1.0318821369501351E9 1.1764182960808558E9 1.695946982245676E9 1.4463288604751973E9 1.3881736049310467E9 1.0235455965569735E9 2.0018331332304265E9 8.45162575220296E8 7.843272757095604E8 1.2895561270796235E9 1.2442489331343155E9 9.592768750947373E8 9.312611373598682E8 9.081298896643461E8 2.571276379414191E9 1.755050324328476E9 4.913423055750061E8 4.4793503391369176E8 1.1136006859459908E9 
1.3826064482404482E9 1.3047553375388427E9 1.0068677939505938E9 1.8794729735917044E9 8.627519569848292E8 4.820902725615792E8 1.0318821369501351E9 1.1764182960808558E9 1.695946982245676E9 1.4463288604751973E9 1.3881736049310467E9 1.0235455965569735E9 2.0018331332304265E9 8.45162575220296E8 7.843272757095604E8 1.2895561270796235E9 1.2442489331343155E9 9.592768750947373E8 9.312611373598682E8 9.081298896643461E8 2.571276379414191E9 1.755050324328476E9 4.913423055750061E8 4.4793503391369176E8 1.1136006859459908E9 
1.3826064482404482E9 1.3047553375388427E9 1.0068677939505938E9 1.8794729735917044E9 8.627519569848292E8 4.820902725615792E8 1.0318821369501351E9 1.1764182960808558E9 1.695946982245676E9 1.4463288604751973E9 1.3881736049310467E9 1.0235455965569735E9 2.0018331332304265E9 8.45162575220296E8 7.843272757095604E8 1.2895561270796235E9 1.2442489331343155E9 9.592768750947373E8 9.312611373598682E8 9.081298896643461E8 2.571276379414191E9 1.755050324328476E9 4.913423055750061E8 4.4793503391369176E8 1.1136006859459908E9 
1.3826064482404482E9 1.3047553375388427E9 1.0068677939505938E9 1.8794729735917044E9 8.627519569848292E8 4.820902725615792E8 1.0318821369501351E9 1.1764182960808558E9 1.695946982245676E9 1.4463288604751973E9 1.3881736049310467E9 1.0235455965569735E9 2.0018331332304265E9 8.45162575220296E8 7.843272757095604E8 1.2895561270796235E9 1.2442489331343155E9 9.592768750947373E8 9.312611373598682E8 9.081298896643461E8 2.571276379414191E9 1.755050324328476E9 4.913423055750061E8 4.4793503391369176E8 1.1136006859459908E9 
1.3826064482404482E9 1.3047553375388427E9 1.0068677939505938E9 1.8794729735917044E9 8.627519569848292E8 4.820902725615792E8 1.0318821369501351E9 1.1764182960808558E9 1.695946982245676E9 1.4463288604751973E9 1.3881736049310467E9 1.0235455965569735E9 2.0018331332304265E9 8.45162575220296E8 7.843272757095604E8 1.2895561270796235E9 1.2442489331343155E9 9.592768750947373E8 9.312611373598682E8 9.081298896643461E8 2.571276379414191E9 1.755050324328476E9 4.913423055750061E8 4.4793503391369176E8 1.1136006859459908E9 
1.3826064482404482E9 1.3047553375388427E9 1.0068677939505938E9 1.8794729735917044E9 8.627519569848292E8 4.820902725615792E8 1.0318821369501351E9 1.1764182960808558E9 1.695946982245676E9 1.4463288604751973E9 1.3881736049310467E9 1.0235455965569735E9 9.786607284432594E8 8.45162575220296E8 7.843272757095604E8 1.2895561270796235E9 1.2442489331343155E9 9.592768750947373E8 9.312611373598682E8 9.081298896643461E8 2.571276379414191E9 1.755050324328476E9 4.913423055750061E8 4.4793503391369176E8 1.1136006859459908E9 
1.3826064482404482E9 1.3047553375388427E9 1.0068677939505938E9 1.8794729735917044E9 8.627519569848292E8 4.820902725615792E8 1.0318821369501351E9 1.1764182960808558E9 1.695946982245676E9 1.4463288604751973E9 1.3881736049310467E9 1.0235455965569735E9 9.786607284432594E8 8.45162575220296E8 7.843272757095604E8 1.2895561270796235E9 1.2442489331343155E9 9.592768750947373E8 9.312611373598682E8 9.081298896643461E8 2.571276379414191E9 1.755050324328476E9 4.913423055750061E8 4.4793503391369176E8 1.1136006859459908E9 
1.3826064482404482E9 1.3047553375388427E9 1.0068677939505938E9 1.8794729735917044E9 8.627519569848292E8 4.820902725615792E8 1.0318821369501351E9 1.1764182960808558E9 1.695946982245676E9 1.4463288604751973E9 1.3881736049310467E9 1.0235455965569735E9 9.786607284432594E8 8.45162575220296E8 7.843272757095604E8 1.2895561270796235E9 1.2442489331343155E9 9.592768750947373E8 9.312611373598682E8 9.081298896643461E8 2.571276379414191E9 1.755050324328476E9 4.913423055750061E8 4.4793503391369176E8 1.1136006859459908E9 
1.3826064482404482E9 1.3047553375388427E9 1.0068677939505938E9 1.8794729735917044E9 8.627519569848292E8 4.820902725615792E8 1.0318821369501351E9 1.1764182960808558E9 1.695946982245676E9 1.4463288604751973E9 1.3881736049310467E9 1.0235455965569735E9 9.786607284432594E8 8.45162575220296E8 7.843272757095604E8 1.2895561270796235E9 1.2442489331343155E9 9.592768750947373E8 9.312611373598682E8 9.081298896643461E8 2.571276379414191E9 1.755050324328476E9 4.913423055750061E8 4.4793503391369176E8 1.1136006859459908E9 
1.3826064482404482E9 1.3047553375388427E9 1.0068677939505938E9 1.8794729735917044E9 8.627519569848292E8 4.820902725615792E8 1.0318821369501351E9 1.1764182960808558E9 1.695946982245676E9 1.4463288604751973E9 1.3881736049310467E9 1.0235455965569735E9 9.786607284432594E8 8.45162575220296E8 7.843272757095604E8 1.2895561270796235E9 1.2442489331343155E9 9.592768750947373E8 9.312611373598682E8 9.081298896643461E8 2.571276379414191E9 1.755050324328476E9 4.913423055750061E8 4.4793503391369176E8 1.1136006859459908E9 
1.3826064482404482E9 1.3047553375388427E9 1.0068677939505938E9 1.8794729735917044E9 8.627519569848292E8 4.820902725615792E8 1.0318821369501351E9 1.1764182960808558E9 1.695946982245676E9 1.4463288604751973E9 1.3881736049310467E9 1.0235455965569735E9 9.786607284432594E8 8.45162575220296E8 7.843272757095604E8 1.2895561270796235E9 1.2442489331343155E9 9.592768750947373E8 9.312611373598682E8 9.081298896643461E8 2.571276379414191E9 1.755050324328476E9 4.913423055750061E8 4.4793503391369176E8 1.1136006859459908E9 
1.3826064482404482E9 1.3047553375388427E9 1.0068677939505938E9 1.8794729735917044E9 8.627519569848292E8 4.820902725615792E8 1.0318821369501351E9 1.1764182960808558E9 1.695946982245676E9 1.4463288604751973E9 1.3881736049310467E9 1.0235455965569735E9 9.786607284432594E8 8.45162575220296E8 7.843272757095604E8 1.2895561270796235E9 1.2442489331343155E9 9.592768750947373E8 9.312611373598682E8 9.081298896643461E8 2.571276379414191E9 1.755050324328476E9 4.913423055750061E8 4.4793503391369176E8 1.1136006859459908E9 
1.3826064482404482E9 1.3047553375388427E9 1.0068677939505938E9 1.8794729735917044E9 8.627519569848292E8 4.820902725615792E8 1.0318821369501351E9 1.1764182960808558E9 1.695946982245676E9 1.4463288604751973E9 1.3881736049310467E9 1.0235455965569735E9 7.600597640478177E8 8.45162575220296E8 7.843272757095604E8 1.2895561270796235E9 1.2442489331343155E9 9.592768750947373E8 9.312611373598682E8 9.081298896643461E8 2.571276379414191E9 1.755050324328476E9 4.913423055750061E8 4.4793503391369176E8 1.1136006859459908E9 
1.3826064482404482E9 1.3047553375388427E9 1.0068677939505938E9 1.8794729735917044E9 8.627519569848292E8 4.820902725615792E8 1.0318821369501351E9 1.1764182960808558E9 1.695946982245676E9 1.4463288604751973E9 1.3881736049310467E9 1.0235455965569735E9 7.600597640478177E8 8.45162575220296E8 7.843272757095604E8 1.2895561270796235E9 1.2442489331343155E9 9.592768750947373E8 9.312611373598682E8 9.081298896643461E8 2.571276379414191E9 1.755050324328476E9 4.913423055750061E8 4.4793503391369176E8 1.1136006859459908E9 
1.3826064482404482E9 1.3047553375388427E9 1.0068677939505938E9 1.8794729735917044E9 8.627519569848292E8 4.820902725615792E8 1.0318821369501351E9 1.1764182960808558E9 1.695946982245676E9 1.4463288604751973E9 1.3881736049310467E9 1.0235455965569735E9 7.600597640478177E8 8.45162575220296E8 7.843272757095604E8 1.2895561270796235E9 1.2442489331343155E9 9.592768750947373E8 9.312611373598682E8 9.081298896643461E8 2.571276379414191E9 1.755050324328476E9 4.913423055750061E8 4.4793503391369176E8 1.1136006859459908E9 
1.3826064482404482E9 1.3047553375388427E9 1.0068677939505938E9 1.8794729735917044E9 8.627519569848292E8 4.820902725615792E8 1.0318821369501351E9 1.1764182960808558E9 1.695946982245676E9 1.4463288604751973E9 1.3881736049310467E9 1.0235455965569735E9 7.600597640478177E8 8.45162575220296E8 7.843272757095604E8 1.2895561270796235E9 1.2442489331343155E9 9.592768750947373E8 9.312611373598682E8 9.081298896643461E8 2.571276379414191E9 1.755050324328476E9 4.913423055750061E8 4.4793503391369176E8 1.1136006859459908E9 
1.3826064482404482E9 1.3047553375388427E9 1.0068677939505938E9 1.8794729735917044E9 8.627519569848292E8 4.820902725615792E8 1.0318821369501351E9 1.1764182960808558E9 1.695946982245676E9 1.4463288604751973E9 1.3881736049310467E9 1.0235455965569735E9 7.600597640478177E8 8.45162575220296E8 7.843272757095604E8 1.2895561270796235E9 1.2442489331343155E9 9.592768750947373E8 9.312611373598682E8 9.081298896643461E8 2.571276379414191E9 1.755050324328476E9 4.913423055750061E8 4.4793503391369176E8 1.1136006859459908E9 
1.3826064482404482E9 1.3047553375388427E9 1.0068677939505938E9 1.8794729735917044E9 8.627519569848292E8 4.820902725615792E8 1.0318821369501351E9 1.1764182960808558E9 1.695946982245676E9 1.4463288604751973E9 1.3881736049310467E9 1.0235455965569735E9 7.600597640478177E8 8.45162575220296E8 7.843272757095604E8 1.2895561270796235E9 1.2442489331343155E9 9.592768750947373E8 9.312611373598682E8 9.081298896643461E8 2.571276379414191E9 1.755050324328476E9 4.913423055750061E8 4.4793503391369176E8 1.1136006859459908E9 
1.3826064482404482E9 1.3047553375388427E9 1.0068677939505938E9 1.8794729735917044E9 8.627519569848292E8 4.820902725615792E8 1.0318821369501351E9 1.1764182960808558E9 1.695946982245676E9 1.4463288604751973E9 1.3881736049310467E9 1.0235455965569735E9 7.600597640478177E8 8.45162575220296E8 7.843272757095604E8 1.2895561270796235E9 1.2442489331343155E9 9.592768750947373E8 9.312611373598682E8 9.081298896643461E8 2.571276379414191E9 1.755050324328476E9 4.913423055750061E8 4.4793503391369176E8 1.1136006859459908E9 
1.3826064482404482E9 1.3047553375388427E9 1.0068677939505938E9 1.8794729735917044E9 8.627519569848292E8 4.820902725615792E8 1.0318821369501351E9 1.1764182960808558E9 1.695946982245676E9 1.4463288604751973E9 1.3881736049310467E9 1.0235455965569735E9 7.600597640478177E8 8.45162575220296E8 7.843272757095604E8 1.2895561270796235E9 1.2442489331343155E9 9.592768750947373E8 9.312611373598682E8 9.081298896643461E8 2.571276379414191E9 1.755050324328476E9 4.913423055750061E8 4.4793503391369176E8 1.1136006859459908E9 
1.3826064482404482E9 1.3047553375388427E9 1.0068677939505938E9 1.8794729735917044E9 8.627519569848292E8 4.820902725615792E8 1.0318821369501351E9 1.1764182960808558E9 1.695946982245676E9 1.4463288604751973E9 1.3881736049310467E9 1.0235455965569735E9 7.600597640478177E8 8.45162575220296E8 7.843272757095604E8 1.2895561270796235E9 1.2442489331343155E9 9.592768750947373E8 9.312611373598682E8 9.081298896643461E8 2.571276379414191E9 1.755050324328476E9 4.913423055750061E8 4.4793503391369176E8 1.1136006859459908E9 
1.3826064482404482E9 1.3047553375388427E9 1.0068677939505938E9 1.8794729735917044E9 8.627519569848292E8 4.820902725615792E8 1.0318821369501351E9 1.1764182960808558E9 1.695946982245676E9 1.4463288604751973E9 1.3881736049310467E9 1.0235455965569735E9 7.600597640478177E8 8.45162575220296E8 7.843272757095604E8 1.2895561270796235E9 1.2442489331343155E9 9.592768750947373E8 9.312611373598682E8 9.081298896643461E8 2.571276379414191E9 1.755050324328476E9 4.913423055750061E8 4.4793503391369176E8 1.1136006859459908E9 
1.3826064482404482E9 1.3047553375388427E9 1.0068677939505938E9 1.8794729735917044E9 8.627519569848292E8 4.820902725615792E8 1.0318821369501351E9 1.1764182960808558E9 1.695946982245676E9 1.4463288604751973E9 1.3881736049310467E9 1.0235455965569735E9 7.600597640478177E8 8.45162575220296E8 7.843272757095604E8 1.2895561270796235E9 1.2442489331343155E9 9.592768750947373E8 9.312611373598682E8 9.081298896643461E8 2.571276379414191E9 1.755050324328476E9 4.913423055750061E8 4.4793503391369176E8 1.1136006859459908E9 
1.3826064482404482E9 1.3047553375388427E9 1.0068677939505938E9 1.8794729735917044E9 8.627519569848292E8 4.820902725615792E8 1.0318821369501351E9 1.1764182960808558E9 1.695946982245676E9 1.4463288604751973E9 1.3881736049310467E9 1.0235455965569735E9 7.600597640478177E8 8.45162575220296E8 7.843272757095604E8 1.2895561270796235E9 1.2442489331343155E9 9.592768750947373E8 9.312611373598682E8 9.081298896643461E8 2.571276379414191E9 1.755050324328476E9 4.913423055750061E8 4.4793503391369176E8 1.1136006859459908E9 
1.3826064482404482E9 1.3047553375388427E9 1.0068677939505938E9 1.4359094733436043E9 8.627519569848292E8 4.820902725615792E8 1.0318821369501351E9 1.1764182960808558E9 1.695946982245676E9 1.4463288604751973E9 1.3881736049310467E9 1.0235455965569735E9 7.600597640478177E8 8.45162575220296E8 7.843272757095604E8 1.2895561270796235E9 1.2442489331343155E9 9.592768750947373E8 9.312611373598682E8 9.081298896643461E8 2.571276379414191E9 1.755050324328476E9 4.913423055750061E8 4.4793503391369176E8 1.1136006859459908E9 
1.3826064482404482E9 1.3047553375388427E9 1.0068677939505938E9 1.4359094733436043E9 8.627519569848292E8 4.820902725615792E8 1.0318821369501351E9 1.1764182960808558E9 1.695946982245676E9 1.4463288604751973E9 1.3881736049310467E9 1.0235455965569735E9 7.600597640478177E8 8.45162575220296E8 7.843272757095604E8 1.2895561270796235E9 1.2442489331343155E9 9.592768750947373E8 9.312611373598682E8 9.081298896643461E8 2.571276379414191E9 1.755050324328476E9 4.913423055750061E8 4.4793503391369176E8 1.1136006859459908E9 
1.3826064482404482E9 1.3047553375388427E9 1.0068677939505938E9 1.4359094733436043E9 8.627519569848292E8 4.820902725615792E8 1.0318821369501351E9 1.1764182960808558E9 1.695946982245676E9 1.4463288604751973E9 1.3881736049310467E9 1.0235455965569735E9 7.600597640478177E8 8.45162575220296E8 7.843272757095604E8 1.2895561270796235E9 1.2442489331343155E9 9.592768750947373E8 9.312611373598682E8 9.081298896643461E8 2.571276379414191E9 1.755050324328476E9 4.913423055750061E8 4.4793503391369176E8 1.1136006859459908E9 
1.3826064482404482E9 1.3047553375388427E9 1.0068677939505938E9 1.4359094733436043E9 8.627519569848292E8 4.820902725615792E8 1.0318821369501351E9 1.1764182960808558E9 1.695946982245676E9 1.4463288604751973E9 1.3881736049310467E9 1.0235455965569735E9 7.600597640478177E8 8.45162575220296E8 7.843272757095604E8 1.2895561270796235E9 1.2442489331343155E9 9.592768750947373E8 9.312611373598682E8 9.081298896643461E8 2.571276379414191E9 1.755050324328476E9 4.913423055750061E8 4.4793503391369176E8 1.1136006859459908E9 
1.3826064482404482E9 1.3047553375388427E9 1.0068677939505938E9 1.4359094733436043E9 8.627519569848292E8 4.820902725615792E8 1.0318821369501351E9 1.1764182960808558E9 1.695946982245676E9 1.4463288604751973E9 1.3881736049310467E9 1.0235455965569735E9 7.600597640478177E8 8.45162575220296E8 7.843272757095604E8 1.2895561270796235E9 1.2442489331343155E9 9.592768750947373E8 9.312611373598682E8 9.081298896643461E8 2.571276379414191E9 1.755050324328476E9 4.913423055750061E8 4.4793503391369176E8 1.1136006859459908E9 
1.3826064482404482E9 1.3047553375388427E9 1.0068677939505938E9 1.4359094733436043E9 8.627519569848292E8 4.820902725615792E8 1.0318821369501351E9 1.1764182960808558E9 1.695946982245676E9 1.4463288604751973E9 1.3881736049310467E9 1.0235455965569735E9 7.600597640478177E8 8.45162575220296E8 7.843272757095604E8 1.2895561270796235E9 1.2442489331343155E9 9.592768750947373E8 9.312611373598682E8 9.081298896643461E8 2.571276379414191E9 1.755050324328476E9 4.913423055750061E8 4.4793503391369176E8 1.1136006859459908E9 
1.3826064482404482E9 1.3047553375388427E9 1.0068677939505938E9 1.4359094733436043E9 8.627519569848292E8 4.820902725615792E8 1.0318821369501351E9 1.1764182960808558E9 1.695946982245676E9 1.4463288604751973E9 1.3881736049310467E9 1.0235455965569735E9 7.600597640478177E8 8.45162575220296E8 7.843272757095604E8 1.2895561270796235E9 1.2442489331343155E9 9.592768750947373E8 9.312611373598682E8 9.081298896643461E8 2.571276379414191E9 1.755050324328476E9 4.913423055750061E8 4.4793503391369176E8 1.1136006859459908E9 
1.3826064482404482E9 1.3047553375388427E9 1.0068677939505938E9 1.4359094733436043E9 8.627519569848292E8 4.820902725615792E8 1.0318821369501351E9 1.1764182960808558E9 1.695946982245676E9 1.4463288604751973E9 1.3881736049310467E9 1.0235455965569735E9 7.600597640478177E8 8.45162575220296E8 7.843272757095604E8 1.2895561270796235E9 1.2442489331343155E9 9.592768750947373E8 9.312611373598682E8 9.081298896643461E8 2.571276379414191E9 1.755050324328476E9 4.913423055750061E8 4.4793503391369176E8 1.1136006859459908E9 
1.3826064482404482E9 1.3047553375388427E9 1.0068677939505938E9 1.4359094733436043E9 8.627519569848292E8 4.820902725615792E8 1.0318821369501351E9 1.1764182960808558E9 1.695946982245676E9 1.4463288604751973E9 1.3881736049310467E9 1.0235455965569735E9 7.600597640478177E8 8.45162575220296E8 7.843272757095604E8 1.2895561270796235E9 1.2442489331343155E9 9.592768750947373E8 9.312611373598682E8 9.081298896643461E8 2.571276379414191E9 1.755050324328476E9 4.913423055750061E8 4.4793503391369176E8 1.1136006859459908E9 
1.3826064482404482E9 1.3047553375388427E9 1.0068677939505938E9 1.4359094733436043E9 8.627519569848292E8 4.820902725615792E8 1.0318821369501351E9 1.1764182960808558E9 1.695946982245676E9 1.4463288604751973E9 1.3881736049310467E9 1.0235455965569735E9 7.600597640478177E8 8.45162575220296E8 7.843272757095604E8 1.2895561270796235E9 1.2442489331343155E9 9.592768750947373E8 9.312611373598682E8 9.081298896643461E8 2.571276379414191E9 1.755050324328476E9 4.913423055750061E8 4.4793503391369176E8 1.1136006859459908E9 
1.3826064482404482E9 1.3047553375388427E9 1.0068677939505938E9 1.4359094733436043E9 8.627519569848292E8 4.820902725615792E8 1.0318821369501351E9 1.1764182960808558E9 1.695946982245676E9 1.4463288604751973E9 1.3881736049310467E9 1.0235455965569735E9 7.600597640478177E8 8.45162575220296E8 7.843272757095604E8 1.2895561270796235E9 1.2442489331343155E9 9.592768750947373E8 9.312611373598682E8 9.081298896643461E8 2.571276379414191E9 1.755050324328476E9 4.913423055750061E8 4.4793503391369176E8 1.1136006859459908E9 
1.3826064482404482E9 1.3047553375388427E9 1.0068677939505938E9 1.4359094733436043E9 8.627519569848292E8 4.820902725615792E8 1.0318821369501351E9 1.1764182960808558E9 1.695946982245676E9 1.4463288604751973E9 1.3881736049310467E9 1.0235455965569735E9 7.600597640478177E8 8.45162575220296E8 7.843272757095604E8 1.2895561270796235E9 1.2442489331343155E9 9.592768750947373E8 9.312611373598682E8 9.081298896643461E8 2.571276379414191E9 1.755050324328476E9 4.913423055750061E8 4.4793503391369176E8 1.1136006859459908E9 
1.3826064482404482E9 1.3047553375388427E9 1.0068677939505938E9 1.4359094733436043E9 8.627519569848292E8 4.820902725615792E8 1.0318821369501351E9 1.1764182960808558E9 1.695946982245676E9 1.4463288604751973E9 1.3881736049310467E9 1.0235455965569735E9 7.600597640478177E8 8.45162575220296E8 7.843272757095604E8 1.2895561270796235E9 1.2442489331343155E9 9.592768750947373E8 9.312611373598682E8 9.081298896643461E8 2.571276379414191E9 1.755050324328476E9 4.913423055750061E8 4.4793503391369176E8 1.1136006859459908E9 
1.3826064482404482E9 1.3047553375388427E9 1.0068677939505938E9 1.4359094733436043E9 8.627519569848292E8 4.820902725615792E8 1.0318821369501351E9 1.1764182960808558E9 1.695946982245676E9 1.4463288604751973E9 1.3881736049310467E9 1.0235455965569735E9 7.600597640478177E8 8.45162575220296E8 7.843272757095604E8 1.2895561270796235E9 1.2442489331343155E9 9.592768750947373E8 9.312611373598682E8 9.081298896643461E8 2.571276379414191E9 1.755050324328476E9 4.913423055750061E8 4.4793503391369176E8 1.1136006859459908E9 
1.3826064482404482E9 1.3047553375388427E9 1.0068677939505938E9 1.4359094733436043E9 8.627519569848292E8 4.820902725615792E8 1.0318821369501351E9 1.1764182960808558E9 1.695946982245676E9 1.4463288604751973E9 1.3881736049310467E9 1.0235455965569735E9 7.600597640478177E8 8.45162575220296E8 7.843272757095604E8 1.2895561270796235E9 1.2442489331343155E9 9.592768750947373E8 9.312611373598682E8 9.081298896643461E8 2.571276379414191E9 1.755050324328476E9 4.913423055750061E8 4.4793503391369176E8 1.1136006859459908E9 
1.3826064482404482E9 1.3047553375388427E9 1.0068677939505938E9 1.4359094733436043E9 8.627519569848292E8 4.820902725615792E8 1.0318821369501351E9 1.1764182960808558E9 1.695946982245676E9 1.4463288604751973E9 1.3881736049310467E9 1.0235455965569735E9 7.600597640478177E8 8.45162575220296E8 7.843272757095604E8 1.2895561270796235E9 1.2442489331343155E9 9.592768750947373E8 9.312611373598682E8 9.081298896643461E8 2.571276379414191E9 1.755050324328476E9 4.913423055750061E8 4.4793503391369176E8 1.1136006859459908E9 
1.3826064482404482E9 1.3047553375388427E9 1.0068677939505938E9 1.4359094733436043E9 8.627519569848292E8 4.820902725615792E8 1.0318821369501351E9 1.1764182960808558E9 1.695946982245676E9 1.4463288604751973E9 1.3881736049310467E9 1.0235455965569735E9 7.600597640478177E8 8.45162575220296E8 7.843272757095604E8 1.2895561270796235E9 1.2442489331343155E9 9.592768750947373E8 9.312611373598682E8 9.081298896643461E8 2.571276379414191E9 1.755050324328476E9 4.913423055750061E8 4.4793503391369176E8 1.1136006859459908E9 
1.3826064482404482E9 1.3047553375388427E9 1.0068677939505938E9 1.4359094733436043E9 8.627519569848292E8 4.820902725615792E8 1.0318821369501351E9 1.1764182960808558E9 1.695946982245676E9 1.4463288604751973E9 1.3881736049310467E9 1.0235455965569735E9 7.600597640478177E8 8.45162575220296E8 7.843272757095604E8 1.2895561270796235E9 1.2442489331343155E9 9.592768750947373E8 9.312611373598682E8 9.081298896643461E8 2.571276379414191E9 1.755050324328476E9 4.913423055750061E8 4.4793503391369176E8 1.1136006859459908E9 
1.3826064482404482E9 1.3047553375388427E9 1.0068677939505938E9 1.4359094733436043E9 8.627519569848292E8 4.820902725615792E8 1.0318821369501351E9 1.1764182960808558E9 1.695946982245676E9 1.4463288604751973E9 1.3881736049310467E9 1.0235455965569735E9 7.600597640478177E8 8.45162575220296E8 7.843272757095604E8 1.2895561270796235E9 1.2442489331343155E9 9.592768750947373E8 9.312611373598682E8 9.081298896643461E8 2.571276379414191E9 1.755050324328476E9 4.913423055750061E8 4.4793503391369176E8 1.1136006859459908E9 
1.3826064482404482E9 1.3047553375388427E9 1.0068677939505938E9 1.4359094733436043E9 8.627519569848292E8 4.820902725615792E8 1.0318821369501351E9 1.1764182960808558E9 1.695946982245676E9 1.4463288604751973E9 1.3881736049310467E9 1.0235455965569735E9 7.600597640478177E8 8.45162575220296E8 7.843272757095604E8 1.2895561270796235E9 1.2442489331343155E9 9.592768750947373E8 9.312611373598682E8 9.081298896643461E8 2.571276379414191E9 1.755050324328476E9 4.913423055750061E8 4.4793503391369176E8 1.1136006859459908E9 
1.3826064482404482E9 1.3047553375388427E9 1.0068677939505938E9 1.4359094733436043E9 8.627519569848292E8 4.820902725615792E8 1.0318821369501351E9 1.1764182960808558E9 1.695946982245676E9 1.4463288604751973E9 1.3881736049310467E9 1.0235455965569735E9 7.600597640478177E8 8.45162575220296E8 7.843272757095604E8 1.2895561270796235E9 1.2442489331343155E9 9.592768750947373E8 9.312611373598682E8 9.081298896643461E8 2.571276379414191E9 1.755050324328476E9 4.913423055750061E8 4.4793503391369176E8 1.1136006859459908E9 
1.3826064482404482E9 1.3047553375388427E9 1.0068677939505938E9 1.4359094733436043E9 8.627519569848292E8 4.820902725615792E8 1.0318821369501351E9 1.1764182960808558E9 1.695946982245676E9 1.4463288604751973E9 1.3881736049310467E9 1.0235455965569735E9 7.600597640478177E8 8.45162575220296E8 7.843272757095604E8 1.2895561270796235E9 1.2442489331343155E9 9.592768750947373E8 9.312611373598682E8 9.081298896643461E8 2.571276379414191E9 1.755050324328476E9 4.913423055750061E8 4.4793503391369176E8 1.1136006859459908E9 
1.3826064482404482E9 1.3047553375388427E9 1.0068677939505938E9 1.4359094733436043E9 8.627519569848292E8 4.820902725615792E8 1.0318821369501351E9 1.1764182960808558E9 1.695946982245676E9 1.4463288604751973E9 1.3881736049310467E9 1.0235455965569735E9 7.600597640478177E8 8.45162575220296E8 7.843272757095604E8 1.2895561270796235E9 1.2442489331343155E9 9.592768750947373E8 9.312611373598682E8 9.081298896643461E8 2.571276379414191E9 1.755050324328476E9 4.913423055750061E8 4.4793503391369176E8 1.1136006859459908E9 
1.3826064482404482E9 1.3047553375388427E9 1.0068677939505938E9 1.4359094733436043E9 8.627519569848292E8 4.820902725615792E8 1.0318821369501351E9 1.1764182960808558E9 1.695946982245676E9 1.4463288604751973E9 1.3881736049310467E9 1.0235455965569735E9 7.600597640478177E8 8.45162575220296E8 7.843272757095604E8 1.2895561270796235E9 1.2442489331343155E9 9.592768750947373E8 9.312611373598682E8 9.081298896643461E8 2.571276379414191E9 1.755050324328476E9 4.913423055750061E8 4.4793503391369176E8 1.1136006859459908E9 
1.3826064482404482E9 1.3047553375388427E9 1.0068677939505938E9 1.4359094733436043E9 8.627519569848292E8 4.820902725615792E8 1.0318821369501351E9 1.1764182960808558E9 1.695946982245676E9 1.4463288604751973E9 1.3881736049310467E9 1.0235455965569735E9 7.600597640478177E8 8.45162575220296E8 7.843272757095604E8 1.2895561270796235E9 1.2442489331343155E9 9.592768750947373E8 9.312611373598682E8 9.081298896643461E8 2.571276379414191E9 1.755050324328476E9 4.913423055750061E8 4.4793503391369176E8 1.1136006859459908E9 
1.3826064482404482E9 1.3047553375388427E9 1.0068677939505938E9 1.4359094733436043E9 8.627519569848292E8 4.820902725615792E8 1.0318821369501351E9 1.1764182960808558E9 1.695946982245676E9 1.4463288604751973E9 1.3881736049310467E9 1.0235455965569735E9 7.600597640478177E8 8.45162575220296E8 7.843272757095604E8 1.2895561270796235E9 1.2442489331343155E9 9.592768750947373E8 9.312611373598682E8 9.081298896643461E8 2.571276379414191E9 1.755050324328476E9 4.913423055750061E8 4.4793503391369176E8 1.1136006859459908E9 
1.3826064482404482E9 1.3047553375388427E9 1.0068677939505938E9 1.4359094733436043E9 8.627519569848292E8 4.820902725615792E8 1.0318821369501351E9 1.1764182960808558E9 1.695946982245676E9 1.4463288604751973E9 1.3881736049310467E9 1.0235455965569735E9 7.600597640478177E8 8.45162575220296E8 7.843272757095604E8 1.2895561270796235E9 1.2442489331343155E9 9.592768750947373E8 9.312611373598682E8 9.081298896643461E8 2.571276379414191E9 1.755050324328476E9 4.913423055750061E8 4.4793503391369176E8 1.1136006859459908E9 
1.3826064482404482E9 1.3047553375388427E9 1.0068677939505938E9 1.4359094733436043E9 8.627519569848292E8 4.820902725615792E8 1.0318821369501351E9 1.1764182960808558E9 1.695946982245676E9 1.4463288604751973E9 1.3881736049310467E9 1.0235455965569735E9 7.600597640478177E8 8.45162575220296E8 7.843272757095604E8 1.2895561270796235E9 1.2442489331343155E9 9.592768750947373E8 9.312611373598682E8 7.741663955225749E8 2.571276379414191E9 1.755050324328476E9 4.913423055750061E8 4.4793503391369176E8 1.1136006859459908E9 
1.3826064482404482E9 1.3047553375388427E9 1.0068677939505938E9 1.4359094733436043E9 8.627519569848292E8 4.820902725615792E8 1.0318821369501351E9 1.1764182960808558E9 1.695946982245676E9 1.4463288604751973E9 1.3881736049310467E9 1.0235455965569735E9 7.600597640478177E8 8.45162575220296E8 7.843272757095604E8 1.2895561270796235E9 1.2442489331343155E9 9.592768750947373E8 9.312611373598682E8 7.741663955225749E8 2.571276379414191E9 1.755050324328476E9 4.913423055750061E8 4.4793503391369176E8 1.1136006859459908E9 
1.3826064482404482E9 1.3047553375388427E9 1.0068677939505938E9 1.4359094733436043E9 8.627519569848292E8 4.820902725615792E8 1.0318821369501351E9 1.1764182960808558E9 1.695946982245676E9 1.4463288604751973E9 1.3881736049310467E9 1.0235455965569735E9 7.600597640478177E8 8.45162575220296E8 7.843272757095604E8 1.2895561270796235E9 1.2442489331343155E9 9.592768750947373E8 9.312611373598682E8 7.741663955225749E8 2.571276379414191E9 1.755050324328476E9 4.913423055750061E8 4.4793503391369176E8 1.1136006859459908E9 
1.3826064482404482E9 1.3047553375388427E9 1.0068677939505938E9 1.4359094733436043E9 8.627519569848292E8 4.820902725615792E8 1.0318821369501351E9 1.1764182960808558E9 1.695946982245676E9 1.4463288604751973E9 1.3881736049310467E9 1.0235455965569735E9 7.600597640478177E8 8.45162575220296E8 7.843272757095604E8 1.2895561270796235E9 1.2442489331343155E9 9.592768750947373E8 9.312611373598682E8 7.741663955225749E8 2.571276379414191E9 1.755050324328476E9 4.913423055750061E8 4.4793503391369176E8 1.1136006859459908E9 
1.3826064482404482E9 1.3047553375388427E9 1.0068677939505938E9 1.4359094733436043E9 8.627519569848292E8 4.820902725615792E8 1.0318821369501351E9 1.1764182960808558E9 1.695946982245676E9 1.4463288604751973E9 1.3881736049310467E9 1.0235455965569735E9 7.600597640478177E8 8.45162575220296E8 7.843272757095604E8 1.2895561270796235E9 1.2442489331343155E9 9.592768750947373E8 9.312611373598682E8 7.741663955225749E8 2.571276379414191E9 1.755050324328476E9 4.913423055750061E8 4.4793503391369176E8 1.1136006859459908E9 
1.3826064482404482E9 1.3047553375388427E9 1.0068677939505938E9 1.4359094733436043E9 8.627519569848292E8 4.820902725615792E8 1.0318821369501351E9 1.1764182960808558E9 1.695946982245676E9 1.4463288604751973E9 1.3881736049310467E9 1.0235455965569735E9 7.600597640478177E8 8.45162575220296E8 7.843272757095604E8 1.2895561270796235E9 1.2442489331343155E9 9.592768750947373E8 9.312611373598682E8 7.741663955225749E8 2.571276379414191E9 1.755050324328476E9 4.913423055750061E8 4.4793503391369176E8 1.1136006859459908E9 
1.3826064482404482E9 1.3047553375388427E9 1.0068677939505938E9 1.4359094733436043E9 8.627519569848292E8 4.820902725615792E8 1.0318821369501351E9 1.1764182960808558E9 1.695946982245676E9 1.4463288604751973E9 1.3881736049310467E9 1.0235455965569735E9 7.600597640478177E8 8.45162575220296E8 7.843272757095604E8 1.2895561270796235E9 1.2442489331343155E9 9.592768750947373E8 9.312611373598682E8 7.741663955225749E8 2.571276379414191E9 1.755050324328476E9 4.913423055750061E8 4.4793503391369176E8 1.1136006859459908E9 
1.3826064482404482E9 1.3047553375388427E9 1.0068677939505938E9 1.4359094733436043E9 8.627519569848292E8 4.820902725615792E8 1.0318821369501351E9 1.1764182960808558E9 1.695946982245676E9 1.4463288604751973E9 1.3881736049310467E9 1.0235455965569735E9 7.600597640478177E8 8.45162575220296E8 7.843272757095604E8 1.2895561270796235E9 1.2442489331343155E9 9.592768750947373E8 9.312611373598682E8 7.741663955225749E8 2.571276379414191E9 1.755050324328476E9 4.913423055750061E8 4.4793503391369176E8 1.1136006859459908E9 
1.3826064482404482E9 1.3047553375388427E9 1.0068677939505938E9 1.4359094733436043E9 8.627519569848292E8 4.820902725615792E8 1.0318821369501351E9 1.1764182960808558E9 1.695946982245676E9 1.4463288604751973E9 1.3881736049310467E9 1.0235455965569735E9 7.600597640478177E8 8.45162575220296E8 7.843272757095604E8 1.2895561270796235E9 1.2442489331343155E9 9.592768750947373E8 9.312611373598682E8 7.741663955225749E8 2.571276379414191E9 1.755050324328476E9 4.913423055750061E8 4.4793503391369176E8 1.1136006859459908E9 
1.3826064482404482E9 1.3047553375388427E9 1.0068677939505938E9 1.4359094733436043E9 8.627519569848292E8 4.820902725615792E8 1.0318821369501351E9 1.1764182960808558E9 1.695946982245676E9 1.4463288604751973E9 1.3881736049310467E9 1.0235455965569735E9 7.600597640478177E8 8.45162575220296E8 7.843272757095604E8 1.2895561270796235E9 1.2442489331343155E9 9.592768750947373E8 9.312611373598682E8 7.741663955225749E8 2.571276379414191E9 1.755050324328476E9 4.913423055750061E8 4.4793503391369176E8 1.1136006859459908E9 
1.3826064482404482E9 1.3047553375388427E9 1.0068677939505938E9 1.4359094733436043E9 8.627519569848292E8 4.820902725615792E8 1.0318821369501351E9 1.1764182960808558E9 1.695946982245676E9 1.4463288604751973E9 1.3881736049310467E9 1.0235455965569735E9 7.600597640478177E8 8.45162575220296E8 7.843272757095604E8 1.2895561270796235E9 1.2442489331343155E9 9.592768750947373E8 9.312611373598682E8 7.741663955225749E8 2.571276379414191E9 1.755050324328476E9 4.913423055750061E8 4.4793503391369176E8 1.1136006859459908E9 
1.3826064482404482E9 1.3047553375388427E9 1.0068677939505938E9 1.4359094733436043E9 8.627519569848292E8 4.820902725615792E8 1.0318821369501351E9 1.1764182960808558E9 1.695946982245676E9 1.4463288604751973E9 1.3881736049310467E9 1.0235455965569735E9 7.600597640478177E8 8.45162575220296E8 7.843272757095604E8 1.2895561270796235E9 1.2442489331343155E9 9.592768750947373E8 9.312611373598682E8 7.741663955225749E8 2.571276379414191E9 1.755050324328476E9 4.913423055750061E8 4.4793503391369176E8 1.1136006859459908E9 
1.3826064482404482E9 1.3047553375388427E9 1.0068677939505938E9 1.4359094733436043E9 8.627519569848292E8 4.820902725615792E8 1.0318821369501351E9 1.1764182960808558E9 1.695946982245676E9 1.4463288604751973E9 1.3881736049310467E9 1.0235455965569735E9 7.600597640478177E8 8.45162575220296E8 7.843272757095604E8 1.2895561270796235E9 1.2442489331343155E9 9.592768750947373E8 9.312611373598682E8 7.741663955225749E8 2.571276379414191E9 1.755050324328476E9 4.913423055750061E8 4.4793503391369176E8 1.1136006859459908E9 
1.3826064482404482E9 1.3047553375388427E9 1.0068677939505938E9 1.4359094733436043E9 8.627519569848292E8 4.820902725615792E8 1.0318821369501351E9 1.1764182960808558E9 1.695946982245676E9 1.4463288604751973E9 1.3881736049310467E9 1.0235455965569735E9 7.600597640478177E8 8.45162575220296E8 7.843272757095604E8 1.2895561270796235E9 1.2442489331343155E9 9.592768750947373E8 9.312611373598682E8 7.741663955225749E8 2.571276379414191E9 1.755050324328476E9 4.913423055750061E8 4.4793503391369176E8 1.1136006859459908E9 
1.3826064482404482E9 1.3047553375388427E9 1.0068677939505938E9 1.4359094733436043E9 8.627519569848292E8 4.820902725615792E8 1.0318821369501351E9 1.1764182960808558E9 1.695946982245676E9 1.4463288604751973E9 1.3881736049310467E9 1.0235455965569735E9 7.600597640478177E8 8.45162575220296E8 7.843272757095604E8 1.2895561270796235E9 1.2442489331343155E9 9.592768750947373E8 9.312611373598682E8 7.741663955225749E8 2.571276379414191E9 1.755050324328476E9 4.913423055750061E8 4.4793503391369176E8 1.1136006859459908E9 
1.3826064482404482E9 1.3047553375388427E9 1.0068677939505938E9 1.4359094733436043E9 8.627519569848292E8 4.820902725615792E8 1.0318821369501351E9 1.1764182960808558E9 1.695946982245676E9 1.4463288604751973E9 1.3881736049310467E9 1.0235455965569735E9 7.600597640478177E8 8.45162575220296E8 7.843272757095604E8 1.2895561270796235E9 1.2442489331343155E9 9.592768750947373E8 9.312611373598682E8 7.741663955225749E8 2.571276379414191E9 1.755050324328476E9 4.913423055750061E8 4.4793503391369176E8 1.1136006859459908E9 
1.3826064482404482E9 1.3047553375388427E9 1.0068677939505938E9 1.4359094733436043E9 8.627519569848292E8 4.820902725615792E8 1.0318821369501351E9 1.1764182960808558E9 1.695946982245676E9 1.4463288604751973E9 1.3881736049310467E9 1.0235455965569735E9 7.600597640478177E8 8.45162575220296E8 7.843272757095604E8 1.2895561270796235E9 1.2442489331343155E9 9.592768750947373E8 9.312611373598682E8 7.741663955225749E8 2.571276379414191E9 1.755050324328476E9 4.913423055750061E8 4.4793503391369176E8 1.1136006859459908E9 
1.3826064482404482E9 1.3047553375388427E9 1.0068677939505938E9 1.4359094733436043E9 8.627519569848292E8 4.820902725615792E8 1.0318821369501351E9 1.1764182960808558E9 1.695946982245676E9 1.4463288604751973E9 1.3881736049310467E9 1.0235455965569735E9 7.600597640478177E8 8.45162575220296E8 7.843272757095604E8 1.2895561270796235E9 1.2442489331343155E9 9.592768750947373E8 9.312611373598682E8 7.741663955225749E8 2.571276379414191E9 1.755050324328476E9 4.913423055750061E8 4.4793503391369176E8 1.1136006859459908E9 
1.3826064482404482E9 1.3047553375388427E9 1.0068677939505938E9 1.4359094733436043E9 8.627519569848292E8 4.820902725615792E8 1.0318821369501351E9 1.1764182960808558E9 1.695946982245676E9 1.4463288604751973E9 1.3881736049310467E9 1.0235455965569735E9 7.600597640478177E8 8.45162575220296E8 7.843272757095604E8 1.2895561270796235E9 1.2442489331343155E9 9.592768750947373E8 9.312611373598682E8 7.741663955225749E8 2.571276379414191E9 1.755050324328476E9 4.913423055750061E8 4.4793503391369176E8 1.1136006859459908E9 
1.3826064482404482E9 1.3047553375388427E9 1.0068677939505938E9 1.4359094733436043E9 8.627519569848292E8 4.820902725615792E8 1.0318821369501351E9 1.1764182960808558E9 1.695946982245676E9 1.4463288604751973E9 1.3881736049310467E9 1.0235455965569735E9 7.600597640478177E8 8.45162575220296E8 7.843272757095604E8 1.2895561270796235E9 1.2442489331343155E9 9.592768750947373E8 9.312611373598682E8 7.741663955225749E8 2.571276379414191E9 1.755050324328476E9 4.913423055750061E8 4.4793503391369176E8 1.1136006859459908E9 
1.3826064482404482E9 1.3047553375388427E9 1.0068677939505938E9 1.4359094733436043E9 8.627519569848292E8 4.820902725615792E8 1.0318821369501351E9 1.1764182960808558E9 1.695946982245676E9 1.4463288604751973E9 1.3881736049310467E9 1.0235455965569735E9 7.600597640478177E8 8.45162575220296E8 7.843272757095604E8 1.2895561270796235E9 1.2442489331343155E9 9.592768750947373E8 9.312611373598682E8 7.741663955225749E8 2.571276379414191E9 1.755050324328476E9 4.913423055750061E8 4.4793503391369176E8 1.1136006859459908E9 
1.3826064482404482E9 1.3047553375388427E9 1.0068677939505938E9 1.4359094733436043E9 8.627519569848292E8 4.820902725615792E8 1.0318821369501351E9 1.1764182960808558E9 1.695946982245676E9 1.4463288604751973E9 1.3881736049310467E9 1.0235455965569735E9 7.600597640478177E8 8.45162575220296E8 7.843272757095604E8 1.2895561270796235E9 1.2442489331343155E9 9.592768750947373E8 9.312611373598682E8 7.741663955225749E8 2.571276379414191E9 1.755050324328476E9 4.913423055750061E8 4.4793503391369176E8 1.1136006859459908E9 
1.3826064482404482E9 1.3047553375388427E9 1.0068677939505938E9 1.4359094733436043E9 8.627519569848292E8 4.820902725615792E8 1.0318821369501351E9 1.1764182960808558E9 1.695946982245676E9 1.4463288604751973E9 1.3881736049310467E9 1.0235455965569735E9 7.600597640478177E8 8.45162575220296E8 7.843272757095604E8 1.2895561270796235E9 1.2442489331343155E9 9.592768750947373E8 9.312611373598682E8 7.741663955225749E8 2.571276379414191E9 1.755050324328476E9 4.913423055750061E8 4.4793503391369176E8 1.1136006859459908E9 
1.3826064482404482E9 1.3047553375388427E9 1.0068677939505938E9 1.4359094733436043E9 8.627519569848292E8 4.820902725615792E8 1.0318821369501351E9 1.1764182960808558E9 1.695946982245676E9 1.4463288604751973E9 1.3881736049310467E9 1.0235455965569735E9 6.918555364974334E8 8.45162575220296E8 7.843272757095604E8 1.2895561270796235E9 1.2442489331343155E9 9.592768750947373E8 9.312611373598682E8 7.741663955225749E8 2.571276379414191E9 1.755050324328476E9 4.913423055750061E8 4.4793503391369176E8 1.1136006859459908E9 
1.3826064482404482E9 1.3047553375388427E9 1.0068677939505938E9 1.4359094733436043E9 8.627519569848292E8 4.820902725615792E8 1.0318821369501351E9 1.1764182960808558E9 1.695946982245676E9 1.4463288604751973E9 1.3881736049310467E9 1.0235455965569735E9 6.918555364974334E8 8.45162575220296E8 7.843272757095604E8 1.2895561270796235E9 1.2442489331343155E9 9.592768750947373E8 9.312611373598682E8 7.741663955225749E8 2.571276379414191E9 1.755050324328476E9 4.913423055750061E8 4.4793503391369176E8 1.1136006859459908E9 
1.3826064482404482E9 1.3047553375388427E9 1.0068677939505938E9 1.4359094733436043E9 8.627519569848292E8 4.820902725615792E8 1.0318821369501351E9 1.1764182960808558E9 1.695946982245676E9 1.4463288604751973E9 1.3881736049310467E9 1.0235455965569735E9 6.918555364974334E8 8.45162575220296E8 7.843272757095604E8 1.2895561270796235E9 1.2442489331343155E9 9.592768750947373E8 9.312611373598682E8 7.741663955225749E8 2.571276379414191E9 1.755050324328476E9 4.913423055750061E8 4.4793503391369176E8 1.1136006859459908E9 
1.3826064482404482E9 1.3047553375388427E9 1.0068677939505938E9 1.4359094733436043E9 8.627519569848292E8 4.820902725615792E8 1.0318821369501351E9 1.1764182960808558E9 1.695946982245676E9 1.4463288604751973E9 1.3881736049310467E9 1.0235455965569735E9 6.918555364974334E8 8.45162575220296E8 7.843272757095604E8 1.2895561270796235E9 1.2442489331343155E9 9.592768750947373E8 9.312611373598682E8 7.741663955225749E8 2.571276379414191E9 1.755050324328476E9 4.913423055750061E8 4.4793503391369176E8 1.1136006859459908E9 
1.3826064482404482E9 1.3047553375388427E9 1.0068677939505938E9 1.4359094733436043E9 8.627519569848292E8 4.820902725615792E8 1.0318821369501351E9 1.1764182960808558E9 1.695946982245676E9 1.4463288604751973E9 1.3881736049310467E9 1.0235455965569735E9 6.918555364974334E8 8.45162575220296E8 7.843272757095604E8 1.2895561270796235E9 1.2442489331343155E9 9.592768750947373E8 9.312611373598682E8 7.741663955225749E8 2.571276379414191E9 1.755050324328476E9 4.913423055750061E8 4.4793503391369176E8 1.1136006859459908E9 
1.3826064482404482E9 1.3047553375388427E9 1.0068677939505938E9 1.4359094733436043E9 8.627519569848292E8 4.820902725615792E8 1.0318821369501351E9 1.1764182960808558E9 1.695946982245676E9 1.4463288604751973E9 1.3881736049310467E9 1.0235455965569735E9 6.918555364974334E8 8.45162575220296E8 7.843272757095604E8 1.2895561270796235E9 1.2442489331343155E9 9.592768750947373E8 9.312611373598682E8 7.741663955225749E8 2.571276379414191E9 1.755050324328476E9 4.913423055750061E8 4.4793503391369176E8 1.1136006859459908E9 
1.3826064482404482E9 1.3047553375388427E9 1.0068677939505938E9 1.4359094733436043E9 8.627519569848292E8 4.820902725615792E8 1.0318821369501351E9 1.1764182960808558E9 1.695946982245676E9 1.4463288604751973E9 1.3881736049310467E9 1.0235455965569735E9 6.918555364974334E8 8.45162575220296E8 7.843272757095604E8 1.2895561270796235E9 1.2442489331343155E9 9.592768750947373E8 9.312611373598682E8 7.741663955225749E8 2.571276379414191E9 1.755050324328476E9 4.913423055750061E8 4.4793503391369176E8 1.1136006859459908E9 
1.3826064482404482E9 1.3047553375388427E9 1.0068677939505938E9 1.4359094733436043E9 8.627519569848292E8 4.820902725615792E8 1.0318821369501351E9 1.1764182960808558E9 1.695946982245676E9 1.4463288604751973E9 1.3881736049310467E9 1.0235455965569735E9 6.918555364974334E8 8.45162575220296E8 7.843272757095604E8 1.2895561270796235E9 1.2442489331343155E9 9.592768750947373E8 9.312611373598682E8 7.741663955225749E8 2.571276379414191E9 1.755050324328476E9 4.913423055750061E8 4.4793503391369176E8 1.1136006859459908E9 
1.3826064482404482E9 1.3047553375388427E9 1.0068677939505938E9 1.4359094733436043E9 8.627519569848292E8 4.820902725615792E8 1.0318821369501351E9 1.1764182960808558E9 1.695946982245676E9 1.4463288604751973E9 1.3881736049310467E9 1.0235455965569735E9 6.918555364974334E8 8.45162575220296E8 7.843272757095604E8 1.2895561270796235E9 1.2442489331343155E9 9.592768750947373E8 9.312611373598682E8 7.741663955225749E8 2.571276379414191E9 1.755050324328476E9 4.913423055750061E8 4.4793503391369176E8 1.1136006859459908E9 
1.3826064482404482E9 1.3047553375388427E9 1.0068677939505938E9 1.4359094733436043E9 8.627519569848292E8 4.820902725615792E8 1.0318821369501351E9 1.1764182960808558E9 1.695946982245676E9 1.4463288604751973E9 1.3881736049310467E9 1.0235455965569735E9 6.918555364974334E8 8.45162575220296E8 7.843272757095604E8 1.2895561270796235E9 1.2442489331343155E9 9.592768750947373E8 9.312611373598682E8 7.741663955225749E8 2.571276379414191E9 1.755050324328476E9 4.913423055750061E8 4.4793503391369176E8 1.1136006859459908E9 
1.3826064482404482E9 1.3047553375388427E9 1.0068677939505938E9 1.4359094733436043E9 8.627519569848292E8 4.820902725615792E8 1.0318821369501351E9 1.1764182960808558E9 1.695946982245676E9 1.4463288604751973E9 1.3881736049310467E9 1.0235455965569735E9 6.918555364974334E8 8.45162575220296E8 7.843272757095604E8 1.2895561270796235E9 1.2442489331343155E9 9.592768750947373E8 9.312611373598682E8 7.741663955225749E8 2.571276379414191E9 1.755050324328476E9 4.913423055750061E8 4.4793503391369176E8 1.1136006859459908E9 
1.3826064482404482E9 1.3047553375388427E9 1.0068677939505938E9 1.4359094733436043E9 8.627519569848292E8 4.820902725615792E8 1.0318821369501351E9 1.1764182960808558E9 1.695946982245676E9 1.4463288604751973E9 1.3881736049310467E9 1.0235455965569735E9 6.918555364974334E8 8.45162575220296E8 7.843272757095604E8 1.2895561270796235E9 1.2442489331343155E9 9.592768750947373E8 9.312611373598682E8 7.741663955225749E8 2.571276379414191E9 1.755050324328476E9 4.913423055750061E8 4.4793503391369176E8 1.1136006859459908E9 
1.3826064482404482E9 1.3047553375388427E9 1.0068677939505938E9 1.4359094733436043E9 8.627519569848292E8 4.820902725615792E8 1.0318821369501351E9 1.1764182960808558E9 1.695946982245676E9 1.4463288604751973E9 1.3881736049310467E9 1.0235455965569735E9 6.918555364974334E8 8.45162575220296E8 7.843272757095604E8 1.2895561270796235E9 1.2442489331343155E9 9.592768750947373E8 9.312611373598682E8 7.741663955225749E8 2.571276379414191E9 1.755050324328476E9 4.913423055750061E8 4.4793503391369176E8 1.1136006859459908E9 
1.3826064482404482E9 1.3047553375388427E9 1.0068677939505938E9 1.4359094733436043E9 8.627519569848292E8 4.820902725615792E8 1.0318821369501351E9 1.1764182960808558E9 1.695946982245676E9 1.4463288604751973E9 1.3881736049310467E9 1.0235455965569735E9 6.918555364974334E8 8.45162575220296E8 7.843272757095604E8 1.2895561270796235E9 1.2442489331343155E9 9.592768750947373E8 9.312611373598682E8 7.741663955225749E8 2.571276379414191E9 1.755050324328476E9 4.913423055750061E8 4.4793503391369176E8 1.1136006859459908E9 
1.3826064482404482E9 1.3047553375388427E9 1.0068677939505938E9 1.4359094733436043E9 8.627519569848292E8 4.820902725615792E8 1.0318821369501351E9 1.1764182960808558E9 1.695946982245676E9 1.4463288604751973E9 1.3881736049310467E9 1.0235455965569735E9 6.918555364974334E8 8.45162575220296E8 7.843272757095604E8 1.2895561270796235E9 1.2442489331343155E9 9.592768750947373E8 9.312611373598682E8 7.741663955225749E8 2.571276379414191E9 1.755050324328476E9 4.913423055750061E8 4.4793503391369176E8 1.1136006859459908E9 
1.3826064482404482E9 1.3047553375388427E9 1.0068677939505938E9 1.4359094733436043E9 8.627519569848292E8 4.820902725615792E8 1.0318821369501351E9 1.1764182960808558E9 1.695946982245676E9 1.4463288604751973E9 1.3881736049310467E9 1.0235455965569735E9 6.918555364974334E8 8.45162575220296E8 7.843272757095604E8 1.2895561270796235E9 1.2442489331343155E9 9.592768750947373E8 9.312611373598682E8 7.741663955225749E8 2.571276379414191E9 1.755050324328476E9 4.913423055750061E8 4.4793503391369176E8 1.1136006859459908E9 
1.3826064482404482E9 1.3047553375388427E9 1.0068677939505938E9 1.4359094733436043E9 8.627519569848292E8 4.820902725615792E8 1.0318821369501351E9 1.1764182960808558E9 1.695946982245676E9 1.4463288604751973E9 1.3881736049310467E9 1.0235455965569735E9 6.918555364974334E8 8.45162575220296E8 7.843272757095604E8 1.2895561270796235E9 1.2442489331343155E9 9.592768750947373E8 9.312611373598682E8 7.741663955225749E8 2.571276379414191E9 1.755050324328476E9 4.913423055750061E8 4.4793503391369176E8 1.1136006859459908E9 
1.3826064482404482E9 1.3047553375388427E9 1.0068677939505938E9 1.4359094733436043E9 8.627519569848292E8 4.820902725615792E8 1.0318821369501351E9 1.1764182960808558E9 1.695946982245676E9 1.4463288604751973E9 1.3881736049310467E9 1.0235455965569735E9 6.918555364974334E8 8.45162575220296E8 7.843272757095604E8 1.2895561270796235E9 1.2442489331343155E9 9.592768750947373E8 9.312611373598682E8 7.741663955225749E8 2.571276379414191E9 1.755050324328476E9 4.913423055750061E8 4.4793503391369176E8 1.1136006859459908E9 
1.3826064482404482E9 1.3047553375388427E9 1.0068677939505938E9 1.4359094733436043E9 8.627519569848292E8 4.820902725615792E8 1.0318821369501351E9 1.1764182960808558E9 1.695946982245676E9 1.4463288604751973E9 1.3881736049310467E9 1.0235455965569735E9 6.918555364974334E8 8.45162575220296E8 7.843272757095604E8 1.2895561270796235E9 1.2442489331343155E9 9.592768750947373E8 9.312611373598682E8 7.741663955225749E8 2.571276379414191E9 1.755050324328476E9 4.913423055750061E8 4.4793503391369176E8 1.1136006859459908E9 
1.3826064482404482E9 1.3047553375388427E9 1.0068677939505938E9 1.4359094733436043E9 8.627519569848292E8 4.820902725615792E8 1.0318821369501351E9 1.1764182960808558E9 1.695946982245676E9 1.4463288604751973E9 1.3881736049310467E9 1.0235455965569735E9 6.918555364974334E8 8.45162575220296E8 7.843272757095604E8 1.2895561270796235E9 1.2442489331343155E9 9.592768750947373E8 9.312611373598682E8 7.741663955225749E8 2.571276379414191E9 1.755050324328476E9 4.913423055750061E8 4.4793503391369176E8 1.1136006859459908E9 
1.3826064482404482E9 1.3047553375388427E9 1.0068677939505938E9 1.4359094733436043E9 8.627519569848292E8 4.820902725615792E8 1.0318821369501351E9 1.1764182960808558E9 1.695946982245676E9 1.4463288604751973E9 1.3881736049310467E9 1.0235455965569735E9 6.918555364974334E8 8.45162575220296E8 7.843272757095604E8 1.2895561270796235E9 1.2442489331343155E9 9.592768750947373E8 9.312611373598682E8 7.741663955225749E8 2.571276379414191E9 1.755050324328476E9 4.913423055750061E8 4.4793503391369176E8 1.1136006859459908E9 
1.3826064482404482E9 1.3047553375388427E9 1.0068677939505938E9 1.4359094733436043E9 8.627519569848292E8 4.820902725615792E8 1.0318821369501351E9 1.1764182960808558E9 1.695946982245676E9 1.4463288604751973E9 1.3881736049310467E9 1.0235455965569735E9 6.918555364974334E8 5.568362138170611E8 7.843272757095604E8 1.2895561270796235E9 1.2442489331343155E9 9.592768750947373E8 9.312611373598682E8 7.741663955225749E8 2.571276379414191E9 1.755050324328476E9 4.913423055750061E8 4.4793503391369176E8 1.1136006859459908E9 
1.3826064482404482E9 1.3047553375388427E9 1.0068677939505938E9 1.4359094733436043E9 8.627519569848292E8 4.820902725615792E8 1.0318821369501351E9 1.1764182960808558E9 1.695946982245676E9 1.4463288604751973E9 1.3881736049310467E9 1.0235455965569735E9 6.918555364974334E8 5.568362138170611E8 7.843272757095604E8 1.2895561270796235E9 1.2442489331343155E9 9.592768750947373E8 9.312611373598682E8 7.741663955225749E8 2.571276379414191E9 1.755050324328476E9 4.913423055750061E8 4.4793503391369176E8 1.1136006859459908E9 
1.3826064482404482E9 1.3047553375388427E9 1.0068677939505938E9 1.4359094733436043E9 8.627519569848292E8 4.820902725615792E8 1.0318821369501351E9 1.1764182960808558E9 1.695946982245676E9 1.4463288604751973E9 1.3881736049310467E9 1.0235455965569735E9 6.918555364974334E8 5.568362138170611E8 7.843272757095604E8 1.2895561270796235E9 1.2442489331343155E9 9.592768750947373E8 9.312611373598682E8 7.741663955225749E8 2.571276379414191E9 1.755050324328476E9 4.913423055750061E8 4.4793503391369176E8 1.1136006859459908E9 
1.3826064482404482E9 1.3047553375388427E9 1.0068677939505938E9 1.4359094733436043E9 8.627519569848292E8 4.820902725615792E8 1.0318821369501351E9 1.1764182960808558E9 1.695946982245676E9 1.4463288604751973E9 1.3881736049310467E9 1.0235455965569735E9 6.918555364974334E8 5.568362138170611E8 7.843272757095604E8 1.2895561270796235E9 1.2442489331343155E9 9.592768750947373E8 9.312611373598682E8 7.741663955225749E8 2.571276379414191E9 1.755050324328476E9 4.913423055750061E8 4.4793503391369176E8 1.1136006859459908E9 
1.3826064482404482E9 1.3047553375388427E9 1.0068677939505938E9 1.4359094733436043E9 8.627519569848292E8 4.820902725615792E8 1.0318821369501351E9 1.1764182960808558E9 1.695946982245676E9 1.4463288604751973E9 1.3881736049310467E9 1.0235455965569735E9 6.918555364974334E8 5.568362138170611E8 7.843272757095604E8 1.2895561270796235E9 1.2442489331343155E9 9.592768750947373E8 9.312611373598682E8 7.741663955225749E8 2.571276379414191E9 1.755050324328476E9 4.913423055750061E8 4.4793503391369176E8 1.1136006859459908E9 
1.3826064482404482E9 1.3047553375388427E9 1.0068677939505938E9 1.4359094733436043E9 8.627519569848292E8 4.820902725615792E8 1.0318821369501351E9 1.1764182960808558E9 1.695946982245676E9 1.4463288604751973E9 1.3881736049310467E9 1.0235455965569735E9 6.918555364974334E8 5.568362138170611E8 7.843272757095604E8 1.2895561270796235E9 1.2442489331343155E9 9.592768750947373E8 9.312611373598682E8 7.741663955225749E8 2.571276379414191E9 1.755050324328476E9 4.913423055750061E8 4.4793503391369176E8 1.1136006859459908E9 
1.3826064482404482E9 1.3047553375388427E9 1.0068677939505938E9 1.4359094733436043E9 8.627519569848292E8 4.820902725615792E8 1.0318821369501351E9 1.1764182960808558E9 1.695946982245676E9 1.4463288604751973E9 1.3881736049310467E9 1.0235455965569735E9 6.918555364974334E8 5.568362138170611E8 7.843272757095604E8 1.2895561270796235E9 1.2442489331343155E9 9.592768750947373E8 9.312611373598682E8 7.741663955225749E8 2.571276379414191E9 1.755050324328476E9 4.913423055750061E8 4.4793503391369176E8 1.1136006859459908E9 
1.3826064482404482E9 1.3047553375388427E9 1.0068677939505938E9 1.4359094733436043E9 8.627519569848292E8 4.820902725615792E8 1.0318821369501351E9 1.1764182960808558E9 1.695946982245676E9 1.4463288604751973E9 1.3881736049310467E9 1.0235455965569735E9 6.918555364974334E8 5.568362138170611E8 7.843272757095604E8 1.2895561270796235E9 1.2442489331343155E9 9.592768750947373E8 9.312611373598682E8 7.741663955225749E8 2.571276379414191E9 1.755050324328476E9 4.913423055750061E8 4.4793503391369176E8 1.1136006859459908E9 
1.3826064482404482E9 1.3047553375388427E9 1.0068677939505938E9 1.4359094733436043E9 8.627519569848292E8 4.820902725615792E8 1.0318821369501351E9 1.1764182960808558E9 1.695946982245676E9 1.4463288604751973E9 1.3881736049310467E9 1.0235455965569735E9 6.918555364974334E8 5.568362138170611E8 7.843272757095604E8 1.2895561270796235E9 1.2442489331343155E9 9.592768750947373E8 9.312611373598682E8 7.741663955225749E8 2.571276379414191E9 1.755050324328476E9 4.913423055750061E8 4.4793503391369176E8 1.1136006859459908E9 
1.3826064482404482E9 1.3047553375388427E9 1.0068677939505938E9 1.4359094733436043E9 8.627519569848292E8 4.820902725615792E8 1.0318821369501351E9 1.1764182960808558E9 1.695946982245676E9 1.4463288604751973E9 1.241288901158624E9 1.0235455965569735E9 6.918555364974334E8 5.568362138170611E8 7.843272757095604E8 1.2895561270796235E9 1.2442489331343155E9 9.592768750947373E8 9.312611373598682E8 7.741663955225749E8 2.571276379414191E9 1.755050324328476E9 4.913423055750061E8 4.4793503391369176E8 1.1136006859459908E9 
1.3826064482404482E9 1.3047553375388427E9 1.0068677939505938E9 1.4359094733436043E9 8.627519569848292E8 4.820902725615792E8 1.0318821369501351E9 1.1764182960808558E9 1.695946982245676E9 1.4463288604751973E9 1.241288901158624E9 1.0235455965569735E9 6.918555364974334E8 5.568362138170611E8 7.843272757095604E8 1.2895561270796235E9 1.2442489331343155E9 9.592768750947373E8 9.312611373598682E8 7.741663955225749E8 2.571276379414191E9 1.755050324328476E9 4.913423055750061E8 4.4793503391369176E8 1.1136006859459908E9 
1.3826064482404482E9 1.3047553375388427E9 1.0068677939505938E9 1.4359094733436043E9 8.627519569848292E8 4.820902725615792E8 1.0318821369501351E9 1.1764182960808558E9 1.695946982245676E9 1.4463288604751973E9 1.241288901158624E9 1.0235455965569735E9 6.918555364974334E8 5.568362138170611E8 7.843272757095604E8 1.2895561270796235E9 1.2442489331343155E9 9.592768750947373E8 9.312611373598682E8 6.977634304389337E8 2.571276379414191E9 1.755050324328476E9 4.913423055750061E8 4.4793503391369176E8 1.1136006859459908E9 
1.3826064482404482E9 1.3047553375388427E9 1.0068677939505938E9 1.4359094733436043E9 8.627519569848292E8 4.820902725615792E8 1.0318821369501351E9 1.1764182960808558E9 1.695946982245676E9 1.4463288604751973E9 1.241288901158624E9 1.0235455965569735E9 6.918555364974334E8 5.568362138170611E8 7.843272757095604E8 1.2895561270796235E9 1.2442489331343155E9 9.592768750947373E8 9.312611373598682E8 6.977634304389337E8 2.571276379414191E9 1.755050324328476E9 4.913423055750061E8 4.4793503391369176E8 1.1136006859459908E9 
1.3826064482404482E9 1.3047553375388427E9 1.0068677939505938E9 1.4359094733436043E9 8.627519569848292E8 4.820902725615792E8 1.0318821369501351E9 1.1764182960808558E9 1.695946982245676E9 1.4463288604751973E9 1.241288901158624E9 1.0235455965569735E9 6.918555364974334E8 5.568362138170611E8 7.843272757095604E8 1.2895561270796235E9 1.2442489331343155E9 9.592768750947373E8 9.312611373598682E8 6.977634304389337E8 2.571276379414191E9 1.755050324328476E9 4.913423055750061E8 4.4793503391369176E8 1.1136006859459908E9 
1.3826064482404482E9 1.3047553375388427E9 1.0068677939505938E9 1.4359094733436043E9 8.627519569848292E8 4.820902725615792E8 1.0318821369501351E9 1.1764182960808558E9 1.695946982245676E9 1.4463288604751973E9 1.241288901158624E9 1.0235455965569735E9 6.918555364974334E8 5.568362138170611E8 7.843272757095604E8 1.2895561270796235E9 1.2442489331343155E9 9.592768750947373E8 9.312611373598682E8 6.977634304389337E8 2.571276379414191E9 1.755050324328476E9 4.913423055750061E8 4.4793503391369176E8 1.1136006859459908E9 
1.3826064482404482E9 1.3047553375388427E9 1.0068677939505938E9 1.4359094733436043E9 8.627519569848292E8 4.820902725615792E8 1.0318821369501351E9 1.1764182960808558E9 1.695946982245676E9 1.4463288604751973E9 1.241288901158624E9 1.0235455965569735E9 6.918555364974334E8 5.568362138170611E8 7.843272757095604E8 1.2895561270796235E9 1.2442489331343155E9 9.592768750947373E8 9.312611373598682E8 6.977634304389337E8 2.571276379414191E9 1.755050324328476E9 4.913423055750061E8 4.4793503391369176E8 1.1136006859459908E9 
1.3826064482404482E9 1.3047553375388427E9 1.0068677939505938E9 1.4359094733436043E9 8.627519569848292E8 4.820902725615792E8 1.0318821369501351E9 1.1764182960808558E9 1.695946982245676E9 1.4463288604751973E9 1.241288901158624E9 1.0235455965569735E9 6.918555364974334E8 5.568362138170611E8 7.843272757095604E8 1.2895561270796235E9 1.2442489331343155E9 9.592768750947373E8 9.312611373598682E8 6.977634304389337E8 2.571276379414191E9 1.755050324328476E9 4.913423055750061E8 4.4793503391369176E8 1.1136006859459908E9 
1.3826064482404482E9 1.3047553375388427E9 1.0068677939505938E9 1.4359094733436043E9 8.627519569848292E8 4.820902725615792E8 1.0318821369501351E9 1.1764182960808558E9 1.695946982245676E9 1.4463288604751973E9 1.241288901158624E9 1.0235455965569735E9 6.918555364974334E8 5.568362138170611E8 7.843272757095604E8 1.2895561270796235E9 1.2442489331343155E9 9.592768750947373E8 9.312611373598682E8 6.977634304389337E8 2.571276379414191E9 1.755050324328476E9 4.913423055750061E8 4.4793503391369176E8 1.1136006859459908E9 
1.3826064482404482E9 1.3047553375388427E9 1.0068677939505938E9 1.4359094733436043E9 8.627519569848292E8 4.820902725615792E8 1.0318821369501351E9 1.1764182960808558E9 1.695946982245676E9 1.4463288604751973E9 1.241288901158624E9 1.0235455965569735E9 6.918555364974334E8 5.568362138170611E8 7.843272757095604E8 1.2895561270796235E9 1.2442489331343155E9 9.592768750947373E8 9.312611373598682E8 6.977634304389337E8 2.571276379414191E9 1.755050324328476E9 4.913423055750061E8 4.4793503391369176E8 1.1136006859459908E9 
1.3826064482404482E9 1.3047553375388427E9 1.0068677939505938E9 1.4359094733436043E9 8.627519569848292E8 4.820902725615792E8 1.0318821369501351E9 1.1764182960808558E9 1.695946982245676E9 1.4463288604751973E9 1.241288901158624E9 1.0235455965569735E9 6.918555364974334E8 5.568362138170611E8 7.843272757095604E8 1.2895561270796235E9 1.2442489331343155E9 9.592768750947373E8 9.312611373598682E8 6.977634304389337E8 2.571276379414191E9 1.755050324328476E9 4.913423055750061E8 4.4793503391369176E8 1.1136006859459908E9 
1.3826064482404482E9 1.3047553375388427E9 1.0068677939505938E9 1.4359094733436043E9 8.627519569848292E8 4.820902725615792E8 1.0318821369501351E9 1.1764182960808558E9 1.695946982245676E9 1.4463288604751973E9 1.241288901158624E9 1.0235455965569735E9 6.918555364974334E8 5.568362138170611E8 7.843272757095604E8 1.2895561270796235E9 1.2442489331343155E9 9.592768750947373E8 9.312611373598682E8 6.977634304389337E8 2.571276379414191E9 1.755050324328476E9 4.913423055750061E8 4.4793503391369176E8 1.1136006859459908E9 
1.3826064482404482E9 1.3047553375388427E9 1.0068677939505938E9 1.4359094733436043E9 8.627519569848292E8 4.820902725615792E8 1.0318821369501351E9 1.1764182960808558E9 1.695946982245676E9 1.4463288604751973E9 1.241288901158624E9 1.0235455965569735E9 6.918555364974334E8 5.568362138170611E8 7.843272757095604E8 1.2895561270796235E9 1.2442489331343155E9 9.592768750947373E8 9.312611373598682E8 6.977634304389337E8 2.571276379414191E9 1.755050324328476E9 4.913423055750061E8 4.4793503391369176E8 1.1136006859459908E9 
1.3826064482404482E9 1.3047553375388427E9 1.0068677939505938E9 1.4359094733436043E9 8.627519569848292E8 4.820902725615792E8 1.0318821369501351E9 1.1764182960808558E9 1.695946982245676E9 1.4463288604751973E9 1.241288901158624E9 1.0235455965569735E9 6.918555364974334E8 5.568362138170611E8 7.843272757095604E8 1.2895561270796235E9 1.2442489331343155E9 9.592768750947373E8 9.312611373598682E8 6.977634304389337E8 2.571276379414191E9 1.755050324328476E9 4.913423055750061E8 4.4793503391369176E8 1.1136006859459908E9 
1.3826064482404482E9 1.3047553375388427E9 1.0068677939505938E9 1.4359094733436043E9 8.627519569848292E8 4.820902725615792E8 1.0318821369501351E9 1.1764182960808558E9 1.695946982245676E9 1.4463288604751973E9 1.241288901158624E9 1.0235455965569735E9 6.918555364974334E8 5.568362138170611E8 7.843272757095604E8 1.2895561270796235E9 1.2442489331343155E9 9.592768750947373E8 9.312611373598682E8 6.977634304389337E8 2.571276379414191E9 1.755050324328476E9 4.913423055750061E8 4.4793503391369176E8 1.1136006859459908E9 
1.3826064482404482E9 1.3047553375388427E9 1.0068677939505938E9 1.4359094733436043E9 8.627519569848292E8 4.820902725615792E8 1.0318821369501351E9 1.1764182960808558E9 1.695946982245676E9 1.4463288604751973E9 1.241288901158624E9 1.0235455965569735E9 6.918555364974334E8 5.568362138170611E8 7.843272757095604E8 1.2895561270796235E9 1.2442489331343155E9 9.592768750947373E8 9.312611373598682E8 6.977634304389337E8 2.571276379414191E9 1.755050324328476E9 4.913423055750061E8 4.4793503391369176E8 1.1136006859459908E9 
1.3826064482404482E9 1.3047553375388427E9 1.0068677939505938E9 1.4359094733436043E9 8.627519569848292E8 4.820902725615792E8 1.0318821369501351E9 1.1764182960808558E9 1.695946982245676E9 1.4463288604751973E9 1.241288901158624E9 1.0235455965569735E9 6.918555364974334E8 5.568362138170611E8 7.843272757095604E8 1.2895561270796235E9 1.2442489331343155E9 9.592768750947373E8 9.312611373598682E8 6.977634304389337E8 2.571276379414191E9 1.755050324328476E9 4.913423055750061E8 4.4793503391369176E8 1.1136006859459908E9 
1.3826064482404482E9 1.3047553375388427E9 1.0068677939505938E9 1.4359094733436043E9 8.627519569848292E8 4.820902725615792E8 1.0318821369501351E9 1.1764182960808558E9 1.695946982245676E9 1.4463288604751973E9 1.241288901158624E9 1.0235455965569735E9 6.918555364974334E8 5.568362138170611E8 7.843272757095604E8 1.2895561270796235E9 1.2442489331343155E9 9.592768750947373E8 9.312611373598682E8 6.977634304389337E8 2.571276379414191E9 1.755050324328476E9 4.913423055750061E8 4.4793503391369176E8 1.1136006859459908E9 
1.3826064482404482E9 1.3047553375388427E9 1.0068677939505938E9 1.4359094733436043E9 8.627519569848292E8 4.820902725615792E8 1.0318821369501351E9 1.1764182960808558E9 1.695946982245676E9 1.4463288604751973E9 1.241288901158624E9 1.0235455965569735E9 6.918555364974334E8 5.568362138170611E8 7.843272757095604E8 1.2895561270796235E9 1.2442489331343155E9 9.592768750947373E8 9.312611373598682E8 6.977634304389337E8 2.571276379414191E9 1.755050324328476E9 4.913423055750061E8 4.4793503391369176E8 1.1136006859459908E9 
1.3826064482404482E9 1.3047553375388427E9 1.0068677939505938E9 1.4359094733436043E9 8.627519569848292E8 4.820902725615792E8 1.0318821369501351E9 1.1764182960808558E9 1.695946982245676E9 1.4463288604751973E9 1.241288901158624E9 1.0235455965569735E9 6.918555364974334E8 5.568362138170611E8 7.843272757095604E8 1.2895561270796235E9 1.2442489331343155E9 9.592768750947373E8 9.312611373598682E8 6.977634304389337E8 2.571276379414191E9 1.755050324328476E9 4.913423055750061E8 4.4793503391369176E8 1.1136006859459908E9 
1.3826064482404482E9 1.3047553375388427E9 1.0068677939505938E9 1.4359094733436043E9 8.627519569848292E8 4.820902725615792E8 1.0318821369501351E9 1.1764182960808558E9 1.695946982245676E9 1.4463288604751973E9 1.241288901158624E9 1.0235455965569735E9 6.918555364974334E8 5.568362138170611E8 7.843272757095604E8 1.2895561270796235E9 1.2442489331343155E9 9.592768750947373E8 9.312611373598682E8 6.977634304389337E8 2.571276379414191E9 1.755050324328476E9 4.913423055750061E8 4.4793503391369176E8 1.1136006859459908E9 
1.3826064482404482E9 1.3047553375388427E9 1.0068677939505938E9 1.4359094733436043E9 8.627519569848292E8 4.820902725615792E8 1.0318821369501351E9 1.1764182960808558E9 1.695946982245676E9 1.4463288604751973E9 1.241288901158624E9 1.0235455965569735E9 6.918555364974334E8 5.568362138170611E8 7.843272757095604E8 1.2895561270796235E9 1.2442489331343155E9 9.592768750947373E8 9.312611373598682E8 6.977634304389337E8 2.571276379414191E9 1.755050324328476E9 4.913423055750061E8 4.4793503391369176E8 1.1136006859459908E9 
1.3826064482404482E9 1.3047553375388427E9 1.0068677939505938E9 1.4359094733436043E9 8.627519569848292E8 4.820902725615792E8 1.0318821369501351E9 1.1764182960808558E9 1.695946982245676E9 1.4463288604751973E9 1.241288901158624E9 1.0235455965569735E9 6.918555364974334E8 5.568362138170611E8 7.843272757095604E8 1.2895561270796235E9 1.2442489331343155E9 9.592768750947373E8 9.312611373598682E8 6.977634304389337E8 2.571276379414191E9 1.755050324328476E9 4.913423055750061E8 4.4793503391369176E8 1.1136006859459908E9 
1.3826064482404482E9 1.3047553375388427E9 1.0068677939505938E9 1.4359094733436043E9 8.627519569848292E8 4.820902725615792E8 1.0318821369501351E9 1.1764182960808558E9 1.695946982245676E9 1.4463288604751973E9 1.241288901158624E9 1.0235455965569735E9 6.918555364974334E8 5.568362138170611E8 7.843272757095604E8 1.2895561270796235E9 1.2442489331343155E9 9.592768750947373E8 9.312611373598682E8 6.977634304389337E8 2.571276379414191E9 1.755050324328476E9 4.913423055750061E8 4.4793503391369176E8 1.1136006859459908E9 
1.3826064482404482E9 1.3047553375388427E9 1.0068677939505938E9 1.4359094733436043E9 8.627519569848292E8 4.820902725615792E8 1.0318821369501351E9 1.1764182960808558E9 1.695946982245676E9 1.4463288604751973E9 1.241288901158624E9 1.0235455965569735E9 6.918555364974334E8 5.568362138170611E8 7.843272757095604E8 1.2895561270796235E9 1.2442489331343155E9 9.592768750947373E8 9.312611373598682E8 6.977634304389337E8 2.571276379414191E9 1.755050324328476E9 4.913423055750061E8 4.4793503391369176E8 1.1136006859459908E9 
1.3826064482404482E9 1.3047553375388427E9 1.0068677939505938E9 1.4359094733436043E9 8.627519569848292E8 4.820902725615792E8 1.0318821369501351E9 1.1764182960808558E9 1.695946982245676E9 1.4463288604751973E9 1.241288901158624E9 1.0235455965569735E9 6.918555364974334E8 5.568362138170611E8 7.843272757095604E8 1.2895561270796235E9 1.2442489331343155E9 9.592768750947373E8 9.312611373598682E8 6.977634304389337E8 2.571276379414191E9 1.755050324328476E9 4.913423055750061E8 4.4793503391369176E8 1.1136006859459908E9 
1.3826064482404482E9 1.3047553375388427E9 1.0068677939505938E9 1.4359094733436043E9 8.627519569848292E8 4.820902725615792E8 1.0318821369501351E9 1.1764182960808558E9 1.695946982245676E9 1.4463288604751973E9 1.241288901158624E9 1.0235455965569735E9 6.918555364974334E8 5.568362138170611E8 7.843272757095604E8 1.2895561270796235E9 1.2442489331343155E9 9.592768750947373E8 9.312611373598682E8 6.977634304389337E8 2.571276379414191E9 1.755050324328476E9 4.913423055750061E8 4.4793503391369176E8 1.1136006859459908E9 
1.3826064482404482E9 1.3047553375388427E9 1.0068677939505938E9 1.4359094733436043E9 8.627519569848292E8 4.820902725615792E8 1.0318821369501351E9 1.1764182960808558E9 1.695946982245676E9 1.4463288604751973E9 1.241288901158624E9 1.0235455965569735E9 6.918555364974334E8 5.568362138170611E8 7.843272757095604E8 1.2895561270796235E9 1.2442489331343155E9 9.592768750947373E8 9.312611373598682E8 6.977634304389337E8 2.571276379414191E9 1.755050324328476E9 4.913423055750061E8 4.4793503391369176E8 1.1136006859459908E9 
1.3826064482404482E9 1.3047553375388427E9 1.0068677939505938E9 1.4359094733436043E9 8.627519569848292E8 4.820902725615792E8 1.0318821369501351E9 1.1764182960808558E9 1.695946982245676E9 1.4463288604751973E9 1.241288901158624E9 1.0235455965569735E9 6.918555364974334E8 5.568362138170611E8 7.843272757095604E8 1.2895561270796235E9 1.2442489331343155E9 9.592768750947373E8 9.312611373598682E8 6.977634304389337E8 2.571276379414191E9 1.755050324328476E9 4.913423055750061E8 4.4793503391369176E8 1.1136006859459908E9 
1.3826064482404482E9 1.3047553375388427E9 1.0068677939505938E9 1.4359094733436043E9 8.627519569848292E8 4.820902725615792E8 1.0318821369501351E9 1.1764182960808558E9 1.695946982245676E9 1.4463288604751973E9 1.241288901158624E9 1.0235455965569735E9 6.918555364974334E8 5.568362138170611E8 7.843272757095604E8 1.2895561270796235E9 1.2442489331343155E9 9.592768750947373E8 9.312611373598682E8 6.977634304389337E8 2.571276379414191E9 1.755050324328476E9 4.913423055750061E8 4.4793503391369176E8 1.1136006859459908E9 
1.3826064482404482E9 1.3047553375388427E9 1.0068677939505938E9 1.4359094733436043E9 8.627519569848292E8 4.820902725615792E8 1.0318821369501351E9 1.1764182960808558E9 1.695946982245676E9 1.4463288604751973E9 1.241288901158624E9 1.0235455965569735E9 6.918555364974334E8 5.568362138170611E8 7.843272757095604E8 1.2895561270796235E9 1.2442489331343155E9 9.592768750947373E8 9.312611373598682E8 6.977634304389337E8 2.571276379414191E9 1.755050324328476E9 4.913423055750061E8 4.4793503391369176E8 1.1136006859459908E9 
1.3826064482404482E9 1.3047553375388427E9 1.0068677939505938E9 1.4359094733436043E9 8.627519569848292E8 4.820902725615792E8 1.0318821369501351E9 1.1764182960808558E9 1.695946982245676E9 1.4463288604751973E9 1.241288901158624E9 1.0235455965569735E9 6.918555364974334E8 5.568362138170611E8 7.843272757095604E8 1.2895561270796235E9 1.2442489331343155E9 9.592768750947373E8 9.312611373598682E8 6.977634304389337E8 2.571276379414191E9 1.755050324328476E9 4.913423055750061E8 4.4793503391369176E8 1.1136006859459908E9 
1.3826064482404482E9 1.3047553375388427E9 1.0068677939505938E9 1.4359094733436043E9 8.627519569848292E8 4.820902725615792E8 1.0318821369501351E9 1.1764182960808558E9 1.695946982245676E9 1.4463288604751973E9 1.241288901158624E9 1.0235455965569735E9 6.918555364974334E8 5.568362138170611E8 7.843272757095604E8 1.2895561270796235E9 1.2442489331343155E9 9.592768750947373E8 9.312611373598682E8 6.977634304389337E8 2.571276379414191E9 1.755050324328476E9 4.913423055750061E8 4.4793503391369176E8 1.1136006859459908E9 
1.3826064482404482E9 1.3047553375388427E9 1.0068677939505938E9 1.4359094733436043E9 8.627519569848292E8 4.820902725615792E8 1.0318821369501351E9 1.1764182960808558E9 1.695946982245676E9 1.4463288604751973E9 1.234594777145369E9 1.0235455965569735E9 6.918555364974334E8 5.568362138170611E8 7.843272757095604E8 1.2895561270796235E9 1.2442489331343155E9 9.592768750947373E8 9.312611373598682E8 6.977634304389337E8 2.571276379414191E9 1.755050324328476E9 4.913423055750061E8 4.4793503391369176E8 1.1136006859459908E9 
1.3826064482404482E9 1.3047553375388427E9 1.0068677939505938E9 1.4359094733436043E9 8.627519569848292E8 4.820902725615792E8 1.0318821369501351E9 1.1764182960808558E9 1.695946982245676E9 1.4463288604751973E9 1.234594777145369E9 1.0235455965569735E9 6.918555364974334E8 5.568362138170611E8 7.843272757095604E8 1.2895561270796235E9 1.2442489331343155E9 9.592768750947373E8 9.312611373598682E8 6.977634304389337E8 2.571276379414191E9 1.755050324328476E9 4.913423055750061E8 4.4793503391369176E8 1.1136006859459908E9 
1.3826064482404482E9 1.3047553375388427E9 1.0068677939505938E9 1.4359094733436043E9 8.627519569848292E8 4.820902725615792E8 1.0318821369501351E9 1.1764182960808558E9 1.695946982245676E9 1.4463288604751973E9 1.234594777145369E9 1.0235455965569735E9 6.918555364974334E8 5.568362138170611E8 7.843272757095604E8 1.2895561270796235E9 1.2442489331343155E9 9.592768750947373E8 9.312611373598682E8 6.977634304389337E8 2.571276379414191E9 1.755050324328476E9 4.913423055750061E8 4.4793503391369176E8 1.1136006859459908E9 
