695.841042534189 761.4740660999705 783.9345245135655 704.0798118722096 720.1211458719322 780.415672670852 691.5035313922954 723.899887431056 731.9638170673225 871.4150665296947 790.3529769502065 741.8928700486713 687.0099321265693 759.6007516980721 709.2940529905172 725.2817456873731 756.7833813312322 818.2525155768635 689.4345366376533 726.4489797968317 824.7193899265212 574.9915542785784 768.4090172342644 796.9870837665717 686.0953643687458 
695.841042534189 736.1853295004703 723.3741069532875 631.8818777370029 679.9264062634102 689.9618870912827 625.2201744110785 689.6963554202848 723.3454847765624 820.1980385151282 733.7647597060018 741.8928700486713 650.2340554205971 757.9641426193903 654.7818611044245 632.6611371573554 730.2810532812828 770.6484956386994 621.4767016073956 644.5714157977636 767.9418371848465 574.9915542785784 703.912423108572 617.9071603417424 686.0953643687458 
695.841042534189 736.1853295004703 723.3741069532875 631.8818777370029 679.9264062634102 689.9618870912827 625.2201744110785 667.6695715039423 701.5721107227305 817.6090743558316 709.0479194738177 691.5120647120302 650.2340554205971 701.5592058242046 646.3536865284359 632.6611371573554 706.0976526063305 738.3575285611278 621.4767016073956 644.5714157977636 712.0402976224641 574.9915542785784 703.912423108572 617.9071603417424 666.2494193463099 
653.2659078443039 700.4623958025918 715.3964753823911 631.8818777370029 679.9264062634102 689.9618870912827 625.2201744110785 643.4344048465555 682.2494482401721 762.588281375085 612.6924926900047 671.3063854514858 647.176410639574 668.1232103589873 646.3536865284359 632.6611371573554 662.3149034452945 721.0667310730173 621.4767016073956 644.5714157977636 712.0402976224641 574.9915542785784 703.912423108572 617.9071603417424 613.9183288018257 
653.2659078443039 694.510026467914 691.4110487142871 631.8818777370029 679.9264062634102 649.4912338187978 625.2201744110785 643.4344048465555 678.5768562994563 741.3205897743956 612.6924926900047 669.1765164568669 597.8949484533696 668.1232103589873 646.3536865284359 632.6611371573554 662.3149034452945 718.83757274352 621.4767016073956 644.400052293 712.0402976224641 574.9915542785784 696.6653959628038 617.9071603417424 613.9183288018257 
599.129087504703 681.745318666412 674.7015694362285 631.8818777370029 671.1954948887451 606.1207903867362 618.0955234022867 605.7777054848298 657.1810719086443 608.179222376175 612.6924926900047 658.59691703517 563.3450406889738 635.2510607133504 646.3536865284359 632.6611371573554 644.2588955071756 638.143127008465 621.4767016073956 637.6594289736763 672.3805601056479 574.9915542785784 690.4650861187897 617.9071603417424 596.1392575727318 
599.129087504703 678.3943474637435 674.7015694362285 620.5019430460925 645.5941258751081 606.1207903867362 595.6697845469712 605.7777054848298 654.2801492079207 608.179222376175 612.6924926900047 653.1398466468067 563.3450406889738 633.4911449923602 646.3536865284359 632.6611371573554 644.2588955071756 638.143127008465 611.3935932319946 600.8378721363156 661.1660300698031 574.9915542785784 644.0995325640315 617.9071603417424 596.1392575727318 
599.129087504703 636.0072636023287 674.7015694362285 620.5019430460925 621.2067964577654 606.1207903867362 561.6532236121479 597.749755654635 654.2801492079207 608.179222376175 612.6924926900047 653.1398466468067 563.3450406889738 633.4911449923602 632.0466931792398 632.6611371573554 602.8497243295242 638.143127008465 602.0225560184622 570.6144662307352 643.1317951169272 574.9915542785784 636.6936742217854 617.9071603417424 594.532662330812 
599.129087504703 636.0072636023287 657.3523958050059 620.5019430460925 576.0542832073406 606.1207903867362 561.6532236121479 597.749755654635 627.3122876461484 604.3586007622425 612.6924926900047 644.4006203822346 563.3450406889738 633.4911449923602 597.067991002908 593.9370136288167 602.8497243295242 638.143127008465 602.0225560184622 570.6144662307352 604.3086345627448 574.9915542785784 636.6936742217854 605.1321873189668 592.1172045860185 
598.7675695767234 636.0072636023287 655.0916761070107 617.9408762791127 576.0542832073406 601.5444578986298 561.6532236121479 543.1231934071807 627.3122876461484 604.3586007622425 612.6924926900047 644.4006203822346 552.8833608250402 633.4911449923602 566.8402077195956 593.9370136288167 602.8497243295242 638.143127008465 602.0225560184622 570.6144662307352 585.2115548773827 574.9915542785784 636.6936742217854 605.1321873189668 580.382798673566 
598.7675695767234 607.2606728047658 630.5595059120878 568.1620482629742 576.0542832073406 569.0711347532692 521.0094645851741 543.1231934071807 592.4705623762343 604.3586007622425 587.644638842416 622.9713807861872 530.8291020457686 633.4911449923602 566.8402077195956 593.9370136288167 528.3134195645648 638.143127008465 592.3288867368965 570.6144662307352 585.2115548773827 574.9915542785784 636.6936742217854 584.2841373785186 580.382798673566 
598.7675695767234 607.2606728047658 606.1732581800948 568.1620482629742 576.0542832073406 569.0711347532692 521.0094645851741 533.1057248143784 592.4705623762343 604.3586007622425 587.644638842416 622.9713807861872 530.8291020457686 603.1847657137114 486.9938835441162 560.462626289624 528.3134195645648 638.143127008465 562.5050564269536 549.8246001941634 585.2115548773827 574.9915542785784 636.6936742217854 584.2841373785186 573.7753928078373 
489.2804435353614 605.502133279294 606.1732581800948 568.1620482629742 576.0542832073406 569.0711347532692 521.0094645851741 533.1057248143784 592.4705623762343 604.3586007622425 587.644638842416 619.2544060102928 527.8202656149429 583.3414647526461 486.9938835441162 560.462626289624 528.3134195645648 638.143127008465 562.5050564269536 549.8246001941634 554.0199814186922 565.5674095546451 636.6936742217854 584.2841373785186 573.7753928078373 
489.2804435353614 588.6151677893022 587.589527022008 568.1620482629742 576.0542832073406 567.8442847543433 521.0094645851741 533.1057248143784 592.4705623762343 604.3586007622425 587.644638842416 598.3670604018653 527.8202656149429 583.3414647526461 486.9938835441162 560.462626289624 528.3134195645648 630.445219527573 562.5050564269536 549.8246001941634 554.0199814186922 565.5674095546451 606.8893114764405 572.845675942905 573.7753928078373 
489.2804435353614 583.0435788033546 582.388491914624 568.1620482629742 576.0542832073406 567.8442847543433 521.0094645851741 510.1894191146357 530.0408128078193 604.3586007622425 548.4340054070121 588.0402089360464 527.3771434889522 516.9390298598423 486.9938835441162 560.462626289624 528.3134195645648 614.7589573196942 562.5050564269536 549.8246001941634 554.0199814186922 565.5674095546451 606.8893114764405 572.845675942905 546.5919821579555 
489.2804435353614 583.0435788033546 582.388491914624 568.1620482629742 576.0542832073406 567.8442847543433 521.0094645851741 510.1894191146357 530.0408128078193 590.0261044754311 548.4340054070121 577.3702826538424 527.3771434889522 516.9390298598423 486.9938835441162 560.462626289624 528.3134195645648 614.7589573196942 562.5050564269536 549.8246001941634 554.0199814186922 565.5674095546451 586.8094747540395 572.845675942905 546.5919821579555 
489.2804435353614 583.0435788033546 572.5648215351748 568.1620482629742 576.0542832073406 567.8442847543433 521.0094645851741 510.1894191146357 530.0408128078193 590.0261044754311 548.4340054070121 577.3702826538424 527.3771434889522 515.6132803688465 486.9938835441162 560.462626289624 528.3134195645648 614.7589573196942 562.5050564269536 549.8246001941634 554.0199814186922 546.1882943361065 586.8094747540395 572.845675942905 546.5919821579555 
489.2804435353614 583.0435788033546 550.5020746749528 565.598972296073 576.0542832073406 543.1995922910255 521.0094645851741 510.1894191146357 530.0408128078193 558.9449535176768 527.4689897728999 577.3702826538424 527.3771434889522 515.6132803688465 486.9938835441162 560.462626289624 528.3134195645648 575.1877159298806 556.1220588550214 549.8246001941634 554.0199814186922 546.1882943361065 514.4251512557294 572.845675942905 546.5919821579555 
489.2804435353614 583.0435788033546 550.5020746749528 545.2643504925804 556.7293628131497 543.1995922910255 521.0094645851741 510.1894191146357 530.0408128078193 558.9449535176768 527.4689897728999 577.3702826538424 527.3771434889522 515.6132803688465 486.9938835441162 560.462626289624 528.3134195645648 575.1877159298806 515.0319929254215 549.8246001941634 554.0199814186922 546.1882943361065 514.4251512557294 572.845675942905 546.5919821579555 
489.2804435353614 583.0435788033546 546.3130066121294 545.2643504925804 554.3736187795375 543.1995922910255 521.0094645851741 510.1894191146357 530.0408128078193 558.9449535176768 527.4689897728999 540.3396000684434 527.3771434889522 515.6132803688465 486.9938835441162 553.7737571312964 523.3628977837916 550.1045137036795 515.0319929254215 549.8246001941634 554.0199814186922 535.421658778404 514.4251512557294 572.845675942905 545.2859538007174 
489.2804435353614 552.8606021648657 546.3130066121294 545.2643504925804 554.3736187795375 543.1995922910255 521.0094645851741 510.1894191146357 530.0408128078193 558.9449535176768 527.4689897728999 540.3396000684434 517.2111151957306 515.6132803688465 486.9938835441162 553.7737571312964 510.17838658791925 550.1045137036795 515.0319929254215 549.8246001941634 554.0199814186922 506.41220686444376 514.4251512557294 572.845675942905 545.2859538007174 
489.2804435353614 552.8606021648657 543.7208340638222 518.877311619894 554.3736187795375 538.281346194552 521.0094645851741 510.1894191146357 530.0408128078193 555.215680266504 514.2297521598357 540.3396000684434 517.2111151957306 515.6132803688465 486.9938835441162 553.7737571312964 510.17838658791925 550.1045137036795 515.0319929254215 547.8452115247055 539.44507063518 506.41220686444376 498.01331371889137 572.845675942905 544.3022280148971 
489.2804435353614 539.9536972586134 543.7208340638222 518.877311619894 539.8184591029349 538.281346194552 498.1434789062255 510.1894191146357 530.0408128078193 549.5089111425123 514.2297521598357 540.3396000684434 517.2111151957306 515.6132803688465 486.9938835441162 553.7737571312964 510.17838658791925 550.1045137036795 515.0319929254215 540.8533957292607 539.44507063518 506.41220686444376 498.01331371889137 572.845675942905 544.3022280148971 
489.2804435353614 539.9536972586134 495.97112786682965 518.877311619894 539.8184591029349 538.281346194552 498.1434789062255 500.3619561562664 530.0408128078193 549.5089111425123 514.2297521598357 496.38517170264504 517.2111151957306 515.6132803688465 486.9938835441162 553.7737571312964 510.17838658791925 550.1045137036795 515.0319929254215 540.8533957292607 527.8491383694914 506.41220686444376 498.01331371889137 572.845675942905 544.3022280148971 
489.2804435353614 533.4711695198566 495.97112786682965 518.877311619894 539.8184591029349 538.281346194552 498.1434789062255 467.14343284484266 520.7590915222736 549.5089111425123 514.2297521598357 496.38517170264504 500.6472666244681 515.6132803688465 486.9938835441162 524.5135000920977 510.17838658791925 550.1045137036795 515.0319929254215 519.8954036586811 527.8491383694914 506.41220686444376 498.01331371889137 572.845675942905 544.3022280148971 
489.2804435353614 533.4711695198566 495.97112786682965 518.877311619894 521.2155697242092 538.281346194552 498.1434789062255 467.14343284484266 520.7590915222736 549.5089111425123 514.2297521598357 496.38517170264504 500.6472666244681 515.6132803688465 486.9938835441162 524.5135000920977 510.17838658791925 550.1045137036795 515.0319929254215 519.8954036586811 527.8491383694914 467.5012731076499 498.01331371889137 571.6460550281226 527.3118093465 
489.2804435353614 533.4711695198566 495.97112786682965 518.877311619894 521.2155697242092 499.7299271824363 498.1434789062255 467.14343284484266 520.7590915222736 549.5089111425123 514.2297521598357 496.38517170264504 500.6472666244681 515.6132803688465 486.9938835441162 524.5135000920977 510.17838658791925 550.1045137036795 510.7457872862642 519.8954036586811 527.8491383694914 467.5012731076499 498.01331371889137 571.6460550281226 527.3118093465 
489.2804435353614 533.4711695198566 495.97112786682965 518.877311619894 521.2155697242092 499.7299271824363 487.33610235157266 467.14343284484266 520.7590915222736 549.5089111425123 481.9652970517359 496.38517170264504 500.6472666244681 515.6132803688465 486.9938835441162 524.5135000920977 510.17838658791925 521.9685879760782 510.7457872862642 519.8954036586811 527.8491383694914 467.5012731076499 498.01331371889137 558.5196770553703 527.3118093465 
489.2804435353614 533.4711695198566 495.97112786682965 518.877311619894 515.5565262436699 496.9713336846394 487.33610235157266 467.14343284484266 512.5525423001191 523.4172437515663 481.9652970517359 496.38517170264504 500.6472666244681 515.6132803688465 486.9938835441162 521.2575339990808 503.48800743680613 481.63641401424775 501.4383363666989 457.6883161218034 527.8491383694914 467.5012731076499 498.01331371889137 557.6925579733206 527.3118093465 
489.2804435353614 528.8411036660805 495.97112786682965 518.877311619894 515.5565262436699 496.9713336846394 487.33610235157266 467.14343284484266 512.5525423001191 523.4172437515663 464.69090180998046 496.38517170264504 460.3302741207517 515.6132803688465 486.9938835441162 521.2575339990808 482.731967954021 481.63641401424775 473.39410389524073 457.6883161218034 527.8491383694914 467.5012731076499 498.01331371889137 545.4628976009858 527.3118093465 
489.2804435353614 528.8411036660805 495.97112786682965 517.2201802600093 515.5565262436699 496.9713336846394 487.33610235157266 467.14343284484266 512.5525423001191 523.4172437515663 464.69090180998046 496.38517170264504 460.3302741207517 515.6132803688465 486.9938835441162 497.3785654252124 482.731967954021 481.63641401424775 473.39410389524073 457.6883161218034 497.30756470944743 467.5012731076499 498.01331371889137 545.4628976009858 527.3118093465 
489.2804435353614 528.8411036660805 495.97112786682965 517.2201802600093 514.5004821751477 496.9713336846394 487.33610235157266 467.14343284484266 512.5525423001191 523.4172437515663 464.69090180998046 496.38517170264504 460.3302741207517 503.04297904212353 486.9938835441162 497.3785654252124 482.731967954021 481.63641401424775 473.39410389524073 457.6883161218034 497.30756470944743 467.5012731076499 498.01331371889137 545.4628976009858 521.0325738668621 
489.2804435353614 528.8411036660805 495.97112786682965 517.2201802600093 509.50743275297646 496.9713336846394 487.33610235157266 467.14343284484266 512.5525423001191 523.4172437515663 464.69090180998046 496.38517170264504 460.3302741207517 503.04297904212353 486.9938835441162 491.87843134858394 482.731967954021 481.63641401424775 473.39410389524073 457.6883161218034 497.30756470944743 467.5012731076499 498.01331371889137 545.4628976009858 521.0325738668621 
489.2804435353614 524.4321586219653 495.97112786682965 517.2201802600093 509.50743275297646 496.9713336846394 487.33610235157266 467.14343284484266 512.5525423001191 523.4172437515663 464.69090180998046 496.38517170264504 460.3302741207517 503.04297904212353 486.9938835441162 491.87843134858394 482.731967954021 481.63641401424775 473.39410389524073 457.6883161218034 497.30756470944743 467.5012731076499 498.01331371889137 537.2948774839479 521.0325738668621 
489.2804435353614 514.070631705587 495.97112786682965 517.2201802600093 495.5032081036966 494.7977970162665 487.33610235157266 467.14343284484266 512.5525423001191 513.061974052031 464.69090180998046 496.38517170264504 460.3302741207517 500.6896063697395 486.9938835441162 491.87843134858394 482.731967954021 481.63641401424775 473.39410389524073 457.6883161218034 497.30756470944743 467.5012731076499 498.01331371889137 537.2948774839479 521.0325738668621 
489.2804435353614 514.070631705587 495.97112786682965 517.2201802600093 495.5032081036966 466.5733988915558 487.33610235157266 467.14343284484266 512.5525423001191 495.83985629430026 464.69090180998046 496.38517170264504 460.3302741207517 500.6896063697395 486.9938835441162 477.429775640152 482.731967954021 481.63641401424775 473.39410389524073 457.6883161218034 497.30756470944743 467.5012731076499 488.07772202156775 537.2948774839479 486.70094234959515 
465.67420636398447 514.070631705587 491.9673176493079 503.4204466869487 470.23092853870094 466.5733988915558 487.33610235157266 467.14343284484266 512.5525423001191 495.83985629430026 464.69090180998046 496.38517170264504 460.3302741207517 500.6896063697395 486.9938835441162 477.429775640152 482.731967954021 481.63641401424775 473.39410389524073 457.6883161218034 497.30756470944743 467.5012731076499 482.68991937504006 526.9212787358165 486.70094234959515 
465.67420636398447 493.12564070922053 491.9673176493079 503.4204466869487 470.23092853870094 466.5733988915558 487.33610235157266 467.14343284484266 512.5525423001191 495.83985629430026 464.69090180998046 496.38517170264504 460.3302741207517 497.28631349810485 486.9938835441162 477.429775640152 482.731967954021 481.63641401424775 473.39410389524073 457.6883161218034 497.30756470944743 467.5012731076499 482.68991937504006 526.9212787358165 486.70094234959515 
465.67420636398447 474.5411553587023 491.9673176493079 503.4204466869487 470.23092853870094 466.5733988915558 487.33610235157266 467.14343284484266 488.2202129973871 495.83985629430026 464.69090180998046 496.38517170264504 460.3302741207517 496.71091583576117 486.9938835441162 477.429775640152 482.731967954021 481.63641401424775 473.39410389524073 457.6883161218034 497.30756470944743 467.5012731076499 482.68991937504006 526.9212787358165 486.70094234959515 
465.67420636398447 474.5411553587023 491.9673176493079 503.4204466869487 470.23092853870094 466.5733988915558 487.33610235157266 467.14343284484266 488.2202129973871 495.83985629430026 464.69090180998046 496.38517170264504 460.3302741207517 496.71091583576117 486.9938835441162 477.429775640152 468.60509360888636 481.63641401424775 473.39410389524073 457.6883161218034 497.30756470944743 467.5012731076499 479.94389107627285 520.2843557227893 486.70094234959515 
465.67420636398447 474.5411553587023 491.9673176493079 503.4204466869487 470.23092853870094 466.5733988915558 487.33610235157266 467.14343284484266 488.2202129973871 495.83985629430026 464.69090180998046 457.9978369006203 460.3302741207517 496.71091583576117 486.9938835441162 477.429775640152 468.60509360888636 481.63641401424775 473.39410389524073 457.6883161218034 497.30756470944743 467.5012731076499 466.02133297202363 514.0734858612823 486.70094234959515 
465.67420636398447 474.5411553587023 491.9673176493079 491.82494115597956 470.23092853870094 466.5733988915558 487.33610235157266 467.14343284484266 488.2202129973871 495.83985629430026 464.69090180998046 456.60679056347135 460.3302741207517 470.6657515367888 486.9938835441162 477.429775640152 468.60509360888636 472.1540510635923 473.39410389524073 457.6883161218034 497.30756470944743 467.5012731076499 466.02133297202363 469.8105144609108 486.70094234959515 
465.67420636398447 474.5411553587023 491.9673176493079 491.82494115597956 470.23092853870094 466.5733988915558 487.33610235157266 467.14343284484266 488.2202129973871 495.83985629430026 464.69090180998046 456.60679056347135 452.2040883000918 470.6657515367888 486.9938835441162 450.0471716836987 468.60509360888636 472.1540510635923 473.39410389524073 457.6883161218034 485.07240295933343 467.5012731076499 466.02133297202363 469.8105144609108 486.70094234959515 
465.67420636398447 474.5411553587023 491.9673176493079 474.9725564668988 470.23092853870094 466.5733988915558 487.33610235157266 467.14343284484266 488.2202129973871 495.83985629430026 464.69090180998046 456.60679056347135 452.2040883000918 470.6657515367888 482.5304927303655 450.0471716836987 468.60509360888636 471.2538975387706 473.39410389524073 457.6883161218034 485.07240295933343 467.5012731076499 466.02133297202363 455.85406337832774 486.70094234959515 
465.67420636398447 455.94600583380907 491.9673176493079 474.9725564668988 470.23092853870094 466.5733988915558 487.33610235157266 464.6765632310303 488.2202129973871 495.83985629430026 464.69090180998046 456.60679056347135 452.2040883000918 470.6657515367888 482.5304927303655 450.0471716836987 468.60509360888636 471.2538975387706 473.39410389524073 457.6883161218034 485.07240295933343 466.11647302283836 460.86707869768134 455.85406337832774 466.9429271131394 
465.67420636398447 455.94600583380907 491.9673176493079 474.9725564668988 452.03419285402015 466.5733988915558 487.33610235157266 464.6765632310303 488.2202129973871 495.83985629430026 464.69090180998046 456.60679056347135 452.2040883000918 470.6657515367888 482.5304927303655 450.0471716836987 468.60509360888636 471.2538975387706 473.39410389524073 457.6883161218034 485.07240295933343 466.11647302283836 460.86707869768134 455.85406337832774 466.9429271131394 
441.4675806912901 455.94600583380907 491.9673176493079 474.9725564668988 452.03419285402015 466.5733988915558 487.33610235157266 464.6765632310303 488.2202129973871 495.83985629430026 464.69090180998046 456.60679056347135 442.82542712401346 470.6657515367888 482.5304927303655 450.0471716836987 468.60509360888636 471.2538975387706 473.39410389524073 457.6883161218034 485.07240295933343 466.11647302283836 460.86707869768134 455.85406337832774 466.9429271131394 
441.4675806912901 455.94600583380907 491.9673176493079 474.9725564668988 452.03419285402015 466.5733988915558 487.33610235157266 464.6765632310303 488.2202129973871 495.83985629430026 464.69090180998046 456.60679056347135 442.82542712401346 470.6657515367888 475.4216659592753 450.0471716836987 454.68787670936626 471.2538975387706 473.39410389524073 457.6883161218034 485.07240295933343 438.8266285546056 460.86707869768134 455.85406337832774 466.9429271131394 
441.4675806912901 455.94600583380907 491.9673176493079 474.9725564668988 452.03419285402015 466.5733988915558 487.33610235157266 464.6765632310303 488.2202129973871 495.83985629430026 464.69090180998046 456.60679056347135 442.82542712401346 470.6657515367888 475.4216659592753 450.0471716836987 454.68787670936626 471.2538975387706 450.0194844667649 457.6883161218034 485.07240295933343 438.8266285546056 460.86707869768134 455.85406337832774 466.9429271131394 
441.4675806912901 455.94600583380907 491.9673176493079 474.9725564668988 452.03419285402015 466.5733988915558 487.33610235157266 464.6765632310303 488.2202129973871 495.83985629430026 464.69090180998046 456.60679056347135 442.82542712401346 470.6657515367888 475.4216659592753 450.0471716836987 454.68787670936626 471.2538975387706 450.0194844667649 457.6883161218034 485.07240295933343 438.8266285546056 460.86707869768134 455.85406337832774 466.9429271131394 
441.4675806912901 455.94600583380907 491.9673176493079 470.0145506456247 452.03419285402015 466.5733988915558 487.33610235157266 464.6765632310303 488.2202129973871 495.83985629430026 464.69090180998046 456.60679056347135 442.82542712401346 470.6657515367888 475.4216659592753 450.0471716836987 450.58443199971316 471.2538975387706 450.0194844667649 457.6883161218034 485.07240295933343 438.8266285546056 460.86707869768134 455.85406337832774 466.9429271131394 
441.4675806912901 455.94600583380907 479.27697778247693 443.75793982189316 452.03419285402015 466.5733988915558 487.33610235157266 464.6765632310303 488.2202129973871 485.5421029193458 464.69090180998046 456.60679056347135 442.82542712401346 470.6657515367888 464.50897526110884 450.0471716836987 450.58443199971316 471.2538975387706 450.0194844667649 457.6883161218034 485.07240295933343 438.8266285546056 456.1321281522287 455.85406337832774 466.9429271131394 
441.4675806912901 455.94600583380907 479.27697778247693 443.75793982189316 452.03419285402015 466.5733988915558 487.33610235157266 464.6765632310303 488.2202129973871 485.5421029193458 464.69090180998046 456.60679056347135 442.82542712401346 470.6657515367888 463.97883168939916 450.0471716836987 450.58443199971316 471.2538975387706 450.0194844667649 457.6883161218034 477.99393059627073 438.8266285546056 456.1321281522287 455.85406337832774 466.9429271131394 
441.4675806912901 455.94600583380907 478.42952510086207 443.75793982189316 452.03419285402015 466.5733988915558 487.33610235157266 464.6765632310303 488.2202129973871 485.5421029193458 464.69090180998046 456.60679056347135 442.82542712401346 470.6657515367888 394.39752031564785 450.0471716836987 450.58443199971316 471.2538975387706 450.0194844667649 457.6883161218034 477.99393059627073 438.8266285546056 456.1321281522287 455.85406337832774 466.9429271131394 
441.4675806912901 455.94600583380907 478.42952510086207 443.75793982189316 445.61350549987765 466.5733988915558 487.33610235157266 464.6765632310303 475.14965125249455 485.5421029193458 464.69090180998046 456.60679056347135 442.82542712401346 470.6657515367888 394.39752031564785 450.0471716836987 449.57720039864716 471.2538975387706 450.0194844667649 457.6883161218034 477.99393059627073 436.2482535547224 456.1321281522287 455.85406337832774 466.9429271131394 
441.4675806912901 455.94600583380907 478.42952510086207 443.75793982189316 445.61350549987765 466.5733988915558 487.33610235157266 464.6765632310303 475.14965125249455 483.5378175155961 464.69090180998046 456.60679056347135 442.82542712401346 470.6657515367888 394.39752031564785 450.0471716836987 449.57720039864716 471.2538975387706 448.11549802786476 457.6883161218034 477.99393059627073 436.2482535547224 456.1321281522287 455.85406337832774 466.9429271131394 
441.4675806912901 455.94600583380907 478.42952510086207 443.75793982189316 445.61350549987765 466.5733988915558 487.33610235157266 464.6765632310303 475.14965125249455 483.5378175155961 464.69090180998046 456.60679056347135 442.82542712401346 470.6657515367888 394.39752031564785 450.0471716836987 449.57720039864716 471.2538975387706 448.11549802786476 457.6883161218034 455.6437322122624 436.2482535547224 456.1321281522287 455.85406337832774 466.9429271131394 
441.4675806912901 455.94600583380907 478.42952510086207 443.75793982189316 445.61350549987765 466.5733988915558 487.33610235157266 464.6765632310303 475.14965125249455 483.5378175155961 464.69090180998046 456.60679056347135 442.82542712401346 470.6657515367888 394.39752031564785 450.0471716836987 446.3215901696044 471.2538975387706 448.11549802786476 457.6883161218034 455.6437322122624 436.2482535547224 456.1321281522287 455.85406337832774 466.49660474421626 
441.4675806912901 455.94600583380907 478.42952510086207 392.83035211209017 445.61350549987765 464.6114232961345 487.33610235157266 457.3893781559027 475.14965125249455 483.5378175155961 464.69090180998046 456.60679056347135 442.82542712401346 466.749768585702 394.39752031564785 450.0471716836987 446.3215901696044 471.2538975387706 448.11549802786476 457.6883161218034 455.6437322122624 436.2482535547224 455.5180696108464 455.85406337832774 466.49660474421626 
441.4675806912901 455.94600583380907 478.42952510086207 392.83035211209017 445.61350549987765 452.594316966487 487.33610235157266 457.3893781559027 475.14965125249455 483.5378175155961 464.69090180998046 456.60679056347135 442.82542712401346 466.749768585702 394.39752031564785 450.0471716836987 446.3215901696044 471.2538975387706 448.11549802786476 457.6883161218034 455.6437322122624 436.2482535547224 455.5180696108464 455.85406337832774 466.49660474421626 
441.4675806912901 455.94600583380907 478.42952510086207 392.83035211209017 445.61350549987765 452.594316966487 487.33610235157266 457.3893781559027 475.14965125249455 483.5378175155961 464.69090180998046 456.60679056347135 442.82542712401346 458.05454139916355 394.39752031564785 450.0471716836987 446.3215901696044 471.2538975387706 448.11549802786476 457.6883161218034 455.6437322122624 436.2482535547224 455.5180696108464 455.85406337832774 466.49660474421626 
441.4675806912901 455.94600583380907 478.42952510086207 392.83035211209017 445.61350549987765 452.594316966487 487.33610235157266 457.3893781559027 475.14965125249455 483.5378175155961 464.69090180998046 456.60679056347135 442.82542712401346 458.05454139916355 394.39752031564785 450.0471716836987 446.3215901696044 471.2538975387706 446.64969492899763 457.6883161218034 455.6437322122624 433.0018251331444 455.5180696108464 455.85406337832774 466.49660474421626 
441.4675806912901 455.94600583380907 478.42952510086207 392.83035211209017 445.61350549987765 439.3652057817744 487.33610235157266 457.3893781559027 475.14965125249455 483.5378175155961 464.69090180998046 456.60679056347135 439.1794856872675 458.05454139916355 394.39752031564785 450.0471716836987 446.3215901696044 437.2574359962323 446.64969492899763 451.2610161706598 455.6437322122624 433.0018251331444 455.5180696108464 455.85406337832774 466.49660474421626 
441.4675806912901 455.94600583380907 478.42952510086207 392.83035211209017 404.4745330826854 439.3652057817744 487.33610235157266 429.51641447521615 475.14965125249455 483.5378175155961 464.69090180998046 456.60679056347135 439.1794856872675 458.05454139916355 394.39752031564785 450.0471716836987 446.3215901696044 437.2574359962323 446.64969492899763 451.2610161706598 455.6437322122624 430.2212062468511 455.5180696108464 455.85406337832774 466.49660474421626 
437.40055183034974 455.94600583380907 468.1403305121539 392.83035211209017 404.4745330826854 439.3652057817744 487.33610235157266 429.51641447521615 475.14965125249455 483.5378175155961 464.69090180998046 456.60679056347135 439.1794856872675 458.05454139916355 394.39752031564785 450.0471716836987 446.3215901696044 437.2574359962323 446.64969492899763 451.2610161706598 455.6437322122624 430.2212062468511 442.17562221360504 455.85406337832774 466.49660474421626 
434.35326233781916 455.94600583380907 468.1403305121539 392.83035211209017 404.4745330826854 439.3652057817744 487.33610235157266 429.51641447521615 475.14965125249455 483.5378175155961 464.69090180998046 456.60679056347135 439.1794856872675 458.05454139916355 394.39752031564785 450.0471716836987 446.3215901696044 437.2574359962323 446.64969492899763 451.2610161706598 455.6437322122624 430.2212062468511 442.17562221360504 455.85406337832774 466.49660474421626 
434.35326233781916 455.94600583380907 446.341974923801 392.83035211209017 404.4745330826854 439.3652057817744 487.33610235157266 429.51641447521615 460.2023683477678 483.5378175155961 464.69090180998046 456.60679056347135 439.1794856872675 458.05454139916355 394.39752031564785 450.0471716836987 446.3215901696044 437.2574359962323 446.64969492899763 451.2610161706598 455.6437322122624 430.2212062468511 442.17562221360504 455.85406337832774 466.49660474421626 
434.35326233781916 455.94600583380907 446.341974923801 392.83035211209017 404.4745330826854 439.3652057817744 487.33610235157266 429.51641447521615 460.2023683477678 483.5378175155961 464.69090180998046 456.60679056347135 439.1794856872675 458.05454139916355 394.39752031564785 450.0471716836987 446.3215901696044 437.2574359962323 446.64969492899763 451.2610161706598 455.6437322122624 430.2212062468511 442.17562221360504 455.85406337832774 466.49660474421626 
434.35326233781916 455.94600583380907 446.341974923801 392.83035211209017 404.4745330826854 439.3652057817744 487.33610235157266 429.51641447521615 460.2023683477678 483.5378175155961 464.69090180998046 456.60679056347135 439.1794856872675 458.05454139916355 394.39752031564785 450.0471716836987 446.3215901696044 437.2574359962323 446.64969492899763 451.2610161706598 455.6437322122624 430.2212062468511 442.17562221360504 455.85406337832774 466.49660474421626 
434.35326233781916 455.94600583380907 446.341974923801 392.83035211209017 404.4745330826854 439.3652057817744 487.33610235157266 429.51641447521615 458.27944417036724 467.7249138420293 464.69090180998046 456.60679056347135 439.1794856872675 458.05454139916355 394.39752031564785 450.0471716836987 446.3215901696044 437.2574359962323 446.64969492899763 451.2610161706598 455.6437322122624 430.2212062468511 442.17562221360504 455.85406337832774 465.5942711393609 
434.35326233781916 455.94600583380907 442.4986342503935 392.83035211209017 404.4745330826854 439.3652057817744 487.33610235157266 429.51641447521615 458.27944417036724 467.7249138420293 464.69090180998046 444.0526619283687 439.1794856872675 458.05454139916355 394.39752031564785 450.0471716836987 446.3215901696044 437.2574359962323 446.64969492899763 451.2610161706598 455.6437322122624 430.2212062468511 442.17562221360504 455.85406337832774 465.5942711393609 
434.35326233781916 455.94600583380907 442.4986342503935 392.83035211209017 404.4745330826854 439.3652057817744 487.33610235157266 429.51641447521615 458.27944417036724 467.7249138420293 464.69090180998046 444.0526619283687 439.1794856872675 458.05454139916355 394.39752031564785 450.0471716836987 446.3215901696044 437.2574359962323 446.64969492899763 451.2610161706598 455.6437322122624 430.2212062468511 442.17562221360504 455.85406337832774 465.5942711393609 
434.35326233781916 455.94600583380907 441.40178629907905 392.83035211209017 404.4745330826854 439.3652057817744 487.33610235157266 429.51641447521615 458.27944417036724 448.3209247883083 464.69090180998046 444.0526619283687 439.1794856872675 458.05454139916355 394.39752031564785 450.0471716836987 446.3215901696044 437.2574359962323 446.64969492899763 451.2610161706598 455.6437322122624 430.2212062468511 442.17562221360504 455.85406337832774 459.06745542803674 
434.35326233781916 455.94600583380907 441.40178629907905 392.83035211209017 404.4745330826854 439.3652057817744 487.33610235157266 429.51641447521615 458.27944417036724 448.3209247883083 464.69090180998046 444.0526619283687 439.1794856872675 458.05454139916355 394.39752031564785 450.0471716836987 446.3215901696044 437.2574359962323 446.64969492899763 451.2610161706598 453.6874547913758 430.2212062468511 442.17562221360504 455.85406337832774 459.06745542803674 
434.35326233781916 455.94600583380907 441.40178629907905 392.83035211209017 404.4745330826854 439.3652057817744 487.33610235157266 429.51641447521615 458.27944417036724 436.15961005095687 464.69090180998046 444.0526619283687 439.1794856872675 458.05454139916355 394.39752031564785 450.0471716836987 446.3215901696044 437.2574359962323 446.64969492899763 451.2610161706598 453.6874547913758 430.2212062468511 442.17562221360504 455.85406337832774 459.06745542803674 
433.41742177043216 455.94600583380907 441.40178629907905 392.83035211209017 404.4745330826854 439.3652057817744 487.33610235157266 429.51641447521615 458.27944417036724 436.15961005095687 464.69090180998046 444.0526619283687 439.1794856872675 458.05454139916355 394.39752031564785 450.0471716836987 446.3215901696044 437.2574359962323 446.64969492899763 451.2610161706598 453.6874547913758 430.2212062468511 442.17562221360504 455.85406337832774 459.06745542803674 
433.41742177043216 455.94600583380907 441.40178629907905 392.83035211209017 404.4745330826854 439.3652057817744 487.33610235157266 429.51641447521615 458.27944417036724 436.15961005095687 464.69090180998046 444.0526619283687 439.1794856872675 458.05454139916355 394.39752031564785 450.0471716836987 446.3215901696044 437.2574359962323 446.64969492899763 451.2610161706598 453.6874547913758 430.2212062468511 442.17562221360504 455.85406337832774 450.8214860752819 
433.41742177043216 455.94600583380907 441.40178629907905 392.83035211209017 404.4745330826854 439.3652057817744 487.33610235157266 429.51641447521615 458.27944417036724 436.15961005095687 464.69090180998046 444.0526619283687 439.1794856872675 458.05454139916355 394.39752031564785 450.0471716836987 446.3215901696044 437.2574359962323 446.64969492899763 451.2610161706598 453.6874547913758 430.2212062468511 442.17562221360504 455.85406337832774 450.8214860752819 
433.41742177043216 455.94600583380907 441.40178629907905 392.83035211209017 404.4745330826854 439.3652057817744 487.33610235157266 429.51641447521615 458.27944417036724 436.15961005095687 464.69090180998046 438.1478108072538 439.1794856872675 458.05454139916355 394.39752031564785 450.0471716836987 408.748202385294 437.2574359962323 446.64969492899763 451.2610161706598 453.6874547913758 430.2212062468511 442.17562221360504 454.2767098221266 450.8214860752819 
433.41742177043216 455.94600583380907 441.40178629907905 392.83035211209017 397.75901668157485 439.3652057817744 487.33610235157266 429.51641447521615 458.27944417036724 436.15961005095687 464.69090180998046 438.1478108072538 430.2161664110263 458.05454139916355 394.39752031564785 450.0471716836987 408.748202385294 437.2574359962323 446.64969492899763 451.2610161706598 453.6874547913758 430.2212062468511 442.17562221360504 454.2767098221266 450.8214860752819 
431.3112180832677 455.94600583380907 441.40178629907905 392.83035211209017 397.75901668157485 439.3652057817744 487.33610235157266 429.51641447521615 458.27944417036724 436.15961005095687 464.69090180998046 438.1478108072538 430.2161664110263 458.05454139916355 394.39752031564785 450.0471716836987 408.748202385294 437.2574359962323 446.64969492899763 451.2610161706598 453.6874547913758 430.2212062468511 442.17562221360504 454.2767098221266 450.8214860752819 
431.3112180832677 455.94600583380907 441.40178629907905 392.83035211209017 397.75901668157485 439.3652057817744 487.33610235157266 429.51641447521615 458.27944417036724 436.15961005095687 464.69090180998046 438.1478108072538 430.2161664110263 458.05454139916355 394.39752031564785 438.7845385919986 408.748202385294 437.2574359962323 446.64969492899763 451.2610161706598 448.94547477887727 430.2212062468511 442.17562221360504 454.2767098221266 450.8214860752819 
431.3112180832677 455.94600583380907 441.40178629907905 392.83035211209017 397.75901668157485 439.3652057817744 487.33610235157266 429.51641447521615 422.3867813413408 436.15961005095687 449.4987275793146 438.1478108072538 430.2161664110263 458.05454139916355 394.39752031564785 438.7845385919986 408.748202385294 437.2574359962323 446.64969492899763 448.10311509444 448.94547477887727 430.2212062468511 442.17562221360504 454.2767098221266 450.8214860752819 
431.3112180832677 455.94600583380907 441.40178629907905 392.83035211209017 397.75901668157485 439.3652057817744 487.33610235157266 429.51641447521615 422.3867813413408 425.83378019262545 449.4987275793146 438.1478108072538 430.2161664110263 458.05454139916355 394.39752031564785 438.7845385919986 408.748202385294 437.2574359962323 429.3598603226369 448.10311509444 448.94547477887727 430.2212062468511 442.17562221360504 454.2767098221266 450.8214860752819 
415.24914095053555 455.94600583380907 441.40178629907905 392.83035211209017 397.75901668157485 433.90267881976615 487.33610235157266 429.51641447521615 422.3867813413408 425.83378019262545 449.4987275793146 438.1478108072538 421.4440969315665 458.05454139916355 394.39752031564785 438.7845385919986 408.748202385294 437.2574359962323 429.3598603226369 448.10311509444 433.2841642268727 430.2212062468511 442.17562221360504 454.2767098221266 450.8214860752819 
415.24914095053555 455.94600583380907 437.16630384835935 392.83035211209017 397.75901668157485 433.90267881976615 487.33610235157266 429.51641447521615 422.3867813413408 425.83378019262545 449.4987275793146 438.1478108072538 421.4440969315665 458.05454139916355 394.39752031564785 438.7845385919986 408.748202385294 437.2574359962323 412.63673079313685 448.10311509444 433.2841642268727 430.2212062468511 442.17562221360504 454.2767098221266 450.8214860752819 
415.24914095053555 455.94600583380907 437.16630384835935 392.83035211209017 397.75901668157485 433.90267881976615 487.33610235157266 429.51641447521615 422.3867813413408 425.83378019262545 449.4987275793146 438.1478108072538 421.4440969315665 458.05454139916355 394.39752031564785 438.7845385919986 408.748202385294 437.2574359962323 412.63673079313685 448.10311509444 433.2841642268727 430.2212062468511 442.17562221360504 454.2767098221266 450.8214860752819 
409.7235808953983 455.94600583380907 418.66181417353937 392.83035211209017 397.75901668157485 433.90267881976615 479.48171123427846 429.51641447521615 422.3867813413408 425.83378019262545 449.4987275793146 438.1478108072538 421.4440969315665 458.05454139916355 394.39752031564785 438.7845385919986 408.748202385294 437.2574359962323 412.63673079313685 448.10311509444 433.2841642268727 421.47390921343276 442.17562221360504 454.2767098221266 450.8214860752819 
409.7235808953983 455.94600583380907 418.66181417353937 392.83035211209017 397.75901668157485 433.90267881976615 479.48171123427846 429.51641447521615 422.3867813413408 425.83378019262545 449.4987275793146 438.1478108072538 421.4440969315665 458.05454139916355 394.39752031564785 438.7845385919986 408.748202385294 437.2574359962323 412.63673079313685 448.10311509444 433.2841642268727 421.47390921343276 442.17562221360504 454.2767098221266 450.8214860752819 
409.7235808953983 455.94600583380907 418.66181417353937 392.83035211209017 397.75901668157485 433.90267881976615 479.46774697020555 429.51641447521615 422.3867813413408 425.83378019262545 449.4987275793146 438.1478108072538 421.4440969315665 458.05454139916355 394.39752031564785 438.7845385919986 408.748202385294 437.2574359962323 412.63673079313685 448.10311509444 433.2841642268727 421.47390921343276 442.17562221360504 454.2767098221266 450.8214860752819 
409.7235808953983 455.94600583380907 418.66181417353937 392.83035211209017 397.75901668157485 433.90267881976615 452.21811587559387 429.51641447521615 422.3867813413408 425.83378019262545 449.4987275793146 438.1478108072538 421.4440969315665 458.05454139916355 394.39752031564785 438.7845385919986 408.748202385294 437.2574359962323 412.63673079313685 448.10311509444 433.2841642268727 421.47390921343276 442.17562221360504 454.2767098221266 450.8214860752819 
409.7235808953983 455.94600583380907 418.66181417353937 392.83035211209017 397.75901668157485 433.90267881976615 452.21811587559387 429.51641447521615 422.3867813413408 425.83378019262545 449.4987275793146 438.1478108072538 421.4440969315665 458.05454139916355 394.39752031564785 438.7845385919986 408.748202385294 437.2574359962323 412.63673079313685 448.10311509444 420.8251410917278 421.47390921343276 442.17562221360504 454.2767098221266 450.8214860752819 
409.7235808953983 455.94600583380907 418.66181417353937 392.83035211209017 397.75901668157485 433.90267881976615 452.21811587559387 429.51641447521615 422.3867813413408 425.83378019262545 449.4987275793146 438.1478108072538 421.4440969315665 458.05454139916355 394.39752031564785 438.7845385919986 408.748202385294 437.2574359962323 412.63673079313685 448.10311509444 420.8251410917278 421.47390921343276 442.17562221360504 454.2767098221266 450.8214860752819 
409.7235808953983 455.94600583380907 418.66181417353937 392.83035211209017 397.75901668157485 421.01562257134174 452.21811587559387 429.51641447521615 422.3867813413408 425.83378019262545 449.4987275793146 438.1478108072538 421.4440969315665 458.05454139916355 394.39752031564785 438.7845385919986 408.748202385294 437.2574359962323 412.63673079313685 448.10311509444 420.8251410917278 421.47390921343276 442.17562221360504 454.2767098221266 450.8214860752819 
409.7235808953983 455.94600583380907 418.66181417353937 392.83035211209017 397.75901668157485 421.01562257134174 452.21811587559387 429.51641447521615 422.3867813413408 425.83378019262545 449.4987275793146 438.1478108072538 421.4440969315665 458.05454139916355 394.39752031564785 438.7845385919986 408.748202385294 437.2574359962323 412.63673079313685 448.10311509444 420.8251410917278 421.47390921343276 442.17562221360504 454.2767098221266 450.8214860752819 
409.7235808953983 455.94600583380907 418.66181417353937 392.83035211209017 397.75901668157485 421.01562257134174 452.21811587559387 429.51641447521615 422.3867813413408 425.83378019262545 449.4987275793146 421.1607598694791 421.4440969315665 458.05454139916355 394.39752031564785 438.7845385919986 408.748202385294 437.2574359962323 412.63673079313685 448.10311509444 420.8251410917278 421.47390921343276 442.17562221360504 454.2767098221266 450.8214860752819 
409.7235808953983 455.94600583380907 418.66181417353937 392.83035211209017 397.75901668157485 421.01562257134174 452.21811587559387 429.51641447521615 422.3867813413408 425.83378019262545 449.4987275793146 421.1607598694791 421.4440969315665 458.05454139916355 394.39752031564785 438.7845385919986 408.748202385294 437.2574359962323 412.63673079313685 448.10311509444 420.8251410917278 421.47390921343276 442.17562221360504 454.2767098221266 450.8214860752819 
409.7235808953983 455.94600583380907 418.66181417353937 392.83035211209017 397.75901668157485 421.01562257134174 452.21811587559387 429.51641447521615 422.3867813413408 425.83378019262545 449.4987275793146 421.1607598694791 421.4440969315665 458.05454139916355 394.39752031564785 438.7845385919986 408.748202385294 437.2574359962323 412.63673079313685 448.10311509444 420.8251410917278 421.47390921343276 442.17562221360504 454.2767098221266 450.8214860752819 
409.7235808953983 455.94600583380907 418.66181417353937 392.83035211209017 397.75901668157485 421.01562257134174 452.21811587559387 429.51641447521615 422.3867813413408 425.83378019262545 449.4987275793146 421.1607598694791 421.4440969315665 458.05454139916355 394.39752031564785 438.7845385919986 408.748202385294 437.2574359962323 412.63673079313685 448.10311509444 420.8251410917278 421.47390921343276 442.17562221360504 454.2767098221266 442.57944936856984 
409.7235808953983 455.94600583380907 418.66181417353937 392.83035211209017 397.75901668157485 421.01562257134174 452.21811587559387 429.51641447521615 422.3867813413408 425.83378019262545 449.4987275793146 421.1607598694791 421.4440969315665 458.05454139916355 394.39752031564785 438.7845385919986 408.748202385294 437.2574359962323 412.63673079313685 448.10311509444 420.8251410917278 421.47390921343276 442.17562221360504 454.2767098221266 442.57944936856984 
409.7235808953983 446.84219290492683 418.66181417353937 392.83035211209017 397.75901668157485 421.01562257134174 452.21811587559387 429.51641447521615 422.3867813413408 425.83378019262545 449.4987275793146 421.1607598694791 421.4440969315665 458.05454139916355 394.39752031564785 438.7845385919986 408.748202385294 437.2574359962323 412.63673079313685 448.10311509444 420.8251410917278 421.47390921343276 442.17562221360504 454.2767098221266 442.57944936856984 
409.7235808953983 446.84219290492683 418.66181417353937 392.83035211209017 397.75901668157485 421.01562257134174 452.21811587559387 429.51641447521615 422.3867813413408 425.83378019262545 449.4987275793146 421.1607598694791 421.4440969315665 453.33254659729255 394.39752031564785 438.7845385919986 402.89181124503557 437.2574359962323 412.63673079313685 438.1260221997891 420.8251410917278 420.4383767907116 442.17562221360504 454.2767098221266 403.0387664311579 
409.7235808953983 446.84219290492683 418.66181417353937 392.83035211209017 397.75901668157485 421.01562257134174 452.21811587559387 429.51641447521615 422.3867813413408 425.83378019262545 449.4987275793146 421.1607598694791 421.4440969315665 453.33254659729255 394.39752031564785 438.7845385919986 402.89181124503557 437.2574359962323 412.63673079313685 438.1260221997891 420.8251410917278 420.4383767907116 442.17562221360504 454.2767098221266 403.0387664311579 
409.7235808953983 446.84219290492683 418.66181417353937 392.83035211209017 397.75901668157485 421.01562257134174 441.5409037791228 429.51641447521615 422.3867813413408 416.5297956060849 449.4987275793146 421.1607598694791 421.4440969315665 453.33254659729255 394.39752031564785 438.7845385919986 402.89181124503557 437.2574359962323 412.63673079313685 431.75423522914616 420.8251410917278 420.4383767907116 442.17562221360504 454.2767098221266 403.0387664311579 
409.7235808953983 446.84219290492683 418.66181417353937 392.83035211209017 397.75901668157485 421.01562257134174 441.5409037791228 429.51641447521615 422.3867813413408 416.5297956060849 449.4987275793146 421.1607598694791 421.4440969315665 453.33254659729255 394.39752031564785 438.7845385919986 402.89181124503557 437.2574359962323 412.63673079313685 431.75423522914616 420.8251410917278 420.4383767907116 442.17562221360504 454.2767098221266 403.0387664311579 
409.7235808953983 446.84219290492683 418.66181417353937 392.83035211209017 397.75901668157485 421.01562257134174 441.5409037791228 429.51641447521615 422.3867813413408 416.5297956060849 449.4987275793146 421.1607598694791 421.4440969315665 453.33254659729255 394.39752031564785 438.7845385919986 402.89181124503557 437.2574359962323 412.63673079313685 431.75423522914616 420.8251410917278 420.4383767907116 442.17562221360504 454.2767098221266 403.0387664311579 
409.7235808953983 446.84219290492683 418.66181417353937 392.83035211209017 397.75901668157485 421.01562257134174 441.5409037791228 429.51641447521615 422.3867813413408 416.5297956060849 449.4987275793146 421.1607598694791 421.4440969315665 453.33254659729255 394.39752031564785 438.7845385919986 402.89181124503557 437.2574359962323 412.63673079313685 431.75423522914616 420.8251410917278 420.4383767907116 442.17562221360504 454.2767098221266 403.0387664311579 
409.7235808953983 446.84219290492683 418.66181417353937 392.83035211209017 397.75901668157485 421.01562257134174 441.5409037791228 429.51641447521615 422.3867813413408 416.5297956060849 447.7354418988107 421.1607598694791 421.4440969315665 453.33254659729255 394.39752031564785 438.7845385919986 402.89181124503557 437.2574359962323 412.63673079313685 431.75423522914616 420.8251410917278 420.4383767907116 442.17562221360504 454.2767098221266 403.0387664311579 
409.7235808953983 446.84219290492683 418.66181417353937 392.83035211209017 397.75901668157485 421.01562257134174 441.5409037791228 429.51641447521615 422.3867813413408 416.5297956060849 447.7354418988107 421.1607598694791 415.63565974215135 453.33254659729255 394.39752031564785 438.7845385919986 402.89181124503557 437.2574359962323 412.63673079313685 431.75423522914616 420.8251410917278 420.4383767907116 442.17562221360504 454.2767098221266 403.0387664311579 
409.7235808953983 446.84219290492683 418.66181417353937 392.83035211209017 397.75901668157485 421.01562257134174 441.5409037791228 429.51641447521615 422.3867813413408 416.5297956060849 447.7354418988107 421.1607598694791 415.63565974215135 438.3526373508662 394.39752031564785 438.7845385919986 402.89181124503557 437.2574359962323 412.63673079313685 431.75423522914616 420.8251410917278 420.4383767907116 442.17562221360504 437.7329207658995 403.0387664311579 
409.7235808953983 446.84219290492683 418.66181417353937 392.83035211209017 397.75901668157485 421.01562257134174 441.5409037791228 429.51641447521615 422.3867813413408 416.5297956060849 447.7354418988107 421.1607598694791 415.63565974215135 438.3526373508662 394.39752031564785 438.7845385919986 402.89181124503557 437.2574359962323 412.63673079313685 431.75423522914616 420.8251410917278 420.4383767907116 442.17562221360504 437.7329207658995 403.0387664311579 
409.7235808953983 446.84219290492683 405.44028056494244 392.83035211209017 397.75901668157485 421.01562257134174 441.5409037791228 429.51641447521615 422.3867813413408 416.5297956060849 447.7354418988107 421.1607598694791 415.63565974215135 438.3526373508662 394.39752031564785 438.7845385919986 402.89181124503557 437.2574359962323 412.63673079313685 421.6976530395091 420.8251410917278 420.4383767907116 442.17562221360504 437.7329207658995 403.0387664311579 
409.7235808953983 446.84219290492683 405.44028056494244 392.83035211209017 397.75901668157485 421.01562257134174 441.5409037791228 429.51641447521615 422.3867813413408 416.5297956060849 447.7354418988107 421.1607598694791 415.63565974215135 438.3526373508662 394.39752031564785 438.7845385919986 402.89181124503557 437.2574359962323 412.63673079313685 421.6976530395091 420.8251410917278 420.4383767907116 417.75783324570466 437.7329207658995 403.0387664311579 
409.7235808953983 446.84219290492683 405.44028056494244 392.83035211209017 397.75901668157485 421.01562257134174 441.5409037791228 429.51641447521615 422.3867813413408 416.5297956060849 447.7354418988107 421.1607598694791 415.63565974215135 438.3526373508662 394.39752031564785 438.7845385919986 402.89181124503557 437.2574359962323 412.63673079313685 421.6976530395091 420.8251410917278 420.4383767907116 417.75783324570466 437.7329207658995 403.0387664311579 
409.7235808953983 446.84219290492683 405.44028056494244 392.83035211209017 397.75901668157485 421.01562257134174 441.5409037791228 429.51641447521615 422.3867813413408 416.5297956060849 447.7354418988107 421.1607598694791 415.63565974215135 438.3526373508662 394.39752031564785 438.7845385919986 402.89181124503557 437.2574359962323 412.63673079313685 421.6976530395091 420.8251410917278 420.4383767907116 417.75783324570466 437.7329207658995 403.0387664311579 
404.0879591411822 446.84219290492683 405.44028056494244 392.83035211209017 397.75901668157485 421.01562257134174 441.5409037791228 429.51641447521615 422.3867813413408 416.5297956060849 447.7354418988107 421.1607598694791 415.63565974215135 426.84242715940536 394.39752031564785 438.7845385919986 402.89181124503557 437.2574359962323 412.63673079313685 421.6976530395091 420.8251410917278 420.4383767907116 417.75783324570466 437.7329207658995 403.0387664311579 
404.0879591411822 446.84219290492683 405.44028056494244 392.83035211209017 397.75901668157485 421.01562257134174 441.5409037791228 429.51641447521615 422.3867813413408 416.5297956060849 447.7354418988107 421.1607598694791 415.63565974215135 426.84242715940536 394.39752031564785 438.7845385919986 402.89181124503557 437.2574359962323 412.63673079313685 421.6976530395091 420.8251410917278 420.4383767907116 417.75783324570466 437.7329207658995 403.0387664311579 
404.0879591411822 446.84219290492683 405.44028056494244 392.83035211209017 397.75901668157485 421.01562257134174 441.5409037791228 429.51641447521615 422.3867813413408 416.5297956060849 439.80468423469756 421.1607598694791 415.63565974215135 426.84242715940536 394.39752031564785 438.7845385919986 402.89181124503557 437.2574359962323 412.63673079313685 421.6976530395091 420.8251410917278 420.4383767907116 417.75783324570466 437.7329207658995 403.0387664311579 
404.0879591411822 446.84219290492683 405.44028056494244 392.83035211209017 397.75901668157485 421.01562257134174 441.5409037791228 429.51641447521615 422.3867813413408 416.5297956060849 439.80468423469756 421.1607598694791 415.63565974215135 426.84242715940536 394.39752031564785 438.7845385919986 402.89181124503557 437.2574359962323 412.63673079313685 421.6976530395091 420.8251410917278 416.1695073906949 417.75783324570466 437.7329207658995 403.0387664311579 
404.0879591411822 446.84219290492683 405.44028056494244 392.83035211209017 397.75901668157485 421.01562257134174 441.5409037791228 429.51641447521615 422.3867813413408 416.5297956060849 439.80468423469756 421.1607598694791 415.63565974215135 426.84242715940536 394.39752031564785 438.7845385919986 402.89181124503557 437.2574359962323 412.63673079313685 421.6976530395091 420.8251410917278 416.1695073906949 417.75783324570466 437.7329207658995 403.0387664311579 
404.0879591411822 446.84219290492683 405.44028056494244 392.83035211209017 397.75901668157485 421.01562257134174 441.5409037791228 429.51641447521615 422.3867813413408 416.5297956060849 439.80468423469756 421.1607598694791 415.63565974215135 426.84242715940536 394.39752031564785 438.7845385919986 402.89181124503557 437.2574359962323 412.63673079313685 421.6976530395091 420.8251410917278 404.7410129359828 417.75783324570466 437.7329207658995 403.0387664311579 
404.0879591411822 446.84219290492683 405.44028056494244 392.83035211209017 397.75901668157485 410.60282200073425 441.5409037791228 429.51641447521615 422.3867813413408 416.5297956060849 439.80468423469756 421.1607598694791 415.63565974215135 426.84242715940536 394.39752031564785 438.7845385919986 402.89181124503557 437.2574359962323 412.63673079313685 420.26033927713615 420.8251410917278 404.7410129359828 417.75783324570466 437.7329207658995 403.0387664311579 
404.0879591411822 446.84219290492683 405.44028056494244 392.83035211209017 397.75901668157485 397.6601527032685 441.5409037791228 429.51641447521615 422.3867813413408 416.5297956060849 439.80468423469756 421.1607598694791 415.63565974215135 426.84242715940536 394.39752031564785 438.7845385919986 402.89181124503557 437.2574359962323 412.63673079313685 420.26033927713615 417.0801221584479 404.7410129359828 417.75783324570466 437.7329207658995 403.0387664311579 
404.0879591411822 446.84219290492683 405.44028056494244 392.83035211209017 397.75901668157485 397.6601527032685 426.4482481810801 429.51641447521615 422.3867813413408 416.5297956060849 433.31178088477964 421.1607598694791 415.63565974215135 426.84242715940536 394.39752031564785 438.7845385919986 402.89181124503557 437.2574359962323 412.63673079313685 420.26033927713615 417.0801221584479 404.7410129359828 417.75783324570466 437.7329207658995 403.0387664311579 
404.0879591411822 446.84219290492683 405.44028056494244 392.83035211209017 397.75901668157485 397.6601527032685 426.4482481810801 429.51641447521615 422.3867813413408 416.5297956060849 433.31178088477964 421.1607598694791 415.63565974215135 426.84242715940536 394.39752031564785 438.7845385919986 402.89181124503557 437.2574359962323 412.63673079313685 420.26033927713615 417.0801221584479 404.7410129359828 417.75783324570466 429.0603829941256 403.0387664311579 
404.0879591411822 446.84219290492683 405.44028056494244 392.83035211209017 397.75901668157485 397.6601527032685 426.4482481810801 429.51641447521615 422.3867813413408 416.5297956060849 433.31178088477964 421.1607598694791 415.63565974215135 426.84242715940536 394.39752031564785 438.7845385919986 402.89181124503557 437.2574359962323 412.63673079313685 420.26033927713615 417.0801221584479 404.7410129359828 417.75783324570466 429.0603829941256 403.0387664311579 
404.0879591411822 446.84219290492683 405.44028056494244 392.83035211209017 397.75901668157485 397.6601527032685 426.4482481810801 429.51641447521615 422.3867813413408 416.5297956060849 433.31178088477964 421.1607598694791 415.63565974215135 426.84242715940536 394.39752031564785 438.7845385919986 402.89181124503557 437.2574359962323 412.63673079313685 420.26033927713615 417.0801221584479 395.1679912007221 417.75783324570466 429.0603829941256 403.0387664311579 
404.0879591411822 446.84219290492683 404.44801443569986 392.83035211209017 397.75901668157485 397.6601527032685 426.4482481810801 429.51641447521615 422.3867813413408 416.5297956060849 433.31178088477964 421.1607598694791 415.63565974215135 426.84242715940536 394.39752031564785 438.7845385919986 402.89181124503557 437.2574359962323 412.63673079313685 396.0728800091747 417.0801221584479 395.1679912007221 417.75783324570466 429.0603829941256 403.0387664311579 
404.0879591411822 446.84219290492683 404.44801443569986 386.6798110469904 397.75901668157485 397.6601527032685 426.4482481810801 429.51641447521615 422.3867813413408 416.5297956060849 433.31178088477964 421.1607598694791 415.63565974215135 426.84242715940536 394.39752031564785 438.7845385919986 402.89181124503557 437.2574359962323 412.63673079313685 396.0728800091747 417.0801221584479 391.79296416302486 417.75783324570466 429.0603829941256 403.0387664311579 
404.0879591411822 446.84219290492683 404.44801443569986 386.6798110469904 397.75901668157485 397.6601527032685 426.4482481810801 429.51641447521615 422.3867813413408 416.5297956060849 433.31178088477964 421.1607598694791 415.63565974215135 426.84242715940536 394.39752031564785 438.7845385919986 402.89181124503557 437.2574359962323 412.63673079313685 396.0728800091747 417.0801221584479 391.79296416302486 417.75783324570466 429.0603829941256 403.0387664311579 
404.0879591411822 446.84219290492683 404.44801443569986 386.6798110469904 397.75901668157485 397.6601527032685 426.4482481810801 429.51641447521615 422.3867813413408 416.5297956060849 433.31178088477964 421.1607598694791 415.63565974215135 426.84242715940536 394.39752031564785 438.7845385919986 402.89181124503557 437.2574359962323 412.63673079313685 396.0728800091747 417.0801221584479 391.79296416302486 417.75783324570466 429.0603829941256 403.0387664311579 
404.0879591411822 446.84219290492683 404.44801443569986 386.6798110469904 397.75901668157485 397.6601527032685 426.4482481810801 429.51641447521615 422.3867813413408 416.5297956060849 433.31178088477964 421.1607598694791 415.63565974215135 426.84242715940536 394.39752031564785 438.7845385919986 402.89181124503557 437.2574359962323 412.63673079313685 396.0728800091747 417.0801221584479 391.79296416302486 417.75783324570466 429.0603829941256 403.0387664311579 
404.0879591411822 446.84219290492683 404.44801443569986 379.5526941287312 397.75901668157485 397.6601527032685 426.4482481810801 429.51641447521615 411.0621508813024 416.5297956060849 433.31178088477964 421.1607598694791 415.63565974215135 426.84242715940536 394.39752031564785 438.7845385919986 402.89181124503557 437.2574359962323 412.63673079313685 396.0728800091747 417.0801221584479 391.79296416302486 417.75783324570466 429.0603829941256 403.0387664311579 
404.0879591411822 446.84219290492683 404.44801443569986 379.5526941287312 397.75901668157485 397.6601527032685 426.4482481810801 429.51641447521615 411.0621508813024 416.5297956060849 433.31178088477964 421.1607598694791 415.63565974215135 426.84242715940536 394.39752031564785 438.7845385919986 402.89181124503557 437.2574359962323 412.63673079313685 396.0728800091747 417.0801221584479 391.79296416302486 417.75783324570466 429.0603829941256 403.0387664311579 
403.6551318193442 446.84219290492683 404.44801443569986 379.5526941287312 397.75901668157485 397.6601527032685 426.4482481810801 429.51641447521615 411.0621508813024 416.5297956060849 433.31178088477964 421.1607598694791 415.63565974215135 426.84242715940536 394.39752031564785 438.7845385919986 402.89181124503557 437.2574359962323 412.63673079313685 396.0728800091747 417.0801221584479 391.79296416302486 417.75783324570466 429.0603829941256 403.0387664311579 
403.6551318193442 446.84219290492683 404.44801443569986 379.5526941287312 397.75901668157485 397.6601527032685 426.4482481810801 429.51641447521615 411.0621508813024 416.5297956060849 433.31178088477964 421.1607598694791 415.63565974215135 426.84242715940536 394.39752031564785 433.6244009289494 402.89181124503557 437.2574359962323 412.63673079313685 396.0728800091747 417.0801221584479 391.79296416302486 414.87539662654626 429.0603829941256 403.0387664311579 
403.6551318193442 446.84219290492683 404.44801443569986 379.5526941287312 397.75901668157485 397.6601527032685 426.4482481810801 429.51641447521615 411.0621508813024 416.5297956060849 433.31178088477964 421.1607598694791 415.63565974215135 426.84242715940536 394.39752031564785 433.6244009289494 402.89181124503557 437.2574359962323 412.63673079313685 396.0728800091747 417.0801221584479 383.92166773768713 414.87539662654626 429.0603829941256 403.0387664311579 
403.6551318193442 446.84219290492683 404.44801443569986 379.5526941287312 397.75901668157485 397.6601527032685 426.4482481810801 429.51641447521615 411.0621508813024 416.5297956060849 433.31178088477964 421.1607598694791 415.63565974215135 426.84242715940536 394.39752031564785 433.6244009289494 402.89181124503557 437.2574359962323 412.63673079313685 396.0728800091747 417.0801221584479 383.92166773768713 414.87539662654626 429.0603829941256 403.0387664311579 
403.6551318193442 446.84219290492683 404.44801443569986 379.5526941287312 397.75901668157485 397.6601527032685 426.4482481810801 429.51641447521615 411.0621508813024 416.5297956060849 433.31178088477964 421.1607598694791 415.63565974215135 426.84242715940536 394.39752031564785 433.6244009289494 402.89181124503557 437.2574359962323 412.63673079313685 396.0728800091747 417.0801221584479 383.92166773768713 414.87539662654626 429.0603829941256 403.0387664311579 
403.5454274516578 446.84219290492683 404.44801443569986 379.5526941287312 397.75901668157485 397.6601527032685 426.4482481810801 429.51641447521615 411.0621508813024 416.5297956060849 433.31178088477964 405.49241551378145 415.63565974215135 420.3717135731954 394.39752031564785 431.9561297584737 402.89181124503557 437.2574359962323 412.63673079313685 396.0728800091747 417.0801221584479 383.92166773768713 414.87539662654626 429.0603829941256 403.0387664311579 
403.5454274516578 446.84219290492683 404.44801443569986 379.5526941287312 397.75901668157485 397.6601527032685 426.4482481810801 429.51641447521615 411.0621508813024 416.5297956060849 433.31178088477964 405.49241551378145 415.63565974215135 420.3717135731954 394.39752031564785 431.9561297584737 402.89181124503557 437.2574359962323 412.63673079313685 396.0728800091747 417.0801221584479 383.92166773768713 414.87539662654626 429.0603829941256 403.0387664311579 
403.5454274516578 446.84219290492683 404.44801443569986 379.5526941287312 397.75901668157485 397.6601527032685 426.4482481810801 429.51641447521615 411.0621508813024 416.5297956060849 433.31178088477964 405.49241551378145 415.63565974215135 420.3717135731954 394.39752031564785 431.9561297584737 402.89181124503557 437.2574359962323 412.63673079313685 396.0728800091747 417.0801221584479 383.92166773768713 414.87539662654626 429.0603829941256 403.0387664311579 
403.5454274516578 446.84219290492683 404.44801443569986 379.5526941287312 397.75901668157485 397.6601527032685 426.4482481810801 429.51641447521615 411.0621508813024 416.5297956060849 433.31178088477964 405.49241551378145 415.63565974215135 420.3717135731954 394.39752031564785 431.9561297584737 402.89181124503557 437.2574359962323 412.63673079313685 396.0728800091747 417.0801221584479 383.92166773768713 414.87539662654626 429.0603829941256 403.0387664311579 
403.5454274516578 446.84219290492683 404.44801443569986 379.5526941287312 397.75901668157485 397.6601527032685 426.4482481810801 429.51641447521615 411.0621508813024 416.5297956060849 433.31178088477964 405.49241551378145 415.63565974215135 420.3717135731954 394.39752031564785 431.9561297584737 402.89181124503557 437.2574359962323 412.63673079313685 396.0728800091747 417.0801221584479 383.92166773768713 414.87539662654626 429.0603829941256 403.0387664311579 
400.33776444078785 446.84219290492683 404.44801443569986 379.5526941287312 397.75901668157485 397.6601527032685 426.4482481810801 429.51641447521615 411.0621508813024 416.5297956060849 433.31178088477964 405.49241551378145 415.63565974215135 420.3717135731954 394.39752031564785 431.9561297584737 402.89181124503557 437.2574359962323 412.63673079313685 396.0728800091747 417.0801221584479 383.92166773768713 414.87539662654626 429.0603829941256 403.0387664311579 
400.33776444078785 446.84219290492683 404.44801443569986 379.5526941287312 397.75901668157485 397.6601527032685 426.4482481810801 429.51641447521615 411.0621508813024 416.5297956060849 433.31178088477964 405.49241551378145 403.4289375568783 420.3717135731954 394.39752031564785 431.9561297584737 402.89181124503557 437.2574359962323 412.63673079313685 396.0728800091747 417.0801221584479 383.92166773768713 414.87539662654626 429.0603829941256 403.0387664311579 
400.33776444078785 446.84219290492683 404.44801443569986 379.5526941287312 397.75901668157485 397.6601527032685 426.4482481810801 429.51641447521615 411.0621508813024 416.5297956060849 433.31178088477964 405.49241551378145 403.4289375568783 420.3717135731954 394.39752031564785 431.9561297584737 402.89181124503557 437.2574359962323 412.63673079313685 396.0728800091747 417.0801221584479 383.92166773768713 414.87539662654626 429.0603829941256 403.0387664311579 
391.2508979354766 446.84219290492683 404.44801443569986 379.5526941287312 397.75901668157485 397.6601527032685 426.4482481810801 429.51641447521615 411.0621508813024 416.5297956060849 433.31178088477964 405.49241551378145 403.4289375568783 420.3717135731954 394.39752031564785 431.9561297584737 402.89181124503557 437.2574359962323 412.63673079313685 396.0728800091747 417.0801221584479 383.92166773768713 414.87539662654626 429.0603829941256 403.0387664311579 
391.2508979354766 446.84219290492683 404.44801443569986 379.5526941287312 397.75901668157485 397.6601527032685 426.4482481810801 426.8967443664865 411.0621508813024 416.5297956060849 433.31178088477964 405.49241551378145 403.4289375568783 420.3717135731954 394.39752031564785 431.9561297584737 402.89181124503557 437.2574359962323 412.63673079313685 396.0728800091747 417.0801221584479 383.92166773768713 414.87539662654626 429.0603829941256 403.0387664311579 
391.2508979354766 446.84219290492683 404.44801443569986 379.5526941287312 397.75901668157485 397.6601527032685 426.4482481810801 426.8967443664865 411.0621508813024 416.5297956060849 433.31178088477964 405.49241551378145 403.4289375568783 420.3717135731954 394.39752031564785 431.9561297584737 402.89181124503557 437.2574359962323 412.63673079313685 396.0728800091747 417.0801221584479 383.92166773768713 414.87539662654626 429.0603829941256 403.0387664311579 
391.2508979354766 446.84219290492683 404.44801443569986 379.5526941287312 397.75901668157485 397.6601527032685 426.4482481810801 426.8967443664865 411.0621508813024 416.5297956060849 433.31178088477964 405.49241551378145 403.4289375568783 420.3717135731954 394.39752031564785 419.932700683069 402.89181124503557 437.2574359962323 412.63673079313685 396.0728800091747 417.0801221584479 383.92166773768713 414.87539662654626 429.0603829941256 403.0387664311579 
391.2508979354766 446.84219290492683 404.44801443569986 379.5526941287312 397.75901668157485 397.6601527032685 426.4482481810801 426.8967443664865 411.0621508813024 416.5297956060849 433.31178088477964 405.49241551378145 403.4289375568783 420.3717135731954 394.39752031564785 419.932700683069 402.89181124503557 437.2574359962323 412.63673079313685 396.0728800091747 417.0801221584479 383.92166773768713 414.87539662654626 429.0603829941256 403.0387664311579 
391.2508979354766 446.84219290492683 404.44801443569986 379.5526941287312 397.75901668157485 397.6601527032685 426.4482481810801 426.8967443664865 411.0621508813024 416.5297956060849 422.63480238892225 405.49241551378145 403.4289375568783 420.3717135731954 394.39752031564785 419.932700683069 402.89181124503557 437.2574359962323 412.63673079313685 396.0728800091747 417.0801221584479 383.92166773768713 414.87539662654626 429.0603829941256 403.0387664311579 
391.2508979354766 446.84219290492683 404.44801443569986 379.5526941287312 397.75901668157485 397.6601527032685 426.4482481810801 426.8967443664865 386.43920692149277 416.5297956060849 422.63480238892225 405.49241551378145 403.4289375568783 420.3717135731954 394.39752031564785 419.932700683069 402.89181124503557 437.2574359962323 412.63673079313685 396.0728800091747 417.0801221584479 383.92166773768713 414.87539662654626 429.0603829941256 403.0387664311579 
391.2508979354766 446.84219290492683 404.44801443569986 379.5526941287312 397.75901668157485 397.6601527032685 426.4482481810801 406.8475039929158 386.43920692149277 416.5297956060849 422.63480238892225 405.49241551378145 403.4289375568783 411.3873041492602 394.39752031564785 419.932700683069 402.89181124503557 437.2574359962323 412.63673079313685 396.0728800091747 417.0801221584479 383.92166773768713 414.87539662654626 429.0603829941256 403.0387664311579 
391.2508979354766 446.84219290492683 404.44801443569986 379.5526941287312 397.75901668157485 397.6601527032685 426.4482481810801 406.8475039929158 386.43920692149277 416.5297956060849 422.63480238892225 405.49241551378145 403.4289375568783 411.3873041492602 394.39752031564785 419.932700683069 402.89181124503557 426.5277451078441 412.63673079313685 396.0728800091747 406.83343047209837 383.92166773768713 414.87539662654626 429.0603829941256 403.0387664311579 
388.6932419829636 446.84219290492683 404.44801443569986 374.7320918418741 397.75901668157485 397.6601527032685 426.4482481810801 406.8475039929158 386.43920692149277 416.5297956060849 422.63480238892225 405.49241551378145 403.4289375568783 411.3873041492602 394.39752031564785 419.932700683069 402.89181124503557 426.5277451078441 412.63673079313685 396.0728800091747 406.83343047209837 383.92166773768713 414.87539662654626 429.0603829941256 403.0387664311579 
388.6932419829636 446.84219290492683 404.44801443569986 374.7320918418741 397.75901668157485 397.6601527032685 426.4482481810801 406.8475039929158 386.43920692149277 416.5297956060849 422.63480238892225 405.49241551378145 403.4289375568783 411.3873041492602 394.39752031564785 419.932700683069 402.89181124503557 426.5277451078441 412.63673079313685 396.0728800091747 406.83343047209837 383.92166773768713 414.87539662654626 429.0603829941256 403.0387664311579 
388.6932419829636 446.84219290492683 404.44801443569986 374.7320918418741 397.75901668157485 397.6601527032685 426.4482481810801 406.8475039929158 386.43920692149277 416.5297956060849 422.63480238892225 405.49241551378145 403.4289375568783 411.3873041492602 394.39752031564785 419.932700683069 402.89181124503557 426.5277451078441 412.63673079313685 396.0728800091747 406.83343047209837 383.92166773768713 414.87539662654626 429.0603829941256 403.0387664311579 
382.39979249665066 446.84219290492683 404.44801443569986 374.7320918418741 397.75901668157485 397.6601527032685 426.4482481810801 406.8475039929158 386.43920692149277 416.5297956060849 422.63480238892225 405.49241551378145 403.4289375568783 411.3873041492602 394.39752031564785 419.932700683069 402.89181124503557 426.5277451078441 412.63673079313685 396.0728800091747 406.83343047209837 383.92166773768713 414.87539662654626 429.0603829941256 403.0387664311579 
382.39979249665066 446.84219290492683 404.44801443569986 374.7320918418741 397.75901668157485 397.6601527032685 426.4482481810801 406.8475039929158 386.43920692149277 416.5297956060849 422.63480238892225 405.49241551378145 391.89091564841874 411.3873041492602 394.39752031564785 419.932700683069 402.89181124503557 426.5277451078441 412.63673079313685 396.0728800091747 406.83343047209837 383.92166773768713 414.87539662654626 429.0603829941256 403.0387664311579 
382.39979249665066 446.84219290492683 404.44801443569986 374.7320918418741 397.75901668157485 397.6601527032685 426.4482481810801 406.8475039929158 386.43920692149277 416.5297956060849 422.63480238892225 405.49241551378145 391.89091564841874 411.3873041492602 394.39752031564785 419.932700683069 402.89181124503557 426.5277451078441 412.63673079313685 396.0728800091747 406.83343047209837 383.92166773768713 414.87539662654626 429.0603829941256 403.0387664311579 
382.39979249665066 446.84219290492683 404.44801443569986 374.7320918418741 397.75901668157485 397.6601527032685 426.4482481810801 406.8475039929158 386.43920692149277 416.5297956060849 422.63480238892225 405.49241551378145 391.89091564841874 411.3873041492602 394.39752031564785 419.932700683069 402.89181124503557 426.5277451078441 412.63673079313685 396.0728800091747 406.83343047209837 383.92166773768713 414.87539662654626 429.0603829941256 403.0387664311579 
382.39979249665066 446.84219290492683 404.44801443569986 374.7320918418741 397.75901668157485 397.6601527032685 426.4482481810801 406.8475039929158 386.43920692149277 416.5297956060849 422.63480238892225 405.49241551378145 391.89091564841874 411.3873041492602 394.39752031564785 419.932700683069 402.89181124503557 426.5277451078441 412.63673079313685 396.0728800091747 406.83343047209837 383.92166773768713 414.87539662654626 429.0603829941256 403.0387664311579 
382.39979249665066 446.84219290492683 404.44801443569986 374.7320918418741 397.75901668157485 397.6601527032685 426.4482481810801 406.8475039929158 386.43920692149277 416.5297956060849 422.63480238892225 405.49241551378145 391.89091564841874 411.3873041492602 394.39752031564785 419.932700683069 402.89181124503557 426.5277451078441 412.63673079313685 396.0728800091747 406.83343047209837 383.92166773768713 414.87539662654626 429.0603829941256 403.0387664311579 
382.39979249665066 446.84219290492683 404.44801443569986 374.7320918418741 397.75901668157485 397.6601527032685 426.4482481810801 406.8475039929158 386.43920692149277 416.5297956060849 422.63480238892225 405.49241551378145 391.89091564841874 411.3873041492602 394.39752031564785 419.932700683069 402.89181124503557 426.5277451078441 412.63673079313685 396.0728800091747 406.83343047209837 383.92166773768713 414.87539662654626 429.0603829941256 403.0387664311579 
363.02845525151224 446.84219290492683 404.44801443569986 374.7320918418741 397.75901668157485 397.6601527032685 426.4482481810801 406.8475039929158 386.43920692149277 416.5297956060849 422.63480238892225 405.49241551378145 391.89091564841874 411.3873041492602 394.39752031564785 419.932700683069 402.89181124503557 426.5277451078441 412.63673079313685 396.0728800091747 406.83343047209837 383.92166773768713 414.87539662654626 429.0603829941256 403.0387664311579 
363.02845525151224 446.84219290492683 404.44801443569986 374.7320918418741 397.75901668157485 397.6601527032685 426.4482481810801 406.8475039929158 386.43920692149277 416.5297956060849 422.63480238892225 405.49241551378145 391.89091564841874 411.3873041492602 394.39752031564785 419.932700683069 402.89181124503557 426.5277451078441 412.63673079313685 396.0728800091747 406.83343047209837 383.92166773768713 414.87539662654626 429.0603829941256 403.0387664311579 
363.02845525151224 446.84219290492683 389.63736384612685 374.7320918418741 397.75901668157485 397.6601527032685 426.4482481810801 406.8475039929158 386.43920692149277 416.5297956060849 422.63480238892225 405.49241551378145 391.89091564841874 411.3873041492602 394.39752031564785 419.932700683069 402.89181124503557 426.5277451078441 412.63673079313685 396.0728800091747 406.83343047209837 383.92166773768713 414.87539662654626 429.0603829941256 403.0387664311579 
363.02845525151224 446.84219290492683 389.63736384612685 374.7320918418741 397.75901668157485 397.6601527032685 426.4482481810801 406.8475039929158 386.43920692149277 416.5297956060849 422.63480238892225 405.49241551378145 391.89091564841874 411.3873041492602 394.39752031564785 419.932700683069 402.89181124503557 426.5277451078441 412.63673079313685 396.0728800091747 406.83343047209837 383.92166773768713 414.87539662654626 429.0603829941256 403.0387664311579 
363.02845525151224 446.84219290492683 389.63736384612685 374.7320918418741 397.75901668157485 397.6601527032685 426.4482481810801 406.8475039929158 386.43920692149277 416.5297956060849 422.63480238892225 405.49241551378145 391.89091564841874 411.3873041492602 394.39752031564785 419.932700683069 402.89181124503557 426.5277451078441 412.63673079313685 396.0728800091747 406.83343047209837 383.92166773768713 414.87539662654626 429.0603829941256 403.0387664311579 
363.02845525151224 446.84219290492683 389.63736384612685 374.7320918418741 397.75901668157485 397.6601527032685 426.4482481810801 406.8475039929158 386.43920692149277 416.5297956060849 422.63480238892225 405.49241551378145 391.89091564841874 411.3873041492602 394.39752031564785 419.932700683069 402.89181124503557 426.160360254205 412.63673079313685 396.0728800091747 406.83343047209837 383.92166773768713 414.87539662654626 429.0603829941256 403.0387664311579 
363.02845525151224 431.1224976003755 389.63736384612685 374.7320918418741 397.75901668157485 397.6601527032685 426.4482481810801 406.8475039929158 386.43920692149277 416.5297956060849 422.63480238892225 396.4604306745355 391.89091564841874 411.3873041492602 394.39752031564785 417.683088362367 402.89181124503557 426.160360254205 412.63673079313685 396.0728800091747 406.83343047209837 383.92166773768713 414.87539662654626 429.0603829941256 403.0387664311579 
363.02845525151224 431.1224976003755 389.63736384612685 374.7320918418741 397.75901668157485 397.6601527032685 426.4482481810801 406.8475039929158 386.43920692149277 416.5297956060849 422.63480238892225 396.4604306745355 391.89091564841874 411.3873041492602 394.39752031564785 417.683088362367 402.89181124503557 426.160360254205 412.63673079313685 396.0728800091747 406.83343047209837 383.92166773768713 414.87539662654626 429.0603829941256 403.0387664311579 
363.02845525151224 431.1224976003755 389.63736384612685 374.7320918418741 397.75901668157485 397.6601527032685 426.4482481810801 406.8475039929158 386.43920692149277 416.5297956060849 422.63480238892225 396.4604306745355 391.89091564841874 411.3873041492602 394.39752031564785 417.683088362367 402.89181124503557 426.160360254205 391.6096000855282 396.0728800091747 406.83343047209837 383.92166773768713 414.87539662654626 429.0603829941256 403.0387664311579 
363.02845525151224 431.1224976003755 389.63736384612685 374.7320918418741 389.25951635138836 397.6601527032685 426.4482481810801 403.2121649036176 386.43920692149277 416.5297956060849 406.6542797005118 396.4604306745355 391.89091564841874 411.3873041492602 394.39752031564785 417.683088362367 402.89181124503557 426.160360254205 391.6096000855282 396.0728800091747 406.83343047209837 383.92166773768713 414.87539662654626 429.0603829941256 403.0387664311579 
363.02845525151224 431.1224976003755 389.63736384612685 374.7320918418741 389.25951635138836 397.6601527032685 426.4482481810801 403.2121649036176 386.43920692149277 416.5297956060849 406.6542797005118 396.4604306745355 391.89091564841874 411.3873041492602 394.39752031564785 417.683088362367 402.89181124503557 426.160360254205 391.6096000855282 396.0728800091747 406.83343047209837 383.92166773768713 414.87539662654626 429.0603829941256 403.0387664311579 
363.02845525151224 431.1224976003755 389.63736384612685 374.7320918418741 389.25951635138836 397.6601527032685 426.4482481810801 403.2121649036176 386.43920692149277 416.5297956060849 406.6542797005118 396.4604306745355 391.89091564841874 411.3873041492602 394.39752031564785 417.683088362367 402.89181124503557 426.160360254205 391.6096000855282 396.0728800091747 406.83343047209837 383.92166773768713 391.0919713447606 429.0603829941256 403.0387664311579 
363.02845525151224 431.1224976003755 389.63736384612685 374.7320918418741 389.25951635138836 397.6601527032685 426.4482481810801 403.2121649036176 386.43920692149277 416.5297956060849 406.6542797005118 396.4604306745355 391.89091564841874 411.3873041492602 394.39752031564785 417.683088362367 402.89181124503557 426.160360254205 391.6096000855282 396.0728800091747 406.83343047209837 383.92166773768713 391.0919713447606 429.0603829941256 403.0387664311579 
363.02845525151224 431.1224976003755 389.63736384612685 374.7320918418741 389.25951635138836 397.6601527032685 426.4482481810801 403.2121649036176 386.43920692149277 416.5297956060849 406.6542797005118 396.4604306745355 391.89091564841874 411.3873041492602 394.39752031564785 417.683088362367 402.89181124503557 419.3265721856901 391.6096000855282 396.0728800091747 406.83343047209837 383.92166773768713 391.0919713447606 429.0603829941256 403.0387664311579 
363.02845525151224 431.1224976003755 389.63736384612685 374.7320918418741 389.25951635138836 397.6601527032685 426.4482481810801 403.2121649036176 386.43920692149277 416.5297956060849 406.6542797005118 396.4604306745355 391.89091564841874 411.3873041492602 394.39752031564785 417.683088362367 402.89181124503557 419.3265721856901 391.6096000855282 396.0728800091747 406.83343047209837 383.92166773768713 391.0919713447606 429.0603829941256 403.0387664311579 
363.02845525151224 431.1224976003755 389.63736384612685 374.7320918418741 389.25951635138836 397.6601527032685 426.4482481810801 403.2121649036176 386.43920692149277 416.5297956060849 406.6542797005118 396.4604306745355 391.89091564841874 411.3873041492602 394.39752031564785 417.683088362367 402.89181124503557 419.3265721856901 391.6096000855282 396.0728800091747 406.83343047209837 383.92166773768713 391.0919713447606 429.0603829941256 403.0387664311579 
363.02845525151224 431.1224976003755 361.0310276648288 374.7320918418741 389.25951635138836 397.6601527032685 426.4482481810801 403.2121649036176 386.43920692149277 416.5297956060849 406.6542797005118 396.4604306745355 391.89091564841874 411.3873041492602 394.39752031564785 417.683088362367 402.89181124503557 419.3265721856901 391.6096000855282 396.0728800091747 406.83343047209837 383.92166773768713 391.0919713447606 429.0603829941256 403.0387664311579 
363.02845525151224 431.1224976003755 361.0310276648288 374.7320918418741 389.25951635138836 397.6601527032685 426.4482481810801 403.2121649036176 386.43920692149277 416.5297956060849 406.6542797005118 396.4604306745355 391.89091564841874 411.3873041492602 394.39752031564785 417.683088362367 402.89181124503557 419.3265721856901 391.6096000855282 396.0728800091747 406.83343047209837 383.92166773768713 391.0919713447606 429.0603829941256 403.0387664311579 
363.02845525151224 431.1224976003755 361.0310276648288 374.7320918418741 389.25951635138836 397.6601527032685 426.4482481810801 403.2121649036176 386.43920692149277 384.1892474280553 406.6542797005118 396.4604306745355 391.89091564841874 411.3873041492602 394.39752031564785 417.683088362367 402.89181124503557 419.3265721856901 391.6096000855282 396.0728800091747 406.83343047209837 383.92166773768713 391.0919713447606 429.0603829941256 403.0387664311579 
363.02845525151224 431.1224976003755 361.0310276648288 374.7320918418741 389.25951635138836 397.6601527032685 426.4482481810801 403.2121649036176 386.43920692149277 384.1892474280553 406.6542797005118 396.4604306745355 391.89091564841874 411.3873041492602 394.39752031564785 417.683088362367 402.89181124503557 419.3265721856901 391.6096000855282 396.0728800091747 406.83343047209837 383.92166773768713 391.0919713447606 429.0603829941256 403.0387664311579 
363.02845525151224 431.1224976003755 361.0310276648288 374.7320918418741 389.25951635138836 397.6601527032685 426.4482481810801 403.2121649036176 386.43920692149277 384.1892474280553 406.6542797005118 396.4604306745355 391.89091564841874 411.3873041492602 394.39752031564785 417.683088362367 402.89181124503557 419.3265721856901 391.6096000855282 396.0728800091747 406.83343047209837 383.92166773768713 391.0919713447606 429.0603829941256 403.0387664311579 
363.02845525151224 431.1224976003755 361.0310276648288 374.7320918418741 389.25951635138836 397.6601527032685 426.4482481810801 403.2121649036176 386.43920692149277 384.1892474280553 406.6542797005118 396.4604306745355 391.89091564841874 411.3873041492602 394.39752031564785 417.683088362367 402.89181124503557 419.3265721856901 391.6096000855282 396.0728800091747 406.83343047209837 383.92166773768713 391.0919713447606 429.0603829941256 403.0387664311579 
363.02845525151224 423.9127337310633 361.0310276648288 374.7320918418741 376.6308245213745 397.6601527032685 426.4482481810801 403.2121649036176 386.43920692149277 384.1892474280553 406.6542797005118 396.4604306745355 391.89091564841874 411.3873041492602 394.39752031564785 417.683088362367 402.89181124503557 419.3265721856901 391.6096000855282 396.0728800091747 406.83343047209837 383.92166773768713 391.0919713447606 429.0603829941256 403.0387664311579 
363.02845525151224 423.9127337310633 361.0310276648288 374.7320918418741 376.6308245213745 397.6601527032685 426.4482481810801 403.2121649036176 386.43920692149277 384.1892474280553 406.6542797005118 396.4604306745355 391.89091564841874 411.3873041492602 394.39752031564785 417.683088362367 402.89181124503557 419.3265721856901 391.6096000855282 396.0728800091747 406.83343047209837 383.92166773768713 391.0919713447606 429.0603829941256 403.0387664311579 
363.02845525151224 423.9127337310633 361.0310276648288 374.7320918418741 376.6308245213745 397.6601527032685 426.4482481810801 403.2121649036176 386.43920692149277 384.1892474280553 406.6542797005118 396.4604306745355 391.89091564841874 411.3873041492602 394.39752031564785 417.683088362367 402.89181124503557 419.3265721856901 391.6096000855282 396.0728800091747 406.83343047209837 383.92166773768713 391.0919713447606 429.0603829941256 403.0387664311579 
363.02845525151224 423.9127337310633 361.0310276648288 374.7320918418741 376.6308245213745 397.6601527032685 426.4482481810801 403.2121649036176 386.43920692149277 384.1892474280553 406.6542797005118 396.4604306745355 391.89091564841874 411.3873041492602 394.39752031564785 417.683088362367 402.89181124503557 419.3265721856901 391.6096000855282 396.0728800091747 406.83343047209837 383.92166773768713 391.0919713447606 429.0603829941256 403.0387664311579 
363.02845525151224 423.9127337310633 361.0310276648288 374.7320918418741 376.6308245213745 397.6601527032685 426.4482481810801 403.2121649036176 386.43920692149277 384.1892474280553 406.6542797005118 396.4604306745355 391.6347646949316 411.3873041492602 394.39752031564785 417.683088362367 402.89181124503557 419.3265721856901 391.6096000855282 396.0728800091747 406.83343047209837 383.92166773768713 391.0919713447606 429.0603829941256 403.0387664311579 
363.02845525151224 423.9127337310633 361.0310276648288 374.7320918418741 371.54894909928134 397.6601527032685 426.4482481810801 403.2121649036176 386.43920692149277 384.1892474280553 406.6542797005118 396.4604306745355 391.6347646949316 411.3873041492602 394.39752031564785 417.683088362367 402.89181124503557 419.3265721856901 391.6096000855282 396.0728800091747 406.83343047209837 383.92166773768713 391.0919713447606 429.0603829941256 403.0387664311579 
363.02845525151224 423.9127337310633 361.0310276648288 374.7320918418741 371.54894909928134 397.6601527032685 426.4482481810801 403.2121649036176 386.43920692149277 384.1892474280553 406.6542797005118 396.4604306745355 391.6347646949316 411.3873041492602 394.39752031564785 417.683088362367 402.89181124503557 419.3265721856901 391.6096000855282 396.0728800091747 406.83343047209837 383.92166773768713 391.0919713447606 429.0603829941256 403.0387664311579 
363.02845525151224 423.9127337310633 361.0310276648288 374.7320918418741 371.54894909928134 397.6601527032685 426.4482481810801 403.2121649036176 386.43920692149277 384.1892474280553 406.6542797005118 396.4604306745355 391.6347646949316 411.3873041492602 394.39752031564785 417.683088362367 402.89181124503557 419.3265721856901 391.6096000855282 396.0728800091747 406.83343047209837 383.92166773768713 391.0919713447606 429.0603829941256 403.0387664311579 
363.02845525151224 423.9127337310633 361.0310276648288 374.7320918418741 371.54894909928134 397.6601527032685 426.4482481810801 403.2121649036176 386.43920692149277 384.1892474280553 406.6542797005118 396.4604306745355 391.6347646949316 411.3873041492602 394.39752031564785 417.683088362367 402.89181124503557 419.3265721856901 391.6096000855282 396.0728800091747 406.83343047209837 383.92166773768713 391.0919713447606 429.0603829941256 403.0387664311579 
363.02845525151224 423.9127337310633 361.0310276648288 374.7320918418741 371.54894909928134 397.6601527032685 426.4482481810801 403.2121649036176 386.43920692149277 384.1892474280553 406.6542797005118 396.4604306745355 391.6347646949316 411.3873041492602 394.39752031564785 417.683088362367 402.89181124503557 419.3265721856901 391.6096000855282 396.0728800091747 406.83343047209837 383.92166773768713 391.0919713447606 429.0603829941256 403.0387664311579 
363.02845525151224 423.9127337310633 361.0310276648288 374.7320918418741 371.54894909928134 397.6601527032685 426.4482481810801 403.2121649036176 386.43920692149277 384.1892474280553 406.6542797005118 396.4604306745355 391.6347646949316 411.3873041492602 394.39752031564785 417.683088362367 402.89181124503557 419.3265721856901 391.6096000855282 396.0728800091747 406.83343047209837 383.92166773768713 391.0919713447606 429.0603829941256 403.0387664311579 
363.02845525151224 423.9127337310633 361.0310276648288 374.7320918418741 371.54894909928134 397.6601527032685 426.4482481810801 403.2121649036176 386.43920692149277 384.1892474280553 406.6542797005118 396.4604306745355 391.6347646949316 410.1108077169233 394.39752031564785 417.683088362367 391.1533046986824 419.3265721856901 391.6096000855282 396.0728800091747 406.83343047209837 383.92166773768713 391.0919713447606 429.0603829941256 403.0387664311579 
363.02845525151224 423.9127337310633 361.0310276648288 374.7320918418741 371.54894909928134 397.6601527032685 426.4482481810801 403.2121649036176 386.43920692149277 384.1892474280553 406.6542797005118 396.4604306745355 391.6347646949316 410.1108077169233 394.39752031564785 417.683088362367 391.1533046986824 419.3265721856901 391.6096000855282 396.0728800091747 406.83343047209837 383.92166773768713 381.07166044886344 429.0603829941256 403.0387664311579 
363.02845525151224 423.9127337310633 361.0310276648288 374.7320918418741 371.54894909928134 397.6601527032685 426.4482481810801 403.2121649036176 386.43920692149277 384.1892474280553 406.6542797005118 396.4604306745355 391.6347646949316 410.1108077169233 394.39752031564785 406.4197818663106 391.1533046986824 419.3265721856901 391.6096000855282 396.0728800091747 406.83343047209837 383.92166773768713 381.07166044886344 429.0603829941256 403.0387664311579 
363.02845525151224 423.9127337310633 361.0310276648288 374.7320918418741 371.54894909928134 397.6601527032685 426.4482481810801 403.2121649036176 386.43920692149277 384.1892474280553 406.6542797005118 396.4604306745355 382.64380075337976 410.1108077169233 394.39752031564785 406.4197818663106 391.1533046986824 419.3265721856901 391.6096000855282 396.0728800091747 406.83343047209837 383.92166773768713 381.07166044886344 429.0603829941256 403.0387664311579 
363.02845525151224 423.9127337310633 361.0310276648288 374.7320918418741 371.54894909928134 397.6601527032685 426.4482481810801 403.2121649036176 386.43920692149277 384.1892474280553 406.6542797005118 396.4604306745355 382.64380075337976 410.1108077169233 394.39752031564785 406.4197818663106 391.1533046986824 419.3265721856901 391.6096000855282 396.0728800091747 406.83343047209837 383.92166773768713 381.07166044886344 429.0603829941256 403.0387664311579 
363.02845525151224 423.9127337310633 361.0310276648288 374.7320918418741 371.54894909928134 397.6601527032685 426.4482481810801 403.2121649036176 386.43920692149277 384.1892474280553 406.6542797005118 396.4604306745355 376.60005270762395 410.1108077169233 394.39752031564785 406.4197818663106 391.1533046986824 419.3265721856901 391.6096000855282 374.30324223201114 406.83343047209837 383.92166773768713 381.07166044886344 429.0603829941256 403.0387664311579 
363.02845525151224 423.9127337310633 361.0310276648288 374.7320918418741 371.54894909928134 397.6601527032685 424.9190054830019 403.2121649036176 386.43920692149277 384.1892474280553 406.6542797005118 396.4604306745355 376.60005270762395 410.1108077169233 394.39752031564785 406.4197818663106 391.1533046986824 419.3265721856901 391.6096000855282 374.30324223201114 406.83343047209837 383.92166773768713 381.07166044886344 429.0603829941256 403.0387664311579 
363.02845525151224 423.9127337310633 361.0310276648288 374.7320918418741 371.54894909928134 397.6601527032685 424.9190054830019 403.2121649036176 386.43920692149277 384.1892474280553 406.6542797005118 396.4604306745355 376.60005270762395 410.1108077169233 394.39752031564785 406.4197818663106 391.1533046986824 419.3265721856901 391.6096000855282 374.30324223201114 406.83343047209837 383.92166773768713 381.07166044886344 429.0603829941256 403.0387664311579 
363.02845525151224 423.9127337310633 361.0310276648288 374.7320918418741 371.54894909928134 397.6601527032685 424.9190054830019 403.2121649036176 386.43920692149277 384.1892474280553 406.6542797005118 396.4604306745355 376.60005270762395 410.1108077169233 394.39752031564785 406.4197818663106 391.1533046986824 419.3265721856901 391.6096000855282 374.30324223201114 406.53498428375406 383.92166773768713 381.07166044886344 429.0603829941256 403.0387664311579 
363.02845525151224 423.9127337310633 361.0310276648288 374.7320918418741 371.54894909928134 397.6601527032685 424.9190054830019 403.2121649036176 386.43920692149277 384.1892474280553 406.6542797005118 396.4604306745355 376.60005270762395 410.1108077169233 394.39752031564785 406.4197818663106 391.1533046986824 419.3265721856901 391.6096000855282 374.30324223201114 406.53498428375406 380.92902166935346 381.07166044886344 429.0603829941256 403.0387664311579 
363.02845525151224 423.9127337310633 361.0310276648288 374.7320918418741 371.54894909928134 397.6601527032685 424.9190054830019 403.2121649036176 386.43920692149277 384.1892474280553 406.6542797005118 396.4604306745355 376.60005270762395 410.1108077169233 394.39752031564785 406.4197818663106 391.1533046986824 419.3265721856901 391.6096000855282 374.30324223201114 406.53498428375406 380.92902166935346 381.07166044886344 429.0603829941256 403.0387664311579 
363.02845525151224 423.9127337310633 361.0310276648288 374.7320918418741 371.54894909928134 397.6601527032685 424.9190054830019 403.2121649036176 386.43920692149277 384.1892474280553 406.6542797005118 396.4604306745355 376.60005270762395 410.1108077169233 394.39752031564785 406.4197818663106 391.1533046986824 419.3265721856901 391.6096000855282 374.30324223201114 406.53498428375406 380.92902166935346 381.07166044886344 429.0603829941256 403.0387664311579 
363.02845525151224 423.9127337310633 361.0310276648288 374.7320918418741 371.54894909928134 397.6601527032685 418.3437653838637 403.2121649036176 386.43920692149277 384.1892474280553 406.6542797005118 396.4604306745355 376.60005270762395 410.1108077169233 394.39752031564785 406.4197818663106 391.1533046986824 419.3265721856901 391.6096000855282 374.30324223201114 406.53498428375406 380.92902166935346 381.07166044886344 429.0603829941256 403.0387664311579 
363.02845525151224 423.9127337310633 361.0310276648288 374.7320918418741 371.54894909928134 397.6601527032685 418.3437653838637 403.2121649036176 386.43920692149277 384.1892474280553 406.6542797005118 396.4604306745355 376.60005270762395 410.1108077169233 394.39752031564785 406.4197818663106 391.1533046986824 419.3265721856901 391.6096000855282 374.30324223201114 406.53498428375406 380.92902166935346 381.07166044886344 429.0603829941256 403.0387664311579 
363.02845525151224 423.9127337310633 361.0310276648288 374.7320918418741 371.54894909928134 363.3776442477665 418.3437653838637 403.2121649036176 386.43920692149277 384.1892474280553 406.6542797005118 396.4604306745355 376.60005270762395 410.1108077169233 394.39752031564785 406.4197818663106 391.1533046986824 419.3265721856901 391.6096000855282 374.30324223201114 406.53498428375406 380.92902166935346 381.07166044886344 429.0603829941256 403.0387664311579 
363.02845525151224 423.9127337310633 361.0310276648288 374.7320918418741 371.54894909928134 363.3776442477665 418.3437653838637 403.2121649036176 386.43920692149277 384.1892474280553 406.6542797005118 396.4604306745355 376.60005270762395 410.1108077169233 394.39752031564785 406.4197818663106 391.1533046986824 419.3265721856901 391.6096000855282 374.30324223201114 406.53498428375406 380.92902166935346 381.07166044886344 429.0603829941256 403.0387664311579 
363.02845525151224 423.9127337310633 361.0310276648288 374.7320918418741 371.54894909928134 363.3776442477665 418.3437653838637 403.2121649036176 386.43920692149277 384.1892474280553 406.6542797005118 396.4604306745355 376.60005270762395 410.1108077169233 394.39752031564785 406.4197818663106 391.1533046986824 419.3265721856901 391.6096000855282 374.30324223201114 406.53498428375406 380.92902166935346 381.07166044886344 429.0603829941256 403.0387664311579 
363.02845525151224 423.9127337310633 361.0310276648288 374.7320918418741 371.54894909928134 363.3776442477665 418.3437653838637 403.2121649036176 386.43920692149277 384.1892474280553 406.6542797005118 396.4604306745355 376.60005270762395 410.1108077169233 394.39752031564785 406.4197818663106 391.1533046986824 419.3265721856901 391.6096000855282 374.30324223201114 406.53498428375406 380.92902166935346 381.07166044886344 429.0603829941256 403.0387664311579 
363.02845525151224 423.9127337310633 361.0310276648288 374.7320918418741 371.54894909928134 363.3776442477665 418.3437653838637 403.2121649036176 386.43920692149277 384.1892474280553 406.6542797005118 396.4604306745355 376.60005270762395 410.1108077169233 394.39752031564785 406.4197818663106 391.1533046986824 419.3265721856901 391.6096000855282 374.30324223201114 406.53498428375406 380.92902166935346 381.07166044886344 429.0603829941256 401.6889516129031 
363.02845525151224 423.9127337310633 361.0310276648288 374.7320918418741 371.54894909928134 363.3776442477665 418.3437653838637 403.2121649036176 386.43920692149277 384.1892474280553 406.6542797005118 396.4604306745355 376.60005270762395 410.1108077169233 394.39752031564785 406.4197818663106 391.1533046986824 419.3265721856901 391.6096000855282 374.30324223201114 406.53498428375406 380.92902166935346 381.07166044886344 429.0603829941256 401.6889516129031 
363.02845525151224 423.9127337310633 361.0310276648288 374.7320918418741 371.54894909928134 363.3776442477665 418.3437653838637 403.2121649036176 386.43920692149277 384.1892474280553 406.6542797005118 396.4604306745355 376.60005270762395 410.1108077169233 394.39752031564785 406.4197818663106 391.1533046986824 419.3265721856901 391.6096000855282 374.30324223201114 406.53498428375406 380.92902166935346 381.07166044886344 429.0603829941256 401.6889516129031 
363.02845525151224 423.9127337310633 361.0310276648288 374.7320918418741 371.54894909928134 363.3776442477665 405.039072085729 403.2121649036176 386.43920692149277 384.1892474280553 406.6542797005118 396.4604306745355 376.60005270762395 410.1108077169233 394.39752031564785 406.4197818663106 391.1533046986824 419.3265721856901 391.6096000855282 374.30324223201114 406.53498428375406 380.92902166935346 381.07166044886344 429.0603829941256 396.8066418034773 
363.02845525151224 423.9127337310633 361.0310276648288 374.7320918418741 371.54894909928134 363.3776442477665 405.039072085729 403.2121649036176 386.43920692149277 384.1892474280553 406.6542797005118 396.4604306745355 376.60005270762395 410.1108077169233 394.39752031564785 406.4197818663106 391.1533046986824 419.3265721856901 391.6096000855282 374.30324223201114 406.53498428375406 380.92902166935346 381.07166044886344 429.0603829941256 396.8066418034773 
363.02845525151224 423.9127337310633 361.0310276648288 374.7320918418741 371.54894909928134 363.3776442477665 405.039072085729 403.2121649036176 386.43920692149277 384.1892474280553 406.6542797005118 396.4604306745355 376.60005270762395 410.1108077169233 394.39752031564785 406.4197818663106 391.1533046986824 419.3265721856901 391.6096000855282 374.30324223201114 406.53498428375406 380.92902166935346 381.07166044886344 429.0603829941256 396.8066418034773 
363.02845525151224 423.9127337310633 361.0310276648288 374.7320918418741 371.54894909928134 363.3776442477665 405.039072085729 403.2121649036176 386.43920692149277 384.1892474280553 406.6542797005118 396.4604306745355 376.60005270762395 410.1108077169233 394.39752031564785 406.4197818663106 391.1533046986824 419.3265721856901 391.6096000855282 374.30324223201114 406.53498428375406 380.92902166935346 381.07166044886344 429.0603829941256 396.8066418034773 
363.02845525151224 423.9127337310633 361.0310276648288 374.7320918418741 371.54894909928134 363.3776442477665 405.039072085729 403.2121649036176 386.43920692149277 384.1892474280553 406.6542797005118 396.4604306745355 376.60005270762395 410.1108077169233 394.39752031564785 406.4197818663106 391.1533046986824 419.3265721856901 391.6096000855282 374.30324223201114 406.53498428375406 380.92902166935346 381.07166044886344 429.0603829941256 396.8066418034773 
363.02845525151224 423.9127337310633 361.0310276648288 374.7320918418741 371.54894909928134 363.3776442477665 405.039072085729 403.2121649036176 386.43920692149277 384.1892474280553 406.6542797005118 396.4604306745355 376.60005270762395 410.1108077169233 394.39752031564785 406.4197818663106 391.1533046986824 419.3265721856901 391.6096000855282 374.30324223201114 406.53498428375406 380.92902166935346 381.07166044886344 429.0603829941256 396.8066418034773 
363.02845525151224 423.9127337310633 361.0310276648288 374.7320918418741 371.54894909928134 363.3776442477665 405.039072085729 403.2121649036176 386.43920692149277 384.1892474280553 406.6542797005118 396.4604306745355 376.60005270762395 410.1108077169233 394.39752031564785 406.4197818663106 391.1533046986824 419.3265721856901 391.6096000855282 374.30324223201114 406.53498428375406 365.2005891094923 381.07166044886344 429.0603829941256 396.8066418034773 
363.02845525151224 423.9127337310633 361.0310276648288 374.7320918418741 371.54894909928134 353.20202582142474 405.039072085729 403.2121649036176 386.43920692149277 384.1892474280553 406.6542797005118 396.4604306745355 376.60005270762395 410.1108077169233 394.39752031564785 406.4197818663106 391.1533046986824 419.3265721856901 391.6096000855282 374.30324223201114 406.53498428375406 365.2005891094923 381.07166044886344 429.0603829941256 396.8066418034773 
363.02845525151224 423.9127337310633 361.0310276648288 374.7320918418741 371.54894909928134 353.20202582142474 405.039072085729 403.2121649036176 386.43920692149277 384.1892474280553 406.6542797005118 396.4604306745355 376.60005270762395 410.1108077169233 394.39752031564785 406.4197818663106 391.1533046986824 419.3265721856901 391.6096000855282 374.30324223201114 406.53498428375406 365.2005891094923 381.07166044886344 429.0603829941256 396.8066418034773 
363.02845525151224 423.9127337310633 361.0310276648288 374.7320918418741 371.54894909928134 353.20202582142474 405.039072085729 403.2121649036176 386.43920692149277 384.1892474280553 406.6542797005118 396.4604306745355 376.60005270762395 410.1108077169233 394.39752031564785 406.4197818663106 391.1533046986824 419.3265721856901 391.6096000855282 374.30324223201114 406.53498428375406 365.2005891094923 381.07166044886344 429.0603829941256 396.8066418034773 
363.02845525151224 420.5402525687814 361.0310276648288 374.7320918418741 371.54894909928134 353.20202582142474 405.039072085729 403.2121649036176 386.43920692149277 384.1892474280553 406.6542797005118 396.4604306745355 376.60005270762395 410.1108077169233 394.39752031564785 406.4197818663106 391.1533046986824 419.3265721856901 391.6096000855282 374.30324223201114 406.53498428375406 365.2005891094923 381.07166044886344 429.0603829941256 396.8066418034773 
363.02845525151224 420.5402525687814 361.0310276648288 374.7320918418741 371.54894909928134 353.20202582142474 405.039072085729 403.2121649036176 386.43920692149277 384.1892474280553 406.6542797005118 396.4604306745355 376.60005270762395 410.1108077169233 394.39752031564785 406.4197818663106 391.1533046986824 419.3265721856901 391.6096000855282 374.30324223201114 406.53498428375406 365.2005891094923 381.07166044886344 429.0603829941256 396.8066418034773 
363.02845525151224 420.5402525687814 361.0310276648288 374.7320918418741 371.54894909928134 353.20202582142474 405.039072085729 403.2121649036176 386.43920692149277 384.1892474280553 406.6542797005118 396.4604306745355 376.60005270762395 410.1108077169233 394.39752031564785 406.4197818663106 391.1533046986824 419.3265721856901 391.6096000855282 374.30324223201114 406.53498428375406 365.2005891094923 381.07166044886344 429.0603829941256 396.8066418034773 
363.02845525151224 420.5402525687814 361.0310276648288 374.7320918418741 371.54894909928134 353.20202582142474 405.039072085729 403.2121649036176 386.43920692149277 384.1892474280553 406.6542797005118 396.4604306745355 376.60005270762395 410.1108077169233 394.39752031564785 406.4197818663106 391.1533046986824 419.3265721856901 391.6096000855282 363.2353138680469 406.3041883687283 365.2005891094923 381.07166044886344 429.0603829941256 396.8066418034773 
363.02845525151224 420.5402525687814 361.0310276648288 374.7320918418741 371.54894909928134 353.20202582142474 405.039072085729 401.5835435607323 386.43920692149277 384.1892474280553 406.6542797005118 396.4604306745355 376.60005270762395 410.1108077169233 394.39752031564785 406.4197818663106 391.1533046986824 419.3265721856901 391.6096000855282 363.2353138680469 403.21477389447546 365.2005891094923 381.07166044886344 426.6601741971094 396.8066418034773 
363.02845525151224 420.5402525687814 361.0310276648288 374.7320918418741 371.54894909928134 353.20202582142474 405.039072085729 401.5835435607323 386.43920692149277 384.1892474280553 406.6542797005118 396.4604306745355 376.60005270762395 410.1108077169233 394.39752031564785 406.4197818663106 391.1533046986824 419.3265721856901 391.6096000855282 363.2353138680469 403.21477389447546 365.2005891094923 381.07166044886344 426.6601741971094 396.8066418034773 
363.02845525151224 420.5402525687814 361.0310276648288 374.7320918418741 371.54894909928134 353.20202582142474 405.039072085729 401.5835435607323 386.43920692149277 384.1892474280553 406.6542797005118 396.4604306745355 376.60005270762395 410.1108077169233 394.39752031564785 406.4197818663106 391.1533046986824 419.3265721856901 391.6096000855282 363.2353138680469 403.21477389447546 365.2005891094923 381.07166044886344 426.6601741971094 396.8066418034773 
363.02845525151224 420.5402525687814 361.0310276648288 374.7320918418741 371.54894909928134 353.20202582142474 399.13042103434736 401.5835435607323 386.43920692149277 384.1892474280553 406.6542797005118 396.4604306745355 376.60005270762395 410.1108077169233 394.39752031564785 406.4197818663106 391.1533046986824 419.3265721856901 391.6096000855282 363.2353138680469 403.21477389447546 365.2005891094923 381.07166044886344 426.6601741971094 396.8066418034773 
363.02845525151224 420.5402525687814 361.0310276648288 374.7320918418741 371.54894909928134 353.20202582142474 399.13042103434736 401.5835435607323 386.43920692149277 384.1892474280553 406.6542797005118 396.4604306745355 376.60005270762395 410.1108077169233 394.39752031564785 406.4197818663106 391.1533046986824 419.3265721856901 391.6096000855282 363.2353138680469 389.18960957514537 365.2005891094923 381.07166044886344 426.6601741971094 396.8066418034773 
363.02845525151224 420.5402525687814 361.0310276648288 374.7320918418741 371.54894909928134 353.20202582142474 399.13042103434736 401.5835435607323 386.43920692149277 384.1892474280553 406.6542797005118 396.4604306745355 376.60005270762395 410.1108077169233 394.39752031564785 406.4197818663106 391.1533046986824 419.3265721856901 391.6096000855282 363.2353138680469 389.18960957514537 365.2005891094923 381.07166044886344 426.6601741971094 396.8066418034773 
363.02845525151224 420.5402525687814 361.0310276648288 374.7320918418741 371.54894909928134 353.20202582142474 399.13042103434736 401.5835435607323 386.43920692149277 384.1892474280553 406.6542797005118 396.4604306745355 376.60005270762395 410.1108077169233 394.39752031564785 406.4197818663106 391.1533046986824 419.3265721856901 391.6096000855282 363.2353138680469 389.18960957514537 365.2005891094923 381.07166044886344 426.6601741971094 396.8066418034773 
363.02845525151224 420.5402525687814 361.0310276648288 374.7320918418741 371.54894909928134 353.20202582142474 399.13042103434736 401.5835435607323 386.43920692149277 384.1892474280553 406.6542797005118 396.4604306745355 376.60005270762395 410.1108077169233 394.39752031564785 406.4197818663106 391.1533046986824 419.3265721856901 391.6096000855282 363.2353138680469 389.18960957514537 365.2005891094923 381.07166044886344 426.6601741971094 396.8066418034773 
363.02845525151224 420.5402525687814 361.0310276648288 374.7320918418741 371.54894909928134 353.20202582142474 399.13042103434736 401.5835435607323 386.43920692149277 384.1892474280553 406.6542797005118 396.4604306745355 376.60005270762395 410.1108077169233 394.39752031564785 406.4197818663106 391.1533046986824 419.3265721856901 391.6096000855282 363.2353138680469 389.18960957514537 365.2005891094923 381.07166044886344 426.6601741971094 396.8066418034773 
363.02845525151224 420.5402525687814 361.0310276648288 374.7320918418741 371.54894909928134 353.20202582142474 399.13042103434736 401.5835435607323 386.43920692149277 384.1892474280553 406.6542797005118 396.4604306745355 376.60005270762395 410.1108077169233 394.39752031564785 406.4197818663106 391.1533046986824 414.762862590469 391.6096000855282 363.2353138680469 389.18960957514537 365.2005891094923 381.07166044886344 426.6601741971094 396.8066418034773 
363.02845525151224 410.49458014843094 361.0310276648288 374.7320918418741 371.54894909928134 353.20202582142474 399.13042103434736 401.5835435607323 386.43920692149277 384.1892474280553 406.6542797005118 396.4604306745355 376.60005270762395 410.1108077169233 394.39752031564785 406.4197818663106 391.1533046986824 414.762862590469 391.6096000855282 363.2353138680469 389.18960957514537 362.4902795118778 381.07166044886344 426.6601741971094 396.8066418034773 
363.02845525151224 410.49458014843094 361.0310276648288 374.7320918418741 371.54894909928134 353.20202582142474 399.13042103434736 401.5835435607323 386.43920692149277 384.1892474280553 406.6542797005118 396.4604306745355 376.60005270762395 410.1108077169233 393.1963775055474 406.4197818663106 391.1533046986824 414.762862590469 391.6096000855282 363.2353138680469 389.18960957514537 362.4902795118778 381.07166044886344 426.6601741971094 396.8066418034773 
363.02845525151224 410.49458014843094 361.0310276648288 374.7320918418741 371.54894909928134 353.20202582142474 399.13042103434736 401.5835435607323 386.43920692149277 384.1892474280553 406.6542797005118 396.4604306745355 376.60005270762395 410.1108077169233 393.1963775055474 406.4197818663106 391.1533046986824 414.762862590469 391.6096000855282 363.2353138680469 389.18960957514537 362.4902795118778 381.07166044886344 426.6601741971094 396.8066418034773 
363.02845525151224 410.49458014843094 361.0310276648288 374.7320918418741 371.54894909928134 353.20202582142474 399.13042103434736 401.5835435607323 386.43920692149277 384.1892474280553 406.6542797005118 396.4604306745355 376.60005270762395 410.1108077169233 393.1963775055474 406.4197818663106 391.1533046986824 414.762862590469 391.6096000855282 363.2353138680469 389.18960957514537 362.4902795118778 381.07166044886344 426.6601741971094 396.8066418034773 
363.02845525151224 410.49458014843094 361.0310276648288 374.7320918418741 371.54894909928134 353.20202582142474 399.13042103434736 401.5835435607323 386.43920692149277 384.1892474280553 406.6542797005118 396.4604306745355 376.60005270762395 410.1108077169233 393.1963775055474 406.4197818663106 391.1533046986824 414.762862590469 391.6096000855282 363.2353138680469 389.18960957514537 362.4902795118778 381.07166044886344 426.6601741971094 396.8066418034773 
363.02845525151224 410.49458014843094 361.0310276648288 374.7320918418741 371.54894909928134 353.20202582142474 399.13042103434736 401.5835435607323 386.43920692149277 384.1892474280553 406.6542797005118 396.4604306745355 376.60005270762395 401.6888290634324 393.1963775055474 406.4197818663106 391.1533046986824 414.762862590469 391.6096000855282 363.2353138680469 389.18960957514537 362.4902795118778 381.07166044886344 426.6601741971094 396.8066418034773 
363.02845525151224 410.49458014843094 361.0310276648288 374.7320918418741 359.767026277676 353.20202582142474 399.13042103434736 401.5835435607323 386.43920692149277 384.1892474280553 406.6542797005118 396.4604306745355 376.60005270762395 401.6888290634324 393.1963775055474 406.4197818663106 391.1533046986824 414.762862590469 391.6096000855282 363.2353138680469 389.18960957514537 362.4902795118778 381.07166044886344 426.6601741971094 396.8066418034773 
363.02845525151224 410.49458014843094 361.0310276648288 374.7320918418741 359.767026277676 353.20202582142474 399.13042103434736 401.5835435607323 386.43920692149277 384.1892474280553 405.5202569711846 396.4604306745355 376.60005270762395 401.6888290634324 393.1963775055474 406.4197818663106 391.1533046986824 414.762862590469 391.6096000855282 363.2353138680469 389.18960957514537 362.4902795118778 381.07166044886344 426.6601741971094 396.8066418034773 
363.02845525151224 410.49458014843094 361.0310276648288 374.7320918418741 359.767026277676 353.20202582142474 399.13042103434736 401.5835435607323 386.43920692149277 384.1892474280553 405.5202569711846 396.4604306745355 376.60005270762395 401.6888290634324 393.1963775055474 406.4197818663106 391.1533046986824 414.762862590469 391.6096000855282 363.2353138680469 389.18960957514537 362.4902795118778 381.07166044886344 422.1045291826749 396.8066418034773 
363.02845525151224 410.49458014843094 361.0310276648288 374.7320918418741 359.767026277676 353.20202582142474 399.13042103434736 401.5835435607323 386.43920692149277 384.1892474280553 405.5202569711846 396.4604306745355 376.60005270762395 401.6888290634324 393.1963775055474 406.4197818663106 382.2464588236735 414.762862590469 391.6096000855282 363.2353138680469 389.18960957514537 362.4902795118778 381.07166044886344 422.1045291826749 396.8066418034773 
363.02845525151224 410.49458014843094 361.0310276648288 374.7320918418741 359.767026277676 353.20202582142474 399.13042103434736 401.5835435607323 386.43920692149277 384.1892474280553 405.5202569711846 396.4604306745355 363.37459544592366 401.6888290634324 393.1963775055474 406.4197818663106 382.2464588236735 414.762862590469 391.6096000855282 363.2353138680469 389.18960957514537 362.4902795118778 381.07166044886344 422.1045291826749 396.8066418034773 
363.02845525151224 410.49458014843094 361.0310276648288 374.7320918418741 359.767026277676 353.20202582142474 399.13042103434736 401.5835435607323 386.43920692149277 384.1892474280553 405.5202569711846 396.4604306745355 363.37459544592366 401.6888290634324 393.1963775055474 406.4197818663106 382.2464588236735 414.762862590469 391.6096000855282 363.2353138680469 389.18960957514537 362.4902795118778 381.07166044886344 422.1045291826749 396.8066418034773 
363.02845525151224 410.49458014843094 361.0310276648288 374.7320918418741 359.767026277676 353.20202582142474 399.13042103434736 401.5835435607323 386.43920692149277 384.1892474280553 405.5202569711846 396.4604306745355 363.37459544592366 401.6888290634324 393.1963775055474 406.4197818663106 382.2464588236735 409.61531039696456 391.6096000855282 363.2353138680469 389.18960957514537 362.4902795118778 381.07166044886344 422.1045291826749 393.1159675201329 
363.02845525151224 410.49458014843094 361.0310276648288 374.7320918418741 359.767026277676 353.20202582142474 399.13042103434736 401.5835435607323 386.43920692149277 384.1892474280553 405.5202569711846 396.4604306745355 363.37459544592366 401.6888290634324 393.1963775055474 406.4197818663106 382.2464588236735 409.61531039696456 391.6096000855282 363.2353138680469 389.18960957514537 362.4902795118778 381.07166044886344 422.1045291826749 393.1159675201329 
363.02845525151224 410.49458014843094 361.0310276648288 374.7320918418741 359.767026277676 353.20202582142474 399.13042103434736 401.5835435607323 386.43920692149277 384.1892474280553 405.5202569711846 396.4604306745355 363.37459544592366 401.6888290634324 393.1963775055474 406.4197818663106 382.2464588236735 409.61531039696456 391.6096000855282 363.2353138680469 389.18960957514537 362.4902795118778 381.07166044886344 422.1045291826749 393.1159675201329 
363.02845525151224 410.49458014843094 361.0310276648288 374.7320918418741 359.767026277676 353.20202582142474 399.13042103434736 401.5835435607323 386.43920692149277 384.1892474280553 405.5202569711846 396.4604306745355 363.37459544592366 401.6888290634324 393.1963775055474 406.4197818663106 382.2464588236735 409.61531039696456 391.6096000855282 363.2353138680469 389.18960957514537 362.4902795118778 381.07166044886344 422.1045291826749 393.1159675201329 
363.02845525151224 410.49458014843094 361.0310276648288 374.7320918418741 359.767026277676 353.20202582142474 399.13042103434736 401.5835435607323 386.43920692149277 384.1892474280553 405.5202569711846 396.4604306745355 363.37459544592366 401.6888290634324 393.1963775055474 405.64583203861685 382.2464588236735 409.61531039696456 391.6096000855282 363.2353138680469 389.18960957514537 362.4902795118778 381.07166044886344 422.1045291826749 393.1159675201329 
363.02845525151224 410.49458014843094 361.0310276648288 374.7320918418741 359.767026277676 353.20202582142474 399.13042103434736 401.5835435607323 386.43920692149277 384.1892474280553 405.5202569711846 396.4604306745355 363.37459544592366 401.6888290634324 393.1963775055474 405.64583203861685 382.2464588236735 409.61531039696456 391.6096000855282 363.2353138680469 389.18960957514537 362.4902795118778 381.07166044886344 422.1045291826749 393.1159675201329 
363.02845525151224 410.49458014843094 361.0310276648288 374.7320918418741 359.767026277676 353.20202582142474 399.13042103434736 401.5835435607323 386.43920692149277 384.1892474280553 405.5202569711846 396.4604306745355 363.37459544592366 401.6888290634324 393.1963775055474 405.64583203861685 382.2464588236735 409.61531039696456 391.6096000855282 363.2353138680469 389.18960957514537 362.4902795118778 381.07166044886344 418.10115131732755 393.1159675201329 
363.02845525151224 410.49458014843094 361.0310276648288 374.7320918418741 359.767026277676 353.20202582142474 399.13042103434736 401.5835435607323 386.43920692149277 384.1892474280553 404.8737214286243 396.4604306745355 363.37459544592366 397.05442507963835 393.1963775055474 405.64583203861685 382.2464588236735 409.61531039696456 391.6096000855282 363.2353138680469 389.18960957514537 362.4902795118778 381.07166044886344 418.10115131732755 393.1159675201329 
363.02845525151224 410.49458014843094 361.0310276648288 374.7320918418741 359.767026277676 353.20202582142474 399.13042103434736 401.5835435607323 386.43920692149277 384.1892474280553 404.8737214286243 396.4604306745355 363.37459544592366 390.0562756586414 393.1963775055474 405.64583203861685 382.2464588236735 409.61531039696456 391.6096000855282 363.2353138680469 389.18960957514537 362.4902795118778 381.07166044886344 418.10115131732755 393.1159675201329 
363.02845525151224 410.49458014843094 361.0310276648288 374.7320918418741 359.767026277676 353.20202582142474 399.13042103434736 401.5835435607323 386.43920692149277 384.1892474280553 404.8737214286243 396.4604306745355 363.37459544592366 390.0562756586414 393.1963775055474 395.8006949958226 382.2464588236735 409.61531039696456 391.6096000855282 363.2353138680469 389.18960957514537 362.4902795118778 381.07166044886344 418.10115131732755 393.1159675201329 
363.02845525151224 410.49458014843094 361.0310276648288 374.7320918418741 359.767026277676 353.20202582142474 399.13042103434736 401.5835435607323 386.43920692149277 384.1892474280553 404.8737214286243 396.4604306745355 363.37459544592366 390.0562756586414 393.1963775055474 395.8006949958226 382.2464588236735 409.61531039696456 391.6096000855282 363.2353138680469 389.18960957514537 362.4902795118778 381.07166044886344 418.10115131732755 393.1159675201329 
363.02845525151224 410.49458014843094 361.0310276648288 374.7320918418741 359.767026277676 353.20202582142474 399.13042103434736 401.5835435607323 386.43920692149277 384.1892474280553 404.8737214286243 396.4604306745355 363.37459544592366 390.0562756586414 393.1963775055474 395.8006949958226 382.2464588236735 409.61531039696456 391.6096000855282 363.2353138680469 389.18960957514537 362.4902795118778 381.07166044886344 418.10115131732755 393.1159675201329 
363.02845525151224 410.49458014843094 361.0310276648288 374.7320918418741 359.767026277676 353.20202582142474 399.13042103434736 401.5835435607323 386.43920692149277 384.1892474280553 404.8737214286243 396.4604306745355 363.37459544592366 383.95897588206435 393.1963775055474 395.8006949958226 382.2464588236735 409.61531039696456 391.6096000855282 363.2353138680469 389.18960957514537 362.4902795118778 381.07166044886344 418.10115131732755 393.1159675201329 
363.02845525151224 410.49458014843094 361.0310276648288 374.7320918418741 359.767026277676 353.20202582142474 399.13042103434736 401.5835435607323 386.43920692149277 384.1892474280553 404.8737214286243 396.4604306745355 363.37459544592366 383.95897588206435 393.1963775055474 392.19371129620004 382.2464588236735 409.61531039696456 391.6096000855282 363.2353138680469 389.18960957514537 362.4902795118778 381.07166044886344 418.10115131732755 393.1159675201329 
363.02845525151224 410.49458014843094 361.0310276648288 374.7320918418741 359.767026277676 353.20202582142474 399.13042103434736 399.60318037639445 386.43920692149277 384.1892474280553 404.8737214286243 396.4604306745355 363.37459544592366 383.95897588206435 393.1963775055474 392.19371129620004 382.2464588236735 409.61531039696456 391.6096000855282 363.2353138680469 382.2206681272487 362.4902795118778 381.07166044886344 418.10115131732755 393.1159675201329 
363.02845525151224 410.49458014843094 361.0310276648288 374.7320918418741 359.767026277676 353.20202582142474 399.13042103434736 399.60318037639445 386.43920692149277 384.1892474280553 404.8737214286243 396.4604306745355 363.37459544592366 383.95897588206435 393.1963775055474 392.19371129620004 382.2464588236735 409.61531039696456 391.6096000855282 363.2353138680469 382.2206681272487 362.4902795118778 381.07166044886344 418.10115131732755 393.1159675201329 
363.02845525151224 410.49458014843094 361.0310276648288 374.7320918418741 359.767026277676 353.20202582142474 399.13042103434736 399.60318037639445 386.43920692149277 384.1892474280553 404.8737214286243 396.4604306745355 363.37459544592366 383.95897588206435 393.1963775055474 392.19371129620004 382.2464588236735 409.61531039696456 391.6096000855282 363.2353138680469 382.2206681272487 362.4902795118778 381.07166044886344 418.10115131732755 393.1159675201329 
363.02845525151224 410.49458014843094 361.0310276648288 374.7320918418741 359.767026277676 353.20202582142474 399.13042103434736 399.60318037639445 386.43920692149277 384.1892474280553 404.8737214286243 396.4604306745355 363.37459544592366 383.68063665134605 393.1963775055474 392.19371129620004 382.2464588236735 409.61531039696456 391.6096000855282 363.2353138680469 382.2206681272487 362.4902795118778 381.07166044886344 418.10115131732755 393.1159675201329 
363.02845525151224 410.49458014843094 361.0310276648288 374.7320918418741 359.767026277676 353.20202582142474 399.13042103434736 399.60318037639445 386.43920692149277 384.1892474280553 404.8737214286243 396.4604306745355 363.37459544592366 383.68063665134605 393.1963775055474 392.19371129620004 382.2464588236735 409.61531039696456 391.6096000855282 363.2353138680469 382.2206681272487 362.4902795118778 381.07166044886344 418.10115131732755 393.1159675201329 
363.02845525151224 410.49458014843094 361.0310276648288 374.7320918418741 359.767026277676 353.20202582142474 397.2870376542933 399.60318037639445 386.43920692149277 384.1892474280553 404.8737214286243 396.4604306745355 363.37459544592366 383.68063665134605 393.1963775055474 384.313286254122 382.2464588236735 409.61531039696456 391.6096000855282 363.2353138680469 382.2206681272487 362.4902795118778 381.07166044886344 418.10115131732755 393.1159675201329 
363.02845525151224 410.49458014843094 361.0310276648288 374.7320918418741 359.767026277676 353.20202582142474 397.2870376542933 399.60318037639445 386.43920692149277 384.1892474280553 404.8737214286243 396.4604306745355 363.37459544592366 383.68063665134605 393.1963775055474 384.313286254122 382.2464588236735 409.61531039696456 391.6096000855282 363.2353138680469 382.2206681272487 362.4902795118778 381.07166044886344 418.10115131732755 393.1159675201329 
363.02845525151224 410.49458014843094 361.0310276648288 374.7320918418741 359.767026277676 353.20202582142474 397.2870376542933 399.60318037639445 386.43920692149277 384.1892474280553 404.8737214286243 396.4604306745355 363.37459544592366 383.68063665134605 393.1963775055474 384.313286254122 382.2464588236735 409.61531039696456 391.6096000855282 363.2353138680469 382.2206681272487 362.4902795118778 381.07166044886344 418.10115131732755 393.1159675201329 
363.02845525151224 410.49458014843094 361.0310276648288 374.7320918418741 359.767026277676 353.20202582142474 397.2870376542933 399.60318037639445 386.43920692149277 384.1892474280553 404.8737214286243 396.4604306745355 363.37459544592366 383.68063665134605 393.1963775055474 384.313286254122 382.2464588236735 409.61531039696456 391.6096000855282 363.2353138680469 382.2206681272487 362.4902795118778 381.07166044886344 418.10115131732755 393.1159675201329 
363.02845525151224 410.49458014843094 361.0310276648288 374.7320918418741 359.767026277676 353.20202582142474 397.2870376542933 399.60318037639445 386.43920692149277 384.1892474280553 404.8737214286243 396.4604306745355 363.37459544592366 383.68063665134605 393.1963775055474 384.313286254122 382.2464588236735 409.61531039696456 391.6096000855282 363.2353138680469 382.2206681272487 362.4902795118778 381.07166044886344 418.10115131732755 393.1159675201329 
363.02845525151224 410.49458014843094 361.0310276648288 374.7320918418741 359.767026277676 353.20202582142474 397.2870376542933 399.60318037639445 386.43920692149277 384.1892474280553 404.8737214286243 396.4604306745355 363.37459544592366 383.68063665134605 393.1963775055474 384.313286254122 382.2464588236735 409.61531039696456 391.6096000855282 363.2353138680469 382.2206681272487 362.4902795118778 381.07166044886344 418.10115131732755 393.1159675201329 
363.02845525151224 410.49458014843094 361.0310276648288 374.7320918418741 359.767026277676 353.20202582142474 397.2870376542933 399.60318037639445 386.43920692149277 384.1892474280553 404.8737214286243 396.4604306745355 363.37459544592366 383.68063665134605 393.1963775055474 384.313286254122 382.2464588236735 409.61531039696456 391.6096000855282 363.2353138680469 382.2206681272487 362.4902795118778 381.07166044886344 418.10115131732755 393.1159675201329 
363.02845525151224 410.49458014843094 361.0310276648288 374.7320918418741 359.767026277676 353.20202582142474 397.2870376542933 399.60318037639445 386.43920692149277 384.1892474280553 404.8737214286243 396.4604306745355 363.37459544592366 383.68063665134605 393.1963775055474 384.313286254122 382.2464588236735 409.61531039696456 391.6096000855282 363.2353138680469 382.2206681272487 362.4902795118778 381.07166044886344 407.69741468419215 393.1159675201329 
363.02845525151224 410.49458014843094 361.0310276648288 374.7320918418741 359.767026277676 353.20202582142474 397.2870376542933 399.60318037639445 386.43920692149277 384.1892474280553 404.8737214286243 396.4604306745355 363.37459544592366 383.68063665134605 393.1963775055474 384.313286254122 382.2464588236735 409.61531039696456 391.6096000855282 363.2353138680469 382.2206681272487 362.4902795118778 381.07166044886344 407.69741468419215 393.1159675201329 
363.02845525151224 410.49458014843094 361.0310276648288 374.7320918418741 359.767026277676 353.20202582142474 397.2870376542933 399.60318037639445 386.43920692149277 384.1892474280553 404.8737214286243 396.4604306745355 363.37459544592366 383.68063665134605 393.1963775055474 384.313286254122 382.2464588236735 409.61531039696456 391.6096000855282 363.2353138680469 382.2206681272487 362.4902795118778 381.07166044886344 407.69741468419215 393.1159675201329 
363.02845525151224 410.49458014843094 361.0310276648288 374.7320918418741 359.767026277676 353.20202582142474 397.2870376542933 399.60318037639445 386.43920692149277 384.1892474280553 404.8737214286243 396.4604306745355 363.37459544592366 383.68063665134605 393.1963775055474 384.313286254122 382.2464588236735 409.61531039696456 391.6096000855282 363.2353138680469 382.2206681272487 362.4902795118778 381.07166044886344 407.69741468419215 393.1159675201329 
363.02845525151224 410.49458014843094 361.0310276648288 374.7320918418741 359.767026277676 353.20202582142474 397.2870376542933 399.60318037639445 386.43920692149277 384.1892474280553 404.8737214286243 396.4604306745355 363.37459544592366 383.68063665134605 393.1963775055474 384.313286254122 382.2464588236735 409.61531039696456 391.6096000855282 363.2353138680469 382.2206681272487 362.4902795118778 381.07166044886344 407.69741468419215 393.1159675201329 
363.02845525151224 410.49458014843094 361.0310276648288 374.7320918418741 359.767026277676 353.20202582142474 397.2870376542933 399.60318037639445 386.43920692149277 384.1892474280553 404.8737214286243 396.4604306745355 363.37459544592366 383.68063665134605 393.1963775055474 384.313286254122 382.2464588236735 409.61531039696456 391.6096000855282 363.2353138680469 382.2206681272487 362.4902795118778 381.07166044886344 407.69741468419215 393.1159675201329 
363.02845525151224 410.49458014843094 361.0310276648288 374.7320918418741 359.767026277676 353.20202582142474 397.2870376542933 399.60318037639445 386.43920692149277 384.1892474280553 404.8737214286243 396.4604306745355 363.37459544592366 383.68063665134605 393.1963775055474 384.313286254122 382.2464588236735 409.61531039696456 391.6096000855282 363.2353138680469 382.2206681272487 362.4902795118778 381.07166044886344 407.69741468419215 393.1159675201329 
363.02845525151224 410.49458014843094 361.0310276648288 374.7320918418741 359.767026277676 353.20202582142474 397.2870376542933 399.60318037639445 386.43920692149277 384.1892474280553 404.8737214286243 396.4604306745355 363.37459544592366 383.68063665134605 393.1963775055474 384.313286254122 382.2464588236735 409.61531039696456 391.6096000855282 363.2353138680469 382.2206681272487 362.4902795118778 381.07166044886344 407.69741468419215 393.1159675201329 
363.02845525151224 406.1366834384503 361.0310276648288 374.7320918418741 359.767026277676 353.20202582142474 397.2870376542933 399.60318037639445 386.43920692149277 384.1892474280553 404.8737214286243 396.4604306745355 363.37459544592366 383.68063665134605 393.1963775055474 384.313286254122 382.2464588236735 409.61531039696456 391.6096000855282 363.2353138680469 382.2206681272487 362.4902795118778 381.07166044886344 407.69741468419215 393.1159675201329 
363.02845525151224 406.1366834384503 361.0310276648288 374.7320918418741 359.767026277676 353.20202582142474 397.2870376542933 399.60318037639445 386.43920692149277 384.1892474280553 404.8737214286243 396.4604306745355 363.37459544592366 383.68063665134605 393.1963775055474 384.313286254122 382.2464588236735 409.61531039696456 391.6096000855282 363.2353138680469 382.2206681272487 362.4902795118778 381.07166044886344 407.69741468419215 393.1159675201329 
363.02845525151224 406.1366834384503 361.0310276648288 374.7320918418741 359.767026277676 353.20202582142474 397.2870376542933 399.60318037639445 386.43920692149277 384.1892474280553 402.53262770547235 396.4604306745355 363.37459544592366 383.68063665134605 393.1963775055474 384.313286254122 382.2464588236735 409.61531039696456 391.6096000855282 363.2353138680469 382.2206681272487 362.4902795118778 381.07166044886344 407.69741468419215 393.1159675201329 
363.02845525151224 406.1366834384503 361.0310276648288 374.7320918418741 359.767026277676 353.20202582142474 383.41833287749796 399.60318037639445 386.43920692149277 346.73750700706387 402.53262770547235 396.4604306745355 363.37459544592366 376.4982054921202 393.1963775055474 384.313286254122 382.2464588236735 409.61531039696456 391.6096000855282 363.2353138680469 382.2206681272487 362.4902795118778 381.07166044886344 407.69741468419215 393.1159675201329 
363.02845525151224 406.1366834384503 361.0310276648288 374.7320918418741 359.767026277676 353.20202582142474 383.41833287749796 399.60318037639445 386.43920692149277 346.73750700706387 402.53262770547235 396.4604306745355 363.37459544592366 376.4982054921202 393.1963775055474 384.313286254122 382.2464588236735 409.61531039696456 391.6096000855282 363.2353138680469 382.2206681272487 362.4902795118778 381.07166044886344 407.69741468419215 393.1159675201329 
363.02845525151224 406.1366834384503 361.0310276648288 374.7320918418741 359.767026277676 353.20202582142474 383.41833287749796 392.8931902559939 386.43920692149277 346.73750700706387 402.53262770547235 396.4604306745355 363.37459544592366 376.4982054921202 393.1963775055474 384.313286254122 382.2464588236735 409.61531039696456 391.6096000855282 363.2353138680469 382.2206681272487 362.4902795118778 381.07166044886344 407.69741468419215 393.1159675201329 
363.02845525151224 406.1366834384503 361.0310276648288 374.7320918418741 359.767026277676 353.20202582142474 383.41833287749796 392.8931902559939 386.43920692149277 346.73750700706387 402.53262770547235 396.4604306745355 363.37459544592366 376.4982054921202 393.1963775055474 384.313286254122 382.2464588236735 409.61531039696456 391.6096000855282 363.2353138680469 382.2206681272487 362.4902795118778 381.07166044886344 407.69741468419215 393.1159675201329 
363.02845525151224 406.1366834384503 361.0310276648288 374.7320918418741 359.767026277676 353.20202582142474 383.41833287749796 392.8931902559939 386.43920692149277 346.73750700706387 402.53262770547235 396.4604306745355 363.37459544592366 376.4982054921202 393.1963775055474 384.313286254122 382.2464588236735 409.61531039696456 391.6096000855282 363.2353138680469 382.2206681272487 362.4902795118778 381.07166044886344 407.69741468419215 393.1159675201329 
363.02845525151224 406.1366834384503 361.0310276648288 374.7320918418741 359.767026277676 353.20202582142474 383.41833287749796 392.8931902559939 386.43920692149277 346.73750700706387 402.53262770547235 396.4604306745355 363.37459544592366 376.4982054921202 393.1963775055474 384.313286254122 382.2464588236735 409.61531039696456 391.6096000855282 363.2353138680469 382.2206681272487 362.4902795118778 381.07166044886344 407.69741468419215 393.1159675201329 
363.02845525151224 406.1366834384503 361.0310276648288 374.7320918418741 359.767026277676 353.20202582142474 383.41833287749796 392.8931902559939 386.43920692149277 346.73750700706387 402.53262770547235 396.4604306745355 363.37459544592366 376.4982054921202 393.1963775055474 384.313286254122 382.2464588236735 409.61531039696456 391.6096000855282 363.2353138680469 382.2206681272487 362.4902795118778 381.07166044886344 407.69741468419215 393.1159675201329 
363.02845525151224 406.1366834384503 361.0310276648288 374.7320918418741 359.767026277676 353.20202582142474 383.41833287749796 392.8931902559939 386.43920692149277 346.73750700706387 402.53262770547235 396.4604306745355 363.37459544592366 376.4982054921202 393.1963775055474 384.313286254122 382.2464588236735 409.61531039696456 391.6096000855282 363.2353138680469 382.2206681272487 362.4902795118778 381.07166044886344 407.69741468419215 389.78616230230955 
363.02845525151224 406.1366834384503 361.0310276648288 374.7320918418741 359.767026277676 353.20202582142474 383.41833287749796 392.8931902559939 386.43920692149277 346.73750700706387 402.53262770547235 396.4604306745355 363.37459544592366 376.4982054921202 393.1963775055474 384.313286254122 382.2464588236735 409.61531039696456 391.6096000855282 363.2353138680469 382.2206681272487 362.4902795118778 381.07166044886344 407.69741468419215 389.78616230230955 
363.02845525151224 406.1366834384503 361.0310276648288 374.7320918418741 359.767026277676 353.20202582142474 383.41833287749796 392.8931902559939 386.43920692149277 346.73750700706387 402.53262770547235 396.4604306745355 363.37459544592366 376.4982054921202 393.1963775055474 384.313286254122 382.2464588236735 409.61531039696456 391.6096000855282 363.2353138680469 382.2206681272487 362.4902795118778 381.07166044886344 407.69741468419215 389.78616230230955 
363.02845525151224 406.1366834384503 361.0310276648288 374.7320918418741 359.767026277676 353.20202582142474 383.41833287749796 392.8931902559939 386.43920692149277 346.73750700706387 402.53262770547235 396.4604306745355 363.37459544592366 376.4982054921202 393.1963775055474 384.313286254122 382.2464588236735 409.61531039696456 391.6096000855282 363.2353138680469 382.2206681272487 362.4902795118778 381.07166044886344 407.69741468419215 389.78616230230955 
363.02845525151224 406.1366834384503 361.0310276648288 374.7320918418741 359.767026277676 353.20202582142474 383.41833287749796 392.8931902559939 386.43920692149277 346.73750700706387 402.53262770547235 396.4604306745355 363.37459544592366 376.4982054921202 393.1963775055474 384.313286254122 382.2464588236735 409.61531039696456 391.6096000855282 363.2353138680469 382.2206681272487 362.4902795118778 381.07166044886344 407.69741468419215 389.78616230230955 
363.02845525151224 406.1366834384503 361.0310276648288 374.7320918418741 359.767026277676 353.20202582142474 383.41833287749796 392.8931902559939 386.43920692149277 346.73750700706387 402.53262770547235 396.4604306745355 363.37459544592366 376.4982054921202 393.1963775055474 384.313286254122 382.2464588236735 409.61531039696456 391.6096000855282 363.2353138680469 382.2206681272487 362.4902795118778 381.07166044886344 407.69741468419215 389.78616230230955 
363.02845525151224 406.1366834384503 361.0310276648288 374.7320918418741 359.767026277676 353.20202582142474 383.41833287749796 392.8931902559939 386.43920692149277 346.73750700706387 402.53262770547235 396.4604306745355 363.37459544592366 376.4982054921202 393.1963775055474 384.313286254122 382.2464588236735 409.61531039696456 391.6096000855282 363.2353138680469 382.2206681272487 362.4902795118778 375.74818266299826 407.69741468419215 389.78616230230955 
363.02845525151224 406.1366834384503 361.0310276648288 374.7320918418741 359.767026277676 353.20202582142474 383.41833287749796 392.8931902559939 386.43920692149277 346.73750700706387 402.53262770547235 396.4604306745355 363.37459544592366 376.4982054921202 393.1963775055474 384.313286254122 382.2464588236735 409.61531039696456 391.6096000855282 363.2353138680469 382.2206681272487 362.4902795118778 375.74818266299826 407.69741468419215 389.78616230230955 
363.02845525151224 406.1366834384503 361.0310276648288 374.7320918418741 359.767026277676 353.20202582142474 383.41833287749796 392.8931902559939 386.43920692149277 346.73750700706387 402.53262770547235 396.4604306745355 363.37459544592366 376.4982054921202 393.1963775055474 384.313286254122 382.2464588236735 409.61531039696456 391.6096000855282 363.2353138680469 382.2206681272487 362.4902795118778 375.74818266299826 407.69741468419215 389.78616230230955 
363.02845525151224 395.9177589642982 361.0310276648288 374.7320918418741 359.767026277676 353.20202582142474 383.41833287749796 392.8931902559939 386.43920692149277 346.73750700706387 402.53262770547235 396.4604306745355 363.37459544592366 376.4982054921202 393.1963775055474 384.313286254122 382.2464588236735 409.61531039696456 391.6096000855282 363.2353138680469 382.2206681272487 362.4902795118778 375.74818266299826 407.69741468419215 389.78616230230955 
363.02845525151224 395.9177589642982 361.0310276648288 374.7320918418741 359.767026277676 353.20202582142474 383.41833287749796 392.8931902559939 386.43920692149277 346.73750700706387 402.53262770547235 396.4604306745355 363.37459544592366 376.4982054921202 393.1963775055474 384.313286254122 382.2464588236735 409.61531039696456 391.6096000855282 363.2353138680469 382.2206681272487 362.4902795118778 375.74818266299826 407.69741468419215 389.78616230230955 
363.02845525151224 395.9177589642982 361.0310276648288 374.7320918418741 359.767026277676 353.20202582142474 383.41833287749796 392.8931902559939 386.43920692149277 346.73750700706387 402.53262770547235 396.4604306745355 363.37459544592366 376.4982054921202 393.1963775055474 384.313286254122 382.2464588236735 409.61531039696456 391.6096000855282 363.2353138680469 382.2206681272487 362.4902795118778 375.74818266299826 407.69741468419215 389.78616230230955 
363.02845525151224 395.9177589642982 361.0310276648288 374.7320918418741 359.767026277676 353.20202582142474 381.2231049663392 392.8931902559939 386.43920692149277 346.73750700706387 402.53262770547235 396.4604306745355 363.37459544592366 376.4982054921202 393.1963775055474 384.313286254122 382.2464588236735 409.61531039696456 391.6096000855282 363.2353138680469 382.2206681272487 362.4902795118778 375.74818266299826 407.69741468419215 389.78616230230955 
363.02845525151224 395.9177589642982 361.0310276648288 373.2251505146414 359.767026277676 353.20202582142474 381.2231049663392 392.8931902559939 386.43920692149277 346.73750700706387 402.53262770547235 396.4604306745355 363.37459544592366 376.4982054921202 393.1963775055474 384.313286254122 382.2464588236735 409.61531039696456 391.6096000855282 363.2353138680469 382.2206681272487 362.4902795118778 375.74818266299826 407.69741468419215 389.78616230230955 
359.0189671145781 395.9177589642982 361.0310276648288 373.2251505146414 359.767026277676 353.20202582142474 381.2231049663392 392.89149220319405 386.43920692149277 346.73750700706387 402.53262770547235 396.4604306745355 363.37459544592366 376.4982054921202 393.1963775055474 384.313286254122 382.2464588236735 409.61531039696456 391.6096000855282 363.2353138680469 382.2206681272487 362.4902795118778 375.74818266299826 407.69741468419215 389.78616230230955 
359.0189671145781 395.9177589642982 361.0310276648288 373.2251505146414 359.767026277676 353.20202582142474 381.2231049663392 392.89149220319405 386.43920692149277 346.73750700706387 402.53262770547235 396.4604306745355 363.37459544592366 376.4982054921202 393.1963775055474 384.313286254122 382.2464588236735 409.61531039696456 391.6096000855282 363.2353138680469 382.2206681272487 362.4902795118778 375.74818266299826 407.69741468419215 389.78616230230955 
359.0189671145781 395.9177589642982 361.0310276648288 373.2251505146414 359.767026277676 353.20202582142474 381.2231049663392 392.89149220319405 386.43920692149277 346.73750700706387 402.53262770547235 396.4604306745355 363.37459544592366 376.4982054921202 393.1963775055474 384.313286254122 382.2464588236735 409.61531039696456 391.6096000855282 363.2353138680469 382.2206681272487 362.4902795118778 375.74818266299826 407.69741468419215 387.9228080966768 
359.0189671145781 395.9177589642982 361.0310276648288 373.2251505146414 359.767026277676 353.20202582142474 381.2231049663392 386.2187135250374 386.43920692149277 346.73750700706387 402.53262770547235 396.4604306745355 363.37459544592366 376.4982054921202 393.1963775055474 384.313286254122 382.2464588236735 409.61531039696456 391.6096000855282 363.2353138680469 382.2206681272487 362.4902795118778 375.74818266299826 407.69741468419215 387.9228080966768 
359.0189671145781 395.9177589642982 361.0310276648288 373.2251505146414 359.767026277676 353.20202582142474 381.2231049663392 386.2187135250374 386.43920692149277 346.73750700706387 402.53262770547235 396.4604306745355 363.37459544592366 376.4982054921202 393.1963775055474 384.313286254122 382.2464588236735 409.61531039696456 391.6096000855282 363.2353138680469 382.2206681272487 362.4902795118778 375.74818266299826 407.69741468419215 387.9228080966768 
359.0189671145781 395.9177589642982 361.0310276648288 373.2251505146414 359.767026277676 353.20202582142474 381.2231049663392 386.2187135250374 386.43920692149277 346.73750700706387 402.53262770547235 396.4604306745355 363.37459544592366 376.4982054921202 393.1963775055474 384.313286254122 380.88267601523194 409.61531039696456 391.6096000855282 363.2353138680469 382.2206681272487 362.4902795118778 375.74818266299826 407.69741468419215 387.9228080966768 
359.0189671145781 395.9177589642982 361.0310276648288 373.2251505146414 359.767026277676 353.20202582142474 381.2231049663392 386.2187135250374 386.43920692149277 346.73750700706387 402.3511169473654 396.4604306745355 363.37459544592366 376.4982054921202 393.1963775055474 384.313286254122 380.88267601523194 409.61531039696456 391.6096000855282 363.2353138680469 382.2206681272487 362.4902795118778 375.74818266299826 407.69741468419215 387.9228080966768 
359.0189671145781 395.9177589642982 361.0310276648288 373.2251505146414 359.767026277676 353.20202582142474 381.2231049663392 386.2187135250374 386.43920692149277 346.73750700706387 402.3511169473654 396.4604306745355 363.37459544592366 376.4982054921202 393.1963775055474 384.313286254122 380.88267601523194 409.61531039696456 391.6096000855282 363.2353138680469 382.2206681272487 362.4902795118778 375.74818266299826 407.69741468419215 387.9228080966768 
359.0189671145781 395.9177589642982 361.0310276648288 373.2251505146414 359.767026277676 353.20202582142474 381.2231049663392 386.2187135250374 386.43920692149277 346.73750700706387 402.3511169473654 396.4604306745355 363.37459544592366 376.4982054921202 393.1963775055474 384.313286254122 380.88267601523194 409.61531039696456 391.6096000855282 363.2353138680469 382.2206681272487 362.4902795118778 375.74818266299826 407.69741468419215 376.8455615991038 
359.0189671145781 395.9177589642982 361.0310276648288 373.2251505146414 359.767026277676 353.20202582142474 381.2231049663392 386.2187135250374 386.43920692149277 346.73750700706387 402.3511169473654 396.4604306745355 363.37459544592366 376.4982054921202 393.1963775055474 384.313286254122 380.88267601523194 409.61531039696456 391.6096000855282 363.2353138680469 382.2206681272487 362.4902795118778 375.74818266299826 407.69741468419215 376.8455615991038 
359.0189671145781 395.9177589642982 361.0310276648288 373.2251505146414 359.767026277676 353.20202582142474 381.2231049663392 386.2187135250374 386.43920692149277 346.73750700706387 398.8945983249132 396.4604306745355 363.37459544592366 376.4982054921202 393.1963775055474 384.313286254122 380.88267601523194 409.61531039696456 391.6096000855282 363.2353138680469 382.2206681272487 362.4902795118778 375.74818266299826 407.69741468419215 376.8455615991038 
359.0189671145781 395.9177589642982 361.0310276648288 373.2251505146414 359.767026277676 353.20202582142474 381.2231049663392 386.2187135250374 386.43920692149277 346.73750700706387 398.8945983249132 396.4604306745355 363.37459544592366 376.4982054921202 393.1963775055474 384.313286254122 380.88267601523194 409.61531039696456 391.6096000855282 363.2353138680469 382.2206681272487 362.4902795118778 375.74818266299826 407.69741468419215 376.8455615991038 
359.0189671145781 395.9177589642982 361.0310276648288 373.2251505146414 359.767026277676 353.20202582142474 381.2231049663392 386.2187135250374 386.43920692149277 346.73750700706387 398.8945983249132 396.4604306745355 363.37459544592366 376.4982054921202 393.1963775055474 384.313286254122 380.88267601523194 409.61531039696456 391.6096000855282 363.2353138680469 382.2206681272487 362.4902795118778 375.74818266299826 407.69741468419215 376.8455615991038 
359.0189671145781 395.9177589642982 361.0310276648288 373.2251505146414 359.767026277676 353.20202582142474 381.2231049663392 386.2187135250374 386.43920692149277 346.73750700706387 398.8945983249132 396.4604306745355 363.37459544592366 376.4982054921202 393.1963775055474 384.313286254122 380.88267601523194 409.61531039696456 391.6096000855282 363.2353138680469 382.2206681272487 362.4902795118778 375.74818266299826 407.69741468419215 376.8455615991038 
359.0189671145781 395.9177589642982 361.0310276648288 373.2251505146414 359.767026277676 353.20202582142474 381.2231049663392 386.2187135250374 386.43920692149277 346.73750700706387 398.8945983249132 396.4604306745355 363.37459544592366 376.4982054921202 393.1963775055474 384.313286254122 380.88267601523194 409.61531039696456 391.6096000855282 363.2353138680469 382.2206681272487 362.4902795118778 375.74818266299826 407.69741468419215 376.8455615991038 
359.0189671145781 395.9177589642982 361.0310276648288 373.2251505146414 359.767026277676 353.20202582142474 381.2231049663392 386.2187135250374 386.43920692149277 346.73750700706387 398.8945983249132 396.4604306745355 363.37459544592366 376.4982054921202 393.1963775055474 384.313286254122 380.88267601523194 409.61531039696456 391.6096000855282 363.2353138680469 382.2206681272487 362.4902795118778 375.74818266299826 407.69741468419215 376.8455615991038 
359.0189671145781 395.9177589642982 361.0310276648288 373.2251505146414 359.767026277676 353.20202582142474 381.2231049663392 386.2187135250374 386.43920692149277 346.73750700706387 398.8945983249132 396.4604306745355 363.37459544592366 376.4982054921202 393.1963775055474 384.313286254122 380.88267601523194 409.61531039696456 391.6096000855282 363.2353138680469 382.2206681272487 362.4902795118778 375.74818266299826 407.69741468419215 376.8455615991038 
359.0189671145781 395.9177589642982 361.0310276648288 373.2251505146414 359.767026277676 353.20202582142474 381.2231049663392 373.63386957963985 386.43920692149277 346.73750700706387 398.8945983249132 396.4604306745355 363.37459544592366 376.4982054921202 393.1963775055474 384.313286254122 380.88267601523194 409.61531039696456 391.6096000855282 363.2353138680469 382.2206681272487 362.4902795118778 375.74818266299826 407.69741468419215 376.8455615991038 
359.0189671145781 395.9177589642982 361.0310276648288 373.2251505146414 359.767026277676 353.20202582142474 381.2231049663392 373.63386957963985 386.43920692149277 346.73750700706387 398.8945983249132 396.4604306745355 363.37459544592366 376.4982054921202 393.1963775055474 384.313286254122 380.88267601523194 409.61531039696456 391.6096000855282 363.2353138680469 382.2206681272487 362.4902795118778 375.74818266299826 407.69741468419215 364.0764157788976 
359.0189671145781 395.9177589642982 361.0310276648288 373.2251505146414 359.767026277676 353.20202582142474 381.2231049663392 373.63386957963985 386.43920692149277 346.73750700706387 387.0977225153815 396.4604306745355 363.37459544592366 376.4982054921202 393.1963775055474 384.313286254122 380.88267601523194 409.61531039696456 391.6096000855282 363.2353138680469 382.2206681272487 362.4902795118778 375.74818266299826 407.69741468419215 364.0764157788976 
359.0189671145781 395.9177589642982 361.0310276648288 373.2251505146414 359.767026277676 353.20202582142474 381.2231049663392 373.63386957963985 386.43920692149277 346.73750700706387 387.0977225153815 396.4604306745355 363.37459544592366 376.4982054921202 393.1963775055474 384.313286254122 380.88267601523194 409.61531039696456 391.6096000855282 363.2353138680469 382.2206681272487 362.4902795118778 375.74818266299826 407.69741468419215 364.0764157788976 
359.0189671145781 395.9177589642982 361.0310276648288 373.2251505146414 359.767026277676 353.20202582142474 381.2231049663392 373.63386957963985 386.43920692149277 346.73750700706387 387.0977225153815 396.4604306745355 363.37459544592366 376.4982054921202 393.1963775055474 384.313286254122 380.88267601523194 409.61531039696456 391.6096000855282 358.1162250740954 382.2206681272487 362.4902795118778 375.74818266299826 407.69741468419215 364.0764157788976 
359.0189671145781 395.9177589642982 361.0310276648288 373.2251505146414 359.767026277676 353.20202582142474 381.2231049663392 373.63386957963985 386.43920692149277 346.73750700706387 387.0977225153815 396.4604306745355 363.37459544592366 376.4982054921202 393.1963775055474 384.313286254122 380.88267601523194 409.61531039696456 391.6096000855282 358.1162250740954 382.2206681272487 362.4902795118778 375.74818266299826 407.69741468419215 364.0764157788976 
359.0189671145781 395.9177589642982 361.0310276648288 373.2251505146414 359.767026277676 353.20202582142474 381.2231049663392 373.63386957963985 386.43920692149277 346.73750700706387 387.0977225153815 396.4604306745355 363.37459544592366 376.4982054921202 393.1963775055474 384.313286254122 380.88267601523194 409.61531039696456 391.6096000855282 358.1162250740954 382.2206681272487 362.4902795118778 375.74818266299826 407.69741468419215 364.0764157788976 
359.0189671145781 395.9177589642982 361.0310276648288 373.2251505146414 359.767026277676 353.20202582142474 381.2231049663392 373.63386957963985 386.43920692149277 346.73750700706387 387.0977225153815 396.4604306745355 363.37459544592366 376.4982054921202 393.1963775055474 384.313286254122 380.88267601523194 409.61531039696456 391.6096000855282 358.1162250740954 382.2206681272487 362.4902795118778 375.74818266299826 407.69741468419215 364.0764157788976 
359.0189671145781 395.9177589642982 361.0310276648288 373.2251505146414 359.767026277676 353.20202582142474 381.2231049663392 373.63386957963985 386.43920692149277 346.73750700706387 387.0977225153815 396.4604306745355 363.37459544592366 376.4982054921202 393.1963775055474 384.313286254122 380.88267601523194 409.61531039696456 391.6096000855282 358.1162250740954 382.2206681272487 362.4902795118778 375.74818266299826 407.69741468419215 364.0764157788976 
359.0189671145781 395.9177589642982 361.0310276648288 373.2251505146414 359.767026277676 353.20202582142474 381.2231049663392 373.63386957963985 386.43920692149277 346.73750700706387 387.0977225153815 396.4604306745355 363.37459544592366 376.4982054921202 393.1963775055474 384.313286254122 380.88267601523194 409.61531039696456 391.6096000855282 358.1162250740954 382.2206681272487 362.4902795118778 375.74818266299826 407.69741468419215 364.0764157788976 
359.0189671145781 395.9177589642982 361.0310276648288 373.2251505146414 359.767026277676 353.20202582142474 381.2231049663392 373.63386957963985 386.43920692149277 346.73750700706387 387.0977225153815 396.4604306745355 363.37459544592366 376.4982054921202 393.1963775055474 384.313286254122 380.88267601523194 408.145692119032 391.6096000855282 358.1162250740954 382.2206681272487 362.4902795118778 375.74818266299826 407.69741468419215 364.0764157788976 
359.0189671145781 395.9177589642982 361.0310276648288 373.2251505146414 359.767026277676 353.20202582142474 381.2231049663392 373.63386957963985 386.43920692149277 346.73750700706387 387.0977225153815 396.4604306745355 363.37459544592366 376.4982054921202 393.1963775055474 384.313286254122 380.88267601523194 402.94963913865286 391.6096000855282 358.1162250740954 382.2206681272487 362.4902795118778 375.74818266299826 407.69741468419215 360.40199701466145 
359.0189671145781 395.9177589642982 361.0310276648288 373.2251505146414 359.767026277676 353.20202582142474 381.2231049663392 373.63386957963985 386.43920692149277 346.73750700706387 387.0977225153815 396.4604306745355 363.37459544592366 376.4982054921202 393.1963775055474 384.313286254122 373.71910529403976 402.94963913865286 391.6096000855282 358.1162250740954 382.2206681272487 362.4902795118778 375.74818266299826 407.69741468419215 360.40199701466145 
359.0189671145781 395.9177589642982 361.0310276648288 373.2251505146414 359.767026277676 353.20202582142474 381.2231049663392 373.63386957963985 386.43920692149277 346.73750700706387 387.0977225153815 396.4604306745355 363.37459544592366 376.4982054921202 393.1963775055474 384.313286254122 373.71910529403976 402.94963913865286 391.6096000855282 358.1162250740954 373.50180233080573 362.4902795118778 375.74818266299826 407.69741468419215 360.40199701466145 
359.0189671145781 395.9177589642982 361.0310276648288 373.2251505146414 359.767026277676 353.20202582142474 381.2231049663392 373.63386957963985 386.43920692149277 346.73750700706387 387.0977225153815 396.4604306745355 363.37459544592366 376.4982054921202 393.1963775055474 384.313286254122 373.71910529403976 402.94963913865286 391.6096000855282 358.1162250740954 373.50180233080573 362.4902795118778 375.74818266299826 407.69741468419215 360.40199701466145 
359.0189671145781 395.9177589642982 361.0310276648288 373.2251505146414 359.767026277676 353.20202582142474 381.2231049663392 373.63386957963985 386.43920692149277 346.73750700706387 387.0977225153815 396.4604306745355 363.37459544592366 376.4982054921202 393.1963775055474 384.313286254122 373.71910529403976 387.4436471703457 391.6096000855282 358.1162250740954 373.50180233080573 362.4902795118778 375.74818266299826 407.69741468419215 360.40199701466145 
359.0189671145781 395.9177589642982 361.0310276648288 373.2251505146414 359.767026277676 353.20202582142474 381.2231049663392 373.63386957963985 386.43920692149277 346.73750700706387 387.0977225153815 396.4604306745355 363.37459544592366 376.4982054921202 393.1963775055474 384.313286254122 373.71910529403976 387.4436471703457 391.6096000855282 358.1162250740954 373.50180233080573 362.4902795118778 375.74818266299826 407.69741468419215 360.40199701466145 
359.0189671145781 395.9177589642982 361.0310276648288 373.2251505146414 359.767026277676 353.20202582142474 381.2231049663392 373.63386957963985 386.43920692149277 346.73750700706387 387.0977225153815 396.4604306745355 363.37459544592366 376.4982054921202 393.1963775055474 384.313286254122 373.71910529403976 387.4436471703457 391.6096000855282 358.1162250740954 373.50180233080573 362.4902795118778 375.74818266299826 407.69741468419215 360.40199701466145 
359.0189671145781 395.9177589642982 361.0310276648288 373.2251505146414 359.767026277676 353.20202582142474 381.2231049663392 373.63386957963985 386.43920692149277 346.73750700706387 387.0977225153815 396.4604306745355 363.37459544592366 376.4982054921202 393.1963775055474 384.313286254122 373.71910529403976 387.4436471703457 391.6096000855282 358.1162250740954 373.50180233080573 362.4902795118778 375.74818266299826 407.69741468419215 360.40199701466145 
359.0189671145781 395.9177589642982 361.0310276648288 373.2251505146414 359.767026277676 353.20202582142474 381.2231049663392 373.63386957963985 386.43920692149277 346.73750700706387 387.0977225153815 396.4604306745355 352.7148640382652 376.4982054921202 393.1963775055474 384.313286254122 373.71910529403976 387.4436471703457 391.6096000855282 358.1162250740954 373.50180233080573 362.4902795118778 375.74818266299826 407.69741468419215 360.40199701466145 
359.0189671145781 395.9177589642982 361.0310276648288 373.2251505146414 359.767026277676 353.20202582142474 381.2231049663392 373.63386957963985 386.43920692149277 346.73750700706387 387.0977225153815 396.4604306745355 352.7148640382652 376.4982054921202 393.1963775055474 384.313286254122 373.71910529403976 387.4436471703457 391.6096000855282 358.1162250740954 373.50180233080573 362.4902795118778 375.74818266299826 407.69741468419215 360.40199701466145 
359.0189671145781 395.9177589642982 361.0310276648288 373.2251505146414 359.767026277676 353.20202582142474 381.2231049663392 373.63386957963985 386.43920692149277 346.73750700706387 386.2704619970282 396.4604306745355 352.7148640382652 376.4982054921202 393.1963775055474 384.313286254122 373.71910529403976 387.4436471703457 391.6096000855282 358.1162250740954 373.50180233080573 362.4902795118778 375.74818266299826 407.69741468419215 360.40199701466145 
359.0189671145781 395.9177589642982 361.0310276648288 373.2251505146414 359.767026277676 353.20202582142474 381.2231049663392 373.63386957963985 386.43920692149277 346.73750700706387 386.2704619970282 396.4604306745355 352.7148640382652 376.4982054921202 393.1963775055474 384.313286254122 373.71910529403976 365.736274129501 391.6096000855282 358.1162250740954 373.50180233080573 362.4902795118778 375.74818266299826 407.69741468419215 360.40199701466145 
359.0189671145781 395.9177589642982 361.0310276648288 373.2251505146414 359.767026277676 353.20202582142474 381.2231049663392 373.63386957963985 386.43920692149277 346.73750700706387 386.2704619970282 396.4604306745355 352.7148640382652 376.4982054921202 393.1963775055474 384.313286254122 373.71910529403976 365.736274129501 391.6096000855282 358.1162250740954 373.50180233080573 362.4902795118778 375.74818266299826 407.69741468419215 360.40199701466145 
359.0189671145781 395.9177589642982 361.0310276648288 373.2251505146414 359.767026277676 353.20202582142474 381.2231049663392 373.63386957963985 386.43920692149277 346.73750700706387 386.2704619970282 396.4604306745355 352.7148640382652 376.4982054921202 393.1963775055474 384.313286254122 373.71910529403976 365.736274129501 391.6096000855282 358.1162250740954 373.50180233080573 362.4902795118778 375.74818266299826 381.6185073449042 360.40199701466145 
359.0189671145781 395.9177589642982 361.0310276648288 373.2251505146414 359.767026277676 353.20202582142474 381.2231049663392 373.63386957963985 386.43920692149277 346.73750700706387 386.2704619970282 396.4604306745355 352.7148640382652 376.4982054921202 393.1963775055474 384.313286254122 373.71910529403976 365.736274129501 391.6096000855282 358.1162250740954 373.50180233080573 362.4902795118778 375.74818266299826 381.6185073449042 360.40199701466145 
359.0189671145781 395.9177589642982 361.0310276648288 373.2251505146414 359.767026277676 318.219655892779 381.2231049663392 373.63386957963985 386.43920692149277 346.73750700706387 386.2704619970282 396.4604306745355 352.7148640382652 376.4982054921202 393.1963775055474 384.313286254122 373.71910529403976 365.736274129501 391.6096000855282 358.1162250740954 373.50180233080573 362.4902795118778 375.74818266299826 381.6185073449042 360.40199701466145 
359.0189671145781 395.9177589642982 361.0310276648288 373.2251505146414 359.767026277676 318.219655892779 381.2231049663392 373.63386957963985 386.43920692149277 346.73750700706387 386.2704619970282 396.4604306745355 352.7148640382652 376.4982054921202 393.1963775055474 384.313286254122 373.71910529403976 365.736274129501 391.6096000855282 358.1162250740954 363.90587060080816 362.4902795118778 375.74818266299826 381.6185073449042 360.40199701466145 
359.0189671145781 395.9177589642982 361.0310276648288 373.2251505146414 359.767026277676 318.219655892779 381.2231049663392 373.63386957963985 386.43920692149277 346.73750700706387 386.2704619970282 396.4604306745355 352.7148640382652 376.4982054921202 393.1963775055474 384.313286254122 373.71910529403976 365.736274129501 391.6096000855282 358.1162250740954 363.90587060080816 362.4902795118778 375.74818266299826 381.6185073449042 360.40199701466145 
359.0189671145781 395.9177589642982 361.0310276648288 373.2251505146414 359.767026277676 318.219655892779 381.2231049663392 373.63386957963985 386.43920692149277 346.73750700706387 386.2704619970282 396.4604306745355 352.7148640382652 376.4982054921202 393.1963775055474 384.313286254122 373.71910529403976 365.736274129501 391.6096000855282 358.1162250740954 363.90587060080816 362.4902795118778 375.74818266299826 381.6185073449042 360.40199701466145 
359.0189671145781 395.9177589642982 361.0310276648288 373.2251505146414 359.767026277676 318.219655892779 381.2231049663392 373.63386957963985 386.43920692149277 346.73750700706387 386.2704619970282 396.4604306745355 352.7148640382652 376.4982054921202 393.1963775055474 384.313286254122 373.71910529403976 365.736274129501 391.6096000855282 358.1162250740954 363.90587060080816 362.4902795118778 375.74818266299826 381.6185073449042 360.40199701466145 
359.0189671145781 395.9177589642982 361.0310276648288 373.2251505146414 359.767026277676 318.219655892779 381.2231049663392 373.63386957963985 386.43920692149277 346.73750700706387 386.2704619970282 396.4604306745355 352.7148640382652 376.4982054921202 393.1963775055474 384.313286254122 373.71910529403976 365.736274129501 391.6096000855282 358.1162250740954 363.90587060080816 362.4902795118778 375.74818266299826 381.6185073449042 360.40199701466145 
359.0189671145781 395.9177589642982 361.0310276648288 367.75055086081056 359.767026277676 318.219655892779 381.2231049663392 373.63386957963985 386.43920692149277 346.73750700706387 386.2704619970282 396.4604306745355 352.7148640382652 376.4982054921202 393.1963775055474 384.313286254122 373.71910529403976 365.736274129501 391.6096000855282 358.1162250740954 363.90587060080816 362.4902795118778 375.74818266299826 381.6185073449042 360.40199701466145 
359.0189671145781 395.9177589642982 361.0310276648288 367.75055086081056 359.767026277676 318.219655892779 381.2231049663392 373.63386957963985 386.43920692149277 346.73750700706387 386.2704619970282 396.4604306745355 352.7148640382652 376.4982054921202 393.1963775055474 384.313286254122 373.71910529403976 365.736274129501 391.6096000855282 358.1162250740954 363.90587060080816 362.4902795118778 375.74818266299826 381.6185073449042 360.40199701466145 
359.0189671145781 395.9177589642982 361.0310276648288 367.75055086081056 359.767026277676 318.219655892779 381.2231049663392 373.63386957963985 386.43920692149277 346.73750700706387 386.2704619970282 396.4604306745355 352.7148640382652 376.4982054921202 393.1963775055474 384.313286254122 373.71910529403976 365.736274129501 391.6096000855282 358.1162250740954 363.90587060080816 362.4902795118778 375.74818266299826 381.6185073449042 360.40199701466145 
359.0189671145781 395.9177589642982 361.0310276648288 367.75055086081056 359.767026277676 318.219655892779 381.2231049663392 373.63386957963985 386.43920692149277 346.73750700706387 386.2704619970282 396.4604306745355 352.7148640382652 376.4982054921202 393.1963775055474 384.313286254122 373.71910529403976 365.736274129501 391.6096000855282 358.1162250740954 363.90587060080816 362.4902795118778 375.74818266299826 381.6185073449042 360.40199701466145 
359.0189671145781 395.9177589642982 361.0310276648288 367.75055086081056 359.767026277676 318.219655892779 381.2231049663392 373.63386957963985 386.43920692149277 346.73750700706387 386.2704619970282 396.4604306745355 352.7148640382652 376.4982054921202 393.1963775055474 384.313286254122 373.71910529403976 365.736274129501 388.7501082545118 358.1162250740954 363.90587060080816 362.4902795118778 375.74818266299826 381.6185073449042 360.40199701466145 
359.0189671145781 395.9177589642982 361.0310276648288 367.75055086081056 359.767026277676 318.219655892779 381.2231049663392 373.63386957963985 386.43920692149277 346.73750700706387 386.2704619970282 396.4604306745355 352.7148640382652 376.4982054921202 393.1963775055474 384.313286254122 373.71910529403976 365.736274129501 388.7501082545118 358.1162250740954 363.90587060080816 362.4902795118778 375.74818266299826 381.6185073449042 360.40199701466145 
353.469625020256 395.9177589642982 361.0310276648288 367.75055086081056 359.767026277676 318.219655892779 381.2231049663392 373.63386957963985 386.43920692149277 346.73750700706387 386.2704619970282 396.4604306745355 352.7148640382652 376.4982054921202 393.1963775055474 384.313286254122 373.71910529403976 365.736274129501 388.7501082545118 358.1162250740954 363.90587060080816 362.4902795118778 375.74818266299826 381.6185073449042 360.40199701466145 
353.469625020256 395.9177589642982 361.0310276648288 367.75055086081056 359.767026277676 318.219655892779 381.2231049663392 373.63386957963985 386.43920692149277 346.73750700706387 386.2704619970282 396.4604306745355 352.7148640382652 376.4982054921202 393.1963775055474 384.313286254122 373.71910529403976 365.736274129501 388.7501082545118 358.1162250740954 363.90587060080816 362.4902795118778 375.74818266299826 381.6185073449042 360.40199701466145 
353.469625020256 395.9177589642982 361.0310276648288 367.75055086081056 359.767026277676 318.219655892779 381.2231049663392 373.63386957963985 386.43920692149277 346.73750700706387 386.2704619970282 396.4604306745355 352.7148640382652 376.4982054921202 393.1963775055474 384.313286254122 373.71910529403976 365.736274129501 388.7501082545118 358.1162250740954 363.90587060080816 362.4902795118778 375.74818266299826 381.6185073449042 360.40199701466145 
353.469625020256 395.9177589642982 361.0310276648288 361.93936338868843 359.767026277676 318.219655892779 381.2231049663392 373.63386957963985 386.43920692149277 346.73750700706387 386.2704619970282 396.4604306745355 352.7148640382652 376.4982054921202 393.1963775055474 384.313286254122 373.71910529403976 365.736274129501 388.7501082545118 358.1162250740954 363.90587060080816 362.4902795118778 375.74818266299826 381.6185073449042 360.40199701466145 
353.469625020256 395.9177589642982 361.0310276648288 361.93936338868843 359.767026277676 318.219655892779 381.2231049663392 373.63386957963985 386.43920692149277 346.73750700706387 386.2704619970282 396.4604306745355 352.7148640382652 376.4982054921202 393.1963775055474 384.313286254122 373.71910529403976 365.736274129501 388.7501082545118 358.1162250740954 363.90587060080816 362.4902795118778 375.74818266299826 381.6185073449042 360.40199701466145 
353.469625020256 395.9177589642982 361.0310276648288 361.93936338868843 359.767026277676 318.219655892779 381.2231049663392 373.63386957963985 386.43920692149277 346.73750700706387 386.2704619970282 396.4604306745355 352.7148640382652 376.4982054921202 393.1963775055474 384.313286254122 373.71910529403976 365.736274129501 388.7501082545118 358.1162250740954 363.90587060080816 362.4902795118778 375.74818266299826 381.6185073449042 360.40199701466145 
353.469625020256 395.9177589642982 361.0310276648288 361.93936338868843 359.767026277676 318.219655892779 381.2231049663392 373.63386957963985 386.43920692149277 346.73750700706387 386.2704619970282 396.4604306745355 352.7148640382652 376.4982054921202 393.1963775055474 384.313286254122 373.71910529403976 365.736274129501 388.7501082545118 358.1162250740954 363.90587060080816 362.4902795118778 375.74818266299826 381.6185073449042 360.40199701466145 
353.469625020256 395.9177589642982 361.0310276648288 361.93936338868843 359.767026277676 318.219655892779 381.2231049663392 373.63386957963985 386.43920692149277 346.73750700706387 386.2704619970282 396.4604306745355 352.7148640382652 376.4982054921202 393.1963775055474 384.313286254122 373.71910529403976 365.736274129501 388.7501082545118 358.1162250740954 363.90587060080816 362.4902795118778 375.74818266299826 381.6185073449042 360.40199701466145 
353.469625020256 395.9177589642982 361.0310276648288 361.93936338868843 359.767026277676 318.219655892779 381.2231049663392 373.63386957963985 386.43920692149277 346.73750700706387 386.2704619970282 396.4604306745355 352.7148640382652 376.4982054921202 393.1963775055474 384.313286254122 373.71910529403976 365.736274129501 388.7501082545118 358.1162250740954 363.90587060080816 362.4902795118778 370.74378382084615 381.6185073449042 360.40199701466145 
353.469625020256 395.9177589642982 361.0310276648288 361.93936338868843 359.767026277676 318.219655892779 381.2231049663392 373.63386957963985 386.43920692149277 346.73750700706387 386.2704619970282 396.4604306745355 352.7148640382652 376.4982054921202 393.1963775055474 384.313286254122 373.71910529403976 365.736274129501 388.7501082545118 358.1162250740954 363.90587060080816 362.4902795118778 370.74378382084615 381.6185073449042 360.40199701466145 
353.469625020256 395.9177589642982 361.0310276648288 361.93936338868843 359.767026277676 318.219655892779 381.2231049663392 373.63386957963985 386.43920692149277 346.73750700706387 386.2704619970282 396.4604306745355 352.7148640382652 376.4982054921202 393.1963775055474 384.313286254122 373.71910529403976 365.736274129501 388.7501082545118 358.1162250740954 363.90587060080816 362.4902795118778 370.74378382084615 381.6185073449042 360.40199701466145 
353.469625020256 395.9177589642982 361.0310276648288 361.93936338868843 359.767026277676 318.219655892779 381.2231049663392 373.63386957963985 386.43920692149277 346.73750700706387 386.2704619970282 396.4604306745355 352.7148640382652 376.4982054921202 393.1963775055474 384.313286254122 373.71910529403976 365.736274129501 388.7501082545118 358.1162250740954 363.90587060080816 362.4902795118778 357.3467478005882 381.6185073449042 360.40199701466145 
353.469625020256 395.9177589642982 361.0310276648288 361.93936338868843 359.767026277676 318.219655892779 381.2231049663392 373.63386957963985 386.43920692149277 346.73750700706387 386.2704619970282 396.4604306745355 352.7148640382652 376.4982054921202 393.1963775055474 384.313286254122 373.71910529403976 365.736274129501 388.7501082545118 358.1162250740954 363.90587060080816 362.4902795118778 357.3467478005882 381.6185073449042 360.40199701466145 
353.469625020256 395.9177589642982 361.0310276648288 361.93936338868843 359.767026277676 318.219655892779 381.2231049663392 373.63386957963985 386.43920692149277 346.73750700706387 386.2704619970282 396.4604306745355 352.7148640382652 376.4982054921202 393.1963775055474 384.313286254122 373.71910529403976 365.736274129501 388.7501082545118 358.1162250740954 363.90587060080816 362.4902795118778 357.3467478005882 381.6185073449042 360.40199701466145 
353.469625020256 395.9177589642982 361.0310276648288 361.93936338868843 359.767026277676 318.219655892779 381.2231049663392 373.63386957963985 386.43920692149277 346.73750700706387 386.2704619970282 396.4604306745355 352.7148640382652 376.4982054921202 393.1963775055474 384.313286254122 373.71910529403976 365.736274129501 388.7501082545118 358.1162250740954 363.90587060080816 362.4902795118778 357.3467478005882 381.6185073449042 360.40199701466145 
353.469625020256 395.9177589642982 361.0310276648288 361.93936338868843 359.767026277676 318.219655892779 381.2231049663392 373.63386957963985 386.43920692149277 346.73750700706387 386.2704619970282 396.4604306745355 352.7148640382652 376.4982054921202 393.1963775055474 384.313286254122 373.71910529403976 365.736274129501 388.7501082545118 358.1162250740954 363.90587060080816 362.4902795118778 354.44122717636765 381.6185073449042 360.40199701466145 
353.469625020256 395.9177589642982 361.0310276648288 361.93936338868843 359.767026277676 318.219655892779 381.2231049663392 373.63386957963985 386.43920692149277 346.73750700706387 386.2704619970282 396.4604306745355 352.7148640382652 376.4982054921202 393.1963775055474 384.313286254122 373.71910529403976 365.736274129501 388.7501082545118 358.1162250740954 363.90587060080816 362.4902795118778 354.44122717636765 381.6185073449042 360.40199701466145 
353.469625020256 395.9177589642982 361.0310276648288 361.93936338868843 359.767026277676 318.219655892779 381.2231049663392 373.63386957963985 385.74418158529306 346.73750700706387 386.2704619970282 396.4604306745355 352.7148640382652 376.4982054921202 393.1963775055474 384.313286254122 373.71910529403976 365.736274129501 388.7501082545118 358.1162250740954 363.90587060080816 362.4902795118778 354.44122717636765 381.6185073449042 360.40199701466145 
353.469625020256 395.9177589642982 361.0310276648288 361.93936338868843 359.767026277676 318.219655892779 381.2231049663392 373.63386957963985 385.74418158529306 346.73750700706387 386.2704619970282 396.4604306745355 338.00897690839247 376.4982054921202 393.1963775055474 384.313286254122 373.71910529403976 357.2791181630864 388.7501082545118 358.1162250740954 363.90587060080816 362.4902795118778 354.44122717636765 381.6185073449042 360.40199701466145 
353.469625020256 395.9177589642982 361.0310276648288 361.93936338868843 359.767026277676 318.219655892779 381.2231049663392 373.63386957963985 385.74418158529306 346.73750700706387 386.2704619970282 396.4604306745355 338.00897690839247 376.4982054921202 393.1963775055474 384.313286254122 373.71910529403976 357.2791181630864 388.7501082545118 358.1162250740954 363.90587060080816 362.4902795118778 354.44122717636765 381.6185073449042 360.40199701466145 
353.469625020256 395.9177589642982 361.0310276648288 361.93936338868843 359.767026277676 318.219655892779 381.2231049663392 373.63386957963985 385.74418158529306 346.73750700706387 386.2704619970282 396.4604306745355 338.00897690839247 376.4982054921202 393.1963775055474 384.313286254122 373.71910529403976 357.2791181630864 388.7501082545118 358.1162250740954 363.90587060080816 362.4902795118778 354.44122717636765 381.6185073449042 360.40199701466145 
353.469625020256 395.9177589642982 361.0310276648288 361.93936338868843 359.767026277676 318.219655892779 381.2231049663392 373.63386957963985 385.74418158529306 346.73750700706387 386.2704619970282 396.4604306745355 338.00897690839247 376.4982054921202 393.1963775055474 384.313286254122 373.71910529403976 357.2791181630864 388.7501082545118 358.1162250740954 363.90587060080816 362.4902795118778 354.44122717636765 381.6185073449042 360.40199701466145 
353.469625020256 395.9177589642982 361.0310276648288 361.93936338868843 359.767026277676 318.219655892779 381.2231049663392 373.63386957963985 385.74418158529306 346.73750700706387 386.2704619970282 396.4604306745355 338.00897690839247 376.4982054921202 393.1963775055474 384.313286254122 373.71910529403976 357.2791181630864 388.7501082545118 358.1162250740954 363.90587060080816 362.4902795118778 354.44122717636765 381.6185073449042 360.40199701466145 
353.469625020256 395.9177589642982 361.0310276648288 361.93936338868843 359.767026277676 318.219655892779 381.2231049663392 373.63386957963985 385.74418158529306 346.73750700706387 386.2704619970282 396.4604306745355 321.68620409951427 376.4982054921202 393.1963775055474 375.2491738304352 373.71910529403976 357.2791181630864 388.7501082545118 358.1162250740954 363.90587060080816 362.4902795118778 354.44122717636765 381.6185073449042 360.40199701466145 
353.469625020256 395.9177589642982 361.0310276648288 361.93936338868843 359.767026277676 318.219655892779 381.2231049663392 373.63386957963985 385.74418158529306 346.73750700706387 386.2704619970282 396.4604306745355 321.68620409951427 376.4982054921202 393.1963775055474 375.2491738304352 373.71910529403976 357.2791181630864 388.7501082545118 358.1162250740954 363.90587060080816 362.4902795118778 354.44122717636765 381.6185073449042 360.40199701466145 
353.469625020256 395.9177589642982 361.0310276648288 361.93936338868843 359.767026277676 318.219655892779 381.2231049663392 373.63386957963985 385.74418158529306 346.73750700706387 386.2704619970282 396.4604306745355 321.68620409951427 376.4982054921202 393.1963775055474 375.2491738304352 373.71910529403976 357.2791181630864 388.7501082545118 358.1162250740954 363.90587060080816 362.4902795118778 354.44122717636765 371.1942574134396 360.40199701466145 
353.469625020256 395.9177589642982 361.0310276648288 361.93936338868843 359.767026277676 318.219655892779 381.2231049663392 373.63386957963985 385.74418158529306 346.73750700706387 386.2704619970282 396.4604306745355 321.68620409951427 376.4982054921202 393.1963775055474 375.2491738304352 373.71910529403976 357.2791181630864 388.7501082545118 358.1162250740954 363.90587060080816 362.4902795118778 354.44122717636765 371.1942574134396 360.40199701466145 
353.469625020256 395.9177589642982 361.0310276648288 361.93936338868843 359.767026277676 318.219655892779 381.2231049663392 373.63386957963985 385.74418158529306 346.73750700706387 386.2704619970282 396.4604306745355 321.68620409951427 376.4982054921202 393.1963775055474 343.6032206947166 373.71910529403976 357.2791181630864 388.7501082545118 358.1162250740954 363.90587060080816 362.4902795118778 354.44122717636765 371.1942574134396 360.40199701466145 
353.469625020256 395.9177589642982 361.0310276648288 361.93936338868843 359.767026277676 318.219655892779 381.2231049663392 373.63386957963985 385.74418158529306 346.73750700706387 386.2704619970282 396.4604306745355 321.68620409951427 376.4982054921202 393.1963775055474 343.6032206947166 373.71910529403976 357.2791181630864 388.7501082545118 358.1162250740954 363.90587060080816 362.4902795118778 354.44122717636765 371.1942574134396 360.40199701466145 
353.469625020256 370.0314029423321 361.0310276648288 361.93936338868843 359.767026277676 318.219655892779 381.2231049663392 373.63386957963985 385.74418158529306 346.73750700706387 386.2704619970282 396.4604306745355 321.68620409951427 376.4982054921202 393.1963775055474 343.6032206947166 373.71910529403976 357.2791181630864 388.7501082545118 358.1162250740954 363.90587060080816 362.4902795118778 354.44122717636765 371.1942574134396 360.40199701466145 
353.469625020256 370.0314029423321 361.0310276648288 361.93936338868843 359.767026277676 318.219655892779 381.2231049663392 373.63386957963985 385.74418158529306 346.73750700706387 386.2704619970282 396.4604306745355 321.68620409951427 376.4982054921202 393.1963775055474 343.6032206947166 373.71910529403976 357.2791181630864 388.7501082545118 358.1162250740954 363.90587060080816 362.4902795118778 330.3050585548431 371.1942574134396 360.40199701466145 
353.469625020256 370.0314029423321 361.0310276648288 361.93936338868843 359.767026277676 318.219655892779 381.2231049663392 373.63386957963985 385.74418158529306 346.73750700706387 386.2704619970282 396.4604306745355 321.68620409951427 376.4982054921202 393.1963775055474 343.6032206947166 373.71910529403976 357.2791181630864 388.7501082545118 358.1162250740954 363.90587060080816 362.4902795118778 330.3050585548431 371.1942574134396 360.40199701466145 
353.469625020256 370.0314029423321 361.0310276648288 361.93936338868843 359.767026277676 318.219655892779 381.2231049663392 373.63386957963985 385.74418158529306 346.73750700706387 386.2704619970282 396.4604306745355 321.68620409951427 376.4982054921202 393.1963775055474 343.6032206947166 373.71910529403976 357.2791181630864 388.7501082545118 358.1162250740954 363.90587060080816 362.4902795118778 330.3050585548431 371.1942574134396 360.40199701466145 
353.469625020256 370.0314029423321 361.0310276648288 361.93936338868843 359.767026277676 318.219655892779 381.2231049663392 373.63386957963985 385.74418158529306 346.73750700706387 386.2704619970282 396.4604306745355 321.68620409951427 376.4982054921202 393.1963775055474 343.6032206947166 373.71910529403976 357.2791181630864 388.7501082545118 358.1162250740954 363.90587060080816 362.4902795118778 330.3050585548431 371.1942574134396 360.40199701466145 
353.469625020256 370.0314029423321 361.0310276648288 361.93936338868843 359.767026277676 318.219655892779 381.2231049663392 373.63386957963985 385.74418158529306 346.73750700706387 386.2704619970282 396.4604306745355 321.68620409951427 376.4982054921202 393.1963775055474 343.6032206947166 373.71910529403976 357.2791181630864 388.7501082545118 358.1162250740954 363.90587060080816 362.4902795118778 330.3050585548431 371.1942574134396 360.40199701466145 
353.469625020256 370.0314029423321 361.0310276648288 361.93936338868843 359.767026277676 318.219655892779 381.2231049663392 373.63386957963985 385.74418158529306 346.73750700706387 386.2704619970282 396.4604306745355 321.68620409951427 376.4982054921202 393.1963775055474 343.6032206947166 373.71910529403976 357.2791181630864 388.7501082545118 355.5805252172445 363.90587060080816 362.4902795118778 330.3050585548431 371.1942574134396 360.40199701466145 
353.469625020256 370.0314029423321 361.0310276648288 361.93936338868843 359.767026277676 318.219655892779 381.2231049663392 373.63386957963985 385.74418158529306 346.73750700706387 386.2704619970282 396.4604306745355 321.68620409951427 376.4982054921202 393.1963775055474 343.6032206947166 373.71910529403976 357.2791181630864 388.7501082545118 355.5805252172445 363.90587060080816 362.4902795118778 330.3050585548431 371.1942574134396 360.40199701466145 
353.0283985449296 370.0314029423321 361.0310276648288 361.93936338868843 359.767026277676 318.219655892779 381.2231049663392 373.63386957963985 385.74418158529306 346.73750700706387 386.2704619970282 396.4604306745355 321.68620409951427 376.4982054921202 393.1963775055474 343.6032206947166 373.71910529403976 357.2791181630864 388.7501082545118 355.5805252172445 363.90587060080816 362.4902795118778 330.3050585548431 371.1942574134396 360.40199701466145 
353.0283985449296 370.0314029423321 361.0310276648288 361.93936338868843 359.767026277676 318.219655892779 381.2231049663392 373.63386957963985 385.74418158529306 346.73750700706387 386.2704619970282 396.4604306745355 321.68620409951427 376.4982054921202 393.1963775055474 343.6032206947166 373.71910529403976 354.49466027967765 388.7501082545118 355.5805252172445 363.90587060080816 362.4902795118778 330.3050585548431 371.1942574134396 360.40199701466145 
353.0283985449296 370.0314029423321 361.0310276648288 361.93936338868843 359.767026277676 318.219655892779 381.2231049663392 373.63386957963985 385.74418158529306 346.73750700706387 386.2704619970282 396.4604306745355 321.68620409951427 376.4982054921202 393.1963775055474 343.6032206947166 373.71910529403976 354.49466027967765 388.7501082545118 355.5805252172445 363.90587060080816 362.4902795118778 330.3050585548431 371.1942574134396 360.40199701466145 
353.0283985449296 370.0314029423321 361.0310276648288 361.93936338868843 359.767026277676 318.219655892779 381.2231049663392 373.63386957963985 385.74418158529306 346.73750700706387 386.2704619970282 396.4604306745355 321.68620409951427 376.4982054921202 393.1963775055474 343.6032206947166 373.71910529403976 354.49466027967765 388.7501082545118 355.5805252172445 363.90587060080816 362.4902795118778 330.3050585548431 371.1942574134396 341.04969190416705 
353.0283985449296 370.0314029423321 361.0310276648288 361.93936338868843 359.767026277676 318.219655892779 381.2231049663392 373.63386957963985 385.74418158529306 346.73750700706387 386.2704619970282 396.4604306745355 321.68620409951427 376.4982054921202 393.1963775055474 343.6032206947166 373.71910529403976 336.5647439942509 388.7501082545118 355.5805252172445 363.90587060080816 362.4902795118778 330.3050585548431 371.1942574134396 341.04969190416705 
353.0283985449296 370.0314029423321 361.0310276648288 361.93936338868843 359.767026277676 318.219655892779 381.2231049663392 373.63386957963985 385.74418158529306 346.73750700706387 386.2704619970282 396.4604306745355 321.68620409951427 376.4982054921202 393.1963775055474 343.6032206947166 373.71910529403976 336.5647439942509 388.7501082545118 355.5805252172445 363.90587060080816 362.4902795118778 330.3050585548431 371.1942574134396 341.04969190416705 
337.9414370399436 370.0314029423321 361.0310276648288 361.93936338868843 359.767026277676 318.219655892779 381.2231049663392 373.63386957963985 385.74418158529306 346.73750700706387 386.2704619970282 396.4604306745355 321.68620409951427 376.4982054921202 393.1963775055474 343.6032206947166 373.71910529403976 336.5647439942509 388.7501082545118 355.5805252172445 363.90587060080816 362.4902795118778 330.3050585548431 371.1942574134396 341.04969190416705 
337.9414370399436 370.0314029423321 361.0310276648288 361.93936338868843 359.767026277676 318.219655892779 381.2231049663392 373.63386957963985 385.74418158529306 346.73750700706387 386.2704619970282 396.4604306745355 321.68620409951427 376.4982054921202 393.1963775055474 343.6032206947166 373.71910529403976 336.5647439942509 388.7501082545118 355.5805252172445 363.90587060080816 362.4902795118778 330.3050585548431 371.1942574134396 341.04969190416705 
337.9414370399436 365.1629041488195 361.0310276648288 361.93936338868843 359.767026277676 318.219655892779 381.2231049663392 373.63386957963985 385.74418158529306 346.73750700706387 386.2704619970282 396.4604306745355 321.68620409951427 376.4982054921202 393.1963775055474 343.6032206947166 373.71910529403976 336.5647439942509 388.7501082545118 355.5805252172445 351.15127287494624 362.4902795118778 330.3050585548431 371.1942574134396 341.04969190416705 
337.9414370399436 365.1629041488195 361.0310276648288 361.93936338868843 359.767026277676 318.219655892779 381.2231049663392 373.63386957963985 385.74418158529306 346.73750700706387 386.2704619970282 396.4604306745355 321.68620409951427 376.4982054921202 393.1963775055474 343.6032206947166 373.71910529403976 336.5647439942509 388.7501082545118 355.5805252172445 351.15127287494624 362.4902795118778 330.3050585548431 371.1942574134396 341.04969190416705 
337.9414370399436 365.1629041488195 361.0310276648288 361.93936338868843 359.767026277676 318.219655892779 381.2231049663392 373.63386957963985 385.74418158529306 346.73750700706387 386.2704619970282 396.4604306745355 321.68620409951427 376.4982054921202 393.1963775055474 343.6032206947166 373.71910529403976 336.5647439942509 388.7501082545118 355.5805252172445 351.15127287494624 362.4902795118778 324.8046453899019 371.1942574134396 341.04969190416705 
337.9414370399436 365.1629041488195 361.0310276648288 361.93936338868843 359.767026277676 318.219655892779 381.2231049663392 373.63386957963985 385.74418158529306 346.73750700706387 386.2704619970282 396.4604306745355 321.68620409951427 376.4982054921202 393.1963775055474 343.6032206947166 373.71910529403976 336.5647439942509 388.7501082545118 355.5805252172445 351.15127287494624 362.4902795118778 324.8046453899019 371.1942574134396 341.04969190416705 
337.9414370399436 365.1629041488195 361.0310276648288 361.93936338868843 359.767026277676 318.219655892779 381.2231049663392 373.63386957963985 385.74418158529306 346.73750700706387 386.2704619970282 396.4604306745355 321.68620409951427 376.4982054921202 393.1963775055474 343.6032206947166 373.71910529403976 336.5647439942509 388.7501082545118 355.5805252172445 351.15127287494624 362.4902795118778 324.8046453899019 371.1942574134396 341.04969190416705 
337.9414370399436 365.1629041488195 361.0310276648288 361.93936338868843 359.767026277676 318.219655892779 381.2231049663392 373.63386957963985 385.74418158529306 346.73750700706387 386.2704619970282 396.4604306745355 321.68620409951427 376.4982054921202 393.1963775055474 343.6032206947166 373.71910529403976 336.5647439942509 388.7501082545118 355.5805252172445 351.15127287494624 362.4902795118778 324.8046453899019 371.1942574134396 341.04969190416705 
337.9414370399436 365.1629041488195 361.0310276648288 361.93936338868843 359.767026277676 318.219655892779 381.2231049663392 373.63386957963985 385.74418158529306 346.73750700706387 386.2704619970282 396.4604306745355 321.68620409951427 376.4982054921202 393.1963775055474 343.6032206947166 373.71910529403976 336.5647439942509 388.7501082545118 355.5805252172445 351.15127287494624 362.4902795118778 324.8046453899019 371.1942574134396 341.04969190416705 
337.9414370399436 365.1629041488195 361.0310276648288 361.93936338868843 343.87225700445924 318.219655892779 381.2231049663392 373.63386957963985 371.2747818733833 346.73750700706387 386.2704619970282 396.4604306745355 321.68620409951427 376.4982054921202 393.1963775055474 343.6032206947166 373.71910529403976 336.5647439942509 386.0854707432859 355.5805252172445 351.15127287494624 362.4902795118778 324.8046453899019 371.1942574134396 341.04969190416705 
337.9414370399436 365.1629041488195 361.0310276648288 361.93936338868843 343.87225700445924 318.219655892779 381.2231049663392 373.63386957963985 363.2133011761962 346.73750700706387 386.2704619970282 396.4604306745355 321.68620409951427 376.4982054921202 393.1963775055474 343.6032206947166 373.71910529403976 336.5647439942509 386.0854707432859 355.5805252172445 351.15127287494624 362.4902795118778 324.8046453899019 371.1942574134396 340.6408500884845 
337.9414370399436 365.1629041488195 361.0310276648288 361.93936338868843 343.87225700445924 318.219655892779 381.2231049663392 373.63386957963985 363.2133011761962 346.73750700706387 386.2704619970282 396.4604306745355 321.68620409951427 376.4982054921202 393.1963775055474 343.6032206947166 373.71910529403976 336.5647439942509 386.0854707432859 355.5805252172445 351.15127287494624 362.4902795118778 324.8046453899019 371.1942574134396 339.52591017129726 
337.9414370399436 365.1629041488195 361.0310276648288 361.93936338868843 343.87225700445924 318.219655892779 381.2231049663392 373.63386957963985 363.2133011761962 346.73750700706387 386.2704619970282 396.4604306745355 321.68620409951427 376.4982054921202 393.1963775055474 343.6032206947166 373.71910529403976 336.5647439942509 386.0854707432859 355.5805252172445 351.15127287494624 362.4902795118778 324.8046453899019 371.1942574134396 335.0339604616247 
337.9414370399436 365.1629041488195 361.0310276648288 361.93936338868843 343.87225700445924 318.219655892779 381.2231049663392 373.63386957963985 363.2133011761962 346.73750700706387 386.2704619970282 396.4604306745355 321.68620409951427 376.4982054921202 393.1963775055474 343.6032206947166 373.71910529403976 336.5647439942509 386.0854707432859 355.5805252172445 351.15127287494624 362.4902795118778 324.8046453899019 371.1942574134396 335.0339604616247 
337.9414370399436 365.1629041488195 361.0310276648288 361.93936338868843 343.87225700445924 318.219655892779 381.2231049663392 373.63386957963985 363.2133011761962 346.73750700706387 386.2704619970282 396.4604306745355 321.68620409951427 376.4982054921202 393.1963775055474 343.6032206947166 373.71910529403976 336.5647439942509 386.0854707432859 355.5805252172445 351.15127287494624 362.4902795118778 324.8046453899019 371.1942574134396 331.23777958752817 
337.9414370399436 365.1629041488195 361.0310276648288 361.93936338868843 343.87225700445924 318.219655892779 381.2231049663392 373.63386957963985 363.2133011761962 346.73750700706387 367.68552147765513 396.4604306745355 321.68620409951427 376.4982054921202 393.1963775055474 343.6032206947166 373.71910529403976 336.5647439942509 386.0854707432859 355.5805252172445 351.15127287494624 362.4902795118778 324.8046453899019 371.1942574134396 331.23777958752817 
337.9414370399436 365.1629041488195 361.0310276648288 361.93936338868843 343.87225700445924 318.219655892779 381.2231049663392 373.63386957963985 363.2133011761962 346.73750700706387 367.68552147765513 396.4604306745355 321.68620409951427 376.4982054921202 393.1963775055474 343.6032206947166 373.71910529403976 336.5647439942509 386.0854707432859 355.5805252172445 351.15127287494624 362.4902795118778 324.8046453899019 371.1942574134396 331.08618869601423 
337.9414370399436 365.1629041488195 361.0310276648288 361.93936338868843 343.87225700445924 318.219655892779 381.2231049663392 373.63386957963985 363.2133011761962 346.73750700706387 367.68552147765513 396.4604306745355 321.68620409951427 376.4982054921202 393.1963775055474 343.6032206947166 373.71910529403976 336.5647439942509 386.0854707432859 355.5805252172445 351.15127287494624 362.4902795118778 324.8046453899019 371.1942574134396 331.08618869601423 
337.9414370399436 365.1629041488195 361.0310276648288 361.93936338868843 343.87225700445924 318.219655892779 381.2231049663392 373.63386957963985 363.2133011761962 346.73750700706387 367.68552147765513 396.4604306745355 321.68620409951427 376.4982054921202 393.1963775055474 343.6032206947166 373.71910529403976 336.5647439942509 386.0854707432859 355.5805252172445 351.15127287494624 362.4902795118778 324.8046453899019 371.1942574134396 329.89634109516237 
337.9414370399436 365.1629041488195 361.0310276648288 359.92812141874083 343.87225700445924 318.219655892779 381.2231049663392 373.63386957963985 363.2133011761962 346.73750700706387 367.68552147765513 396.4604306745355 321.68620409951427 376.4982054921202 393.1963775055474 343.6032206947166 373.71910529403976 336.5647439942509 386.0854707432859 355.5805252172445 351.15127287494624 362.4902795118778 324.8046453899019 371.1942574134396 329.89634109516237 
337.9414370399436 365.1629041488195 361.0310276648288 359.92812141874083 343.87225700445924 318.219655892779 381.2231049663392 373.63386957963985 363.2133011761962 346.73750700706387 367.68552147765513 396.4604306745355 321.68620409951427 376.4982054921202 393.1963775055474 343.6032206947166 373.71910529403976 336.5647439942509 386.0854707432859 355.5805252172445 351.15127287494624 362.4902795118778 324.8046453899019 371.1942574134396 322.7944363969036 
337.9414370399436 365.1629041488195 361.0310276648288 359.92812141874083 343.87225700445924 318.219655892779 381.2231049663392 373.63386957963985 363.2133011761962 346.73750700706387 367.68552147765513 396.4604306745355 321.68620409951427 376.4982054921202 393.1963775055474 343.6032206947166 373.71910529403976 336.5647439942509 386.0854707432859 355.5805252172445 351.15127287494624 362.4902795118778 324.39204469916376 371.1942574134396 321.2837031367285 
337.9414370399436 365.1629041488195 361.0310276648288 359.92812141874083 343.87225700445924 318.219655892779 381.2231049663392 373.63386957963985 363.2133011761962 346.73750700706387 367.68552147765513 396.4604306745355 321.68620409951427 376.4982054921202 393.1963775055474 343.6032206947166 373.71910529403976 336.5647439942509 386.0854707432859 355.5805252172445 351.15127287494624 362.4902795118778 323.722922684643 371.1942574134396 321.2837031367285 
337.9414370399436 358.62914904590025 361.0310276648288 357.6929674710341 343.87225700445924 318.219655892779 381.2231049663392 373.63386957963985 363.2133011761962 346.73750700706387 367.68552147765513 396.4604306745355 321.68620409951427 376.4982054921202 393.1963775055474 343.6032206947166 366.94940328193707 336.5647439942509 386.0854707432859 355.5805252172445 351.15127287494624 362.4902795118778 323.722922684643 371.1942574134396 321.2837031367285 
337.9414370399436 358.62914904590025 361.0310276648288 357.6929674710341 343.87225700445924 318.219655892779 381.2231049663392 373.63386957963985 363.2133011761962 346.73750700706387 367.68552147765513 396.4604306745355 321.68620409951427 376.4982054921202 393.1963775055474 343.6032206947166 366.94940328193707 328.84286546991143 386.0854707432859 355.5805252172445 351.15127287494624 362.4902795118778 323.722922684643 371.1942574134396 320.12695925167736 
337.9414370399436 358.62914904590025 361.0310276648288 357.6929674710341 343.87225700445924 318.219655892779 381.2231049663392 373.63386957963985 363.2133011761962 346.73750700706387 367.68552147765513 396.4604306745355 321.68620409951427 376.4982054921202 393.1963775055474 343.6032206947166 366.94940328193707 328.84286546991143 386.0854707432859 355.5805252172445 351.15127287494624 362.4902795118778 323.722922684643 371.1942574134396 320.12695925167736 
337.9414370399436 358.62914904590025 361.0310276648288 357.6929674710341 343.87225700445924 318.219655892779 381.2231049663392 373.63386957963985 363.2133011761962 346.73750700706387 367.68552147765513 396.4604306745355 321.68620409951427 376.4982054921202 393.1963775055474 343.6032206947166 366.94940328193707 328.84286546991143 386.0854707432859 355.5805252172445 351.15127287494624 362.4902795118778 323.722922684643 371.1942574134396 320.12695925167736 
337.9414370399436 358.62914904590025 361.0310276648288 357.6929674710341 343.87225700445924 318.219655892779 381.2231049663392 373.63386957963985 363.2133011761962 346.73750700706387 367.68552147765513 396.4604306745355 321.68620409951427 376.4982054921202 393.1963775055474 343.6032206947166 366.94940328193707 328.84286546991143 386.0854707432859 355.5805252172445 351.15127287494624 362.4902795118778 323.722922684643 371.1942574134396 320.12695925167736 
337.9414370399436 358.62914904590025 361.0310276648288 357.6929674710341 343.87225700445924 318.219655892779 369.3014844729573 373.63386957963985 363.2133011761962 346.73750700706387 367.68552147765513 396.4604306745355 321.68620409951427 376.4982054921202 393.1963775055474 343.6032206947166 366.94940328193707 328.84286546991143 386.0854707432859 355.5805252172445 351.15127287494624 362.4902795118778 323.722922684643 371.1942574134396 320.12695925167736 
337.9414370399436 358.62914904590025 361.0310276648288 357.6929674710341 343.87225700445924 318.219655892779 369.3014844729573 373.63386957963985 363.2133011761962 346.73750700706387 367.68552147765513 396.4604306745355 321.68620409951427 376.4982054921202 393.1963775055474 343.6032206947166 366.94940328193707 328.84286546991143 386.0854707432859 355.5805252172445 351.15127287494624 362.4902795118778 323.722922684643 371.1942574134396 320.12695925167736 
337.9414370399436 358.62914904590025 361.0310276648288 357.6929674710341 343.87225700445924 318.219655892779 369.3014844729573 373.63386957963985 363.2133011761962 346.73750700706387 367.68552147765513 396.4604306745355 321.68620409951427 376.4982054921202 393.1963775055474 343.6032206947166 366.94940328193707 328.84286546991143 386.0854707432859 355.5805252172445 351.15127287494624 362.4902795118778 323.722922684643 371.1942574134396 316.48687137252637 
337.9414370399436 358.62914904590025 361.0310276648288 357.6929674710341 343.87225700445924 318.219655892779 369.3014844729573 373.63386957963985 346.81753251236523 346.73750700706387 367.68552147765513 396.4604306745355 321.68620409951427 376.4982054921202 393.1963775055474 343.6032206947166 366.94940328193707 328.84286546991143 386.0854707432859 355.5805252172445 351.15127287494624 362.4902795118778 323.722922684643 371.1942574134396 313.56245807582263 
337.9414370399436 358.62914904590025 361.0310276648288 357.6929674710341 343.87225700445924 318.219655892779 369.3014844729573 373.63386957963985 346.81753251236523 346.73750700706387 367.68552147765513 396.4604306745355 321.68620409951427 376.4982054921202 393.1963775055474 343.6032206947166 366.94940328193707 328.84286546991143 386.0854707432859 355.5805252172445 351.15127287494624 362.4902795118778 323.722922684643 371.1942574134396 313.56245807582263 
337.9414370399436 358.62914904590025 361.0310276648288 357.6929674710341 343.87225700445924 318.219655892779 369.3014844729573 373.63386957963985 346.81753251236523 346.73750700706387 367.68552147765513 396.4604306745355 321.68620409951427 376.4982054921202 393.1963775055474 343.6032206947166 366.94940328193707 328.84286546991143 386.0854707432859 355.5805252172445 351.15127287494624 362.4902795118778 323.722922684643 371.1942574134396 313.56245807582263 
337.9414370399436 358.62914904590025 361.0310276648288 357.6929674710341 343.87225700445924 318.219655892779 369.3014844729573 373.63386957963985 346.81753251236523 346.73750700706387 367.68552147765513 396.4604306745355 321.68620409951427 376.4982054921202 393.1963775055474 343.6032206947166 366.94940328193707 328.84286546991143 386.0854707432859 355.5805252172445 351.15127287494624 362.4902795118778 323.722922684643 371.1942574134396 313.56245807582263 
337.9414370399436 358.62914904590025 361.0310276648288 357.6929674710341 343.87225700445924 318.219655892779 369.3014844729573 373.63386957963985 346.81753251236523 346.73750700706387 367.68552147765513 396.4604306745355 321.68620409951427 376.4982054921202 393.1963775055474 343.6032206947166 366.94940328193707 328.84286546991143 386.0854707432859 355.5805252172445 351.15127287494624 362.4902795118778 323.722922684643 371.1942574134396 313.56245807582263 
337.9414370399436 358.62914904590025 361.0310276648288 357.6929674710341 343.87225700445924 318.219655892779 369.3014844729573 373.63386957963985 346.81753251236523 346.73750700706387 367.68552147765513 396.4604306745355 321.68620409951427 375.28614295418447 393.1963775055474 343.6032206947166 366.94940328193707 328.84286546991143 386.0854707432859 355.5805252172445 351.15127287494624 362.4902795118778 323.722922684643 371.1942574134396 312.3729481430528 
337.9414370399436 358.62914904590025 361.0310276648288 357.6929674710341 343.87225700445924 318.219655892779 369.3014844729573 373.63386957963985 346.81753251236523 346.73750700706387 367.68552147765513 396.4604306745355 321.68620409951427 375.28614295418447 393.1963775055474 343.6032206947166 366.94940328193707 328.84286546991143 386.0854707432859 355.5805252172445 351.15127287494624 362.4902795118778 323.722922684643 371.1942574134396 311.620766850765 
337.9414370399436 358.62914904590025 361.0310276648288 357.6929674710341 343.87225700445924 318.219655892779 369.3014844729573 373.63386957963985 346.81753251236523 346.73750700706387 367.68552147765513 396.4604306745355 316.8201853157552 350.2757750819783 393.1963775055474 343.6032206947166 366.94940328193707 328.84286546991143 383.67292763926935 355.5805252172445 351.15127287494624 362.4902795118778 323.722922684643 371.1942574134396 311.620766850765 
337.9414370399436 358.62914904590025 361.0310276648288 357.6929674710341 343.87225700445924 318.219655892779 369.3014844729573 373.63386957963985 346.81753251236523 346.73750700706387 367.68552147765513 396.4604306745355 316.8201853157552 350.2757750819783 393.1963775055474 343.6032206947166 366.94940328193707 328.84286546991143 383.67292763926935 355.5805252172445 351.15127287494624 362.4902795118778 323.722922684643 371.1942574134396 310.59500606249594 
337.9414370399436 358.62914904590025 361.0310276648288 357.6929674710341 343.87225700445924 318.219655892779 369.3014844729573 373.63386957963985 346.81753251236523 346.73750700706387 367.68552147765513 396.4604306745355 310.06254047206994 350.2757750819783 393.1963775055474 343.6032206947166 366.94940328193707 328.84286546991143 383.67292763926935 355.5805252172445 351.15127287494624 362.4902795118778 323.722922684643 368.7544457901822 308.8910780303222 
337.9414370399436 358.62914904590025 361.0310276648288 357.6929674710341 343.87225700445924 318.219655892779 369.3014844729573 373.63386957963985 346.81753251236523 346.73750700706387 367.68552147765513 396.4604306745355 310.06254047206994 350.2757750819783 393.1963775055474 343.6032206947166 366.94940328193707 328.84286546991143 383.67292763926935 355.5805252172445 351.15127287494624 362.4902795118778 323.722922684643 368.7544457901822 308.8910780303222 
337.9414370399436 358.62914904590025 361.0310276648288 357.6929674710341 343.87225700445924 318.219655892779 369.3014844729573 373.63386957963985 346.81753251236523 346.73750700706387 367.68552147765513 396.4604306745355 310.06254047206994 350.2757750819783 393.1963775055474 343.6032206947166 366.94940328193707 328.84286546991143 382.7998113507497 355.5805252172445 351.15127287494624 362.4902795118778 323.722922684643 368.7544457901822 307.87628385042126 
337.9414370399436 358.62914904590025 361.0310276648288 357.6929674710341 343.87225700445924 318.219655892779 369.3014844729573 373.63386957963985 346.81753251236523 346.73750700706387 367.68552147765513 396.4604306745355 310.06254047206994 350.2757750819783 393.1963775055474 343.6032206947166 358.7699143769196 328.84286546991143 382.7998113507497 355.5805252172445 351.15127287494624 362.4902795118778 323.722922684643 368.7544457901822 307.87628385042126 
337.9414370399436 358.62914904590025 361.0310276648288 357.6929674710341 343.87225700445924 318.219655892779 369.3014844729573 373.63386957963985 346.81753251236523 346.73750700706387 367.68552147765513 396.4604306745355 310.06254047206994 350.2757750819783 393.1963775055474 343.6032206947166 358.7699143769196 328.84286546991143 382.12272538664274 355.5805252172445 351.15127287494624 362.4902795118778 323.722922684643 368.7544457901822 307.87628385042126 
337.9414370399436 358.62914904590025 361.0310276648288 357.6929674710341 343.87225700445924 318.219655892779 369.3014844729573 373.63386957963985 346.81753251236523 346.73750700706387 367.68552147765513 396.4604306745355 310.06254047206994 350.2757750819783 393.1963775055474 343.6032206947166 358.7699143769196 328.84286546991143 382.12272538664274 355.5805252172445 349.0813483923157 362.4902795118778 323.722922684643 368.7544457901822 307.59379802835747 
337.9414370399436 358.62914904590025 361.0310276648288 357.6929674710341 343.87225700445924 318.219655892779 369.3014844729573 373.63386957963985 346.81753251236523 346.73750700706387 367.68552147765513 396.4604306745355 310.06254047206994 350.2757750819783 393.1963775055474 343.6032206947166 358.7699143769196 328.84286546991143 382.12272538664274 355.5805252172445 349.0813483923157 362.4902795118778 323.722922684643 367.86194007854874 307.59379802835747 
337.9414370399436 358.36379175665934 361.0310276648288 357.6929674710341 343.87225700445924 318.219655892779 369.3014844729573 373.63386957963985 346.81753251236523 346.73750700706387 367.68552147765513 396.4604306745355 310.06254047206994 350.2757750819783 393.1963775055474 343.6032206947166 358.7699143769196 328.84286546991143 382.12272538664274 355.5805252172445 343.99573096524864 362.4902795118778 321.7602032686732 367.86194007854874 307.41458437185884 
337.9414370399436 358.36379175665934 361.0310276648288 357.6929674710341 343.87225700445924 318.219655892779 369.3014844729573 373.63386957963985 346.81753251236523 346.73750700706387 367.68552147765513 396.4604306745355 310.06254047206994 350.2757750819783 393.1963775055474 343.6032206947166 358.7699143769196 325.1400013057528 382.12272538664274 355.5805252172445 343.99573096524864 362.4902795118778 314.84248082023123 367.86194007854874 307.41458437185884 
337.9414370399436 358.36379175665934 361.0310276648288 357.6929674710341 343.87225700445924 318.219655892779 369.3014844729573 373.63386957963985 346.81753251236523 346.73750700706387 367.68552147765513 396.4604306745355 310.06254047206994 350.2757750819783 393.1963775055474 343.6032206947166 358.7699143769196 325.1400013057528 382.12272538664274 355.5805252172445 343.99573096524864 362.4902795118778 314.84248082023123 367.86194007854874 307.41458437185884 
337.9414370399436 358.36379175665934 361.0310276648288 357.6929674710341 343.87225700445924 318.219655892779 369.3014844729573 373.63386957963985 346.81753251236523 346.73750700706387 367.68552147765513 396.4604306745355 310.06254047206994 350.2757750819783 393.1963775055474 343.6032206947166 358.7699143769196 325.1400013057528 382.12272538664274 355.5805252172445 343.99573096524864 362.4902795118778 314.84248082023123 367.86194007854874 307.41458437185884 
337.9414370399436 358.36379175665934 360.57193726553123 357.6929674710341 343.87225700445924 312.3154756346098 369.3014844729573 373.63386957963985 346.81753251236523 346.73750700706387 367.68552147765513 396.4604306745355 307.45033773920886 350.2757750819783 393.1963775055474 343.6032206947166 358.7699143769196 325.1400013057528 382.12272538664274 355.5805252172445 343.99573096524864 362.4902795118778 314.84248082023123 367.86194007854874 307.41458437185884 
337.9414370399436 358.36379175665934 360.57193726553123 357.6929674710341 343.87225700445924 312.3154756346098 369.3014844729573 373.63386957963985 346.81753251236523 346.73750700706387 367.68552147765513 396.4604306745355 307.45033773920886 350.2757750819783 393.1963775055474 343.6032206947166 358.7699143769196 325.1400013057528 382.12272538664274 355.5805252172445 343.99573096524864 362.4902795118778 314.84248082023123 367.86194007854874 307.41458437185884 
337.9414370399436 358.36379175665934 360.57193726553123 357.6929674710341 343.87225700445924 312.3154756346098 369.3014844729573 373.63386957963985 346.81753251236523 346.73750700706387 367.68552147765513 396.4604306745355 307.45033773920886 350.2757750819783 393.1963775055474 343.6032206947166 358.7699143769196 325.1400013057528 382.12272538664274 355.5805252172445 343.99573096524864 362.4902795118778 314.84248082023123 363.7089794777462 307.41458437185884 
337.9414370399436 358.36379175665934 360.57193726553123 357.6929674710341 343.87225700445924 312.3154756346098 369.3014844729573 373.63386957963985 346.81753251236523 346.73750700706387 367.68552147765513 396.4604306745355 307.45033773920886 350.2757750819783 393.1963775055474 343.6032206947166 358.7699143769196 325.1400013057528 382.12272538664274 355.5805252172445 343.99573096524864 362.4902795118778 314.84248082023123 363.7089794777462 307.2992133577536 
331.9016488161992 358.36379175665934 360.57193726553123 357.6929674710341 343.87225700445924 312.3154756346098 369.3014844729573 373.63386957963985 346.81753251236523 346.73750700706387 367.68552147765513 396.4604306745355 307.45033773920886 350.2757750819783 393.1963775055474 343.6032206947166 358.7699143769196 325.1400013057528 382.12272538664274 355.5805252172445 343.99573096524864 362.4902795118778 314.84248082023123 363.7089794777462 306.1218003240442 
331.9016488161992 358.36379175665934 360.57193726553123 357.6929674710341 343.87225700445924 312.3154756346098 369.3014844729573 373.63386957963985 346.81753251236523 346.73750700706387 367.68552147765513 396.4604306745355 307.45033773920886 350.2757750819783 393.1963775055474 343.6032206947166 358.7699143769196 325.1400013057528 382.12272538664274 355.5805252172445 343.99573096524864 362.4902795118778 314.84248082023123 363.7089794777462 306.1218003240442 
331.9016488161992 352.5318843579098 360.57193726553123 357.6929674710341 343.87225700445924 312.3154756346098 369.3014844729573 373.63386957963985 346.81753251236523 346.73750700706387 367.68552147765513 396.4604306745355 307.45033773920886 350.2757750819783 393.1963775055474 343.6032206947166 358.7699143769196 325.1400013057528 382.12272538664274 355.5805252172445 343.99573096524864 354.09567538873443 314.84248082023123 363.7089794777462 306.1218003240442 
331.9016488161992 352.5318843579098 360.57193726553123 357.6929674710341 343.87225700445924 312.3154756346098 369.3014844729573 373.63386957963985 346.81753251236523 346.73750700706387 367.68552147765513 396.4604306745355 307.45033773920886 350.2757750819783 393.1963775055474 343.6032206947166 358.7699143769196 325.1400013057528 382.12272538664274 355.5805252172445 343.99573096524864 354.09567538873443 314.84248082023123 363.7089794777462 306.1218003240442 
328.4853965521402 352.5318843579098 360.57193726553123 357.6929674710341 343.87225700445924 312.3154756346098 369.3014844729573 373.63386957963985 346.81753251236523 346.73750700706387 367.68552147765513 396.4604306745355 307.45033773920886 350.2757750819783 393.1963775055474 343.6032206947166 358.7699143769196 325.1400013057528 382.12272538664274 355.5805252172445 343.99573096524864 354.09567538873443 314.84248082023123 363.7089794777462 306.1218003240442 
328.4853965521402 352.5318843579098 360.57193726553123 357.6929674710341 343.87225700445924 312.3154756346098 369.3014844729573 373.63386957963985 346.81753251236523 346.73750700706387 367.68552147765513 396.4604306745355 307.45033773920886 350.2757750819783 393.1963775055474 343.6032206947166 345.31185027973197 325.1400013057528 382.12272538664274 355.5805252172445 343.99573096524864 354.09567538873443 314.84248082023123 363.7089794777462 305.54906397020795 
328.4853965521402 352.5318843579098 349.1530842879715 357.6929674710341 343.87225700445924 312.3154756346098 369.3014844729573 373.63386957963985 346.81753251236523 346.73750700706387 367.68552147765513 396.4604306745355 307.45033773920886 350.2757750819783 393.1963775055474 343.6032206947166 345.31185027973197 325.1400013057528 382.12272538664274 355.5805252172445 343.99573096524864 352.4571746636748 314.78890598014914 359.83000348153564 304.6747447411399 
328.4853965521402 352.5318843579098 349.1530842879715 357.6929674710341 343.87225700445924 312.3154756346098 369.3014844729573 373.63386957963985 346.81753251236523 346.73750700706387 367.68552147765513 396.4604306745355 306.9912390882082 350.2757750819783 393.1963775055474 343.6032206947166 345.31185027973197 318.7398123242824 382.12272538664274 355.5805252172445 343.99573096524864 352.4571746636748 313.07970057903003 359.83000348153564 304.6657401089583 
328.4853965521402 352.5318843579098 349.1530842879715 357.6929674710341 343.87225700445924 312.3154756346098 363.90613035687284 373.63386957963985 346.81753251236523 346.73750700706387 367.68552147765513 396.4604306745355 306.54672246859127 350.2757750819783 393.1963775055474 343.6032206947166 345.31185027973197 317.5886317038767 382.12272538664274 355.5805252172445 343.99573096524864 352.4571746636748 313.07970057903003 359.83000348153564 304.6657401089583 
328.4853965521402 352.5318843579098 349.1530842879715 357.6929674710341 343.87225700445924 312.3154756346098 363.90613035687284 373.63386957963985 346.81753251236523 346.73750700706387 367.68552147765513 396.4604306745355 306.54672246859127 350.2757750819783 393.1963775055474 343.6032206947166 345.31185027973197 317.5886317038767 382.12272538664274 355.5805252172445 343.99573096524864 352.4571746636748 313.07970057903003 353.7762756801758 304.6657401089583 
328.4853965521402 352.5318843579098 349.1530842879715 357.6929674710341 343.87225700445924 312.3154756346098 363.90613035687284 373.63386957963985 346.81753251236523 346.73750700706387 367.68552147765513 396.4604306745355 304.4238320208933 350.2757750819783 393.1963775055474 343.6032206947166 345.31185027973197 309.58772792612353 382.12272538664274 355.5805252172445 343.99573096524864 352.4571746636748 313.07970057903003 353.7762756801758 304.2288939476748 
328.4853965521402 352.5318843579098 349.1530842879715 357.6929674710341 343.87225700445924 312.3154756346098 363.90613035687284 373.63386957963985 346.81753251236523 346.73750700706387 367.68552147765513 396.4604306745355 304.4238320208933 350.2757750819783 393.1963775055474 343.6032206947166 345.31185027973197 309.0612873002715 382.12272538664274 355.5805252172445 343.99573096524864 352.4571746636748 313.07970057903003 353.7762756801758 302.95833997257205 
328.4853965521402 352.5318843579098 349.1530842879715 357.6929674710341 343.87225700445924 312.3154756346098 363.90613035687284 373.63386957963985 346.81753251236523 346.73750700706387 367.68552147765513 396.4604306745355 304.4238320208933 350.2757750819783 393.1963775055474 343.6032206947166 344.89405211274607 309.0612873002715 382.12272538664274 355.5805252172445 343.99573096524864 352.4571746636748 310.8438222225177 353.7762756801758 302.95833997257205 
328.4853965521402 352.5318843579098 349.1530842879715 357.6929674710341 343.87225700445924 312.3154756346098 363.90613035687284 373.63386957963985 346.81753251236523 346.73750700706387 367.68552147765513 396.4604306745355 304.4238320208933 350.2757750819783 393.1963775055474 343.6032206947166 344.89405211274607 309.0612873002715 382.12272538664274 355.5805252172445 343.99573096524864 352.4571746636748 310.8438222225177 353.7762756801758 302.95833997257205 
328.4853965521402 352.5318843579098 349.1530842879715 357.6929674710341 343.87225700445924 312.3154756346098 363.90613035687284 373.63386957963985 346.81753251236523 346.73750700706387 367.68552147765513 396.4604306745355 304.4238320208933 350.2757750819783 393.1963775055474 343.6032206947166 344.89405211274607 309.0612873002715 382.12272538664274 355.5805252172445 343.99573096524864 352.4571746636748 310.8438222225177 353.7762756801758 302.78731812188335 
328.4853965521402 352.5318843579098 349.1530842879715 357.6929674710341 343.87225700445924 312.3154756346098 363.90613035687284 373.63386957963985 346.81753251236523 346.73750700706387 367.68552147765513 396.4604306745355 304.4238320208933 350.2757750819783 393.1963775055474 343.6032206947166 344.89405211274607 309.0612873002715 382.12272538664274 355.5805252172445 343.99573096524864 352.4571746636748 310.8438222225177 347.5513501560099 301.1148642699195 
328.4853965521402 344.3223315361611 349.1530842879715 357.6929674710341 343.87225700445924 312.3154756346098 363.90613035687284 373.63386957963985 346.81753251236523 346.73750700706387 367.68552147765513 396.4604306745355 304.4238320208933 350.2757750819783 393.1963775055474 343.6032206947166 344.89405211274607 309.0612873002715 382.12272538664274 355.5805252172445 343.99573096524864 352.4571746636748 310.8438222225177 347.5513501560099 300.9000475973471 
328.4853965521402 344.3223315361611 345.3747247044339 357.6929674710341 343.87225700445924 312.3154756346098 363.90613035687284 373.63386957963985 346.81753251236523 346.73750700706387 367.68552147765513 396.4604306745355 304.4238320208933 350.2757750819783 393.1963775055474 343.6032206947166 344.89405211274607 309.0612873002715 382.12272538664274 355.5805252172445 343.99573096524864 352.4571746636748 310.8438222225177 347.5513501560099 300.9000475973471 
328.4853965521402 344.3223315361611 345.3747247044339 339.530485797477 343.87225700445924 312.3154756346098 363.90613035687284 373.63386957963985 346.81753251236523 346.73750700706387 367.68552147765513 396.4604306745355 302.74468028654474 350.2757750819783 393.1963775055474 343.6032206947166 344.89405211274607 309.0612873002715 382.12272538664274 355.5805252172445 343.99573096524864 352.4571746636748 310.3593955208248 347.5513501560099 300.9000475973471 
328.4853965521402 344.3223315361611 345.3747247044339 339.530485797477 343.87225700445924 312.3154756346098 363.90613035687284 373.63386957963985 346.81753251236523 346.73750700706387 367.68552147765513 396.4604306745355 301.87379886872804 350.2757750819783 393.1963775055474 343.6032206947166 344.89405211274607 309.0612873002715 382.12272538664274 355.5805252172445 343.99573096524864 352.4571746636748 310.3593955208248 347.5513501560099 300.9000475973471 
328.4853965521402 340.7656783970656 345.3747247044339 339.530485797477 343.87225700445924 312.3154756346098 363.90613035687284 373.63386957963985 346.81753251236523 346.73750700706387 367.68552147765513 396.4604306745355 301.87379886872804 350.2757750819783 393.1963775055474 343.6032206947166 344.89405211274607 304.92474217455356 382.12272538664274 355.5805252172445 343.99573096524864 352.4571746636748 310.3593955208248 347.5513501560099 300.0186905399455 
328.4853965521402 340.7656783970656 333.04178895818586 339.530485797477 343.87225700445924 312.3154756346098 363.90613035687284 373.63386957963985 346.81753251236523 332.8277210333272 367.68552147765513 396.4604306745355 301.87379886872804 350.2757750819783 393.1963775055474 343.6032206947166 344.89405211274607 304.92474217455356 382.12272538664274 355.5805252172445 343.99573096524864 352.4571746636748 310.3593955208248 347.5513501560099 300.0186905399455 
328.4853965521402 339.85418188712174 333.04178895818586 339.530485797477 343.87225700445924 312.3154756346098 363.90613035687284 373.63386957963985 346.81753251236523 332.8277210333272 367.68552147765513 396.4604306745355 301.87379886872804 350.2757750819783 393.1963775055474 343.6032206947166 344.89405211274607 304.5816239766191 382.12272538664274 355.5805252172445 343.99573096524864 352.4571746636748 310.3593955208248 347.5513501560099 299.91202723698825 
328.4853965521402 339.85418188712174 333.04178895818586 339.530485797477 343.87225700445924 312.3154756346098 363.90613035687284 373.63386957963985 346.81753251236523 332.8277210333272 367.68552147765513 396.4604306745355 301.87379886872804 350.2757750819783 393.1963775055474 343.6032206947166 344.89405211274607 304.5816239766191 382.12272538664274 355.5805252172445 343.99573096524864 352.4571746636748 310.3593955208248 347.5513501560099 299.45630630746336 
328.4853965521402 339.85418188712174 333.04178895818586 339.530485797477 320.846560889966 312.3154756346098 363.90613035687284 373.63386957963985 346.81753251236523 332.8277210333272 367.68552147765513 396.4604306745355 301.87379886872804 350.2757750819783 393.1963775055474 343.6032206947166 344.89405211274607 304.1150080562629 382.12272538664274 355.5805252172445 343.99573096524864 352.4571746636748 310.3593955208248 347.5513501560099 298.8065569916448 
328.4853965521402 339.85418188712174 333.04178895818586 339.530485797477 320.846560889966 312.3154756346098 363.90613035687284 373.63386957963985 346.81753251236523 332.8277210333272 367.68552147765513 396.4604306745355 301.87379886872804 350.2757750819783 393.1963775055474 343.6032206947166 344.89405211274607 304.1150080562629 382.12272538664274 355.5805252172445 343.99573096524864 352.4571746636748 305.1986851913539 347.5513501560099 298.3436873505889 
328.4853965521402 339.85418188712174 333.04178895818586 339.530485797477 320.846560889966 312.3154756346098 363.90613035687284 373.63386957963985 346.81753251236523 332.8277210333272 367.68552147765513 396.4604306745355 301.87379886872804 350.2757750819783 393.1963775055474 343.6032206947166 344.89405211274607 301.4943181259432 382.12272538664274 355.5805252172445 343.99573096524864 352.4571746636748 305.1986851913539 347.5513501560099 298.3436873505889 
328.4853965521402 339.85418188712174 333.04178895818586 339.530485797477 320.846560889966 312.3154756346098 363.90613035687284 373.63386957963985 346.81753251236523 332.8277210333272 367.68552147765513 396.4604306745355 301.87379886872804 350.2757750819783 393.1963775055474 343.6032206947166 344.89405211274607 300.36157429124796 382.12272538664274 355.5805252172445 343.99573096524864 352.4571746636748 305.1986851913539 347.5513501560099 298.3436873505889 
328.4853965521402 339.85418188712174 333.04178895818586 339.530485797477 320.846560889966 312.3154756346098 363.90613035687284 373.63386957963985 346.81753251236523 332.8277210333272 367.68552147765513 396.4604306745355 301.87379886872804 350.2757750819783 393.1963775055474 343.6032206947166 344.89405211274607 298.6406635168305 382.12272538664274 355.5805252172445 343.99573096524864 352.4571746636748 304.58644930183254 347.5513501560099 297.8301557769555 
328.4853965521402 339.85418188712174 333.04178895818586 339.530485797477 320.846560889966 312.3154756346098 363.90613035687284 373.63386957963985 346.81753251236523 332.8277210333272 367.68552147765513 396.4604306745355 301.87379886872804 350.2757750819783 393.1963775055474 343.6032206947166 344.89405211274607 296.5035558892214 382.12272538664274 355.5805252172445 343.99573096524864 352.4571746636748 304.58644930183254 340.75887144197077 297.8301557769555 
328.4853965521402 339.85418188712174 333.04178895818586 339.530485797477 320.846560889966 312.3154756346098 363.90613035687284 373.63386957963985 346.81753251236523 332.8277210333272 367.68552147765513 396.4604306745355 301.87379886872804 350.2757750819783 393.1963775055474 343.6032206947166 344.89405211274607 296.5035558892214 382.12272538664274 355.5805252172445 343.99573096524864 351.9852188222276 301.5898337093181 340.536874879921 297.36485407584905 
328.4853965521402 339.85418188712174 333.04178895818586 339.530485797477 320.846560889966 312.3154756346098 363.90613035687284 373.63386957963985 346.81753251236523 332.8277210333272 367.68552147765513 396.4604306745355 301.87379886872804 350.2757750819783 393.1963775055474 343.6032206947166 344.89405211274607 296.5035558892214 382.12272538664274 355.5805252172445 343.99573096524864 351.9852188222276 301.5898337093181 340.536874879921 295.76678120840506 
328.4853965521402 339.85418188712174 333.04178895818586 339.530485797477 320.846560889966 312.3154756346098 363.90613035687284 373.63386957963985 346.81753251236523 332.8277210333272 367.68552147765513 396.4604306745355 301.87379886872804 350.2757750819783 393.1963775055474 343.6032206947166 344.89405211274607 296.5035558892214 382.12272538664274 355.5805252172445 335.78187394351926 351.9852188222276 301.5898337093181 340.536874879921 293.0119364175616 
328.4853965521402 333.15204219420957 333.04178895818586 339.530485797477 320.846560889966 312.3154756346098 363.90613035687284 373.63386957963985 346.81753251236523 332.8277210333272 367.68552147765513 396.4604306745355 300.56882893991406 350.2757750819783 393.1963775055474 343.6032206947166 344.89405211274607 295.8778135300263 382.12272538664274 355.5805252172445 335.78187394351926 351.9852188222276 299.2202502557466 340.536874879921 291.97457819843294 
319.19529763066157 333.15204219420957 333.04178895818586 339.530485797477 320.846560889966 312.3154756346098 363.90613035687284 373.63386957963985 346.81753251236523 332.8277210333272 367.68552147765513 396.4604306745355 300.56882893991406 350.2757750819783 393.1963775055474 343.6032206947166 344.89405211274607 295.8778135300263 382.12272538664274 355.5805252172445 335.78187394351926 351.9852188222276 299.2202502557466 340.536874879921 290.330147775001 
319.19529763066157 332.27059269392566 333.04178895818586 339.530485797477 320.846560889966 312.3154756346098 363.90613035687284 373.63386957963985 343.6214394195549 332.8277210333272 367.68552147765513 396.4604306745355 300.56882893991406 350.2757750819783 393.1963775055474 343.6032206947166 344.89405211274607 295.8778135300263 382.12272538664274 355.5805252172445 335.78187394351926 351.9852188222276 299.2202502557466 340.536874879921 290.330147775001 
319.19529763066157 332.27059269392566 333.04178895818586 339.530485797477 320.846560889966 312.3154756346098 363.90613035687284 373.63386957963985 343.6214394195549 331.17507875905994 367.68552147765513 396.4604306745355 300.27434647086284 350.2757750819783 393.1963775055474 343.6032206947166 344.89405211274607 295.8778135300263 382.12272538664274 355.5805252172445 335.78187394351926 348.67121616998384 297.87820225376436 340.536874879921 290.330147775001 
319.19529763066157 332.27059269392566 333.04178895818586 339.530485797477 320.846560889966 312.3154756346098 363.90613035687284 373.63386957963985 343.6214394195549 331.17507875905994 367.68552147765513 396.4604306745355 300.27434647086284 350.2757750819783 389.2471044481658 343.6032206947166 344.89405211274607 295.8778135300263 382.12272538664274 355.5805252172445 335.78187394351926 348.67121616998384 297.1568734643711 340.536874879921 288.8310812536647 
319.19529763066157 332.27059269392566 333.04178895818586 339.530485797477 320.846560889966 312.3154756346098 363.90613035687284 373.63386957963985 343.6214394195549 331.17507875905994 367.68552147765513 396.4604306745355 300.27434647086284 350.2757750819783 389.2471044481658 343.6032206947166 344.89405211274607 295.8778135300263 382.12272538664274 355.5805252172445 335.78187394351926 348.67121616998384 296.46453914689346 337.2394350562349 288.8310812536647 
319.19529763066157 332.27059269392566 333.04178895818586 339.530485797477 320.846560889966 312.3154756346098 363.90613035687284 373.63386957963985 343.6214394195549 331.17507875905994 367.68552147765513 396.4604306745355 300.27434647086284 350.2757750819783 389.2471044481658 343.6032206947166 344.89405211274607 295.3090660480143 382.12272538664274 355.5805252172445 335.78187394351926 348.67121616998384 296.46453914689346 337.2394350562349 288.7299753412635 
319.19529763066157 332.27059269392566 333.04178895818586 339.530485797477 320.846560889966 312.3154756346098 363.90613035687284 373.63386957963985 343.6214394195549 331.17507875905994 367.68552147765513 396.4604306745355 300.27434647086284 350.2757750819783 389.2471044481658 343.6032206947166 344.89405211274607 294.0765254860203 382.12272538664274 355.5805252172445 335.78187394351926 348.67121616998384 296.46453914689346 333.7895205159084 288.7299753412635 
319.19529763066157 332.27059269392566 333.04178895818586 339.530485797477 320.846560889966 312.3154756346098 363.90613035687284 373.63386957963985 340.9299701939408 331.17507875905994 367.68552147765513 396.4604306745355 300.27434647086284 350.2757750819783 389.2471044481658 343.6032206947166 344.89405211274607 291.95890634655734 382.12272538664274 355.5805252172445 335.78187394351926 348.67121616998384 296.46453914689346 333.7895205159084 288.37326722726175 
319.19529763066157 326.20276579901656 333.04178895818586 339.530485797477 320.846560889966 312.3154756346098 363.90613035687284 373.63386957963985 331.91946086297503 331.17507875905994 367.68552147765513 396.4604306745355 300.27434647086284 350.2757750819783 389.2471044481658 343.6032206947166 344.89405211274607 291.95890634655734 370.6870473319559 355.5805252172445 335.78187394351926 348.67121616998384 296.46453914689346 333.7895205159084 287.10246577376483 
319.19529763066157 326.20276579901656 333.04178895818586 339.530485797477 320.846560889966 312.3154756346098 363.90613035687284 373.63386957963985 331.91946086297503 331.17507875905994 367.68552147765513 396.4604306745355 300.27434647086284 350.2757750819783 389.2471044481658 343.6032206947166 344.89405211274607 291.95890634655734 370.6870473319559 355.5805252172445 335.78187394351926 348.67121616998384 294.25420489040334 333.7895205159084 287.05881187541263 
319.19529763066157 326.20276579901656 333.04178895818586 339.530485797477 320.846560889966 312.3154756346098 363.90613035687284 373.63386957963985 331.91946086297503 331.17507875905994 367.68552147765513 396.4604306745355 300.27434647086284 350.2757750819783 389.2471044481658 343.6032206947166 344.89405211274607 290.0113348988243 370.6870473319559 355.5805252172445 335.78187394351926 347.19158305721066 293.98488513423126 333.7895205159084 287.05881187541263 
315.4357578437516 326.20276579901656 333.04178895818586 339.530485797477 320.846560889966 311.64852808727665 363.90613035687284 373.63386957963985 331.91946086297503 331.17507875905994 367.68552147765513 396.4604306745355 300.27434647086284 350.2757750819783 389.2471044481658 339.20882139098376 344.89405211274607 289.2471799585055 370.6870473319559 355.5805252172445 335.78187394351926 347.19158305721066 293.98488513423126 332.3097238158175 285.0440900055337 
315.4357578437516 326.20276579901656 333.04178895818586 339.530485797477 320.846560889966 311.64852808727665 363.90613035687284 373.63386957963985 331.91946086297503 331.17507875905994 367.68552147765513 396.4604306745355 300.27434647086284 350.2757750819783 389.2471044481658 339.20882139098376 344.89405211274607 287.7946959052174 370.6870473319559 353.7536837333705 335.78187394351926 347.19158305721066 293.11466755195534 332.3097238158175 285.0440900055337 
315.4357578437516 326.20276579901656 333.04178895818586 339.530485797477 320.846560889966 311.64852808727665 363.90613035687284 373.63386957963985 331.91946086297503 331.17507875905994 367.68552147765513 396.4604306745355 300.27434647086284 350.2757750819783 389.2471044481658 337.82334218533697 344.89405211274607 285.45816857833915 370.6870473319559 353.7536837333705 335.78187394351926 347.19158305721066 291.245819940757 330.2228614120895 285.0440900055337 
315.4357578437516 326.20276579901656 333.04178895818586 339.530485797477 320.846560889966 311.64852808727665 363.90613035687284 373.63386957963985 331.91946086297503 331.17507875905994 367.68552147765513 396.4604306745355 300.27434647086284 350.2757750819783 389.2471044481658 337.82334218533697 344.89405211274607 285.45816857833915 370.6870473319559 353.7536837333705 335.78187394351926 347.19158305721066 290.3855968368475 330.2228614120895 283.79769855909944 
314.19208649465463 326.20276579901656 333.04178895818586 339.530485797477 320.846560889966 311.64852808727665 363.90613035687284 373.63386957963985 331.91946086297503 331.17507875905994 367.68552147765513 396.4604306745355 300.27434647086284 350.2757750819783 389.2471044481658 337.82334218533697 344.89405211274607 283.55201881756784 370.6870473319559 353.7536837333705 335.78187394351926 347.19158305721066 290.3855968368475 330.2228614120895 283.79769855909944 
313.7339544396068 326.20276579901656 333.04178895818586 339.530485797477 320.846560889966 311.64852808727665 363.90613035687284 373.63386957963985 331.91946086297503 331.17507875905994 367.68552147765513 396.4604306745355 300.27434647086284 350.2757750819783 389.2471044481658 332.3444069355969 344.89405211274607 282.31474787090883 370.6870473319559 353.7536837333705 335.78187394351926 347.19158305721066 287.8746940015494 330.2228614120895 282.8413947734216 
310.57116710688115 324.82799938564403 333.04178895818586 339.530485797477 320.846560889966 311.64852808727665 363.90613035687284 373.63386957963985 331.91946086297503 331.17507875905994 367.68552147765513 396.4604306745355 300.27434647086284 350.2757750819783 389.2471044481658 332.3444069355969 344.89405211274607 281.65849874378 370.6870473319559 353.7536837333705 335.78187394351926 347.19158305721066 286.29137681011207 330.2228614120895 282.8413947734216 
310.57116710688115 324.82799938564403 333.04178895818586 339.530485797477 320.846560889966 311.64852808727665 356.7102796852687 373.63386957963985 331.91946086297503 331.17507875905994 367.68552147765513 396.4604306745355 300.27434647086284 350.2757750819783 389.2471044481658 332.3444069355969 344.89405211274607 277.1241597144617 370.6870473319559 352.0166171273431 335.78187394351926 347.19158305721066 284.42546758578055 324.30128381177747 282.1383377186653 
310.57116710688115 324.55899385167095 333.04178895818586 339.530485797477 320.846560889966 311.64852808727665 356.7102796852687 373.63386957963985 322.17842893921625 331.17507875905994 367.68552147765513 396.4604306745355 300.27434647086284 350.2757750819783 389.2471044481658 332.3444069355969 344.89405211274607 277.1241597144617 370.6870473319559 352.0166171273431 335.78187394351926 347.19158305721066 284.42546758578055 324.30128381177747 281.0996636672994 
310.57116710688115 320.3953686000309 333.04178895818586 339.530485797477 320.846560889966 311.64852808727665 356.7102796852687 373.63386957963985 322.17842893921625 331.17507875905994 367.68552147765513 396.4604306745355 300.27434647086284 350.2757750819783 389.2471044481658 332.3444069355969 344.89405211274607 275.8522485791582 370.6870473319559 352.0166171273431 335.78187394351926 347.19158305721066 284.42546758578055 324.30128381177747 278.643275862461 
310.57116710688115 320.3953686000309 333.04178895818586 339.530485797477 320.846560889966 311.64852808727665 356.7102796852687 373.63386957963985 322.17842893921625 331.17507875905994 367.68552147765513 396.4604306745355 300.27434647086284 350.2757750819783 389.2471044481658 332.3444069355969 344.89405211274607 274.7711752506366 370.6870473319559 352.0166171273431 326.7618359970197 347.19158305721066 283.9804512432088 323.39179557253647 278.54432750385104 
310.57116710688115 320.3953686000309 333.04178895818586 339.530485797477 320.846560889966 300.7202092524403 356.7102796852687 373.63386957963985 322.17842893921625 331.17507875905994 367.68552147765513 396.4604306745355 300.03530821487857 350.2757750819783 389.2471044481658 332.3444069355969 344.89405211274607 273.706838188471 368.5769454353208 352.0166171273431 326.7618359970197 347.19158305721066 283.9804512432088 323.39179557253647 277.72654247814353 
310.57116710688115 320.3953686000309 333.04178895818586 339.530485797477 320.846560889966 297.2013473634456 356.7102796852687 373.63386957963985 322.17842893921625 331.17507875905994 367.68552147765513 396.4604306745355 297.3190482330183 350.2757750819783 389.2471044481658 332.3444069355969 344.89405211274607 273.2672523326637 368.5769454353208 352.0166171273431 326.7618359970197 347.19158305721066 283.9804512432088 323.39179557253647 276.5592327797981 
310.57116710688115 320.3953686000309 333.04178895818586 339.530485797477 320.846560889966 297.2013473634456 356.7102796852687 373.63386957963985 322.17842893921625 331.17507875905994 367.68552147765513 396.4604306745355 297.3190482330183 350.2757750819783 389.2471044481658 332.3444069355969 344.89405211274607 272.4158175242019 368.5769454353208 352.0166171273431 326.7618359970197 347.19158305721066 283.9804512432088 316.30309253815994 274.2406438885723 
310.57116710688115 317.051976006695 333.04178895818586 339.530485797477 320.846560889966 297.2013473634456 356.7102796852687 373.63386957963985 322.17842893921625 331.17507875905994 367.68552147765513 396.4604306745355 296.736062266863 350.2757750819783 389.2471044481658 313.8605830956435 344.89405211274607 271.8636128558069 368.5769454353208 352.0166171273431 326.7618359970197 341.35994830390837 283.9804512432088 316.30309253815994 273.8461312883128 
310.57116710688115 311.4948388404655 333.04178895818586 339.530485797477 320.846560889966 297.2013473634456 356.7102796852687 373.63386957963985 322.17842893921625 331.17507875905994 367.68552147765513 396.4604306745355 296.15379560028214 350.2757750819783 389.2471044481658 313.8605830956435 344.89405211274607 271.37316091799676 368.5769454353208 352.0166171273431 326.7618359970197 334.50034626580555 283.9804512432088 311.17539010439305 272.37444964472934 
310.57116710688115 311.4948388404655 333.04178895818586 323.45352372309617 320.846560889966 297.2013473634456 356.7102796852687 373.63386957963985 322.17842893921625 331.17507875905994 367.68552147765513 396.4604306745355 295.67311948878887 350.2757750819783 389.2471044481658 312.8715681114286 344.89405211274607 270.7112450114514 368.5769454353208 352.0166171273431 317.34112887478614 334.50034626580555 283.9804512432088 310.40400883157236 270.3894905429629 
310.57116710688115 311.4948388404655 323.873530874856 323.45352372309617 320.846560889966 297.2013473634456 356.7102796852687 373.63386957963985 322.17842893921625 331.17507875905994 367.68552147765513 396.4604306745355 295.3179768703885 350.2757750819783 389.2471044481658 293.22785385436646 344.89405211274607 270.0161472173136 368.5769454353208 352.0166171273431 314.7559806339964 334.50034626580555 283.12440301671177 310.40400883157236 267.94439882853794 
310.57116710688115 311.4948388404655 323.873530874856 323.45352372309617 320.846560889966 297.2013473634456 356.7102796852687 373.63386957963985 322.17842893921625 331.17507875905994 367.68552147765513 396.4604306745355 294.128804609883 350.2757750819783 389.2471044481658 293.22785385436646 344.89405211274607 268.8649589530214 368.5769454353208 352.0166171273431 314.7559806339964 334.50034626580555 283.043658043699 310.40400883157236 265.9688071151804 
309.69196621809533 311.4948388404655 323.873530874856 323.45352372309617 320.846560889966 297.2013473634456 356.7102796852687 373.63386957963985 322.17842893921625 331.17507875905994 367.68552147765513 396.4604306745355 294.128804609883 350.2757750819783 389.2471044481658 291.19917524282664 344.89405211274607 268.46638619094847 368.5769454353208 352.0166171273431 314.7559806339964 324.2071134389894 282.9883329521567 309.2073605062942 265.447978194185 
308.76325171161807 311.4948388404655 323.873530874856 323.45352372309617 315.3849398510456 297.2013473634456 356.7102796852687 373.63386957963985 318.46248301773267 331.17507875905994 367.68552147765513 396.4604306745355 294.128804609883 350.2757750819783 389.2471044481658 291.19917524282664 344.89405211274607 268.0953954040806 368.5769454353208 349.9749112032764 314.7559806339964 324.2071134389894 282.71143854453203 309.2073605062942 265.4422599223021 
306.0436282127066 311.4948388404655 323.873530874856 323.45352372309617 312.5336941510909 297.2013473634456 356.7102796852687 373.63386957963985 318.46248301773267 331.17507875905994 367.68552147765513 396.4604306745355 294.128804609883 350.2757750819783 389.2471044481658 291.19917524282664 344.89405211274607 267.521721315371 368.5769454353208 343.17096959932087 314.57122585178286 324.2071134389894 282.5068657071706 306.40787526763825 265.4422599223021 
306.0436282127066 311.4948388404655 323.873530874856 323.45352372309617 312.5336941510909 297.2013473634456 356.7102796852687 373.63386957963985 318.46248301773267 331.17507875905994 361.47589085768413 396.4604306745355 293.0679219670101 350.2757750819783 389.2471044481658 289.6521108717707 337.68508229663803 267.521721315371 368.5769454353208 343.17096959932087 313.4839679068532 316.00286826212687 282.46785227444207 305.2780360638558 265.36848355913526 
306.0436282127066 311.4948388404655 323.873530874856 323.45352372309617 307.8310142101059 297.2013473634456 356.7102796852687 373.63386957963985 318.4574740043299 331.17507875905994 361.47589085768413 396.4604306745355 293.0679219670101 350.2757750819783 389.2471044481658 287.9476881733194 337.68508229663803 266.9057754622145 368.5769454353208 343.17096959932087 313.4839679068532 316.00286826212687 280.6635527790704 305.2780360638558 264.03873664976663 
306.0436282127066 311.4948388404655 323.3404402413066 323.45352372309617 307.8310142101059 297.2013473634456 356.7102796852687 373.63386957963985 315.968189482925 331.17507875905994 361.47589085768413 396.4604306745355 292.09100115866113 350.2757750819783 389.2471044481658 284.7030065035224 337.68508229663803 266.1831116480057 368.5769454353208 343.17096959932087 313.4839679068532 316.00286826212687 278.7858924504967 304.21286879738545 262.9420341555888 
306.0436282127066 311.4948388404655 323.3404402413066 323.45352372309617 307.8310142101059 297.2013473634456 356.7102796852687 373.63386957963985 315.968189482925 331.17507875905994 361.47589085768413 396.4604306745355 290.22895079770296 350.2757750819783 389.2471044481658 284.7030065035224 337.68508229663803 266.1608136279847 368.5769454353208 343.17096959932087 309.28256701995406 316.00286826212687 276.0267342765578 304.21286879738545 261.6190428502423 
306.0436282127066 311.4948388404655 323.3404402413066 323.45352372309617 307.69497477957293 294.34913719329643 356.7102796852687 373.63386957963985 313.65410550141223 331.17507875905994 361.47589085768413 396.4604306745355 288.8719757574904 350.2757750819783 389.2471044481658 284.7030065035224 337.68508229663803 266.1304164042326 368.5769454353208 343.17096959932087 309.28256701995406 316.00286826212687 274.7655326134932 301.8798035229029 260.6105550923103 
306.0436282127066 311.4948388404655 322.95050291572215 323.45352372309617 301.0154168472254 294.34913719329643 356.7102796852687 373.63386957963985 312.16085321804803 331.17507875905994 361.47589085768413 396.4604306745355 288.8719757574904 350.2757750819783 389.2471044481658 284.7030065035224 337.68508229663803 264.8232558745385 368.5769454353208 343.17096959932087 309.28256701995406 316.00286826212687 274.107486868048 296.82025963966953 260.18561008406095 
305.77874960236886 310.12489786254355 322.95050291572215 323.45352372309617 301.0154168472254 294.34913719329643 356.7102796852687 373.63386957963985 312.16085321804803 326.92230517683083 361.47589085768413 396.4604306745355 287.82128397335146 350.2757750819783 389.2471044481658 284.7030065035224 337.68508229663803 264.4943527026321 368.5769454353208 343.17096959932087 309.28256701995406 316.00286826212687 272.5745569685723 296.82025963966953 260.1512347406151 
305.77874960236886 310.12489786254355 322.95050291572215 323.45352372309617 301.0154168472254 294.34913719329643 356.7102796852687 373.63386957963985 311.9585621962042 326.92230517683083 361.47589085768413 396.4604306745355 287.51522542683415 350.2757750819783 389.2471044481658 284.7030065035224 337.68508229663803 264.06585512249194 368.5769454353208 343.17096959932087 309.00585850880543 316.00286826212687 271.5974209102469 296.82025963966953 259.144270821228 
303.4056104451761 310.12489786254355 322.95050291572215 323.45352372309617 299.73229457962634 294.34913719329643 356.7102796852687 373.63386957963985 311.7391550284474 326.92230517683083 361.47589085768413 396.4604306745355 286.522645017847 350.2757750819783 389.2471044481658 283.505634190431 337.68508229663803 264.02337719740217 368.5769454353208 339.65086320382807 308.4528724994593 316.00286826212687 271.57148456795585 296.82025963966953 258.55748925905027 
303.2956862934616 306.15671473128714 320.3899904881396 323.45352372309617 297.998749198302 294.34913719329643 356.7102796852687 373.63386957963985 310.15671087315013 326.92230517683083 361.47589085768413 396.4604306745355 285.2559045684379 350.2757750819783 389.2471044481658 281.51707730535963 337.68508229663803 263.894232788899 368.5769454353208 339.65086320382807 308.4528724994593 314.2188485171764 271.1847056505703 293.9288341350202 257.5236548575999 
303.2956862934616 306.15671473128714 320.3899904881396 323.45352372309617 297.998749198302 294.34913719329643 356.7102796852687 373.63386957963985 310.1370074059655 326.92230517683083 361.47589085768413 396.4604306745355 285.02612408125515 350.2757750819783 389.2471044481658 281.3589627560159 337.68508229663803 263.83277702316354 368.5769454353208 339.65086320382807 308.4528724994593 314.2188485171764 270.6802866163089 293.02893923217744 256.4220815866852 
303.2956862934616 304.903960818272 320.3899904881396 323.45352372309617 297.998749198302 293.0621438694079 356.7102796852687 373.63386957963985 310.1370074059655 326.92230517683083 361.47589085768413 396.4604306745355 284.2947559994964 344.5187167884351 389.2471044481658 277.32447624338647 337.68508229663803 263.72120719371424 368.5769454353208 339.65086320382807 308.2621902319952 314.2188485171764 270.6802866163089 291.75293688416696 254.9970168563773 
303.2956862934616 304.903960818272 320.3899904881396 323.45352372309617 297.998749198302 290.19471841040695 356.7102796852687 373.63386957963985 308.3240989986598 326.92230517683083 361.47589085768413 396.4604306745355 283.8544115196214 344.5187167884351 389.2471044481658 277.32447624338647 337.68508229663803 263.61040345117135 368.5769454353208 339.65086320382807 308.2621902319952 314.2188485171764 270.17922330856345 291.678410320475 253.92027262334204 
303.2956862934616 304.903960818272 320.3899904881396 323.45352372309617 296.85933318964817 290.19471841040695 356.7102796852687 371.60165944842265 307.40086721382295 326.92230517683083 361.47589085768413 396.4604306745355 282.54384447357825 344.5187167884351 389.2471044481658 277.32447624338647 337.68508229663803 263.2359834348508 368.5769454353208 339.65086320382807 307.9198169308597 314.2188485171764 270.02189048951004 291.678410320475 253.0133438392363 
303.2956862934616 304.903960818272 320.3899904881396 323.45352372309617 296.85933318964817 289.5837916690616 356.7102796852687 371.60165944842265 306.44270572382493 326.92230517683083 361.47589085768413 396.4604306745355 282.54384447357825 344.5187167884351 389.2471044481658 276.78668305199017 337.68508229663803 263.10434762541354 368.5769454353208 334.4149902419108 307.9198169308597 314.2188485171764 269.07582021813914 290.5020388473422 252.3831742604807 
303.2956862934616 301.86334773804583 320.3899904881396 323.45352372309617 296.85933318964817 289.5837916690616 356.7102796852687 371.60165944842265 306.44270572382493 326.92230517683083 361.47589085768413 396.4604306745355 282.54384447357825 344.5187167884351 389.2471044481658 274.65579133362144 337.68508229663803 262.74240717132307 368.5769454353208 334.4149902419108 307.9198169308597 314.2188485171764 267.3716295352042 288.4570677376387 252.09801471409355 
303.2956862934616 301.86334773804583 320.3899904881396 323.45352372309617 293.046417843123 289.5837916690616 356.7102796852687 371.60165944842265 303.0664312258714 326.92230517683083 361.47589085768413 396.4604306745355 280.7406605688843 344.5187167884351 389.2471044481658 273.80556637052723 337.68508229663803 262.7385686559901 368.5769454353208 334.4149902419108 305.8977741199237 314.2188485171764 266.2098623785214 286.40034804138713 252.02634713908947 
303.2956862934616 301.86334773804583 320.3899904881396 323.45352372309617 283.7908855515284 288.2666310388995 356.7102796852687 371.60165944842265 301.73489773316305 326.92230517683083 361.47589085768413 396.4604306745355 280.7406605688843 341.8816955370444 389.2471044481658 273.80556637052723 337.68508229663803 262.3497514665105 368.5769454353208 334.4149902419108 305.8977741199237 303.1371272289748 264.7131274872686 284.11356896376583 251.73333199601666 
302.9288283845899 301.86334773804583 320.3899904881396 323.45352372309617 283.7908855515284 288.187731707661 348.6311906430692 371.60165944842265 300.69061010959604 326.92230517683083 361.47589085768413 396.4604306745355 280.0093817292782 339.53422485665897 376.5633110243921 271.3968290074354 337.68508229663803 262.20681852833604 368.5769454353208 334.4149902419108 305.8977741199237 288.5560178327828 263.25993961894983 283.8460771389464 251.19472247169915 
302.9288283845899 301.86334773804583 318.6966235449654 323.45352372309617 283.0934717618984 286.2463554086662 348.6311906430692 371.60165944842265 298.67012212115833 326.31366887076274 361.47589085768413 396.4604306745355 278.7245418636262 339.53422485665897 376.5633110243921 270.6217152861673 337.68508229663803 262.0487911026994 368.5769454353208 333.3067404914077 305.7345802752234 288.5560178327828 263.1583214753218 280.8850165302024 250.3802059099562 
302.9288283845899 301.86334773804583 312.62693560972275 323.45352372309617 282.75315909802066 283.84676873148146 348.6311906430692 371.60165944842265 297.0211612566127 326.31366887076274 361.47589085768413 396.4604306745355 277.59770844020295 339.53422485665897 376.5633110243921 268.9591188458153 337.68508229663803 261.8713001719593 368.5769454353208 330.6825689402999 303.69209267431506 288.5560178327828 260.72110125071276 278.84681170003614 249.7536483066001 
302.9288283845899 301.86334773804583 312.62693560972275 323.45352372309617 281.8853205443538 283.84676873148146 348.6311906430692 371.60165944842265 295.9700305118017 326.31366887076274 361.47589085768413 396.4604306745355 277.59770844020295 339.53422485665897 376.5633110243921 265.2517057262735 337.68508229663803 261.7868312376877 368.5769454353208 330.6825689402999 301.90609295999957 284.97264442997084 259.0624141520302 274.6997238296226 249.7150522723241 
302.4447676885575 301.86334773804583 312.62693560972275 319.2908046952721 278.34677566965365 278.5190787012057 348.6311906430692 371.60165944842265 292.87826197191816 326.31366887076274 361.47589085768413 396.4604306745355 276.9665286901345 339.53422485665897 376.5633110243921 264.2349388019725 337.68508229663803 261.6378145764429 368.5769454353208 330.6825689402999 301.90609295999957 284.97264442997084 256.3496338090422 271.34119430447254 249.04075729829583 
302.4447676885575 299.614669365641 312.62693560972275 319.2908046952721 276.14376296678984 274.5903101431013 348.6311906430692 371.60165944842265 291.5612875568986 326.31366887076274 361.47589085768413 396.4604306745355 276.60441323855866 339.53422485665897 376.5633110243921 263.5958552597076 337.68508229663803 261.4398559356259 368.5769454353208 330.6825689402999 301.90609295999957 278.52252174104297 256.30227863021673 270.5805410245689 247.83836300201892 
302.4447676885575 299.614669365641 309.48052725560774 319.2908046952721 273.4936694735279 273.66664679265295 344.87855686960665 370.58306134751956 290.06873047349654 326.31366887076274 361.47589085768413 396.4604306745355 273.87988932296594 339.53422485665897 376.5633110243921 263.41416944449975 334.168658636846 261.11929686136864 368.5769454353208 330.6825689402999 301.90609295999957 278.52252174104297 255.41065639807994 270.0673163706783 246.99125210464308 
302.4447676885575 299.614669365641 309.48052725560774 319.2908046952721 273.4936694735279 271.33260860110977 344.87855686960665 370.58306134751956 288.81977931345637 326.31366887076274 361.47589085768413 396.4604306745355 271.67471198564135 339.53422485665897 376.5633110243921 263.41416944449975 334.168658636846 261.11929686136864 368.5769454353208 323.17017296785934 301.90609295999957 277.31185705445023 255.41065639807994 269.4260380303235 246.16384547714324 
302.4447676885575 299.084336673337 309.32584253976574 319.2908046952721 272.6600025129892 271.33260860110977 344.54608955302683 370.58306134751956 287.5073098619696 325.78572405353634 361.47589085768413 396.4604306745355 271.67471198564135 339.53422485665897 376.5633110243921 262.9171341957117 334.168658636846 260.70295300494945 368.5769454353208 320.7386235503136 301.90609295999957 275.9266239157614 255.26555717693373 267.419503202992 245.85177755998166 
301.36224099831406 298.39402450708576 306.8245755931339 319.2908046952721 272.2115459249462 271.33260860110977 344.54608955302683 370.58306134751956 287.5073098619696 325.78572405353634 361.47589085768413 396.4604306745355 271.15879322416004 339.53422485665897 376.5633110243921 262.8962391908867 334.168658636846 260.29520104698395 368.5769454353208 319.86155699044366 300.4558533127165 273.49226308689094 254.87683928675597 266.8420261610654 245.42224054636108 
301.36224099831406 298.2356957336242 306.8245755931339 319.2908046952721 272.0778749151182 271.33260860110977 344.54608955302683 357.53736313459467 285.13944897208967 325.78572405353634 361.47589085768413 396.4604306745355 270.90605976790675 339.53422485665897 376.5633110243921 261.9624305198304 332.78115040873945 259.90212052891684 368.5769454353208 319.86155699044366 300.4558533127165 269.22958818072857 254.56600733705363 265.8990419240181 244.52640786274605 
299.7363498621239 294.0266199718235 305.67484043517925 319.2908046952721 268.7467797272211 269.75904078306803 344.54608955302683 357.53736313459467 284.9256109668495 325.78572405353634 361.47589085768413 396.4604306745355 269.4903080803924 336.58865644587377 376.5633110243921 261.9624305198304 332.78115040873945 259.5760681192137 368.5769454353208 319.86155699044366 299.59757437217195 269.22958818072857 254.38411976837006 264.92595594231034 244.2362996637362 
299.7363498621239 294.0266199718235 305.67484043517925 319.2908046952721 268.7467797272211 269.75904078306803 344.54608955302683 357.53736313459467 282.49526677448466 325.78572405353634 361.47589085768413 396.4604306745355 269.4903080803924 336.58865644587377 376.5633110243921 261.7967054960095 332.78115040873945 259.440428079909 368.5769454353208 317.6738931306695 299.59757437217195 266.7470356711674 253.92421758270893 264.0950465111673 243.98195365543688 
298.28793700329516 293.1054209021563 305.67387982681066 319.2908046952721 268.17620994493564 266.80062767759546 344.54608955302683 357.53736313459467 282.14377370313787 325.78572405353634 361.47589085768413 396.4604306745355 269.126374856909 336.58865644587377 376.5633110243921 261.7419873925219 332.78115040873945 259.2947842026074 368.5769454353208 314.3226429349934 299.59757437217195 266.7470356711674 253.9010851672474 264.0950465111673 242.88264886848583 
298.11359258786933 292.27172711308003 305.67387982681066 319.2908046952721 267.73650618521833 265.1185204583353 344.54608955302683 357.53736313459467 282.14377370313787 325.78572405353634 361.47589085768413 396.4604306745355 269.033346967512 328.8313316621743 376.5633110243921 261.7419873925219 332.78115040873945 259.2003885853919 368.5769454353208 314.3226429349934 299.59757437217195 265.28369309503296 253.04747499006317 263.3646901692564 242.70911744674186 
298.11359258786933 290.9971861964068 305.67387982681066 311.45338284353284 267.34668699024405 264.8508231479386 344.54608955302683 357.53736313459467 280.19641016647074 325.78572405353634 361.47589085768413 396.4604306745355 268.7767894869171 328.8313316621743 376.5633110243921 261.0506162915717 332.78115040873945 259.09053098859295 368.5769454353208 312.5000266837578 299.4710973989763 261.82127330343747 252.76177069160394 262.7705021613624 242.48883794894573 
297.96116363937426 290.9543794591282 305.67387982681066 311.45338284353284 266.8806294436431 264.8508231479386 338.65086369499795 357.53736313459467 277.88378974868647 325.78572405353634 361.47589085768413 396.4604306745355 268.24550750925573 328.8313316621743 376.5633110243921 260.7756966887864 332.78115040873945 258.9749949153643 368.5769454353208 312.5000266837578 299.3330686536401 261.82127330343747 252.76177069160394 262.1723974882834 242.19095361435893 
297.96116363937426 288.45578597707663 305.67387982681066 311.45338284353284 266.7615077296023 264.46006349072604 338.65086369499795 357.53736313459467 276.26274491096274 325.78572405353634 361.47589085768413 396.4604306745355 267.8593782970738 328.8313316621743 376.5633110243921 260.35575946115114 332.78115040873945 258.65003077858273 368.5769454353208 312.274900306023 298.88469236628407 259.81465697066096 252.63626856982455 260.29778296114637 241.98353574167868 
297.03285755824027 288.0039885305955 303.60493627635606 311.45338284353284 265.3415300039278 263.971980810039 338.65086369499795 357.53736313459467 275.0112880082024 325.78572405353634 361.47589085768413 396.4604306745355 267.20938886859585 328.8313316621743 376.5633110243921 260.19945036207673 332.78115040873945 258.6387274918716 368.5769454353208 311.9820714329885 298.7390908962757 259.19348215490345 252.5550540144468 259.119989411136 241.53971305504365 
297.03285755824027 285.32399859616135 302.4332811304662 311.45338284353284 265.00445581398617 261.7460911097169 336.8742984784367 357.53736313459467 274.01046750846854 325.78572405353634 361.47589085768413 396.4604306745355 266.3191844886369 328.8313316621743 376.5633110243921 260.1910898207825 332.78115040873945 258.3270930449007 368.5769454353208 310.13600534107127 298.55597650883874 254.9691285612439 252.4150246563072 257.82758529466673 241.12784975037584 
297.03285755824027 285.0139335384538 302.4332811304662 311.45338284353284 264.44069307125847 260.5525333134792 335.0543560773722 357.53736313459467 273.56301976790655 325.78572405353634 361.47589085768413 396.4604306745355 265.4791318820735 328.8313316621743 376.5633110243921 259.8408985142046 332.78115040873945 258.06378779085753 368.5769454353208 305.8629829831134 298.2843155315427 254.9691285612439 252.36477850123902 257.03021715184286 240.71281788435044 
297.03285755824027 285.0139335384538 302.4332811304662 311.45338284353284 263.359393329913 260.4992250451669 335.0543560773722 357.53736313459467 271.90679367171833 325.78572405353634 361.2737857754869 396.4604306745355 264.4175716715572 328.8313316621743 376.5633110243921 259.39247342719955 332.78115040873945 257.7698627284144 368.5769454353208 305.6059360342215 298.0782381032468 254.9691285612439 252.32357703176376 256.83669858657595 239.85984111046128 
295.61894001477776 283.20971784319727 302.30039884599637 311.45338284353284 262.6442352488998 260.4992250451669 335.0543560773722 357.53736313459467 271.4809202988131 325.78572405353634 361.2737857754869 396.4604306745355 263.81771352204623 328.8313316621743 376.5633110243921 259.03244018222813 332.78115040873945 257.48573879479454 368.5769454353208 304.1801695209201 297.73809822190515 254.45674299037 252.0772485611892 256.6074146614642 239.64123507703198 
295.61894001477776 283.20971784319727 300.6822090665778 311.45338284353284 262.54915172425444 258.2093523913809 335.0543560773722 357.53736313459467 271.19419881538124 325.78572405353634 361.2737857754869 396.4604306745355 262.96508787606217 328.8313316621743 376.5633110243921 258.8004880588737 332.78115040873945 257.093347157248 368.5769454353208 300.823508611933 297.6901948921668 253.01968564759227 251.78258335955888 255.59179904878238 239.3528181325796 
295.1590426609423 281.76509649177524 299.0918444151107 311.45338284353284 262.37445222998076 257.4999225718002 335.0543560773722 357.53736313459467 269.9888330483327 325.78572405353634 361.2737857754869 396.4604306745355 262.68267185546574 327.59458028392464 376.5633110243921 258.45682856005806 332.78115040873945 256.37673220642773 368.5769454353208 299.5088920115295 297.5922686446229 252.92842441736775 251.31499411651157 255.23816921667503 238.56268040220266 
295.1590426609423 278.68120065411085 298.1917417281111 311.45338284353284 261.95717166364193 255.6005033314027 335.0543560773722 357.53736313459467 267.3605728863322 325.78572405353634 361.2737857754869 396.4604306745355 261.3328484755093 327.59458028392464 372.4895914459644 258.3839755345616 332.78115040873945 256.0356194628339 368.5769454353208 297.733392245249 297.35560626111965 252.32733865626824 251.29901418110376 254.9422423320325 238.38238446470268 
295.1590426609423 278.4029791916669 296.7757865367489 311.45338284353284 261.77979785149137 254.41855488549572 327.0837992828074 339.0241249329565 267.0308232791949 325.78572405353634 361.2737857754869 396.4604306745355 261.2706353815388 327.59458028392464 372.4895914459644 258.2219369784166 332.78115040873945 255.53677006170074 368.5769454353208 296.1544939748728 296.6733512623655 252.32733865626824 251.1623356267237 254.55751457353927 238.0973350252766 
295.1590426609423 277.9262048506107 296.7757865367489 311.45338284353284 261.41819699372627 252.7547094748379 327.0837992828074 339.0241249329565 265.7367642886834 325.78572405353634 361.2737857754869 396.4604306745355 260.6833761228786 327.0110450017264 372.4895914459644 257.9397432941578 332.78115040873945 255.53385570244427 368.5769454353208 294.72931447257815 294.9112317836443 251.26263909617956 250.96969327910256 254.1520467886412 238.0012347417519 
295.1590426609423 277.20792512574326 296.7757865367489 311.45338284353284 258.85205676077567 252.26201147818756 327.0837992828074 339.0241249329565 264.6190799805008 325.78572405353634 361.2737857754869 396.4604306745355 260.5870706810656 327.0110450017264 372.4895914459644 257.8578543258054 332.78115040873945 255.4430827287424 368.5769454353208 292.42117421835974 293.785372522088 250.3894168709744 250.96969327910256 253.3166190789634 237.6658222905212 
295.1590426609423 272.8662567539732 296.4271369838352 311.45338284353284 258.0256575544445 251.36626782913572 327.0837992828074 339.0241249329565 263.29578197532373 325.78572405353634 361.2737857754869 396.4604306745355 259.9174690431764 327.0110450017264 372.4895914459644 257.6359471861342 329.5079192186463 255.3021139317284 368.5769454353208 292.42117421835974 292.1277149200296 250.27560032998645 250.96969327910256 253.13961023742377 237.46001719770766 
295.1590426609423 271.9444596336898 293.44495540234357 311.45338284353284 252.90984444138257 249.25766142245857 327.0837992828074 339.0241249329565 262.60735203971353 325.78572405353634 361.2737857754869 396.4604306745355 259.49830071770066 327.0110450017264 372.4895914459644 257.6359471861342 329.5079192186463 255.277809539175 368.5769454353208 289.8456498767455 292.1277149200296 250.1304843667126 250.96426216461532 252.93286097163264 237.06107144642738 
295.1590426609423 270.9055776738878 292.8867135906148 311.45338284353284 252.7194134506749 248.41201079235816 326.9695398752924 339.0241249329565 261.7372541965842 325.78572405353634 361.2737857754869 396.4604306745355 259.3177511258773 327.0110450017264 372.4895914459644 257.06906076966425 329.5079192186463 255.03608907717626 368.5769454353208 287.84673077756406 290.7927336873913 250.0726050209646 250.85222553220228 252.82269978269096 237.00986012849853 
293.5818175738814 265.20329304835377 291.12992553859794 311.45338284353284 251.38944889531376 248.0480023744385 326.9695398752924 339.0241249329565 260.98491162279015 325.78572405353634 361.2737857754869 396.4604306745355 259.1619440366494 327.0110450017264 372.4895914459644 256.7150018695361 329.5079192186463 254.9836296139756 360.1505095849361 286.0479931796849 290.7927336873913 249.8092968070746 250.82592855451185 252.63180968076085 236.76577978165096 
291.28100138956233 261.9478363215453 285.9428805618536 311.45338284353284 250.4295482113489 247.6842907611449 326.9695398752924 339.0241249329565 260.68592082272653 325.78572405353634 361.2737857754869 396.4604306745355 258.3772335434023 321.8647208641587 372.4895914459644 256.4467514322914 329.5079192186463 254.952990187684 360.1505095849361 283.6359841239082 290.7927336873913 249.3543584048316 250.8082504579529 252.53351204708588 236.46370940836823 
291.28100138956233 260.8545120328399 285.674020358239 311.45338284353284 249.55560765997825 247.3882053401453 326.9695398752924 339.0241249329565 260.30417024424924 325.78572405353634 361.2737857754869 396.4604306745355 257.60462093816795 321.8647208641587 372.4895914459644 255.97557750944316 329.5079192186463 254.79547569919168 360.1505095849361 281.9132559713198 290.0530796581306 248.61190504222668 250.80015915596096 252.49922361161953 236.44642061520426 
291.28100138956233 260.33188262863405 282.7626954567263 311.45338284353284 248.6229968520197 247.23998616731433 326.9695398752924 339.0241249329565 259.9917129317655 325.78572405353634 355.1582990415154 396.4604306745355 256.01794431874396 321.8647208641587 372.4895914459644 255.27890891489778 329.5079192186463 254.63573563431282 360.1505095849361 281.59115380633284 289.08774180455293 248.10834359919636 250.7947539948841 252.41046140763274 236.36075575640962 
291.28100138956233 257.7310230369503 279.9508150712836 311.45338284353284 247.7874591191612 246.4878642745689 321.84672724621714 339.0241249329565 259.6545503086677 325.78572405353634 355.1582990415154 396.4604306745355 255.1246459791637 321.8647208641587 372.4895914459644 254.83665436314732 329.5079192186463 254.465751555133 360.1505095849361 280.01747441511907 287.8409625722884 247.81518185517916 250.7743335634832 252.25264441183526 236.28219957993406 
290.8925123374488 257.17250296820976 278.7950936175339 304.71328244516326 247.28768649045605 244.57726288638196 321.84672724621714 339.0241249329565 259.33117694644807 324.4491324800224 355.1582990415154 396.4604306745355 254.5567002293833 321.8647208641587 372.4895914459644 254.21447352265295 329.5079192186463 254.34844840632695 359.3923496173961 280.01747441511907 287.8073279538776 247.3895983649877 250.7161669243419 252.14020212878222 236.1957578585393 
289.6420476117496 255.98308661839746 278.55069441516844 304.71328244516326 246.57731681785572 243.91650585211073 321.84672724621714 339.0241249329565 259.21695736776155 324.4491324800224 355.1582990415154 396.4604306745355 252.06766053121282 321.8647208641587 372.4895914459644 253.83752257420474 329.5079192186463 254.21194459436356 359.3923496173961 278.72486478499513 286.52224719806827 247.33106083082112 250.6741320332735 252.0533309924581 236.12086093558582 
289.6420476117496 255.7829999605433 276.33971783470497 304.71328244516326 246.08616115834093 243.22714353509946 321.84672724621714 339.0241249329565 259.0116819667405 324.4491324800224 355.1582990415154 396.4604306745355 250.65238664931258 321.8647208641587 372.4895914459644 253.69291248644413 329.5079192186463 254.15951030602673 359.1710873711313 278.6031295583216 286.0047418323534 246.8414526438669 250.64813780639724 251.88359038755334 236.0478465669794 
284.0846378153642 255.47815232094126 274.8198186863797 304.71328244516326 245.50795560982442 242.63124090477913 321.84672724621714 339.0241249329565 258.83954449077464 324.4491324800224 355.1582990415154 396.4604306745355 249.84783932548407 321.8647208641587 372.4895914459644 253.47495249686563 329.5079192186463 254.08037269750503 359.1710873711313 276.7148012751595 285.0003849213899 246.59258566266408 250.51312970246363 251.55684361658314 235.96262977004926 
284.0846378153642 254.11673513943788 272.64352993687044 304.46258034810853 244.39764670729983 242.16771602854033 321.84672724621714 339.0241249329565 258.5879022783006 324.4491324800224 355.1582990415154 396.4604306745355 248.72017271160985 321.81360144841756 372.4895914459644 253.42952451666133 329.5079192186463 254.05085757516827 359.1710873711313 276.3292077621868 282.4433365504383 245.8624549090373 250.4848643779119 251.40103453433494 235.8852038675882 
284.0846378153642 253.39857757251366 271.9882576043037 304.46258034810853 244.1610206265741 241.55577714920082 321.32253645736773 339.0241249329565 258.39020364232465 324.4491324800224 355.1582990415154 396.4604306745355 248.5655843971581 321.81360144841756 372.4895914459644 253.42306585220513 329.5079192186463 253.97707569683507 359.1710873711313 276.2314140041408 281.5145194285442 245.10753946111618 250.46257481466318 251.30878483456627 235.75577052505423 
282.5502369105293 253.15592916607147 271.3228343032997 304.46258034810853 244.01808748885333 241.22664299279268 318.44780297577563 336.9970435257401 258.3322020947362 324.4491324800224 355.1582990415154 396.4604306745355 247.80254240184604 321.81360144841756 372.4895914459644 253.22693318314668 329.5079192186463 253.90657629069847 359.1710873711313 275.60462276470616 279.0274872388659 244.23871995925174 250.45032980104315 251.22206549327802 235.7141237124515 
281.35680345454057 252.02858241749936 270.01819576336993 304.46258034810853 243.71081561507071 240.87252329819512 318.44780297577563 336.9970435257401 258.2918054049637 324.4491324800224 355.1582990415154 396.4604306745355 247.1476577012586 315.7115224976228 372.4895914459644 253.01944114904836 329.5079192186463 253.67420005335134 358.2266360963481 275.4942422608542 278.89250764644294 243.4118988146247 250.4320180179334 251.10831647435543 235.64799804907443 
280.3184547414312 251.88116448894516 269.1971957993528 304.46258034810853 243.383340107604 240.30768407865617 318.44780297577563 336.9970435257401 258.10059654638417 324.4491324800224 351.03103538799496 396.4604306745355 246.53532459090502 314.01344829599066 372.4895914459644 253.00379886945848 329.5079192186463 253.67420005335134 358.2266360963481 272.2336774978253 278.89250764644294 243.33641596406005 250.4022535413319 250.9949738733785 235.59363331923305 
279.30789146310235 251.24230196139433 267.43682942156966 304.37620395193244 242.8134385318058 240.10016043643418 317.6818176307679 336.9970435257401 257.5436993827225 324.4491324800224 351.03103538799496 396.4604306745355 245.93661196051198 312.0461567603634 372.4895914459644 252.7272069736414 329.5079192186463 253.58684076263353 356.5794069393246 269.26071238175336 277.96324720256825 243.2431888228789 250.36469191646347 250.98255009957484 235.5547865738895 
279.30789146310235 251.1961481792273 266.4958470923443 304.37620395193244 242.62473656752445 239.87535718564868 316.63218415716256 336.9970435257401 257.09672228492036 323.0792533649237 351.03103538799496 396.4604306745355 245.15127295749244 312.0461567603634 372.4895914459644 252.7272069736414 329.5079192186463 253.54799617927347 356.5794069393246 265.56774793251316 277.62318380720944 242.77974671839047 250.32419388704602 250.94866134328504 235.45664203203614 
279.30789146310235 250.73556239522486 264.2479324231649 304.37620395193244 242.53466815431148 239.71899016616953 315.0205334117263 336.9970435257401 256.7751755373365 323.0792533649237 351.03103538799496 396.4604306745355 243.23516126427558 312.0461567603634 372.4895914459644 252.26584760396418 329.5079192186463 253.42271629956258 346.74557197660533 264.17764445986177 275.8899826645893 242.2380435165869 250.32419388704602 250.88493215990184 235.29179045156025 
279.1240315226323 250.618692570461 261.9470398697176 304.37620395193244 242.4190801892546 239.62767476653335 315.0205334117263 336.9970435257401 256.27919062050887 323.0792533649237 351.03103538799496 396.4604306745355 243.16318485004922 307.0386736901437 372.4895914459644 251.7937217216886 329.5079192186463 253.40438396972604 346.74557197660533 263.9018957048311 273.8470946001735 241.93675649060424 250.31932621581245 250.83545387002778 235.0954703072657 
279.1240315226323 250.29745013935553 259.61549445965966 304.37620395193244 242.36547141060782 239.4353631508102 315.0205334117263 336.9970435257401 255.88467317322147 323.0792533649237 351.03103538799496 396.4604306745355 242.98235862099182 305.7375500339667 372.4895914459644 251.30155436529276 329.5079192186463 253.3113184321096 346.74557197660533 260.9802407637967 273.0478224218705 241.31301323435355 250.29385356752482 250.81286711367147 234.92327651743017 
279.1240315226323 249.96916530565068 255.76551247602492 303.8554682544791 242.16769935210232 239.13058825074677 313.6782578971133 336.9970435257401 255.47218256620772 323.0792533649237 351.03103538799496 396.4604306745355 242.71162011583465 305.7375500339667 372.4895914459644 250.35818231980102 329.5079192186463 253.21856678732775 334.4269324477864 258.6757042224531 269.3364459960467 241.15156357242677 250.2587156104828 250.78676597899494 234.81097039760016 
277.4080138194013 249.83424739394877 254.44125588200632 300.4969322600482 241.81149843538014 238.8529560121192 310.2900215916343 336.9970435257401 255.15403217460562 323.0792533649237 347.50283753953727 396.4604306745355 242.1043707169897 305.7375500339667 372.4895914459644 249.34070569616506 329.5079192186463 253.16026078204686 334.4269324477864 256.2701249332772 264.21626616089725 240.51095539330527 250.24549789836237 250.77566740106522 234.70890402836267 
277.31094157375765 249.444266765463 253.24479362244938 300.4969322600482 241.49283952450878 238.61393399555755 310.2900215916343 336.9970435257401 255.03220860434476 323.0792533649237 343.2516932104195 396.4604306745355 241.13032756873235 305.7375500339667 372.4895914459644 248.27880932240168 329.5079192186463 253.14070159709127 334.4269324477864 253.8681800461677 260.1128231332332 240.10050428411887 250.23200185385986 250.76140341931023 234.62307637284084 
277.2228684215929 249.05101506131768 251.90621299694067 300.4969322600482 241.24862090026363 238.32426055546193 308.59915361099274 336.9970435257401 254.51371492041426 323.0792533649237 343.2516932104195 396.4604306745355 240.52310477880337 305.7375500339667 372.4895914459644 247.8144587768188 329.5079192186463 253.1082756769315 334.4269324477864 253.24691682151706 255.84385464736306 239.54413914165525 250.21192241430208 250.74645590483033 234.4416179831005 
277.2228684215929 248.92859507859976 250.50052226283015 297.80960576448024 240.96212123195164 238.04370230941822 307.648337634721 336.9970435257401 254.48515955988387 323.0792533649237 343.2516932104195 396.4604306745355 240.02870885422135 305.35382770761817 372.4895914459644 247.3781700288614 329.5079192186463 253.07892179404098 331.76415848467286 251.212831332311 254.6393959621496 239.02966215722745 250.1974283604568 250.73268652817615 234.04980159793558 
277.2228684215929 248.62902623289756 249.84890465033823 297.80960576448024 240.7774020030456 237.57312858163687 307.648337634721 332.16787174623687 254.3712245081624 323.0792533649237 343.2516932104195 396.4604306745355 239.60113063099243 305.35382770761817 372.4895914459644 247.2430968391118 329.5079192186463 253.05542474025378 331.76415848467286 250.64866337325066 253.1113547116397 238.24229437996746 250.18703695289742 250.71454772516336 233.6180535782878 
277.21623449571644 248.53159412546574 248.65172398364757 297.80960576448024 240.43554598602577 236.90110543418177 306.15122114185533 332.16787174623687 254.31292053883635 323.0792533649237 343.2516932104195 396.4604306745355 239.24073760735337 301.2529790123117 372.4895914459644 247.18403046925187 329.5079192186463 253.03319967742482 331.76415848467286 250.06655152053327 251.83337521470003 237.82654273483695 250.18277331087393 250.70063687992342 233.1002821483239 
277.0437130365185 248.1852176356665 247.80049211813457 296.79446146428745 240.25485267275963 236.79718458718799 306.15122114185533 332.16787174623687 254.23704522567414 322.77885713293927 343.2516932104195 396.4604306745355 238.8403220975174 298.5723169903554 372.4895914459644 247.03004921411457 329.5079192186463 253.01486174699403 331.76415848467286 249.69891185755614 250.34620016752342 237.29830453968907 250.12665294060935 250.68994493899163 232.14445597018312 
272.83661937586476 247.8040728692131 245.84782986547998 296.79446146428745 240.117081097761 236.62530688741163 304.92112521236686 332.16787174623687 254.17577678617727 322.77885713293927 341.9470993551613 396.4604306745355 238.53716366698427 297.102180018484 372.4895914459644 246.99853566303454 329.5079192186463 252.9902064460398 331.76415848467286 248.81258698608463 249.37285057135932 237.1925200317014 250.11342868097245 250.67558709010746 231.78868151480083 
271.4364227755559 247.11224827514297 245.31518150680722 295.18701685516953 239.95882062243663 236.31802157835682 303.0944024994128 332.16787174623687 254.0433884307754 322.77885713293927 335.8545460390137 384.17894154745363 237.96452234192475 293.77082450339094 372.4895914459644 246.832207326117 329.5079192186463 252.97619022791423 331.76415848467286 248.08653236511145 248.8636299604841 236.6461488888517 250.02480102000936 250.67267887123216 231.40053068553425 
271.4364227755559 247.00983493462854 244.5811252445942 291.05285549376003 239.78274179960636 235.86975498547872 303.05802398990863 332.16787174623687 253.9852985422831 322.77885713293927 335.8545460390137 384.17894154745363 237.37315246245362 291.6933216678203 372.4895914459644 246.5172308085871 329.5079192186463 252.96377699384038 331.76415848467286 247.79692502679745 246.16828078475055 236.27321992280986 249.97888583093618 250.64873001859178 231.14445654035808 
269.34305535285193 246.85301798509408 244.4036795609295 288.64750560810035 239.6206734259763 235.24003843795435 301.5563811239181 332.16787174623687 253.9596645353231 322.77885713293927 334.27138735489734 384.17894154745363 237.01198231650778 286.12473329491695 372.4895914459644 246.43167513740082 329.5079192186463 252.95193134427336 331.76415848467286 247.49552745146866 245.2108223056839 236.1129170125073 249.91409409001562 250.63881024499324 231.00899534147175 
268.1756009129299 246.73739299355793 244.10552688230155 287.1084234847676 239.51585159290516 235.03178675583922 301.5563811239181 332.16787174623687 253.85986147911353 322.77885713293927 334.27138735489734 384.17894154745363 236.65154098820858 284.52766119473335 372.4895914459644 246.17041264131467 329.5079192186463 252.94490950325462 331.76415848467286 247.30329247437294 244.9825093049849 235.85767411334382 249.87726521687955 250.63210957411957 230.77874415605265 
267.55013418094086 246.6800123893995 243.92202778498813 286.9382890009874 239.44954695447905 234.87587895808474 301.5563811239181 332.16787174623687 253.81558976880888 322.77885713293927 334.27138735489734 384.17894154745363 236.40169586698357 283.51243608250206 372.4895914459644 246.04972339189408 328.521517212022 252.92728574329703 331.76415848467286 247.10978922908635 244.10120241751747 235.55776534698725 249.76612053162262 250.61984848610382 230.5595204377537 
267.38937416512636 246.64717109783396 243.92202778498813 284.34509507884513 239.20802505146185 234.6755475185123 298.6915383641481 332.16787174623687 253.75664415931578 322.77885713293927 334.27138735489734 384.17894154745363 236.09354221568174 280.45441109548574 372.4895914459644 245.9211126693308 328.521517212022 252.91617268816617 331.76415848467286 246.7395907268119 243.4774967488297 235.41921257945933 249.76350045081927 250.61111590387554 230.46500665250142 
264.86780870039 246.59729869525836 243.80405026536937 284.34509507884513 239.07369192200485 234.43222049559927 298.4624877466176 327.2191611722578 253.6979696173862 322.77885713293927 334.27138735489734 384.17894154745363 235.8532549998381 275.1018282749578 372.4895914459644 245.7509191168092 328.521517212022 252.9027434205218 331.76415848467286 246.3029346473736 242.4399570484611 235.0210633090278 249.72831778847967 250.60608395496592 230.2492600416208 
264.86780870039 246.53046282947798 243.58176547860967 284.34509507884513 238.81173225825341 234.2595204919421 293.26045299841326 327.2191611722578 253.67885953167433 322.77885713293927 334.27138735489734 384.17894154745363 235.45961199808926 275.1018282749578 372.4895914459644 245.71684425608828 328.521517212022 252.85855479122756 331.76415848467286 246.03203429596624 241.79093540180065 234.8680337051901 249.6947468196272 250.6042794118648 230.17449664964033 
263.4950391349371 246.49893950621936 242.34095101989533 284.0700756215547 238.74507471672405 234.00309096450064 292.9992657667135 327.2191611722578 253.62609860097746 322.06365255233277 334.27138735489734 384.17894154745363 235.29348592160432 275.1018282749578 372.4895914459644 245.57905647687403 328.521517212022 252.83638140454605 330.24300740670014 245.88342814914358 241.38764658167293 234.4264629758427 249.5518764808544 250.6017244270638 230.11379314163332 
262.4843983572523 246.4537331015431 241.88713165123363 284.0700756215547 238.65534255817374 233.87540202120317 291.67940957552037 327.2191611722578 253.57124249226354 322.06365255233277 334.27138735489734 384.17894154745363 235.25331113380025 274.25338997555946 372.4895914459644 245.47282212069513 328.521517212022 252.83035455757454 325.8863868031499 245.79826004577126 241.07845311263281 234.24375244794874 249.3229801227967 250.60059275343474 230.06711864689214 
260.453343146974 246.43345113621763 241.645724697491 281.02854852950895 238.62145694956416 233.7829736276458 289.39399027583295 327.2191611722578 253.5442757574665 322.06365255233277 334.27138735489734 384.17894154745363 235.20479338292444 273.4070028394967 372.4895914459644 245.44251557575853 328.521517212022 252.79849327826742 325.8863868031499 245.60789644074293 240.51597589455332 234.23394244223255 249.11123794651576 250.59797496382862 230.04365665514024 
258.0411944444013 246.39848036119565 241.6339414824506 279.7868596700091 238.59721324183556 233.75778695849704 287.3769988753902 325.5669438492255 253.5194173444761 321.0213653479045 334.27138735489734 384.17894154745363 235.1313420883066 272.81793215013704 372.4895914459644 245.42822772307727 327.7874038392729 252.75563261531124 325.8863868031499 245.39015090177554 240.39719305337212 233.95039437510832 249.11049578733355 250.59523640766156 229.9791164206249 
255.68128906066386 246.37321151716014 241.44511988666045 275.54484390417747 238.56878457039738 233.7140131821684 286.39841053161217 325.5669438492255 253.48035966140924 321.0213653479045 334.27138735489734 384.17894154745363 235.00445339414637 271.014771358698 372.4895914459644 245.27215602035176 327.7874038392729 252.70368917890846 322.94370562001404 245.26887421957463 240.0845220430374 233.56810175382998 248.81632625689917 250.59209879737864 229.92821683115199 
255.30588470829207 246.3168717550966 241.36833617095317 275.40513580947845 238.51462154873934 233.68218458900674 284.3943149634001 325.5669438492255 253.45259034871606 321.0213653479045 334.27138735489734 384.17894154745363 234.91565978676772 270.2228290179096 372.4895914459644 244.98855140884461 327.7874038392729 252.68835543520754 322.94370562001404 244.97162167700117 239.8970009198324 232.6326922508274 248.69619423945096 250.58937363905716 229.89819307421612 
250.86698814955435 246.25548284722663 241.28093235942106 275.40513580947845 238.4937183248676 233.65255636145775 284.3943149634001 323.4878750152825 253.43753373780373 321.0213653479045 330.1216470666827 384.17894154745363 234.7694097710446 269.7536892198714 372.4895914459644 244.6292737964509 327.7874038392729 252.66055535525174 321.9035335896692 244.68584678916568 239.72699227930798 232.00150737678678 248.06812772589 250.5883087665802 229.86881658349876 
249.22326570069163 246.19295048470758 241.17633633756122 275.3469891294176 238.39863700538535 233.6325608263278 283.2275022346912 320.297736232867 253.40070375029381 321.0213653479045 330.1216470666827 384.17894154745363 234.61519038106326 268.2271625762278 372.4895914459644 244.4155366347013 327.7874038392729 252.59864748193422 320.3637991956066 244.52148041236842 239.50245621424392 231.58917677057661 247.98304980815283 250.58717481555323 229.8254486312453 
249.22326570069163 246.1749998714463 241.17633633756122 272.9893357417227 238.3392338310332 233.60237514173423 281.1615189571726 319.50890035531665 253.32822404677518 321.0213653479045 330.1216470666827 384.17894154745363 234.25702052721226 267.11018786703653 372.4895914459644 244.21825324047677 327.7874038392729 252.55133811528003 317.92138708606217 244.32718491742617 239.20042416427395 231.24105628598772 247.6712557305259 250.5865839435728 229.80001662782433 
246.87852856654126 246.1595766690707 241.07609228350748 268.1289615161422 238.29007226597196 233.565836118662 280.84950844842615 312.57732674857925 253.28802499310268 320.9231067926503 330.1216470666827 384.17894154745363 233.4239821256042 266.7724203222797 372.4895914459644 243.93703269749585 327.7874038392729 252.5332024047798 316.0348852993143 244.180170668581 238.87083820781072 230.9406045731521 247.62544131836057 250.58526996410365 229.78090961005955 
246.00927310633642 246.1302745515277 240.36435316639336 266.0273273216535 238.2635929701737 233.4447621396166 280.84950844842615 312.57732674857925 253.25442835084823 320.90905786925714 330.1216470666827 384.17894154745363 232.83211009653178 266.4676779411243 372.4895914459644 243.82559225404748 327.7874038392729 252.52492466682725 314.16919608391527 244.00851105538868 238.3185220374462 230.41301897971516 247.49623387189786 250.5829986668141 229.76633919528012 
243.51506906552595 246.08238569237983 240.05537654267118 266.0273273216535 238.23541986518876 233.35890217032556 277.80774807795206 310.98469545653006 253.22110057007376 320.90905786925714 330.1216470666827 384.17894154745363 232.64066962240395 265.28993884688407 372.4895914459644 243.65420562293866 327.7874038392729 252.5182493673501 313.74039237690795 243.85358216184022 237.28895086165085 230.02262390967462 247.45869527801506 250.580594308517 229.75148079900328 
240.18882206218132 246.0117848877817 239.7882789172245 263.9860702406295 238.20594798558477 233.34891490362543 276.28613922153636 310.98469545653006 253.2115924253576 320.90905786925714 330.1216470666827 384.17894154745363 232.47039676218355 261.39526821083837 372.4895914459644 243.60916624967513 327.7874038392729 252.51426516338233 311.8167908195078 243.78078199415722 236.31918693452826 229.9720504857496 247.40186463727105 250.57925619515345 229.7382661357983 
238.93619021365566 245.86145581471874 239.67132620469783 262.9893092091788 238.17423048878618 233.3087254514021 275.3684813924215 306.84233553996 253.1899619345818 320.90905786925714 330.1216470666827 384.17894154745363 232.30257464660917 258.71051915004045 372.4895914459644 243.48944197236915 327.7874038392729 252.50716126518046 309.7678284237586 243.7471075686326 236.23549524484042 229.90319797241273 247.35684256806644 250.57885122693915 229.72673245598207 
237.92629792335492 245.80137509312544 239.5907731694051 262.2939049849524 238.1522276725418 233.22399805817986 274.84038590724685 300.7683784091314 253.17991857681727 319.8897181564794 321.48381162647456 384.17894154745363 232.15192869948987 258.3912195225739 372.4895914459644 243.43711977370458 327.7874038392729 252.49500357503302 308.59958484341587 243.6969242927048 236.103324334249 229.73707515370506 247.077129823223 250.57791122220806 229.71775270223134 
237.35288420715733 245.75660360994243 239.54291696549126 261.1371154479184 238.13912583003457 233.19853902735304 274.5005906270635 298.3281655332639 253.16585955776645 319.8897181564794 321.48381162647456 384.17894154745363 231.953632558334 256.7650809916263 372.4895914459644 243.39040293640574 327.7874038392729 252.48509003254003 301.97208860821047 243.64139813802376 236.06743271243295 229.6786483321257 246.98132987606732 250.57740084638863 229.71090734677637 
236.98313304169187 245.73683577771817 239.4238498157565 261.1371154479184 238.13104899136124 233.0673822706308 273.7340065820804 296.6781800068693 253.1470188169783 319.16551150793293 319.2685867628329 384.17894154745363 231.6872555377422 254.91915892093084 372.4895914459644 243.3583502550964 327.7874038392729 252.47838829253942 297.9180692383393 243.60318967470903 235.99560848004467 229.59682547242483 246.61137939148466 250.57651405094248 229.7045846040778 
236.5857484301323 245.70139931131598 239.37965377335877 260.5484738188825 238.12724640544093 232.7174595852125 272.86201083647575 292.7215696398084 253.1205187535311 319.16551150793293 319.2685867628329 384.17894154745363 231.5526427581076 254.3023081685601 372.4895914459644 243.33971220706417 327.7874038392729 252.4724091832254 296.55927222936 243.58673969788788 235.94453046598528 229.5312757740894 246.37788477948516 250.57617226168713 229.7001616109037 
235.39890154555314 245.67937573029758 239.2498587002765 259.8337803618101 238.1231041364381 232.6391327964161 270.99548587453955 292.7215696398084 253.09605085878138 319.16551150793293 319.2685867628329 384.17894154745363 231.47643032592077 253.06010398181343 372.4895914459644 243.29331791965342 327.7874038392729 252.46352621595952 295.6577027642411 243.57110242784483 235.8952779433307 229.49869542500392 245.79837152629307 250.5757129888966 229.69295302825776 
234.45544391854355 245.66414020907905 239.1932536836398 258.9967167795535 238.11219474514655 232.54101532293134 270.63655295437957 290.80226233797475 253.0859402773649 319.16551150793293 319.2685867628329 384.17894154745363 231.28767553379203 251.77561150822248 372.4895914459644 243.20896860542825 327.7874038392729 252.44559301973322 292.11972546545485 243.5560347818141 235.87613723684535 229.4575140386005 245.5007863390956 250.57530864780392 229.6845735825359 
233.34745309742038 245.65166535962135 239.1397354997921 255.32282659788734 238.08771528357465 232.4550138283621 270.2620037029219 287.4125774183299 253.0816438318866 319.16551150793293 319.2685867628329 384.17894154745363 231.1949893613778 248.8976632009817 372.4895914459644 243.11825125876567 327.7874038392729 252.43099291537055 290.8882858184943 243.54073445151926 235.8558769571705 229.3949244371329 245.28422031533228 250.57507895649223 229.67869258841665 
232.96582839574603 245.63840901415688 239.08345897736126 253.47638706330736 238.0746246936883 232.2327811172222 269.6304870955428 279.3480428244079 253.06886640210632 319.16551150793293 319.2685867628329 384.17894154745363 231.06396035905163 247.5910239119762 372.4895914459644 243.09316367095334 327.7874038392729 252.40796143865236 287.2282348003573 243.53408221687096 235.84265899171942 229.3754171784467 245.10735244960915 250.57488120993185 229.67517514361953 
232.2756162372484 245.632346385064 238.95882352467152 251.38448935073848 238.05313074389414 232.029293889987 268.5588823657158 266.30825347157725 253.05629335990625 318.6962132409676 318.71773117077146 384.17894154745363 230.94277115498608 247.23446657585555 372.4895914459644 243.00971269204956 327.7874038392729 252.33288277836118 285.3419180225592 243.52897910553793 235.80174095878965 229.36111563976692 245.0178148003024 250.57453547457408 229.6718553731671 
231.77901717626946 245.62649719341334 238.91690044327925 248.76266919722138 238.04077264827492 231.51762575964585 267.896319442224 266.30825347157725 253.0410233913417 318.6962132409676 318.71773117077146 384.17894154745363 230.90945341080624 245.35739364085066 372.4895914459644 242.93001048754832 327.7874038392729 252.2473132679952 283.6035203495662 243.52078478469957 235.728217443836 229.32860208474904 244.91727339307045 250.5742698569893 229.66056647345067 
230.77035632464276 245.62189770068517 238.82454370255437 248.02180958533336 238.03257556014069 231.22269963338886 266.02286955261707 261.34911191385163 253.03567436102276 318.6962132409676 318.71773117077146 384.17894154745363 230.85691481205367 243.89871694598605 372.4895914459644 242.7092437009287 327.7874038392729 252.22045046857102 281.6901014331884 243.5146877797174 235.69377934703516 229.29128992857568 244.7454493315454 250.5741324705582 229.63257091459764 
229.9175741329109 245.61378336236112 238.72327539215166 246.95640198519777 238.02955743965776 231.1584569979159 264.95311560483924 261.0104336699269 253.02459146611045 318.6962132409676 315.8442379752455 384.17894154745363 230.83896153659407 243.89871694598605 372.4895914459644 242.65976395754842 326.5714677805481 252.11617988285525 279.81791387000794 243.51137525957301 235.6881866156782 229.24778134388453 244.69640394984344 250.57390296599397 229.61424772566488 
229.60094361246638 245.6017941314476 238.59161085565984 245.9283663199194 238.02373291692447 231.09375805590116 264.4885622882812 260.05659047364315 253.0127657197504 318.6962132409676 315.8442379752455 384.17894154745363 230.81201818829504 243.08946882461896 372.4895914459644 242.6322638220472 324.19785736709855 251.8929894520329 279.7054327670612 243.50922412678983 235.66843140711399 229.18659974224147 244.61326565128684 250.57366125335875 229.59868809463342 
228.262703699369 245.56049560389556 238.4483705547609 244.45134987602705 238.0202617426139 231.08344601231283 264.04375120350414 258.79217203128246 253.00172843910514 318.6962132409676 315.47408454410606 379.91158599569826 230.79506030028733 242.55540401083454 372.4895914459644 242.62433592358457 323.1794477211088 251.7204848394672 277.7102202105543 243.507375855193 235.65751504795026 229.12854681872477 244.571455001118 250.57345083239488 229.56580715468635 
227.9349491806197 245.52999678233073 238.1869731571528 243.15922373040303 238.01780971101516 231.03271518807333 264.04375120350414 256.99484842632774 252.97600737989796 318.6962132409676 315.47408454410606 379.91158599569826 230.77065361872064 242.20033547379444 372.4895914459644 242.58672171758644 323.1794477211088 251.437977131166 276.1499290444417 243.50614352441562 235.62475899520996 229.11573037723883 244.5487527959067 250.57308948914488 229.52250340001046 
226.2066522705486 245.46538276933234 237.7667073456605 242.0919975988686 238.01228559326728 231.01805372807348 263.3429363930877 253.19461539616486 252.96274764968302 318.6962132409676 315.47408454410606 379.91158599569826 230.75938096962818 241.65708935304792 372.4895914459644 242.57544341782932 323.1794477211088 251.3342653916884 275.5740139283871 243.50317571649975 235.59259150859134 229.09428705265873 244.49812244236364 250.57256986132415 229.5122586097409 
225.54577083448385 245.4274246861537 236.63829372877308 240.27369332297667 238.00925762619227 231.00189272428725 261.8113745226565 250.99931843405284 252.9532088250371 318.6962132409676 314.85271867447227 379.91158599569826 230.74210599235494 240.71519611926396 372.4895914459644 242.5572235072491 323.1794477211088 251.22079875654754 275.06245518841934 243.5001068354768 235.47131323791064 229.06653239380057 244.4593890644819 250.57229365718968 229.50620868962278 
224.75878269669056 245.3696487238808 236.22645219740798 239.52170184832084 238.00767194075843 230.9813571089062 261.3300246144022 249.14171503199304 252.9497592788025 318.165890679521 311.6680209670444 379.91158599569826 230.72865544895785 239.91910230527992 372.4895914459644 242.53899333475601 323.1794477211088 251.1135652330231 274.76590568462825 243.49875902970598 235.28493624058046 229.05126015736778 244.444453886882 250.5720634318709 229.5024363816592 
224.07791057876375 245.25972148388882 236.08067591636518 238.80130464361127 238.00664863765815 230.95973455388776 260.49461147778675 247.39077194604124 252.9477248446169 318.165890679521 310.2513621678363 379.91158599569826 230.70680460513404 239.67483674351206 372.4895914459644 242.5175587858589 323.1794477211088 251.0898333625928 274.18996792452754 243.49771832640363 235.27797776641137 229.03314438485995 244.42608243794893 250.57196951085507 229.49736007755018 
223.34580884402612 245.1388993448777 235.98400572791388 238.5040619404017 238.00531980346386 230.92127985519573 260.4260675442997 242.65742874966554 252.94398298397164 317.1876971262277 306.5449378380281 379.91158599569826 230.6515004463131 239.32943184436 372.4895914459644 242.50184259840626 323.1794477211088 251.06789358583774 273.6609906694089 243.4174630299217 235.264151382627 229.032983975173 244.41762030389873 250.57185810378178 229.49180989089018 
222.47814818337383 245.0681180935394 235.93843842073147 237.82402968097767 238.00403047035616 230.88374666032814 260.24278088904884 239.20563023005616 252.9397336462862 317.1876971262277 306.5449378380281 379.91158599569826 230.62632745875635 239.11524896385663 372.4895914459644 242.48076490353833 321.1730783474809 251.05430574793627 273.10614555379834 243.39870726250228 235.2529772719572 229.02904867345887 244.41086849679095 250.5717350899199 229.4834927225129 
221.65900957352642 245.00190902927716 235.88104194708558 237.67148054810968 238.00258349438036 230.82766031665733 259.99985974976926 237.88924620696434 252.93674270735755 317.116185678487 306.10918950948326 379.91158599569826 230.6145783987281 239.05335634302128 372.4895914459644 242.44715720470185 321.1730783474809 251.04622123248782 272.8707236021387 243.37985659559263 235.23015083122573 229.0254811296063 244.4049491162973 250.57168647217668 229.47632231489706 
220.60066729282835 244.91922468509256 235.827685672798 237.4898872330632 238.00124022758746 230.8039129486665 259.68063545855557 236.63584200503874 252.9346188103168 317.116185678487 303.6708356162753 379.91158599569826 230.60102155285358 238.97028825376947 372.4895914459644 242.43013277031878 321.1730783474809 251.02676201920121 271.9924579425574 243.36572109870804 235.20266000945594 229.02341748427898 244.38909453216047 250.57164498623706 229.46815308201985 
220.24394764717044 244.6221596556029 235.73779872921023 237.37410626719748 237.99988616499832 230.79762286052028 259.4456326906975 235.19995031449025 252.93131750633347 316.60043707601835 301.04302790955126 379.91158599569826 230.58458134966668 238.55620379899847 372.4895914459644 242.3994746973858 321.1730783474809 251.0191502356115 271.45254254069914 243.3162583070848 235.19414683958803 229.02075149634447 244.37177627977826 250.57159091663425 229.46447260630885 
219.91442431047244 244.15100950807027 235.63243689729507 237.2779742736193 237.99856958157716 230.79139773254337 259.09337982204215 233.56673058216575 252.92903054985072 315.9750552735404 301.04302790955126 379.91158599569826 230.57680849900134 238.51427373207935 372.4895914459644 242.37355514289493 320.1045089143154 251.01213046303383 270.7700327843013 243.2195181760594 235.1452110232758 229.00838015023965 244.3649064821011 250.57141524024064 229.46102142150676 
219.40043495838472 243.1910102634297 235.53749788126515 237.13307505046487 237.99678416539336 230.7874972812574 258.3367092338235 232.31388290131918 252.9262339190609 315.84539674402185 293.56587154705585 379.91158599569826 230.5230125910075 238.4513999579167 362.63362387609595 242.36799329223277 320.1045089143154 251.00260916822208 270.226194968609 243.19991528925675 235.11838487138994 228.99491161382184 244.35789804344085 250.57091454513647 229.46015270856606 
219.01926545729293 242.42894902182798 235.47189501805678 237.02521202545904 237.99612663843845 230.78171475708768 257.6680425835407 231.59964512834358 252.92312479721204 315.84539674402185 292.48948535631644 379.91158599569826 230.47656999881565 238.39120688856474 362.63362387609595 242.35412751482227 320.1045089143154 250.99112997767497 269.52783197618555 243.18422458450596 235.0817778739629 228.9860614596655 244.3527796486419 250.57047076167646 229.4567998393468 
218.3460181846317 241.24371514389122 235.4282095003764 236.97975686576547 237.99537397403083 230.77599550084824 257.5179533351229 230.94880876146817 252.9221510164075 314.80702119031093 291.5947093284326 379.91158599569826 230.44014355306717 238.2954715250312 361.69522908415775 242.34567597406794 320.1045089143154 250.9840621324529 269.1378926930606 243.16829071891607 235.03965176690053 228.98264641899232 244.34313303499766 250.56968309169815 229.45498959584393 
217.3358921334243 240.0848046511287 235.29726289844257 236.86403826490505 237.99435254412447 230.76468087654484 257.27935519576613 230.44816989513856 252.92179293244726 314.80702119031093 289.14678215245067 379.91158599569826 230.39743414438044 238.19425454985821 361.69522908415775 242.33083154201995 319.622421370766 250.98164297031917 268.4107980233016 243.15645663392797 234.9509689100919 228.97392081088765 244.33589006039892 250.56800909796266 229.45318637504306 
216.54030563830202 239.59152195957859 235.22913540428453 236.76836346302434 237.99406955848553 230.75701366153407 256.85424059294155 229.85856343187197 252.90343898193487 314.6120858336117 286.03185641081154 379.91158599569826 230.38047903426377 238.12027261949424 361.69522908415775 242.31650284833995 319.1715642488548 250.97820669355724 267.22248622410916 243.14959857053373 234.88845848061464 228.96370126094644 244.3344185067399 250.5633386944014 229.45061385750614 
216.35393561432466 239.41225247979037 235.18058458846826 236.67833332021746 237.99353188088116 230.75111357035576 256.36567622026314 229.45711518350026 252.88071638513884 314.0726214116903 285.756362874547 379.91158599569826 230.3580889760383 238.01168874571658 361.69522908415775 242.30975025612724 318.52669065136706 250.97494793534997 265.891638774548 243.14812899169556 234.8581627622334 228.95509618510323 244.33323629353436 250.56124951802622 229.44918177706631 
216.15532810231616 239.35000129110858 235.11826631558097 236.60689409186443 237.99327073860513 230.74405912704196 256.21056204331444 228.86784343412273 252.85493154097549 314.0726214116903 285.756362874547 379.91158599569826 230.31350324208051 237.90532706027489 355.91323410911446 242.29762792080555 317.7940770015048 250.97186356059547 264.1829707539091 243.14625822902644 234.84234736721692 228.9462427664448 244.33181908503548 250.5594269702351 229.44831498802705 
216.0635793939632 239.3174141878594 235.09143710128865 236.5771166092195 237.9928410482371 230.7350933338048 255.93285011724902 228.40255862609365 252.84739567298584 310.69753541949103 283.53863678238895 379.91158599569826 230.27651115476647 237.85070727914854 345.18703254823686 242.28788729087591 317.7940770015048 250.96969790942694 262.13969248692865 243.14411789934093 234.83186279190022 228.94048848773036 244.33092682091592 250.55820081946467 229.44788007985335 
215.8885098208234 239.295551776293 235.06717962547737 236.37701293698865 237.9919189092916 230.7214548500392 255.76204416193923 227.60298433246726 252.8103118061781 310.69753541949103 282.3477501771349 379.91158599569826 230.25462888594802 237.7261001466204 345.18703254823686 242.2734824771187 317.7940770015048 250.96846180050625 260.6280627452138 243.1404269929626 234.82164172400553 228.9376704352776 244.32984702292197 250.55682518234926 229.44741760965053 
215.394824319088 239.27093793054473 235.0390120230809 236.05232122622192 237.98912971925665 230.70994326411437 255.4096921675955 227.24929097124777 252.74331261575253 310.4691040586563 281.0965404854828 379.91158599569826 230.22914610486168 237.45977791855103 345.18703254823686 242.26961117167366 317.7940770015048 250.967663114257 259.7535732930364 243.1394486393583 234.80393274236803 228.93595151484806 244.3287474334361 250.5509872751527 229.44699417643687 
215.16351158129692 239.2474498085321 235.01805397975977 235.92443749072982 237.98001409649305 230.70626719620122 255.1092332952694 226.9806415606804 252.71482499586364 310.4691040586563 280.74629692046256 379.91158599569826 230.2194246660083 237.20618527275792 345.18703254823686 242.26137847414748 317.7940770015048 250.9669936106161 258.56598548193097 243.1358590165023 234.78443707062115 228.93279440617425 244.32734070186234 250.5475160778774 229.44656553266896 
215.0052629135057 239.21697297208766 234.98521045229472 235.8478808024156 237.93720910105503 230.7039540147016 254.93185825601995 226.70284985766511 252.68115088013747 310.4691040586563 278.5479269476664 379.91158599569826 230.21137786192185 236.56546072938818 345.18703254823686 242.25138622331633 317.60457308760533 250.96650453507982 257.9720124954588 243.12318912991486 234.74551852785498 228.9280574521449 244.3265101886027 250.54567855890082 229.44607845984638 
214.88935487841854 239.18912727141287 234.9555910827844 235.8044138943119 237.91861847293876 230.70266712543935 254.85007875325482 226.5073505841574 252.66218801855666 310.4691040586563 277.19331522835637 379.91158599569826 230.20846997096987 236.35908510339323 345.18703254823686 242.23835066464562 317.60457308760533 250.9659636237343 257.4351778818782 243.1175872788749 234.33892132429628 228.92500371527694 244.3236973156554 250.54228834559035 229.44545527924447 
214.84923603641528 239.1526404847814 234.94275725853004 235.7093846747266 237.91227517410243 230.6991224935855 254.73922915031562 226.42264229762122 252.63040974307523 307.4547725035309 276.2133910067673 379.91158599569826 230.20622453636224 236.1857814566447 343.0978115393873 242.234873075422 317.60457308760533 250.96541028739557 256.7313880053907 243.11605711448192 234.1703290790988 228.92128486207594 244.322459640322 250.53717907250893 229.44383598844206 
214.8388271516942 239.13843392081435 234.93202673700534 235.56936585489802 237.91028644965036 230.69629691585033 254.65723732909328 226.27770845712666 252.5230897751394 305.73500905695255 275.13844794320175 379.91158599569826 230.2029003816724 236.1531062342833 343.0978115393873 242.22907123193954 316.4631396462378 250.9650956190285 256.6024740721059 243.11531879009863 234.1142215313016 228.9167433138682 244.32197873505584 250.53332977746004 229.44301980574392 
214.81912637350206 239.12548437143687 234.92243197601647 235.41689931823157 237.90778104979245 230.69363229359897 254.5662373079349 226.2127348240938 252.438647258542 304.6577258121911 273.1957821005258 379.91158599569826 230.20097775432077 236.1242230075336 343.0978115393873 242.22661496791716 316.4631396462378 250.9645522710739 255.84959073566915 243.11387434900507 233.2880033064962 228.9129166154321 244.3217204814323 250.53114910675367 229.44216700451307 
214.8021307048889 239.1182108552116 234.9167545188575 235.3006012003534 237.90576118216313 230.69195895861185 254.43278329843724 225.86532509738026 252.3031208433431 304.3309201353227 270.76122452311074 379.91158599569826 230.19873929096775 236.02704427588696 343.0978115393873 242.22246295050627 315.8283946086149 250.9639748897548 255.38306184646171 243.11328413435785 231.98970161555462 228.90741253126907 244.32150943640818 250.52902331157338 229.44166292570299 
214.7824295690034 239.1113797822868 234.91215225991164 235.25450853306256 237.90106702739922 230.6909023882954 254.23573767913285 225.78248572280472 251.95483217511037 303.81502311998884 269.8509008622459 379.91158599569826 230.19732569447433 235.9642061539098 343.0978115393873 242.2173222361689 315.8283946086149 250.96264930500138 254.66672041872198 243.1128475945743 231.4187080375059 228.9029289136256 244.32134486482028 250.52575099614523 229.44099158274275 
214.75784214133546 239.10629235531087 234.90319835845503 235.22221953511416 237.89314853487667 230.6898656981466 254.0366287365655 225.5584561454766 251.71282188382793 301.8991325775801 268.06249924112035 379.91158599569826 230.19585657485504 235.9193760004041 331.2347089678401 242.21446400996592 315.8283946086149 250.96198924663668 253.61592640763956 243.11216522409813 231.3284144523641 228.8961712455707 244.32080712320248 250.5240497977211 229.44019148294 
214.73384392315393 239.09878053866623 234.90064153887943 235.20310445733912 237.87387038840416 230.68861211613603 253.8550503903116 225.44938269931663 251.6309189774638 299.2808137465445 267.501049640563 379.91158599569826 230.19394914741542 235.90277446585515 331.2347089678401 242.21158531832043 314.8726718638022 250.96148586795607 252.47548606459986 243.11160806346925 231.28680261168984 228.8876666036149 244.32009691259918 250.52286084166644 229.43972155697475 
214.71027138428963 239.09443042373914 234.89695851415172 235.18448295157486 237.84038244548992 230.6880102615287 253.78031821060995 225.324979368203 251.60644641945328 297.84438196536394 266.54275318128157 379.91158599569826 230.19280263241308 235.88258240457344 331.2347089678401 242.20966122215668 314.42674054225245 250.9612737561597 250.63913656238856 243.11147244242602 231.26517439321196 228.88218214670042 244.31937801865342 250.5212646427981 229.43938057226205 
214.69681921041456 239.08353789902822 234.8949513314119 235.15293102568785 237.8063809328578 230.68722652640417 253.6724260452288 225.28985323522875 251.5759191533366 294.2630907901553 265.0907490722602 379.91158599569826 230.19216740856382 235.86510553025892 331.2347089678401 242.20766354937996 314.2769438900623 250.9609974390196 250.070906148846 243.1112391018287 231.25042129300937 228.87358382580805 244.3187728974549 250.51927028272212 229.43922832679664 
214.6749251375586 239.0689986050984 234.89131085113422 235.1395651750986 237.73406560255262 230.68635225301477 253.57604399034244 225.21980135417834 251.56094607239902 293.0382896835076 264.0275231808291 379.91158599569826 230.19137035338736 235.8579855962853 330.29272473838 242.20605183717134 314.2769438900623 250.96073941964096 249.68366888521632 243.1108445066634 231.23880870408993 228.87192925630507 244.31835551438144 250.51569428424818 229.43906891047254 
214.66052129205582 239.06402035419524 234.88852392293484 235.11846865983125 237.67851058270344 230.68549394094407 253.44637838837707 225.14778824607083 251.55196477258914 291.6210608726374 262.5482582912796 379.91158599569826 230.1905361189638 235.84239091812833 326.78360346941054 242.20343511809415 314.017382374524 250.96036292606277 249.12818990330652 243.11068472610987 231.23106881723925 228.87117613391274 244.31803994752545 250.50978344752275 229.4388130158486 
214.6499648446529 239.058101696221 234.8851152218176 235.085713429728 237.60140086802858 230.6851344570705 253.35197254494142 225.12687666429156 251.54240154323043 291.5559754123078 260.53570274621416 379.91158599569826 230.18919858453728 235.83037837759366 326.5103324541428 242.1965635537381 312.5836069465636 250.95971370422512 248.68868538559127 243.11052776937277 231.21689432264884 228.8708603950372 244.31773288484828 250.50542517474787 229.4385357496576 
214.6340162057827 239.05293679148645 234.88115427838557 235.07179040218625 237.52865199529742 230.6848446953113 253.32957681854987 225.1178439870655 251.5256146726515 290.09466791687373 259.56982987814445 379.91158599569826 230.18842265463536 235.81334594454665 324.42984668610916 242.18448334361665 312.0741134039581 250.9589170060467 247.94393278661119 243.1103846142105 231.2123401968588 228.87028037928212 244.31740328060687 250.49954521555446 229.43808436077825 
214.61834652129482 239.05043892665662 234.87652393819508 235.06368147530748 237.48712240905706 230.68446015001746 253.31663166405997 225.1015170572423 251.5136308668366 290.09466791687373 257.6553334585078 379.91158599569826 230.18796230121825 235.79790150076906 324.27381329722357 242.177438281999 310.2768498361138 250.95883922956864 247.1496809487362 243.11016469742708 231.20912619244245 228.86989442997765 244.3170972667458 250.4943909735548 229.43772658190483 
214.61132913085612 239.04711071091788 234.87210319636188 235.04909981075343 237.468166842963 230.68399707473054 253.30193446517524 225.07043334654736 251.5112203699855 289.35189723631356 256.10135746470814 379.91158599569826 230.1873680873564 235.79005741782294 320.20562236447495 242.1623922245376 310.0863577107202 250.95855741341256 245.9947462714913 243.11002668541687 231.20442997431292 228.86950541414944 244.31667771247794 250.49185724703148 229.4373609434083 
214.60478842439534 239.0461896499569 234.8672280509718 235.03503883489384 237.45482514377318 230.68376951170376 253.27135566704465 225.04267064637588 251.5017165793056 288.901216612649 255.60498669122535 379.91158599569826 230.18663325091347 235.7739638441003 317.5635791088466 242.1513094768552 309.88112262030063 250.95814550429168 245.68617484005608 243.1099107095729 231.20105556877752 228.86937104489698 244.31635499170716 250.48890680548766 229.43694985661477 
214.59708432656998 239.04555842332275 234.86321829474264 235.02537632516987 237.437123414084 230.6835197546893 253.25169220607222 224.99884715712278 251.49813796485205 287.83041237506995 254.54013326584845 379.91158599569826 230.18534308281323 235.75571913566318 314.85765074522624 242.1364244663123 309.88112262030063 250.9574851225525 245.35180876069035 243.1098042880003 231.1993097852437 228.86918405362303 244.3161713157665 250.48490972508625 229.4365046463099 
214.59268495523838 239.0448620688344 234.85439412940786 235.0074656735187 237.42341672889734 230.6831561373615 253.22649597345026 224.89744271419204 251.49405368459156 286.74398040223923 252.7639728762174 379.91158599569826 230.18435409380027 235.7337751797495 311.7334087140325 242.12234953167172 305.97457069603524 250.95662390169173 244.86993750022202 243.1096257318668 231.198698709577 228.8689760901857 244.3160913835718 250.48230562356684 229.4363754684873 
214.5913562313649 239.0443072555613 234.8418283278652 234.9955832091132 237.41651698373198 230.68298526781382 253.18471719357467 224.84980285554002 251.4852087715194 286.74398040223923 250.80633549392132 379.91158599569826 230.18352649458848 235.7050517749717 310.06468416530424 242.09426124856373 305.7634274936281 250.95641000621436 244.31394514528938 243.1090030837604 231.19759158134184 228.86875919584963 244.316041213478 250.4808094068203 229.43620326851578 
214.58849966758817 239.04328526029076 234.8366078276822 234.99258690393708 237.40559784746256 230.68290297363592 253.13344621029455 224.83788581731187 251.48269198878188 286.36910636684024 249.67931026254746 379.91158599569826 230.18297437820047 235.69041519434177 310.06468416530424 242.0447920316833 305.7634274936281 250.95573740517693 243.5794538864784 243.10823986325613 231.19669012120994 228.8686096327947 244.31594339488402 250.48039544712537 229.4360719501592 
214.5871814522543 239.04114734144514 234.83153557386504 234.98805332859456 237.39560828870253 230.68280842666627 252.98055437298854 224.83019539905854 251.47984235654076 286.1142687248089 248.95809094454398 379.91158599569826 230.174119340581 235.68890475956277 309.46427519920326 242.0370469995455 305.128736788889 250.95426559157886 243.2574178746445 243.10671118204982 231.19608744647303 228.8684507599828 244.31576636791715 250.48011519466627 229.43600328641924 
214.58609264626648 239.03776514400124 234.82802024285274 234.9830292879733 237.39142379540772 230.6827143895107 252.77533740183253 224.82376370612565 251.47645862301215 285.64719125602915 248.70652164995045 379.91158599569826 230.16308152016018 235.68623295419548 308.35313799055893 242.03154984301364 304.5363087484393 250.95379405245558 243.02542000197263 243.10310047870644 231.19572136601164 228.8682408022446 244.31558896990236 250.47998726754577 229.43584874383532 
214.58498467381196 239.03261807266745 234.82581300364927 234.97252991250662 237.38906315173335 230.68250884508416 252.52263094868113 224.8187189365599 251.47540300756145 285.2093846319731 248.1688745106767 379.91158599569826 230.15356521059903 235.68473135823206 308.14719570446323 242.03052038238548 303.63110477334067 250.95350412442258 242.71859421387444 243.08278294203365 231.19522996256728 228.86800771606204 244.31547043818318 250.47983363011826 229.43568253402464 
214.5840227825538 239.03116271888575 234.8244485772716 234.95834138104237 237.3863107084353 230.68242668304902 252.20944624659114 224.81126604672545 251.47324416906395 282.16524786482114 247.5761264653238 379.91158599569826 230.14989940452278 235.6830305454505 306.8276015263973 242.02920729870266 302.2280845604787 250.95318507620777 242.5177308986863 243.03075287482397 231.1949344609602 228.8676562394835 244.31515878654 250.47969474837055 229.43555621678706 
214.5794826119377 239.03000528924304 234.8236492571532 234.93477688720668 237.38504554954898 230.68229442257507 252.1229509563741 224.80706058431724 251.47101151407605 280.7748987938958 246.82855562364557 379.91158599569826 230.14843841528364 235.68103635182433 303.74714741568323 242.02780252614866 301.0111231594369 250.95287897362323 242.41219569926034 242.80600992572545 231.1947216912149 228.8675524977166 244.31468932624466 250.47965487486226 229.43549227975836 
214.56434248091364 239.02957712914395 234.8228932131642 234.89064165565424 237.38464410202414 230.68200141151965 251.93002137430494 224.80389085731986 251.46736556375117 275.6063723844841 246.40095179270838 379.91158599569826 230.14574295338207 235.6788386555777 303.74714741568323 242.025413017765 296.9931855912996 250.9526066238027 242.24831002795645 242.745743752826 231.1944713377684 228.8674403715031 244.3138534365239 250.47959471123886 229.43538955326085 
214.55252013354493 239.02941032760054 234.82236246117554 234.855461669335 237.38377264816108 230.68184682268702 251.82671829550236 224.79980875013007 251.46466840161702 274.27092346435074 246.05255037728148 379.91158599569826 230.14140546508543 235.67701718323497 303.0846019160417 242.02285702625022 294.8347539095794 250.95136697685484 242.04187068389547 242.7230658091812 231.1940620698606 228.86738461225696 244.31366563071015 250.4795418922895 229.4353397739319 
214.55013085404153 239.02920007626108 234.82176785415595 234.8145913812159 237.38285164231593 230.6817118288618 251.73673691414388 224.79854601893476 251.46121569233992 273.386350193241 245.8135335090019 379.91158599569826 230.13425578881197 235.6736649829636 302.33762950320033 242.02191182098431 294.29263057136586 250.95103086891186 241.8684436913586 242.6977141855832 231.1928330030796 228.86732716831648 244.31362940409008 250.4794984291775 229.43526497117227 
214.54866762724077 239.02903840943054 234.82110998232747 234.78714033886718 237.38147725187537 230.68164018740526 251.65594197933842 224.79622555002152 251.45700487628847 271.80149053618106 245.6151366681329 379.91158599569826 230.11176180156417 235.67247304727198 300.75813419917904 242.02088680135603 291.9547456543005 250.95085823867612 241.69090307636998 242.65563559907923 231.19090999573473 228.86729517184722 244.31359859485747 250.47940420368468 229.43523025488457 
214.54252479234765 239.02893732240318 234.8199401387942 234.77575850654557 237.37957831346057 230.681612823435 251.63055575984845 224.79531660307202 251.45514882028556 271.2246662839593 245.4625839645728 379.91158599569826 230.0750594899746 235.6713447508787 299.376615277306 242.01985685615773 291.0649747361176 250.95068294750763 241.52471604595485 242.59902246564025 231.18952997313727 228.86723983518914 244.3135690921763 250.47933093446318 229.43517971970596 
214.53152572443605 239.02855505201796 234.81898151587075 234.7680330618582 237.37891051499128 230.68158734642748 251.6095229669104 224.79385370087675 251.45424946861885 270.67327758130386 245.37594129182708 379.91158599569826 230.0361313721496 235.66983846265293 298.68821263491327 242.01896305604077 291.0649747361176 250.95053237187994 241.50815538803909 242.42679786017925 231.18873600849247 228.86721222629376 244.3135034583679 250.47928774280308 229.43509187869222 
214.52021076220626 239.02773754325335 234.81822781761684 234.7587881451359 237.37849013753384 230.6815677529985 251.59558855239402 224.79234750395426 251.45364832975065 270.217002565877 245.1768440428018 379.91158599569826 230.00194928032624 235.6689343094381 296.5719216693569 242.01660549728922 290.0564646063758 250.9503657532391 241.49258912809182 242.34959323571775 231.18861832395396 228.86716428421778 244.31344520304356 250.4792043673242 229.43503823425772 
214.514473033601 239.0268270157153 234.8170064031001 234.7545720441658 237.37797481232428 230.68153467198545 251.58510815888076 224.79071964247441 251.45324539663306 269.9890394953418 245.03280016720828 379.91158599569826 229.9920025369961 235.6685275571126 296.5719216693569 242.01301172634794 285.3558892299761 250.95016622562798 241.45839152341387 242.32582097905515 231.18848129876233 228.8671261961299 244.31339170692308 250.47912379233867 229.43489897423433 
214.51119255226467 239.02609409637398 234.81658909239286 234.7480220465568 237.37765237875874 230.68152833073236 251.571053316502 224.78944239181874 251.45305354706989 269.867503626861 244.91163584173273 379.91158599569826 229.98979955047344 235.66803248896213 296.5719216693569 242.00858423277032 284.71377387551956 250.94992233708126 241.44778583250718 242.30591702745642 231.18817945472392 228.86708697836866 244.31337739233686 250.47893991743604 229.43471610417282 
214.5103174977594 239.02596845788912 234.81607166669755 234.74182772535687 237.3770974361728 230.68151653783207 251.5657807715629 224.78881511299642 251.4527676067887 269.6216899781257 244.72429942656845 379.91158599569826 229.98727802019857 235.66765896342577 296.2606053390341 242.00690130486555 277.62662257593865 250.94918946176313 241.38906322877483 242.28438953020031 231.18803444194737 228.8670722945858 244.31336219484137 250.47887401616026 229.43458249838704 
214.50965323853734 239.02557356046054 234.8157506168368 234.7401528252035 237.37649312502572 230.68150531827723 251.55865387809263 224.7883871623153 251.45259615468603 269.51722235607986 244.4647304175419 379.91158599569826 229.9861415277005 235.66732778781306 294.8215330868252 242.00456676415024 275.7440270615957 250.94711424354318 241.34411638818074 242.2011770790591 231.18783404029273 228.8670443257588 244.31334599605998 250.4787072516001 229.43452715200647 
214.5091702572131 239.0248644345129 234.81544765874514 234.7383611902951 237.3758777325438 230.68150095740202 251.55433648893904 224.78755903634737 251.4525101628701 269.2687022026639 244.276605719514 379.91158599569826 229.98483115945282 235.66713296735998 293.0332019842117 242.0031933062828 272.31888052453905 250.94658003192353 241.2784328459561 242.15314126737212 231.18771974643278 228.86700462330737 244.31333602250834 250.47847963272443 229.43444295298696 
214.50903774236758 239.0245348692497 234.8152816202546 234.73442146904836 237.37501716558018 230.6814935855664 251.55204951844235 224.78683045342814 251.4524589410712 269.098155769007 244.16847216202632 379.91158599569826 229.98430801812174 235.66667601779363 291.44711962922065 242.0020457480473 268.53884271947754 250.94650357696537 241.18827067559505 242.1049931358848 231.1876120444199 228.86691977455257 244.31331690774505 250.47844255359496 229.43435586813393 
214.50876237749708 239.0244114225684 234.81501797555893 234.72858603572968 237.37395167895465 230.68149029224833 251.54714996477242 224.78650449777115 251.45236364133234 268.858459499681 243.98276722792252 379.91158599569826 229.98397405883225 235.6653381234737 290.0631769710417 242.0013224932386 267.17600317422966 250.9463703461306 241.13693154636712 242.04495853449998 231.18738730928135 228.8668282667777 244.31316173386585 250.4784140226102 229.43424683334297 
214.50850848354366 239.02428016549584 234.81429836221014 234.7231906222023 237.37369033331743 230.68148105234695 251.53969931686424 224.78606127767125 251.45223687135694 268.65705473702883 243.89686625747527 379.91158599569826 229.98372835240662 235.66266300443294 284.95322551483196 241.9998090276954 264.9653674294068 250.94629928259383 241.06718799180726 241.95582376802213 231.18722353237672 228.86667159060926 244.31284256144727 250.47838485556667 229.43417801957958 
214.50826177252566 239.02386118251889 234.8141044879144 234.7134651879569 237.37341320682344 230.68147444973647 251.52586795956222 224.78546517494306 251.45213070192358 268.57227886662804 243.83109826375494 379.91158599569826 229.98356865566257 235.66043043195077 281.5704966175135 241.9985138204106 264.60482558782496 250.946262626313 240.9466420603958 241.87573396462813 231.18690059549954 228.8665243413875 244.3123928528189 250.47834940111352 229.43405799030597 
214.50799895071805 239.02309940806026 234.81396621373415 234.7081922783659 237.3732886598641 230.68146646803007 251.51547165021475 224.78450830124712 251.45195803948218 268.2825604668619 243.7695827947491 379.91158599569826 229.9832525562624 235.65707839444667 276.3425893659405 241.99718545146743 262.88202903888487 250.94619551942287 240.8483626244688 241.76567080049017 231.18676546005327 228.86628019469663 244.31205260712977 250.4782708886314 229.43396103114628 
214.50758414282518 239.0223693254311 234.81381774585088 234.69896210497836 237.37311212112763 230.68146078527025 251.5000794267503 224.78393984707145 251.4518050620959 268.0592561399076 243.6870006873687 379.91158599569826 229.98283756728688 235.65590247258842 274.6446251034231 241.9962199231427 261.7051921372031 250.9461458059409 240.78181155145512 241.6916685823635 231.18671956134904 228.86615703022426 244.31197855558776 250.47819597958824 229.43386560262297 
214.50693674629838 239.02011204321616 234.8136056033436 234.69098295180447 237.3730300611105 230.68145656716752 251.48737252099363 224.7832588630199 251.451775238736 267.9605825316112 243.59905766552993 379.91158599569826 229.98255828333504 235.65509281542472 274.11912273163944 241.9959316410759 261.1049670907046 250.9461092310844 240.75686657343795 241.54194762257248 231.1866864779372 228.8660819260922 244.31195300628224 250.4781221411713 229.43367523443294 
214.5060679678968 239.0172176918345 234.813452780013 234.6889582369813 237.3729852610968 230.6814496765469 251.4823837578897 224.78253346785868 251.4513645587308 267.93957610780126 243.4993870647063 379.91158599569826 229.98232408722606 235.65403503514335 272.0667886348456 241.99590603636625 260.4879726416766 250.9460530134529 240.73556404538567 241.33131763795336 231.18663647801623 228.86601737594674 244.31194120049986 250.47809598318645 229.43318707651542 
214.50498022071406 239.01450755628184 234.81329669992692 234.6876886927662 237.37287402924812 230.68143681108268 251.4785287694749 224.78157223514654 251.45089565622493 267.8793700665142 243.44892010447984 379.91158599569826 229.98175561413336 235.65281483766466 270.4500089819576 241.99581927642612 258.4819325515741 250.94603525872526 240.72022481339854 241.19658610185934 231.18657810556124 228.86593981555234 244.31193447015812 250.478081074059 229.4324087269315 
214.5038058159971 239.01150234092438 234.81319965884177 234.6860571255761 237.37281154891616 230.68142338646885 251.4758630553997 224.77881049531425 251.44960794330518 267.8157692182467 243.36967064728015 379.91158599569826 229.97912996954028 235.65251095407893 269.2048141021328 241.9957444407446 257.61311482970723 250.94601380069253 240.70807851939935 240.8437978802308 231.18650967613257 228.8656490613098 244.31189035081297 250.47805731148264 229.43018335646047 
214.5031384221943 239.01135496201505 234.8131195061619 234.6852697037998 237.3727553710478 230.68140170474135 251.47352057942726 224.77711446323792 251.4495492553233 267.7704734712165 243.29116507355684 379.91158599569826 229.97601047681883 235.65209425741068 268.8929029518631 241.9956967900057 256.74219083464186 250.9460042631049 240.70192909868365 240.7718274964045 231.18647030433522 228.86544800642787 244.3117694388643 250.4780377989182 229.4282364639098 
214.50253318854357 239.01128742960555 234.81299341739305 234.68474819656694 237.37270370959004 230.68137017530444 251.47148078398732 224.77526246530078 251.4488342463883 267.73288031965376 243.12264879778195 379.91158599569826 229.97379720679191 235.65122898601703 268.4767125277449 241.99565958450466 256.12987417429304 250.94599126697813 240.6874818885858 240.73373237953274 231.18643498435995 228.86422819568725 244.31156599704127 250.47803215844397 229.42801631366274 
214.50077961155966 239.01121181590042 234.81282145818886 234.68429533006565 237.37263465924343 230.68133613581995 251.46779544315177 224.77232731940376 251.44735135094925 267.6815741993596 242.99361370075758 379.91158599569826 229.95462940298603 235.6509194597229 267.66757622762634 241.99561802802054 255.55860661351653 250.9459683566315 240.67857170025172 240.7144640414781 231.18641304700805 228.8638824877621 244.31135828832703 250.47802719812398 229.42793927647926 
214.49810887932017 239.01115837871885 234.81219112117606 234.68309328088708 237.37256814187322 230.68131731743824 251.46492498331145 224.76842716273222 251.4451850919486 267.6418891836561 242.81023310314777 379.91158599569826 229.95000382742592 235.65078793261455 266.04305548709954 241.99559663801256 255.129347310537 250.94595331647724 240.6692671643582 240.692333214236 231.1863771648641 228.86381175868974 244.31126953383864 250.47802241808904 229.42786205914717 
214.49348309480774 239.01112695882102 234.81047169705016 234.6813504991169 237.37252062755124 230.68129766488528 251.46176454611623 224.76725444490603 251.44222145755793 267.6038488754066 242.78952532420135 374.2403573115098 229.94900024147682 235.65047039455158 265.4587870128016 241.99555278198568 254.80058835810496 250.9459467377028 240.66242232399054 240.67703174232201 231.1863593404223 228.86378655907038 244.31125478949025 250.47802003482866 229.42781452102463 
214.4873711731916 239.011078382297 234.8086684844834 234.67982363034662 237.3724926362397 230.68128401271952 251.46018719466656 224.76528982177206 251.4420594942908 267.5826260851745 242.73733039612443 374.2403573115098 229.94838669478622 235.6499000422491 263.7025728515814 241.99552132079816 254.13352317813178 250.94594176437295 240.65734393114872 240.64879024927404 231.1863495984826 228.86377496346995 244.3112049488227 250.4780161762542 229.427784973278 
214.47944695509523 239.01102097240982 234.80832621279342 234.6791665133028 237.3724204047644 230.68125967374817 251.45884461803917 224.76206766343012 251.44201838734898 267.5452335027203 242.6483001089532 374.2403573115098 229.94797867643138 235.6494782279874 263.07349439611335 241.9954710365796 253.8041197124112 250.94593643989901 240.6498792483203 240.63446604441242 231.18634348683054 228.8637531871459 244.3111693598098 250.47801105468307 229.4277620117109 
214.47477458805542 239.0109515053564 234.80820563917132 234.67801635195838 237.37214926007164 230.68124076871118 251.45817406479364 224.75871996293472 251.44194248899612 267.50401922422816 242.5735120759914 374.2403573115098 229.9472651345991 235.64903227067816 262.2680415932432 241.99541398050542 253.04066410722453 250.945932879853 240.64555013150857 240.6207994527158 231.18634033241142 228.8636669681291 244.31115660769956 250.47799082951587 229.4277526746073 
214.47269735103328 239.01083848429607 234.80812938860936 234.67748842443507 237.37161526902673 230.68118308727526 251.4568620924847 224.75622689351712 251.44188045096143 267.43906537244357 242.46255544053338 374.2403573115098 229.94595864165558 235.64845270571686 261.4901973201181 241.9953561506809 252.71173317415014 250.94592776904574 240.6419591738977 240.61627738562902 231.1863384114231 228.86347603200966 244.31114557750152 250.47797849868903 229.42774020802608 
214.4701220287925 239.0106036988609 234.80806123368575 234.67686063017482 237.3714063106795 230.68113195779642 251.45371181211294 224.75073724044887 251.4418150085653 267.38033886584253 242.34124468782966 374.2403573115098 229.94563138159265 235.64801721915137 260.85912266248397 241.99529459848281 252.34433700768568 250.94591677733388 240.63006804975748 240.60762117517606 231.18633564701304 228.86324526678845 244.31113787030245 250.4779700181889 229.42772710529107 
214.46915965059497 239.010019821867 234.80793297848868 234.67651940598898 237.37132174759927 230.68109840506986 251.45041115460208 224.73664375920362 251.4417865284163 267.3592004288862 242.23230548748325 374.2403573115098 229.94546025843238 235.64781707898828 259.8343749229498 241.99525678864802 251.963881087991 250.94590310013018 240.62857034375975 240.60209260439296 231.1863337681516 228.8622709123074 244.31113013428512 250.47792179625412 229.42772160570712 
214.46641124290954 239.00841305867152 234.80783666080833 234.67619548445646 237.37123580111802 230.68108059530823 251.4427532100367 224.73136479216828 251.44174930271174 267.33666133413726 242.0519388597727 374.2403573115098 229.9453348100701 235.64765938551636 259.10266950364166 241.9952355948476 251.75862580935382 250.9458646167941 240.62607066080682 240.5936335579836 231.1863308842553 228.8606955959699 244.31112787942948 250.47784798744624 229.42771507661018 
214.46200828231395 239.00628934514998 234.8075512488026 234.67584638722155 237.37116300843672 230.6810706523911 251.43833789241717 224.72892075507207 251.44172411336604 267.31855176237195 241.94431858955295 374.2403573115098 229.9452318307185 235.64744298600544 258.3982911432531 241.99521793856093 251.51710384797207 250.94585073485268 240.62026835619417 240.58496416295293 231.18632865293102 228.857810181712 244.31112367372316 250.47780813760892 229.42770187559154 
214.45581890990934 239.00487301919884 234.80729169056212 234.675447990066 237.3711272633609 230.6810644452421 251.42994520921866 224.7266456976281 251.44168153325154 267.30584279046343 241.82302035513248 374.2403573115098 229.94514281143483 235.64701944317494 257.8274908973008 241.99519265986692 251.43301659750614 250.94584348433273 240.61529599003916 240.5795055330941 231.1863262700722 228.8541553605146 244.31112044453084 250.4777929858301 229.4276924148312 
214.4526481258431 239.00473578057836 234.80714752964423 234.6748638609588 237.37107567130215 230.6810600190979 251.4103127775711 224.72481574287985 251.44159406675863 267.2896710455525 241.68320758329537 374.2403573115098 229.94508510958758 235.64684445393414 257.4747441635336 241.99502998653497 251.2835866094183 250.94583897865095 240.61118305082482 240.57279030977452 231.18632375392735 228.85216745556772 244.31111598865664 250.47776211945256 229.42768925313658 
214.44943218151548 239.00452213407743 234.80705806966398 234.67466740989403 237.371006821832 230.6810576214816 251.39338525410176 224.72331754658535 251.44156707630464 267.26832007293615 241.4757916818653 374.2403573115098 229.94502626930262 235.6462130038708 257.1951279306172 241.99476069391585 251.13365074821468 250.94583613986106 240.60661605935502 240.56988031295168 231.18632110537055 228.85097359313932 244.31111068139762 250.47771791369814 229.4276829679934 
214.44816590963592 239.00422650309793 234.80699822998304 234.67461868468718 237.37092245795293 230.6810537362653 251.3884810489776 224.72250293518255 251.44154658094294 267.2071054309731 241.3238405972993 374.2403573115098 229.94491726634942 235.6457387782948 257.11227794132674 241.99451939735172 251.0464128844319 250.94583393410267 240.60029986460768 240.56831204001946 231.18631973441916 228.84657624709826 244.31110027135946 250.47769341783533 229.42766851623082 
214.43572580589216 239.0033499884512 234.8069501385985 234.67458634583636 237.37083642086145 230.68105137615566 251.38746445820243 224.7220076421413 251.44154044892684 267.0825327688094 241.0111880237564 374.2403573115098 229.9448199095059 235.64497033625503 256.967003295435 241.99435999000525 250.97818093697515 250.94583190388084 240.59261912074498 240.56726183169667 231.18631763939584 228.8451430658988 244.31109498920296 250.47768865721127 229.42766467409365 
214.42640653531225 239.00229397109933 234.80691581676774 234.67455994597594 237.3707426851647 230.68104792243412 251.38613973731435 224.72126795705253 251.44152984054654 267.01334520147066 240.85567927828242 374.2403573115098 229.94470354649548 235.64448301102357 256.8705121992616 241.9942654742972 250.92897735126598 250.9458301915338 240.58590542419824 240.56638068200937 231.18630907379747 228.84448453606092 244.3110916952146 250.47768260931844 229.427658609638 
214.41693889517774 239.00124263408907 234.8068873370189 234.67418708464265 237.37073428698068 230.68104528074355 251.38503539438852 224.720436814825 251.4415191512121 266.9757534632722 240.65466020543226 374.2403573115098 229.94465594067697 235.64443913029254 256.73477449111124 241.9941983356407 250.87954611946043 250.9458294815331 240.58364558342146 240.56578118217203 231.186301735077 228.8443645870616 244.31109041158606 250.47767707224284 229.42765290009265 
214.40138424309225 239.0011095684781 234.8068584302746 234.67396538303137 237.3707231503031 230.68104413003493 251.38451982710558 224.71987110400914 251.44151214668545 266.90652710125687 240.47715995218778 374.2403573115098 229.94463286053633 235.64441157701003 256.6803034628151 241.9941683913794 250.84067009075352 250.94582838922042 240.58121001648215 240.56536135724218 231.18629622084563 228.84423607566077 244.31108990708844 250.4776715936964 229.42764908333083 
214.34841712290608 239.0010244961445 234.80672997648753 234.67384620385792 237.3707095493578 230.68104009079116 251.38420027451002 224.719354138977 251.44150603342632 266.7263500625286 240.36229958844115 374.2403573115098 229.9446169129369 235.64436183347743 256.5895773764041 241.99414693862764 250.81595645590323 250.94582619826497 240.57970001857439 240.56486354401932 231.18626025545336 228.84418424668684 244.31108888933704 250.47766834121012 229.42764603572004 
214.3126283650099 239.00091769334176 234.80645422819134 234.67364142967608 237.37069844129974 230.681037348455 251.3838377920747 224.71832631551024 251.44149971867 266.69293494845897 240.31069762553216 374.2403573115098 229.94459641820004 235.64430411378362 256.5053021408439 241.99413341998388 250.7961824773697 250.94582208652764 240.57881120385082 240.5643083642135 231.1862126350993 228.8441522903895 244.31108806623615 250.47766459860486 229.42763865845245 
214.30038118989205 239.0008549799868 234.80567788006783 234.67356869445302 237.37068769652797 230.68103454932134 251.38362639440493 224.7170648031497 251.44149443968217 266.6727927140155 240.23208484028328 374.2403573115098 229.94458316742202 235.6442841932685 256.45181826714224 241.9941158374927 250.69324081899867 250.9458192543616 240.57821369431258 240.56331824306153 231.1861542954357 228.84409282664274 244.31108670615095 250.4776610279191 229.42762303120617 
214.29299970205102 239.0007779881339 234.8051684181728 234.67349339193015 237.37068387302452 230.6810332522382 251.3833473971772 224.71585127242906 251.44149208364888 266.6580216067191 240.19615709858817 374.2403573115098 229.94457499412692 235.64426724126133 256.40477458498026 241.99410047354877 250.63991706762954 250.94581805475946 240.57765978253383 240.56269327179552 231.18613314069535 228.84408464447006 244.31108610855063 250.47765574907817 229.4276068728973 
214.28917398533122 239.0006616552232 234.80445893710748 234.67332274457976 237.3706813150584 230.68103147351212 251.38319672350872 224.71483730503405 251.44148968359787 266.6279405572741 240.18114659244793 374.2403573115098 229.94455583971012 235.64425187813686 256.35306070046136 241.99407688429346 250.59678279299715 250.94581540895933 240.5773186976703 240.5619816281519 231.18613066651778 228.84407811495248 244.31108566888952 250.4776522881766 229.42760252087237 
214.28756033554373 239.00058075753395 234.80406736385657 234.67327867942367 237.3706759177926 230.68103017243357 251.3828749183449 224.71408996156651 251.44148684742458 266.5963994274266 240.16478286651272 374.2403573115098 229.94454297932634 235.6442390741131 256.3183078805723 241.99400963612425 250.5744923266352 250.94581447124983 240.57694088990047 240.5607273079222 231.1861295517192 228.84407016009436 244.31108547775602 250.4776429809399 229.42760061772015 
214.2865772200912 239.00051233894646 234.8038073394091 234.67325546979146 237.37066401374932 230.68102931102612 251.3825399246639 224.71385301853707 251.44148556574874 266.55681839991485 240.11561002841063 374.2403573115098 229.9445390657197 235.6442224383859 256.2810690368874 241.99393767310448 250.54991375143072 250.94581378102112 240.57661990688803 240.55997567867962 231.18612792057183 228.8440614335168 244.31108505273278 250.4776329625911 229.42759796844985 
214.28557964940183 239.00027451454025 234.80372902584259 234.6732352017625 237.37065737989178 230.68102676406806 251.38234984988776 224.71372615427617 251.44148228255608 266.4985837242016 240.0894169240728 374.2403573115098 229.94453603464535 235.64420167619573 256.2635446907134 241.9937542463258 250.52769423458813 250.9458105889239 240.57646698472627 240.55973261294184 231.18612597939955 228.84404108812896 244.31108449633393 250.47761419637345 229.42759296389704 
214.28491592927912 238.9996781842251 234.80357133134567 234.67321557485184 237.37065036964077 230.6810251937277 251.38194901524412 224.7135135519843 251.44147973002828 266.4388116843161 240.08270052907483 374.2403573115098 229.94453272939518 235.64419254307586 256.2472114217953 241.9937435364891 250.45446831271101 250.9457981221567 240.57613925389887 240.5593977572612 231.18612294915874 228.8440089873684 244.3110834530571 250.47761223317002 229.42758976304185 
214.2844998573264 238.9992395402328 234.80346988018846 234.67319808256298 237.3706433730281 230.6810242865863 251.38140261887474 224.71342099060303 251.4414762075112 266.37204823584534 240.0606816628565 374.2403573115098 229.94453001614556 235.64418808357323 256.2406349095845 241.99373606406016 250.37119533264286 250.94579250401694 240.57597770858956 240.55905658330994 231.18612165407603 228.84395414720257 244.31108077673434 250.47760831367032 229.42758667329554 
214.28381656799002 238.99900677209325 234.80333794347052 234.67318636668097 237.37063854456983 230.68102312100837 251.3807383316912 224.713270873101 251.44147291114905 266.1924720541083 240.05193128121527 374.2403573115098 229.94452741713485 235.64418232245998 256.23263520346154 241.9937298668915 250.3055127931152 250.9457898894393 240.57587929660122 240.55854691494642 231.18612016652924 228.84393785767816 244.3110793497549 250.47760708037504 229.4275846172677 
214.28182454561693 238.99861944460372 234.80326258492687 234.6731815369876 237.37063461567095 230.6810225251361 251.38061854153102 224.71317751940433 251.4414706995135 266.0622143392138 240.04674787687236 374.2403573115098 229.94452321740573 235.64417693430187 256.2264843995031 241.99371684796688 250.27099622838205 250.94578833992455 240.57577511391082 240.5575557118982 231.18611933223337 228.84393091233096 244.31107885509664 250.47760564355713 229.42758225545413 
214.2807931558359 238.99800159649294 234.80320472306175 234.67317845309572 237.37063211361874 230.6810218788596 251.38050770811742 224.71310985775472 251.4414688377483 265.8043836695897 240.04290419485415 374.2403573115098 229.94451910517546 235.64417448111135 256.219207661537 241.99370097578185 250.25952935665418 250.94578621365508 240.5756709063453 240.55701142045336 231.18611876153955 228.84392368736553 244.31107788979807 250.47760449972748 229.42757629505059 
214.28035161314028 238.9974843350601 234.80316093830697 234.67317337626673 237.37062813225884 230.68102143350688 251.38045961282614 224.71300369515893 251.4414679523611 265.6814699634592 240.04082359094946 374.2403573115098 229.94451449710004 235.64417161688652 256.20522083062133 241.99368649902 250.24579721324335 250.94578467201381 240.57563083280138 240.55564247906705 231.186117768209 228.84391525183764 244.31107589485282 250.4776024955113 229.42756562566092 
214.27957346012954 238.997381188934 234.80313644692933 234.67316794257658 237.37062276349798 230.68102078589664 251.38042574955534 224.7129481093093 251.44146715377565 265.46002445713793 240.03790430200024 374.2403573115098 229.94450093466457 235.64416956385185 256.1881851878238 241.99368209541353 250.23222106073854 250.9457840810319 240.5755192762972 240.5549580225388 231.1861172175545 228.84390083953576 244.31107505375076 250.47760098428716 229.42755907230185 
214.27938947694656 238.99733898919294 234.80311480732507 234.67316311874356 237.37061364387228 230.68101992662878 251.38039008805936 224.71291029344684 251.44146621837172 265.2124283997232 240.03628480615953 374.2403573115098 229.94448632631565 235.64416681752482 256.17455398179027 241.99367777008365 250.20337205842634 250.94578278000063 240.57546540047497 240.55480581180746 231.18611608878064 228.84389056371356 244.31107408428716 250.47759930274242 229.42755825053746 
214.2791815127739 238.997257448239 234.8030942537648 234.67315515566497 237.37059833754438 230.68101915007492 251.38037600136704 224.7128484820987 251.4414656170111 265.0317223924385 240.0348881870841 374.2403573115098 229.9444833869302 235.644164940662 256.161198701358 241.9936750053689 250.040285862804 250.9457808444131 240.57533704647813 240.55470130387948 231.18611494893366 228.84388589674973 244.31107338665743 250.47759780471142 229.42755757558962 
214.27906373707992 238.99723095724266 234.80308414973842 234.67314674602312 237.37058938206474 230.6810174004022 251.3803463621466 224.7128139833453 251.4414652730784 264.95919893045766 240.03177275119378 374.2403573115098 229.94447626600459 235.6441614029136 256.1510781185407 241.99367087046357 249.69278105267267 250.94577863583027 240.5751591202643 240.55460869550734 231.1861140795504 228.84388015189688 244.31107287826353 250.47759476735519 229.42755692832634 
214.2787316880299 238.99719452281442 234.80306644405846 234.67313789773152 237.3705826890823 230.6810143318162 251.38031468730378 224.71275542816647 251.4414649332639 264.9452765663809 240.0138906770785 374.2403573115098 229.9444694229328 235.6441588564453 256.1361314637602 241.99366642363157 249.34347714959085 250.9457777950879 240.57503029191366 240.55454358923544 231.1861131341234 228.8438751007102 244.31107273743464 250.4775912248365 229.4275556504008 
214.27820984274604 238.99716443245097 234.80306027019242 234.67313338025815 237.37057938477164 230.68101384249667 251.38027841741268 224.71272454110976 251.4414646348073 264.9360155122531 239.99174200587913 374.2403573115098 229.94445086905216 235.64415706530826 256.1310594948418 241.9936607047248 249.24012964299754 250.94577689483276 240.57497927141594 240.55442882258467 231.18611263974708 228.84386921332361 244.31107253168102 250.47758597294523 229.42755466203607 
214.27692743071884 238.99713858540872 234.80305350419394 234.67312893864573 237.37057684683305 230.68101376576215 251.3801942502123 224.71270897417025 251.44146445253773 264.920268491825 239.9842664377602 374.2403573115098 229.94443060789217 235.64415496654192 256.1245178781214 241.99365601752743 249.20264750789374 250.94577540143928 240.57496219942914 240.55426913397469 231.1861122552 228.84386423908927 244.31107227260281 250.47757867949713 229.4275535918432 
214.2746358825475 238.9971231346185 234.80304983476208 234.67312645746915 237.3705738468684 230.6810137026696 251.38001668197194 224.71270048716178 251.4414641924027 264.9080294622563 239.97742237436432 374.2403573115098 229.9443908692274 235.64415289726776 256.1149487427033 241.99365110290455 249.1389922980411 250.94577465341627 240.57494733219028 240.55391966672278 231.1861117912108 228.84385853332014 244.31107177400145 250.4775724765027 229.4275513779512 
214.26983229051393 238.99709767296417 234.80304527709495 234.67312516203265 237.37056951301292 230.6810136569029 251.37994722114354 224.71267521972595 251.44146366954283 264.88371618503015 239.97334936669176 374.2403573115098 229.94435194202106 235.64414943210522 256.09142157921406 241.99364585896228 248.99859022679993 250.9457742423374 240.57493015585533 240.55337475714896 231.1861110168511 228.8438558282528 244.31107128943222 250.47756538266594 229.42754991588208 
214.2691790204276 238.9970885225307 234.80304119538323 234.6731234738245 237.37056666240505 230.68101362340485 251.3798840412378 224.7126536564556 251.44146192576864 264.8775217316884 239.9672774055698 374.2403573115098 229.94432455850165 235.6441428903886 256.03352591893326 241.99364356057595 248.66971542536066 250.9457737062171 240.57491532146878 240.5529174685862 231.18610946184845 228.84384984349663 244.31107108872538 250.47755607441604 229.42754835660844 
214.26903148681777 238.99707871627106 234.80303590612812 234.67312067313878 237.37056468289984 230.68101356980515 251.37982153347411 224.71263643536895 251.44146145625245 264.8668193751273 239.96419119252005 374.2403573115098 229.9443138055767 235.64413517686717 255.97203344124955 241.99364150750034 248.28331245673962 250.9457732334704 240.57489602971236 240.5520345099253 231.18610649370794 228.84384599169243 244.31107063761738 250.4775428496041 229.42754744388367 
214.26885880517875 238.99707212539488 234.80303099079947 234.67311742202492 237.37055515916063 230.6810135200294 251.37972554231965 224.71262675177468 251.4414609569085 264.85550755546365 239.96301279985573 374.2403573115098 229.94429988419324 235.64412954619183 255.96097336651474 241.9936400839929 248.04713270650973 250.945772830838 240.5748866763529 240.5497013231311 231.1861018539471 228.84384368185601 244.31107047224032 250.47754187535884 229.42754667562804 
214.2683977993688 238.99706699752187 234.80302629026528 234.67311389934093 237.3705325976539 230.68101348740765 251.3795846722105 224.71261825966758 251.4414604464837 264.84384291411607 239.96213676827165 374.2403573115098 229.94427894788487 235.64412497086732 255.9578442613406 241.99363878209533 247.55194407275258 250.94577259400194 240.57486880422448 240.54419337559057 231.18609801372122 228.84383745989635 244.3110703066668 250.47754138867776 229.42754568396094 
214.26771418165436 238.9970533022456 234.80302072204495 234.67310618375677 237.37048977278346 230.68101346100502 251.37942618065608 224.712587608582 251.4414602278348 264.8374802332546 239.96087406379456 374.2403573115098 229.94425304728975 235.64412291380677 255.9550919535859 241.99363670914545 247.07220588236805 250.94577234261715 240.5748577911777 240.54395669728274 231.18609419306176 228.84383301933394 244.31107018978446 250.47754069843268 229.4275447222476 
214.26722415936274 238.99704018609236 234.80301389259193 234.67309577718834 237.37046664252193 230.6810134362595 251.3793136007571 224.71256320298562 251.44146006925166 264.83265800472964 239.95973892644224 374.2403573115098 229.9442482978775 235.6441207822777 255.95391065893364 241.99363448281383 246.78178708623227 250.94577199266132 240.57481251515674 240.5438308391872 231.18609343026583 228.84383102710535 244.31107005259355 250.47753967122617 229.42754409430017 
214.2669548063027 238.99701986452374 234.80300772626742 234.6730870849633 237.3704595389172 230.68101340548628 251.37914392792754 224.71254467361496 251.4414598268836 264.82886633562566 239.95820765555663 374.2403573115098 229.9442450342899 235.64411747405074 255.95215867882462 241.99363235709643 246.65970574309313 250.94577181206296 240.57477851305475 240.54375361982147 231.18609273963875 228.84382968839418 244.3110697738157 250.47753860534203 229.42754264120504 
214.2667570701642 238.99700922472448 234.80300580749008 234.67308361852065 237.37045758832528 230.68101327953036 251.37898458573636 224.71253889746322 251.44145962906077 264.81619248588913 239.95655725389406 374.2403573115098 229.9442440074863 235.64410343125155 255.9515181641027 241.99362947084592 246.52351420586274 250.94577163491294 240.57475012424356 240.54363316335775 231.18609247112818 228.84382895397266 244.31106891375475 250.4775375919694 229.42754143053799 
214.266630623933 238.99700401507926 234.8029993925793 234.6730806862265 237.37045367045403 230.68101310607335 251.3789421072638 224.71252827444778 251.4414593680226 264.8122715313161 239.94808342780289 374.2403573115098 229.94424321822726 235.64408960457968 255.95085627152503 241.99362646335157 246.4256379054632 250.94577071279355 240.57472262294868 240.54358581952556 231.1860917963022 228.8438281797412 244.31106870630674 250.47753706805543 229.42754029135722 
214.26652609277198 238.99700084280312 234.8029912230918 234.6730796931456 237.37044635552093 230.68101297192425 251.37889285523715 224.71252114272647 251.4414590627507 264.80931057774205 239.9122527061504 374.2403573115098 229.94424281492275 235.64407756731862 255.95037984875398 241.99362478645344 246.23377367065814 250.9457701330889 240.57470143231012 240.5435269575264 231.1860906784009 228.8438270389256 244.3110685925153 250.47753683317887 229.4275394213023 
214.2663940912944 238.9969976272332 234.80298718735594 234.67307937863143 237.37043007014108 230.68101288966 251.37887120310052 224.71250671582538 251.44145895051952 264.8077161508131 239.90723759535013 374.2403573115098 229.94424247661618 235.64407654098022 255.95005318538642 241.99362371727693 246.0905870000597 250.94577004095754 240.5746835607565 240.5434826935052 231.18608596967943 228.8438260777666 244.31106846678767 250.4775364762313 229.4275383333893 
214.26628186037124 238.99699576858984 234.80298396481476 234.67307913867126 237.37042463067928 230.68101281103918 251.37884798406458 224.71249195918517 251.4414588818754 264.80581440702827 239.90464261911984 374.2403573115098 229.94424238301508 235.64407607068688 255.94932554460502 241.99362251860748 245.79308546903167 250.94576998384127 240.57467271467704 240.5434705169091 231.18607630123415 228.84382499788717 244.3110682793481 250.47753641523877 229.42753730656705 
214.26616382836846 238.99699178246283 234.8029677200684 234.67307896983266 237.37042064045363 230.68101239578482 251.37883895518235 224.71248670180375 251.44145879924872 264.80449664805246 239.901872284639 374.2403573115098 229.94424213079674 235.6440753386496 255.94882409192178 241.99362139427922 245.5230014854169 250.94576993020837 240.574663107152 240.54345562833078 231.18605432220602 228.84382297755292 244.31106787438102 250.47753632576314 229.42753656096056 
214.26593556183434 238.99698919250204 234.80295692623577 234.67307887538527 237.37040954092163 230.68101107429175 251.37882035487155 224.7124755866953 251.44145865730752 264.80384864737243 239.89643102378022 374.2403573115098 229.94424184630134 235.64407442768788 255.94842482390004 241.9936203165944 245.27420273798998 250.94576987371966 240.57465332571337 240.5434376756666 231.18598859829444 228.84382029906692 244.31106725778318 250.4775362642472 229.42753583839522 
214.26577038202686 238.99698515117143 234.802944551971 234.67307868478565 237.3703973005786 230.68100987833895 251.3788161570278 224.71245786118834 251.44145849135248 264.80267017666256 239.89018530062685 374.2403573115098 229.9442415106564 235.64406993535067 255.94788600762695 241.99361885413555 245.163308391609 250.9457697414632 240.57464545030462 240.54341063467155 231.18560129705975 228.84381587800226 244.3110654766915 250.47753624787947 229.42753552613567 
214.26550769327878 238.9969801206571 234.8029386438675 234.67307853773855 237.37037495209097 230.68100986732907 251.37880410720118 224.71240752193808 251.441458239261 264.8006023963276 239.88630682708708 374.2403573115098 229.9442412544263 235.64406311404628 255.9467573741822 241.99361823167692 244.9719775595995 250.94576951600766 240.5746422412476 240.54331207796213 231.18513768613957 228.84380857372253 244.3110643128275 250.4775361821862 229.42753513196385 
214.2653671174039 238.9969774887254 234.80292805612544 234.67307826335082 237.37035132063602 230.68100983017666 251.37879290559795 224.7123813920639 251.4414576586828 264.7937632563312 239.8836372186097 374.2403573115098 229.94424109484498 235.64406162170326 255.94277072516115 241.99361752891537 244.74297358346212 250.94576946902362 240.57463952640273 240.5432712395318 231.18482576213955 228.84380809634422 244.3110642294023 250.47753605819253 229.42753434195583 
214.26517988333126 238.99697084339596 234.80291143353952 234.67307640671106 237.37034466121304 230.6810098048336 251.37878376108938 224.71237142448672 251.44145341060175 264.7866896717337 239.88225840713267 374.2403573115098 229.94424077903614 235.64406100441192 255.93809675263765 241.99361688582394 244.45939866594836 250.94576939773606 240.57462372366354 240.5430926069207 231.18475205817276 228.84380754852418 244.31106416317925 250.47753592924573 229.4275338857069 
214.26495545198668 238.99696852340503 234.8028118622442 234.6730676998195 237.37033059834403 230.6810097838179 251.37877887100512 224.71234622963084 251.4414364445197 264.78503497948486 239.8802015833803 374.2403573115098 229.9442400015996 235.64406039313235 255.93125783119604 241.9936159965223 244.0250649143668 250.94576931393385 240.57461231460684 240.54300036126688 231.18473294041405 228.84380716060605 244.31106399845885 250.477535824632 229.42753364197642 
214.2643375547177 238.9969662853723 234.8024342603835 234.67306717161637 237.37030531372193 230.68100973961828 251.37877435042492 224.7123413688032 251.44141086021818 264.7838065743672 239.87592770211586 374.2403573115098 229.94423877249483 235.64406012483778 255.925812171512 241.99361525332506 243.59136829812314 250.94576921602675 240.57458930035227 240.54295393752682 231.1847110357353 228.84380685059523 244.3110637953896 250.47753576337254 229.4275329363486 
214.2633609488871 238.99696310554327 234.80134397279244 234.6730670078523 237.37029290202827 230.68100943320678 251.3787694353432 224.71233865093927 251.44138053680672 264.7812085057444 239.8727710119465 374.2403573115098 229.9442378224794 235.644059300354 255.9170636964359 241.99361424051767 243.09796049723855 250.9457691302987 240.5745559888528 240.54288356465167 231.18470282284034 228.8438065046903 244.3110635679277 250.4775357294011 229.42753237429815 
214.2620846364507 238.9969584746509 234.8007927151666 234.67306680746515 237.37029143374957 230.6810092338751 251.37876359807615 224.7123357741425 251.44137781133577 264.775179204692 239.87221968593485 374.2403573115098 229.9442370301217 235.64405863303818 255.89476638121278 241.99361331507953 242.83084695665093 250.945769085949 240.57454348047895 240.54264582350788 231.1846800929161 228.84380455914425 244.31106345950775 250.47753569678798 229.42753204127803 
214.26203422334493 238.99695667847027 234.79985864841956 234.67306662159308 237.3702908075029 230.68100919776907 251.37876087423956 224.7123339243094 251.4413672286987 264.772889638783 239.87126060265246 374.2403573115098 229.9442366942999 235.64405828146118 255.78934768497902 241.99361284322822 242.73015421120135 250.94576906471593 240.57452806063247 240.54233216555394 231.1846057105049 228.84380403815885 244.31106337716665 250.47753567453674 229.42753185862693 
214.2619830775002 238.9969557617469 234.79970974784146 234.6730663701992 237.37029065826619 230.6810091840207 251.37875807741102 224.71233169751213 251.44132891943036 264.7716723063254 239.87058274112223 374.2403573115098 229.94423646075484 235.6440578584502 255.70457655345263 241.99361213002476 242.62241493656848 250.94576903707593 240.57450111195612 240.54225917465965 231.18457572718717 228.8438037272881 244.31106328220312 250.47753565200856 229.42753149783175 
214.26196068705895 238.9969549943953 234.79968048903447 234.67306551153706 237.37028978543685 230.68100917897073 251.37874677850596 224.7123300425892 251.44128981873155 264.7710230258858 239.86971215191807 374.2403573115098 229.94423585183858 235.64405729721466 255.65751497207202 241.99361091701485 242.57862547684363 250.9457689433175 240.57445197708103 240.54221530584618 231.18456070924185 228.84380336716913 244.31106322637743 250.4775356437517 229.42753109104206 
214.261952400896 238.9969541407927 234.79966288046217 234.6730617922458 237.37028942427924 230.6810091748257 251.37868955373642 224.7123277781202 251.4412533625159 264.77072423023947 239.869400638142 374.2403573115098 229.94423564307772 235.644057101013 255.5917934134468 241.99361012782492 242.5571730784818 250.9457686799292 240.57429511435384 240.5421937646306 231.18455409105763 228.84380302541513 244.3110631410077 250.47753554858036 229.4275296435635 
214.26194541312134 238.99695249111937 234.79965054940567 234.6730474153469 237.37028904952376 230.6810091668167 251.37850790027505 224.712324810484 251.44119831211628 264.7704692930033 239.86892409894654 374.2403573115098 229.94423529365304 235.6440568679841 255.55349551131894 241.99360906104766 242.542095891974 250.94576840582795 240.57360666176373 240.5421756142996 231.18454642727647 228.84380261901424 244.3110631076761 250.47753520729066 229.42752613302991 
214.26193884118356 238.99695116428984 234.79964573620828 234.6730380094541 237.37028878739147 230.68100915546165 251.37819786548744 224.71232288579904 251.441170831205 264.77026203048854 239.8684848205594 374.2403573115098 229.94423506181147 235.64405671565783 255.49222779908996 241.99360860009392 242.5347784699852 250.94576834464124 240.57176962302583 240.5421543430839 231.1845368459176 228.84380224839333 244.31106306649417 250.47753472194518 229.42751775793067 
214.26193505964466 238.99695036299545 234.7996421458156 234.6730248244894 237.37028808583682 230.68100914713705 251.3781165424598 224.71231696942323 251.44112403046665 264.7698253655067 239.86794621230456 374.2403573115098 229.9442341622257 235.64405660645252 255.35507100861923 241.99360838583152 242.52557422072505 250.94576832052962 240.5706713147215 240.54213875127652 231.18452742501677 228.84380059381056 244.3110630186061 250.47753464592915 229.42751563143565 
214.26193204266883 238.99694979662308 234.79963966781406 234.67301362249282 237.37028778231206 230.6810091432053 251.3780901379473 224.71230517771073 251.44105418845675 264.7693492257026 239.86700636829346 374.2403573115098 229.94423222223486 235.64405655971086 255.15049382446068 241.99360798456883 242.52166850210278 250.94576829995822 240.56736526651684 240.54212362611133 231.18452043677144 228.8437950250359 244.31106296076132 250.47753458841362 229.4275137872778 
214.26192800210947 238.9969496913659 234.79963650172522 234.67300437462472 237.3702875314425 230.6810091400912 251.37808580435103 224.71228039946664 251.44082964184872 264.76869054893086 239.866426470619 374.2403573115098 229.94422986884547 235.64405647179456 254.90805779386255 241.99360763928735 242.5164735093399 250.94576827319224 240.56445246714839 240.54210840733003 231.18451201256903 228.8437770440828 244.31106279216283 250.4775345821099 229.42751152065966 
214.2619212361892 238.99694947043145 234.7996348681786 234.6729893518709 237.37028728248424 230.68100913753642 251.3780836443666 224.71224611197977 251.44067876747886 264.7680796168029 239.86622610574568 374.2403573115098 229.94422455831955 235.64405629738303 254.5189876205286 241.99360735603614 242.51034027856304 250.94576825140075 240.56309196869506 240.5420957560591 231.18450817036592 228.84376984894925 244.31106228805947 250.47753457630688 229.42750904652075 
214.2619149940051 238.99694916972612 234.7996340101895 234.67297159951113 237.3702870182783 230.68100913217995 251.3780800544987 224.71216947101493 251.44060548264724 264.76751605316804 239.8658664642162 374.2403573115098 229.94421635558092 235.64405596935012 254.21961284590907 241.99360722814936 242.50515661048985 250.94576822564386 240.56299795497807 240.54207890576026 231.1845033477557 228.8437611559075 244.3110620230268 250.47753456990404 229.42750804933075 
214.26190197698452 238.99694895655193 234.79963300745794 234.67296474788054 237.37028678943625 230.68100911961847 251.37807563523893 224.71202003889857 251.44058981410853 264.763531356547 239.86515619492002 371.414009628636 229.9442102876883 235.64405572756687 254.19310840541766 241.99360706451534 242.49832130009372 250.94576819614394 240.56295887243004 240.54206588933175 231.18450074926113 228.8437607110818 244.3110619369936 250.47753456320652 229.42750778002755 
214.26189652585163 238.99694875270006 234.79962855449412 234.67295556178942 237.37028667717777 230.68100907307962 251.3780723982636 224.71171863384825 251.44058635591273 264.7606746160309 239.86356465202607 371.414009628636 229.9442092745344 235.6440554097312 254.16656276264757 241.9936070002409 242.49536956235488 250.9457681421909 240.56293923104568 240.54205006128723 231.18449910374738 228.84376056442989 244.3110618478031 250.47753455026304 229.42750765871733 
214.26188568919542 238.9969484422504 234.79961682200928 234.67295315145202 237.3702865674918 230.68100894632062 251.37806318368348 224.71162484798379 251.44058417926772 264.7603277911353 239.85881370666584 371.414009628636 229.9442089014192 235.64405476895627 254.16002619251094 241.9936068626189 242.49354314341826 250.94576808201055 240.56292233212162 240.54203531876647 231.18449826901997 228.84376044411238 244.3110618113201 250.47753453974155 229.4275075507353 
214.261880289052 238.99694807312835 234.7995791955409 234.67295136907433 237.37028644832935 230.68100888735717 251.37806075959634 224.71161745045447 251.4405823877837 264.76019290977183 239.8445110223479 371.414009628636 229.94420870840713 235.64405450235836 254.1581137529106 241.9936067840672 242.4923823483109 250.94576792564249 240.56291818787577 240.54202852455683 231.1844979127045 228.84376032085765 244.31106176490857 250.47753452673533 229.4275073887393 
214.26187372297136 238.99694782600318 234.79940336824166 234.67294657304865 237.37028635558272 230.68100887095534 251.3780596777683 224.7116077259243 251.44058094812726 264.76005735994204 239.83911349222535 371.414009628636 229.9442085860651 235.64405422068785 254.15660943346666 241.99360674546278 242.4908401458706 250.9457678450608 240.56291189193053 240.54201062206948 231.18449724053062 228.84376014468398 244.31106171716146 250.47753448744334 229.42750730491343 
214.2618645505986 238.99694748690172 234.79929140720833 234.67293936771603 237.370286070593 230.68100886791535 251.37805869083013 224.71160359021542 251.44057990103101 264.7600209564116 239.8384672481734 371.414009628636 229.9442085199994 235.64405363916876 254.15540992460228 241.99360670677243 242.4897243539549 250.94576779444924 240.56290584623912 240.54200948291646 231.18449698330687 228.8437599476124 244.31106163317827 250.477534427288 229.42750726460326 
214.26185968027994 238.99694676421586 234.7992143613992 234.67293531190353 237.37028523496338 230.68100886059347 251.3780583315156 224.7115983165222 251.44057184328994 264.76000222460334 239.83831214967722 371.414009628636 229.94420843661192 235.64405273057537 254.1540195980965 241.99360663276002 242.48811261587934 250.94576777816292 240.56289886131935 240.54200846738604 231.18449686738268 228.84375943074474 244.31106144884188 250.47753423739914 229.427507244161 
214.26184907005427 238.9969436994743 234.79917900456485 234.6729318273201 237.3702786581648 230.68100884286014 251.37805782865144 224.7115943639874 251.44056299746126 264.7599546162628 239.83793655762202 371.414009628636 229.9442084045213 235.64404988673869 254.1532547750121 241.99360657506122 242.486711287675 250.94576776960548 240.5628927441162 240.54200398570538 231.18449679231298 228.84375871385237 244.31106100997704 250.47753412755173 229.42750722664778 
214.26182276036207 238.99693436924235 234.79916815837032 234.67292579785635 237.37026690641005 230.681008830652 251.37805710858083 224.7115861218217 251.44055254452178 264.7599071211239 239.83742667886463 371.414009628636 229.94420836795462 235.64404525243071 254.1523995438174 241.993606509021 242.48552341831783 250.94576776686245 240.56287079106232 240.54199955735703 231.18449672773704 228.843758349602 244.31105985287013 250.47753360016304 229.42750721386756 
214.26172016264763 238.99693274670335 234.79916435393898 234.67292060022874 237.37026433823803 230.6810088242005 251.3780560564146 224.711574336402 251.44054280821638 264.75986435081586 239.8360571232829 371.414009628636 229.94420833523327 235.64404120889685 254.15184197279723 241.9936064800786 242.48354338067156 250.94576776396207 240.56285733159802 240.54197855367147 231.18449668677567 228.84375804265756 244.31105978122332 250.47753182050337 229.42750717861054 
214.26162361653815 238.99693195000782 234.79916226338673 234.67291804971364 237.3702638069849 230.68100882093358 251.3780554362802 224.7115693528376 251.44053826358095 264.7598151427046 239.83498350847458 371.414009628636 229.94420831061643 235.64403185846868 254.15121004203775 241.99360644691615 242.481695757353 250.94576775799578 240.56285521982454 240.54196798531893 231.1844966216463 228.8437576170354 244.31105976178515 250.47753055697967 229.42750709662732 
214.26144007347284 238.99693138191833 234.79916162327845 234.67291555497104 237.3702635302334 230.6810088186562 251.37805401604237 224.71156384825917 251.4405363152723 264.7597074559462 239.83455210991542 371.414009628636 229.94420820121059 235.6440015657481 254.15050440582127 241.9936063838063 242.48034799067636 250.94576775390533 240.56285384010653 240.5419627833803 231.18449653226844 228.8437572269877 244.31105971279976 250.47752993662607 229.4275069191699 
214.26063182214966 238.99693099118895 234.79916098129297 234.67291197261784 237.37026340581406 230.68100881708096 251.37804973191214 224.71156198800782 251.44053506025375 264.7596204805468 239.83439028138582 371.414009628636 229.9442078718871 235.64398606626492 254.1497291454557 241.9936063187697 242.47936423568945 250.94576775230098 240.56285111503757 240.54193701256554 231.18449640398012 228.84375690024444 244.31105953778388 250.4775296196458 229.42750577243805 
214.25939776683754 238.99693056391334 234.7991601963131 234.67291047936624 237.37026315065896 230.68100880917973 251.3780431414325 224.71156093951095 251.440533923771 264.75960118412877 239.83430474105307 371.414009628636 229.94420706166875 235.64396550127958 254.14938102100177 241.99360625274812 242.479009716159 250.94576773525432 240.5628463042085 240.54182127662762 231.18449624044933 228.84375665015114 244.31105893549784 250.477529520203 229.4275040301559 
214.2544668435644 238.99692999582658 234.79915922862256 234.67290931757407 237.37026287949993 230.68100880132533 251.37803395467063 224.71155901405382 251.44053316607642 264.75958831215667 239.834253499037 371.414009628636 229.9442050244552 235.64393904019335 254.14912219538564 241.99360611100474 242.47874143910167 250.9457677063624 240.56284016675409 240.5417838088456 231.1844958372708 228.84375632105457 244.31105887970807 250.4775294746537 229.42750209201768 
214.25249966279125 238.99692928986906 234.79915819705002 234.67290846884498 237.37026262455947 230.6810087316021 251.3780077571828 224.71155690271553 251.44053142861912 264.75957672058803 239.83421983396101 371.414009628636 229.94419849227643 235.64393773472875 254.14891650126083 241.99360593359688 242.47787650836972 250.9457676274492 240.562835662608 240.54177574737378 231.18449400288273 228.84375585918815 244.3110588691843 250.4775294588867 229.42749468099782 
214.2524576204769 238.99692737869054 234.79915730736366 234.67290796519728 237.37026232424478 230.68100861393123 251.37798992477383 224.71155511636607 251.4405294209323 264.75955952303093 239.83419033104155 371.414009628636 229.94419365970998 235.64393697413425 254.14879191214823 241.99360588088393 242.47532498721193 250.945767596344 240.56282887979523 240.5417723224955 231.18448967980203 228.84375516788896 244.31105886063597 250.47752943472415 229.42747793544004 
214.25239205089565 238.99692660665687 234.79915658195523 234.67290764079053 237.3702617546619 230.68100846270636 251.37798377729632 224.71155304754348 251.4405290638606 264.75953578020153 239.83417068864583 371.414009628636 229.9441815403925 235.64393572196377 254.14860110169957 241.99360584465785 242.45808713296674 250.94576758216908 240.56281356249656 240.54176828401933 231.1844695998543 228.8437549911623 244.31105885282386 250.47752942890156 229.42747355936217 
214.2523142364198 238.99692617840265 234.7991549398903 234.67290694039502 237.3702600837987 230.68100807882138 251.37798246087596 224.71154983389124 251.440528445361 264.7595099971654 239.83415478160532 371.414009628636 229.94418098671485 235.64393208347292 254.1485029459809 241.99360575108358 242.43792876179168 250.9457675577687 240.56279383702076 240.54176720388296 231.18444768350582 228.84375476692503 244.31105880947007 250.47752942402803 229.42747329320173 
214.25217237840843 238.99692575304107 234.79915182125387 234.67290643375236 237.37025828085052 230.68100697094314 251.3779816462834 224.71154716990077 251.44052815960094 264.7594880327174 239.8341245230995 371.414009628636 229.94418068715368 235.64392911612867 254.14846924148424 241.99360569852206 242.43443429656782 250.94576753839283 240.56277257965257 240.5417667896172 231.18444737919208 228.84375446846252 244.3110587307424 250.47752942134275 229.4274729198528 
214.25195219237958 238.9969254300554 234.7991482344828 234.67290621556458 237.37025794906367 230.68100669096702 251.37798094603477 224.71154435740846 251.44052805106685 264.7594526229386 239.8340974253456 371.414009628636 229.94418045052225 235.6439284664284 254.14843588677013 241.99360564666404 242.43384714029935 250.94576745544055 240.56275944001118 240.5417658751494 231.18444725436711 228.8437540465925 244.31105857700322 250.47752941577755 229.42747269749862 
214.2518459496373 238.9969250363124 234.79914170975007 234.67290595240365 237.3702574392314 230.68100667170393 251.37798038180472 224.71153974597928 251.4405279805619 264.75943029397786 239.83408333850093 371.414009628636 229.94418032847034 235.64392760203282 254.1483830666125 241.9936056034776 242.43348568438432 250.94576732187306 240.5627583735054 240.54176297243202 231.18444706630635 228.8437533995998 244.3110584557994 250.47752940829787 229.42747263682804 
214.25181046978423 238.99692452144336 234.79912759367062 234.67290548267783 237.37025726443972 230.68100666435475 251.37797997126154 224.71153787533876 251.44052789803482 264.75940133358426 239.83407210090672 371.414009628636 229.94418024144488 235.64392196106928 254.1483047617662 241.99360557678028 242.43319379620698 250.94576723138834 240.56275758848233 240.54176050611431 231.18444681699248 228.8437530292881 244.31105835606468 250.47752939218753 229.42747259351245 
214.25176706115508 238.99692171818697 234.7990773341071 234.672904917285 237.37025698641582 230.68100666186092 251.37797982351822 224.71153719592712 251.44052785393114 264.7593767684439 239.8340666452791 371.414009628636 229.9441801664152 235.64390834465758 254.14823345588957 241.99360555656676 242.43258744175182 250.94576709519833 240.56275603207632 240.54175716014333 231.18444669732253 228.8437527980809 244.3110583416801 250.47752935960034 229.42747256153234 
214.2516643317399 238.9969176218001 234.79902830040692 234.67290458398975 237.37025689084976 230.6810066575399 251.3779796045892 224.71153665328893 251.44052777029128 264.7593413977488 239.83405827973093 366.4386860927698 229.94418004383215 235.64390238909664 254.14814969277813 241.99360553878842 242.43216511596938 250.94576678189424 240.56275468999456 240.54175428770122 231.18444655985013 228.8437523316138 244.31105833625952 250.47752932706635 229.42747254493406 
214.25157395190354 238.99691302127076 234.79890454331326 234.67290430206913 237.3702568179383 230.68100664973372 251.3779794606803 224.7115354514599 251.44052754171298 264.75927315471245 239.83404027009828 366.07071810033676 229.94417989628528 235.64390031194762 254.148087600282 241.9936055279195 242.43160321323103 250.94576677425493 240.56275365843567 240.54175368803317 231.18444643992098 228.84375172356476 244.3110583302073 250.4775293243224 229.42747252738445 
214.25139775753632 238.9969030440252 234.79885133355265 234.67290390217977 237.37025674574488 230.68100662952975 251.37797937436653 224.71153492533995 251.44052745246427 264.7592525676405 239.83400694779357 366.07071810033676 229.94417957797532 235.64390018424274 254.14807403091982 241.99360550757774 242.4306098414536 250.94576677044734 240.56275224151523 240.54175351978893 231.18444625184839 228.84375052910764 244.3110583256639 250.47752932066942 229.42747250769935 
214.2512266626054 238.9968990966845 234.7988330718017 234.6729035828248 237.37025667278886 230.68100660996333 251.37797921614765 224.71153393311442 251.44052729999385 264.7592408737687 239.83400321734052 366.07071810033676 229.94417934801368 235.6439001222061 254.14806727477844 241.99360544954243 242.43049527068206 250.94576676771703 240.5627511694961 240.5417532859683 231.18444603816033 228.84374854827183 244.3110583203993 250.47752931537298 229.4274725035575 
214.2511480508674 238.99689887809018 234.7988196112069 234.67290350888015 237.3702566280158 230.68100659816037 251.3779790277158 224.71153242242372 251.44052716599026 264.7592275762772 239.83399867879916 366.07071810033676 229.9441788811896 235.6438998868516 254.148057402012 241.9936053740621 242.42979183706848 250.94576676546922 240.56274771541302 240.54175315149223 231.18444578864 228.84374635609993 244.31105831090463 250.47752930733714 229.4274724963234 
214.25113522947913 238.99689859737555 234.79879994316798 234.6729034662335 237.37025658407856 230.68100656940078 251.37797886843873 224.7115316917584 251.4405270901534 264.7592170541002 239.83399466995888 366.07071810033676 229.94417753769403 235.64389938798786 254.14804556946092 241.9936053168217 242.42865771756715 250.94576676317456 240.56274362325166 240.54175301110627 231.1844456311769 228.843745622401 244.31105830216256 250.47752930174465 229.42747248378555 
214.25110599094933 238.99689853448353 234.7987797591286 234.67290340820227 237.3702565207468 230.6810065635177 251.3779787086296 224.71153106562815 251.4405270667471 264.7592035637981 239.83398995437665 366.07071810033676 229.94417619626665 235.6438988794821 254.14803312805998 241.99360525951533 242.42833655715094 250.9457667614788 240.56274239480172 240.5417528552107 231.18444518919114 228.84374544617003 244.31105828299542 250.47752929466697 229.42747238799848 
214.25107594697056 238.996898468758 234.79875993102223 234.67290332499897 237.37025645096946 230.68100655962144 251.3779783198529 224.71152931095958 251.4405269963113 264.75919597934717 239.83398616490786 366.07071810033676 229.94417432110868 235.6438972330443 254.14802401850602 241.99360522157258 242.42826563015933 250.94576675841472 240.56274185296706 240.54175251374863 231.18444489021294 228.84374539471037 244.31105822996096 250.4775292858876 229.42747233574346 
214.25106150510464 238.99689841422241 234.79874781404988 234.6729032375074 237.3702563648426 230.68100655367152 251.37797746889646 224.71152714526488 251.4405266958388 264.7591736989648 239.83398013597707 364.7305329064661 229.9441728273141 235.64389667621526 254.14800608464247 241.99360521581366 242.42812056921093 250.94576675637245 240.56274157694588 240.54175224560777 231.1844448110087 228.8437453580682 244.3110581592132 250.47752927874944 229.42747199675387 
214.2510515678764 238.9968983828462 234.79874496507819 234.67290320469237 237.3702562983908 230.68100654823184 251.37797560093668 224.71152508567093 251.44052636472725 264.75911244957206 239.83396635847475 364.7305329064661 229.94417123598896 235.64389653856506 254.1479969094935 241.99360520286564 242.427944076494 250.9457667547481 240.56274126045582 240.54175157436794 231.18444477710182 228.84374528189664 244.3110579982208 250.47752927736747 229.4274709636029 
214.25103604356855 238.99689836957305 234.7987442409085 234.67290315079572 237.37025610284354 230.68100654033242 251.37796715013928 224.71152001125438 251.44052622445497 264.75905630296575 239.83386086892642 364.7305329064661 229.9441697085149 235.6438964977715 254.14797636970752 241.9936051902091 242.4274285331894 250.94576675242888 240.5627411691121 240.54174889287788 231.1844447406006 228.84374522660937 244.31105774468233 250.47752927644615 229.42747091840693 
214.25101471470725 238.99689834965284 234.79874376122007 234.6729031220707 237.37025280849275 230.68100653739793 251.3779575222493 224.71151435458705 251.4405260071867 264.75902704237524 239.83353510442203 364.7305329064661 229.94416862845446 235.64389646478548 254.14794911300623 241.99360518022831 242.42616534719127 250.9457667510951 240.56274096907327 240.54174788205637 231.18444465848597 228.84374520009078 244.31105701222805 250.47752927433885 229.4274709004094 
214.2510078897285 238.9968983364306 234.79874317107488 234.67290309760756 237.37024391918885 230.6810065327154 251.377955803011 224.7115111338394 251.44052569241512 264.75901092615914 239.82951326996772 362.39880555397167 229.9441682855513 235.6438964514964 254.14780873432392 241.99360515373155 242.4229966618832 250.94576675020699 240.56274081785295 240.54174726275232 231.1844445767283 228.843745183161 244.31105689771812 250.47752926742578 229.4274708814487 
214.2510032542259 238.99689832107015 234.7987426700388 234.67290306919995 237.37022603007608 230.6810065297559 251.37795525108868 224.71150905853438 251.44052556142833 264.7590035320577 239.82039980133231 362.39880555397167 229.9441680989039 235.64389640217678 254.14734986926715 241.9936051071345 242.42267388857454 250.9457667494812 240.56274055461245 240.54174676617004 231.18444445284877 228.8437451635773 244.31105672054582 250.477529260344 229.42747087002772 
214.25100059472834 238.99689830716852 234.79874214326264 234.67290305068946 237.37016855230559 230.6810065248451 251.3779550216468 224.71150716954799 251.4405253316213 264.7589990220267 239.8112695075456 360.0514463937707 229.94416790100695 235.6438962734619 254.1464052825927 241.99360499601062 242.42215702159365 250.94576674856125 240.56274024427148 240.541745916521 231.18444433299373 228.84374513791545 244.3110565979182 250.47752924731685 229.42747086912595 
214.25099597797316 238.99689829183944 234.79874131966108 234.67290304049675 237.37011344607618 230.68100652237763 251.377954132985 224.7115069493625 251.44052515847807 264.75899571068203 239.81108607303395 360.0514463937707 229.94416776339813 235.64389583363027 254.14631057811494 241.99360461966353 242.42194674545 250.94576674768768 240.5627398962083 240.54174192476876 231.1844442485467 228.84374509978397 244.31105657026637 250.47752920734865 229.42747086795498 
214.25098667140446 238.99689827930933 234.79874037306854 234.67290302978745 237.3701084594427 230.68100651869872 251.37795208420903 224.71150675990657 251.4405250423274 264.7589943262815 239.81101106885717 360.0514463937707 229.9441676851411 235.64389511181798 254.14613913060748 241.99360414014154 242.4217007993766 250.9457667471479 240.56273935050694 240.5417407523355 231.18444420613923 228.84374499104752 244.3110565417105 250.47752915913497 229.42747086685995 
214.25097633129553 238.99689826698022 234.79873965902152 234.6729030200181 237.37010567744392 230.6810065156751 251.37794851588205 224.7115066436727 251.44052494284415 264.75899280669 239.81096093307224 359.8970428487419 229.944167604398 235.6438947221509 254.14593328365117 241.9936038016658 242.42157187432122 250.9457667467791 240.5627382617954 240.54174057836372 231.18444416026387 228.84374489199854 244.3110565121715 250.47752885348245 229.42747085911924 
214.25097056363302 238.99689825476162 234.79873895520996 234.67290300918785 237.37010445825535 230.68100651394707 251.37794833310272 224.7115066110241 251.4405248505127 264.7589910871966 239.8109187953164 359.8970428487419 229.9441674518539 235.64389438308444 254.14591861742156 241.99360379119298 242.42152936970615 250.94576674616383 240.5627366885783 240.54174035405322 231.1844441406679 228.84374486501747 244.31105646683227 250.47752826384567 229.42747082937467 
214.2509689464573 238.99689823793597 234.79873809874243 234.67290299109845 237.37010394706658 230.6810065093605 251.37794820013596 224.71150653608674 251.4405247716495 264.75898677395935 239.81083961117793 359.8970428487419 229.94416734732386 235.64389320866258 254.14590436031403 241.99360378714027 242.4213583662936 250.9457667452034 240.5627362650257 240.5417402392286 231.18444411315932 228.84374485669287 244.31105632315166 250.47752630696505 229.42747077796548 
214.250965633737 238.99689819076457 234.79873645970383 234.6729029695548 237.37010268163021 230.6810065036616 251.37794803281668 224.71150648104685 251.4405247319337 264.7589843799574 239.81078752371832 359.8970428487419 229.94416718302273 235.6438902792147 254.14589356110264 241.99360378406845 242.42122561308724 250.94576674387235 240.56273620130196 240.54174001773026 231.18444402957448 228.84374484655018 244.31105606449455 250.47752450528924 229.42747077569084 
214.2509646600679 238.99689815076044 234.79873561862541 234.6729029549424 237.37010231300383 230.68100649944972 251.37794779965589 224.71150644491127 251.44052470072256 264.7589823607659 239.81076590492785 359.8970428487419 229.94416632883394 235.64388185214057 254.14588609460998 241.9936037805137 242.421143680795 250.94576674082055 240.5627361337697 240.54173972516264 231.18444382044981 228.84374482958265 244.31105540594308 250.47752441343118 229.42747077392687 
214.25096369590938 238.99689810155633 234.7987348759225 234.6729029337339 237.37010151105278 230.68100649866892 251.37794613699543 224.7115064172067 251.4405246627266 264.7589802274856 239.81075916422515 359.8970428487419 229.9441638150729 235.6438601517807 254.14588092116674 241.99360377925586 242.4209919756886 250.9457667381439 240.56273607703815 240.54173928980572 231.1844430251167 228.84374481931263 244.31105442036733 250.47752439336045 229.4274707704035 
214.25096260112105 238.99689801236173 234.79873436849084 234.67290291765994 237.37010007104664 230.68100649795133 251.37794096739844 224.71150638985637 251.44052457336147 264.7589770518139 239.8107503457859 356.7560483605903 229.94415532321818 235.64377371382898 254.14586403148314 241.99360377803714 242.42095779066904 250.94576672931407 240.56273596982874 240.54173830658283 231.18444180424967 228.8437448113791 244.31105278412997 250.47752438420684 229.42747076687874 
214.25096134879277 238.99689775560728 234.79873365456615 234.672902905897 237.37009941550332 230.68100649754706 251.3779405731857 224.7115063744368 251.44052434595187 264.7589730426048 239.81073989042443 356.7560483605903 229.94414765939155 235.64370724438731 254.14585220289337 241.99360377633639 242.42091335208352 250.9457667283864 240.5627358450438 240.54173723182248 231.184439395729 228.8437448008076 244.31105245581784 250.47752437384815 229.42747075725356 
214.25096062962757 238.9968976923724 234.79873261161674 234.67290289720222 237.37009719934076 230.6810064974211 251.37794055475206 224.71150636598077 251.44052251459607 264.758966986999 239.81072898482807 356.7560483605903 229.94413646905377 235.64370497456048 254.14582350114324 241.99360377492394 242.42089314366513 250.94576672818266 240.5627357157673 240.54173650189705 231.18443148529877 228.84374477731626 244.31105209945508 250.47752436723522 229.42747070016594 
214.25096019225157 238.99689767950485 234.79873197478264 234.67290288561617 237.3700961931968 230.68100649732514 251.3779405375717 224.71150635708773 251.44051926629345 264.7589594206461 239.8107142726567 356.7560483605903 229.94413411119376 235.6437047091631 254.14581313538747 241.9936037724201 242.4208492709222 250.94576672802486 240.5627356750906 240.54173593475525 231.18439692324773 228.8437447596798 244.31105188369247 250.47752436352448 229.42747055698146 
214.2509598018687 238.99689767455584 234.79873008846107 234.67290286142224 237.3700956135267 230.68100649724147 251.37794050342472 224.71150634954893 251.44051513971863 264.75894086952576 239.81067871769392 354.461178222929 229.94413383206347 235.64370419819397 254.14580805137803 241.99360376844697 242.4207930343673 250.94576672788617 240.5627353978084 240.54173567155976 231.18437283138155 228.8437446788057 244.311051844541 250.4775243618169 229.42747017538204 
214.25095955620145 238.99689766586516 234.79872851698156 234.67290284652654 237.37009471495003 230.68100649690723 251.3779404644647 224.71150632909075 251.4405145135761 264.7588842472478 239.81065036255814 354.461178222929 229.94413379466187 235.64370390562453 254.14580479638516 241.9936037600287 242.42075661312447 250.94576672767153 240.56273511786276 240.5417353935486 231.18437105155954 228.84374446345237 244.31105183425916 250.47752435825987 229.42746911477616 
214.25095858828536 238.9968976506775 234.79872810197912 234.6729028304594 237.37009423382005 230.68100649675216 251.37794045313103 224.71150621487277 251.44051442065165 264.7588804390716 239.81061650078664 354.461178222929 229.94413374182477 235.64370341209087 254.14580324138706 241.99360365177608 242.42074692611686 250.94576672745052 240.56273435077537 240.54173522529845 231.18436877502654 228.84374328545346 244.3110518230069 250.47752435377515 229.42746866105426 
214.2509572681679 238.99689763526294 234.79872791764 234.67290282255408 237.37009418721436 230.68100649649932 251.3779404415004 224.71150603926344 251.4405143664021 264.7588741411928 239.8105810866591 354.461178222929 229.94413372481176 235.6437008992898 254.14580218660512 241.99360351120276 242.42073892141434 250.94576672736775 240.56273292920105 240.5417348202809 231.1843663014556 228.84374197385887 244.31105180980967 250.47752434798895 229.4274674004132 
214.25095545129307 238.99689754969995 234.7987277692605 234.67290281726673 237.3700941618431 230.68100649602866 251.37794043842814 224.71150600688998 251.4405143097847 264.7588706745423 239.81054157521066 348.775774719933 229.94413371212067 235.6436974554258 254.145801230683 241.99360259796777 242.42072110384606 250.9457667273041 240.56272882680014 240.5417344142943 231.18436473910242 228.84374196038834 244.31105179813858 250.4775243421468 229.4274659796847 
214.25095523985783 238.99689729363308 234.7987277085549 234.67290280845555 237.37009414620843 230.68100649575217 251.37794043465237 224.71150598720578 251.44051417832907 264.7588684755051 239.8103824109271 348.47073248555944 229.9441337055141 235.64369715593375 254.14579982978876 241.9936015722078 242.4207073903708 250.94576672720495 240.56272458416515 240.54173414066463 231.184362994009 228.84374194609336 244.31105178618327 250.47752433568166 229.42746329246665 
214.25095497467737 238.99689589783384 234.79872764941592 234.67290277702705 237.37009413899705 230.68100649557482 251.37794043187023 224.71150597300357 251.4405141349921 264.75886620574784 239.8101611069178 348.47073248555944 229.9441336989462 235.64369700737961 254.14579538233647 241.99360134967355 242.42068937458635 250.94576672696758 240.5627245443443 240.54173364132294 231.1843621393482 228.8437419374386 244.31105178173493 250.47752433353253 229.42746140572126 
214.2509547942841 238.99689514026022 234.79872748085882 234.67290250294536 237.37009413367696 230.68100649519556 251.37794042438372 224.71150595513336 251.44051410933844 264.75886494894576 239.81009217739847 348.47073248555944 229.94413369499034 235.6436969467668 254.14579119712562 241.9936012058056 242.4206729534426 250.94576672691164 240.56272444940487 240.5417328493213 231.1843610655037 228.84374193254234 244.31105177646532 250.47752433217283 229.42745682698887 
214.25095447420608 238.99689507936773 234.79872731067962 234.67290221767917 237.37009412894395 230.68100649338112 251.3779404160705 224.71150589640774 251.44051407432926 264.75886343827324 239.8100862955057 348.47073248555944 229.94413368496407 235.64369692501577 254.14577609497428 241.9936005399495 242.42065691328753 250.94576672687344 240.56272436866493 240.5417299975452 231.18436055356733 228.8437419297502 244.31105177410018 250.47752433023516 229.42744660567587 
214.25095400723058 238.99689504856042 234.79872715047486 234.6729021344936 237.37009412291673 230.68100649325243 251.3779403887129 224.71150517533533 251.4405140185395 264.75886234033214 239.81007950153617 348.47073248555944 229.94413367272318 235.64369691072307 254.14576474830665 241.993598669947 242.42065012566536 250.94576672680205 240.56272422317033 240.5417217246577 231.18436025578194 228.84374192456562 244.31105177307018 250.47752432639618 229.42740951516498 
214.25095310708411 238.9968950401626 234.79872712844235 234.67290209951716 237.37009411404142 230.68100649314647 251.37794032566126 224.71150451659287 251.4405139763594 264.7588616875878 239.81007334875994 347.3337767340836 229.94413366919116 235.64369689836803 254.14575320209815 241.9935947588533 242.42063823146918 250.94576672664198 240.56272405118216 240.5417054935533 231.18436008524714 228.84374191942698 244.31105177242807 250.47752432466086 229.4273716990824 
214.2509525105711 238.99689503567242 234.79872710175232 234.67290209422072 237.37009409892698 230.68100649288453 251.3779402320074 224.71150431192245 251.44051393711288 264.75886041657395 239.81006344202478 345.83483846419676 229.94413366673507 235.64369688738952 254.1457395728412 241.9935923731291 242.42063469375626 250.94576672628727 240.56272400519902 240.5416843988628 231.18435988332521 228.84374191701227 244.31105177046493 250.47752432176367 229.4273609142183 
214.25095088584476 238.99689503265154 234.79872708831635 234.67290208945406 237.3700940880376 230.68100649187272 251.3779400646199 224.71150427039584 251.44051390265122 264.7588593600476 239.81005454631168 339.35984152343826 229.94413366367462 235.64369687858152 254.145721812361 241.9935904190056 242.4206274778735 250.94576672569383 240.56272399574164 240.54164432834068 231.18435974989598 228.84374191199777 244.3110517697569 250.4775243146414 229.42735629081244 
214.25094838050245 238.99689503040508 234.79872707734057 234.67290208582972 237.37009408270796 230.6810064913352 251.37793992908473 224.71150425544693 251.44051385745252 264.7588576549251 239.8100456341249 333.35953510565196 229.9441336587056 235.6436968685607 254.14571578771302 241.99358814347443 242.4205841401149 250.94576672426774 240.56272399276395 240.54160018762013 231.1843595494156 228.8437418955773 244.3110517689115 250.47752429946604 229.4273551810079 
214.25094786925638 238.99689502914407 234.79872707006007 234.67290208242048 237.37009406203015 230.68100649115513 251.3779397949529 224.71150423764993 251.4405138107827 264.7588535760988 239.8100330641946 330.93765031258135 229.9441336540699 235.64369685966585 254.14571443293244 241.99358438586523 242.4205239974881 250.94576672306312 240.56272398970987 240.54151274487322 231.18435943011673 228.8437418886292 244.3110517661812 250.47752422224903 229.42735389965446 
214.25094732692196 238.99689502828596 234.79872706549304 234.6729020808575 237.3700940314725 230.68100649092503 251.3779395567508 224.71150421819584 251.44051357273293 264.758838324065 239.81001755268653 328.53326711347836 229.94413364659886 235.64369684982012 254.14571380486132 241.99358412216452 242.41998603267984 250.9457667221518 240.56272398732244 240.54109893643317 231.18435931675413 228.843741886747 244.3110517652326 250.47752410941212 229.42735334480994 
214.25094708604593 238.99689502688625 234.79872706262586 234.67290207907035 237.370093898081 230.6810064908127 251.3779394984026 224.7115041840484 251.44051301912987 264.7587686020511 239.8100035015741 322.3956013735774 229.9441336439836 235.64369684508256 254.1457134761581 241.993584019046 242.41913912952123 250.94576672150652 240.56272397264001 240.53993426922625 231.1843592131395 228.84374188469246 244.31105176432447 250.47752406299196 229.42735324249725 
214.25094693742312 238.99689502631782 234.79872706062952 234.67290207727638 237.37009326957968 230.68100649075177 251.37793948230183 224.71150414961403 251.44051167058342 264.7584606048331 239.81000129412269 313.87641931901953 229.94413364311913 235.64369683598306 254.1457130393992 241.99358395105855 242.41880772179456 250.94576672094308 240.56272390912682 240.53927826142717 231.1843591272891 228.84374188173206 244.31105176282108 250.47752401568778 229.4273531541271 
214.25094674724687 238.99689502578622 234.79872705613343 234.67290207601354 237.37009156006798 230.68100649067992 251.37793946437068 224.7115041055922 251.4405112482691 264.75844457727453 239.80999756190886 305.98803613080554 229.94413364155344 235.64369681933476 254.14571266367966 241.99358391318674 242.41878025192636 250.9457667202937 240.56272379392112 240.53924964185762 231.18435899977203 228.84374188034235 244.31105176195024 250.47752400650006 229.4273530347782 
214.25094619588617 238.99689502492765 234.79872704708487 234.6729020753378 237.37007682142212 230.6810064905776 251.37793945371732 224.71150403413822 251.44051120293898 264.75843059365343 239.80999377964235 301.65749469998127 229.9441336399218 235.64369679057154 254.145712345618 241.99358388911423 242.41875607039174 250.94576671688264 240.5627236929713 240.53923615381427 231.18435896047822 228.84374187912908 244.31105176158053 250.47752400158652 229.42735292894258 
214.25094265095413 238.99689502428328 234.79872698630334 234.672902074793 237.3700490013066 230.68100649036023 251.37793944872874 224.71150397100382 251.44051113707656 264.7584212903339 239.8099886722025 297.83091370561533 229.9441336386999 235.64369676283832 254.14571194874225 241.9935838745164 242.41875236613123 250.94576669380785 240.5627233447167 240.53922324171344 231.1843589440664 228.84374187797584 244.31105176135497 250.47752399837054 229.427352378872 
214.25094217118203 238.99689502331876 234.7987265281863 234.67290207295628 237.36996410006668 230.68100649026928 251.37793944638452 224.7115039563273 251.44051096310386 264.75841527758894 239.80998352872894 295.7294296607315 229.94413363666536 235.64369673777355 254.145711380389 241.99358386205813 242.4187500461071 250.94576669321577 240.56272245990522 240.53921987891044 231.18435893275182 228.8437418771141 244.31105176088158 250.47752399752153 229.4273517953302 
214.25094175156892 238.99689502284855 234.7987255884227 234.67290207159886 237.3697339732248 230.68100649017015 251.37793944462783 224.71150394919368 251.44051080620739 264.7584121655118 239.80996195788657 293.33738925210946 229.94413363504827 235.64369671327313 254.14571010593636 241.99358385388996 242.41874828815253 250.94576669314029 240.5627205707856 240.53921781964937 231.18435892238222 228.84374187596268 244.31105175965922 250.47752399682986 229.42735173292158 
214.25094145061712 238.99689502235105 234.79871960255105 234.6729020703956 237.36924771596523 230.6810064897536 251.3779394439639 224.71150393882544 251.44051069114266 264.75840888073435 239.80990071867654 290.61093710547175 229.9441336335476 235.64369670379574 254.14570669410932 241.99358384811285 242.41874713848892 250.9457666929752 240.56271850124995 240.53921637765552 231.18435891315266 228.8437418747867 244.31105175709854 250.4775239963301 229.427351692304 
214.25094108112535 238.99689502189858 234.79870376255258 234.67290206895495 237.36924390214654 230.6810064884039 251.3779394425119 224.71150392965865 251.44051065914846 264.7584060938252 239.80989869950463 287.90267163912904 229.94413363068998 235.64369669997313 254.14570476685776 241.9935838438205 242.4187442675543 250.94576669291428 240.56271779352846 240.5392156473431 231.1843589013174 228.84374187297817 244.31105175389894 250.47752399568935 229.42735165768818 
214.2509406346876 238.9968950211496 234.798701229779 234.67290206490588 237.3692428450945 230.6810064860565 251.3779394409903 224.71150391828587 251.44051065199437 264.75840377612167 239.80989698902567 285.40547669266743 229.94413362555042 235.64369669668804 254.1456999197344 241.99358384027937 242.41873983551886 250.94576669287517 240.56271752832072 240.5392152131044 231.18435888393924 228.84374187224057 244.3110517486707 250.4775239953492 229.4273516219523 
214.25093946381412 238.99689501807325 234.79870099071877 234.67290205176505 237.36924073298496 230.68100648591872 251.37793943913994 224.71150390295998 251.44051064589485 264.7584024524185 239.80989602067393 283.40758657265997 229.94413361973784 235.64369669230655 254.1456886006249 241.99358383883964 242.41873644239104 250.9457666928438 240.56271741542741 240.5392149653162 231.1843588443735 228.8437418715871 244.31105173951482 250.47752399487126 229.4273515753498 
214.25093547021515 238.99689501577632 234.79870071831465 234.67290200100751 237.3692393398178 230.6810064858837 251.37793943744737 224.71150387711168 251.44051063953566 264.7583975314478 239.80989546997762 281.96550581130896 229.94413361203988 235.64369668822565 254.14567766054824 241.99358383805247 242.4187192563104 250.94576669280968 240.56271735510882 240.53921480783538 231.1843588131769 228.8437418708013 244.31105173796504 250.47752399429828 229.42735150621138 
214.25092918365954 238.99689501427838 234.79870013869777 234.67290199753006 237.36923486247406 230.68100648584277 251.37793943368388 224.71150387200305 251.44051063356346 264.7583533956663 239.80989477517505 280.98067879537984 229.94413359864438 235.6436966789638 254.14564734914484 241.99358383759773 242.41864664868808 250.94576669279013 240.5627173246662 240.53921473023274 231.18435877926004 228.84374186889727 244.3110517366199 250.47752399387628 229.42735148791053 
214.25092559401128 238.99689501016474 234.79869890080545 234.6729019963991 237.3692315827043 230.68100648582322 251.37793942793087 224.71150386470617 251.44051062633525 264.75822618181246 239.80989437231483 280.1613337963263 229.94413356346104 235.64369665044114 254.14559005315596 241.99358383740446 242.41858044429864 250.94576669272192 240.56271727490412 240.53921470602563 231.18435869214136 228.84374186573086 244.3110517346836 250.47752399340106 229.42735147803887 
214.25092325272408 238.99689500700606 234.79869839889216 234.6729019961449 237.36923073024946 230.6810064858082 251.37793942335293 224.71150385801457 251.4405106131394 264.7581926076691 239.8098938360631 279.7192754598 229.94413355624874 235.64369664150763 254.14547876562665 241.9935838372171 242.41855334298634 250.94576669259322 240.56271722799556 240.53921468499266 231.1843586542118 228.84374186464356 244.3110517206792 250.47752399293267 229.42735147468056 
214.250922342997 238.99689500428485 234.7986981522008 234.67290199598574 237.36922912687533 230.68100648579912 251.37793942158896 224.71150384223347 251.44051059500862 264.7581915043834 239.80989279551113 279.2342531291588 229.94413355454117 235.64369664017795 254.14547576650102 241.99358383695517 242.41850869363634 250.945766692319 240.56271708274244 240.5392146604231 231.1843586391451 228.84374186433342 244.31105167998112 250.47752399198134 229.42735147343592 
214.2509220073539 238.99689498924636 234.79869801494578 234.67290199570107 237.36922714441744 230.68100648579457 251.3779394210178 224.7115037758267 251.44051051621136 264.7581908580737 239.80989179983635 278.65420900924164 229.94413355395773 235.64369663906882 254.14547245506446 241.99358383666913 242.4184383979923 250.9457666916037 240.56271704121082 240.53921459518142 231.18435860714771 228.8437418631588 244.31105160850893 250.47752399085994 229.42735147119174 
214.25092154280264 238.99689493387632 234.79869785902838 234.67290199529907 237.36922454624073 230.68100648578593 251.37793941986365 224.71150373711998 251.44051039437954 264.75819063105337 239.80989100410397 277.69946780139117 229.94413355313782 235.64369663767957 254.14547088671088 241.99358383640356 242.4183697191711 250.94576669047547 240.56271700996513 240.53921454893543 231.18435857104532 228.84374186241348 244.31105130704645 250.47752399059345 229.42735146771793 
214.2509208174315 238.99689489665752 234.79869775858697 234.6729019950335 237.36922143318088 230.6810064857682 251.37793941829386 224.7115037295739 251.4405103452259 264.75819030735147 239.8098907863273 277.08849656018674 229.94413355225288 235.64369663606203 254.14546785412676 241.99358383615436 242.41805167471648 250.94576668668878 240.56271698101546 240.53921452824397 231.18435851274307 228.84374186222203 244.31105123481393 250.47752399043338 229.4273514645588 
214.25091936753643 238.9968948950791 234.79869762257067 234.67290199463378 237.3692167260756 230.68100648574227 251.3779394157864 224.711503727327 251.440510275796 264.75818978227016 239.809889870407 275.93088966204687 229.94413355143297 235.64369663536445 254.14546498369418 241.993583835786 242.41692818904312 250.94576668029185 240.56271692520204 240.5392145128003 231.1843584863136 228.8437418618505 244.31105120796929 250.47752399001774 229.42735146389577 
214.25091014380723 238.99689489481625 234.79869740231652 234.67290199449235 237.3692090223667 230.68100648573636 251.37793941297514 224.71150372312468 251.44051024172995 264.75818956959256 239.80988880528002 275.6434216851867 229.94413355127745 235.6436966346305 254.1454608844365 241.99358383511708 242.41681944171205 250.94576667197498 240.56271667974443 240.53921449956397 231.18435848191575 228.84374186073228 244.31105120526854 250.47752398969214 229.42735146354562 
214.2508402790022 238.99689489462344 234.7986971833884 234.67290199428544 237.36920454215715 230.68100648573363 251.3779394123103 224.71150371981548 251.440510236891 264.7581893090355 239.809888247677 275.4542584442929 229.94413355117422 235.64369663415027 254.1454587371054 241.99358383433128 242.41675457544534 250.94576667063393 240.56271638218686 240.53921448209394 231.18435847576166 228.84374186003834 244.31105120174152 250.477523989598 229.42735146330278 
214.2505402221118 238.99689489431876 234.79869698447465 234.67290199391027 237.36919447206492 230.68100648573045 251.3779394119033 224.7115037169806 251.44051022573512 264.7581882186605 239.8098869608334 275.27879116098256 229.9441335510246 235.64369663322668 254.14545456907672 241.99358383402432 242.41670167951452 250.94576667055344 240.5627161314069 240.53921446849972 231.1843584703488 228.8437418597423 244.31105120044867 250.47752398944885 229.4273514627548 
214.25052118576423 238.99689489371667 234.79869686035408 234.67290199314175 237.36919247851893 230.68100648573 251.37793941168184 224.71150370924988 251.44051021729956 264.75818768675254 239.8098834323455 274.94404571863697 229.94413355076267 235.64369663257003 254.14545311940446 241.99358383364688 242.41668769741818 250.94576667049705 240.5627157986305 240.5392144580578 231.18435846263537 228.84374185960314 244.3110511993582 250.47752398923785 229.42735146178939 
214.25051982112927 238.9968948921255 234.79869684196092 234.67290199301533 237.36919164663504 230.68100648573 251.3779394114681 224.71150369435782 251.44051021230007 264.75818761033133 239.8098823975206 274.76651054708736 229.94413355038614 235.64369663165735 254.14545257414647 241.99358383319714 242.416680903229 250.9457666704402 240.56271438427075 240.53921444952584 231.18435845293152 228.84374185938714 244.31105119738186 250.47752398866214 229.42735146093764 
214.25051970517643 238.9968948887563 234.79869683141578 234.67290199292665 237.36919139675774 230.68100648572863 251.3779394113849 224.71150364297455 251.4405102030919 264.7581875749861 239.80988218955417 274.65575951897245 229.94413355031793 235.6436966307433 254.14545216957686 241.99358383293293 242.41667151800493 250.94576667038336 240.56270984065486 240.53921443112267 231.1843584246417 228.84374185910337 244.31105119307722 250.47752398689272 229.4273514598308 
214.25051957384494 238.99689488170043 234.79869681555738 234.6729019925342 237.36919107813674 230.68100648572636 251.37793941119162 224.7115036231262 251.4405101631537 264.7581875437568 239.80988136501264 274.5900694087841 229.94413355009874 235.64369663034404 254.1454519566082 241.99358383284243 242.4166529289355 250.94576667034562 240.56270955374612 240.5392144161474 231.1843583702048 228.84374185866682 244.31105118743244 250.4775239861092 229.4273514595975 
214.2505194907153 238.9968948810956 234.79869680384945 234.6729019920681 237.36919067473036 230.68100648572636 251.37793941108248 224.7115035788638 251.4405100814738 264.7581875218493 239.8098796468562 274.559325892345 229.94413354943117 235.64369662970603 254.1454517671864 241.99358383270328 242.4166112992043 250.94576667032288 240.56270946731956 240.53921437991266 231.18435829047803 228.84374185768866 244.31105117675543 250.47752398578587 229.42735145949564 
214.2505194443288 238.99689488045442 234.79869679209514 234.67290199121817 237.36918998713554 230.68100648572636 251.37793941090285 224.71150350520566 251.4405100695908 264.7581874847119 239.80987833891004 274.5160969939211 229.94413354771405 235.64369662848912 254.1454515655637 241.99358383262916 242.41656878073718 250.94576667031197 240.56270922784597 240.53921431485378 231.18435814397571 228.84374185550405 244.31105117081597 250.47752398564307 229.42735145938968 
214.25051919773432 238.99689488024342 234.79869677768193 234.67290199069885 237.36918962413483 230.6810064857259 251.37793941058817 224.71150327888108 251.44051006506834 264.7581874064067 239.80987676418135 274.46936748071175 229.9441335468996 235.64369662593253 254.14545116235468 241.99358383257913 242.41648290256353 250.94576667028878 240.56270838378623 240.539214295919 231.18435813913266 228.84374185518845 244.3110511677378 250.47752398548846 229.42735145913002 
214.2505191235423 238.99689488002468 234.79869673515168 234.67290198973433 237.3691894461399 230.68100648572545 251.37793941006476 224.71150282569442 251.44051005761776 264.7581873684485 239.80987180015927 274.4373647365892 229.94413354622202 235.64369661601268 254.14545041645897 241.9935838325141 242.4164149218418 250.9457666702583 240.56270786895539 240.53921428695458 231.1843581374642 228.8437418551125 244.3110511649611 250.47752398503053 229.42735145899678 
214.250519075385 238.9968948799342 234.79869669847267 234.67290198783758 237.36918930343654 230.681006485725 251.3779394095659 224.71150041233932 251.44051004825678 264.7581873514123 239.80982288190125 274.3737126123797 229.94413354468816 235.6436965703174 254.14544911839448 241.99358383240133 242.41635755285643 250.94576667023284 240.56270771038635 240.53921427912155 231.18435813476663 228.84374185499337 244.31105115465334 250.47752398436205 229.42735145880215 
214.25051905224245 238.99689487984324 234.79869664592252 234.6729019874865 237.3691891667795 230.68100648572454 251.37793940947313 224.71149425447948 251.44051003003733 264.75818734402037 239.80960853860097 274.06826073958564 229.94413354312337 235.64369640631367 254.14544722207074 241.9935838322367 242.41631743923972 250.94576667018737 240.56270760585357 240.5392142698438 231.18435813301085 228.8437418548001 244.31105111238048 250.4775239837818 229.4273514581414 
214.25051901236884 238.99689487971 234.7986965717273 234.6729019872446 237.36918911341763 230.68100648572408 251.37793940943357 224.71147776092903 251.44051002371725 264.7581873330191 239.80919026198353 273.3331650605528 229.94413354189055 235.64369597915766 254.1454431288562 241.99358383202798 242.4163018980521 250.94576667013553 240.56270753766012 240.53921426391616 231.18435813072074 228.84374185470642 244.31105091495556 250.47752398345347 229.42735145764755 
214.25051897281082 238.99689487957585 234.7986963015519 234.67290198708088 237.36918898387512 230.68100648572272 251.37793940941083 224.71147720265935 251.440510020082 264.7581873188901 239.80830883703948 271.08555107411667 229.944133538821 235.6436959415837 254.1454320316043 241.99358383159415 242.41628471656986 250.94576666998364 240.56270741921298 240.53921425896488 231.18435812998632 228.84374185446813 244.31104980841928 250.47752398331795 229.42735145629558 
214.25051879478724 238.9968948793544 234.79869622403658 234.6729019870154 237.36918887767433 230.68100648571908 251.37793940938627 224.7114771710235 251.44051001757543 264.7581872839137 239.80027395537945 271.0569996558411 229.9441335316551 235.64369593534502 254.14543116335471 241.9935838299093 242.4162644623725 250.94576666980856 240.56270736688202 240.53921425568797 231.18435812892722 228.84374185420847 244.31104802734944 250.47752398316152 229.4273514451288 
214.25051842291487 238.99689487929572 234.79869619565488 234.67290198692126 237.36918877355083 230.6810064856968 251.3779394093649 224.71147715536154 251.44051000390346 264.7581872041519 239.79996961694405 271.032635374042 229.94413352293805 235.64369593214633 254.1454291725231 241.99358382459695 242.41625663210107 250.94576666979083 240.56270733449992 240.5392142518208 231.18435812827784 228.8437418541339 244.31104795362535 250.47752398288958 229.42735141640333 
214.25051450901947 238.9968948792707 234.79869618752582 234.67290198679166 237.36918855570548 230.68100648567633 251.3779394093417 224.71147714014023 251.44050992732127 264.75818714905245 239.79923030027385 271.0213744857838 229.94413351769253 235.64369592811227 254.1454277483449 241.99358380501644 242.41625116282694 250.9457666697681 240.5627073126093 240.53921423737484 231.1843581275789 228.84374185411707 244.31104794318162 250.47752398229886 229.42735136673764 
214.25051116438271 238.99689487925798 234.79869618314433 234.67290198632372 237.3691880116412 230.68100648567543 251.37793940932943 224.71147713579012 251.44050992449866 264.7581871115258 239.7985144366171 271.0087110022969 229.94413350694322 235.64369592595403 254.145427428753 241.99358371810922 242.41624659085528 250.94576666967896 240.56270722478757 240.5392142129076 231.18435812612233 228.84374185407114 244.31104793791974 250.47752398159037 229.42735136624788 
214.25050387564943 238.99689487925298 234.79869618109615 234.67290198515457 237.3691877855681 230.68100648567452 251.3779394093126 224.71147713078835 251.44050991806944 264.7581871006714 239.79787286882765 270.9863383998668 229.94413350542345 235.643695923834 254.14542721999396 241.9935836869936 242.41624351165046 250.9457666694807 240.5627071386807 240.53921417885795 231.1843581249691 228.84374185404022 244.3110479349698 250.47752398071725 229.42735136555075 
214.2504966703118 238.9968948792457 234.79869617937493 234.67290198392448 237.3691877451788 230.68100648567452 251.37793940930624 224.71147712420543 251.44050990904134 264.7581870851054 239.79763667961106 270.8971636498309 229.94413350499508 235.64369592172488 254.14542702631343 241.9935836856671 242.4162397914024 250.94576666907233 240.56270693275974 240.53921417574657 231.1843581228236 228.84374185399338 244.31104792991528 250.4775239793944 229.4273513634771 
214.2504959981843 238.99689487924206 234.79869617752684 234.67290198208957 237.36918769730255 230.68100648567406 251.3779394092885 224.7114771138572 251.44050989522975 264.7581870743811 239.7975561786743 270.85568016532716 229.94413350481318 235.64369591947707 254.14542696229773 241.99358368538697 242.41623120435088 250.94576666877356 240.56270686640437 240.5392141744128 231.18435812180405 228.84374185396655 244.31104791599273 250.47752397833256 229.42735135519433 
214.25049517908838 238.99689487923615 234.79869617522854 234.67290198004184 237.3691876668022 230.6810064856736 251.37793940927304 224.71147707553928 251.44050987813262 264.7581870618901 239.79748109925185 270.8296767067177 229.9441335047377 235.64369591646164 254.14542677286863 241.99358368528283 242.4162010219893 250.94576666845387 240.5627068389049 240.53921417266838 231.18435812075768 228.84374185395518 244.31104789753226 250.4775239778637 229.42735135273824 
214.25049421197537 238.99689487922888 234.79869616825772 234.6729019799136 237.36918761766856 230.68100648567315 251.3779394092594 224.71147707304226 251.4405098636753 264.7581870586673 239.7974419096281 270.82007406931916 229.94413350457626 235.64369590918614 254.14542663718112 241.99358368526146 242.4161753580097 250.945766667915 240.56270682499644 240.53921417060292 231.18435812013513 228.84374185393017 244.31104786032256 250.4775239776809 229.4273513444964 
214.25049367387874 238.99689487920114 234.7986961459842 234.6729019798354 237.3691875664049 230.68100648567315 251.37793940920892 224.71147707200407 251.44050985469312 264.7581870538329 239.79740539504928 270.81492288140726 229.94413350446484 235.6436959040666 254.14542651333477 241.99358368525327 242.41614548249527 250.9457666673934 240.5627068041017 240.53921416880485 231.18435811965992 228.84374185390834 244.31104784402805 250.47752397762633 229.42735132592543 
214.25049264409608 238.99689487914839 234.79869611799222 234.67290197977263 237.36918747786785 230.68100648567224 251.37793940917663 224.71147707098544 251.44050984456453 264.7581870490076 239.7973990986161 270.8117678881049 229.94413350442574 235.6436958996046 254.14542638134844 241.99358368524372 242.41609572682955 250.94576666689045 240.56270679611134 240.53921416066078 231.1843581180965 228.84374185376055 244.31104783133878 250.4775239776045 229.42735125430818 
214.25049145261028 238.99689487912337 234.79869611734193 234.67290197969305 237.36918739309522 230.68100648567042 251.37793940897018 224.71147706958664 251.44050984135993 264.75818704508356 239.79739602222844 270.80812282115494 229.9441335043516 235.64369588503723 254.14542623286252 241.99358368523554 242.41595562386556 250.94576666646435 240.56270679159388 240.53921412777117 231.18435810820347 228.84374185362503 244.31104782809598 250.4775239775472 229.42735114947027 
214.2504908750202 238.99689487911246 234.79869611597042 234.67290197967213 237.36918693144617 230.68100648566588 251.37793940568508 224.71147706741704 251.44050983906482 264.7581870352883 239.797392576309 270.79821333082054 229.94413350398872 235.64369587524516 254.14542609156842 241.9935836852237 242.4157516156647 250.94576666497824 240.56270678816963 240.53921406135305 231.18435810091069 228.84374185345223 244.31104782453667 250.47752397751265 229.42735102763163 
214.25049076514415 238.99689487908654 234.79869611495133 234.67290197963302 237.3691855275183 230.68100648565814 251.3779394044791 224.71147705873773 251.44050983783654 264.7581870258973 239.79738954270397 270.7764596645379 229.94413350075092 235.64369587063993 254.14542577003158 241.99358368519597 242.41546943827325 250.9457666640069 240.56270678664077 240.53921405491565 231.18435807322476 228.8437418532012 244.31104779536008 250.47752397747172 229.4273508457095 
214.2504907017278 238.9968948789683 234.79869611419826 234.6729019796212 237.36918543616093 230.6810064856527 251.3779394044359 224.71147696757816 251.44050983664374 264.75818700844866 239.79738242886515 270.75213081388074 229.94413348733406 235.64369586694875 254.14542565732427 241.9935836851555 242.41520478010125 250.94576666314924 240.56270678550072 240.53921402037486 231.18435800487396 228.84374185247862 244.31104776718666 250.47752397744443 229.4273508111587 
214.25049067011923 238.996894878474 234.79869611345248 234.6729019795962 237.36918523874465 230.6810064856436 251.3779394043563 224.71147666995557 251.44050983531997 264.7581869675514 239.79736212264697 270.56758891538584 229.9441334853268 235.64369586316388 254.1454255725953 241.9935836850732 242.41334121784803 250.9457666629496 240.56270678462806 240.53921382106637 231.18435735549429 228.84374185227352 244.31104776501434 250.47752397743352 229.4273508045144 
214.25049057706292 238.99689487738533 234.79869611031108 234.6729019795648 237.3691844011746 230.68100648563905 251.3779394043072 224.71147659006965 251.4405098349671 264.7581869181049 239.79731735121322 270.2021670381332 229.94413348528315 235.6436958623649 254.14542552460262 241.9935836847967 242.41151621814834 250.9457666629046 240.56270678242208 240.53921297801435 231.1843501843332 228.8437418522035 244.3110477565774 250.4775239774226 229.42735079653903 
214.25049042866794 238.9968948749588 234.79869610201968 234.67290197955663 237.36918266437578 230.68100648559948 251.37793940404754 224.7114765778374 251.44050983448142 264.7581868883335 239.79719676187506 269.6415588997961 229.9441334852645 235.64369585960594 254.14542545332733 241.99358368285402 242.40946531103418 250.94576666287003 240.5627067799869 240.5392066152849 231.18432835054136 228.84374185202296 244.31104775540234 250.47752397741897 229.4273507868984 
214.25049033842697 238.99689487010846 234.79869602341432 234.67290197954298 237.36918238853877 230.68100648489144 251.3779394033013 224.71147657345546 251.44050983403304 264.75818674735183 239.79717713882155 269.55862012611124 229.94413348517446 235.64369585766053 254.14542536511135 241.9935836801492 242.40711887743282 250.94576666285184 240.5627067787841 240.53914732100066 231.18423266037598 228.84374185132447 244.31104775499716 250.47752397741579 229.42735078151145 
214.2504901647776 238.99689482419444 234.798695874008 234.67290197952934 237.36918236675683 230.68100648096924 251.37793940070287 224.71147657119081 251.44050983378156 264.7581861544745 239.79717481356192 269.54430355079285 229.9441334851358 235.64369585554687 254.14542529491973 241.99358368000412 242.40704745595121 250.9457666628373 240.5627067782275 240.53913542218743 231.1842192837844 228.8437418512808 244.31104775473887 250.47752397741306 229.42735077808038 
214.25048999218052 238.99689444009528 234.7986957384437 234.67290197948523 237.36918233408096 230.68100647703386 251.37793939467838 224.71147656798485 251.4405098336365 264.7581831273301 239.7971725660327 269.53668079291356 229.94413348509943 235.64369585272243 254.14542525277284 241.99358367995546 242.40700479150973 250.94576666282046 240.5627067779783 240.53913514942133 231.18421875133845 228.84374185126444 244.3110477544942 250.4775239774117 229.42735077238694 
214.25048985293006 238.99689359640524 234.79869571596691 234.67290197941202 237.3691822980586 230.68100645872755 251.37793938916366 224.71147656415178 251.4405098333723 264.75817232215286 239.79717024597494 269.5297337269644 229.94413348505623 235.64369585002578 254.14542522913007 241.99358367992 242.40698975589066 250.9457666628109 240.56270677745442 240.5391350435798 231.1842187018583 228.84374185124489 244.31104775426456 250.4775239774117 229.42735076642248 
214.25048961150287 238.99689357816442 234.7986956869795 234.67290197921966 237.36918223854536 230.68100644163087 251.37793937835067 224.71147656230914 251.44050983324632 264.7581415827667 239.79716920007832 269.5276401264364 229.94413348498892 235.64369584914448 254.1454252185399 241.99358367987452 242.40690907843327 250.94576666280363 240.5627067745445 240.53913498456677 231.18421869104714 228.84374185123352 244.31104775399353 250.47752397741078 229.4273507596945 
214.25048948945687 238.9968935426282 234.79869561894748 234.67290197852708 237.36918219916834 230.68100644162405 251.3779393678392 224.71147655931418 251.44050983317447 264.7580943258022 239.7971686166038 269.52528187651933 229.94413348494936 235.64369584833366 254.14542521016529 241.9935836798477 242.40690205881856 250.94576666279636 240.56270675987344 240.53913496446785 231.18421868721225 228.8437418512217 244.31104775350605 250.47752397740987 229.42735075715837 
214.2504894530548 238.99689352672067 234.79869536495653 234.67290197844932 237.36918217732455 230.68100644161132 251.37793935240597 224.71147654552306 251.44050983306443 264.7580932198921 239.79716780208037 269.5238460398955 229.94413348493572 235.643695847029 254.14542519101997 241.99358367983814 242.40689908262812 250.94576666278908 240.5627067573855 240.53913494486414 231.18421868500718 228.8437418512135 244.31104775275253 250.47752397740987 229.4273507555995 
214.25048941455998 238.99689349608843 234.7986926557378 234.67290197839657 237.3691821614384 230.68100644160677 251.3779393091745 224.71147649916657 251.44050983291936 264.7580931484322 239.7971664856168 269.523172918206 229.9441334848898 235.64369584433325 254.14542515454787 241.99358367983677 242.40689747909983 250.94576666277953 240.56270675473525 240.53913493594973 231.18421868215 228.84374185120578 244.31104775200902 250.47752397740896 229.42735075498513 
214.2504893954797 238.99689345428806 234.7986719153496 234.67290197831016 237.3691821540092 230.68100644160586 251.37793925564256 224.71147635666466 251.44050983273883 264.75809311256944 239.79716221021135 269.52223163952385 229.94413348486705 235.64369583888265 254.14542513391325 241.99358367983677 242.40689657039047 250.94576666276453 240.56270675315454 240.53913492075344 231.18421868046062 228.8437418511885 244.31104775109816 250.4775239774067 229.4273507532307 
214.25048938065856 238.99689344204035 234.79852349387465 234.67290197820785 237.36918214083425 230.68100644160404 251.3779391870503 224.71147491693637 251.44050983249417 264.75809308413136 239.797143380109 269.5198252153191 229.9441334848475 235.64369583841062 254.14542508228442 241.99358367983677 242.4068954466793 250.94576666274088 240.5627067472892 240.53913488999387 231.18421867883808 228.84374185106935 244.311047750753 250.47752397739941 229.42735075025666 
214.25048935105042 238.9968934307426 234.79845793715594 234.67290197803777 237.369182105439 230.68100644160222 251.37793917701947 224.7114682597835 251.44050983174566 264.75809294234614 239.79710725516816 269.51268156176775 229.94413348480612 235.6436958381014 254.1454250695101 241.99358367983677 242.40689331321164 250.94576666271996 240.56270673817562 240.539134873276 231.18421867773986 228.84374185104753 244.31104775067251 250.47752397739532 229.4273507475782 
214.25048921564667 238.99689341885414 234.79845716705086 234.67290197764123 237.3691820633203 230.68100644160222 251.37793916193095 224.71145831865306 251.44050983162015 264.75809261282393 239.79691174614845 269.5114785012506 229.94413348466696 235.64369583789176 254.1454250616216 241.99358367983268 242.40689140593167 250.94576666263765 240.56270671926723 240.53913487030195 231.1842186766071 228.8437418510407 244.31104775049153 250.47752397738714 229.4273507249436 
214.2504891149497 238.9968933916175 234.7984565988686 234.67290197342027 237.36918205106986 230.68100644160222 251.3779391604021 224.711437924871 251.4405098314769 264.7580925735556 239.7965352915253 269.51092659284996 229.94413348463104 235.64369583765074 254.14542506077578 241.99358367979994 242.40688859464262 250.94576666247303 240.5627066806278 240.53913486730016 231.18421867387178 228.84374185102843 244.31104775012227 250.4775239773735 229.42735069697255 
214.25048888721676 238.99689337629025 234.79845609152062 234.6729019619279 237.3691820449444 230.68100644160222 251.37793915835618 224.711437711705 251.44050983140778 264.75809256398134 239.79418630377677 269.5099291018869 229.94413348462695 235.64369583729376 254.14542505592453 241.99358367968398 242.40687773089303 250.94576666211742 240.56270667946364 240.5391348654307 231.18421867023335 228.84374185100478 244.31104774995583 250.47752397733802 229.42735065812894 
214.2504884468185 238.99689336997153 234.79845578058485 234.67290187153958 237.3691820418503 230.68100644160222 251.37793915620796 224.71143763673854 251.44050983134912 264.7580925424704 239.78222759964365 269.5081901936028 229.94413348462558 235.6436958370382 254.14542505505142 241.99358367962714 242.40687352285795 250.94576666203966 240.56270667838317 240.53913486067813 231.1842186691374 228.84374185099114 244.31104774966843 250.47752397733484 229.42735064965746 
214.2504874504416 238.99689335242556 234.79845481603206 234.6729017632715 237.36918203828645 230.68100644160222 251.37793915368775 224.71143753048545 251.44050983122634 264.75809252345425 239.76298337617663 269.5057057073691 229.94413348462103 235.64369583694133 254.14542505430336 241.99358367962577 242.40687280059683 250.94576666201237 240.56270667743956 240.5391348494104 231.18421866902463 228.84374185097386 244.31104774892992 250.47752397733302 229.42735064580347 
214.25048738306623 238.9968933343398 234.79845297457632 234.6729017619541 237.36918203510277 230.68100644160222 251.37793914109443 224.7114368491657 251.44050983118223 264.7580925121856 239.76276215096595 269.50009498518193 229.9441334846042 235.64369583679127 254.1454250513898 241.99358367962395 242.406872219256 250.94576666198918 240.56270667595072 240.53913476636035 231.18421866868084 228.84374185096385 244.31104774753567 250.47752397733166 229.42735064435328 
214.25048736645567 238.99689332839762 234.79845120035316 234.67290176141023 237.369182030091 230.68100644160222 251.37793913391306 224.71143604174313 251.44050983110128 264.7580925023949 239.76255452245414 269.4841765620404 229.94413348459193 235.6436958363638 254.1454250306897 241.99358367962122 242.40687162164977 250.945766661971 240.5627066671468 240.53913413410191 231.184218668232 228.84374185095112 244.31104774444975 250.47752397732984 229.427350643512 
214.2504873408975 238.99689330315232 234.79845069178646 234.6729017607713 237.36918202569495 230.68100644160222 251.37793912873576 224.71143597912487 251.44050983108536 264.7580924905401 239.76238578964922 269.48307678445553 229.94413348458602 235.6436958359409 254.1454246606504 241.9935836796185 242.40687082878048 250.94576666189414 240.56270663407258 240.53913264236962 231.1842186676904 228.84374185094248 244.31104773819607 250.47752397732893 229.42735064214912 
214.25048731223387 238.9968932833599 234.7984503251114 234.67290175865674 237.3691820243239 230.68100644160222 251.3779391258836 224.71143592611452 251.44050983104034 264.75809248275755 239.7616013009042 269.48272918475914 229.9441334845842 235.64369583459256 254.14542348560872 241.99358367961577 242.4068706162061 250.94576666188823 240.56270663185524 240.53913213458372 231.18421866755398 228.8437418509343 244.31104773810785 250.4775239773271 229.42735064105727 
214.25048730200297 238.99689327637407 234.7984496711324 234.67290175440212 237.36918202211655 230.68100644160222 251.377939125583 224.71143587125562 251.44050983085663 264.75809246888 239.7614005144569 269.4822166089698 229.94413348458193 235.64369583396365 254.14542280673777 241.99358367961213 242.40687036550935 250.94576666188414 240.56270663015903 240.53913198498458 231.18421866750396 228.84374185091792 244.31104773805873 250.47752397732484 229.42735064048338 
214.25048729162017 238.99689327507804 234.79844949961353 234.67290175174412 237.36918201997878 230.68100644160222 251.37793912527377 224.71143566862247 251.440509830662 264.758092466177 239.76118998634956 269.48171912038197 229.9441334845801 235.643695833719 254.14542272304152 241.99358367961213 242.4068699690538 250.94576666187413 240.5627066299171 240.5391318918978 231.18421866744484 228.843741850887 244.3110477380078 250.47752397731392 229.42735063996906 
214.2504872760478 238.99689327462647 234.79844937284088 234.672901751494 237.36918199050706 230.68100644160222 251.37793912508278 224.71143457645348 251.44050983058332 264.75809246420977 239.76112190266485 269.4814967257762 229.9441334845783 235.6436958335703 254.14542266478838 241.99358367961167 242.40686951512134 250.94576666186595 240.56270662962424 240.53913188799152 231.18421866731842 228.84374185084926 244.3110477379637 250.47752397728163 229.42735063894497 
214.25048726220075 238.9968932740021 234.7984493078675 234.67290175107973 237.3691819402784 230.68100644160222 251.37793912495363 224.71143393008424 251.44050983057468 264.7580924616559 239.76110485103345 269.4809007329345 229.944133484571 235.64369583341977 254.14542251146258 241.99358367960804 242.40686805085397 250.9457666618482 240.56270662943143 240.53913188440947 231.1842186671838 228.84374185083516 244.31104773791503 250.47752397720888 229.4273506377167 
214.25048725596298 238.99689327335682 234.79844927446766 234.67290175088874 237.3691819076921 230.68100644160222 251.37793912490724 224.71143386378117 251.44050983057332 264.7580924603394 239.7610969835041 269.47906931649595 229.944133484546 235.64369583322878 254.14542213414552 241.9935836795944 242.4068671644909 250.94576666181501 240.56270662904763 240.5391318777124 231.1842186667136 228.84374185083107 244.31104773776724 250.477523977112 229.42735063724967 
214.2504872423906 238.9968932731017 234.7984492532678 234.67290175077142 237.36918189120388 230.68100644160222 251.3779391246826 224.7114337029384 251.44050983057332 264.758092458339 239.76108879000867 269.4742524052608 229.944133484516 235.64369583279813 254.14542124891477 241.99358367950845 242.40686703927759 250.94576666178318 240.56270662828683 240.53913186375803 231.1842186662434 228.84374185082834 244.3110477371947 250.47752397705017 229.4273506368263 
214.25048723227428 238.9968932727852 234.79844920477626 234.67290175067455 237.36918188426807 230.68100644160222 251.377939124181 224.7114336456707 251.44050983057195 264.75809245741493 239.76107547867832 269.4549366005135 229.9441334844496 235.6436958326849 254.1454191286989 241.99358367945388 242.40686688630512 250.94576666177727 240.56270662730503 240.53913183156965 231.1842186662161 228.84374185081697 244.31104773577954 250.47752397704335 229.42735063663758 
214.25048721931216 238.99689327204533 234.798449140706 234.6729017505486 237.36918188221262 230.68100644160222 251.3779391240596 224.71143362255862 251.4405098305715 264.7580924561321 239.76099092772165 269.44013846345933 229.94413348431 235.64369583262123 254.1454189789688 241.9935836793461 242.40686670905006 250.94576666177545 240.56270662680345 240.53913180799918 231.18421866614744 228.84374185080787 244.3110477338205 250.4775239770388 229.42735063647024 
214.25048720899122 238.99689327147735 234.79844910148722 234.67290175030985 237.36918188123855 230.68100644160222 251.37793912403322 224.7114336160339 251.4405098305706 264.75809245228584 239.76053435445738 269.4393438121606 229.94413348268563 235.6436958325762 254.1454189615065 241.99358367934428 242.40686579534258 250.94576666177545 240.5627066264824 240.5391317953322 231.1842186660956 228.84374185080515 244.31104773334982 250.47752397702698 229.4273506362606 
214.25048719728375 238.99689327106807 234.79844901613615 234.67290174983782 237.36918187672563 230.68100644160222 251.37793912401094 224.71143361172335 251.4405098305706 264.7580924363551 239.7604391510422 269.43915665383474 229.9441334819353 235.64369583255166 254.14541895418824 241.99358367934383 242.40686239227261 250.94576666177545 240.56270662537372 240.53913177103914 231.1842186658937 228.84374185080242 244.3110477330697 250.47752397699105 229.42735063550072 
214.25048718459175 238.99689327098577 234.7984487951553 234.67290174972413 237.36918186402772 230.68100644160222 251.37793912397592 224.71143360723408 251.4405098305706 264.75809241100615 239.7604315680851 269.4364880530875 229.9441334819112 235.64369583249936 254.14541894733748 241.99358367934383 242.40684228494638 250.94576666177545 240.5627066230395 240.53913174961554 231.1842186657659 228.84374185080196 244.3110477329319 250.47752397691056 229.42735063496548 
214.25048717911523 238.99689327083343 234.79844860476032 234.6729017496532 237.3691818579664 230.68100644160222 251.37793912393818 224.71143360476935 251.4405098305706 264.75809241017123 239.7604210762497 269.4308176563527 229.94413348187754 235.64369583246435 254.14541894423974 241.99358367934383 242.40678901792444 250.94576666177545 240.56270661920462 240.5391317407716 231.18421866573908 228.8437418508015 244.31104773290008 250.4775239764822 229.42735063262035 
214.25048717782192 238.99689327053375 234.79844854940075 234.67290174960362 237.36918185743025 230.68100644160222 251.37793912391544 224.7114336024988 251.4405098305706 264.7580924097151 239.76041705725947 269.42898877359767 229.94413348184344 235.64369583241432 254.14541894247895 241.99358367934383 242.40677756697778 250.94576666177545 240.5627065387548 240.53913173847832 231.18421866569543 228.8437418508006 244.31104773287734 250.47752397608065 229.42735062034035 
214.2504871767287 238.99689326982752 234.79844853273016 234.67290174956725 237.3691818569564 230.68100644160222 251.37793912387315 224.71143359581856 251.4405098305706 264.7580924093463 239.760415823735 269.4274767145116 229.94413348181934 235.6436958323543 254.14541894037075 241.99358367934383 242.406701370257 250.94576666177545 240.5627060595516 240.53913173302362 231.18421866566496 228.8437418508006 244.31104773284142 250.47752397379008 229.42735059379402 
214.25048717613026 238.99689326894622 234.79844850075278 234.67290174952632 237.3691818557886 230.68100644160222 251.3779391238486 224.71143358989457 251.44050983056923 264.7580924088502 239.76041417187525 269.42385963014203 229.94413348180206 235.64369583228245 254.14541893725254 241.99358367934383 242.40651004259962 250.94576666177545 240.56270283800177 240.53913172588727 231.18421866563222 228.8437418508006 244.31104773281731 250.47752396590977 229.42735050309557 
214.25048717552363 238.9968932681586 234.7984484849826 234.67290174949267 237.36918185384548 230.68100644160222 251.3779391238345 224.7114335799797 251.44050983056923 264.75809240832496 239.7604100023973 269.41063063812135 229.94413348179296 235.64369583206462 254.14541893384194 241.99358367934383 242.4063041334507 250.94576666177545 240.56269171898884 240.53913172403782 231.18421866560766 228.8437418508006 244.31104773279458 250.47752394758163 229.42735001971778 
214.25048717348045 238.99689326809084 234.79844846854485 234.6729017494572 237.36918185033073 230.68100644160222 251.3779391238263 224.71143355542654 251.4405098305674 264.7580924075073 239.76040244726073 269.3894357565905 229.94413348177522 235.6436958313593 254.14541892683155 241.99358367934383 242.4062199488326 250.94576666177545 240.5626821759888 240.53913172253442 231.1842186655058 228.8437418508006 244.31104773278366 250.47752391701124 229.4273482599683 
214.25048717099935 238.99689326807948 234.79844845882326 234.67290174937898 237.3691818440011 230.68100644160222 251.37793912381903 224.71143347336874 251.44050983056468 264.7580924074009 239.76038582885485 269.36898203107467 229.94413348173703 235.64369583064445 254.14541892204443 241.99358367934383 242.4062162687551 250.94576666177545 240.5626747126853 240.5391317206586 231.1842186654294 228.8437418508006 244.31104773277548 250.47752389385732 229.4273467833973 
214.25048717038317 238.99689326806538 234.7984484445683 234.67290174895697 237.36918183665694 230.68100644160222 251.37793912381312 224.71143342884352 251.4405098305574 264.7580924072745 239.7603821138182 269.3532588872845 229.944133481652 235.64369583051212 254.14541891711906 241.99358367934383 242.40621474956424 250.94576666177545 240.56267459524588 240.5391317181643 231.18421866523659 228.8437418508006 244.31104773276957 250.47752343756747 229.4273466290565 
214.25048716939 238.99689326805947 234.79844843322235 234.67290174825666 237.36918182819545 230.68100644160222 251.37793912380585 224.71143342659434 251.44050983055604 264.75809240712806 239.7603785801689 269.3521742965054 229.94413348159605 235.64369583049165 254.14541891466297 241.99358367934383 242.40621438487915 250.94576666177545 240.56267455877287 240.53913171773684 231.18421866504877 228.8437418508006 244.31104773276593 250.4775214588626 229.427346599663 
214.2504871687879 238.9968932680481 234.798448431603 234.6729017480975 237.36918182584031 230.68100644160222 251.3779391237963 224.7114334238213 251.44050983055604 264.75809240696935 239.76037759462997 269.3518507942608 229.9441334815906 235.64369583044527 254.14541891233193 241.99358367934337 242.40621415287978 250.94576666177545 240.5626745435402 240.53913171726845 231.1842186650274 228.8437418508006 244.31104773275365 250.47752076311735 229.4273465906267 
214.25048716763877 238.9968932680058 234.798448429799 234.67290174804975 237.36918182507225 230.68100644160222 251.37793912375628 224.71143342264122 251.44050983055558 264.7580924064955 239.7603764455016 269.3516397840931 229.94413348157605 235.64369583041616 254.14541891182853 241.99358367934246 242.40621383159714 250.94576666177545 240.56267453934743 240.53913171687236 231.1842186650133 228.8437418508006 244.31104773272182 250.47752075804874 229.42734658689005 
214.25048716705714 238.99689326766656 234.79844842569264 234.67290174800473 237.3691818246548 230.68100644160222 251.37793912367124 224.7114334218718 251.44050983055558 264.7580924061417 239.76037391796854 269.3514595987326 229.94413348156377 235.64369583038024 254.1454189088231 241.99358367933974 242.4062131765977 250.94576666177545 240.56267453913506 240.5391317164508 231.1842186650024 228.8437418508006 244.3110477327209 250.47752075684093 229.42734658529844 
214.25048716656102 238.9968932667748 234.79844840648502 234.67290174798063 237.36918182425188 230.68100644160222 251.37793912296092 224.7114334199896 251.44050983055558 264.75809240569606 239.7603713217013 269.3511656112041 229.94413348153603 235.64369583036796 254.1454189054898 241.9935836793311 242.40621185823966 250.94576666177545 240.56267453857708 240.53913171592058 231.18421866495828 228.8437418508006 244.31104773272045 250.47752075579137 229.4273465848355 
214.2504871660667 238.99689326514863 234.79844825094824 234.67290174797245 237.3691818238176 230.68100644160222 251.3779391185608 224.7114334182952 251.44050983055558 264.75809240501985 239.76036397913185 269.34991351882763 229.94413348144872 235.64369583034204 254.1454189042197 241.99358367927653 242.4062113268228 250.94576666177545 240.56267453833289 240.53913171558133 231.18421866466088 228.8437418508006 244.31104773272 250.47752075545623 229.42734658464815 
214.25048716483343 238.9968932630327 234.79844815342494 234.67290174796153 237.36918182274394 230.68100644160222 251.37793909193033 224.71143341223706 251.44050983055558 264.7580924044728 239.760339387738 269.3472302221767 229.9441334812832 235.64369583031475 254.1454189019405 241.99358367915602 242.40621122110588 250.94576666177545 240.56267453809778 240.53913171547492 231.18421866343942 228.8437418508006 244.3110477327191 250.4775207553539 229.4273465843603 
214.25048716222227 238.9968932572947 234.79844812204647 234.67290174794834 237.36918182107001 230.68100644160222 251.3779388418966 224.71143340058052 251.44050983055513 264.75809240398166 239.76031370759756 269.34484766505693 229.9441334809867 235.64369583030611 254.1454189004562 241.99358367898458 242.4062111385574 250.94576666177545 240.56267453798728 240.5391317153817 231.1842186617955 228.8437418508006 244.3110477327191 250.47752075527796 229.4273465841111 
214.25048715917 238.99689323747953 234.79844811085468 234.6729017478997 237.36918182032468 230.68100644160222 251.37793800570944 224.7114334000721 251.44050983055513 264.7580924034751 239.7602463772855 269.34373293120916 229.94413348095668 235.64369583028792 254.1454188983039 241.99358367892637 242.4062110387208 250.94576666177545 240.5626745379227 240.53913171533122 231.1842186616259 228.8437418508006 244.3110477327191 250.47752075521475 229.42734658399377 
214.2504871590013 238.99689320824473 234.79844810190025 234.6729017478906 237.3691818199186 230.68100644160222 251.37793564409503 224.7114333997788 251.44050983055513 264.7580924014851 239.76017999890746 269.34349694977846 229.9441334809453 235.64369583023927 254.14541888763733 241.993583678925 242.40621075846911 250.94576666177545 240.56267453787586 240.53913171518252 231.1842186615836 228.8437418508006 244.3110477327191 250.4775207551702 229.4273465835813 
214.2504871588444 238.996893206227 234.79844809760743 234.6729017478874 237.36918181917872 230.68100644160222 251.37793529130795 224.71143339901346 251.44050983055513 264.7580923950218 239.76001517643044 269.3431484265816 229.94413348092712 235.64369583017788 254.14541881774403 241.99358367892455 242.40621019212767 250.94576666177545 240.5626745377631 240.53913171498107 231.18421866152858 228.8437418508006 244.3110477327191 250.47752075514836 229.42734658089967 
214.25048715867706 238.99689320553261 234.79844809462793 234.6729017478865 237.36918181762076 230.68100644160222 251.37793529040255 224.71143339823448 251.44050983055513 264.758092389578 239.75988530623317 269.34295315621966 229.94413348091166 235.64369582955987 254.14541875553414 241.9935836789241 242.40620995098743 250.94576666177545 240.5626745375257 240.53913171451813 231.1842186615013 228.8437418508006 244.3110477327191 250.47752075510698 229.42734657447681 
214.25048715843923 238.9968932047709 234.7984480886571 234.6729017478865 237.36918181715055 230.68100644160222 251.37793528890734 224.71143339762966 251.44050983055513 264.7580923894757 239.7598543418294 269.3426553610243 229.94413348088983 235.64369582319387 254.14541875431632 241.9935836789241 242.4062095597883 250.94576666177545 240.5626745371792 240.53913171356908 231.1842186614117 228.8437418508006 244.3110477327191 250.47752075493418 229.4273465740307 
214.2504871582314 238.99689320341167 234.79844808352482 234.67290174788604 237.3691818169782 230.68100644160222 251.37793528458315 224.71143339710397 251.44050983055513 264.75809238938837 239.75984057544338 269.3425339157402 229.94413348086482 235.6436957755709 254.14541875343184 241.9935836789241 242.40620867365715 250.94576666177545 240.5626745370073 240.53913171246586 231.18421866052176 228.8437418508006 244.3110477327191 250.47752075489916 229.42734657382334 
214.25048715803632 238.99689320307607 234.7984480485561 234.67290174788604 237.36918181683131 230.68100644160222 251.37793528403608 224.71143339650052 251.44050983055513 264.758092389372 239.75982862101637 269.34218331033844 229.9441334808489 235.64369573369095 254.14541874984752 241.9935836789241 242.40620846612092 250.94576666177545 240.56267453687906 240.5391317114736 231.18421865909477 228.8437418508006 244.3110477327191 250.4775207548928 229.42734657359279 
214.25048715769844 238.9968932020156 234.79844789746676 234.67290174788604 237.3691818166517 230.68100644160222 251.37793528296015 224.71143339630044 251.44050983055513 264.7580923893561 239.75982644551186 269.3410908752826 229.94413348071384 235.6436957335959 254.14541874849874 241.9935836789241 242.40620842667613 250.94576666177545 240.56267453675127 240.53913170730902 231.18421864376978 228.84374185080014 244.31104773271818 250.4775207548828 229.42734657336086 
214.25048715739194 238.99689319652316 234.798447480106 234.67290174788604 237.3691818165048 230.68100644160222 251.37793526926998 224.7114333959621 251.44050983055513 264.7580923891628 239.75982583683526 269.3408473994473 229.94413348047738 235.64369573358726 254.14541874706038 241.9935836789241 242.40620835229856 250.94576666177545 240.5626745366758 240.53913170573423 231.18421856079385 228.84374185080014 244.31104773271682 250.47752075487097 229.42734657295523 
214.25048715625235 238.99689318391302 234.79844709363624 234.67290174788604 237.36918181641158 230.68100644160222 251.37793526826408 224.71143339572018 251.44050983055513 264.75809238865304 239.75982530658257 269.33986144304436 229.94413347887985 235.643695733585 254.14541874597398 241.9935836789241 242.40620830052012 250.94576666177545 240.56267453664213 240.53913170549777 231.18421826675103 228.8437418507997 244.31104773271454 250.47752075486096 229.42734657266146 
214.25048715445382 238.99689315395017 234.79844708854262 234.67290174788604 237.36918181634928 230.68100644160222 251.3779352679494 224.71143339549508 251.44050983055513 264.75809238742977 239.7598249858147 269.3384911533981 229.94413347517593 235.64369573358272 254.14541874554607 241.9935836789241 242.40620798981263 250.94576666177545 240.56267453660485 240.53913170540181 231.18421714175747 228.84374185079923 244.31104773269908 250.47752075485687 229.42734657201072 
214.2504871540541 238.99689314961597 234.79844707944903 234.67290174788604 237.36918181630062 230.68100644160222 251.37793526723317 224.71143339526589 251.44050983055513 264.75809238734064 239.75982438977735 269.33820734495293 229.9441334609287 235.6436957335809 254.14541874545375 241.9935836789241 242.40620754306065 250.94576666177545 240.5626745365389 240.53913170535316 231.18420015248557 228.84374185079878 244.3110477326727 250.4775207548546 229.42734657187657 
214.25048715323328 238.99689314935495 234.79844706831773 234.67290174788604 237.36918181624515 230.68100644160222 251.37793526454698 224.7114333946838 251.44050983055513 264.7580923869468 239.75982421901062 269.3381387826157 229.9441334078956 235.6436957335809 254.14541874536462 241.9935836789241 242.40620747804815 250.94576666177545 240.56267453650162 240.53913170532405 231.1840595085455 228.84374185079878 244.3110477326718 250.47752075485414 229.42734657179562 
214.25048715165258 238.99689314908255 234.79844706107906 234.67290174788604 237.36918181621422 230.68100644160222 251.37793524334938 224.7114333944578 251.44050983055513 264.75809238683087 239.75982402893442 269.338099925395 229.9441334007961 235.64369573357544 254.1454187451027 241.9935836789241 242.40620737790414 250.94576666177545 240.5626745364898 240.5391317053004 231.18405124939454 228.84374185079878 244.3110477326718 250.47752075485369 229.4273465717456 
214.2504871429819 238.9968931489111 234.79844705911137 234.67290174788604 237.36918181613555 230.68100644160222 251.37793517405362 224.71143339440277 251.44050983055513 264.75809238674856 239.75982384429426 269.3380142375986 229.9441334006733 235.64369573356453 254.14541874298993 241.9935836789241 242.40620684221403 250.94576666177545 240.56267453648616 240.53913170527449 231.18403400721627 228.84374185079878 244.3110477326718 250.47752075485278 229.42734657169422 
214.2504871019437 238.99689314877196 234.79844705543655 234.67290174788604 237.36918181606052 230.68100644160222 251.3779351718199 224.71143339434684 251.44050983055513 264.7580923866926 239.75982365017398 269.33792650030864 229.94413340063602 235.64369573353497 254.14541873328926 241.9935836789241 242.4062047937282 250.94576666177545 240.56267453648434 240.53913170525902 231.18397828887328 228.84374185079878 244.3110477326718 250.47752075485278 229.42734657161054 
214.25048678847497 238.99689314871512 234.79844705368487 234.67290174788604 237.36918181598276 230.68100644160222 251.37793516962256 224.71143339421133 251.44050983055513 264.75809238663396 239.75982321560878 269.33791843739846 229.9441334005951 235.6436957333185 254.14541871462507 241.9935836789241 242.4061681534331 250.94576666177545 240.5626745364816 240.5391317052099 231.18385145671164 228.84374185079878 244.3110477326718 250.47752075485187 229.42734657154597 
214.25048617166703 238.99689314855686 234.79844705296318 234.67290174788604 237.36918181587544 230.68100644160222 251.37793516871534 224.71143339411856 251.44050983055513 264.7580923865412 239.75982098575514 269.3379039593965 229.944133400571 235.6436957315782 254.14541870785524 241.9935836789241 242.4051309011893 250.94576666177545 240.56267453647934 240.53913170516535 231.18370793910435 228.84374185079878 244.3110477326718 250.47752075484914 229.4273465714832 
214.2504860312206 238.99689314842544 234.79844705262303 234.67290174788604 237.36918181566352 230.68100644160222 251.37793516799547 224.71143339322862 251.44050983055513 264.75809238620786 239.7598153670201 269.3378761561098 229.94413340056644 235.64369572294163 254.1454187073782 241.9935836789241 242.40510682163676 250.94576666177545 240.56267453647888 240.5391317047215 231.18339357090144 228.84374185079878 244.3110477326718 250.47752075484686 229.42734657145957 
214.2504859897149 238.99689314837588 234.79844705232972 234.67290174788604 237.36918181550118 230.68100644160222 251.37793516776856 224.71143338978982 251.44050983055513 264.7580923858227 239.75981451608732 269.33784232423386 229.94413340056144 235.64369569843302 254.1454187069403 241.9935836789241 242.40510464849922 250.94576666177545 240.56267453647797 240.53913170049327 231.1829216029446 228.84374185079878 244.3110477326718 250.4775207548446 229.42734657142773 
214.25048598787043 238.9968931476642 234.79844705178903 234.67290174788604 237.3691818143716 230.68100644160222 251.37793516759666 224.7114333863433 251.44050983055513 264.75809238578404 239.75981430396178 269.3377296888957 229.94413340055826 235.64369565510196 254.14541870669245 241.9935836789241 242.40510334112741 250.94576666177545 240.56267453647752 240.53913169058296 231.18291633816216 228.84374185079878 244.3110477326718 250.47752075484186 229.42734657140363 
214.2504859866467 238.99689314697116 234.79844705113237 234.67290174788604 237.3691818099951 230.68100644160222 251.37793516753072 224.71143338576803 251.44050983055513 264.75809238576585 239.75981414482976 269.3376474915708 229.94413340055735 235.64369565238667 254.14541870644643 241.9935836789241 242.4051025893168 250.94576666177545 240.56267453647706 240.53913169034013 231.18291586578198 228.84374185079878 244.3110477326718 250.47752075484095 229.42734657138135 
214.250485981981 238.99689314689113 234.79844705082814 234.67290174788604 237.36918179788972 230.68100644160222 251.37793516747752 224.7114333856225 251.44050983055513 264.758092385749 239.75981400592536 269.33760316528014 229.94413340055644 235.6436956522084 254.145418704677 241.9935836789241 242.40510222385365 250.94576666177545 240.5626745364748 240.53913169026646 231.18291565219943 228.84374185079878 244.3110477326718 250.47752075484095 229.42734657136452 
214.25048597689965 238.9968931461408 234.7984470506026 234.67290174788604 237.36918177029656 230.68100644160222 251.37793516744205 224.71143338559887 251.44050983055513 264.758092385744 239.75981382872988 269.3374251167643 229.94413340055598 235.64369565196148 254.14541870162702 241.9935836789241 242.4051020796146 250.94576666177545 240.56267453645432 240.53913168994723 231.18291556786244 228.84374185079878 244.3110477326718 250.47752075484095 229.42734657135088 
214.25048597254363 238.99689314462375 234.79844705013466 234.67290174788604 237.36918173779577 230.68100644160222 251.37793516737565 224.71143338555657 251.44050983055513 264.7580923857163 239.75981368973635 269.33707198861384 229.94413340055462 235.6436956517091 254.145418700532 241.9935836789241 242.40510202160203 250.94576666177545 240.56267453634155 240.53913168904683 231.18291551478023 228.84374185079878 244.3110477326718 250.47752075484095 229.42734657134224 
214.2504859599244 238.99689314446596 234.79844704951392 234.67290174788604 237.36918173464755 230.68100644160222 251.37793516719512 224.7114333855111 251.44050983055513 264.75809238548027 239.75981362824405 269.3370245713113 229.94413340055235 235.64369565167044 254.1454187003992 241.9935836789241 242.4051019231324 250.94576666177545 240.5626745358918 240.53913168814688 231.18291548922298 228.84374185079878 244.3110477326718 250.47752075484095 229.42734657127357 
214.25048595918588 238.99689314442094 234.79844704858124 234.67290174788604 237.36918173448703 230.68100644160222 251.37793516657575 224.71143338548836 251.44050983055513 264.7580923843916 239.75981358041463 269.3368619812459 229.94413340055098 235.64369565164407 254.1454187002755 241.9935836789241 242.4051017836232 250.94576666177545 240.56267453185683 240.5391316872151 231.18291546799674 228.84374185079878 244.3110477326718 250.47752075484095 229.42734657102847 
214.25048595816315 238.9968931444032 234.79844704522657 234.67290174788604 237.3691817343838 230.68100644160222 251.3779351588696 224.7114333854638 251.44050983055513 264.7580923808837 239.75981353569205 269.33638195697495 229.94413340055007 235.64369565161223 254.14541870023777 241.9935836789241 242.4051017073225 250.94576666177545 240.56267452892052 240.5391316867458 231.18291537420828 228.84374185079878 244.3110477326718 250.47752075484095 229.42734657068968 
214.25048595699445 238.99689314438547 234.79844704361903 234.67290174788604 237.36918173425147 230.68100644160222 251.3779351428334 224.71143338530692 251.44050983055513 264.75809238058446 239.75981349075983 269.33424911152724 229.9441334005487 235.64369565117386 254.14541870017501 241.9935836789241 242.40510148660678 250.94576666177545 240.562674500331 240.53913168601593 231.18291531845625 228.84374185079878 244.3110477326718 250.47752075484095 229.42734656974926 
214.25048595575527 238.99689314437546 234.7984470430597 234.67290174788604 237.36918173414597 230.68100644160222 251.37793514271652 224.71143338502816 251.44050983055513 264.7580923805467 239.75981344387947 269.33114256740646 229.9441334005487 235.64369564936442 254.14541869925142 241.9935836789241 242.40510125590663 250.94576666177545 240.5626744557144 240.53913168579538 231.18291531663226 228.84374185079878 244.3110477326718 250.4775207548396 229.42734656559378 
214.25048595536964 238.99689314434772 234.79844704289462 234.67290174788604 237.36918173406684 230.68100644160222 251.37793514268878 224.71143338501315 251.44050983055513 264.7580923804362 239.75981343266403 269.33101900136535 229.9441334005487 235.64369564501294 254.14541869135883 241.9935836789241 242.40510122776504 250.94576666177545 240.56267445252934 240.5391316856194 231.18291531536397 228.84374185079878 244.3110477326718 250.47752075483868 229.42734656493394 
214.2504859550554 238.99689314428633 234.79844704253173 234.67290174788604 237.36918173398408 230.68100644160222 251.3779351426715 224.71143338500406 251.44050983055513 264.75809238026613 239.75981342592877 269.3306917992795 229.9441334005487 235.6436956151806 254.14541869113054 241.9935836789241 242.40510121323496 250.94576666177545 240.562674451337 240.53913168553072 231.18291531292516 228.84374185079878 244.3110477326718 250.47752075483822 229.42734656476705 
214.25048595466342 238.99689314428133 234.79844704147945 234.67290174788604 237.36918173393997 230.68100644160222 251.37793514265695 224.71143338499178 251.44050983055513 264.75809238003603 239.75981342151636 269.33024608814685 229.9441334005487 235.6436955439749 254.1454186904789 241.9935836789241 242.40510117689928 250.94576666177545 240.56267445122694 240.53913168547297 231.18291530450415 228.84374185079878 244.3110477326718 250.47752075483777 229.42734656472066 
214.25048595228327 238.9968931442777 234.7984470397355 234.67290174788604 237.36918173392905 230.68100644160222 251.37793514263012 224.7114333849686 251.44050983055513 264.7580923799919 239.75981341781608 269.3301959829796 229.9441334005487 235.64369521045592 254.14541868590277 241.9935836789241 242.4051011207257 250.94576666177545 240.56267445088997 240.5391316854557 231.18291529886983 228.84374185079878 244.3110477326718 250.47752075483186 229.42734656471248 
214.25048595154522 238.99689314427678 234.79844703840854 234.67290174788604 237.3691817339195 230.68100644160222 251.37793514261148 224.71143338492948 251.44050983055513 264.7580923799778 239.759813414973 269.3301465642976 229.9441334005487 235.64369513473457 254.1454186806859 241.9935836789241 242.40510109323532 250.94576666177545 240.5626744502174 240.5391316854425 231.18291529707085 228.84374185079878 244.3110477326718 250.47752075482686 229.42734656469202 
214.25048595114913 238.99689314427587 234.79844703765366 234.67290174788604 237.3691817339136 230.68100644160222 251.3779351425992 224.71143338482943 251.44050983055513 264.75809237996646 239.75981341121678 269.33011476622687 229.9441334005487 235.6436951336782 254.1454186800156 241.9935836789241 242.40510107714135 250.94576666177545 240.56267444863897 240.53913168539157 231.18291529541375 228.84374185079878 244.3110477326718 250.47752075481867 229.42734656463426 
214.25048595103954 238.99689314427542 234.7984470362503 234.67290174788604 237.36918173390995 230.68100644160222 251.37793514258374 224.71143338452111 251.44050983055513 264.75809237995554 239.75981340200315 269.3300990115081 229.9441334005487 235.64369513314205 254.1454186793444 241.9935836789241 242.40510106921283 250.94576666177545 240.5626744484316 240.53913168522013 231.1829152947107 228.84374185079878 244.3110477326718 250.4775207548155 229.42734656449375 
