414.82956430115155 475.8055506972337 420.29793575836356 471.3676859508339 425.20501679603603 506.94209256998874 397.0383978547127 466.188811380425 408.07050262428936 481.66691388411436 392.628077395359 448.6543444607664 401.1822901061339 472.2956335553025 452.87019332651676 483.68274447519707 445.3582420630835 441.2855274085791 449.7297211224918 481.0878262009726 486.92355251087236 398.75867131483324 454.6243051968171 405.7181058569379 396.2470322517229 
342.3770270279572 377.22271614835483 355.92911001947107 398.3357243944397 410.6203750998179 389.04537174342227 381.5485811361375 439.7203968915401 407.04423387404665 419.42542203511607 346.5131433270477 336.86135570144165 390.77773767369774 401.45105866065114 406.39237241983074 400.34020589561476 392.24601720035923 425.4215668308211 415.1064861749645 378.6413130493253 425.46128271639054 387.7461296925803 424.4772048482373 363.2918747091909 396.2470322517229 
327.18508667020205 338.33144823995053 326.962453207232 390.1422473355915 383.819175091179 350.2912590413108 319.30263549654046 421.20443495516724 321.1600681979455 358.25555506136277 328.1227891917456 324.6267283466126 360.29203219222586 368.0619804947157 380.03560598723516 383.0590107317787 381.2892815974517 376.67278301112265 391.20347474401956 371.329735272731 404.5428021755349 379.60177920514707 380.95167647684843 356.7254630331661 388.9410908490122 
307.3103807370694 336.5788698994521 322.0812306573332 385.342121629192 355.4744646561369 339.19870267598446 314.50870110024573 408.4745896371637 321.1600681979455 350.25978229746045 283.21943747177625 324.6267283466126 333.6054089058232 318.6792129147127 378.6774957406333 332.6383682152998 364.5454755278312 372.47921969443473 334.77626538174763 357.37153070088243 387.95069576764945 372.0521576415365 363.74943695617173 346.060764024126 370.28848688651317 
270.26547620030817 335.4588715799438 312.46583241400594 371.3788765539646 348.6384410514462 322.7011528227347 299.004479926911 408.4745896371637 306.1357743652288 310.0394925549974 280.3190657679545 324.6267283466126 325.2978288450288 318.6792129147127 361.02899644868455 306.9848606399802 327.08353549888034 361.27798490253383 334.21743184303546 354.9600694282142 378.10238722169925 327.99749839387846 348.354482631181 339.2814103223483 361.9601522536052 
270.26547620030817 325.33778717462644 281.13553506358335 328.1873348482934 329.37767651828847 297.53032286114853 278.0128482800542 366.44667793880774 302.2743211129907 284.5179095850617 268.6504494723033 321.577486158737 300.0389593871788 317.3960940524763 345.4822865562762 296.5493432547469 318.89286880264854 272.6132101485821 329.648585228623 304.3201291271439 363.0437371279412 322.6646166145208 344.431070631975 334.19234774824906 351.09557969926163 
265.42065432750564 323.330323136065 278.36241165007436 312.6455649698844 317.4345538508031 284.6007322615568 278.0128482800542 353.3769917102834 281.46643238297816 278.9170622651932 263.3540519846149 316.26194397344375 288.2184268368029 310.16560359933067 339.89007551181555 285.18538487382284 298.00978630470377 268.4745533847723 310.07205777118816 286.75243417358286 363.0437371279412 320.0141834366939 316.73216940370844 330.8070203463092 343.3007747042402 
262.3284807136497 321.96684725285695 278.36241165007436 312.6455649698844 301.85479964068077 284.35175216245034 270.8893929740252 330.33614490379875 274.13024989647806 272.62089047584107 261.02931186071817 314.0511626762352 277.6702232861453 299.7890456528447 306.5616343718831 265.56848011181296 285.11468263029724 268.4745533847723 303.7072945720115 274.7845927795414 351.7424332873096 311.1848545160299 305.00608495648294 322.93538421036453 338.05064612629803 
257.6542899341821 320.9537682568398 274.37780846132114 308.05622113111826 295.7945083613811 281.9308256357481 251.15172144072915 323.31797295545084 274.13024989647806 268.40227836060774 256.0774193897063 301.539069363261 273.8734989988468 289.68550293521685 299.3076685997635 265.56848011181296 279.1105052640655 232.68001675119604 293.3650024204825 267.3375597804222 351.7424332873096 303.6544243164275 298.4852969566414 322.45812126756186 312.1287588020318 
257.6542899341821 320.9537682568398 253.21332964873432 304.14647333849985 295.7945083613811 267.0138906344272 251.15172144072915 321.0967251923187 274.13024989647806 264.2010753895312 245.79076450861407 296.1480176865208 269.1799922798614 282.9091069983648 299.3076685997635 261.3209197022345 275.3221126065696 226.66206123486518 271.23898895729144 267.3375597804222 351.7424332873096 287.8341393473115 284.35702179032967 300.9961996778237 312.1287588020318 
257.6542899341821 300.5952606795231 253.21332964873432 275.68387349124305 295.7945083613811 267.0138906344272 244.6487266779933 316.24846838328176 273.69639066589093 256.96897839364567 237.97169711100855 290.9016088750627 255.8263163959773 266.17271495897853 298.27564565993976 252.76034509760063 273.64504217835713 226.66206123486518 267.5773705925533 267.3375597804222 346.173399607967 286.15717884842275 266.5443568813715 300.9961996778237 305.6902971219432 
249.1713477848499 280.6890718122271 242.70506504221964 263.9568517567335 284.09233983711545 267.0138906344272 239.59090653375313 313.47295014992073 270.12302988061197 256.96897839364567 237.97169711100855 287.48772876682506 255.07254712540657 263.96242453384195 283.56601127628255 251.5338063620453 254.79451998166655 220.87219866534633 256.1946899709154 250.38166398563828 343.9284874483071 281.73031417760944 265.09767403231444 285.37718264465923 297.3559519199962 
249.1713477848499 275.3243540544074 240.57031896507215 254.23413767863633 277.8383081544912 249.83521030002726 225.37487082371706 303.0383904184886 270.12302988061197 237.7678621992768 237.97169711100855 283.1159518573961 255.07254712540657 263.96242453384195 281.0960974992977 244.27625032884202 254.79451998166655 213.0770956521875 254.24294776172007 250.38166398563828 334.00417635880774 277.9998382004412 256.1971578476184 272.69681941960346 292.7145808918758 
235.1364623017571 271.30973645111567 240.57031896507215 251.77203412260235 277.8383081544912 249.83521030002726 219.7134533447362 278.4187023718804 266.0456544363524 232.42513883585252 226.54093383968177 282.69503196537426 248.21814054410322 261.15007040731007 279.44814932698193 242.3197492787558 254.4091688281153 205.7311762818165 253.0087491869815 250.38166398563828 311.45082817025184 272.17780459327025 256.1971578476184 268.95675213859045 280.419634691875 
218.1796822510712 271.30973645111567 240.57031896507215 251.77203412260235 275.1820413037242 249.83521030002726 219.7134533447362 264.35403349057856 262.10219232404324 229.26548563365247 226.0086125921116 279.4118741612982 236.3406053479025 247.88407193285855 264.5477690844973 241.24370428969382 247.40978302610006 204.9155098209584 241.82591203164975 246.69286407668733 301.3818416652131 253.8848610187556 256.1971578476184 267.3082195822353 277.0988934357324 
208.92944940620964 269.66194345916506 237.84596164232903 251.77203412260235 269.8809332850026 249.83521030002726 219.7134533447362 264.35403349057856 257.95554023399404 219.98387021028157 223.5665591917333 266.5250572801082 231.83035823217756 241.24216168578903 244.3134259522027 240.24945408949395 246.41146029111746 198.34431202800454 235.39708081784988 232.90700399932166 301.3818416652131 253.8848610187556 250.88920079148807 266.7475938167544 270.35871662096963 
198.4874237977134 269.66194345916506 230.48103881445445 239.4798111331969 262.67108097631944 236.1739544591254 208.6620183586606 263.26600940546655 256.21409417947734 217.88576276532342 216.9473080632141 266.5250572801082 228.97886969593924 241.24216168578903 244.3134259522027 236.93876606820766 241.28818714348665 198.34431202800454 233.43703928927312 232.90700399932166 300.241042924844 253.7540199767783 250.88920079148807 260.9366382035188 268.1044489355602 
198.4874237977134 262.2423137227505 223.37511455321646 232.59231406054982 262.57728348307614 232.29987862943779 200.79729746909857 252.7663339135313 245.85600379396317 212.49090225847647 209.84657021118028 265.40923939475465 224.0092168456456 241.24216168578903 244.3134259522027 232.4742986867917 232.36051549626484 193.9584121347783 225.3445280775162 232.90700399932166 289.3329001414311 251.10397447516107 249.73306481707846 252.29119118684662 258.9755118662076 
195.20061462472472 258.42564176308645 222.43515314026013 222.63763765649117 260.4694608226114 223.72108609553857 197.75458219067514 252.7663339135313 244.54152732705313 210.5826017956041 209.84657021118028 265.40923939475465 218.65796151811924 227.874778493162 244.3134259522027 231.66914879397996 232.36051549626484 193.9584121347783 225.3445280775162 225.0389847897901 289.3329001414311 247.85376369364099 247.72362344187138 243.94839903977834 257.6664182017241 
188.34463881350246 258.03819412261396 213.6922159925714 211.33809521201397 259.1063982342737 207.7193225877602 197.75458219067514 252.7663339135313 240.2273277713523 197.16850040256213 206.70678682662083 255.0773525365222 201.79501309823445 227.874778493162 224.7247339402984 230.76231301254654 231.0911386468706 192.32804057091153 204.7718714715877 218.20411110515897 272.8340852376871 247.74453388638278 245.3296309066926 225.65499633163563 246.88402461479745 
188.34463881350246 245.84532821544485 202.59561621188425 211.33809521201397 256.37593809695306 207.7193225877602 188.39965171264748 244.41246921449851 228.23740189138505 185.37593776988763 198.36202224600981 248.21356494725296 195.94968380575915 226.46154972583247 214.51794442141113 230.51764424141606 225.1111138850988 189.3331488331014 204.7718714715877 207.30715903842565 264.93959113728044 237.4156536011559 237.54692555446525 220.88259169591674 246.88402461479745 
188.34463881350246 238.553370719942 202.59561621188425 197.92128491318556 255.89677077428564 207.4177232571908 188.39965171264748 229.19426258155852 208.61055122943844 185.37593776988763 198.36202224600981 241.38384974646192 195.94968380575915 221.7955564401899 214.51794442141113 230.51055279361196 212.00500279902735 182.7585706570228 204.7718714715877 207.30715903842565 261.7909628145587 237.4156536011559 237.54692555446525 217.07388129266724 241.2034807868356 
188.34463881350246 233.61310952830468 202.59561621188425 185.68137754263148 255.78462909307996 207.40689841125823 184.95478821168138 227.4658718689783 208.02105347294446 184.8280944055099 197.04208899759385 229.52339410124046 175.31067642831863 221.7955564401899 214.51794442141113 230.50046522393632 212.00500279902735 180.5405750739709 203.4902349677277 203.72310655133924 242.74359574656967 237.4156536011559 237.54692555446525 217.07388129266724 237.44700515623651 
187.95903906460694 225.5352542806711 191.7380978834516 185.68137754263148 248.25943446216547 203.88927880012943 183.88820086425426 227.4658718689783 206.16974277948339 181.32533606844504 189.75605968852437 229.52339410124046 175.31067642831863 220.0193694042307 214.51794442141113 230.49857210715936 209.40056239619582 180.12967023200406 203.4902349677277 199.08476415026053 242.74359574656967 232.65276378514477 236.4922946283591 217.07388129266724 228.41382895138372 
187.95903906460694 207.97446714900968 191.57534357968336 182.5628618723474 243.81440929870814 198.12540224604038 177.21848642135444 227.4658718689783 203.07248688939285 181.32533606844504 187.51522555345798 229.52339410124046 175.31067642831863 204.57247952246382 214.51794442141113 230.48317494468506 200.09249165933693 180.12967023200406 203.4902349677277 199.08476415026053 242.74359574656967 227.53986945752104 234.0058096973728 217.07388129266724 223.49419048031018 
187.95903906460694 207.97446714900968 191.57534357968336 182.5628618723474 236.6669047599163 191.73874213546662 175.11298178128288 219.008218251568 202.9626172595856 164.3241370027215 183.32092444587443 229.52339410124046 175.31067642831863 204.57247952246382 207.2551599445742 230.46374364034205 185.62597259324093 177.05742374093347 203.4902349677277 199.08476415026053 241.75491738666562 227.53986945752104 227.53737264641086 212.31636413060914 223.49419048031018 
187.95903906460694 202.30861516246762 191.57534357968336 178.3254418606341 232.84765876941174 179.8703952245478 162.72354651985142 219.008218251568 199.18039649659272 155.06694238659702 180.92414894116644 229.46742618372684 175.31067642831863 200.91222199540948 207.2551599445742 230.434851577877 178.17829733609653 176.84288202212076 203.4902349677277 199.08476415026053 241.75491738666562 227.53986945752104 223.95624892634396 207.65424862443115 223.49419048031018 
181.17476800318514 202.30861516246762 186.30927678253283 177.5191146765934 231.81376901849478 165.462061662858 158.94512179245476 217.75138917249478 191.99808489258544 155.06694238659702 180.92414894116644 221.29850019454682 175.31067642831863 200.91222199540948 207.2551599445742 230.43322416138244 178.17829733609653 176.84288202212076 195.5861459176922 193.04246771253827 236.97447458933425 222.88082923822958 222.4525893892477 207.65424862443115 222.717704380957 
173.79903406928554 199.14396919316505 178.05119614275952 172.4253728263144 227.1629370221948 164.47755902279823 158.08809164806144 214.05258779770293 191.99808489258544 155.06694238659702 176.83276478609116 221.29850019454682 175.2742876989803 192.90957793143264 207.2551599445742 230.43322416138244 178.17829733609653 176.01499885425528 195.5861459176922 193.04246771253827 236.97447458933425 213.12449434734708 218.81123180774307 196.76672581162666 222.717704380957 
171.58338730461594 199.14396919316505 178.05119614275952 172.4253728263144 224.30500612059063 156.74951292915512 157.15391648880563 201.82364962772226 190.72246241009248 155.06694238659702 170.3142307830649 215.10147217346957 169.2247785230934 190.17700296775388 207.2551599445742 230.43322416138244 173.24270602599086 175.35737881016632 193.21096160623574 193.04246771253827 230.74536317859668 213.12449434734708 218.81123180774307 196.76672581162666 217.19675182035996 
171.58338730461594 193.58450961790095 174.51120330836875 172.4253728263144 212.68019721533358 154.2608579870896 150.27048523473354 201.82364962772226 190.4207507638779 155.06694238659702 169.42307455119942 210.18384878340794 169.2247785230934 190.17700296775388 203.81266997396938 230.4332156994434 172.76638414142462 171.58325980450695 183.52162428523252 193.04246771253827 218.61194788788566 209.71061049190132 218.81123180774307 196.76672581162666 211.09360898889645 
171.58338730461594 191.6726817749868 167.2650814325009 172.4253728263144 212.14616132555648 153.27640152255174 149.27183291464644 201.82364962772226 188.75345601263973 152.49344041797076 162.56526124520383 210.0459028139153 156.61688564072392 190.0965952242426 203.81266997396938 230.42948234666903 172.1072079500634 168.92098176403726 178.39631384857296 192.88863993426423 212.79577471191033 209.71061049190132 217.4668996911073 196.5078406225955 206.43893637954625 
169.95903787146995 189.18033567573912 162.62424569689426 172.4253728263144 211.18016814792418 141.33562438646868 148.552025203943 201.82364962772226 188.31244423933435 152.49344041797076 162.56526124520383 210.0459028139153 156.61688564072392 183.9270413199108 198.82723267049755 230.42948234666903 164.10791908814952 168.29293017522684 176.30693029902022 192.88863993426423 212.79577471191033 209.50524716865414 214.15035624921006 196.5078406225955 206.10077756299086 
169.95903787146995 182.2185580352517 157.91612497674248 172.4253728263144 208.96258081290682 137.0531223983935 148.53553510623908 193.71977392065014 184.88159164247622 152.49344041797076 155.03516868292468 210.0459028139153 156.61688564072392 183.9270413199108 192.56103521805335 230.4286577442881 157.50578397770323 168.2550189852834 176.30693029902022 192.88863993426423 211.53266536977264 209.50524716865414 211.4007227233683 190.9465314802028 196.78786849669075 
169.95903787146995 178.61183431319557 157.5077744423014 172.4253728263144 208.86158441473765 134.08549971262505 147.62314850708162 193.71977392065014 184.38964839392497 152.49344041797076 152.88376120279236 210.0459028139153 151.60804442875678 183.9270413199108 188.36039437791408 230.42841771598899 156.43245354335386 168.1969362650433 176.30693029902022 192.88863993426423 205.07882987316407 205.00329495975438 210.40338835975626 190.9465314802028 192.77576271566636 
167.17128994673612 178.61183431319557 152.8461952784279 172.4253728263144 208.86158441473765 130.50784883579763 147.62314850708162 193.2140962712765 180.8020384349262 152.49344041797076 152.88376120279236 210.0459028139153 151.60804442875678 183.9270413199108 183.4673192969325 228.83308966251616 156.21144837399356 166.89803076453813 175.81304191395782 191.74508810578322 201.16178630810634 193.88529679705414 210.40338835975626 189.53736221026406 190.48134399304945 
167.17128994673612 175.3054228422468 152.8461952784279 172.4253728263144 206.2299299179383 129.3849310361278 147.62314850708162 186.5504290942041 176.61093627097546 138.62116528949434 152.88376120279236 198.02610353740442 147.2998765177747 183.9270413199108 182.6885012667608 228.11064247702245 155.0832023508067 165.6543050179489 174.9726403735159 191.74508810578322 201.16178630810634 193.3974719262801 208.87910468819064 181.84358000314649 185.0644292089462 
167.17128994673612 175.3054228422468 152.8461952784279 166.63417732870926 204.27958690760647 125.9999288538445 145.75797567481334 181.3859916507572 176.56464549833765 138.62116528949434 151.69096017329434 198.02610353740442 147.2998765177747 183.9270413199108 181.61172791905528 227.64711609745655 151.6395896362443 165.17750981145593 171.66916143553294 189.32411304804168 193.74052050181092 188.22810387394816 205.502464111481 181.84358000314649 184.67508322993876 
163.26038110797822 169.16140239989977 148.72151545788688 166.63417732870926 203.56875977121422 123.37689007435154 135.86671113177056 180.52894764387077 176.37635595618588 138.62116528949434 151.69096017329434 193.64833143765713 141.10278460217796 183.9270413199108 177.25321729277027 227.64711609745655 151.6395896362443 162.55037282139665 168.7410039583092 189.32411304804168 179.893817383723 185.11143239429498 201.34270891494873 180.76182294635043 184.45279855993715 
161.41254681379542 169.16140239989977 147.58316378815516 166.63417732870926 203.56875977121422 123.37689007435154 135.86671113177056 179.75285227943823 176.33812936073616 138.62116528949434 140.76489303737344 184.85237906424823 136.23573355417307 183.9270413199108 176.49069698531628 227.57258601469425 151.07180080367948 159.7468286590506 165.24624770077776 188.23078091940727 179.893817383723 183.94131601361244 197.9337965929982 180.76182294635043 184.26777426824935 
161.41254681379542 164.08333631732148 147.58316378815516 166.63417732870926 203.48839719810815 122.69623700888417 135.86671113177056 179.12070779984072 176.2925878157905 138.62116528949434 137.3902250445915 179.58908918566044 135.3197906564959 180.85376769490938 175.72023487215688 227.57258601469425 150.784339600924 159.7468286590506 163.37188933747836 188.23078091940727 177.26471611276384 183.94131601361244 195.43904759354837 179.75549511581642 184.2613375584267 
161.41254681379542 156.1303444980365 145.988602159248 160.88684850624986 199.49354465943475 122.69623700888417 135.3066422833242 177.60427959457854 176.2925878157905 138.62116528949434 137.3902250445915 172.57624503606223 135.3197906564959 180.85376769490938 175.72023487215688 226.11093312415255 150.784339600924 156.04800410848839 163.31344833081153 188.07615722017692 176.36738456749652 175.9251162678379 191.41147501015223 179.75549511581642 184.2613375584267 
159.1620890508667 152.70302980128895 145.988602159248 160.88684850624986 198.68366056621858 122.62625962651828 135.3066422833242 176.11940662075335 176.2608305897303 138.62116528949434 136.2503372768865 172.5363143149125 135.3197906564959 180.85376769490938 174.34610373540295 226.07230004398582 145.42703345266114 153.5233989236292 163.00278698326395 180.2192575533271 175.9701552316293 175.9251162678379 189.93901617097686 179.75549511581642 184.2613375584267 
159.1620890508667 148.89809676252207 145.86586554621476 160.88684850624986 198.36768896336412 122.58813296066569 135.3066422833242 176.11940662075335 176.19575579287255 138.62116528949434 135.16933391957718 172.35956300203975 135.3197906564959 180.85376769490938 164.95261553507987 225.94981197623542 145.00055972488394 153.5233989236292 162.94644848104485 179.54928783669448 175.73628911039395 171.0405222304223 189.93901617097686 179.75549511581642 184.2613375584267 
159.1620890508667 148.08704389819457 141.05751469805512 160.88684850624986 198.21940555530784 122.55408796724817 135.3066422833242 176.11940662075335 176.14919096931123 138.62116528949434 135.02952973192407 172.17647311776454 135.3197906564959 178.05514542985907 163.12900898208215 225.85933443640704 144.611849215215 151.32246804984186 161.82009086775156 178.74355104250617 170.77201841196347 166.43550577609028 189.71816868165388 175.41249408340263 184.2613375584267 
159.1620890508667 145.22554531331923 140.0118490551214 160.88684850624986 193.34435693281637 122.5493228036537 135.3066422833242 176.07616809475383 176.14919096931123 134.62488097145854 135.02952973192407 168.10031060506185 130.29107193365553 174.17993063756649 162.97212350705172 225.82780707273378 144.52124739552653 147.93346658871587 161.70595030619438 176.98465029522322 167.12421687897017 164.9313089253916 180.51345185483183 175.41249408340263 181.68078836303368 
159.1620890508667 143.95540937900012 138.1221473846481 160.88684850624986 187.3438203531607 122.54839735384098 134.8309819928661 176.07616809475383 174.9990424400262 134.62488097145854 133.95012436597642 164.08780548437244 123.9660093619558 168.89342758560792 162.91107767764606 225.81765198501057 144.5092746677342 147.17262988697644 161.70595030619438 176.92065706727442 165.5602891426181 164.9313089253916 179.035444512018 173.778014933426 181.68078836303368 
158.40747894798074 141.8489559582166 137.83281982710696 160.88684850624986 186.98481544628248 122.5436701258609 134.52591922396073 176.07588866637445 173.13368181027874 134.62488097145854 133.95012436597642 163.3123354348695 118.9479237947296 167.73703168555653 162.90442899097627 225.8161204865421 143.3718948906453 147.0916376364264 161.55708146981578 176.83948475862564 165.5602891426181 159.82103052185767 172.59870273766728 172.53795619024424 178.71395281496393 
158.40747894798074 141.8489559582166 136.43525157188162 160.88684850624986 186.98481544628248 122.54320072482597 134.52591922396073 176.07350282657 172.5370111594799 134.62488097145854 133.95012436597642 162.9241356676032 118.9479237947296 167.73703168555653 162.89496245536748 225.81103377036118 142.14944242482022 145.29520484404156 161.47570789284453 176.73245551507057 165.5602891426181 154.23921359753854 167.04095590363409 164.51299185451296 178.71395281496393 
149.95165924864455 140.46482902604112 135.7902672252617 160.0574233302641 185.7953328445542 122.54142708636914 134.52591922396073 173.2887453060673 172.42237966973266 134.62488097145854 133.95012436597642 162.79232497957332 118.75669941594845 163.0378748725276 162.89452511710704 225.8040532296418 140.76210351423356 142.99793108234144 161.45534871514064 176.64090011751148 161.71569544027022 153.00203008784433 166.67155495117368 164.51299185451296 177.79844636759628 
149.95165924864455 140.38918421672793 135.7902672252617 160.0574233302641 185.48431151156967 118.85896540381066 134.489662273887 172.80161979937157 172.40323441603869 134.62488097145854 124.11900112768899 162.7636646256085 116.29626766584272 154.96538762106252 162.16532920485656 225.8031405379802 140.76040274539173 140.4573991926393 161.44327658140128 176.62818819560187 161.71569544027022 144.20203514610694 166.57576365926207 164.51299185451296 176.55881379523657 
147.94725339414492 138.88352024604933 135.7902672252617 159.79040229474947 185.44595274951007 118.50830530704627 134.4759540269083 171.4651246389609 172.36967977869335 134.62488097145854 124.11900112768899 162.75828333391382 115.92591688806385 154.03553943475538 160.7275306991105 224.82957380251594 140.76040274539173 140.37421300308608 161.41217071070048 176.59875875126045 161.71569544027022 143.38626343675992 166.46420853716575 164.51299185451296 176.55881379523657 
145.07119954551308 138.55895650107811 135.6872061516242 159.79040229474947 184.99088285316327 118.40345992308039 134.4759540269083 169.1961440470909 172.3246494344886 130.5479018628365 124.11900112768899 162.75828333391382 115.90368371797365 153.61598912084457 148.6435158445695 224.30949052932783 140.59465306867128 140.37421300308608 161.41149757911012 176.58538462914817 161.09523817944523 142.87557862641972 166.46420853716575 158.34859988418384 169.21461466154915 
145.03125571824876 138.55895650107811 135.43109224686918 156.82488624422535 184.93343997411807 118.37993714080119 134.34151802855308 169.07415491620486 170.25149159555042 130.5479018628365 124.11900112768899 161.4823697843899 115.90119686521291 150.90978285559595 148.6435158445695 224.29408746491436 140.59465306867128 140.23919975536114 161.4112411785344 176.58538462914817 160.09549959800927 142.87557862641972 166.2999720984203 153.64683242778506 169.21461466154915 
144.61663180217988 138.26491007075003 135.31484201145645 156.72105761398632 184.85768855607898 118.37741765482451 134.34151802855308 168.7986399247916 169.87878721130176 126.80823131490092 124.11900112768899 159.48166754711997 115.89199803744737 150.90978285559595 146.1890473584025 224.17646026765954 140.5871476116306 140.11382664527366 161.4104090870958 175.3341546519498 160.00184820038044 142.63137311461492 165.90585734524234 149.8866215604172 159.92097582584802 
144.61663180217988 138.22892799866577 135.27162152212554 155.7185818169072 184.85566587026278 118.35435693197519 134.34151802855308 168.77784472494 169.87878721130176 126.80823131490092 124.11900112768899 159.076674375709 115.89199803744737 150.90978285559595 146.1890473584025 224.17646026765954 138.0110734533414 140.11260666868748 157.64007431627977 174.47924916669137 159.99253349757396 142.60378700448337 164.18666534491672 149.60517355359718 159.92097582584802 
139.04425012557442 138.21714594953573 135.23316781205563 155.31688257169412 184.84934912765402 118.34381678690181 134.34151802855308 168.76426136473845 169.84846010842227 126.80823131490092 124.11900112768899 159.05310866029004 115.89199803744737 145.15060538328987 145.82845652775427 224.1680002777457 137.7954969403379 140.10972551740053 157.55023954582032 174.47924916669137 159.96600535774496 142.56950175480608 164.18666534491672 149.54099756794403 158.31018398655817 
138.84737429814777 137.94741849614877 135.23316781205563 155.18699076576684 184.83114923054688 118.33601170466557 133.17872394964127 168.76426136473845 169.84573443322006 126.80823131490092 121.61308792788941 158.96683174473446 115.89199803744737 145.15060538328987 143.8479215197708 224.1680002777457 134.81138591103968 140.10183681674812 157.36565120477633 174.47924916669137 159.96600535774496 142.53981224790425 164.03184892634363 145.9042358638908 158.31018398655817 
138.8437294542175 137.94741849614877 135.21506565088225 154.85315642064302 184.82559977343897 118.33305754029186 133.17872394964127 168.74405194509598 169.82177715481498 124.7080722566509 121.61308792788941 158.96683174473446 115.89199803744737 140.04235808075293 138.86257492957384 223.14622579825595 132.10743428563057 140.10028389632203 157.36565120477633 171.95633023534197 159.92965820035533 142.5393583303653 164.03184892634363 144.6851767241701 158.31018398655817 
138.76430692146346 128.16401443334985 135.21506565088225 154.85315642064302 184.8208537032076 118.33305754029186 133.17872394964127 164.40242309139876 169.81568583504213 124.7080722566509 121.61308792788941 158.9467284034414 115.81594506139947 138.4669377977018 132.45235281215605 223.07258287556033 125.08677868203017 140.0985658565544 157.36565120477633 171.81412037075313 157.98549296750377 142.52690187323492 161.75480207492774 143.69221451758017 158.31018398655817 
138.76430692146346 126.81223922528511 135.21506565088225 154.85315642064302 184.37269468048316 117.81338487619655 129.29259704515584 163.8293843574578 169.81568583504213 124.7080722566509 121.61308792788941 157.17484903515765 111.15883814513586 138.07272187072488 130.67640014476638 223.04984712169482 125.08677868203017 140.09723299979464 157.36565120477633 171.8121291536845 157.85811636054564 140.10955062287144 159.648515293959 143.69221451758017 158.31018398655817 
134.00769455117586 125.9523369425682 135.21506565088225 153.52599516240582 184.37269468048316 117.64399142264483 129.02160511489876 163.8293843574578 167.85826644877375 124.7080722566509 121.61308792788941 156.87018692330628 111.00611921840408 137.58286228471684 123.74004112029377 223.0425633964129 124.52160548826191 136.750647621207 157.3581150712448 171.7838971808892 157.5372147567282 140.10955062287144 159.31233808599018 143.67827048131562 158.31018398655817 
132.4431604591989 125.9523369425682 131.17121956725623 146.68034410876396 183.9257470477246 116.17631939029548 128.67274456210703 163.1544625771653 167.85826644877375 124.7080722566509 121.61308792788941 156.82066613218444 111.00611921840408 137.45931349752254 123.74004112029377 223.0425633964129 124.52160548826191 136.59263354055213 157.34496799661724 171.7838971808892 157.49295506105238 140.07781334129254 159.31233808599018 142.1174763640954 158.31018398655817 
132.4280459218752 122.17460497225795 131.17121956725623 144.1506022308588 183.88284430115505 116.17631939029548 128.5994390206497 163.1544625771653 166.74500333677543 124.7080722566509 121.61308792788941 156.79133946744355 111.00611921840408 137.45931349752254 121.25259323579576 223.0368591447368 124.41311231565805 136.59263354055213 156.7713661264561 171.7838971808892 157.30956610259625 139.82282469773963 159.31233808599018 140.99386288733547 158.31018398655817 
131.9768699390213 122.04682991689788 130.29398560060395 144.1506022308588 183.34786592582634 115.82050827066007 128.58789078258758 161.76577774005455 166.45792166062324 124.7080722566509 121.61308792788941 156.77846491435264 111.00611921840408 137.45931349752254 118.42184036901631 222.28143265079746 124.34804719857937 136.42858148079915 156.67441182986886 171.7838971808892 155.9187254358235 137.06009023710237 159.26313583702495 136.0910344207814 158.31018398655817 
131.9768699390213 121.99279808603455 130.29398560060395 144.1506022308588 183.2186096783596 115.76018301327395 128.58789078258758 160.31171136882415 161.4582706928877 124.7080722566509 121.61308792788941 156.76663607158002 111.00611921840408 137.44710399525593 115.88490689277296 222.186287657472 124.29783955562914 136.42858148079915 156.59448652052436 171.7838971808892 154.3121463602447 137.06009023710237 159.26313583702495 136.0910344207814 158.31018398655817 
131.9465394712388 121.91791055158797 128.77775582097456 141.74361747789442 183.2186096783596 115.75502315751237 128.57737233658167 160.31171136882415 161.4582706928877 124.7080722566509 121.61308792788941 156.7616313372872 111.00597469611569 137.4462103532934 112.611737149497 222.08191497356847 124.29783955562914 136.32774687927395 156.58911062804373 171.7838971808892 154.13454703265472 136.96046615372722 159.25180193069912 135.72757694628024 158.31018398655817 
131.9465394712388 121.88486183120438 128.1458406368331 141.44461370106842 183.2186096783596 115.74243688981846 119.4767396644919 159.80513364086835 155.96301836457474 124.7080722566509 121.61308792788941 156.75993625909246 111.0009037741047 137.44436731215774 111.89297703952121 222.08191497356847 124.29048232660705 136.29685351800026 156.57816257637626 171.78345585907618 153.03899533257845 136.9195371387982 159.25079174851066 132.13333382568726 158.31018398655817 
131.82005783748173 121.87280630489511 128.12216619690503 141.3720343475493 183.2186096783596 115.72240311391522 119.4767396644919 159.6528564843893 146.8850312682598 124.7080722566509 121.61308792788941 155.84753886072178 110.99530727163256 137.44436731215774 111.73821742546892 222.06407303106948 124.29048232660705 136.29685351800026 156.57507664110483 171.78345585907618 153.03899533257845 136.74254694871456 159.25055358172813 131.90399460676917 158.31018398655817 
131.82005783748173 121.8575789496922 127.95796171790062 141.35994557823642 183.2186096783596 115.72240311391522 118.8723918036992 159.57754060787647 146.8850312682598 124.7080722566509 121.61308792788941 155.84753886072178 110.99530727163256 137.44436731215774 111.73821742546892 222.05513674875192 124.28757528788105 136.28438549310977 156.57278036810726 171.78305366413542 152.54241936247695 136.710409815797 159.25000625789005 131.77321991844588 157.51163587249516 
131.82005783748173 121.84962091005275 127.93194322870113 141.35994557823642 183.2186096783596 114.99353332692829 118.5244305897005 159.50848532734642 146.0643830061108 124.7080722566509 117.45748588462038 155.84753886072178 110.99470544578327 137.4443467117785 111.73821742546892 222.04955299945493 124.28432809198193 136.28438549310977 156.57131290801226 171.7827408241419 152.33344706377477 136.148810646303 159.24998251784473 131.70825345359822 155.22375550535924 
131.82005783748173 121.84962091005275 127.88085355353144 141.35994557823642 182.67835039061595 114.94017461714634 118.37447505704324 159.4689958507795 146.0643830061108 124.7080722566509 117.45748588462038 155.84753886072178 110.99470544578327 137.4443467117785 109.5816099101105 222.04759690434923 124.28432809198193 136.28438549310977 156.5711045924221 171.78247269088888 152.28535967589244 134.32951310323733 159.2496853855904 131.70589053099195 155.22375550535924 
131.82005783748173 121.84962091005275 127.79604842572382 141.35994557823642 182.13537110460015 114.94017461714634 118.37068441114752 159.44089014965243 146.0643830061108 122.23299969652112 117.45748588462038 155.84753886072178 110.9942831827359 137.44433811164845 107.04419324828035 222.0422804937714 124.09605807953653 136.28438549310977 156.5703999396393 171.78247269088888 152.28413343849718 134.19121653841705 159.2496853855904 131.70589053099195 155.22375550535924 
131.81963000560847 121.84962091005275 127.79604842572382 141.35790374082126 182.13537110460015 114.90433974901566 118.33797655645185 159.44089014965243 146.0643830061108 122.23299969652112 117.45748588462038 155.84753886072178 110.99427023824092 137.44433811164845 106.83782295471474 222.0370843510583 121.35689725200041 136.2834730440826 156.5699830628139 171.78247269088888 152.26188167234602 133.94634158342626 159.2496853855904 131.69193627726236 155.22375550535924 
131.81928430437983 121.84940243941514 127.79604842572382 141.35549301455058 181.95211134852616 114.90433974901566 117.88088429716072 159.44089014965243 146.0643830061108 120.67498254256736 117.45748588462038 155.84753886072178 110.99427023824092 137.44433811164845 106.20827548838446 222.03693533970613 119.91350688116893 136.282143826788 156.5699830628139 171.78247269088888 152.26188167234602 133.94634158342626 159.2489945607325 131.69144676915585 151.39520210665387 
131.8169566838776 121.84932152461465 127.79604842572382 141.35549301455058 181.93846147934664 114.90433974901566 115.98035910073679 159.44088906620937 143.82459922699832 118.57179257809605 116.99874097461554 155.84753886072178 110.32213814583861 137.44433811164845 106.20827548838446 222.03648457517556 119.91350688116893 136.28131107535012 156.5699830628139 171.78247269088888 152.25857288203565 132.17593154285737 159.2489945607325 131.69144676915585 151.39520210665387 
131.81653778502982 121.84932152461465 127.79604842572382 141.35292498778108 181.92896918263546 114.89539334593496 112.59350913630533 159.44035366362903 143.82459922699832 118.57179257809605 116.99874097461554 155.84753886072178 110.1902979898739 137.44433811164845 106.20827548838446 221.98006093756942 119.91350688116893 136.28131107535012 156.5698761042073 171.7451297413288 152.25434590246437 132.17593154285737 159.22044877107191 131.68688025022652 151.39520210665387 
131.81653778502982 120.20163876440745 127.7959981582352 141.35215488710492 180.70159089892525 114.4599374332638 112.3343498106002 159.44035366362903 143.82459922699832 118.57179257809605 116.99874097461554 155.24872623776866 110.09542311393227 137.44433811164845 105.60975683513806 221.6924293796875 119.8912695868778 136.28131107535012 156.5698761042073 171.7451297413288 152.24791818136964 132.1064590364349 159.2189860970218 131.68634255254824 148.1151014533939 
131.5958387904186 119.80797996151193 127.79575074341915 141.3516862789379 180.6426941733272 114.0647676919325 112.096737398845 156.5002027812933 140.83734568822115 118.57179257809605 115.01329897256869 155.24872623776866 110.09542311393227 137.44433811164845 104.1576738914294 221.57243635676048 119.87654929540065 136.28131107535012 156.56987564419524 170.5881734840791 152.24401783563326 132.0311302459196 159.19139293299418 131.6857945548918 148.1151014533939 
131.5958387904186 119.53929480136924 127.79216356835445 141.3516862789379 179.15082006249486 114.04898282594218 112.096737398845 156.38730241001747 134.18287126897292 118.57179257809605 115.01329897256869 154.378595953777 110.09542311393227 137.44433811164845 104.1225827637519 221.2120401239257 119.85138423213255 136.28103153401378 156.56986791846055 170.5881734840791 152.2438055100058 132.02996828400103 159.18036383544757 131.6856258161514 148.1151014533939 
131.5958387904186 119.53929480136924 127.79158644607071 141.3516862789379 179.15082006249486 113.9950550195233 112.09577045516721 156.37624375999974 132.933059258781 118.57179257809605 115.01329897256869 151.9982435635261 109.02416284160063 137.44433809968518 100.90015761052348 221.2120401239257 119.36234276979508 135.00836030585174 156.56986791846055 170.5881734840791 152.2429824192235 132.02282097703267 159.17136545672372 131.6854195197444 148.1151014533939 
131.5958387904186 119.51097413537923 127.79156828788814 141.3516514236012 179.15082006249486 113.91567360758881 102.80720173425516 156.37624375999974 132.933059258781 118.57179257809605 115.01329897256869 151.9982435635261 108.32981177868533 137.44433809968518 100.70962245868822 221.1454703296929 117.18795096564259 131.6013766659637 156.56983425112458 169.86093133305462 152.24277645457073 132.02282097703267 159.17136545672372 131.68525665782022 148.1151014533939 
131.5958387904186 119.5056025307515 127.79124069907925 141.35164937922445 179.15082006249486 113.35593719959775 102.80720173425516 156.2631031308913 132.933059258781 118.57179257809605 115.01329897256869 144.41286129801142 108.05388383113086 137.44433809968518 100.66901661279047 221.1220989634761 113.77955307751972 129.24919500848034 155.9272778469483 169.86093133305462 152.2426056837129 132.01661224816655 159.1654781033218 131.6850884781403 148.1151014533939 
130.02504355081192 119.49457473980783 127.79110589528148 139.66115672628268 179.15082006249486 113.27482714097857 102.80720173425516 156.2631031308913 132.933059258781 118.57179257809605 115.01329897256869 144.41286129801142 107.84958027667147 137.4443380936426 100.63583341779668 220.8999832849645 113.77955307751972 129.24919500848034 155.75376773771893 169.86093133305462 152.2426056837129 132.01329538925063 159.1654781033218 131.6850884781403 148.1151014533939 
128.74872991617679 119.48124183992172 127.79108477798252 136.8688355118993 179.15082006249486 113.20372714774328 102.80720173425516 156.2631031308913 132.933059258781 116.91936062569903 115.01329897256869 144.41286129801142 107.70450691346645 137.4443380936426 100.63583341779668 220.89250909715838 113.40268471519244 129.0829171336104 155.6838913935194 169.86093133305462 152.2426056837129 131.61202540850286 156.32915005485143 131.6850494793781 148.1151014533939 
123.2382975502594 118.0523298021435 127.79097854067822 136.5567722487724 179.15082006249486 113.13284024146049 102.80319969506411 156.2631031308913 132.933059258781 116.91936062569903 115.01329897256869 141.09331021134471 107.70450691346645 137.44433808849976 100.62381942432341 220.87337538706174 113.40268471519244 124.51526837198276 155.6838913935194 169.02360308406264 152.24260393819645 131.48460933451247 156.32915005485143 131.6850494793781 148.1151014533939 
121.03277746741503 114.28833450604418 127.79096113701928 136.55173850606957 175.17039236722007 113.13284024146049 102.77732781747613 156.248096644847 132.933059258781 116.91936062569903 115.01329897256869 141.09331021134471 107.69475347954506 137.44433808500992 98.93617658177448 220.8622471762576 113.40268471519244 124.51526837198276 151.1610091781696 169.00767943869005 152.24260393819645 131.48460933451247 156.32915005485143 131.6850494793781 148.1151014533939 
121.03277746741503 113.16356041801328 127.79096113701928 136.42535524858727 175.17039236722007 113.13145801047392 102.77732781747613 156.24778966763256 132.933059258781 116.91936062569903 115.01329897256869 141.09194186290551 106.59497502436648 137.4375786179629 98.7159879554514 220.84854871750247 113.29784199828998 124.26402120462319 151.12032535904052 168.8220514921319 152.24260393819645 131.47801014789445 156.32915005485143 130.7559607817692 144.42248845974075 
120.73561010215963 111.75407409718304 127.79094597613766 136.42535524858727 174.76950031131673 113.13145801047392 102.77732781747613 156.24778966763256 132.933059258781 116.91936062569903 115.01329897256869 141.03497948793836 106.59497502436648 137.43736010976193 98.67323580392889 220.84854871750247 113.29784199828998 124.15949875016054 150.9982154830908 168.8164194355968 152.24260321332292 131.47367273473128 156.32915005485143 130.7559607817692 144.42248845974075 
119.61645643220277 111.65641984420154 127.7909380668209 136.41329974840914 174.76950031131673 113.12709187687744 102.77732781747613 156.23872951929263 132.933059258781 116.91936062569903 115.01329897256869 140.9300137503417 106.56520968117525 134.6932167194725 98.45927864672262 220.79185828332345 113.2805325693588 124.06601286533953 149.96389351836137 168.79199561595874 152.24260321332292 131.4577497697286 156.30501569796547 130.7389664814832 144.42248845974075 
119.13071568119733 111.62378290039078 127.34929072906846 136.4067557312709 174.76950031131673 113.1264613190657 102.77732781747613 156.2340752149281 132.933059258781 116.91936062569903 111.79160984703515 140.91635036743537 106.56520968117525 134.6932167194725 98.40620695272867 220.29297406000774 112.22729906036443 123.72916527394648 146.21038505556248 168.79199561595874 151.71888431675904 131.45506119468882 155.56662721187445 130.70914726271815 144.42248845974075 
119.13071568119733 111.00165619045498 127.1308366956805 136.3820518070752 174.76950031131673 113.12478224067081 102.77732781747613 156.2340752149281 132.933059258781 116.91936062569903 111.79160984703515 138.24619089401926 106.532532850412 134.6932167194725 98.00386507407472 220.23526694171073 112.09975032837986 123.56602084850044 145.51096147976045 168.79199561595874 151.54970063628718 131.45506119468882 155.56662721187445 130.48001222962796 144.42248845974075 
119.13071568119733 110.64736540257746 127.05481154499614 136.37589629150796 174.76950031131673 113.12470268111713 102.77732781747613 156.23063277769506 132.933059258781 114.9484771917896 111.79160984703515 137.82437083910702 106.50935537572207 134.6932167194725 98.00386507407472 220.23105260810155 112.07386801468522 123.53520679087217 144.54241120489007 168.79199561595874 151.2329927202892 131.45225176555914 155.40007214501145 130.48001222962796 144.42248845974075 
119.08556424530138 110.59913764848483 127.03099301385646 136.37275836652293 174.5823181581443 113.12462196604201 102.02432935755382 156.22944506588613 132.933059258781 114.9484771917896 111.79160984703515 137.82437083910702 106.4761567730776 134.6932167194725 96.43942416666835 220.2219676767685 112.07386801468522 123.08935118975978 140.14440139859119 168.79199561595874 151.2329927202892 131.45082233654557 153.5086566786881 128.71516514200334 144.42248845974075 
119.07901919696519 110.49009137738568 127.03099301385646 136.37275836652293 174.5823181581443 113.12449042033768 98.25237621109426 154.69955258927837 132.4098789860543 114.9484771917896 111.79160984703515 137.82437083910702 106.4761567730776 133.84857183632244 96.43942416666835 220.0954148004421 112.0642378219967 123.08935118975978 139.6368556470328 168.04414854297215 149.34184775252493 131.4479841636777 153.5086566786881 127.3475481967971 144.42248845974075 
119.07280679664484 110.49009137738568 127.02473068826998 136.36328958524427 174.52436711826545 113.1243399698883 98.1385096282882 154.69955258927837 132.1827328987663 114.9484771917896 110.969022325835 137.78942092032776 106.47059423996564 133.84857183632244 96.40086074956844 219.88082247955595 112.0624221028188 123.08935118975978 135.38287141139563 168.00237127544767 149.34184775252493 131.4479482418834 153.5086566786881 127.3475481967971 144.42248845974075 
119.07280679664484 108.82499626237984 127.02473068826998 136.17832874455496 174.52436711826545 113.12414135588301 97.81479934784898 154.69955258927837 131.8971878640151 114.9484771917896 110.969022325835 137.78467057523835 106.45896386151946 133.84857183632244 96.35386977876351 219.8779921910948 112.05455155215543 122.47901420975245 135.10592881686648 167.99594475903325 149.34184775252493 131.4479482418834 153.49426179611385 127.3475481967971 144.42248845974075 
119.07280679664484 108.82499626237984 127.02473068826998 136.17832874455496 174.52436711826545 113.12407995090871 96.53927814436702 154.69955258927837 131.42327968953578 114.5704928469479 110.969022325835 133.7770761078442 106.44945637525097 133.84857183632244 96.35232637792541 219.87595095538893 112.05455155215543 122.2937740380105 134.1462973898149 167.94713218729464 149.3143379260382 131.44777444189685 153.4501453174421 127.34469057900685 144.42248845974075 
119.07280679664484 108.82499626237984 127.02473068826998 135.14873296937094 172.33891743982906 113.12407462026022 96.06648388034239 154.69955258927837 125.7268284305975 114.5704928469479 110.969022325835 132.5867083930325 106.01242055361263 133.84857183632244 96.34715301894528 219.87465328833173 112.01462951168082 122.23132721870047 130.2795491995521 167.9413618675352 149.3143379260382 131.44509885927675 150.650495454125 127.34314221908176 144.42248845974075 
119.07280679664484 108.50533895420449 127.02473068826998 135.05140087836583 171.08858782123298 113.12407462026022 96.06648388034239 154.69955258927837 125.7268284305975 114.5704928469479 110.969022325835 132.01213406426757 105.1476424733429 133.84857183632244 96.34623462840472 219.87465328833173 111.9920280880097 122.23132721870047 130.2795491995521 167.9413618675352 149.31368663457124 131.44509885927675 150.650495454125 127.34075676785801 144.42248845974075 
119.07266156375829 108.50533895420449 127.0233490340197 135.02237568867338 170.6118597237587 113.12405225781572 92.68315421716596 154.69955258927837 125.20757214584216 114.5704928469479 110.969022325835 131.90994501371847 105.1476424733429 133.1062101785243 96.34282189601436 219.87465328833173 111.5820923722444 122.22720365083728 129.76171574744853 165.8798967075311 149.30056008698602 131.44509885927675 150.4396753532768 127.34053142687151 144.42248845974075 
119.07266156375829 108.50533895420449 127.0233490340197 135.02237568867338 170.6118597237587 113.12404961639527 92.68315421716596 154.69955258927837 124.60933218723585 114.5704928469479 110.969022325835 131.90172068658705 105.11552722245887 132.46787379332318 96.32826182722971 219.87451136924346 111.5820923722444 122.21805466689204 129.53396034007517 165.351263370502 149.30056008698602 131.44500837523378 150.39289893142188 127.33958479222429 144.42248845974075 
119.07265097619586 107.99415959693891 127.0233490340197 134.9884849666788 167.8022770500669 113.12404812714658 92.6226875738854 153.47110335981006 124.36684807486313 114.5704928469479 110.969022325835 131.90172068658705 105.11252791785694 132.46787379332318 96.32666129222673 219.87365975340572 111.57605340416467 122.21618530675369 129.33213118276296 164.74929343983933 149.2967580652811 131.44477912926698 150.38952024244793 127.33933502875709 143.23485548032727 
119.07264000916689 107.8300608380946 127.02330575204371 134.9884849666788 167.16369378495278 113.12404285454909 92.56214961773162 153.12632788814608 124.21842383705962 111.36542904838427 110.969022325835 131.85950306757695 105.1052740036182 132.46787379332318 96.32536160143161 219.69745724054349 111.49918303423829 122.21618530675369 127.19918116388385 164.48857408332015 149.2967580652811 131.44471709144102 150.3637382455894 127.33909482321815 143.23485548032727 
119.07264000916689 106.75541976441474 125.02299419450071 134.9884849666788 167.16369378495278 113.12404285454909 92.50213740104289 152.88847378989874 123.70483427395845 111.36542904838427 110.969022325835 131.85950306757695 105.09105461959444 132.44376148435208 96.32503722032095 219.68028125582384 111.48019388741272 122.21609429097111 125.53938301976291 164.46560001669866 149.12291481137936 131.44470713684132 150.3637382455894 127.33835879950959 143.23485548032727 
119.07264000916689 106.75541976441474 124.67704424170427 133.13058303658897 167.1508640749155 113.12404210195632 92.50213740104289 152.85340948472935 123.3898641085093 103.49958283000035 110.969022325835 131.8348566538209 105.09105461959444 132.44376148435208 96.32496485677461 219.66045788134534 111.48019388741272 122.21404922510351 123.01714038823366 164.44404463543788 149.0629882674565 131.44470713684132 150.35371871447296 124.91623598780552 143.23485548032727 
119.07262950093309 106.75541976441474 124.67704424170427 132.7986264299543 167.1508640749155 113.12404186759295 92.50213740104289 152.8015887588665 119.69296285580174 102.95374838710171 110.969022325835 131.8348566538209 105.08476713949642 130.60272257789075 96.32494238518422 219.65832005812763 111.4748440823306 122.21404922510351 122.14816990243435 164.43856671141782 148.9611820970531 131.44470713684132 150.35371871447296 124.91623598780552 143.23485548032727 
119.07262950093309 106.75541976441474 124.67704424170427 132.7986264299543 167.14619448056908 113.12404137836279 92.50213740104289 152.8015887588665 119.10879669790859 102.95374838710171 110.969022325835 131.8106509780273 105.07491781684024 126.76841532156095 96.32494238518422 219.6512690905547 111.4748440823306 122.21150000927025 119.32045999980801 164.43241658326883 148.95355707583133 131.44470195591066 150.35371871447296 124.47843623368135 143.23485548032727 
119.07261766343447 106.75541976441474 124.63879574028147 132.3302609196071 167.14433927304117 113.12404097917067 92.50213740104289 152.8015887588665 118.84568864007201 102.95374838710171 110.969022325835 131.61046397058828 105.06889704394035 126.37391873518811 96.32494238518422 219.65061278582505 111.4748440823306 122.21062501189772 119.0766840251539 164.43241658326883 148.9089926885165 131.4446978793602 150.35371871447296 124.47843623368135 143.23485548032727 
119.07261766343447 106.75541976441474 124.60288405953838 132.3302609196071 167.14433927304117 113.12404084712807 92.50213740104289 152.79891222066954 118.84568864007201 102.95374838710171 110.969022325835 131.5735071686213 105.06889704394035 123.45601732222087 96.32494238518422 219.65061278582505 111.4748440823306 122.21010799360317 119.04716900621281 164.43241658326883 148.9089926885165 131.4446940136629 150.35211935060488 124.47843623368135 143.23485548032727 
119.07261766343447 106.75541976441474 124.60288405953838 132.3302609196071 167.14310373704097 113.12404084712807 92.50213740104289 151.67271710129432 115.66263127932325 102.95374838710171 110.969022325835 131.5735071686213 105.06794047197548 123.10441382860745 96.32494238518422 219.65048460536536 111.47309268376989 122.21010799360317 118.96262562321203 164.43241658326883 148.9063853354303 131.44469329424044 150.35181147182084 124.3871902474068 143.23485548032727 
119.07261646940219 106.7513129328384 124.602557116056 132.31449722108187 167.14310373704097 113.12404081275656 92.50213740104289 149.44685229916377 115.66263127932325 102.95374838710171 110.969022325835 131.57058787254516 103.85151109056949 123.04614399292029 96.32493947227312 219.6501243577094 111.47273958788503 122.20970449102197 118.954829204058 164.43240075692074 148.15947726150603 131.44469322545706 150.3515944313575 121.70617509753265 143.23485548032727 
119.07261640624165 106.74927967383837 124.6003410823771 132.31449722108187 161.4902838162958 112.67114823422071 92.21107264467037 148.97440332533665 115.66263127932325 102.95374838710171 108.80278690280898 131.56824278973102 103.85151109056949 123.00509887884084 95.4092704746115 219.6499923005589 111.47151185492083 122.2087647751199 118.954829204058 164.43240075692074 148.15947726150603 131.4446927457234 150.3496346944088 120.57569945251385 143.23485548032727 
119.07261628889671 106.08138187820742 124.6003410823771 132.29043494268296 160.98028940319296 112.61875207028424 92.21107264467037 148.97440332533665 115.60804706497242 102.95374838710171 108.80278690280898 131.56755605564683 103.85151109056949 122.39334286567657 94.32313557452471 219.64996149438912 111.47124648772188 122.20861869888051 118.954829204058 164.43183494346044 148.15947726150603 131.4446927113952 150.3496346944088 120.49026278430483 143.23485548032727 
119.0726161607081 106.08138187820742 124.6003410823771 132.28347937810554 160.18447723429915 112.54292168036511 92.21107264467037 148.97440332533665 115.60188914518017 102.52510795177545 108.80278690280898 131.55998236813855 103.85151109056949 122.39334286567657 94.32313557452471 219.64996149438912 111.47124648772188 122.20846667191938 118.93516320040158 164.43183494346044 148.15947726150603 131.44469264088684 150.34948837814136 120.43182505146206 143.23485548032727 
119.0726161607081 106.08138187820742 124.59972270776234 132.28347937810554 159.59574584924917 112.11274996664633 92.21107264467037 148.97440332533665 115.60188914518017 102.52510795177545 108.80278690280898 131.38615918737628 103.84974563670119 121.10546536835966 94.26673841058539 219.6499034601885 111.47124648772188 122.20843016355866 118.91518642644405 164.43179249482637 148.15947726150603 131.44469261460404 150.34944823806427 120.29458716165288 143.23485548032727 
119.07261615483412 106.08138187820742 124.59972270776234 132.28347937810554 159.42413754783524 112.11274996664633 92.21107264467037 148.8448471334534 115.60188914518017 102.52510795177545 108.80278690280898 131.2255372421813 103.18129473850883 121.09086582388272 94.25326987555604 219.6499034601885 111.47124648772188 122.00325997673667 118.91518642644405 164.43179090437002 148.15947726150603 131.44469261460404 150.34944823806427 120.29458716165288 136.9218871359509 
119.07261615483412 106.08138187820742 124.5981071286783 131.87605007761 159.42413754783524 111.99920837157032 87.43336783351066 148.8448471334534 115.60188914518017 96.8988244875548 108.80278690280898 131.13736661133316 103.18129473850883 118.27771831467874 94.2210038249221 219.6499034601885 111.47124648772188 121.7827319352948 118.91490338025596 164.43158837701128 148.15947726150603 131.444692508976 150.34938649177116 120.27208788198061 136.9218871359509 
119.07261614148649 106.07207537783677 124.47043286453697 131.76686116619499 159.35026472930736 111.96567991816289 87.43336783351066 148.8173525807406 115.60188914518017 96.8988244875548 108.80278690280898 131.12795618113864 103.13415183190432 118.09034362416571 94.2210038249221 219.64990039989198 111.47121299687154 121.7827319352948 118.913592336124 164.43158837701128 148.15947726150603 131.4446924423288 150.34937283127806 120.27135484388214 136.9218871359509 
119.07261614124127 106.07207537783677 124.40397750643706 131.7301360026728 159.26146578723092 111.92591831127083 87.43336783351066 148.78104972187862 115.60158714805993 96.8988244875548 108.80278690280898 131.0896984021548 103.05781857347188 116.98338242067575 94.21667405908124 219.64988572527182 111.47120443805659 121.77108303006048 118.90247756867916 164.43158837701128 148.06779946360382 131.44469236763325 150.34929799899373 120.26922825519432 136.9218871359509 
119.07261613914352 106.07207537783677 124.39581816924169 131.7301360026728 159.2412425756488 111.90433624655316 87.43336783351066 148.78104972187862 115.60133831539633 96.8988244875548 108.80278690280898 131.0850971014214 103.02527608262437 116.88291288296853 94.21667405908124 219.3091633125723 111.26634737309303 121.74695187352722 118.69974385521175 164.43158837701128 148.00961794675823 131.44469236763325 150.3491683748888 120.26790754172953 136.9218871359509 
119.07261613848266 106.07207537783677 124.39581816924169 131.7301360026728 159.2412425756488 111.90100939526673 87.43336783351066 148.77731827975936 114.88569390894384 96.8988244875548 108.80278690280898 131.08414286871687 103.01909169907299 116.81596803142895 94.21120197693494 217.36094166741702 111.12922059245346 121.73891353228692 118.69974385521175 164.43158524714636 148.00961794675823 131.44469235252802 150.3491683748888 120.2671300046203 136.9218871359509 
119.07261613848266 106.07207537783677 124.36407381350034 131.7123759516187 159.2404713137721 111.89970270653566 87.43336783351066 148.7758831769088 114.84417772470545 96.8988244875548 108.80278690280898 131.07913758664097 103.01705791426167 116.81596803142895 94.21120197693494 213.83806956274316 110.60571063249711 121.73891353228692 118.69974385521175 164.43158524714636 147.83453782231254 131.4446923513159 150.3491683748888 120.26599175883939 136.9218871359509 
119.07261613782941 106.07207537783677 124.36407381350034 131.7123759516187 159.22931649249517 111.89970270653566 87.43336783351066 148.77386769212512 114.69164053824238 96.35900055646681 108.80278690280898 131.07913758664097 103.00485815546426 116.80375804940468 94.20914024551428 212.71108518447988 110.60571063249711 120.77446310548169 118.69974385521175 164.43158524714636 146.59448862695217 131.44469234809253 149.36296213731168 120.26367377368695 136.9218871359509 
119.07261613782941 106.07207537783677 124.3538065005605 131.7123759516187 159.22931649249517 111.89933493821934 87.43336783351066 148.77276389552173 114.173010910617 96.35900055646681 108.80278690280898 131.07638443101848 102.99448028521175 116.051910895432 94.20839294375787 211.27267004810903 110.60571063249711 120.77446310548169 118.6897605124268 164.43158524714636 146.4076310474187 131.44469234809253 149.36296213731168 120.00427429778745 136.9218871359509 
119.07261613782464 106.07205088380954 124.3538065005605 131.70780752832502 159.1392378748801 111.89932692315517 87.43336783351066 148.08916063329798 114.173010910617 96.35900055646681 108.80278690280898 131.07222091274036 102.99448028521175 115.93680237672879 94.05802285187599 210.23600285153964 110.59359563607313 120.70918858455207 118.50319909792393 164.4315819084452 146.22136139631482 131.44469234756946 149.36296213731168 119.82661694599892 136.51932130806858 
119.07261613773744 106.07195512361943 124.34680894159703 131.7002753225064 158.30414172002645 111.89924123642106 87.43336783351066 147.2522305439761 114.1304362933073 96.35900055646681 108.80278690280898 131.07222091274036 102.9923438956975 115.93680237672879 93.91974669990532 208.6526139483642 110.31996637676303 120.70918858455207 117.58047578893616 164.43158188125153 146.20477211080583 131.44469234642156 147.92256049885634 119.80263739578993 136.51932130806858 
119.07261613773744 106.0719380079965 124.3460655390752 131.68215407685375 157.77257314633277 111.89886618695482 86.81788078685656 147.1886775045008 114.1304362933073 96.35900055646681 103.17326577623965 131.07210196683673 102.99167365778789 115.93260593040179 93.90651131356765 207.0316859789384 110.31996637676303 120.69370524153942 117.58047578893616 164.4315813418366 146.0928918857153 131.44469234483552 147.77759203271023 119.68958721678234 136.51932130806858 
119.07261613773744 106.0719380079965 124.34530226248307 131.67707873353663 157.7606245124923 111.89881274071956 86.81788078685656 147.09291545731446 114.12214225811852 96.35900055646681 103.17326577623965 131.0719928329711 102.9916658036629 115.7727684976918 93.90550011278071 206.50319637989014 110.28426524098245 120.69370524153942 117.45087733113064 164.43158134177884 146.0928918857153 131.44469234483552 147.37513638885116 119.68958721678234 134.01213950668125 
119.07261613773744 106.0719380079965 124.34469806113054 131.67468802185863 157.7606245124923 111.89881274071956 86.81788078685656 147.09291545731446 114.12214225811852 96.35900055646681 103.17326577623965 131.0718742992765 102.9916658036629 115.7691152371226 93.90265427520194 205.42012501798 110.28426524098245 120.69370524153942 117.45087733113064 164.43158134177884 146.09146824473214 131.44469234482244 145.72376627023084 119.68958721678234 134.01213950668125 
119.07261613773733 106.0719380079965 124.34408225811455 131.67468802185863 157.71786996757044 111.89878664691582 86.81788078685656 147.07483595433973 114.11768246005204 96.35900055646681 103.17326577623965 131.07172520878066 102.99165714328672 115.73918890216316 93.90265427520194 204.56785275738457 110.2813518436231 120.68997204397147 117.23483770629218 164.43158127066727 146.0875693516407 131.44469234482006 145.72376627023084 119.68958721678234 134.01213950668125 
119.07261613773733 106.07191013843652 124.34386059665314 131.67385853671283 157.71013390394137 111.89878664691582 86.81788078685656 147.07483595433973 114.11768246005204 96.35900055646681 103.17326577623965 131.07133175993067 102.99128620365843 115.72416922946661 93.90265427520194 203.21817215871783 110.2813518436231 120.39749948327471 117.07280649649977 164.43158127066727 146.07496469297257 131.4446923447141 145.72376627023084 119.68958721678234 134.01213950668125 
119.07261613773733 106.07191013843652 124.34382449516318 131.67385853671283 157.68347492880116 111.89878664691582 86.81788078685656 147.07483595433973 112.55591647639199 96.35900055646681 103.17326577623965 131.07130450126317 102.99088932004156 115.72066975228131 93.90218758949709 201.58661936319754 110.27909360302391 120.39749948327471 116.8204703777152 164.43158127066727 146.0692297731041 131.4446923447141 145.72376627023084 119.05296465124661 134.01213950668125 
119.07261613773733 106.07190568751997 124.34373381003991 131.67385853671283 157.36570739046476 111.89877931202653 86.81788078685656 147.07356184580124 112.12862251621436 96.35900055646681 101.92370981374484 131.0712589761838 102.99081476711314 115.71985841281185 93.90218758949709 200.8350754672466 110.27807341887728 120.39749948327471 116.71317433079048 164.4315812611312 146.06784236666795 131.4446923446876 145.66686371068192 119.05296465124661 134.01213950668125 
119.07261613773733 106.07190568751997 124.34359854147431 131.6737034336379 157.36570739046476 111.89876173757 86.81788078685656 147.07356184580124 112.0614673756437 96.35900055646681 101.92370981374484 131.0712589761838 102.99073954740948 115.70983437562427 93.90137553613067 199.6891975598137 110.27807341887728 120.08287364104433 116.68200001087564 164.4315812378976 146.05966169215674 131.4446923446876 145.66686371068192 119.05296465124661 134.01213950668125 
119.07261613773733 106.07190491721673 124.34343315162221 131.67369176011834 157.1528966449207 111.89874292394319 86.81788078685656 145.56003005337573 112.05502902371256 96.35900055646681 101.92370981374484 131.07125409211415 102.99073954740948 115.70870317922902 91.98246988947398 199.03667357706786 110.27802452910089 120.06642442046075 116.46876015185751 164.4315812378976 146.05480847237936 131.44469234466555 145.66017835572018 119.0389699099095 134.01213950668125 
115.9565058156112 106.07190102885329 124.34343315162221 131.67363094639632 157.15166259797002 111.62701451985674 86.81788078685656 145.14500797595815 112.03774801128066 94.31251816722863 101.92370981374484 130.8858446957123 102.99069624651338 115.7051187995072 91.77169868505104 198.82403427521535 109.98977161397937 120.03504788449652 116.43581245338805 164.43158123170667 146.05247568861023 130.88396756805957 145.65971194556937 119.0389699099095 134.01213950668125 
115.8625118500969 106.07190102885329 124.34343189604124 131.67359857974498 157.12834821258878 111.62701451985674 86.81788078685656 145.04742556126484 112.03289743346397 94.31251816722863 101.92370981374484 130.818370126339 102.99068701724161 114.32825299132662 91.75618784781585 198.35565899002017 109.98977161397937 120.03504788449652 116.43581245338805 164.43158122101886 145.8179120600488 130.88396756805957 144.88755405694678 119.0389699099095 134.01213950668125 
115.66039572849729 106.07189978807492 124.3433886687485 131.67359857974498 157.11369993423693 111.52257583164726 86.81788078685656 144.94443255151714 110.9650884851211 94.31251816722863 101.29137440245489 130.6186827687028 102.99068701724161 114.32825299132662 91.64188835940217 198.08755596895912 109.92378034172054 120.01290579691386 116.30887647314205 164.43158121964257 145.73906413405052 130.8188166795219 144.88755405694678 119.0389699099095 134.01213950668125 
115.65497804828885 106.07189916768289 124.3433886687485 131.67359741582686 156.5003890371438 111.49911914302464 86.81788078685656 144.94443255151714 110.68563280293506 94.31251816722863 101.29137440245489 130.60543280706997 102.9906821560312 111.95782893734645 91.61455725968239 197.6502704277549 109.80495832133937 120.01290579691386 116.29775699707602 164.43158121949057 145.71050588464118 130.77718217693314 140.4314586460414 119.03191537756413 134.01213950668125 
115.64813327530828 106.07189916768289 124.3433886687485 130.9679769362233 156.43373837244735 111.47420152671452 86.81788078685656 144.93479485986666 110.68563280293506 94.31251816722863 101.29137440245489 130.35884588421686 102.9906693386124 111.91305271682506 91.61455725968239 196.84021536142131 109.62067700919488 120.01290579691386 116.22079452524349 164.4315812193247 145.71050588464118 130.77718217693314 137.70221112981403 119.02997158697951 134.01213950668125 
115.64813327530828 106.07051091985574 124.3433886687485 130.9679769362233 156.43373837244735 111.47078338152687 86.81788078685656 144.90987703006203 110.61377014275666 94.31251816722863 101.29137440245489 130.35490940031696 102.9906693386124 111.78735298993524 91.61455725968239 196.8030236129564 109.59605341124399 119.53443107986345 116.22079452524349 164.4315812193247 145.6837717590256 130.76134967949497 136.79519522270743 119.02960062127045 134.01213950668125 
115.63599596477184 106.07051091985574 124.3433886687485 130.9679769362233 156.43373837244735 111.4656549564761 85.4468634275238 144.90905954802838 110.60040132948473 94.31251816722863 101.29137440245489 130.3156490219344 102.99066475455015 111.73313111152976 91.6128101041212 196.38080223892075 109.5586866297399 119.52095500793052 116.0124071060859 164.4315812190057 143.24170282957073 130.7588937607835 136.76065339000206 119.029072139959 134.01213950668125 
115.63599596477184 106.06985771524495 124.34338857374814 130.9679769362233 156.42820842164906 111.46072947097457 85.4468634275238 144.8929493824603 110.57488330852215 94.31251816722863 101.29137440245489 130.29386411595374 102.99066411147112 111.70971228197482 91.6128101041212 196.25461823525382 109.54916852316285 119.52095500793052 116.0124071060859 164.4315812190057 143.08718494274103 130.75692988650496 136.76065339000206 119.02900435671108 134.01213950668125 
115.63599596477184 106.06934610429903 124.34338811186558 130.94787504873716 156.42820842164906 111.2281730574108 81.69282335078105 144.8929493824603 110.55913817516841 94.31251816722863 101.29137440245489 130.2775287831629 102.99066411147112 111.66091914690321 91.61221995141352 196.04125919310502 109.06511374860338 119.49941160433207 115.95477483959291 164.43158121890485 142.97169307221088 130.75692988650496 136.50591818835892 118.36082599496024 134.01213950668125 
115.63599596477184 106.06934610429903 124.34338811186558 130.94787504873716 156.2499508363768 111.03963369306285 81.69282335078105 144.8929493824603 110.55473620657818 94.31251816722863 101.29137440245489 130.2775287831629 102.99066394239514 111.66091914690321 91.61089723333475 195.62689414477734 109.06511374860338 119.48064770031431 115.95145015508115 164.43158121889815 142.9493603546083 130.55193197342305 136.49180380457256 118.36082599496024 134.01213950668125 
115.63599596477184 103.59858429802875 124.34338811186558 130.93838695453894 156.13953681073963 110.99072610562638 81.59968291257616 144.29896853205094 110.51432226001964 93.97747348278631 101.29137440245489 130.2775287831629 102.99066379294675 111.64326436447487 91.6103429811048 195.06863531861495 109.05581777443615 119.44785166726058 115.73805954966701 164.43158121881834 142.93229303097507 130.37344483209222 136.46709269683095 118.28838489856116 134.01213950668125 
115.63599596477184 102.91259774181071 124.34338798381577 130.93738607871023 156.12008913473733 110.99072610562638 81.59685240475028 144.29896853205094 110.46126486789308 93.97747348278631 101.29137440245489 130.27118133440604 102.99066358750832 111.64326436447487 91.60896207611285 195.06366327269632 108.9485280143827 119.26153800255304 115.73805954966701 164.43158121881834 142.93229303097507 130.37344483209222 136.41664853704538 117.7308423273912 134.01213950668125 
115.63599596477184 102.91259774181071 124.34338797365581 130.9372084760953 155.08862019930507 110.98706166797854 81.52900746266226 144.28456662046676 110.39488926542464 93.97747348278631 101.29137440245489 130.2698196311228 102.99066358750832 111.64151935360496 91.60882921137807 194.93471454697442 108.88645285000598 119.04198374569683 115.73153897401039 164.43158121881834 142.92968610040407 130.37344483209222 136.41664853704538 117.7308423273912 134.01213950668125 
115.63599596477184 102.91259774181071 124.34338795078384 130.93685070940876 155.08862019930507 110.43481292730064 81.512820222666 144.28456662046676 110.38871523375565 90.21673607609716 101.29137440245489 130.2698196311228 102.99066358750832 111.64151935360496 91.60882921137807 194.90214714605747 108.88325176318608 119.02168928081085 115.71250196639141 164.43158121881834 142.92951691407052 130.35612682224973 136.40088554985505 117.7308423273912 134.01213950668125 
115.63599596477184 102.91259774181071 124.34338795078384 130.93660069076384 154.79317669529837 110.43481292730064 81.512820222666 144.27954692229866 110.38047663653089 90.21673607609716 101.00763300633537 129.99407026545327 102.99066335676434 111.27251528340321 91.60860144066692 194.90214714605747 108.83634360832792 118.98073216512466 115.12985036929433 164.43158121881834 142.92951691407052 130.3500659655906 136.39857619716759 117.7037257791352 134.01213950668125 
115.63599264991183 102.91259774181071 124.34338795078384 130.933184822008 154.6778002626114 110.43481292730064 81.512820222666 144.27954692229866 110.38047663653089 88.46146082457881 100.84041488093538 129.9092975111297 102.99066335676434 111.27251528340321 91.60841354072295 194.6272642840937 108.83634360832792 118.97578093085951 115.10142696643516 164.43158121881834 142.92951691407052 130.34015405964806 136.39857619716759 117.70263086973569 134.01213950668125 
115.63599264991183 101.86815370795574 124.34338794856922 130.11428120703488 154.39353973349478 110.43481292730064 81.512820222666 144.27954692229866 110.37446074239415 88.44321670635003 100.84041488093538 129.9092975111297 102.9906633157683 111.09037960972506 91.60841354072295 194.4495515854701 108.83145609021204 118.9634452545854 115.00404819403946 164.43158121881834 142.92950914100686 130.33651580624405 135.99830282406583 117.70263086973569 134.01213950668125 
115.63599264991183 101.86815370795574 124.34338793368568 130.11428120703488 154.3594393446457 109.90507219402383 81.512820222666 144.27954692229866 110.37446074239415 86.19952931294534 100.84041488093538 129.9092975111297 102.99066329475534 110.97822855524453 91.60837822422093 194.41244644542235 108.83145609021204 118.9606700410701 114.98721701303305 164.43158121881834 142.92930124250393 130.33651580624405 135.9883275865235 117.69807105822565 134.01213950668125 
115.62487637947947 101.82829933129955 124.34338793368568 130.11428120703488 154.35933644387433 109.90507219402383 81.512820222666 144.27954692229866 110.37329650729743 84.96231587316083 100.84041488093538 129.9092975111297 102.99066320787824 110.97822855524453 91.60837822422093 194.2654479390194 108.82784566971463 118.9598604362692 114.81612931413963 164.43158121881834 142.92929113188836 130.33613793216796 135.9883275865235 117.69807105822565 133.58127558521267 
115.20273517173848 100.85293849924801 124.34338792545793 130.11428120703488 153.60635654120324 109.90507219402383 79.83617448405761 144.27847557450139 110.3731890421517 84.96231587316083 100.84041488093538 129.9026833519922 102.99066316316078 110.97822855524453 91.60828959715491 194.2654479390194 108.82784566971463 118.95946767985629 114.79416256960542 164.43158121881834 142.92919587474933 130.33613793216796 135.89878990096008 117.69675558987751 133.58127558521267 
115.20273517173848 100.7219381058868 124.34338792545793 126.60617194447605 153.60635654120324 109.88009344927264 79.83617448405761 144.27439883175566 110.3718421540973 84.96231587316083 100.84041488093538 129.9026833519922 102.99066314856123 110.9682364828821 91.60828959715491 194.19197278525348 108.82653181695218 118.95917840608911 114.79260169017687 164.43158121881834 142.92919587474933 130.33613793216796 135.74790665570674 117.48964899318742 133.58127558521267 
115.19541475115057 100.62750654803722 124.34338792348922 126.60617194447605 153.60635654120324 109.54775090535173 79.83617448405761 144.27091552127172 110.13497179689347 84.96231587316083 100.83050551146738 129.89837274209344 102.72974872594648 110.96499654278597 90.83131451888755 194.0112938426961 108.58774650429223 118.95769663976137 114.76191142755113 164.43158121881834 142.92919587474933 130.33613793216796 135.74790665570674 117.23651129592872 133.58127558521267 
115.18534684544147 100.5798003263094 124.34338792230119 126.60617194447605 153.60635654120324 109.07397205886446 79.29483981965967 144.27091552127172 110.09895664369662 84.96231587316083 100.82776686326531 129.89837274209344 102.70452264683536 110.96463933673982 90.83131451888755 193.98352653614745 108.57246444884942 118.95769663976137 114.75992006923946 164.43158121881834 142.92919372911956 130.1150431442802 135.53450940193193 116.96617691164624 133.58127558521267 
114.56035720903424 100.57711247094488 124.12844194904005 126.60617194447605 153.39747309119366 109.02272564206743 79.29483981965967 143.3741453565251 110.09345794752483 84.96231587316083 100.8266536963489 129.89837274209344 102.19418764168785 110.9615379634231 90.83131451888755 193.9524753320186 108.43642431794638 118.95769663976137 114.75773277793758 164.43158121881834 142.92919372911956 130.1150431442802 135.51125584093472 116.96617691164624 133.58127558521267 
114.56035720903424 100.57711247094488 124.09220797941441 126.60617194447605 153.2995578019145 108.96948569759377 79.23636825632843 140.74373937227108 110.07196763288323 84.93484964354349 100.82656310555456 129.8978539511611 102.19418764168785 110.95993966507893 90.83131451888755 193.942999810909 108.3397149183296 118.95769663976137 114.6597444642889 164.43158121881834 142.9291923993029 130.095205409154 135.51125584093472 116.96488844672263 132.30498820079492 
114.56035720903424 100.57182506580187 124.08620851533965 126.58113326410103 153.2995578019145 108.92700070489161 79.23636825632843 140.36020608801027 110.03927354885866 84.93484964354349 100.82607890555016 129.80716262934072 102.16308967038424 110.95832280179354 90.83131451888755 193.8115246515232 108.2952064119649 118.95769663976137 114.6533434591496 164.43158121881834 142.90804432134723 129.90313668448448 135.21957187185944 116.94254222872394 132.30498820079492 
114.56035720903424 96.17688976252379 124.07909124957564 126.56179945124086 153.29753312140724 108.90745857905927 79.23097525063605 140.36020608801027 110.03927354885866 84.93191731537888 100.82583782829238 129.76351211648796 102.15337130894807 110.95832280179354 90.82902817701506 193.801590937725 108.28520018735816 118.95769663976137 114.61977939063843 164.43158121881834 142.8824571481207 129.90313668448448 135.21796861679013 116.94254222872394 132.30498820079492 
114.56035720903424 96.07917281297284 124.07773233604178 126.22935565130854 153.29649714270136 108.90745857905927 79.22874276989455 140.34573490081993 110.03695842243246 84.93191731537888 100.82583782829238 129.76235215544614 102.15337130894807 110.95832280179354 90.82902817701506 193.801590937725 108.28520018735816 118.95768910255686 114.61135263179017 164.43158121881834 142.8824571481207 129.88941138439452 135.0999742766437 116.94254222872394 132.30498820079492 
114.56035720903424 96.07917281297284 124.07773233604178 126.13535043623995 153.29447196691115 107.11828250505857 79.22874276989455 140.3172641773824 110.02910775794055 84.93191731537888 100.82583782829238 129.75902101601355 102.15337130894807 110.95828098683813 90.82618664506964 193.71376068305483 108.28313480388704 118.95761521373504 114.60430805581223 164.43158121881834 142.8824571481207 129.88941138439452 135.061682176987 116.93681619231029 132.30498820079492 
114.56035720903424 95.74081803439259 124.07712914684328 126.13535043623995 153.1538053102313 106.05509403978851 79.22874276989455 140.3070222578525 110.02758481938378 84.93191731537888 100.82573476462414 129.7457754939827 102.15335231064705 110.95827512142017 90.82618664506964 193.71211273106735 108.2758129642749 118.95761521373504 114.60226616731734 164.43158121881834 142.71125658511664 129.88919234411435 134.96815268996113 116.93681619231029 132.30498820079492 
114.56035720903424 95.65798605420844 124.0762449888789 126.13535043623995 153.08300363524745 106.0289525358055 79.22843672840366 140.3036569708862 110.02758481938378 84.93191731537888 100.82573476462414 129.7392847320823 102.1469733111727 110.95827512142017 90.82549878274364 193.7008007146569 108.26960364736681 118.95761351133501 114.60226616731734 164.43158121881834 142.70814770673314 129.88363488794403 134.96815268996113 116.93681619231029 132.30498820079492 
114.56035720903424 95.65798605420844 124.07299892693777 126.13535043623995 152.9168697635181 106.01988555335453 79.22843672840366 140.3006747017348 110.02758481938378 84.93034036486551 100.82573476462414 129.7392847320823 102.1469733111727 110.95827512142017 90.82473163499571 193.70052997339906 108.26960364736681 118.95760078509807 114.6008824109083 164.0034226090545 142.6938947480926 129.88363488794403 134.96511522204764 116.93681619231029 132.30498820079492 
114.56035720903424 95.65798605420844 124.02458462419713 126.13535043623995 152.88554559848149 106.01209850739599 79.2282411750511 140.29954098811447 110.02706693868487 84.93034036486551 100.82573476462414 129.73207219199128 102.1469733111727 110.95827512142017 90.8243284167296 193.6859646097962 108.2686290092584 118.59293524216605 114.6008824109083 163.96982087350762 142.66365876239433 129.7330911987251 134.9620783923432 116.93681619231029 132.30498820079492 
114.56035720903424 95.6558479277648 123.89338010954089 126.13535043623995 152.8212504051445 106.00653390435855 79.2282411750511 140.29621536428021 110.02706693868487 84.93034036486551 100.82573369036328 129.6037488557488 102.14687653737644 110.958271029375 90.61924584425913 193.63674669457646 108.2686290092584 118.50391610452539 114.60052134129944 162.7809054044901 142.64899910103702 129.6502534145045 134.94640021133637 116.93681619231029 132.30498820079492 
112.74753810128493 95.52810565694483 123.8311366743211 126.13262945724887 152.8212504051445 106.00510635761191 79.22823818248492 140.06443798847704 110.02706693868487 84.93034036486551 100.82573329427095 128.28090683663072 102.14673344610594 110.95827035171101 90.4621165217522 193.60682402597968 108.26813201283005 118.45259033548427 114.60052134129944 162.64320981445348 142.63217896093272 129.6461134456656 134.94640021133637 116.93681067827902 132.30498820079492 
112.10511038973607 95.46235730639779 123.8311366743211 126.12767797246363 152.81615655231576 106.00463749296682 79.22823629452091 140.05515610485566 110.02702318201148 84.93034036486551 100.82573311093398 128.28090683663072 102.14624707723124 110.95826882116518 90.4621165217522 193.60188518299617 108.26813201283005 118.45259033548427 114.60050190499692 162.23260175483438 142.61130621552297 129.6461134456656 134.5871823185439 116.81025770408655 129.1907303811172 
112.05335155769058 95.42480473996596 123.8311366743211 126.12767797246363 152.81073077176984 106.00456850427486 79.22823040866302 140.05515610485566 110.02700047751466 84.91112061195741 100.82573311093398 127.15264103245181 102.14624707723124 110.95826838640613 90.4621165217522 193.6006842697327 108.26804939254669 118.16501676677308 114.6004041217202 162.19915803239883 142.61130621552297 129.62703716742965 134.57047225856002 116.77098647273237 129.1907303811172 
112.01653824765685 95.42480473996596 123.82227360379682 126.12510181098992 152.81073077176984 105.99732492048088 79.22822292926162 140.03239369730693 110.02700047751466 81.66483295066138 100.82573292079536 123.20310416931557 102.14618237521961 110.9582666303902 90.4621165217522 193.59448853682534 108.26782438350887 118.13428397374412 114.6004041217202 162.11957758179392 142.60967143159496 129.62703363384492 134.5664564474191 116.69152349076035 129.1907303811172 
112.00547088358428 95.42480473996596 123.821777035472 126.12510181098992 152.53405041811834 105.99732492048088 79.22822280889272 139.83277382841686 110.02698854320431 81.66483295066138 100.82573289296352 123.20310416931557 102.14614306790764 110.9582666303902 90.4621165217522 193.59448853682534 108.26774050006696 118.1184561370435 114.60029908009221 162.08739777219785 142.6086146608892 129.62703363384492 134.55029737514064 116.69152349076035 129.1907303811172 
111.99867366197452 95.42480473996596 123.82042416981676 126.1238141470086 152.53405041811834 105.99417412644812 79.22822213087198 139.81677392269262 110.02698796532917 81.66483295066138 100.82573284535329 123.20310416931557 102.14614306790764 110.95826629663281 90.46068909226568 193.59193622790804 108.26771556191761 118.1108675940651 114.60029118002387 162.07982445583798 142.60860808601217 129.62483547947022 134.55029737514064 116.68533504547827 129.1907303811172 
111.99632192504919 95.42480473996596 123.45260435652972 126.1238141470086 152.49171918031357 105.69876072753868 79.22822213087198 139.81284673099458 110.02698729969154 81.66483295066138 100.82573283608696 123.20310416931557 102.14612348010519 110.9582655837932 90.46068909226568 193.59193622790804 107.99260338907015 118.10927983651868 114.60028931883357 162.0645312086599 142.6054825568151 129.62384186151644 134.54393329745778 116.68533504547827 129.1907303811172 
111.99632192504919 95.42361948892528 123.42212188887561 126.1238141470086 152.49171918031357 105.55989963532966 79.22822213087198 139.80705645763965 110.02698562565467 81.66483295066138 100.82573283608696 119.17258745758534 102.14612348010519 110.9582655837932 90.46068909226568 193.59193622790804 107.94807978556048 118.10271695667609 114.6002802361129 162.0586157939465 142.6054825568151 129.6234140686704 133.78186665908515 116.68533504547827 129.1907303811172 
111.99632192504919 95.42361013419645 123.42212188887561 126.1238141470086 152.28039664967264 105.55989963532966 79.22822213087198 139.80082465572264 110.02698562565467 81.66483295066138 100.82573283608696 116.48770387125217 102.14612348010519 110.95826487093791 90.459838605747 193.59176013054093 107.94443249183774 117.96064334769676 114.52579814662681 161.7910785935378 142.60516880178625 129.4600725800451 133.78186665908515 116.68459425468586 128.93367337331256 
111.99632192504919 95.42361013419645 123.42076383898097 126.12338835289302 152.22216556738022 105.36176772432543 79.22822213087198 139.80082465572264 110.02698454994277 79.63699849995538 100.82573283068496 114.53239351452646 102.14612348010519 110.95826487093791 90.4584142689647 193.59141542852763 107.94307903323909 117.25797963093271 114.51791000840228 161.72931885084427 142.6043753417996 129.4547584839405 133.78186665908515 116.35219143172924 128.93367337331256 
111.99610402484478 92.77866274096323 123.42076383898097 126.12333543682678 152.22216556738022 105.33850267762995 79.22822213087198 139.80076494843445 110.02698454994277 79.093743092056 100.75570789744052 114.24863196624005 101.46745311812413 110.95826487082104 90.4584142689647 193.5910169922688 107.90201236334633 117.25797963093271 114.51077612318659 161.7263888588875 142.60430843325616 129.44663824180338 133.78186665908515 116.34971364094724 128.93367337331256 
111.99610402484478 92.45898094788026 123.41950200735357 126.12333543682678 152.19850845553742 105.2833653569482 79.22822212962319 139.80037687561946 110.02698437496088 79.09023016697512 100.67090715731393 113.29218469677949 101.46745311812413 110.95826483241945 90.4575086572637 193.59088956729352 107.80586941400873 117.25797963093271 114.50528279566083 161.72140673938247 142.60424823821245 129.44460936540543 133.78186665908515 116.32808038960786 128.93367337331256 
111.99610402484478 92.45898094788026 123.41799690173332 126.12333543682678 152.19850845553742 105.2833653569482 79.22020504657746 139.80037687561946 109.91933846636454 79.0217252291601 100.67090715731393 108.4198140411541 101.07967952511325 110.95826483241945 90.4575086572637 193.5907336862283 107.80586941400873 117.25797963093271 114.50008983555563 161.7190320257464 142.60424823821245 129.41180877282318 133.5369003631272 116.32808038960786 128.93367337331256 
111.99610402484478 92.45898094788026 123.41766946371422 126.12322845178801 152.09105278157722 105.2833653569482 79.17107569125704 139.80037687561946 109.88981017961902 79.0130798886347 100.67090715731393 108.4198140411541 101.05111781563437 110.95826483241945 90.45707645029444 193.5567442319109 107.80586941400873 117.24567425207556 114.50008983555563 161.7190320257464 142.6041588142956 129.27141798054822 133.5369003631272 116.32808038960786 128.93367337331256 
111.99586069551924 92.45898094788026 123.41704495107433 126.12322308561681 152.0396476099237 105.2833653569482 79.17107569125704 139.55229126451434 109.86175998150657 78.991894241306 100.67090715731393 108.08378582385114 100.56331853291266 110.95826479245312 90.45693915016108 193.47355959112303 107.80113295879437 117.2427960374498 114.42936650516458 161.71790624690243 142.60412622561944 129.24416879452303 133.5369003631272 116.32729096669095 128.93367337331256 
111.99562197173941 92.45898094788026 123.41505959880931 126.12316495252423 151.98956757199403 105.2833653569482 79.17107569125704 139.52732623456063 109.79053342249495 78.991894241306 100.67090715731393 107.00037053691233 100.55472477967709 110.95826479245312 90.4568512542117 193.47138545213193 107.79109889468987 117.0548411680071 114.37379278222647 161.71790624690243 142.60412097881863 129.24416879452303 133.5252700304411 116.05924174268148 128.93367337331256 
111.99562197173941 92.45898094788026 123.41481577277568 126.12316495252423 151.98874208880125 105.28233870568124 79.17107569125704 139.49534454762397 109.79053342249495 78.991894241306 100.63076656889473 107.00037053691233 100.54360631021893 110.95826479245312 90.2439762085931 193.4691392019838 107.78789721872147 116.8950420991805 114.31219011867734 161.71790624690243 142.60410441909573 129.24416879452303 133.5183780624327 116.05924174268148 128.93367337331256 
111.99562197173941 92.45898094788026 123.41476167656117 126.12316495252423 151.75997586881203 105.28233870568124 79.17073097614337 139.49534454762397 109.77353682273514 78.991894241306 100.62433898959944 106.6312124648486 100.47597482979427 110.95826479245312 90.2019884493833 193.4691392019838 107.78379880950541 116.87469906082401 114.31173491040045 161.71758958279486 142.60408379910132 129.2423680351842 133.5183780624327 116.0518676720659 128.93367337331256 
111.99559331027405 92.37350282974029 123.11351897187683 126.12316495252423 151.71098601378526 105.28233870568124 79.17073097614337 139.07131077761767 109.65591378578893 78.991894241306 100.62433898959944 105.15426805154226 100.44941836934419 110.95826478925125 90.168154767246 193.4691392019838 107.78379880950541 116.87469906082401 114.30641829896649 161.71758958279486 142.60408379910132 129.23655232670728 133.51685729681083 116.03891095722906 127.40506173119377 
111.9453719923876 92.36295107729029 123.09056420893558 126.12316495252423 151.5488695847281 105.16391926008629 79.17059861216035 139.07131077761767 109.15626709354694 78.991894241306 99.31420417147683 104.1055321990325 100.40159426088496 110.95826478681977 90.168154767246 193.4691392019838 107.78379880950541 116.87469906082401 114.30427648919465 161.71758958279486 142.48455812011412 129.23655232670728 133.35300531345092 116.0331906177903 127.40506173119377 
111.93552067542623 92.36295107729029 123.00557088437415 126.12316048405773 151.50440312543128 105.16391926008629 79.17056087171181 139.07131077761767 109.15626709354694 78.991171214855 99.31420417147683 103.76829593120385 100.34259084931824 110.95826478681977 89.86875382901746 193.46903682447078 107.59627962418284 116.7401218842607 114.30360369530376 161.53964934718408 142.24629780601867 129.23615478743125 133.30114672894035 116.02933237501952 127.40506173119377 
111.93392708189975 91.96080453566469 123.00557088437415 126.12315682693952 151.50440312543128 105.16391926008629 79.17056087171181 138.99075115920323 109.15626709354694 78.99047425657665 99.11185755282372 103.1042289122301 100.30629429637503 110.95826478681977 89.7537208195854 193.41370438828324 107.55958064281151 116.54930449261815 114.3014003720682 161.53964934718408 142.2279385426492 129.23429563249897 133.1968772992177 116.02933237501952 127.40506173119377 
111.93392708189975 91.96080453566469 123.00557088437415 126.12315651494794 151.44076766765113 105.16259399561233 79.17052983291376 138.99075115920323 109.15626709354694 78.99029444555362 99.03029232076642 103.1042289122301 100.30629429637503 110.95826478645733 89.7537208195854 193.36680206786457 107.47594346377144 116.20220589227961 114.3014003720682 161.52968023483004 142.00245717221856 129.23374974820263 133.1968772992177 116.02933237501952 127.40506173119377 
111.93272317884441 91.96080453566469 123.00420638058392 126.12315437589439 151.42199078910892 105.16060931220318 79.17052983291376 138.99075115920323 109.15626709354694 78.99029444555362 98.97567527060352 103.1042289122301 100.30629429637503 110.95826478645733 89.73073660748116 193.34615860771987 107.40566249151294 116.07921922684477 114.3014003720682 161.48852235188633 141.99664132532052 129.23374974820263 133.19644544381697 116.02842257341683 127.40506173119377 
111.93272317884441 91.95686902035095 122.785851925511 126.12043756078151 151.41962904883087 104.9427914015202 79.17052649467485 138.99075115920323 107.80999458166184 78.99029444555362 98.94328979062175 102.9833577655956 100.27790565113577 110.95826478645733 89.73073660748116 193.3362944528551 107.40377207417737 115.87137383727247 114.24695874684016 161.48635668233692 141.9881800405111 129.23284785642363 133.19644544381697 116.02678176704683 127.40506173119377 
111.9309748583592 91.95686902035095 122.785851925511 126.11509182839188 151.03096920305472 104.9283396359823 79.09835567543456 138.98598424200952 106.4782306184689 78.99011570069962 98.92354923992605 102.9678903310218 100.2755306616308 110.95826478582973 89.72738055143213 193.3347875319805 107.28423824842667 115.86634677072448 114.22703406446237 161.48635668233692 141.9710181522221 129.23272121002526 133.1956041103182 116.02678176704683 127.40506173119377 
111.92982831333302 91.95581518727727 122.76954783844042 126.1018608294712 151.03096920305472 104.89806774688753 77.43598646456718 138.95409861654866 106.4782306184689 78.99011570069962 98.91836401172475 102.9678903310218 100.26735866028775 110.95826478456769 89.34652842711887 193.3341513886039 107.28423824842667 115.4241571398486 114.16119172995775 161.47617402523986 141.9710181522221 129.23178559301516 133.19454916265272 116.02676779287526 122.31965438206544 
111.92982831333302 91.95581518727727 122.76954783844042 126.1018608294712 150.99118749047204 104.89806774688753 77.43598646456718 138.94642605346712 105.89710901953538 78.99011570069962 98.91830067601018 102.9678903310218 100.04811738718905 110.95826478456769 89.2688665002371 193.33382086808035 107.24197408229492 115.4241571398486 114.10097838230058 161.47617402523986 141.9615738344918 129.23178559301516 132.9868363458802 115.66645581586044 122.31965438206544 
111.79032366786686 91.95389775979368 122.76391783805389 126.09935798017102 150.85117445696858 104.88001488121728 77.43598646456718 138.9356816475124 105.89710901953538 78.99005884324583 98.91614048889835 102.9674837469206 100.04149425477317 110.95826478444303 89.16056755751242 193.33382086808035 107.21289154488937 115.264192454046 114.06695275243055 161.4755067673376 141.96146057820954 129.23178559301516 132.9868363458802 115.66645581586044 122.31965438206544 
111.65498689242065 91.95092847850674 122.76332238889097 126.09644575643733 150.67632726501756 104.73783685995716 77.43598646456718 138.93147819493674 99.5827880074711 78.99005884324583 98.91614048889835 102.09652391227871 100.04149425477317 110.74264692747568 88.96605417461967 193.33370429858212 107.21289154488937 114.42420080336933 114.05506580925237 161.47479600664326 141.96051391785022 129.2317791132093 132.95932467384455 115.66645581586044 122.31965438206544 
111.6221067888169 91.34082960000507 122.52274790119964 126.09508587142761 150.58250573592227 104.47824389173832 77.43364480662024 138.93136407150905 97.0180611019548 78.99005884324583 98.91489558756348 102.09652391227871 100.02770215734552 110.72424259164518 88.96605417461967 193.3336724051852 107.21289154488937 114.42420080336933 114.05392152664285 161.47467115961638 141.95815517537085 129.2317791132093 132.95932467384455 115.65882879218009 122.31965438206544 
111.58449337389789 91.34082960000507 122.50270588568969 126.09456083626878 150.58250573592227 104.40492549146614 77.43364480662024 138.92762282005674 86.7135799524113 77.94605383852752 98.91489558756348 102.09652391227871 100.0166745625587 110.66708468544266 88.95092428708381 193.33355396843888 107.21289154488937 114.42420080336933 114.05116437692436 161.47415738545112 141.86193636487508 129.23176407409028 132.9555562234102 115.64208128608766 122.31965438206544 
111.58449337389789 91.34082960000507 122.50270588568969 126.09438885733675 150.44072540433774 104.39217396541835 77.43071384551206 138.925512259558 84.84978538862072 77.32832652174034 98.91479385705657 102.09652391227871 99.66519935206918 110.66708468544266 88.94110288080583 193.33353746907335 107.03017563442683 114.39397985545406 114.04719468686687 161.47369495924454 141.82165164498247 129.23176407409028 132.74327055872823 115.6381747066373 122.31965438206544 
111.58300657838379 91.34082960000507 122.50270588568969 126.09414143758386 150.42553666597837 104.38515243706166 77.43071384551206 138.75477639081294 84.78748681504192 77.29315406850492 98.91479385705657 102.09652391227871 99.66519935206918 110.3595365833998 88.94110288080583 193.3334780916324 107.02199598135087 114.19379371527566 114.0459553039127 160.998000472154 141.79991561748773 129.23176407409028 132.71156250918068 115.63761088617412 122.31965438206544 
111.58300657838379 91.34082960000507 122.04745740380474 126.09339117944069 150.42553666597837 104.36160101697078 77.4300190133535 138.75477639081294 83.19406651335618 77.07617407645853 98.91473982843536 102.09618091843203 99.66519935206918 110.31280991721871 88.93658228480149 193.3334780916324 107.02199598135087 114.14320393781782 114.0459553039127 160.998000472154 141.776128770093 129.23176407409028 132.71156250918068 115.63729090858124 122.31965438206544 
111.58300657838379 91.33635555956562 121.85023153537156 126.09317815438635 150.40948064840052 104.35403278569379 77.42949878094532 138.7483879552408 83.07415675868856 77.03269151286054 98.91460959740675 102.09577604688491 99.66519935206918 110.252255449563 88.93301297308301 193.3334780916324 107.02199598135087 113.39871830545485 114.0459553039127 160.998000472154 141.3115227440827 129.23176407409028 132.70814345762528 115.63729090858124 122.31965438206544 
111.58300657838379 91.32768526965418 121.85023153537156 126.09317815438635 150.4028978383393 104.35403278569379 75.24639330797044 138.7188946460784 83.07415675868856 77.03269151286054 98.91460959740675 102.09545106953618 99.66519935206918 110.06202947235283 88.93301297308301 193.33345498834092 106.82163185633135 113.39871830545485 114.04570637576694 160.93192020573906 141.3115227440827 129.23176407409028 132.70285507584117 115.63729090858124 122.31965438206544 
111.58066080955825 91.32768526965418 121.85023153537156 126.09313947835665 150.39698801839427 103.9798361158231 75.19729813942132 138.71405147870837 83.068155840661 77.03269151286054 98.56403290522576 102.09545106953618 99.66348128652385 110.0536206576295 88.93157655599236 193.3334539788134 106.802539009388 113.39871830545485 114.04550239169384 160.9199979170695 141.28315907937372 129.23176407409028 132.69438524019085 115.63729090858124 122.25127011756229 
111.58066080955825 91.32768526965418 121.75142140856758 126.09313947835665 150.39497989713573 103.9798361158231 74.86666397882846 138.71085387527978 82.95156801652365 77.03269151286054 98.56403290522576 102.09238864491488 99.66348128652385 110.02883375391605 88.93157655599236 193.33344574034334 106.7974104117664 113.33211164640761 114.04547069858393 160.89340557190712 141.28315907937372 129.23176122991117 132.2110684332913 115.63726995579202 122.25127011756229 
111.58066080955825 91.30712821383582 121.73842310007035 126.09313947835665 150.22132639592223 103.9529776765998 74.84475140788629 138.7092406613856 82.63942038657194 77.03269151286054 98.56403290522576 102.09238864491488 99.65722375884786 110.00650107366152 88.93137982443028 193.33344574034334 106.792592182247 113.28802091307523 114.04540708160187 160.87295189866802 141.27901470902407 129.23176044040054 132.2110684332913 115.63722465664273 122.25127011756229 
111.58066080955825 91.27256164623662 121.73842310007035 126.09313679559818 150.22132639592223 103.94276869589623 74.74884209219817 138.7092406613856 82.63942038657194 77.03269151286054 98.56403290522576 102.09054363720679 99.6549595448962 109.98733178745033 88.93099503184999 193.3334448858618 106.792592182247 113.28802091307523 114.04538945720685 160.8579614806447 141.2724984280237 129.23175909139673 132.19986869759532 115.63722465664273 122.25127011756229 
111.58066080955825 91.17923813083064 121.73842310007035 126.09311485509909 150.22132639592223 103.94276869589623 74.74884209219817 138.51627994739488 82.36203632240142 77.03269151286054 98.56403290522576 102.09041392391816 99.6549595448962 109.96807592991502 88.68550512398406 193.33344224968027 106.79221818595693 109.97659038848599 114.0453360971984 160.8309249520487 141.27215319839183 129.23175909139673 132.19986869759532 115.63721067591837 122.25127011756229 
111.58066080955825 91.17923813083064 121.73656049518058 125.93579771824727 150.19038390735636 103.94276869589623 74.74884209219817 138.4845637552379 80.07209837404685 77.03269151286054 98.5617125272459 102.0897495155258 99.6549595448962 109.92277955292923 88.0257179540585 193.33344224968027 106.79111451293699 109.6765169917299 114.0453360971984 160.8208324245693 141.27186196607 129.23175894110022 132.15589412117356 115.63719049938652 122.25127011756229 
111.58061446076533 91.17923813083064 121.73577509873417 125.93579771824727 150.19038390735636 103.93991559206177 74.74884209219817 138.48338677677884 78.58249023863942 77.03269151286054 98.56126386162572 102.08901002035782 99.65442138219544 109.76402227990616 88.0257179540585 193.33343057313766 106.61007221334506 109.64844374478548 114.04533459273887 160.81908282709173 141.27135609640527 129.23175892929135 132.15589412117356 115.63719049938652 122.25127011756229 
111.5804579973236 91.17923813083064 121.73577509873417 125.93003327639053 150.1828312072256 103.93673606952302 74.74213038086498 138.4726950319034 78.55781561777349 77.03269151286054 98.56126386162572 102.08901002035782 99.65442138219544 109.7563651801047 88.0257179540585 193.3334304956561 106.61007221334506 109.61203279932977 114.0453283650296 160.806129275098 141.26994751983966 129.23175889691265 132.13372216839593 115.63718382742411 122.25127011756229 
111.5804068896478 90.76020701097633 121.73570662486998 125.93003327639053 150.17900336506546 103.93673606952302 74.74197017155046 138.4726950319034 77.97839646426996 77.03269151286054 98.23777068490057 102.08901002035782 99.65442138219544 109.75284090312289 88.0257179540585 193.33342535375425 106.47952244306714 109.49958679127514 114.04531911356548 160.79852796278715 141.11982694488995 129.23175861665152 132.13372216839593 115.63718382742411 122.25127011756229 
111.5804068896478 90.76020701097633 121.7340018080115 125.90520526252442 150.1728991273145 103.93537482609219 74.74197017155046 138.47253844636327 77.94393758455936 77.03267809468008 98.23261060720779 102.00725113840934 99.65442138219544 109.74588303302619 88.0257179540585 193.33342474703647 106.46904854500633 109.30594291035464 114.04530797016412 160.79580376348815 141.00055427974166 129.23175854886574 132.13139688650938 115.63718382742411 122.25127011756229 
111.5804068896478 90.72497153680729 121.73383521959681 125.9031224086192 150.1718696889601 103.66668897305527 74.74043350505542 138.33912828180678 77.8866337172417 77.03245421007261 98.19340947228909 101.9513517446951 99.452107882316 109.7323606243919 88.0257179540585 193.30397030733639 106.46904854500633 109.23260981466171 114.04530385261319 160.7954197574104 140.9857095644711 129.23175852008217 132.13139688650938 115.63718229438211 122.25127011756229 
111.5804068896478 90.72497153680729 121.73354275501936 125.9031224086192 150.17111887535282 103.66668897305527 74.4187873035321 138.33838482346323 77.8866337172417 77.03236283763727 98.19340947228909 99.73286532944871 99.452107882316 109.72168079711594 88.0257179540585 193.2890911174817 106.46904854500633 109.23260981466171 114.04530385261319 160.79382077341916 140.8943505453368 129.23175852008217 132.12643971993896 115.63718154831088 122.25127011756229 
111.5804068896478 90.72497153680729 121.6339504694389 125.90142197689454 150.17111887535282 103.6530093962607 74.41587074208144 138.30390237755887 77.8866337172417 77.03236283763727 98.19340947228909 99.41889334272258 99.452107882316 109.24407181343645 88.0257179540585 193.28664343230844 106.46904854500633 109.12849204353563 114.04530384139207 160.79163439078002 140.8410958895987 129.23175852008217 132.11525101837174 115.63718154831088 122.25127011756229 
111.5804068896478 90.721971568394 121.56612431884048 125.90142197689454 150.0806877172388 103.6530093962607 74.40019955675007 138.288354681525 77.86703107473056 77.03236283763727 98.18612127941276 99.41889334272258 99.4481249348529 109.24407181343645 88.0257179540585 193.28195378515693 106.46904854500633 109.1258469665998 114.04530378798165 160.79163439078002 140.82920926061672 129.23175852008217 132.11525101837174 115.63718131773749 122.25127011756229 
111.5804068896478 90.71877556197751 121.55083038736166 125.90142197689454 150.0046416059597 103.6530093962607 74.39673278533712 138.28525584243664 77.85727226811542 77.03236283763727 98.18612127941276 99.38580717525821 99.43781193673527 109.05443450571744 88.0257179540585 193.27969045732175 106.46416763093839 109.0253462947623 114.04530359442845 160.79163439078002 140.828781859934 129.23175852008217 132.1137473423115 115.54762980324642 122.25127011756229 
111.5804068896478 90.71631809055287 121.55083038736166 125.9009006448432 150.0046416059597 103.63840094384142 74.39673278533712 138.28525584243664 77.85587987968427 77.03236283763727 98.18572955024024 99.38527402221325 99.43552591629623 109.05443450571744 87.71903005662614 193.2401136420758 106.46079305850895 108.96096349441711 114.04530354342364 160.79087772603543 140.82628425491998 129.23175851972348 132.11315226015336 115.50686391928605 122.25127011756229 
111.58040672995156 90.71601656190745 121.49785112561699 125.9009006448432 149.99206121545967 103.63575406992794 74.39429417929148 138.28525584243664 77.85587987968427 77.03236283763727 98.18572955024024 99.3258523049671 99.43527572246995 109.04262764519865 87.71903005662614 193.23483430564386 106.40072592683043 108.60226375349896 114.04530333208913 160.6317598925765 140.8184581180334 129.23175851949065 132.11277217350403 115.50352570324776 122.25127011756229 
111.58040672995156 90.71186673339594 121.45108988807578 125.9009006448432 149.99206121545967 103.63575406992794 74.38972254425056 138.28525584243664 77.85571606477572 77.03236283763727 98.08346243713777 99.30680707610037 99.29688146230842 109.04262764519865 87.71903005662614 193.22501661222555 106.40072592683043 108.60226375349896 114.04530329157149 160.6317598925765 140.8184581180334 129.23175851920314 131.93637414067553 115.5009593153959 122.25127011756229 
111.58040672995156 90.71186673339594 121.44413933939961 125.52299887201423 149.98300337857916 103.63575406992794 74.38595165785284 138.10173304510897 74.14453298777516 77.03235698497883 98.08346243713777 99.18262454703546 99.29688146230842 109.04041540789376 87.71903005662614 193.22210900418054 106.39935211531593 108.58153190113893 114.04530329157149 160.6317598925765 140.81529441236444 129.10816481363918 131.9325002900091 115.5009593153959 122.25127011756229 
111.58040585791827 90.7110246454435 121.44322773106 125.52299887201423 149.88758342460005 103.6348982456741 74.38580109449856 138.10173304510897 73.8413535071503 77.0323554652432 98.049905232698 99.18262454703546 99.29688146230842 109.03571891935428 87.71903005662614 193.22210900418054 106.38592311736818 108.58041535100836 114.04530329007014 160.6317598925765 140.7222023197986 129.08375811102553 131.9298804335915 115.5009593153959 122.25127011756229 
111.58040585791827 90.71053804922593 121.44322773106 125.46614731966883 149.88742185008277 103.63379111566388 74.38573117538294 138.10173304510897 73.69668252694305 77.0323554652432 98.01483887055502 99.15670175389198 99.29688146230842 108.88009446132929 87.57827665028015 193.22165597617254 106.32238722879839 108.57462791256819 114.04530328038368 160.6317598925765 140.7222023197986 129.08375811102553 131.92770606274883 115.50058576137201 122.25127011756229 
111.58040585791827 90.71039967954232 121.44033491934283 125.44518289228165 149.88244319413593 103.63365288517798 74.38573117538294 138.06833090968212 73.6593728000754 77.03235423297156 98.01483887055502 99.15248877016643 99.29252696840973 108.88009446132929 87.57827665028015 193.2205796454232 106.3156484144028 108.57237703740839 114.04530327456143 160.6317598925765 140.52361377741317 129.0699117110105 131.90843214899007 115.17568023433967 122.25127011756229 
111.58040549924232 90.71017514430497 121.43790194750193 125.44328068635559 149.88228604964866 103.60084650827338 74.38547992575803 138.06833090968212 73.62053760667169 77.032353879411 98.01483887055502 99.14069090671893 99.2740912458695 108.88009446132929 87.57827665028015 193.2200550193793 106.17229389766794 108.57237703740839 114.04530327214354 160.6317598925765 140.52361377741317 129.060586062727 131.8410456488799 115.17568023433967 122.25127011756229 
111.58040544578989 90.71017514430497 121.43790194750193 125.44038322284644 149.88016748907376 103.53575206902951 74.38515495871928 138.06751823932734 73.62053760667169 77.032353879411 98.01483887055502 99.1342775138109 99.2740912458695 108.8718057745362 87.57827665028015 193.21923422915154 106.16349719611458 108.57169154267649 114.04530327214354 160.63169544540028 140.52361377741317 129.060586062727 131.81795787217993 115.17524405635425 122.25127011756229 
111.58040541880251 90.59652829333032 121.43766861616587 125.44038322284644 149.87926332588506 103.53104249290931 74.38508312998329 138.06648075447868 73.62053760667169 77.03235374671505 98.01483887055502 98.8083955791518 99.2686505667586 108.8718057745362 87.57827665028015 193.21922356100526 106.16349719611458 108.37324884407371 114.04530327127463 160.63169544540028 140.52021183179272 129.060586062727 131.8055688597533 114.95368303301234 122.25127011756229 
111.30396996941954 90.53871943409138 121.43736647269179 125.44038322284644 149.87924469501115 103.52826797673112 74.38508312998329 138.06598885358596 73.59353542750875 77.03235362221477 98.01454891911317 98.79497945495746 99.26823887028593 108.87172770723771 87.57827665028015 193.2190019618314 106.16299305471102 108.23005580993407 114.04530327093107 160.63161806871108 140.52015338633487 129.04057179191386 131.47807479902463 114.93720358392 122.25127011756229 
111.30396996941954 90.53871943409138 121.43728549783464 125.44011511024542 149.8788443563301 103.52826797673112 74.38508312998329 138.06598885358596 73.59353542750875 77.03235362221477 98.01454891911317 98.79497945495746 99.26743366305703 108.8687931024831 87.57827665028015 193.2190019618314 106.15882184465357 107.89704406828855 113.97731974870044 160.63142666287717 140.51311237115442 128.98858911189757 131.47807479902463 114.93720358392 122.25127011756229 
111.30396996941954 90.53871943409138 121.43728238198901 125.43847238291232 149.57937079757414 103.52826797673112 74.38504720896003 138.06531884159403 73.08007365098399 77.03235362221477 98.01454891911317 98.78367157645948 99.26743366305703 108.8687931024831 87.17959996893148 193.21900075272174 105.98803363365141 107.89704406828855 113.95970975029422 160.63121384465012 140.51311237115442 128.98858911189757 131.47807479902463 114.77738535815263 122.25127011756229 
111.30396996941954 90.53167525158801 121.43724582265725 125.43774102634552 149.57937079757414 103.52826797673112 74.38500775025005 138.06531884159403 73.08007365098399 77.03235347169408 98.01454891911317 98.78367157645948 99.26735119780744 108.8668839331279 87.17959996893148 193.21890674319684 105.98401324635427 107.89704406828855 113.95970975029422 160.63121384465012 140.41579273508432 128.97768222432285 131.46868774127347 114.70775013954108 122.25127011756229 
111.30396996941954 90.5095920068789 121.34322157070949 125.43731983911266 149.57937079757414 103.52826797673112 74.38500775025005 137.8517714440485 72.65083478003709 77.03235347169408 98.01454448651884 98.77361676374983 99.26720240954421 108.8668839331279 87.17959996893148 193.21883083650596 105.98401324635427 107.89704406828855 113.95347325437251 160.63118786347763 140.3988923998976 128.93067552316802 131.4621812633943 114.69634871087112 122.25127011756229 
111.30396996941954 90.5095920068789 121.33915432425636 125.43731983911266 149.57896849548797 103.52790241869627 74.38500775025005 137.66435120638312 72.65083478003709 77.03235347169408 98.0145138076125 98.44236168151315 99.26717407352044 108.86659170795946 87.17959996893148 193.21883083650596 105.98022645908355 107.55855531114639 113.94265624260356 160.63104453936273 140.3973802101175 128.93067552316802 131.45990522102375 114.68193271309337 122.25127011756229 
111.30396996941954 90.50659458409007 121.32973354515377 125.43554126974027 149.57742373960207 103.28104461217941 74.38497919225648 137.66435120638312 72.65083478003709 77.03235347169408 98.01444497618428 98.44236168151315 99.26715875607795 108.73862087820021 87.17959996893148 193.21883083650596 105.97911491286845 107.55681504139085 113.94147681776997 160.63104453936273 140.31767184467003 128.93067552316802 131.31709830870932 114.67334972717299 122.25127011756229 
111.30396996941954 90.49559225675279 121.32973354515377 125.43554126974027 149.57742373960207 103.28104461217941 74.38497052532784 137.63271654396772 71.3720261761132 77.03235343920744 98.01442563029684 98.36234385398939 99.26713834650019 108.7313927600382 87.17959996893148 193.21883082992963 105.8461021052579 107.55105397162095 113.9412101272768 160.63104453936273 140.13589928724616 128.92631847027553 131.31709830870932 114.66703332905058 122.25127011756229 
111.30396996941954 90.49404335125803 121.32973354515377 125.43554126974027 149.57742373960207 103.26358653599323 74.38496961123599 137.51882274312527 71.04688187685372 75.91344423570627 98.01442563029684 98.28984338283647 99.26713834650019 108.69568439360899 87.17959996893148 193.21882976483084 105.8461021052579 107.46507927044013 113.94110469078328 160.63104453936273 140.13589928724616 128.8699476868029 131.24611007008866 114.66703332905058 122.25127011756229 
111.30396996941954 90.49275164966502 121.31562523118419 125.43523193912893 149.57729097945435 103.217529935563 74.38496484696316 137.4983729085609 70.82161497320061 75.4021865730931 98.01442563029684 98.28553662816387 99.26713699737934 108.69568439360899 87.17959996893148 193.18248206088595 105.84240753922194 107.46507927044013 113.93730562832047 160.63103887779187 140.13589928724616 128.8665884161412 131.24611007008866 114.66703332905058 122.25127011756229 
111.30301305825543 90.49224069833554 121.31188519039813 125.4347098115179 149.57729097945435 103.217529935563 74.38496196071765 137.49670916331195 70.82161497320061 75.29193903085746 98.01442452100127 98.16345213996095 99.26713699737934 108.68051906103733 87.17959996893148 193.17114903334846 105.83928985375826 107.46349517617432 113.93609925313433 160.63103887779187 139.96457395509447 128.86643823293548 131.24115233160728 114.66658509513536 122.25127011756229 
111.30301305825543 90.49224069833554 121.30890577732396 125.43429104975723 149.57729097945435 102.90344586951744 74.38496188596338 137.4925975696858 70.43511471645962 75.25388296204414 98.01442424516824 98.00688012532487 99.26713558115341 108.66418823123308 87.17959996893148 193.16810612598965 105.83928985375826 107.34101542689069 113.93569764557753 160.63103887779187 139.96457395509447 128.7669373842183 131.24055738607092 114.66658509513536 122.25127011756229 
111.30280791019845 90.49053922068987 121.30890577732396 125.43425130121477 149.57723017506123 102.90344586951744 74.38496188596338 137.48083747165742 70.2769871093073 75.25312324226326 98.01442408988595 97.97352494928055 99.26713558115341 108.65536498960597 87.17959996893148 193.16692517461763 105.83662873810243 107.31301305667 113.93569764557753 160.63103887779187 139.96457395509447 128.7669373842183 131.24055738607092 114.66658509513536 122.25127011756229 
111.2894520683551 90.49053922068987 121.30854253582697 125.4341889613604 149.55756864019156 102.90344586951744 74.38496140713602 137.48083747165742 70.2769871093073 75.23874657399182 98.01442098633777 97.96490358090819 99.26713535332539 108.4870618959635 87.17959996893148 193.16692517461763 105.83662873810243 107.31258800629837 113.93569764557753 160.63103789652075 139.96457395509447 128.76276265519334 131.24027921716947 114.66658509513536 122.25127011756229 
111.17964446700739 90.49044977127272 121.3085047710664 125.43414231337692 149.4796685103479 102.89027113741668 74.38496003568042 137.48083747165742 69.99454988294082 75.23874657399182 98.01442098633777 97.94338582325366 99.26713535332539 108.4870618959635 87.17959996893148 193.16681053777052 105.83662873810243 107.29603610447793 113.93569764557753 160.6310377138143 139.94808350563665 128.75958229207333 131.24027921716947 114.66658509513536 122.25127011756229 
111.17964446700739 90.49033316257788 121.30835866419898 125.43402189509948 149.47364922695158 102.84072747379935 74.38495821979507 137.48083747165742 69.75023325223253 75.23827252369921 98.01442098633777 97.92986867092822 99.26713535332539 108.34720792563235 87.17959996893148 193.16681053777052 105.8366162028621 107.24200269265748 113.93569764557753 160.63103733168498 139.87766356843713 128.74412735965643 131.24026246791925 114.66658279403373 122.25127011756229 
111.17964446700739 90.49030329892514 121.30812345266145 125.43402189509948 149.4524481300407 102.75877105011375 74.38495821979507 137.47872092619696 69.66785628029163 75.23714813273176 98.01442004243472 97.92986867092822 99.26713535332539 108.34720792563235 87.17959996893148 193.1667211933617 105.83641423322888 107.22964915145434 113.93569177023596 160.63103715804584 135.12373699116097 128.73059669320264 131.24014159755052 114.66658279403373 122.25127011756229 
111.16490734000132 90.49030329892514 121.30810551644333 125.43402189509948 149.41799581063685 102.75031516790193 74.3849580989355 137.47595656947544 69.61569758589474 75.23714813273176 98.01442004243472 97.83086202006541 99.26713535332539 108.24169787019258 87.17959996893148 193.16612743655082 105.83598883439254 106.9835826768043 113.93569177023596 160.63103715804584 133.58530541418986 128.56368248563308 131.13364391555683 114.66657988347049 122.25127011756229 
111.16490734000132 90.49028546758734 121.30799220776703 125.43399290475463 149.34453723275146 102.75031516790193 74.38495787830311 137.47595656947544 69.61569758589474 75.23714813273176 98.01441988063772 97.77647322252756 99.26713530833871 108.24169787019258 87.17959996893148 193.16598329514954 105.83596335566921 106.9835826768043 113.93569177023596 160.63103709766153 133.37596672954976 128.56368248563308 131.07395538031642 114.66657733954628 122.25127011756229 
111.16490734000132 90.49024588807276 121.28099398839697 125.43399290475463 149.29674508920004 102.70672679444681 74.38495778981803 137.435785956715 69.60960399161286 75.23714813273176 98.01441983451281 97.77647322252756 99.26713530645071 108.20523933908862 87.17959996893148 193.16589497696032 105.82112884174279 106.9835826768043 113.93569177023596 160.39391882545226 132.94335244597755 128.56368248563308 131.07395538031642 114.66657176138608 122.25127011756229 
111.16490734000132 90.49024588807276 121.28099398839697 125.43398514945011 149.29674508920004 102.6933412696543 74.38495772647525 137.42484243437866 69.59333018682457 75.23714813273176 98.01441951523111 97.7513597186632 99.2671352778367 108.2048651955289 87.17959996893148 193.1658579417243 105.77252598008909 106.9835826768043 113.88839635398608 160.39391882545226 132.93067533775377 128.47733254813465 131.07395538031642 114.66657036418246 122.25127011756229 
111.16490734000132 90.49024588807276 121.2728828498233 125.20686884340194 149.29389171805815 102.6933412696543 74.38495772647525 137.4202768870333 69.58999897151631 75.23714813273176 98.01441951523111 97.7513597186632 99.26713527051476 108.19355105256909 87.17959996893148 193.1658579417243 105.77252598008909 106.79523933098267 113.87352963221633 160.39391882545226 131.77269149728306 128.47733254813465 131.07395538031642 114.66657008867855 122.25127011756229 
111.16490734000132 90.49024295029676 121.2728828498233 125.1844523649371 149.29191927740067 102.69092512587952 74.38495772647525 137.41795771903935 69.585423755394 75.23714777286318 98.01441951523111 97.7397778201273 99.26713527051476 108.19355105256909 87.17959996893148 193.16584781364327 105.77252598008909 106.79399351372672 113.8660790951559 160.39391882545226 130.0611146418522 128.46876746306043 131.07395538031642 114.66656865947311 122.25127011756229 
111.16490734000132 90.49024164665349 121.26686689685675 125.16625716973681 149.22486289237895 102.65634905550661 74.38495772647525 137.41726246364772 69.585423755394 75.23714411625298 98.01441951523111 97.7397778201273 99.23455166979772 108.18972358374856 87.17959996893148 193.16583148358302 105.74729433649117 106.77875277177941 113.86436303000778 160.39391882545226 130.0611146418522 128.46876746306043 131.0733570322583 114.62570832436973 122.25127011756229 
111.1620141217133 90.49024130866678 121.25737207936663 124.89285880035777 148.98903310392438 102.62553048541167 74.38495771913409 137.41726246364772 69.58524794099947 75.23714411625298 98.01441951523111 97.65314547953705 99.18449414822669 108.18905044832115 87.03266119378782 193.165814484291 105.74518677007586 106.77875277177941 113.86436303000778 160.39391882545226 129.88433425341782 128.46876746306043 131.072083196461 114.60470650614502 122.25127011756229 
111.1620141217133 90.49024130866678 121.24963860841046 124.89285880035777 148.98903310392438 102.62553048541167 74.3849576643102 137.41666139584208 69.58508598837767 75.23714411625298 98.01441950432957 97.64431866133651 99.18052768862304 108.1889793352957 86.92740409707767 193.165814484291 105.73807969476292 106.77875277177941 113.86385269531661 159.82450566039665 129.88433425341782 128.466193918395 131.00248639640836 114.59284030355275 122.25127011756229 
111.1620141217133 90.49024109309869 121.2475966906818 124.89263236226418 148.98903310392438 102.62298314557972 74.38495765553205 137.41666139584208 69.5848995812807 75.23714411625298 98.01441950432957 97.49829389148613 99.18052768862304 108.18511298381827 86.92617483993774 193.16581377810996 105.72212945417607 106.70986341972298 113.86316729889927 159.34229044159906 129.76301834439448 128.4639799724439 130.98466715571635 114.58726174056244 122.25127011756229 
111.1620141217133 90.49024060831175 121.24456737959417 124.87596013017628 148.9030498689533 102.61839874385305 74.38495765553205 137.41648697694632 69.5848995812807 75.23714280367255 98.01441948880188 97.49829389148613 99.17921100862543 108.18504413420885 86.80260688028096 193.16580943663723 105.67196233970071 106.70522375853085 113.8355371970697 158.95012803610655 129.76301834439448 128.43736794758547 130.971310536607 114.58726174056244 122.06173818368575 
111.1620141217133 90.49024060831175 121.24450227987745 124.87596013017628 148.8807594653124 102.56772951050965 74.38495765553205 137.41648697694632 69.5848995812807 75.23714280367255 98.01441948257968 97.4642519141251 99.17543789219599 108.1849667923056 86.74254662331697 193.16580890286582 105.66378213250482 106.69462289191029 113.80059494638033 158.5011175929435 129.76301834439448 128.43736794758547 130.88241088164114 114.58485479007982 122.06173818368575 
111.1620141217133 90.49024048377896 121.24450227987745 124.87596013017628 148.87400272443267 102.55991488406096 74.38495765553205 137.41648191682668 67.3817993224107 75.23714280367255 98.01441948257968 97.33699106148612 99.17543789219599 108.18439322545947 86.64168102522393 193.16580854390622 105.64403965946144 106.66916183323656 113.71299029370596 157.99972548425706 129.19623396141708 128.43686632191543 130.74793702042655 114.58342078127134 122.06173818368575 
111.1620141217133 90.49024048377896 121.24439490676389 124.8726278657241 148.72980085092615 102.55981002831777 74.38495765553205 137.41648191682668 67.3817993224107 75.18740471971103 98.01441948257968 97.31737975825672 99.17421920577436 108.11818865701372 86.6244375825512 193.16580808900517 105.63470622308034 106.66916183323656 113.7086791030739 157.64924570215408 129.19623396141708 128.42430584102135 130.73238985209832 114.58342078127134 122.06173818368575 
111.1620141217133 90.3951433359382 121.24412920234113 124.86422720901214 148.72980085092615 102.55222447226379 74.3849576529031 137.41648191682668 66.99288441275877 74.1121929705808 98.01441948093867 97.31652094734807 99.1711943992965 108.11818865701372 86.62347728506552 193.165808041761 105.63470622308034 106.66580752754976 113.7086791030739 157.64924570215408 129.19623396141708 128.4045568594429 130.68663729024286 114.58302279259567 122.06173818368575 
111.1620141217133 90.37849656222483 121.24329808821267 124.86279652684846 148.6875899491405 102.52337668498842 74.38495765254271 137.41648191682668 66.96667152387141 73.9109107753435 98.01441948093867 97.31095575344062 99.16990473903508 108.10194592861302 86.56458908972081 193.16580627847884 105.59059870088095 106.66542821493232 113.70564217575134 157.64924570215408 129.15190069878133 128.39980848585287 130.68538957002545 114.58150882647624 122.06173818368575 
111.1620141217133 90.36834983297877 121.24329808821267 124.86081388082255 148.6875899491405 102.4925258880865 74.38495765247785 137.41648191682668 66.96667152387141 73.90184137847416 98.01441948054708 97.14773421112824 99.16990473903508 108.06206654873426 86.42492047860964 193.16580627847884 105.55563195888766 106.5710237207619 113.7032984686598 157.18485528184215 129.1302102103284 128.39980848585287 130.66634455052304 114.58150882647624 122.06173818368575 
111.16200996358594 90.36834983297877 121.24281182187201 124.86081388082255 148.68574523242387 102.48847829644183 74.3849576524309 137.41647514692704 66.94455458535185 73.85473152790075 98.01441948041793 96.9557610955053 99.16990473903508 108.02311193555016 86.37976238364416 193.16580627847884 105.53705608638393 106.54878406149635 113.70298629534932 155.09623159792102 129.1302102103284 128.3988312652225 130.63505998842152 114.58144437234364 122.06173818368575 
111.16200741792125 90.36248193310155 121.24281182187201 124.85437860005504 148.6096453103121 102.47692924989144 74.3849576524309 137.41647418693185 66.9371601501623 73.85473152790075 98.01441948041793 96.9557610955053 99.16955929658957 108.02311193555016 86.35163029093559 193.16580627847884 105.52741820670485 106.54878406149635 113.70286322984884 154.70995472593245 128.78103089118338 128.39873333737557 130.62376041987272 114.5813640395545 122.06173818368575 
111.16200741792125 90.36248193310155 121.24281182187201 124.85437860005504 148.6096453103121 102.46714772605486 74.3849576524309 137.41647418693185 66.91245042411572 73.83593411806197 98.01441948040957 96.9557610955053 99.16955929658957 108.01963094250289 86.29394227606133 193.1658059993946 105.52504584660761 106.44251421375213 113.70286322984884 154.62374219609637 128.72185592229368 128.39871789482663 130.61780146134663 114.5813462584938 122.06173818368575 
111.16200500933871 89.09868786548742 121.2427683923388 124.85251069486469 148.60727006044908 102.46581324661332 74.38495765219221 137.4164736124103 66.89967691748797 73.83593411806197 98.0144194803874 96.9557610955053 99.16932320537501 108.01585947436115 86.28677700914568 193.16580593249603 105.52392319938474 106.36602586338302 113.70286322984884 154.53126801999326 128.71202419471888 128.39862663494296 130.56505870028877 114.58134599821483 122.06173818368575 
111.16200500933871 87.70027247962594 121.2427656291112 124.85251069486469 148.60126007016208 102.46204900512754 74.38495765219221 137.4164736124103 66.87705956841847 73.83440140131904 98.01441948036677 96.9557610955053 99.1692884134601 108.01585947436115 86.28677700914568 193.16580574093962 105.52349820094645 106.36097478029649 113.67593510149402 154.51841366968597 128.69474764545544 128.39848946466032 130.55943949902849 114.58130713032381 122.06173818368575 
111.16200500933871 87.70027247962594 121.24275375268394 124.85245852530375 148.60126007016208 102.46180597418493 73.96433062011636 137.4164736124103 66.87705956841847 73.8339988331843 98.01441948031425 96.93741955913356 99.16917946247526 108.01585947436115 86.28647355368884 193.16580573819954 105.52340943379323 106.36097478029649 113.66109800986317 154.49346628505782 125.2558586265094 128.39829379056914 130.5510541059939 114.44519421418272 122.06173818368575 
111.1620048870609 87.70027247962594 121.24274770122224 124.85175415811534 148.58627871910903 102.43662969822407 73.96433062011636 137.4164736124103 66.87670231702265 73.83054931015835 98.01441948031425 96.93289178668806 99.16914190431123 108.01585947436115 86.28647355368884 193.16580573408078 105.52316726022104 106.35881915263059 113.65516183097998 154.46165383230039 125.2558586265094 128.39821824234252 130.5510541059939 114.44519421418272 122.06173818368575 
111.1620048870609 87.65341851286291 121.24274770122224 124.85175415811534 148.5536341066429 102.3867049130589 73.93693401371058 137.4164736124103 66.87244118864373 73.83054931015835 98.0144194803085 96.8237340216657 99.16901580588546 108.01585947436115 86.28589981119978 193.16580571174563 105.52300190573402 106.3167355707817 113.6531579464446 154.43978151926308 125.2558586265094 128.3982073911311 130.5499398155689 114.43331454307418 122.06173818368575 
111.1620048870609 87.61773434717361 121.24272371123584 124.85175415811534 148.54159414252638 102.37295943905332 73.93408926092428 137.4164736124103 66.55474997435635 73.83054931015835 98.01441948030305 96.8237340216657 99.16894053867236 108.01585947436115 86.28589981119978 193.1658056531419 105.48333531121574 106.31062735412837 113.6531579464446 154.15415365274623 125.2558586265094 128.39820332553654 130.54916531083677 114.42263359242088 122.06173818368575 
111.11070665247911 87.49391923925162 121.24272371123584 124.8517246143856 148.5315967399863 102.3006997814274 73.9250259663338 137.41647357918316 66.55474997435635 73.83052087968917 98.01441948030129 96.8237340216657 99.16894053867236 108.0157082799721 86.28580423311917 193.1658056531419 105.42170574227896 106.18694910299331 113.65283525674283 154.15415365274623 125.2558586265094 128.3981938559824 130.54777889267314 114.41958143876195 122.06173818368575 
111.11070665247911 87.47984254783103 121.24272015378392 124.8517246143856 148.4761843195664 102.29131943800229 73.9250259663338 137.41647357918316 66.55474997435635 73.83045037717204 98.01441948030129 96.80846608066139 99.16889194349062 108.0157082799721 86.28580423311917 193.1658056531419 105.41108586629468 106.14545340166603 113.65280345562428 154.14290967784837 125.2558586265094 128.3981528531964 130.49017618255766 114.29342366596802 122.06173818368575 
111.11070665247911 87.4677163668037 121.20847951737824 124.85170288248639 148.4761843195664 102.284585875804 73.9250259663338 137.41647357500233 66.55474997435635 73.83044795777408 98.01441948030106 96.80846608066139 99.16887925578476 108.0156671521425 86.28580423311917 193.1658056531419 105.41016396871083 106.11859175605531 113.65226659993539 154.1404105730585 125.2558586265094 128.3981428448442 130.4843789194897 114.29342366596802 121.99094049254461 
111.11070665247911 87.4677163668037 121.18953550080266 124.8517002776091 148.4761843195664 102.28342588408776 73.9250259663338 137.4164735661833 66.5535212748145 73.83044795777408 98.01441948030089 96.60002360752344 99.16887925578476 108.0155981763267 86.2857736042958 193.1270467182935 105.35353787826784 106.06653033535025 113.65206221449114 154.1404105730585 125.2558586265094 128.28730919887414 130.3322163507362 114.29342366596802 121.99094049254461 
111.11070665247911 87.4677163668037 121.18763922613698 124.58367837999003 148.41391049625827 102.2830082345854 73.92431228773995 137.41647356570604 66.55014311914681 73.83041943368391 98.01441948030089 96.60002360752344 99.16886833577485 108.01556600188331 86.2857616694767 193.12666174138087 105.33695615502148 106.00431463443243 113.65206221449114 154.13797941029873 125.2558586265094 128.28730919887414 130.3322163507362 114.29342366596802 121.99094049254461 
111.10164179518313 87.46731889126994 121.18763922613698 124.58367837999003 148.36094239756665 102.24063618465004 73.92431228773995 137.4164735609445 66.5239531580088 73.83041943368391 97.60216254330669 96.60002360752344 99.16886833577485 108.01556600188331 86.2857616694767 193.12666174138087 105.32957380497078 106.00431463443243 113.65206221449114 154.1377464350544 125.2558586265094 128.27290586501317 130.33199686112914 114.28320682446247 121.99094049254461 
111.10164179518313 87.46651013149767 121.18763922613698 124.58367837999003 148.34242554730997 102.24063618465004 73.92409398233997 137.4164735609445 66.5239531580088 73.83041943368391 97.60216254330669 96.35542724468661 99.16886242714759 108.01556361717843 86.27230900193325 193.12515038473794 105.32957380497078 106.00160231047414 113.65203132166198 154.1371817047767 125.2558586265094 128.2677829241394 130.33169059439535 114.28320682446247 121.99094049254461 
111.10164179518313 87.46070748500529 121.18509304237182 124.58367837999003 148.33442335590507 102.23789267349485 73.92394213682917 137.41647355778855 66.47453074175576 73.83040860596248 97.60216254330669 96.35542724468661 99.16886242714759 107.96784287779019 86.23281105347075 193.12410539091968 105.32957380497078 105.98032634187933 113.65201976043375 153.8755599965657 124.09296541655362 128.26387011544978 130.25840992917517 114.24584023946363 121.99094049254461 
111.09552027816335 87.46070748500529 121.18464533025713 124.41906082851335 148.19047204055664 102.22105183377113 73.92394213682917 137.41647355717828 66.46498639020786 73.83040860596248 97.60216254330669 96.35542724468661 99.16886012176803 107.95873964489954 86.23281105347075 193.12410539091968 105.3283713857769 105.98032634187933 113.65200343432832 153.8755599965657 123.73064171164299 128.262237602097 130.25840992917517 114.21725313902039 121.99094049254461 
111.09519469370196 87.46070748500529 121.18273513291535 124.41221018655392 148.19047204055664 102.22105183377113 73.92392759648368 137.41647355715088 66.46112201387689 73.83040860596248 97.60216254330669 96.35542724468661 99.16885924954755 107.95175365384944 86.23029690241572 193.1236878003433 105.32805414522727 105.97904507932151 113.65199740055334 153.8755599965657 123.62892376010541 128.2621445329537 130.25840992917517 114.21725313902039 121.99094049254461 
110.88731694010255 87.45859565981493 121.18217018861469 124.39322111535171 148.19047204055664 102.17663477350487 73.92392759648368 137.41647355641794 66.44879426649993 73.8304080680611 97.60216254330669 96.35542724468661 99.16885924954755 107.9505538531912 86.23025637737328 193.12352327496637 105.32664091934964 105.97904507932151 113.65196893193354 153.8755599965657 122.21726526294208 128.26167121674166 130.25840992917517 114.2154306303604 121.99094049254461 
110.16483643654811 87.45859565981493 121.1816292570062 124.3821463939596 148.19047204055664 102.17663477350487 73.92392759648368 137.41647355641794 66.44273193745948 73.8304080680611 97.60216254330669 96.28562710309058 99.16885923940697 107.94856797006639 86.22954212965044 193.11963876560924 105.32654535888304 105.8368578596207 113.65196893193354 153.87176420201456 122.21726526294208 128.2606428113454 130.25143753048985 114.21270600429057 121.99094049254461 
109.86357106256514 87.45835167130747 121.1816292570062 124.38003012896172 148.19047204055664 102.15351677970358 73.92392036244814 137.41647355637974 66.43555352415461 73.83040689420659 97.60216254330669 96.28562710309058 99.1688588701852 107.9482725363635 86.22384923651543 192.41492916925313 105.3262753101867 105.8368578596207 113.65196893193354 153.87176420201456 121.89254495856085 128.26013716231648 130.17464360303256 114.21075915525432 121.99094049254461 
109.79623395463199 87.45745710326185 121.18127975037078 124.38003012896172 148.19047204055664 102.1508463996397 73.92390999323379 137.41647355629584 66.4303057837484 73.83040620283793 97.60216254330669 96.28562710309058 99.1688588701852 107.94680412151035 86.2215618803935 192.31278537976561 105.32620509238882 105.80069322039111 113.65196792661311 153.86941119367725 121.8318345413254 128.26003100218963 130.17464360303256 114.15299201464677 121.99094049254461 
109.79623395463199 87.45707031429646 121.18112605140982 124.38003012896172 148.19047204055664 102.14963270191964 73.9238953042559 137.4164735562474 66.42221235094843 73.83040613042374 97.60216254330669 96.28562710309058 99.16885870178095 107.78145404161006 86.2207614742693 192.0842050624085 105.3261408160605 105.78848512728075 113.65196792661311 153.86941119367725 121.81124619084608 128.2595728327093 130.1705341301232 114.15299201464677 121.99094049254461 
109.5599334268652 87.45707031429646 121.18111800922543 124.37949527081503 148.19028238379428 102.14758092997897 73.92389148043645 137.4164735561924 66.42199915434793 73.83040576390181 97.60216254330669 96.28424140268277 99.16885863220574 107.78145404161006 86.2180684891444 186.81727323015014 105.32608912484187 105.74902801375742 113.65196792661311 153.86941119367725 121.79189363533567 128.25945028405386 130.1571315538921 114.13967841379565 121.99094049254461 
109.5599334268652 87.45704696770122 121.18109939430735 124.37889016099473 148.19024672270552 102.05946931032611 73.92389148043645 137.41647355618147 66.41938907838971 73.8304057574727 97.60216254330669 96.1304722176281 99.16885860617981 107.78145404161006 86.20985161330987 185.15030309062308 105.32599613598234 105.73601965448233 113.65196631667447 153.8690865221813 121.79057301608304 128.25942442585074 130.1564127595285 114.13178687282857 121.99094049254461 
109.5599334268652 87.45704696770122 121.18107282165431 124.37889016099473 148.1899831222171 102.02941905177101 73.92389033776851 137.41647355613475 66.41896741331777 73.8304056725895 97.60216254330669 96.1304722176281 99.16885860617981 107.76956506172502 86.20985161330987 180.51260253513271 105.32599077701929 105.73295692739362 113.6519657440349 153.86821727717825 121.77226578757677 128.2593834855595 130.15470790375366 114.13105649789759 121.99094049254461 
109.5599334268652 87.45704696770122 121.18107282165431 124.37761257998511 148.1897539175959 102.02941905177101 73.9238896493082 137.4164735560995 66.41896741331777 73.8304056725895 97.60216254330669 96.1304722176281 99.16885860599433 107.76956506172502 86.20985161330987 180.15909929775353 105.32598208232582 105.68514639978258 113.6519657440349 153.86728593605505 121.76829846862165 128.25932931332943 130.11462516873803 114.13105649789759 121.99094049254461 
109.5599334268652 87.45704696770122 121.18099676274471 124.37687355544654 148.1895901967781 101.8907621493372 73.9238896493082 137.4164735560995 66.41892447432554 73.8304056725895 97.60216254330669 96.1304722176281 99.1688585904634 107.76886188190684 86.20664712117127 179.33686578260676 105.32594761108237 105.68514639978258 113.6519657440349 153.86728593605505 121.76829846862165 128.25932931332943 130.1004422526504 114.08655882030814 121.99094049254461 
109.5599334268652 87.45702988506025 121.18099676274471 124.37678225100524 148.1895901967781 101.8907621493372 73.92388929826848 137.4164735560762 66.41883188506245 73.83040566504246 97.60216254330669 96.10422256469838 99.16885857501182 107.66524011512706 86.20664712117127 176.74798890607372 105.32591757792272 105.61663374759564 113.65196561704704 153.86644801996886 121.76656261204721 128.25931907671747 130.08799029150214 114.08457168910115 121.92794115519735 
109.5599334268652 87.45702344936393 121.18094745431563 124.37678225100524 148.18956638739496 101.88887392056131 73.92388903854766 137.4164735560762 66.41878872851419 73.83040566504246 97.60216254330669 95.95809175174338 99.16885857320477 107.66524011512706 86.20664539924269 173.9724448857096 105.32591757792272 105.61663374759564 113.63202486063847 153.8656397705854 121.76656261204721 128.1847375420566 130.08799029150214 114.06742805947192 121.92794115519735 
109.55933576290073 87.45701710823204 121.18094745431563 124.37676568413417 148.13033122507318 101.8884321957874 73.9238885396856 137.41647355606665 66.41878313100142 73.83040566174282 97.60216254330669 95.92513281537856 99.16885856650089 107.66524011512706 86.04754373905047 172.1914920646966 105.32591757792272 105.568049537879 113.61762595328764 153.8656397705854 121.76588968567421 128.18262357987032 130.08665399303982 114.06580489845317 121.92794115519735 
109.51682814566072 87.45701484810934 121.09402896865913 124.37667632620492 148.1079609954902 101.88733965719348 73.9238885396856 137.36091525496795 66.17665005378893 73.83040566174282 97.60216254330669 95.90584194395592 99.16885856650089 107.64101340715405 86.03347338443376 170.8293786408119 105.32591295951647 105.50153553778097 113.61732081794344 153.86551632935607 121.76586445298608 128.18084093547986 130.0559243894122 114.06091311789578 121.92794115519735 
109.49933817760734 87.45701481191486 121.08996577718722 124.37667632620492 148.08511885422217 101.88733965719348 73.92388848143577 137.35166246036442 66.17665005378893 73.83040566113289 97.60216254330669 95.90303220710797 99.16885856650089 107.63688322448951 86.02963362977914 170.7025005178216 105.32591295951647 105.48756642978282 113.61614499383268 153.6676080590014 121.26425002333917 128.1806516742979 130.0559243894122 114.05934800995408 121.92794115519735 
109.49933817760734 87.45701286721851 121.08180047549911 124.37664736910506 148.08265261078373 101.87468893998954 73.92388844463807 137.35003647102735 66.17665005378893 73.83040566113289 97.60216254330669 95.90303220710797 99.1688585634505 107.63328678652363 86.02963362977914 170.20753806182938 105.32591128748669 105.42441034403089 113.61519643590293 153.6676080590014 121.26425002333917 127.70162815543199 130.0559243894122 114.05774911097717 121.92794115519735 
109.49933817760734 87.45701221126353 121.07468834388101 124.3766091787262 148.0819544902895 101.8181756458115 73.92388819692985 137.33078648923538 66.14646618110606 73.83040566113289 97.60216253438284 95.90303220710797 99.1688585634505 107.62893120417004 86.02963362977914 169.72391552020486 105.32590561253193 105.40384124343484 113.61472092821475 153.6676080590014 120.4732866382385 127.70162815543199 130.0526539577445 114.05363695862809 121.92794115519735 
109.49505593031307 87.45701154743989 121.02516199320019 124.3765028191633 148.0816976680254 101.81585312420225 73.92388818479253 137.33078648923538 66.11837501903733 73.83040566113289 97.60216247711946 95.89965839759577 99.16885856336279 107.62893120417004 86.02963362977914 169.17125651744414 105.32590545534862 105.37859669863536 113.61457013472364 153.66200981940244 120.25525683453645 127.70162815543199 130.0481197118819 114.05363695862809 121.92794115519735 
109.4890380351307 87.45701154743989 121.02516199320019 124.37646305847989 148.061826280358 101.81316980503749 73.923888165731 137.3250505389973 66.11837501903733 73.83040566113289 97.60216247711946 95.89965839759577 99.1688585629912 107.62760424823375 86.02910112580213 168.84650004975458 105.32590468812043 105.35960466081985 113.61457013472364 153.66200981940244 120.25525683453645 127.70162815543199 130.00496090581646 114.05363695862809 121.92794115519735 
109.4890380351307 87.45701123180311 121.00266939521998 124.2292368371235 148.0408714814282 101.81307294767055 73.92388808502119 137.3250505389973 66.11837501903733 73.83040566051545 97.60216246240321 95.89882427122103 99.12480273299008 107.62760424823375 86.02842596586282 168.84650004975458 105.31819937534374 105.3406702949224 113.61451663868434 153.66200981940244 119.88769348712253 127.70162815543199 130.00496090581646 114.05333833801785 121.92794115519735 
109.4890380351307 87.45701123180311 120.99471569166985 124.2292368371235 148.0347112879706 101.81307294767055 73.92388807178719 137.32444528313033 66.09914417637191 73.83040566051545 97.60216245079044 95.89863180417399 99.1237936850755 107.62750055209005 86.02836484306641 168.5995547927281 105.29742476909479 105.33469226582469 113.61451663868434 153.65917012222792 117.11025904630128 127.70162815543199 130.00443441980883 114.05318534097626 121.92794115519735 
109.48872272477053 87.45701123180311 120.89914975712168 124.21157814935214 148.03085666249183 101.81249988301107 73.92388805588581 137.25290709642195 65.99832499330063 73.83040565917287 95.49777731559209 95.89863180417399 99.11731613213652 107.62698488129615 84.58903811305055 168.3153056136174 105.24756752114843 105.33469226582469 113.61450783177656 153.65647981100028 115.15169770832506 127.70162815543199 130.00443441980883 114.05281806705864 121.92794115519735 
109.48800495247144 87.45701123180311 120.89914975712168 124.21157814935214 148.02609900935454 101.79449020899654 73.92388803681456 137.24925816818495 65.9925309724128 73.83040565887887 95.49777731559209 95.83278969929705 99.11731613213652 107.62649220139627 82.27668196355955 167.89019419089152 105.24756752114843 105.33469226582469 113.61448098967458 153.65581737723744 114.68102204114723 127.70162815543199 129.9515867966743 114.05281806705864 121.92794115519735 
109.48800495247144 87.45701123180311 120.89914975712168 124.21157814935214 148.02332693536107 101.72442579187918 73.92388803681456 137.2416402589762 65.98527132892599 73.83040565882368 95.49777731559209 95.80572759194268 99.11731613213652 107.62644092154483 82.23860929142324 167.79535849364424 105.24538020800173 105.333449478734 113.61448098967458 153.4363186780488 114.60075060259885 127.70162815543199 129.9515867966743 114.05279484230743 121.92794115519735 
109.4879498653957 87.45701123180311 120.89453694003805 124.21157814935214 148.02098260806292 101.72442579187918 73.92388803596941 137.2403487597062 65.97607232132543 73.83040565855691 95.49777731559209 95.78525359809089 99.11309528244055 107.62643498643433 81.9887507730582 167.70612939452997 105.2413583288909 105.33287189267844 113.61447674496446 153.4363186780488 114.5508401880819 127.70162815543199 129.9515867966743 114.05279484230743 120.01503749980861 
109.48770019806847 87.45701123180311 120.89317673108224 124.14111573299192 147.9928536199327 101.69294959970244 73.92388802874302 137.2403487597062 65.97516125966956 73.83040565855691 95.49777731559209 95.78525359809089 99.11309528244055 107.62641155051949 81.94009698991863 167.33451469219222 105.23934389279543 105.3314562658378 113.61446261243441 153.4363186780488 114.5508401880819 127.70162815543199 129.94840898264738 114.05278153584266 120.01503749980861 
109.48770019806847 87.37056482942194 120.75552092318435 124.14053714207103 147.98098883713715 101.67963438349636 73.92388802874302 137.16229340384393 65.97516125966956 73.83040565855691 95.49777731559209 95.78451696833696 99.11203102487957 107.62641155051949 81.91475168262417 167.16555358262542 105.23893483707917 105.29720078487946 113.6144589184812 153.43015114382342 114.47519149605489 127.70162815543199 129.94840898264738 113.92522594288857 120.01503749980861 
109.48762746086754 87.37056482942194 120.75552092318435 124.13057910345833 147.97928859424917 101.67963438349636 73.92388802874302 137.16229340384393 65.97516125966956 73.83040565855691 95.49777731559209 95.7817625654676 99.11203102487957 107.62641155051949 81.89549707036565 166.87003166083264 105.23817865580668 105.29130754175867 113.61445841296234 153.43015114382342 114.46259511092046 127.46450689559333 129.94098446101907 113.92522594288857 120.01503749980861 
109.48762746086754 87.36945166021417 120.73345027083906 124.13048288361665 147.9753313984147 101.66325259022636 73.92388802874302 137.16229340384393 65.9707685494343 73.83040565855691 95.49777731559209 95.68381935565588 99.11203102487957 107.62641155051949 81.88942833572025 166.6950792111479 105.23719775103154 105.27135705655826 113.61445841296234 153.4237422943088 114.46259511092046 127.46450689559333 129.90539917348178 113.92522594288857 120.01503749980861 
109.48761677064948 87.36436175178585 120.73166142841967 124.12761642183341 147.9753313984147 101.66188699630345 73.92388802874302 137.16191780401118 65.9707685494343 73.83040565855691 95.49777731559209 95.68381935565588 99.1112961173248 107.62640714760641 81.88694146503855 166.5369199370432 105.23719775103154 105.25676779384139 113.61445754640908 153.4237422943088 112.85303375641138 127.46450689559333 129.90539917348178 113.92522594288857 120.01503749980861 
109.48760035666089 87.34307913445275 120.72774489608855 124.11362207085119 147.9753313984147 101.66054744442738 73.92388802832932 137.1564142860526 65.9707685494343 73.83040565855691 94.41892890739672 95.68381935565588 99.1111384544148 107.62640714760641 81.85570473194525 166.5369199370432 105.23699170907179 105.2498422329719 113.61445754640908 153.42346923442665 112.39044513093518 127.22899105913768 129.86670807721407 113.92522594288857 120.01503749980861 
109.48759827047928 87.33995709936352 120.72671922030872 124.11362207085119 147.90676892076613 101.65563157966625 73.92388802832932 137.15621197666496 65.97010148688548 73.83040565855691 94.41892890739672 95.65759027820457 99.02476821468076 107.62640279731488 81.81523513950026 166.51741448776545 105.23694875769007 105.24911774412675 113.59276804607737 153.42314560715204 112.27419045143631 127.16228887545776 129.86670807721407 113.92372795560095 120.01503749980861 
109.48759655366547 87.33995709936352 120.72276258724514 124.11362207085119 147.90110892183066 101.65563157966625 73.92388802832932 137.15479038390117 65.97010148688548 73.83040565855691 94.41892890739672 95.63445860911162 99.02476821468076 107.62640052323502 81.73768927872987 166.45977009228454 105.23691312643712 105.07571739980455 113.59054814311673 153.42314560715204 112.12472797921453 126.77058063565539 129.86670807721407 113.92372795560095 120.01503749980861 
109.4875961731185 87.33933850962995 120.72276258724514 124.0041305668492 147.89790589930533 101.65563157966625 73.92388802832932 137.15459891601643 65.97010148688548 73.83040565855691 94.41892890739672 95.62955568793285 99.023342958625 107.62640041285488 81.71910274994002 166.32959820112796 105.23690898696225 105.07571739980455 113.58492348654158 153.19344460034552 112.03202621304717 125.0887859509462 129.8635190582994 113.92372795560095 120.01503749980861 
109.4875961731185 87.33914416575055 120.72268118899808 124.0041305668492 147.89516539123747 101.65515469997547 73.92388802832932 137.15459891601643 65.97010148688548 73.83040565855691 94.41892890739672 95.62143800088171 99.019892698918 107.62639974788988 81.71910274994002 166.19959294305238 105.23688467583611 104.94050255856911 113.58127938848475 153.19344460034552 112.03202621304717 124.96038943362248 129.8635190582994 113.92206632408215 120.01503749980861 
109.48759604515732 87.33869169599552 120.72247505364123 123.98802970991267 147.89516539123747 101.65271431140457 73.92388802832795 137.11018665996846 65.94540479668592 73.83040565855691 94.41892890739672 95.62089019320297 99.0187206218825 107.62639974788988 81.71189095104569 166.09574226239044 105.16925329663985 104.94050255856911 113.57946386296248 153.19344460034552 111.91197785759778 124.75525550718748 129.86349268186245 113.92206632408215 120.01503749980861 
109.48759580082998 87.33756572338268 120.72240604178808 123.98802970991267 147.8905709804244 101.65271431140457 73.92388802832215 137.08683858152062 65.88596544101836 73.83040565855691 94.41892890739672 95.62048561030372 99.0187206218825 107.62639974788988 81.70936487557071 166.02821130692485 105.1682908317286 104.94050255856911 113.57946386296248 153.19344460034552 111.8817883809968 124.53638794977348 129.83191973305998 113.92206632408215 120.01503749980861 
109.48759580082998 87.33756572338268 120.72229126865136 123.97945454844535 147.8904918964297 101.65228602010205 73.92388802832215 137.08683858152062 65.88596544101836 73.83040565855691 94.41892890739672 95.61791984775289 99.01869544884778 107.6263989477709 81.70406277595248 165.80798062125177 105.16453571225094 104.92083281840564 113.57946386296248 153.19344460034552 111.8817883809968 124.50709539839227 129.82025163328422 113.87161012451725 120.01503749980861 
109.4875957608154 87.33715421995811 120.72229126865136 123.97731189162903 147.89018433794183 101.60599267814547 73.92388802832215 137.06719606138415 65.8787864361932 73.83040565855691 94.41892890739672 95.61507837305612 99.01860025833702 107.62639813563158 81.70406277595248 165.7203940370955 105.16398314123325 104.91257004853469 113.57946386296248 153.1912682144674 111.8817883809968 124.23005488865249 129.82025163328422 113.87008487951698 120.01503749980861 
109.48759570750735 87.33715421995811 120.72229126865136 123.97619005694924 147.86185564761786 101.60599267814547 73.92388802832215 137.06616559396593 65.84297980178627 73.83040565855691 94.41892890739672 95.61438070852694 99.01758826070193 107.626397894376 81.70245322191016 165.65380603267488 105.13073706425939 104.9104472678003 113.56046609368252 153.18946852539295 111.87115678682517 124.23005488865249 129.81485247040212 113.86523855381074 120.01503749980861 
109.48759569657875 87.33715421995811 120.72228646565304 123.97393367610266 147.8600560011114 101.58681154147678 73.92388802832215 137.05612062399473 65.79705850169762 73.83040565855691 93.87323694199381 95.61438070852694 99.01686225566152 107.626397894376 81.43952033986614 165.5946526747789 105.12434971891076 104.90945914831013 113.55390375569255 153.18193749137356 111.87115678682517 124.23005488865249 129.81334109376553 113.86523855381074 120.01503749980861 
109.48759569103748 87.13613142767173 120.72217299692716 123.97393367610266 147.85837355163903 101.53134449418263 73.92388802832215 137.05612062399473 65.79705850169762 73.83040565855691 93.71246918076952 95.56764127285652 99.0167019164673 107.62639766639558 81.43952033986614 165.52768502256822 105.12434971891076 104.90938683773516 113.54891351706794 153.1805277247089 111.86758784130188 124.23005488865249 129.7836026676025 113.8253875150649 120.01503749980861 
109.48759569103748 87.1265111744388 120.72205039797677 123.97349976509963 147.8563325102075 101.51963867495658 73.92388802832215 137.05612062399473 65.79705850169762 73.83040565855691 91.86047138059723 95.48536340034286 98.93841884966167 107.62639758792034 81.43952033986614 165.52447965316878 105.1219630426504 104.90637507662939 113.54764220786308 153.1805277247089 111.86758784130188 121.19434804331229 129.7836026676025 113.8253875150649 120.01503749980861 
109.48759569103748 87.1145185205221 120.72204169077702 123.95321752326947 147.8543124989069 101.5137813623864 73.92388802832193 137.05612062399473 65.73505573177721 73.83040565855691 91.77162938150241 95.0830107320852 98.93841884966167 107.62639758792034 81.43952033986614 165.48993931211487 105.1219630426504 104.90573069769647 113.54741904214973 153.18016924948756 111.86639135946331 120.92458631486636 129.7764772768087 113.82473517117785 120.01503749980861 
109.48759569103748 87.11422959645262 120.72201446555164 123.94705369725534 147.85418022600584 101.5137813623864 73.92388802832187 137.05612062399473 65.73099152476595 73.83040565855691 91.77162938150241 95.0830107320852 98.93288228415474 107.6263975044078 81.43952033986614 165.46595954227087 105.1219630426504 104.90480607821632 113.54694209391505 153.1792189298726 111.66589668483266 120.89607140609587 129.77302100305678 113.81520302311071 120.01503749980861 
109.48759546169339 87.11345590936367 120.72201446555164 123.94705369725534 147.85353520034812 101.46850196266712 73.92388802832187 137.05601679388758 65.73099152476595 73.83040565855691 91.77162938150241 95.0830107320852 98.93131799824545 105.92607867592187 81.43952033986614 165.46221977255027 105.12165100257488 104.88490059821709 113.54645505753695 153.0918042667373 111.66589668483266 120.89216747417674 129.77005221541503 113.78052315963384 120.01503749980861 
109.48759546169339 87.11319590721007 120.72201446555164 123.94284768080263 147.8534802141662 101.45366921083507 73.92388802832187 137.05510423767907 65.72605144927275 73.83040565855691 91.76722350236673 95.02691228509639 98.92868250142033 105.92607867592187 81.43952033986614 165.4438763770213 105.12146488206423 104.88143920355515 113.54645505753695 153.0918042667373 111.31752880271802 120.88901471069528 129.77005221541503 113.77481434822926 120.01503749980861 
109.48759533255065 87.11319590721007 120.72201236161982 123.93789115070354 147.85346739589636 101.45301235080433 73.92388802832181 137.0544810485435 65.72520108604363 73.83040565855691 91.76722350236673 95.02691228509639 98.9271339998217 105.92607867592187 81.43952033986614 165.43523329520713 105.12126315773946 104.88127435618105 113.54645505753695 153.08348324349083 111.31752880271802 120.88656027380318 129.76778486167495 113.77171079524055 120.01503749980861 
109.48759526222284 87.11319590721007 120.72199543288957 123.93582974339279 147.81105672516014 101.45301235080433 73.92388802832158 137.0544810485435 65.72202752559105 73.83040565855691 91.76537001978016 95.02691228509639 98.92414941051163 105.92607867592187 81.43952033986614 165.42452019371513 105.07438671276964 104.87902014475975 113.5464515927398 153.0648054331814 111.31752880271802 120.75530969949023 129.76731509481237 113.77036663978402 120.01503749980861 
109.48759526222284 87.1130476133593 120.72199398326666 123.93365327367906 147.81105672516014 101.45059014149285 73.92388802832158 137.05436087352336 65.72202752559105 73.83040565855691 91.76460949741511 95.02691228509639 98.92414941051163 105.92607867592187 81.43952033986614 165.41914453876518 105.07438671276964 104.8768934678447 113.54644291280783 153.05579553016628 111.31752880271802 120.75530969949023 129.76731509481237 113.77036663978402 120.01503749980861 
109.48759524153593 87.11294015269357 120.72199398326666 123.93365327367906 147.8109475171018 101.45004753967874 73.92388802832158 137.05436087352336 65.72088137458582 73.83040565855691 91.76460949741511 95.02691228509639 98.92414941051163 105.92607867592187 81.43952033986614 165.41808638408327 105.0553435485291 104.8768934678447 113.54644291280783 153.0528482647552 111.31752880271802 120.75530969949023 129.76718524170963 113.77036663978402 120.01503749980861 
109.48759524153593 87.11294015269357 120.72199398326666 123.93365327367906 147.80395069794054 101.34753832202944 73.92388802832158 137.05423874149722 65.72088137458582 73.83040565855691 91.76460949741511 95.02691228509639 98.89886953067821 105.92607867592187 81.24264012810312 165.41808638408327 105.05181820346922 104.82190069538638 113.54644291280783 152.8468133750515 111.31752880271802 120.73986240595855 129.76649738563538 113.76865285622569 120.01503749980861 
109.48759523598306 87.11292271027526 120.72199398326666 123.93073257915319 147.79956990085702 101.34753832202944 73.92388802832158 137.05423874149722 65.72051719352152 73.83040565855691 91.76460689903132 95.02691228509639 98.88500833080496 105.92607867592187 81.24217879338715 165.40378925852087 105.05070754015009 104.79403968336851 113.54644281780986 152.8468133750515 111.31752880271802 120.73986240595855 129.76649738563538 113.76853881064676 120.01503749980861 
109.48759523598306 87.1128817325125 120.72199292949983 123.93073257915319 147.7983130087639 101.34615537922548 73.92388802832158 137.05423874149722 65.72051719352152 73.83040565855691 91.7645441549148 95.02019226859534 98.88311302447778 105.92607867592187 81.17611031775999 165.39129640763963 105.04853500872673 104.7467918814138 113.546441978664 152.8468133750515 111.31657023384429 120.73354414155563 129.7150888090831 113.76801794516302 120.01503749980861 
109.4875952348051 87.1128817325125 120.72199292949983 123.93073257915319 147.7964010849115 101.34442350246871 73.92388802832158 137.05419806892678 65.71980929174492 73.83040565855691 91.76443401833643 94.61323002613261 98.85394799468304 105.92607867592187 81.17611031775999 165.38344258196753 105.04853500872673 104.70627001136381 113.54644152961214 152.8468133750515 111.31657023384429 120.7258474574138 129.7150888090831 113.76801794516302 120.01503749980861 
109.48759523382131 87.1128817325125 120.72199292949983 123.93047423178996 147.76328388284685 101.34353635601269 73.92388802832158 137.05417338504958 65.71973835335785 73.83040565855691 91.76441015506373 94.61323002613261 98.80956711841895 105.92607867592187 81.17611031775999 165.36977525086718 104.99137575517545 104.70239407984263 113.5464392985125 152.5266050682983 111.31657023384429 120.72260970587365 129.70919055714558 113.76801794516302 120.01503749980861 
109.48759523304562 87.1128817325125 120.72199271396676 123.93028270033369 147.76328388284685 101.34185116740917 73.92388802832158 137.00940729035938 65.71959475596566 73.83040565855691 91.73014194167592 94.61323002613261 98.75264056446076 105.92607867592187 81.16335938567437 165.36213502695773 104.99137575517545 104.70088976364985 113.54643714235294 152.5266050682983 111.31640969362252 120.72078092493587 129.7074148664742 113.76794959376548 120.01503749980861 
109.48759523171077 87.11287600876636 120.72199271396676 123.68116641852157 147.75905358860086 101.34154170114527 73.92388802832158 137.00940729035938 65.71947313253634 73.83040565855691 91.73014194167592 94.37100875021872 98.72239044127787 105.92607867592187 81.16212605664748 165.34411582420978 104.98887738654867 104.69798344232845 113.54643657328893 152.5266050682983 111.31604889093956 120.71670146114684 129.7074148664742 113.7678337516669 120.01503749980861 
109.48759523166848 87.11287243853968 120.72199260306752 123.64814056040234 147.75492620449472 101.34001703536183 73.92388802832158 137.00249845338521 65.71931402094839 73.83040565855691 90.186191212999 94.37100875021872 98.70418400547601 105.92607867592187 81.1587084318333 165.32066078567595 104.98836112673712 104.69514186848028 113.54643651026686 152.5266050682983 111.31604889093956 120.71670146114684 129.7046246859535 113.7678337516669 120.01503749980861 
109.48759523164051 87.11287243853968 120.72199260306752 123.64814056040234 147.75492620449472 101.33934149991768 73.92388802832158 136.95835023045845 65.71931402094839 73.83040565855691 90.05616687841643 94.37100875021872 98.70418400547601 105.92607867592187 81.15725278848947 165.31366660796937 104.98836112673712 104.69514186848028 113.54643479759545 152.5266050682983 111.31604889093956 120.71616986280151 129.68032415072344 113.7678337516669 120.01503749980861 
109.48759523164051 87.11287215775599 120.72199260017089 123.64814056040234 147.75401092853883 101.33886567226239 73.92388802832158 136.94168665550865 65.71931402094839 73.83040565855691 89.4512683431119 93.40882582293654 98.70418400547601 105.92607867592187 81.15647368922748 165.3117051364552 104.98836112673712 104.66469468763489 113.54643479759545 152.5266050682983 111.31604889093956 120.71506798363782 129.6719315367559 113.76782256239312 120.01503749980861 
109.48759523164051 87.11287215775599 120.72199258037756 123.63947838940476 147.75330327235906 101.30798541758901 73.92388802832158 136.94168665550865 65.67337337877416 73.83040565855691 89.4512683431119 93.29902269436161 98.69623548140618 105.92607867592187 81.15358952920644 165.31002946549688 104.98781582922277 104.66469468763489 113.54643319864238 152.5266050682983 111.31604246515462 120.42808516673017 129.67129777272123 113.767814112711 120.01503749980861 
109.48759523161499 87.11287131997324 120.72199253203519 123.63003768467888 147.75330327235906 101.30798541758901 73.92388802832158 136.93189951996965 65.67160018577925 73.83040565855691 89.37373816734578 93.29902269436161 98.69580117824103 105.92607867592187 81.15281221211205 165.30988511790292 104.98781582922277 104.5570362191745 113.54643319864238 152.5266050682983 111.31604246515462 120.42808516673017 129.67071764531283 113.76780846267798 120.01503749980861 
109.48759523111528 87.11287131997324 120.72199253203519 123.62859219926077 147.75330327235906 101.29684839106784 73.92388802832158 136.92939269717067 65.66864599534517 73.83040565855691 89.37373816734578 93.29902269436161 98.69496790165579 105.92607867592187 81.15281221211205 165.30988511790292 104.98731382632735 104.5570362191745 113.54643319864238 152.4825022585427 111.31603990298618 118.25284023526933 129.67071764531283 113.76780846267798 120.01503749980861 
109.4875952310922 87.11287131997324 120.72199253203519 123.62470788125859 147.7531029280948 101.29575019300205 73.92388802832158 136.92939269717067 65.65051758443218 73.83040565855691 89.37373816734578 93.29902269436161 98.69496790165579 105.92607867592187 81.15276770515266 165.30975801123805 104.98705880498886 104.5570362191745 113.54643319864238 152.38810924823838 111.31603990298618 118.25284023526933 129.6704999527867 113.73165841365733 120.01503749980861 
109.48759523105718 87.11287131997324 120.72199252169082 123.62451459155682 147.75299645885013 101.25311485585274 73.92388802832158 136.9293620672198 65.65051758443218 73.83040565855691 89.37055497236099 93.29404083179912 98.69469171121943 105.92607867592187 81.15233115085005 165.30967498699738 104.98705880498886 104.5570362191745 113.54643319864238 152.38810924823838 111.31603862235067 118.25284023526933 129.66343936962585 113.73165841365733 120.01503749980861 
109.48759523105718 87.11287129731443 120.72199252169082 123.61458735848032 147.7477522310612 101.2185992263166 73.92388802832158 136.9275786696702 65.62228339636522 73.83040565855691 89.37003042243873 93.28521603064212 98.69469171121943 105.92607867592187 81.15233115085005 165.29097369144165 104.98703782489474 104.55650191600591 113.54643319864238 152.3833954631814 111.31603862235067 117.95685360783386 129.6537682461775 113.7255488102519 120.01503749980861 
109.48759523102643 87.11287103460552 120.72199252012842 123.60793008683879 147.723098031404 101.2185992263166 73.79328584371711 136.92724796137838 65.6185836277474 73.83040565855691 89.3690765814136 93.28521603064212 98.69460395568626 105.92607867592187 81.15233115085005 165.28793024241713 104.98691705217198 104.5546590005793 113.54643319864238 152.38036301348075 111.3159780024589 117.95685360783386 129.6537682461775 113.7255488102519 120.01503749980861 
109.48759523102643 87.11287080778493 120.72199251946438 123.60682747908743 147.723098031404 101.20420498227139 73.79328584371711 136.92718276710843 65.59267457019757 73.83040565855691 89.36568860647202 93.28521603064212 98.69460395568626 105.92607867592187 81.15233115085005 165.2874569180774 104.90422354053885 104.55439675190041 113.54643319864238 152.37997670779873 111.31596874068987 117.95685360783386 129.64966318426139 113.7254935750102 120.01503749980861 
109.48759523102115 87.11287075529998 120.72199251549682 123.58683071083135 147.72288972552064 101.1897293666043 73.79300006342572 136.9270176045411 65.59267457019757 73.83040565855691 89.3651047399045 93.28167590537248 98.64583986261812 105.92607867592187 81.15233115085005 165.2872127077785 104.90422354053885 104.5529402162299 113.5464331882506 152.35032667727285 111.31596068033735 117.95685360783386 129.628989667081 113.72421433063926 120.01503749980861 
109.48759523102001 87.11287069493301 120.72199251549682 123.58683071083135 147.7223366020387 101.1792326664455 73.7813279632037 136.9270176045411 65.59132299259238 73.83040565855691 89.36463321949583 93.27867481785205 98.64583986261812 105.92607867592187 81.15233115085005 165.28693543134864 104.90422354053885 104.55020021127984 113.54643315779037 152.33476932640747 111.31594129885985 117.76804832190601 129.62746738951228 113.72421433063926 120.01503749980861 
109.48759523101211 87.11287069493301 120.72199251549682 123.57981360282702 147.72132562383365 101.1792326664455 73.7813279632037 136.92695592162 65.53942872495156 73.83040565855691 89.36431103775828 93.27827927559133 98.63451336561133 105.92607867592187 81.15232927360898 165.26977762150057 104.90394724415575 104.55020021127984 113.54643314449515 152.3293947774855 111.31594129885985 117.61885122498722 129.62604883801635 113.72377632649909 120.01503749980861 
109.48759523101211 87.11287069493301 120.72199251249128 123.57698472103152 147.72130909409782 101.17432531024048 73.7813279632037 136.90642930306217 65.52291555887018 73.83040565855691 89.36431103775828 93.08396539000933 98.6324658514178 105.92607867592187 81.15232738729304 165.26584474026834 104.90394724415575 104.40548104638879 113.5464331322172 152.3289589475213 111.20536018822361 117.02181995392016 129.62345573169273 113.72370230373974 120.01503749980861 
109.48759523100983 87.11287069493301 120.72199251237589 123.57698472103152 147.72120416224107 101.1733028298828 73.7813279632037 136.84878986736078 65.52291555887018 73.83040565855691 89.3641693950367 93.08396539000933 98.63010651537604 105.92607867592187 81.15232700975162 165.2598918613753 104.90250790393696 104.35675338718255 113.5464331322172 152.3244727542001 111.20536018822361 116.7712647425642 129.62205164543764 113.72313001462771 120.01503749980861 
109.48759523100983 87.11287067289317 120.72199251127881 123.57472844548738 147.72120416224107 101.1730374289146 73.7813279632037 136.84878986736078 65.52291555887018 73.83040565855691 89.3641693950367 93.08396539000933 98.5486590202438 105.92607867592187 81.15232357082681 165.24739318346076 104.87314386545677 104.35134367490741 113.54605501825279 152.3244727542001 111.20412938366724 116.7115537660693 129.59381205979503 113.7107330982999 120.01503749980861 
109.48759523100853 87.11287066973244 120.72199251121492 123.572998154841 147.72116280254386 101.17229270825817 73.7808864810695 136.84832252809235 65.42495498377042 73.83040565855691 89.3641693950367 93.06576333244914 98.54815661877223 105.92607867592187 81.15232357082681 165.24302146710113 104.85743599696735 104.31680720541152 113.53261628037728 152.3244727542001 111.12211429746628 116.59051820208708 129.59237157867585 113.69536586617153 120.01503749980861 
109.48759523100824 87.11287066915372 120.64049533237392 123.57106075942659 147.72116280254386 101.17182274607325 73.7808864810695 136.790684904773 65.42495498377042 73.83040565855691 89.3641693950367 93.0452215608666 98.52591571239805 105.92607867592187 81.15232325593132 165.24151910596493 104.85743599696735 104.31540442932692 113.52401041863948 152.32282795558967 111.12157191146764 116.59051820208708 129.58726322492612 113.69475744934243 120.01503749980861 
109.4875952310075 87.01670974327197 120.64049533237392 123.57106075942659 147.7210527290256 101.17030217602587 73.78086679114853 136.790684904773 65.40029806639507 73.83040565855691 89.3641693950367 92.78708989060596 98.51766173095109 105.89367580680823 81.15232294680868 165.24090424158078 104.85646454098344 104.30690723865825 113.5211522447612 152.32137807853792 111.12113320521973 116.58102336382399 129.56899710483276 113.66863718758907 120.01503749980861 
109.4875952310075 87.01670974327197 120.55690750263864 123.57063293810438 147.72098001525808 101.16999244162753 73.78079161152084 136.6843340553886 65.40029806639507 73.83040565855691 89.36406224108202 92.78708989060596 98.51116614124805 105.89367580680823 81.15232294680868 165.24090424158078 104.8562325619464 104.27839825504236 113.5211522447612 152.32034309910205 110.93464906896122 116.58102336382399 129.56625488645864 113.66458588093815 120.01503749980861 
109.4875952310075 87.01670974327197 120.54592006151938 123.5706258022418 147.69590664663542 101.1690813503497 73.78043946857423 136.6843340553886 65.40029806639507 73.83040565855691 89.36394550309257 92.78708989060596 98.5078455240195 105.89367580680823 81.15232294680868 165.2407916849205 104.85616911890821 104.26616678652402 113.5211522447612 152.32006153505404 110.93464906896122 116.55490397808512 129.5630373615528 113.66458588093815 120.01503749980861 
109.48759523100688 87.01670974327197 120.53724823657785 123.57004974191625 147.69435309432515 101.16900478974355 73.78039304770095 136.6313128030596 65.40029806639507 73.83040565855691 89.36387495935168 92.78708989060596 98.5078455240195 105.89367580680823 81.0981039178987 165.2407916849205 104.85616911890821 104.26616678652402 113.5211522447612 152.289938238152 110.93464906896122 116.55490397808512 129.553950632926 113.56433674768255 120.01503749980861 
108.66606032782795 87.01218112923266 120.52451065762614 123.57004974191625 147.69293551021542 101.16886940963838 73.78038682892566 136.6313128030596 65.40029806639507 73.83040565855691 89.3638735766524 92.78708989060596 98.50707468563917 105.8816257767512 80.97889378634943 165.24074722890418 104.85609470708039 104.26415367020996 113.5211522447612 152.11723761094913 110.91574309873056 116.53287650120228 129.52085226437794 113.56433674768255 119.81680260428732 
108.23831199648941 86.99671393850315 120.52083339959358 123.47451470308908 147.69251114574865 101.16886940963838 73.78037414779709 136.61469186895397 65.39978426595928 73.83040565855691 89.3638476061044 90.74643171783532 98.50689151612397 105.879438152646 80.97889378634943 165.24074722890418 104.85609470708039 104.26415367020996 113.5211522447612 152.11723761094913 110.91360298210827 116.53287650120228 129.51796591120478 113.56147960986686 119.81680260428732 
108.17166142472115 86.99671393850315 120.51987467676327 123.47451470308908 147.69251114574865 101.16886940963838 73.78031293104169 136.61257883085818 65.39951182410476 73.83040565855691 89.36384406506028 90.74643171783532 98.48449300535373 105.879438152646 80.97889378634943 165.24070605284533 104.85604110839125 104.26407433450703 113.52106005384735 152.11723761094913 109.88267003381202 116.52525462735616 129.51612161349544 113.55697697897676 119.81680260428732 
107.99279204442001 86.99056545692065 120.51392678454226 123.47451470308908 147.69141515308775 101.16884859653476 73.78031293104169 136.53115692808103 65.39951182410476 73.83040565855691 89.36384406506028 90.74643171783532 98.48449300535373 105.879438152646 80.92552763461026 165.24070605284533 104.85596720249794 104.26203465883339 113.52106005384735 152.11261680343716 109.6678840480746 116.42992824890803 129.51612161349544 113.55093467766994 119.81680260428732 
107.98744231768296 86.99056545692065 120.51155303260578 123.47451470308908 147.69131529324466 101.16883810027451 73.78030077953196 136.53115692808103 65.39937084723846 73.83040565855691 89.36383506648752 90.74643171783532 98.48449300535373 105.879438152646 80.92552763461026 165.2407020978941 104.85596720249794 104.26194971231598 113.52106005384735 152.0972104236297 109.63683493724443 116.3862050598625 129.51277696430805 113.48460368164592 119.81680260428732 
107.94478163543778 86.98781832998986 120.51155303260578 123.45856481132546 147.66891584099108 101.16882935826914 73.78030077953196 136.52950847347915 65.3989361342966 73.83040565855691 89.36383506648752 89.47202675937137 98.47787754025808 105.879438152646 80.92432043508057 165.2407020978941 104.85594981311215 104.26146078938507 113.52105669871685 152.0967165966698 109.60982899873352 116.37161222328803 129.51277696430805 113.48460368164592 119.81680260428732 
107.94410437329918 86.98488244044603 120.51155303260578 123.45856481132546 147.62575451868543 101.16882534576882 73.78030077953196 136.52950847347915 65.37876656779372 73.83040565855691 89.3638235024805 89.17641328884451 98.47495687668061 105.879438152646 80.91252977608985 165.24070029413747 104.85594851896093 104.26099625877407 113.52104571156462 152.07919127309526 109.60188862133691 116.37161222328803 129.5126529773329 113.48460368164592 119.81680260428732 
107.66572725139679 86.98437718831622 120.51064071407086 123.45783699750109 147.62374621171557 101.1688243120152 73.7802980315605 136.52873006103596 65.35566064804988 73.83040565855691 89.3638235024805 89.01490794481913 98.46371303810923 105.87902610742395 80.89590947581536 165.23409718629364 104.85594660422265 104.26039731575008 113.52104571156462 152.07919127309526 109.58964994998979 116.36771942588803 129.5126529773329 113.48123238448204 119.81680260428732 
107.66572725139679 86.98437718831622 120.51048604554376 123.45736586123587 147.62198312853855 101.1688243120152 73.7802974377073 136.52873006103596 65.20740933325544 73.83040565855691 89.3638235024805 89.01490794481913 98.46371303810923 105.87878459150824 80.88944579132703 165.22680321911946 104.85594582662424 104.26021610264257 113.52104034233378 152.0557373039859 109.58964994998979 116.35666505950542 129.512613227148 113.47923995453414 119.81680260428732 
107.66572725139679 86.98437718831622 120.51048604554376 123.45736586123587 147.6213175995773 99.91622223895473 73.7802974377073 136.52840341850356 65.20740933325544 73.83040565855691 89.3638235024805 88.52527694447878 98.45995926500734 105.87872090759896 80.88375387203803 165.22680321911946 104.85594134615019 104.15558288282773 113.51276226380526 152.0557373039859 109.56938226050306 116.35666505950542 129.512613227148 113.47816550792959 119.58640621111999 
107.66572725139679 86.9842926590668 120.5104746439597 123.4570439759458 147.62076883496218 99.91622223895473 73.7802974377073 136.51556635183397 65.20740933325544 73.83040565855691 89.36382318193841 88.52527694447878 98.44950690621903 105.68360077746792 80.88000225508398 165.22355736958616 104.85594134615019 104.15558288282773 113.51276226380526 152.05329151760384 109.56698913707402 116.35570832825647 129.51259656774346 113.47696519428439 119.58640621111999 
107.66572725139679 86.9842926590668 120.51042534167209 123.45703520724953 147.6201565604789 99.91622223895473 73.7802974377073 136.4947100623698 65.20740933325544 73.83040565855691 89.36382221431995 86.93782116060288 98.44950690621903 105.60043729575244 80.88000225508398 165.2207311181353 104.85594134615019 104.12788698238546 113.51207255669692 152.0520010601374 109.35847111547503 116.35570832825647 129.51259656774346 113.47696519428439 119.58640621111999 
107.66572725139679 86.9842839008046 120.48203188074376 123.403065970125 147.61934511012305 99.89406771010903 73.78029688407275 136.4947100623698 65.20507008456929 73.83040565855691 89.36382221431995 86.30249248023097 98.44761316298684 105.60043729575244 80.88000225508398 165.21957601445297 104.85594134615019 104.12788698238546 113.51171096329745 152.0520010601374 109.35847111547503 116.26040314344368 129.51247137146868 113.46813151701667 119.58640621111999 
106.62578368471964 86.9842718090344 120.47224279127067 123.403065970125 147.61934511012305 97.39009634652291 73.78029688407275 136.435137052105 65.20199224748234 73.83040565855691 89.36382142244491 85.87582165000265 98.44761316298684 105.60043729575244 80.8792481453732 165.21864935071233 104.8365927590271 104.12440235547746 113.51149908568925 152.05089811853543 109.35539357243817 116.12889711080823 129.5123190794584 113.46216917134541 119.58640621111999 
106.30696418712489 86.98401257863992 120.47224279127067 123.38258404740793 147.61934511012305 97.10635947402773 73.78029688407275 136.435137052105 65.19992078538701 73.83040565855691 89.36382077195861 85.47023515904914 98.44555964532594 105.60043729575244 80.85396405165454 165.21864935071233 104.8365927590271 104.12440235547746 113.51129874061735 152.05068081072807 109.10242973826644 116.12889711080823 129.5122847097183 113.46031570605396 119.58640621111999 
106.16569472924812 86.98401257863992 120.47022982402086 123.37604915913971 147.61934511012305 97.10524142342246 73.78029663920199 136.43168085578895 65.15351978282479 73.83040565855691 89.36382077195861 85.47023515904914 98.36945223317832 105.60043729575244 80.85072428008499 165.2184406377304 104.8365927590271 104.09666551889876 113.51129874061735 152.00563740297196 109.10242973826644 116.12889711080823 129.51212187981105 113.46031570605396 119.58640621111999 
105.00951713457738 86.98396102956184 120.46790452248604 123.36957952752675 147.61930577633996 97.05229266570473 73.78029663920199 136.42988475499692 65.13857448178186 73.83040565855691 89.0821064263327 85.4500702585027 98.33046083035492 105.58922691152821 80.83030142028088 165.21820920444497 104.8365346254235 104.07771993518429 113.51129874061735 152.00181990530018 109.10242973826644 116.12889711080823 129.51210695746545 113.45996852424457 119.58640621111999 
104.99231964108293 86.98394617769304 120.46697055180255 123.36847649054857 147.59908798295078 96.9995348499524 73.78029663920199 136.4285070446624 64.77085269400482 73.83040565855691 88.13806671442711 85.44815812462264 98.31958433091012 105.58922691152821 80.83030142028088 165.2181721870072 104.83631286679315 104.07771993518429 113.51116675822664 151.75735185263625 109.10242973826644 116.12889711080823 129.51210265208817 113.45695942057023 119.58640621111999 
104.70904992954934 86.98392086255336 120.46682828637256 123.36847649054857 147.5970786513784 96.9995348499524 73.78029663920199 136.42796587730368 64.77085269400482 73.83040565855691 87.91582306346356 85.42315145769038 98.31430769886322 105.58922691152821 80.83030142028088 165.21816676786534 104.83631286679315 104.06210998492656 113.51114965864815 151.75735185263625 109.10242973826644 116.12889711080823 129.51210265208817 113.4560161963584 119.58640621111999 
104.58599957366619 86.98392086255336 120.46673512357779 123.36847649054857 147.59563804895697 96.97370244267142 73.78029663091769 136.42690145511494 64.77085269400482 73.83040565855691 87.91026312004885 85.42203892566226 98.31430769886322 105.47431367245997 80.83030142028088 165.2181209790656 104.83523247153823 103.98661607280468 113.5111477479503 151.75735185263625 109.10242973826644 116.12889711080823 129.51210217347 113.45577035693725 119.58640621111999 
101.49099609165796 86.98392086255336 120.46643578189867 123.3680182972322 147.571848283613 96.94188574381292 73.78029663091769 136.42588057692865 64.75890495406145 73.83040565855691 87.82650896824157 85.41027832473708 98.31237337027096 105.47431367245997 80.83030142028088 165.2181209790656 104.83523247153823 103.98661607280468 113.51111860231129 151.75735185263625 109.10242973826644 116.12889711080823 129.5120999156244 113.45577035693725 119.58640621111999 
100.67219739289715 86.98392086255336 120.46628913635323 123.36773077411215 147.55568014161577 96.93743221888906 73.78029653792396 136.42479319982067 64.75824469340023 73.83040565855691 87.81391376905003 85.26214109946739 98.3111085829068 105.47431367245997 80.83004048835272 165.2181209790656 104.83523247153823 103.98661607280468 113.51110031420524 151.75735185263625 109.10242973826644 116.12889711080823 129.51209924779687 113.45562422370858 119.58640621111999 
100.67219739289715 86.98392086255336 120.46601891231103 123.36732860679422 147.53971874867466 96.92104403451879 73.78029653792396 136.42364027886072 64.75824469340023 73.83040565855691 87.78797847924471 84.81229221923786 98.3111085829068 105.47321859431213 80.82985006342437 165.21812024864164 104.83518402253662 103.98661607280468 113.51110031420524 151.75735185263625 109.10242973826644 116.12889711080823 129.51209491131306 113.45562422370858 119.58640621111999 
100.67219739289715 86.98392066870383 120.46601891231103 123.36721526125916 147.53483553946785 96.90970489277834 73.78029652205669 136.42364027886072 64.75480480890792 73.83040565855691 87.78399566763602 84.81229221923786 98.31054698449077 105.47321859431213 80.82968576783838 165.218101583637 104.83518402253662 103.98591044200288 113.51110031420524 151.75735185263625 109.10242973826644 116.12889711080823 129.51209491131306 113.45545386958236 119.58640621111999 
100.63398220098429 86.98391981242946 120.46597726594689 123.36688325725686 147.49327370198046 96.90126047208025 73.78029652205669 136.3948395676564 64.72658948337312 73.83040565855691 87.78399566763602 84.81229221923786 98.30936678863742 105.4707013726927 80.82966668312503 165.218101583637 104.8351667266245 103.97585573967234 113.51110031420524 151.75735185263625 109.0093354268335 116.12889711080823 129.5120931866279 113.45545386958236 119.58640621111999 
100.58829138803816 86.98391981242946 120.43973653065359 123.36688325725686 147.48847735466438 96.8730731282418 73.78029652063327 136.38828990917057 64.72658948337312 73.83040565855691 87.77750710990921 84.81229221923786 98.30936678863742 104.37600170724909 80.82955639603608 165.2180998145178 104.83513609459135 103.97185631098375 113.51110031420524 151.75735185263625 108.94950778797931 116.08594279044257 129.5120931866279 113.45541737755002 119.58640621111999 
100.55371265854933 86.98391981242946 120.43950952298314 123.36688325725686 147.47910275370884 96.8730731282418 73.78029651863699 136.38528808350372 64.70979817997971 73.83040565855691 87.7755648833762 84.81229221923786 98.28214345515806 104.1097985432782 80.82955398265312 165.21809910414117 104.83512624391767 103.97185631098375 113.5110979533165 151.75735185263625 108.94443476077936 116.07529413955422 129.51209210532795 113.45541737755002 119.58640621111999 
100.53483938230613 86.98391981242946 120.43222837141718 123.366701031194 147.47868511157503 96.8623541446205 73.78029651558234 136.38528808350372 64.69990607754801 73.83040565855691 87.77360756990242 84.81229221923786 98.28065487257442 104.05228938347881 80.8295281185973 165.21809865202852 104.83511297593759 103.97003539729457 113.5110979533165 151.75735185263625 108.93105290025335 116.0567459858737 129.51209152755052 113.43157564943954 119.58640621111999 
100.52759660090192 86.98391974229327 120.40352274827683 123.36668791389184 147.4782129991022 96.82823778002665 73.78029651558234 136.38528808350372 64.47119077776347 73.83040565855691 87.77237327288327 84.55951377487145 98.28017107254038 104.05228938347881 80.8295281185973 165.209101066936 104.83511297593759 103.97003539729457 113.51109645540748 151.75735185263625 108.90672229550972 116.0495846603443 129.51209146714018 113.38224301057278 119.58640621111999 
100.52759660090192 86.98391974229327 120.35599455100214 123.36648607526467 147.46856395350392 96.8212549031901 73.7802965155658 136.38528808350372 64.47119077776347 73.83040565855691 87.77237327288327 84.55951377487145 98.27853624058287 104.03069731824934 80.82952768975798 165.209101066936 104.80622939823456 103.96278295905847 113.4972336524113 151.73459012388264 108.90658560258544 116.04036518829184 129.51209133342638 113.38224301057278 119.58640621111999 
100.52759660090192 86.98391971441669 120.35599455100214 123.36648607526467 147.46121115171218 96.81450305014357 73.7802965155658 136.3851401835958 64.47119077776347 73.83040565855691 87.77237327288327 84.55951377487145 98.27853624058287 103.99118233157685 80.69831307133131 165.2076123135298 104.80622939823456 103.9591387720825 113.49584826633316 151.7240542661931 108.89324530456122 116.03965848325925 129.51209115000256 113.3757569696595 119.58640621111999 
100.52754729406803 86.9839197075836 120.35599455100214 123.36648607526467 147.45821020882943 96.81066058147684 73.78029651536497 136.38507335238774 64.47119077776347 73.83040565855691 87.7720264783427 84.55951377487145 98.27853624058287 103.9867855329706 80.69831307133131 165.20695475095818 104.79880129171539 103.95122109826622 113.49584826633316 151.7240542661931 108.87553006433069 116.0385789363088 129.51209057559743 113.37556951161923 119.58640621111999 
100.5263880946681 86.98391965727876 120.35599455100214 123.36647962932784 147.45626185162814 96.80541567890509 73.78029651502055 136.384683355142 64.47119077776347 73.83040565855691 87.77190656740936 84.55951377487145 98.27798464121389 103.8642599255354 80.69831307133131 165.20669079168783 104.79880129171539 103.94988842099133 113.49584826633316 151.72000931441323 108.86686078558944 116.0385789363088 129.51209041551192 113.25573939819537 119.58640621111999 
99.30189279730041 86.98391965727876 120.35542484723874 123.3664644885406 147.45512040793278 96.79453148512971 73.78029651502055 136.3840487418447 64.47119077776347 73.83040565855691 87.77179011902717 84.54739528776315 98.27798464121389 103.81997857359255 80.69831307133131 165.20654074320578 104.79880129171539 103.94259390091821 113.49568460644275 151.69174456453663 108.77238588794324 116.01954985681107 129.5120903809069 113.25573939819537 119.58640621111999 
98.60475698142596 86.98391965727876 120.3550905919493 123.3664644885406 147.45489950213846 96.68050201011056 73.78029651495933 136.3840487418447 64.47119077776347 73.83040565855691 87.77179011902717 84.54739528776315 98.2779150269036 103.64084698014051 80.6913146591994 165.20647699036965 104.79880129171539 103.92491239484008 113.4954032923838 151.69174456453663 108.77238588794324 116.01628650163286 129.5120903557447 113.25573939819537 119.58640621111999 
98.53419654407196 86.9839196385903 120.35496170313354 123.3664644885406 147.45489950213846 96.68050201011056 73.78029651495933 136.3840487418447 64.47119077776347 73.83040565855691 87.77177484474362 84.3048478175262 98.2779150269036 103.64084698014051 80.6913146591994 165.20643642771915 104.79880129171539 103.91538108906161 113.49528872865653 151.6869963110455 108.67799901197714 116.01212925354912 129.51209033311125 113.25573939819537 119.58640621111999 
98.48484320766153 86.98391962714356 120.33279152876594 123.36646177707291 147.4544823583135 96.68050201011056 73.7802965149329 136.3840487418447 64.47119077776347 73.83040565855691 87.77176094046001 84.3048478175262 98.23048298000231 103.64084698014051 80.47965402961125 165.20638897549782 104.79867200106031 103.91468271924828 113.4952432024254 151.68222565377164 108.67299171764301 116.00997676798988 129.51209033311125 113.25573939819537 119.58640621111999 
98.48237836402063 86.98391962714356 120.32400552333854 123.36646177707291 147.4542903593773 96.67571383702136 73.78029651492233 136.3348513651822 64.43377042788694 73.83040565855691 87.77175632747844 84.3048478175262 98.22739809971563 103.5948488766009 80.47965402961125 165.20629717996223 104.79855740319306 103.90043210545366 113.4952432024254 151.67699687405195 108.66611024606834 116.0089824464543 129.51209033311125 113.25573939819537 119.58640621111999 
96.6449513227592 86.9839196186532 120.32201623620438 123.36646150016952 147.4542903593773 96.67571383702136 73.78029651489823 136.3348513651822 64.39056240988293 73.83040565855691 87.77175632747844 84.3048478175262 98.2245531710056 103.58012118246523 80.47965402961125 165.20627149393295 104.79828280827286 103.90043210545366 113.49520436953196 151.67699687405195 108.66611024606834 116.00823028738682 129.51209033174473 113.25573939819537 119.58640621111999 
96.6449513227592 85.72051813478697 120.31991395747127 123.36646064055094 147.4541218568263 96.57358193201418 73.78029651489823 136.3348513651822 64.23429268487132 73.83040565855691 87.77175632747844 84.29532998718082 98.22298895245598 103.57924276940741 80.47965402961125 165.1955885324776 104.79820906125286 103.89713739430033 113.49519319831415 151.6759886322577 108.66611024606834 116.00823028738682 129.51209033148598 113.25573939819537 119.58640621111999 
96.62605097659332 85.28815441918704 120.31929335887276 123.36645969727078 147.45409942463266 96.57358193201418 73.78029651489038 136.33248411170553 64.23429268487132 73.83040565855691 87.77175632747844 84.28690246298015 98.22298895245598 103.5773811711179 80.47707333991815 165.19445414174152 104.7981679751424 103.89679595698317 113.49517693832297 151.67590497902995 108.66611024606834 115.98581767604344 129.51209033095847 113.25573939819537 119.58640621111999 
96.60591125196481 85.28815441918704 120.3185898617105 123.36645891834269 147.4540901765023 96.53357877469693 73.59252115627959 136.3311052143514 64.17626626419138 73.83040565855691 87.77175625681872 84.26748454851702 98.22298895245598 103.42024564601161 80.46971903413811 165.19409253065123 104.79815881116997 103.89679595698317 113.49516781925365 151.60915023213397 108.66547042212432 115.97304333650072 129.5120903308764 113.25573939819537 119.58640621111999 
96.60591125196481 85.28815441918704 120.3185898617105 123.36645852260312 147.4540901765023 96.40786700014905 73.59252115627959 136.32653860369294 64.16915605011297 73.83040565855691 87.77175625681872 84.26426182563534 98.22273945298679 103.42024564601161 80.46971903413811 165.19398788208696 104.7981467789478 103.89679595698317 113.49515405348166 151.55627926821717 108.66239291409079 115.9699654495887 129.51209033073303 113.25573939819537 119.58640621111999 
96.60591125196481 85.28815441918704 120.3185816473623 123.36645852260312 147.45408223424624 96.24039243738855 73.59252115627959 136.32493745894567 64.15286704825178 73.83040565855691 87.5548148684154 84.26241430173377 98.222314710663 103.402567530091 80.46826554615427 165.19387878975886 104.7981467789478 103.89658674731419 113.49515405348166 151.55627926821717 108.66239291409079 115.9699654495887 129.51209033044574 113.25573939819537 119.58640621111999 
96.59946067797534 85.28815441918704 120.31856322775866 123.36645843004214 147.45407247290552 96.16521865514096 73.58112163193022 136.3238907926625 64.15172952592025 73.83040565855691 87.28148106869486 84.26160278195476 98.10454177545358 103.39370578160839 80.29579218877666 165.1937186741702 104.7981464505084 103.89600531850368 113.49515281524555 151.55627926821717 108.66239291409079 115.9699654495887 129.51209033044574 113.25573939819537 119.58640621111999 
96.59044938571566 85.28375301129762 120.31856322775866 123.20974425251984 147.45406029955416 96.13659706632973 73.56958166444826 136.32276921336165 64.14609978463386 73.83040565855691 87.28148106869486 84.26160278195476 98.10454177545358 103.19195247551613 80.29579218877666 165.1937186741702 104.77093970111054 103.89589403738466 113.49515072123495 151.55435033140088 108.6618576269687 115.96971158814631 129.51209033044574 113.25573939819537 119.58640621111999 
96.57496048699397 85.28375301129762 120.28761113646146 123.20974425251984 147.453622833699 96.06010672643293 73.56958166444826 136.240744522863 64.14609978463386 73.83040565855691 87.28148106869486 84.04987208027262 98.10454177545358 103.19195247551613 80.29579218877666 165.19371651620622 104.76625121778096 103.89589403738466 113.49514999376538 151.55416762033155 108.66085633323536 115.96710734451096 129.51209033044574 113.25573939819537 119.58640621111999 
96.57496048699397 85.28313605271887 120.28755548461606 123.20974425251984 147.4500648072726 95.87474832572445 73.56958166444826 136.240744522863 64.14609978463386 72.65981813875987 87.28148106869486 84.04987208027262 98.10454177545358 103.19195247551613 80.29579218877666 165.1936974886064 104.74353007640354 103.89589403738466 113.49514988554597 151.55416762033155 108.66061901976605 115.96710734451096 129.51209033042255 113.25573939819537 119.58640621111999 
96.57007974363495 85.28206686218084 120.28755548461606 123.20974425251984 147.4500648072726 95.87474832572445 73.56958166444826 136.240744522863 64.1450572270752 72.5501235420046 87.28148106869486 84.04326039713254 98.10136220977677 103.19017599029854 80.29579218877666 165.1936974886064 104.74011532222045 103.89587882337543 113.49514917502393 151.55277619959656 108.66048923792306 115.94740637069197 129.51209033042255 113.25573939819537 119.58640621111999 
96.56741427345912 85.2805859024669 120.27775775303405 123.2081091510787 147.4209629177857 95.86966404839399 73.56958166444826 136.2346957663625 64.14450766487948 72.5501235420046 87.28148106869486 84.02158793262305 98.10096747698395 103.18906230601635 80.29579218877666 165.1936937959266 104.74011532222045 103.89583627665343 113.49514917502393 151.5337494727478 108.66048923792306 115.94213634091295 129.5120903304197 113.25573939819537 119.58640621111999 
96.48707590865922 85.2805859024669 120.2751509085291 123.20779468616149 147.41891472630186 95.84354037326955 73.56958166444826 136.2342431864006 64.14433227903146 72.49387767463043 87.28148106869486 84.0117750925329 98.10096747698395 103.18906230601635 80.29563209987896 165.19368110302628 104.72966162160253 103.89583627665343 113.49514888122485 151.5252152444964 108.53764451364867 115.91599512916048 129.5120903304172 113.25573916818496 119.58640621111999 
96.48675469051557 85.28047230122036 120.25427354106318 123.20543071855332 147.41461422947225 95.84354037326955 73.56958166444826 136.2342431864006 64.14415211485584 72.44061352190045 87.28148106869486 84.0117750925329 98.10096747698395 103.18906230601635 80.2652373453003 165.1936809181982 104.72469446678167 103.89582412004631 113.49514888122485 151.46364969941578 108.53764451364867 115.89603236852554 129.5120903304122 113.25573587968279 119.58640621111999 
96.47766852745713 85.28001168989732 120.25427354106318 123.20543071855332 147.411871956205 95.82917611906112 73.56958166444826 136.21140287433445 64.14415211485584 72.38644758815207 87.28134657435282 84.00910770003082 98.08200395200993 103.1889531743492 80.16435974410803 165.19367960569048 104.72469446678167 103.86173325808466 113.49514888122485 151.4193425006174 108.5361282333667 115.87782962889287 129.51192479655072 113.25573587968279 119.58640621111999 
96.4694215179045 85.28001168989732 120.25371909598198 123.20490072159816 147.4048237014788 95.696133895206 73.56951496996635 136.15183906823768 64.06522912819179 72.38206869955292 87.28134657435282 83.9123410911796 98.07508768261653 103.18863041806446 80.16435974410803 165.19367787138697 104.71932490817596 103.86173325808466 113.49514880107893 151.36964042532964 108.53459392527077 115.87469533336014 129.49295949459759 113.25573587968279 119.58640621111999 
96.4694215179045 85.27989376719961 120.24562377583698 123.20461904951014 147.4009413756445 95.67992233733389 73.56951496996635 136.15183906823768 64.05851105143478 72.38206869955292 87.28134657435282 83.89150625393813 98.07508768261653 103.18863041806446 80.15114354596437 165.1936768993677 104.71932490817596 103.86004510621024 113.49514868845085 151.3206508936413 108.53455250888175 115.86236862879991 129.48434583502717 113.25573587968279 119.58640621111999 
96.46889467747025 85.07973894540157 120.24479251561797 123.12755689881146 147.39710081044336 95.59699533135199 73.56951496996635 136.15183906823768 64.04336196382548 72.38120633234303 86.97386498949146 83.89150625393813 98.073890688142 102.96647912608898 80.14353429415576 165.19367536703658 104.71932490817596 103.85798729807237 113.49514868288918 151.223666532185 108.52269456647736 115.86236862879991 129.48434583502717 113.25573427621828 119.58640621111999 
96.46845427504451 85.07973894540157 120.24179896162264 123.12755689881146 147.38520679907128 95.5316035583254 73.56950807100657 136.15168778008479 64.04336196382548 72.37689052601081 86.97386498949146 83.88967913355583 98.07374399772567 102.96647912608898 80.14353429415576 165.19367536703658 104.71932490817596 103.85369976470236 113.4951486520099 151.223666532185 108.52269456647736 115.85696250545209 129.4834228775245 113.25573427621828 119.58640621111999 
96.46763342883173 85.07973894540157 120.23991547518403 123.12755689881146 147.37938740364518 95.50346652801585 73.56945032791737 136.15079541537307 64.01873526529516 72.37689052601081 86.90236576804517 83.88355859953623 98.07290947585977 102.96647912608898 80.14064103618921 165.19367536703658 104.71814199042473 103.85202622048234 113.49514864918717 151.223666532185 108.49677741181404 115.84165860640894 129.4834228775245 113.25573392077717 119.58640621111999 
96.46747325669355 85.07973894540157 120.23991547518403 123.12755689881146 147.3791106646437 94.66287193272206 73.56945032791737 136.15007930458387 64.01873526529516 72.37598441142552 86.89016203141205 83.87972750292062 98.07221858282412 102.96647912608898 80.14044255063015 165.19367536703658 104.71796781604212 103.84691482394481 113.4874810160344 151.223666532185 108.49555795120915 115.78459978407693 129.48257972710326 113.25573392077717 119.58640621111999 
96.46747325669355 85.07973894540157 120.2397780008888 123.12477372617025 147.37414113715363 94.36331758208115 73.56943988932073 136.14903014095717 64.01695081851983 72.37558037513742 86.85794561429714 83.87972750292062 98.03438683574416 102.8240160749873 80.14044255063015 165.19367530016416 104.71796781604212 103.84691482394481 113.4874810160344 151.223666532185 108.47356561382571 115.78459978407693 129.48257972710326 113.25573387017187 119.58640621111999 
96.46747325669355 85.07973894540157 120.2397780008888 123.11627441488054 147.36553893062091 94.19632419748433 73.56940902608335 136.1489557912139 63.87789003058805 72.37521515470934 86.84307384447084 83.54318909047731 98.03126613923837 102.8240160749873 80.14044255063015 165.19367522188065 104.71784594927726 103.84526207531422 113.4874810160344 151.22184531292123 108.46736069943296 115.78459978407693 129.4825291648067 113.25573383259052 119.58640621111999 
96.46744218771289 85.07973894540157 120.23964226955945 123.0817487575016 147.35346933140113 94.17848189118592 73.56940902608335 136.12797362906952 63.87789003058805 72.37521515470934 86.8387478892405 83.54318909047731 98.03085495700662 102.8240160749873 79.97142873093821 165.19367513964448 104.71776381489462 103.82216045559437 113.4874810160344 151.22124523980608 108.4664619342035 115.78459978407693 129.48247521492908 113.25218346023553 119.58640621111999 
96.351681354439 85.07973894540157 120.23959244920593 123.0817487575016 147.35239749334255 94.17197236125048 73.56936371891908 136.12797362906952 63.87789003058805 72.37521515470934 86.8242794191865 83.54318909047731 98.02722923842441 102.8240160749873 79.97142873093821 165.19367513964448 104.71776381489462 103.82216045559437 113.48719629227435 151.22099638172108 108.43627558683892 115.78307434735939 129.48247521492908 113.23711880341307 119.58640621111999 
96.351681354439 85.07973894540157 120.23948869721676 123.00296326253783 147.3515084523401 94.1613296248961 73.56936371891908 136.12797362906952 63.87789003058805 72.37521515470934 86.82022016448764 83.54318909047731 98.02722923842441 102.82383022975836 79.97142873093821 165.19367499705766 104.71775123766707 103.82079790672128 113.48715270646994 151.21974875056503 108.43627558683892 115.65163559787186 129.46861887729585 113.23669641134813 119.58640621111999 
96.351681354439 85.07973894540157 120.20535036881677 122.96217768668464 147.3515084523401 94.12644137540173 73.56936371891908 136.12461827379695 63.74189069503399 72.37521515470934 86.82022016448764 83.52334196965467 98.02493664534097 102.82359564553889 79.97142873093821 165.19367499705766 104.71774991819103 103.81520436897802 113.48712568763835 151.21974875056503 108.42545928840485 115.65163559787186 129.46861887729585 113.23422458439609 119.58640621111999 
96.3464865238492 85.07973894540157 120.19181936443977 122.96217768668464 147.34376084153837 94.0914418577483 73.56936316239842 136.1196689037739 63.74189069503399 72.37521515470934 86.82022016448764 83.52334196965467 98.02470918099704 102.82248446550585 79.97106428161862 165.19367499705766 104.71774991819103 103.80575578409412 113.48712568763835 151.19612863860516 108.35668768940559 115.65163559787186 129.46809647189616 113.23422458439609 119.58640621111999 
96.3464865238492 85.07973894540157 120.1876558351438 122.92904422388494 147.34282342839583 94.06640231104586 73.56936286091997 136.1193843199111 63.74189069503399 72.37518290162399 86.818141179429 83.44013702382233 98.02464179514072 102.78048818741036 79.97024587236245 165.19367499104396 104.71773421225106 103.7944111707103 113.4870337762045 151.1814069026393 108.34269959499727 115.65115234251505 129.46732010025312 113.12591938298362 119.58640621111999 
96.3464865238492 85.07973894540157 120.18427766666798 122.92648182416258 147.34279962539756 94.06640231104586 73.56936230398406 136.11751055824072 63.74189069503399 72.37518290162399 86.8176088181462 83.44011763387658 98.02408261094774 102.77039642634873 79.87835201061228 165.19367498830275 104.71773421225106 103.78295155820433 113.4870337762045 151.1805614969819 108.33921566726087 115.64753743445954 129.4663860092321 113.12591938298362 119.58640621111999 
96.34495894608256 85.07973894540157 120.18234387237055 122.92545577520082 147.34279962539756 94.06123719121626 73.56936230398406 136.1065557777158 63.686151030995575 72.37518290162399 86.7782227964874 83.37448175739888 98.02408261094774 102.77039642634873 79.87835201061228 165.19367498830275 104.71769477721034 103.77718145231336 113.4870337762045 151.1805614969819 108.33557564081707 115.64753743445954 129.4663860092321 113.12591938298362 119.58640621111999 
96.34495894608256 85.07973894540157 120.18061230276862 122.92071559376723 147.34254404099875 94.01007696573686 73.56936230398406 136.1045941717191 63.686151030995575 72.37517923449718 86.75470969568039 83.34147654274199 98.02406535395323 102.75572224201073 79.85911664296862 165.19367498633665 104.71769477721034 103.77379463094275 113.4870337762045 151.17946871982826 108.33557564081707 115.6381373845328 129.4650808209998 113.12591938298362 119.58640621111999 
96.34427566515046 85.07973894540157 120.17911956201306 122.92071559376723 147.34234209377644 94.01007696573686 73.56936208730895 136.1024669062017 63.675725856173074 72.37517916375907 86.75470969568039 83.33018582303589 98.02402682429977 102.75572224201073 79.85881185933056 165.19367498334123 104.71769477721034 103.77255117652703 113.4870337762045 151.17946871982826 108.33557564081707 115.59164529758664 129.4650808209998 113.12591938298362 119.58640621111999 
96.34427566515046 85.07973894540157 120.17874957536003 122.92071559376723 147.34198842627347 94.01007696573686 73.56936208730895 136.10201927115622 63.675725856173074 72.37516974219693 86.75470969568039 83.33018582303589 98.00443826566664 102.74994046013222 79.85653677341355 165.1936749833235 104.71769477721034 103.77255117652703 113.4870337762045 151.1606059389759 108.29108799172843 115.58768783488858 129.4650582987515 113.12591938298362 119.58640621111999 
96.34427566515046 85.07973894540157 120.17874957536003 122.92071559376723 147.34198842627347 94.00939278790486 73.5693620064921 136.10201927115622 63.675725856173074 72.37516847461472 86.75470969568039 83.31631858818963 98.00031586337792 102.74994046013222 79.85653677341355 165.1936749833235 104.71769477721034 103.77243931985333 113.48702787235482 151.1606059389759 108.28669291441838 115.58450540511842 129.4650582987515 113.12591938298362 119.58640621111999 
96.3441652828837 85.07973894540157 120.17874957536003 122.91993808524967 147.34198842627347 93.99921982756729 73.56936195760409 136.1019830599389 63.675725856173074 72.37516847461472 86.75470969568039 83.10547149905199 98.00031586337792 102.74861625970203 79.85653677341355 165.19367498250415 104.71769023787675 103.77211251803936 113.48699543735427 151.15762063788145 108.27000806024455 115.55905687107543 129.46496703013008 113.12591938298362 119.58640621111999 
96.3441652828837 85.07973894540157 120.17855353940513 122.81163379876011 147.34194022211852 93.95262467493382 73.56936184408568 136.101788766225 63.675135980714 72.37516826952236 86.53720180922835 83.09805835261182 98.00031586337792 102.65503323859207 79.85642810486632 165.19367498220447 104.69125000620852 103.75616021096397 113.48699543735427 151.15762063788145 108.27000806024455 115.55439904505647 129.46490526632851 113.12532241193924 119.58640621111999 
96.3441652828837 85.07973894540157 120.17852031288339 122.81163379876011 147.34192623356125 93.95262467493382 73.56936176808688 136.10123040150847 63.67415991723533 72.37516782484266 86.53720180922835 83.09805835261182 97.99963722943096 102.48946383504938 79.77111658506828 165.193674982046 104.69125000620852 103.75483577037392 113.48699543735427 151.08387296700835 108.27000806024455 115.55439904505647 129.46472317441646 113.12532241193924 119.58640621111999 
96.3441652828837 85.03777160099696 120.17852031288339 122.81163379876011 147.3419171589394 93.95262467493382 73.56936176808688 136.0838527626404 63.646185059166896 72.37516774740311 86.53720180922835 83.09805835261182 97.99901230258598 102.35910541445753 79.75976575723024 165.193674982046 104.67336500961369 103.75228112103832 113.48699543735427 151.08387296700835 108.26758118737337 115.55113133665259 129.46469173827018 113.12532241193924 119.58640621111999 
96.34408512738207 85.0339136382658 120.17852001590859 122.81163379876011 147.3419070752509 93.94616610630129 73.5693617674682 136.07756054443712 63.641993666091594 72.37516753117495 86.53720180922835 83.09805835261182 97.99894670812569 102.35910541445753 79.62566147077791 165.19367498193947 104.6644315215982 103.73262446042469 113.48698811314057 151.08387296700835 108.26758118737337 115.49840905278461 129.46469077053325 113.12496964540048 119.58640621111999 
96.34404452262669 85.03258990180666 120.17852001590859 122.81163379876011 147.3418983968902 93.93353714227783 73.56936174349107 136.07444536943717 63.52958345777199 72.37516722763007 86.53720180922835 83.07179122902858 97.99886941113681 102.12688717113542 79.62566147077791 165.1936749818717 104.6644315215982 103.73262446042469 113.48698811314057 151.0697640879498 108.26758118737337 115.49840905278461 129.4646889325062 113.10554197907663 119.58640621111999 
96.34404226725502 85.02555279460654 120.17852001590859 122.81163379876011 147.3418931404958 93.78810804194018 73.56936174349107 136.07444536943717 63.528709691334484 72.37516722763007 86.45361945734527 83.07179122902858 97.99886941113681 102.12688717113542 79.59503500754386 165.1936749816516 104.66294716608695 103.73085399816262 113.48698380196902 151.06445392307728 108.26578603964037 115.49567018101561 129.46466784196286 113.10171165670909 119.43959463385102 
96.34403480463448 85.02481183918002 120.1785105547491 122.7945707213263 147.34189241304534 93.78810804194018 73.56936174158477 136.07442340038233 63.525428524026665 72.37516722763007 86.45190925536286 83.05212831142637 97.99886941113681 102.12369549237167 79.59503500754386 165.1936749816516 104.66294716608695 103.72892054879571 113.48698351355415 151.06043297218423 108.26578603964037 115.49567018101561 129.46466050167805 113.10045215538048 119.43959463385102 
96.34402669924623 85.02407906126365 120.17849436967845 122.7945707213263 147.34189241304534 93.78810804194018 73.5693617234677 136.07337079590434 63.51667487563054 72.37516722763007 86.4382859319424 82.89043066902838 97.99886941113681 102.11021622359084 79.59086738630248 165.1936749816516 104.65932731716401 103.72852534166157 113.48698301152297 151.06006065552924 108.16836466344125 115.48540418547668 129.45253046399932 113.09800494109993 119.43959463385102 
96.34401733471464 84.94193882677291 120.17849308164364 122.7945707213263 147.34189235423878 93.67626440949698 73.56936171777312 136.07337079590434 63.482680615739866 72.37516717005678 86.2870283215741 82.27694729294802 97.99886941113681 102.11021622359084 79.58370274389353 165.19367498160352 104.65932731716401 103.72852534166157 113.48698301152297 151.06006065552924 108.16836466344125 115.48416542826658 129.44926880750245 113.09762780287713 119.43959463385102 
96.3440075905686 84.93896068434691 120.16755108297275 122.7945707213263 147.3418905810056 93.67626440949698 73.52935967486553 136.07334312435432 63.4799853630912 72.37516717005678 86.2870283215741 82.27694729294802 97.998843538541 102.10638406024589 79.58280399592905 165.19367498156987 104.65932731716401 103.71885972300038 113.48698253125053 150.95595717193362 108.16836466344125 115.483061311298 129.44781399167437 113.09667759643025 119.43959463385102 
96.3440075905686 84.93262592559199 120.16755108297275 122.7945707213263 147.34189031181018 93.67203293880527 73.52935967486553 136.0732962397417 63.47691330850546 72.37516712312788 86.2870283215741 82.16523858276025 97.998843538541 102.10638406024589 79.58180841446 165.19367498156987 104.64714935756564 103.71885972300038 113.4869823638237 150.95595717193362 108.11783980843148 115.48218075026512 129.4474862342439 113.09663060368962 119.43959463385102 
96.3440075905686 84.93159864138664 120.1557488813495 122.79394741687838 147.34189021748443 93.50119746508585 73.52057212236275 136.07314842651192 63.47691330850546 72.37516710890333 86.15051327771579 82.14142301765361 97.96667460604857 101.1036818914547 79.58180841446 165.1936749815486 104.6446976821926 103.71860339451831 113.4869823481265 150.95595717193362 108.11783980843148 115.48133934025054 129.44725479810427 113.09643839996932 119.43959463385102 
96.3440075905686 84.93159864138664 120.15322324166482 122.7935050777246 147.34189021748443 93.50051274740264 73.52057212236275 136.07309706628882 63.47338611619449 72.37516710890333 86.15051327771579 82.13156056522422 97.96667460604857 100.80141802693134 79.5800381185573 165.1936749815486 104.64397622282115 103.71821269507012 113.48698221008158 150.92307618300765 108.10113278781785 115.46116956649564 129.44725479810427 113.09641240112342 119.43959463385102 
96.3440075905686 84.93034928953949 120.15307630465622 122.7935050777246 147.34189014529227 93.50051274740264 73.52028634977205 136.05198030346548 63.47338611619449 72.37516710861496 86.15051327771579 81.95585691281912 97.96533196707418 100.80141802693134 79.5800381185573 165.1936749815486 104.64089598117965 103.70083439571698 113.48698218424067 150.92307618300765 108.0993805128902 115.45519345210005 129.44719805027762 113.09619170503015 119.43959463385102 
96.3440075905686 84.929204075597 120.15284776162639 122.79348899770878 147.34189010129285 93.48435524303818 73.5166582000104 136.04618170168817 63.47338611619449 72.37516710861496 86.15051327771579 81.90474085390957 97.92946088869905 100.80141802693134 79.5800381185573 165.19367498153485 104.64024049689402 103.69547943332344 113.48698218424067 150.91908647995808 108.09600967536335 115.45177335459778 129.44715196205607 113.09617446207824 119.43959463385102 
96.3440075905686 84.92882453075742 120.15221459940165 122.79348899770878 147.34189002827316 93.44276292182639 73.5166582000104 136.04559019353917 63.47308729224579 72.37516710861496 86.15051327771579 81.90203989966665 97.92946088869905 100.74081589640895 79.5800381185573 165.19367498153485 104.64024049689402 103.69421087488797 113.4869821840224 150.91908647995808 108.09172165860127 115.4167940008166 129.4471098467784 113.08911973591626 119.43959463385102 
96.3440075905686 84.92882453075742 120.15200061854591 122.79346990365786 147.34189002827316 93.42812410829856 73.51623049370329 136.04464079841603 63.47257022073063 72.37516710861496 86.14875178659423 81.90010931890458 97.92946088869905 100.71976808385114 79.5800381185573 165.19367498153383 104.64004904839317 103.69421087488797 113.4869821840224 150.91495815920075 108.08948604090358 115.4167940008166 129.44686360021979 113.0820978450106 119.43959463385102 
96.34400746552814 84.92877836667003 120.15188777634444 122.79337298043936 147.34189001253878 93.42812410829856 72.4551501545788 136.04227765307246 63.4722225961288 72.37516710779443 86.1469946596269 81.8667826087426 97.92750145270799 100.71976808385114 79.54340164649562 165.19367498153372 104.63991788216356 103.69421087488797 113.4869821590936 150.9146853722582 108.08948604090358 115.41212420268164 129.44674831298903 113.08162120099928 119.43959463385102 
96.34400739838208 84.92874392262593 120.15182854162708 122.79332164906657 147.34188998915556 93.42707252190576 72.13183768665999 136.04227765307246 63.4722225961288 72.37516710779443 86.14667482288485 81.8649699191509 97.92750145270799 100.6932924942422 79.48666833670103 165.19367498153372 104.63991788216356 103.66923660329638 113.48698215740842 150.91412119911615 108.08907249532524 115.41212420268164 129.44673449180027 113.08086409792759 119.43959463385102 
96.34400727807468 84.92874392262593 120.15182854162708 122.79330533712255 147.34188998915556 93.42707252190576 72.0887828320773 136.04227765307246 63.4722225961288 72.37516710779443 86.14667482288485 81.70245044182292 97.92746622442587 100.6932924942422 79.4656157728989 165.19367498153179 104.63985725710143 103.66803762769757 113.48698215740842 150.91398170771026 108.08907249532524 115.41146505638471 129.43161116146257 113.0781253220905 119.43959463385102 
96.34400712551104 84.92868475051807 120.15178137816883 122.79330533712255 147.341889985266 93.42707252190576 72.07283250628006 136.04227765307246 63.47199048396732 72.37516710774435 86.12731151769702 81.70245044182292 97.926993304588 100.6781124272847 79.45245201125016 165.19367498153179 104.63985725710143 103.66803762769757 113.48698214443993 150.91294007939507 108.0890714804159 115.3999406044976 129.43019016421613 113.0781253220905 119.43959463385102 
96.34400708673985 84.92865764018973 120.15165939279154 122.7932994266838 147.341889985266 93.38469225512546 72.05391708315386 136.04217620589475 63.47199048396732 72.37516710774435 86.12731151769702 81.61920731526942 97.92675054089261 100.6781124272847 79.4303837627632 165.19367498153179 104.63976477252322 103.66794823917007 113.48698214443993 150.9124195061945 108.0609938230117 115.36997659826238 129.4295373392631 113.07804252406186 119.43959463385102 
96.34400701902865 84.92864843547386 120.15165897926443 122.79329740175535 147.34188997583306 93.37362910160829 72.00367355820515 136.0274251821453 63.47191888699956 72.37516710774435 86.08655928758014 81.61920731526942 97.92666803887954 100.66785997570742 79.4303837627632 165.19367498153179 104.63967735634026 103.66794823917007 113.48698214443993 150.91204409074635 108.0609938230117 115.36997659826238 129.42903707236474 113.07740557559384 119.43959463385102 
96.34400701902865 84.92864843547386 120.15164769052626 122.79329591127703 147.34188997583306 93.36673884112628 71.99972390970686 135.93827212442 63.47181166998405 72.37516710774435 86.08655928758014 81.46134379968026 97.92638463357895 100.66785997570742 79.4303837627632 165.19367498153179 104.63967170225459 103.6676137313259 113.48698214443993 150.91058009838514 108.04007741852985 115.29920470391369 129.42903707236474 113.0297063155308 119.43959463385102 
96.34400701902865 84.92862333596423 120.15164769052626 122.73092952148113 147.34188997583306 93.36614247475518 71.99972390970686 135.9314814816662 63.47181166998405 72.37516710761224 86.08306212121164 81.46134379968026 97.92630286150836 100.66300376646433 79.4303837627632 165.19367498153179 104.63965735271904 103.6676137313259 113.48698214264618 150.91058009838514 108.03747910175008 115.29920470391369 129.42895097957694 113.0297063155308 119.43959463385102 
96.34400701902865 84.92862333596423 120.15164139408466 122.73092952148113 147.33670849325222 93.36256366880622 71.99921443068746 135.9314814816662 63.47178290323615 72.37516710761224 86.0733088867778 81.46134379968026 97.92629941959188 100.66300376646433 79.42474541831098 165.19367498153179 104.63964641235304 103.66757333086167 113.48698214264618 150.9104454973101 108.0329082056989 115.26227843781794 129.42869771426194 113.0297063155308 119.43959463385102 
96.34400698961508 84.9285896051386 120.15164139408466 122.71818740693311 147.33443700018825 93.2867739243319 71.99515839857975 135.9295665628806 63.47178290323615 71.13941225428078 86.0691498689688 81.4551072797077 97.90294168076264 100.6204212125665 79.30620075570516 165.1595918122814 104.63964641235304 103.66755310342086 113.48698214264618 150.82421604891272 108.00423167389795 115.26227843781794 129.42869771426194 113.0297063155308 119.43959463385102 
96.34400694745136 84.9285896051386 120.15164139408466 122.71818740693311 147.33442818313688 93.22616514725797 71.99515839857975 135.92953149645314 63.43500994460828 69.7604445668066 86.06548873854615 81.4551072797077 97.90294168076264 100.61289900961413 79.30620075570516 165.1043162713928 104.63964510560447 103.66742548366489 113.48698214237709 150.82421604891272 108.00423167389795 115.26227843781794 129.42868896802304 113.0112832061426 119.43959463385102 
96.34400694745136 84.928582575051 120.15164139408466 122.71818740693311 147.3341565386952 93.22616514725797 71.99451038017622 135.92953149645314 63.43479652232486 69.23500710191774 86.06548873854615 81.4551072797077 97.90260770854587 100.60432778006054 79.27197811183362 164.94459490784402 104.63964473636787 103.66735537166835 113.48698214226556 149.008027400434 108.00362762038463 115.26227843781794 129.4286752556178 113.01058623639301 119.16765158536543 
96.34400694745136 84.92857063330337 120.15164139408466 122.71818740693311 147.3341565386952 93.22616514725797 71.99418840434112 135.92938937181714 63.43143295018547 69.2106337682909 86.06548873854615 81.45369274260298 97.88527782331141 100.60258370452846 79.25384030058689 164.91769509918186 104.63964385948304 103.65753898471883 113.4869821420798 149.008027400434 107.99619736810087 115.26227843781794 129.42863918446687 113.01058623639301 119.16765158536543 
96.34400694745136 84.92856920378733 120.135359876856 122.71697422863076 147.3340693633147 93.22616514725797 71.99418840434112 135.91719013256022 63.42898451644555 69.1954299971261 86.06496909834391 81.45297045921308 97.88527782331141 100.56758394840102 79.25196022149402 164.75362713154732 104.63964385948304 103.65609708195177 113.4869821420798 149.008027400434 107.92789931362353 115.25499031713343 129.42859267603535 113.01058623639301 119.16765158536543 
96.34400694731869 84.92856857840297 120.09252260221194 122.71697422863076 147.333958507259 93.21470900355581 71.83531035807573 135.9138065071861 63.42898451644555 69.1954299971261 86.06496909834391 81.45178914136761 97.88527782331141 100.56758394840102 79.25196022149402 164.54110064399242 104.63964318213232 103.65547051967826 113.48698214200476 149.008027400434 107.91340709103304 115.25496345929025 129.42859267603535 113.00980175567872 119.16765158536543 
96.34400694731869 84.92856832056623 120.09252260221194 122.71682010009931 147.322044580867 93.21470900355581 71.83531035807573 135.9138065071861 63.42898451644555 69.1954299971261 86.06459284185632 81.45178914136761 97.87728543633432 100.56758394840102 79.25196022149402 164.4093485646241 104.63964044972181 103.6381922799693 113.48412919247255 149.008027400434 107.90309789425277 115.25496345929025 129.42858745606395 113.00762333965736 119.16765158536543 
96.34400693683534 84.9285677767416 120.08825307733696 122.71642542895552 147.31625880878153 93.21099505189909 71.83531035807573 135.9138065071861 63.401504940493794 69.18568198010212 86.06431551843656 81.45178914136761 97.87728543633432 100.56758394840102 79.25045748713461 164.4093485646241 104.62897040366806 103.63807383923898 113.47613701022306 149.008027400434 107.90309789425277 115.2539382945273 129.42858745606395 113.00762333965736 119.16765158536543 
96.34400693683534 84.9285677767416 120.06940963486727 122.67618924282351 147.31496801695573 93.21099505189909 71.83531035807573 135.9137597575359 63.397562214548714 69.18568198010212 86.06425300597073 81.45178914136761 97.87528711910238 100.56298495016756 79.25045748713461 164.3727285626868 104.62897040366806 103.63539031231755 113.47613701022306 149.008027400434 107.90068656963382 115.25090318940977 129.42070507256403 113.00758365380034 119.16765158536543 
96.34400693683534 84.9285677767416 120.06354783485574 122.67618924282351 147.3141741278297 93.16305403712715 71.83531035807573 135.8649394242061 63.397562214548714 69.18568198010212 86.06411188765674 81.3504447903801 97.87524274633955 100.5489052973524 79.22524812631752 164.302880636189 104.62814857499814 103.63539031231755 113.47613701022306 149.008027400434 107.90068656963382 115.25090318940977 129.41931030711294 113.0074233190985 119.16765158536543 
96.34400693683534 84.9285677767416 120.05917037653887 122.67618924282351 147.3141741278297 93.16178210817782 71.83531035807573 135.8649394242061 63.39708821809154 69.18568198010212 86.03783267683934 81.34511357625172 97.87516391404966 100.5489052973524 79.22524812631752 164.15223144311176 104.62789645558064 103.6118912430241 113.47613701022306 149.008027400434 107.90068656963382 115.25090318940977 129.41844182358398 113.0074233190985 119.16765158536543 
96.34400693683534 84.9285677767416 120.05917037653887 122.67618924282351 147.3141741278297 93.08925603292505 71.83531035807573 135.85109985186136 63.39708821809154 69.17938109541149 86.03783267683934 81.33722129606645 97.87478854865537 100.54048171722593 79.21648101822046 164.15223144311176 104.61727232784358 103.61160678327576 113.47593902596566 149.008027400434 107.89941966466063 115.25090318940977 129.41184102566012 113.00735198991742 119.16765158536543 
96.34400693676383 84.92856774191068 120.05893798301804 122.67618924282351 147.3140210317374 93.03530985592778 71.83531035807573 135.84905311613284 63.39708821809154 69.17876874844313 86.03409499022666 81.33307612101407 97.87478854865537 100.54048171722593 79.06005845242714 164.1017828134511 104.61433795138362 103.6090358158529 113.47563618404047 149.008027400434 107.89890565672039 115.25021313704667 129.41107792833122 113.00716494062783 119.16765158536543 
96.34400693645568 84.92856774191068 120.05587077239181 122.66887666142475 147.3140210317374 93.03530985592778 71.83531035807573 135.84856329319234 63.39619186011714 69.17876874844313 86.02751351364662 81.33016915434587 97.87478854865537 100.54048171722593 79.06005845242714 164.02680415562804 104.61433795138362 103.6090358158529 113.47563618404047 149.008027400434 107.8988104295226 115.23633567873014 129.41071511620726 113.00708992678415 119.16765158536543 
96.34400693624667 84.92856774191068 120.05587077239181 122.66887666142475 147.31399369300095 93.0242030889242 71.83531035807573 135.84534315335418 63.30359224699902 69.17876874844313 86.02751351364662 81.29880373632443 97.87478854865537 100.53776304265818 79.06005845242714 163.93386294257175 104.60213644308891 103.60858730710959 113.47563618404047 149.008027400434 107.89828025520706 115.23110734628642 129.41071511620726 113.00696431360609 119.16765158536543 
96.3440069361094 84.92856771736797 120.05577734438668 122.61374024895542 147.31394678629078 92.9504933350363 71.83531035807573 135.8094878798472 63.30359224699902 69.17695605010078 86.0161566781776 81.29880373632443 97.87478854865537 100.53738323780806 78.9564854284788 163.90739797941058 104.5995494133432 103.60858730710959 113.47557844531354 149.008027400434 107.86473489663484 115.23110734628642 129.4105413776523 113.00688616684363 119.16765158536543 
96.31509787634843 84.92856768333138 120.05565512123314 122.61374024895542 147.31391416756355 92.9504933350363 71.83531035807573 135.8094878798472 63.30359224699902 69.17635075888171 85.07234025487378 81.26829952397759 97.87477275081557 100.53738323780806 78.9564854284788 163.880708036776 104.59806607537308 103.60836922071155 113.47555020343532 149.008027400434 107.85824714035817 115.23110734628642 129.4105413776523 113.0068790387445 119.16765158536543 
96.2973815925601 84.92856766349269 120.055350987476 122.58543576690545 147.31388075597363 92.9504933350363 71.83529649286868 135.8094878798472 63.30359224699902 69.17619187700598 84.95689053145958 81.23031174253703 97.87474196451728 100.41504296873762 78.95394013936607 163.8396444733421 104.59806607537308 103.6081746841736 113.47555020343532 148.98914143321826 107.80791078082228 115.16636451490535 129.4105413776523 113.00685921835804 119.16765158536543 
96.27966574292509 84.92856766349269 120.055350987476 122.5764698767731 147.31388075597363 92.94509655386418 71.83529649286868 135.80822481858854 63.28616440388117 69.17619187700598 84.86996724382993 81.23031174253703 97.87473480611419 100.41504296873762 78.94780112408438 163.77481513202565 104.59071853616854 103.60803011356529 113.47551261575609 148.9723549870613 107.80791078082228 115.16636451490535 129.40572544196186 113.00681234631475 119.16765158536543 
96.27190330532926 84.92856766188186 120.05525197847658 122.5726106377283 147.31388075597363 92.94499798762922 71.83529649286868 135.80822481858854 63.28616440388117 69.17619187700598 84.85979717097416 81.21548849294675 97.87472342412264 100.41504296873762 78.93788927537082 163.62296889607194 104.59071853616854 103.60802376090635 113.47551261575609 148.75371267357673 107.80645917196034 115.16636451490535 129.40510949488953 113.00681234631475 119.16765158536543 
96.26814340070064 84.9285676604353 120.03355302443197 122.5726106377283 147.31386135745424 92.94422997533763 71.83529597047038 135.80769746192436 63.26756933994915 69.17619187700598 84.82442111485648 81.07833289590229 97.87472342412264 100.41504296873762 78.92379212181334 163.51287703174228 104.58890972188306 103.60796515064891 113.47551017404714 148.63386004824633 107.75927407366879 115.16636451490535 129.40510949488953 113.0068101593597 119.16765158536543 
96.26814340070064 84.9285676604353 120.03355302443197 122.56762716221317 147.31385396424287 92.94249233807955 71.83527944091259 135.80607488584678 63.26756933994915 69.17619187700598 84.82442111485648 81.07833289590229 97.87472047125277 100.40781579512208 78.91761243690519 163.3645645689271 104.58863639714656 103.60796164224394 113.47551017404714 146.8312911836598 107.68105924697664 115.16636451490535 129.40186846816925 112.99273818174697 119.16765158536543 
96.26814340070064 84.9285676604353 120.03355302443197 122.56762716221317 147.31385396424287 92.94229423389203 71.80209797324972 135.8055604826037 63.26756933994915 69.17619187700598 84.81712642648694 81.07833289590229 97.87471851130903 100.3804952751317 78.91153211921039 163.22830580216623 104.58843132384015 103.60793152788608 113.47551017404714 146.2476794719712 107.64863131421691 115.1608260275691 129.40153090344813 112.9924733910085 119.16765158536543 
96.26814340070064 84.92856765675845 120.03355302443197 122.5634196579739 147.31384975229798 92.94201691111698 71.80209797324972 135.8044193800082 63.26565923217299 69.1761706929517 84.81154538394526 81.04850501819271 97.87471682939741 100.37100672819105 78.89577637578418 163.08233190779356 104.58821122821388 103.60790730480193 113.47550982190648 146.22028745440036 107.64863131421691 115.15452089491225 129.40097012987633 112.99182935958879 119.16765158536543 
96.20987383806204 84.92856765624163 120.03096808890677 122.5634196579739 147.313839269759 92.86777164359387 71.79503812758446 135.8044193800082 63.26565923217299 69.1761706929517 84.80669475683408 81.04850501819271 97.87471682939741 100.37033292741683 78.88441584490562 163.02980293654844 104.58821122821388 103.60787402941526 113.47550731593469 146.177463306792 107.64863131421691 115.15372449030485 129.40069121628017 112.98965221251274 119.16765158536543 
96.19643340921527 84.92856765587618 120.03075157613853 122.56184305572924 147.313839269759 92.86777164359387 71.79114701251439 135.72441981451038 63.221833406644464 69.1761706929517 84.80276032884768 81.04761674523314 97.87471635480699 100.36369827322494 78.88441584490562 162.97596356250665 104.58812031445763 103.60787402941526 113.47550731593469 146.177463306792 107.42937860928123 115.08617042461856 129.4006135266684 112.9887821082034 119.16765158536543 
96.19643340921527 84.9285676558211 120.030679597637 122.56184305572924 147.313839269759 92.78617225822069 71.79114701251439 135.72441981451038 63.221833406644464 69.17615685613248 84.80276032884768 81.01516819901917 97.87471583461877 100.31779215502695 78.87775983814106 162.75212353134611 104.58760529501512 103.60220774737036 113.47550721611856 146.1700954598598 107.31918484771865 115.08617042461856 129.40058745666374 112.9887821082034 119.16765158536543 
96.19643340921527 84.9285676558211 120.03067236104994 122.56105831683942 147.313839269759 92.78617225822069 71.78774604827345 135.72441981451038 63.21772701986066 69.17615685613248 84.74808383269925 80.78135257360259 97.87471377952335 100.31779215502695 78.87581024271105 162.6221628001756 104.58760529501512 103.601815810179 113.47550681125654 146.16938119128793 107.31918484771865 115.06140761334848 129.40057774094885 112.98856460494562 119.16765158536543 
96.18300161671118 84.9285676558211 120.03065987492812 122.56093589992383 147.3138388999016 92.78617225822069 71.78682783793664 135.72441981451038 63.19590103689751 69.17615565715028 84.74808383269925 80.78135257360259 97.87471377952335 100.31021609244766 78.87581024271105 162.6221628001756 104.5875783090263 103.60019139321855 113.47550681125654 146.16938119128793 107.31918484771865 115.06140761334848 129.40057774094885 112.98856460494562 119.16765158536543 
96.18300161671118 84.92856765575857 120.01757214635518 122.52286207748296 147.3138388660559 92.78617225822069 71.78582946294034 135.72441981451038 63.19590103689751 69.17615565715028 84.7454026018226 79.94983110257397 97.87471377952335 100.2712839259583 78.85139051238059 162.54494244007037 104.58754327880627 103.59949042884472 113.47550668113718 146.16938119128793 107.31918484771865 115.02869270611086 129.40057774094885 112.98842416204195 119.16765158536543 
96.18269980176075 84.92856765571452 120.01757214635518 122.52286207748296 147.31383760000153 92.78617225822069 71.78558948336126 135.72441981451038 63.188710906117876 69.17615458365248 84.74452246913143 79.94983110257397 97.8747136996335 100.2712839259583 78.8226232863737 162.44185424648913 104.58754327880627 103.59861238804166 113.47550613235535 146.16938119128793 107.31918484771865 115.02781571642322 129.4005768686336 112.98842416204195 119.16765158536543 
96.18269980176075 84.92856765571452 120.01735582888784 122.52286207748296 147.31383760000153 92.78617225822069 71.78558948336126 135.72441981451038 63.186727287373 69.17615458365248 84.74415181869864 79.4247148441807 97.87471366855368 100.2712839259583 78.80787970637186 162.41545875013526 104.58752853987625 103.59849765782849 113.47550576806987 146.1649500999232 107.31918484771865 115.02716331713327 129.40056815682578 112.97832434046995 119.16765158536543 
96.18269980176075 84.92856765571452 120.01590424210121 122.51727611524666 145.91976880481036 92.78617225822069 71.78558948336126 135.72441981451038 63.1316433213201 69.17615458365248 84.74397622970343 79.37973835006045 97.86546450353649 100.2712839259583 78.7433896417366 162.3431431860521 104.58748608371059 103.59827871316719 113.47550576806987 146.12109761798888 107.31918484771865 115.0225724267857 129.40056418971835 112.96982694590247 119.16765158536543 
96.18269980176075 84.92856765571452 120.01590424210121 122.51727611524666 145.91976880481036 92.7857336126574 71.78523608447921 135.72441981451038 63.1316433213201 69.17615421175537 84.74315703159255 78.76355055771279 97.8515549856233 100.26731283271397 78.7349907192787 162.2680594100085 104.58746738684357 103.59827871316719 113.47550576806987 146.11012637844988 107.31918484771865 115.0225724267857 129.40056418971835 112.96982694590247 119.16765158536543 
96.18224949612687 84.92856765570122 120.01448472258517 122.51727611524666 145.7388246740402 92.7857336126574 71.78523608447921 135.72441981451038 63.1316433213201 69.17615368685819 84.74315703159255 78.20009744568341 97.8475200668729 100.26731283271397 78.7349907192787 162.1160973301652 104.58745838689538 103.59118182046416 113.47550565121867 146.0971864793114 107.31019379415244 115.02193664555796 129.40056418971835 112.96922668209606 119.16765158536543 
96.18224949612687 84.92856765570122 120.0131760136037 122.51727611524666 145.40040325692632 92.73274873259044 71.76743907673722 135.72441981451038 63.1316433213201 69.17615368685819 84.73746591058313 78.04544352045252 97.84669489859454 100.26693336388985 78.7349907192787 162.03127679128124 104.58744628163663 103.58972257820602 113.47550563069012 146.0971864793114 107.29675166218033 114.99767392134731 129.40056163846066 112.96821322219614 119.16765158536543 
96.18195124246961 84.92856765570082 119.9652056820812 122.5164381904973 145.36610934693886 92.73274873259044 71.76743907673722 135.72441981451038 63.1316433213201 69.17615368685819 84.72463317881864 77.31062875657233 97.80277040709996 100.26653253386547 78.73226437799832 162.0132498976178 104.58743926117347 103.58965090420861 113.47550554336249 146.09705642223355 107.26095272230282 114.99767392134731 129.40056092687246 112.96395281359901 119.16765158536543 
96.18160651381459 84.92856765570025 119.9652056820812 122.5164381904973 145.36610934693886 92.73030119719004 71.76078362577505 135.72441981451038 63.13149471546882 69.17615368685819 84.72088534624356 76.59723791706529 97.80277040709996 100.16971665032167 78.73226437799832 161.97255002671568 104.58743771904926 103.58905592678173 113.47550551691984 146.09608909361236 107.2562458116779 114.99324021910513 129.40056092687246 112.9638672534353 119.16765158536543 
96.18160651381459 84.92856765569991 119.9652056820812 122.5164381904973 145.36610934693886 92.68630182697717 71.76078362577505 135.7167547252376 63.048000271418005 69.17615368685819 84.72067905907522 75.73245127863464 97.80277040709996 100.16971665032167 78.73204582244551 161.85646060071417 104.58743717317043 103.58905592678173 113.47550548760353 146.09492558544173 107.23606226347772 114.96964872526564 129.40056057106676 112.9638672534353 119.16765158536543 
96.1815855379744 84.92856765569991 119.9652056820812 122.51639553491952 145.0497245388175 92.58075681160426 71.76078362577505 135.71431856239417 63.048000271418005 69.17615363995924 84.71901788801694 74.10901261394434 97.80277040709996 100.16971665032167 78.73190314139208 161.74945701076706 104.58743717317043 103.58905592678173 113.47550548760353 146.094823520099 107.23271906980796 114.96964872526564 129.40056057106676 112.9572231119862 119.16765158536543 
96.18150605477081 84.92856765569991 119.9652056820812 122.51600055311758 145.0497245388175 92.56955005051282 71.76078362577505 135.71431856239417 63.04795610438373 69.17615363995924 84.71892442471676 74.1017726831422 97.80277040709996 100.16971665032167 78.73190314139208 161.73641386947565 104.58743666388943 103.58900509706143 113.47550548372737 146.09472976748816 107.2296234709612 114.96375826165445 129.40056052375348 112.94893451584039 119.16765158536543 
96.18150467544126 84.92856765569991 119.9652056820812 122.51600055311758 145.0497245388175 92.56955005051282 71.75766558894122 135.67220966955585 63.046625224365926 69.17615363995924 84.70048988200858 73.75857720579091 97.80277040709996 100.16971665032167 78.73190314139208 161.73250787004042 104.58743555528571 103.58900509706143 113.47550547957997 146.09454852166778 107.2296234709612 114.95474667561484 129.40056052375348 112.94610797492521 119.16765158536543 
96.18149388813441 84.92856765569985 119.9652056820812 122.51600055311758 145.0497245388175 92.56358961910445 71.75766558894122 135.67220966955585 63.046210576583405 69.1761536261941 84.69617858211336 73.60580833119684 97.80277040709996 100.16971665032167 78.65203581146102 161.6937387985821 104.58743555528571 103.58900509706143 113.47550547957997 146.09454852166778 107.22761731312119 114.9009784509717 129.40056046424627 112.94580983930359 119.16765158536543 
96.18149388813441 84.92856765569974 119.9652056820812 122.51587657707466 145.03937649015222 92.55922953478046 71.75736890343956 135.67220966955585 63.04590961657328 69.1761536261941 84.69088670721453 73.60023904433797 97.80277040709996 100.16971665032167 78.65203581146102 161.6866222014528 104.58743474345317 103.58900509706143 113.47550547957997 146.09454852166778 107.21355677393319 114.89027629809698 129.4005604366123 112.94385491922128 119.16765158536543 
96.13958451055612 84.92856765569974 119.9652056820812 122.51587657707466 141.98033443177496 92.55693588143544 71.75736890343956 135.67220966955585 62.93965111278982 69.1761536261941 84.68802245535693 73.52752604846063 97.80277040709996 100.11833925863698 78.64466713406063 161.60633600527262 104.58743387041073 103.58900509706143 113.47550547797255 145.98169979364525 107.20489011694337 114.8858211953434 129.40056038523085 112.93266509573266 119.16765158536543 
96.13958451055612 84.92856765569974 119.95192778321166 122.51577794895775 141.98033443177496 92.55693588143544 71.7561147854176 135.67173872385206 62.93965111278982 69.1761536261941 84.63160060099011 73.52335575191125 97.78357353892733 100.11833925863698 78.64466713406063 161.5943427656631 104.58743379234784 103.5846912055008 113.47550547747937 145.98169979364525 107.19960106803762 114.884222429945 129.40056038523085 112.92894251529208 119.16765158536543 
96.13115607523957 84.92856765569974 119.9451008494118 122.51577794895775 141.98033443177496 92.55693121491583 71.7561147854176 135.67139730171925 62.93965111278982 69.17615362177531 84.62882708136084 73.4509557193997 97.78357353892733 100.11833925863698 78.64466713406063 161.53853474031575 104.58743355359582 103.58172804297249 113.47550547747937 145.98169979364525 107.19960106803762 114.88387764965728 129.40056037638135 112.92780528021547 119.16765158536543 
96.1303109020439 84.91291276810875 119.94479320667733 122.51577794895775 141.98033443177496 92.55693121491583 71.75597773618017 135.67127716516973 62.93965111278982 69.17615362177531 84.6252744277935 73.29680552506136 97.78264593249446 100.10701631758343 78.64466713406063 161.51784542534267 104.58743349256144 103.58092539324895 113.47550547730373 145.98169979364525 107.15659888007758 114.88263105008218 129.3957194549272 112.92728433154866 119.16765158536543 
96.1303109020439 84.91049117820069 119.92810865695265 122.51576835287756 141.98033443177496 92.55634545965313 71.75548134950935 135.67092445684682 62.93965111278982 69.17615362177531 84.6187718697521 73.29680552506136 97.78264593249446 100.05838563180617 78.64274572558475 161.45563108780027 104.58743342258657 103.57537173715838 113.47550547701371 145.98169979364525 107.14841762039572 114.88261950048229 129.39493750074735 112.92635885987067 119.16765158536543 
96.12952870966262 84.90227901328456 119.92810865695265 122.51576508672952 141.98033443177496 92.5561572159973 71.75548134950935 135.6708641266939 62.93965111278982 69.17615362087969 84.6187718697521 73.28297295276849 97.77433188514595 100.05838563180617 78.53298578052909 161.45563108780027 104.58743341925435 103.57294590533695 113.47550547701371 145.9782907352503 107.08244867972775 114.88227876953238 129.39493750074735 112.9247005184709 119.16765158536543 
96.12952870966262 84.90227901328456 119.92810865695265 122.51575299777085 141.74981323597035 92.5557517812062 71.75547445308291 135.6708641266939 62.93965111278982 69.17615362087969 84.6187718697521 73.28297295276849 97.77109149777903 100.04915152718229 78.53298578052909 161.41021447256855 104.58743334272856 103.57235393822015 113.47550547701371 145.9782907352503 106.98832954202794 114.88205790716802 129.3948781577061 112.9247005184709 119.16765158536543 
96.12952870966262 84.8872091631128 119.92748018945122 122.51574930606193 141.6918105887396 92.55572912729588 71.75547445308291 135.67059164195803 62.93916043905489 69.17615362087969 84.61872750745943 73.28297295276849 97.77109149777903 99.89123355326518 78.53298578052909 161.3962858912007 104.58743334272856 103.5675723696196 113.47550547699461 145.9769239883966 106.96685923537598 114.88183271480307 129.3948781577061 112.9247005184709 119.16765158536543 
96.06659939977749 84.86415700883344 119.92748018945122 122.51574553803812 141.6918105887396 92.55572912729588 71.7553027166814 135.67059164195803 62.93694327004323 69.17615362087969 84.61784987197257 73.25485135277177 97.76988536921306 99.89123355326518 78.53298578052909 161.37078519084787 104.5874333161504 103.56545066429032 113.47550547638502 145.9769239883966 106.91011553143653 114.88183271480307 129.39484169386287 112.92448932460513 119.16765158536543 
96.06659939977749 84.86415700883344 119.92529177438303 122.51574553803812 141.6918105887396 92.55572912729588 71.75506847650718 135.65437440409244 62.92119687730599 69.17615362087969 84.61692411009176 73.15066318759801 97.76885548064683 99.89123355326518 78.53298578052909 161.36359755609533 104.58743329008388 103.56523809148621 113.4755054761755 145.9769239883966 106.91011553143653 114.88167393432514 129.3945913444295 112.92432523338255 119.16765158536543 
96.06659939977749 84.86187293000643 119.92515297333523 122.51574411648494 141.6918105887396 92.51868846929943 71.75488932722124 135.6541683423934 62.919246109225014 69.17615362087543 84.61592155597157 73.12927882534785 97.74741005693329 99.81167604270115 78.53298578052909 161.35428728830823 104.58743326811395 103.56449504887826 113.4755054761522 145.97657893348457 106.91011553143653 114.84316178976326 129.39455132791863 112.92417100410728 119.16765158536543 
96.06335912349368 84.86187293000643 119.92486334350372 122.51574253984336 141.6179064099017 92.51868846929943 71.75488932722124 135.6511113720935 62.89471913341117 69.17615362087543 84.59387680911993 73.11943255051278 97.74741005693329 99.81167604270115 78.53298578052909 161.3460790806016 104.58743326811395 103.56449504887826 113.47550547605658 145.94849492075764 106.91011553143653 114.81889052954318 129.39446533469106 112.92401522659839 119.16765158536543 
96.06335912349368 84.81581363106199 119.92486334350372 122.51574100856806 141.6179064099017 92.51417859668754 71.75476124139198 135.65059778817658 62.89045692374617 69.1761536208615 84.59215086888764 73.05850697842891 97.74741005693329 99.81167604270115 78.53298578052909 161.33333707022803 104.58743326550774 103.56444315981457 113.47550547605658 145.94021215574742 106.90964467807572 114.81889052954318 129.3944436637414 112.92401522659839 119.16765158536543 
96.06251616043863 84.81398130190422 119.92484502565765 122.51573878979968 141.6170975311013 92.51197977989307 71.75461434542075 135.6497922812083 62.86999353037038 69.17615362080983 84.59215086888764 73.05836433260578 97.74741005693329 99.81167604270115 78.53298578052909 161.32667314833316 104.58743326550774 103.56118553106506 113.4755054760368 145.93014624652074 106.88962911588737 114.81889052954318 129.3944436637414 112.92400377922161 119.16765158536543 
96.06197720063966 84.81244540672049 119.92478757994286 122.51573841342304 141.6092026815038 92.51137595444885 71.7545741927583 135.6366040654127 62.86482158047386 69.17615362080983 84.45211319235483 73.05836433260578 97.74741005693329 99.81167604270115 78.53298578052909 161.31461678639278 104.58743326052064 103.5597619671816 113.4755054760368 145.92419324782668 106.88333478821659 114.81832491476712 129.39443901930974 112.92399301499654 116.66597085199487 
96.06197720063966 84.8098193189856 119.9247258043747 122.5157369794357 141.37271064049344 92.51075330318025 71.75455576308832 135.63522425746362 62.86203247500805 69.17615362080983 84.45211319235483 73.04305779426466 97.74741005693329 99.81167604270115 78.53298578052909 161.29988183081196 104.57829525209507 103.55917100820352 113.47550547602611 145.92419324782668 106.88333478821659 114.81759639679842 129.3944055503996 112.92396780810748 116.13739684718246 
96.06174882779902 84.80825248590304 119.92456839391525 122.51573694752847 141.37271064049344 92.51075330318025 71.75455477356422 135.62458838317684 62.85063668019353 69.17615362080159 84.45211319235483 72.91164150592817 97.74509430650369 99.79198214998223 78.53298578052909 161.28841403460785 104.57829525209507 103.55908887368639 113.47550547598837 145.92419324782668 106.83390586819405 114.81759639679842 129.3944055503996 112.9239635945006 115.91666667365018 
96.06174882779902 84.80825248590304 119.92454140787981 122.5157358528578 141.37215188721757 92.51075330318025 71.75447865090956 135.59350465629245 62.84743341084567 69.17615362080159 84.45211319235483 72.91164150592817 97.74485336365956 99.78576564013287 78.52465589132748 161.28429514705704 104.57519499401707 103.55808738969131 113.47550547598667 145.9199496834848 106.83390586819405 114.81738695881825 129.3944055503996 112.92393714731872 115.91666667365018 
96.06167913778921 84.78504876894692 119.92452318379071 122.5157358528578 141.06580799494043 92.465825542284 71.67127960115096 135.59350465629245 62.847364995425664 69.17615362079664 84.45211319235483 72.91164150592817 97.74438450734789 99.78576564013287 78.52465423220923 161.27131548429702 104.57519499401707 103.55786967457527 113.47550547598564 145.91688459711713 106.83390586819405 114.81672731778474 129.3944055503996 112.92393714731872 115.91666667365018 
96.06167913778921 84.78504876894692 119.91553810167409 122.51573565309457 141.06580799494043 92.465825542284 71.67127960115096 135.59350465629245 62.84388303779019 69.17615362079408 84.43964501113334 72.91164150592817 97.74391636134351 99.78492187641353 78.51880051386706 161.26347189694206 104.57491404307603 103.55491048682688 113.47550547596825 145.91145257275025 106.83390586819405 114.81611930246731 129.39439724994065 112.92391755719814 115.91666667365018 
96.06167913778921 84.78504876894692 119.91206696213862 122.51573548762292 141.06580799494043 92.465825542284 71.67127960115096 135.59350465629245 62.84388303779019 69.17615362079391 84.30260977964855 72.91164150592817 97.74391636134351 99.78054923628167 78.51880051386706 161.2612398611941 104.57475351014222 103.55441375885647 113.47550547596825 145.91145257275025 106.83390586819405 114.81605264159975 129.3943902271434 112.92391755719814 115.91666667365018 
96.06164519874255 84.78504876894692 119.91108943306301 122.51573548762292 141.06580799494043 92.4614787387602 71.67127960115096 135.59350465629245 62.84388303779019 69.17615362079061 84.30260977964855 72.91092793245878 97.74391636134351 99.78054923628167 78.51362472326929 161.24042437675757 104.57461122583544 103.55355426487841 113.47550547596825 145.91145257275025 106.83390586819405 114.81597837820539 129.39439008842407 112.92391575098168 115.91666667365018 
96.06163171353592 84.69931483650294 119.91012003220055 122.5157354029069 141.06580799494043 92.44222083492241 71.67127960115096 135.59350465629245 62.835771917778914 69.17615362079061 84.24317568415432 72.90983092561834 97.7438320121019 99.77775480814017 78.51170758276601 161.23955840964356 104.57432276313932 103.55355426487841 113.47550547596825 145.90955093295202 106.83390586819405 114.81571306404737 129.39438869179116 112.92391466845527 115.91666667365018 
96.06153989514496 84.69931483650294 119.90980768936993 122.44403114480394 141.06580799494043 92.36999826881959 71.67127960115096 135.59350465629245 62.83021316920525 69.17615362079061 84.24317568415432 72.90983092561834 97.74381860612465 99.77775480814017 78.51158872693821 161.23885756123684 104.57432276313932 103.55345371201241 113.47550547596825 145.90955093295202 106.83390586819405 114.81545258954236 129.39438869179116 112.92391466845527 115.91666667365018 
96.06149454962991 84.69931483650294 119.90980768936993 122.36937699605289 141.06580799494043 92.36999826881959 71.67127960115096 135.58847057491766 62.78656211464124 69.17615362079016 84.24317568415432 71.5681107283637 97.74379519489116 99.77775480814017 78.5113144680937 161.23849487537302 104.57432276313932 103.55331343119445 113.47550547596825 145.90955093295202 106.83390586819405 114.80879016172139 129.39438725691457 112.92391391878255 115.91666667365018 
96.06149454962991 84.69931483650294 119.90937459091526 122.36937699605289 141.06362644966225 92.36999826881959 71.67127960115096 135.57809493569334 62.67371732020558 69.17615362079016 84.24317568415432 71.43106467583272 97.74379519489116 99.77775480814017 78.51099618449575 161.23718118293243 104.57431662364428 103.55324536277993 113.47550547596825 145.90911566042598 106.83390586819405 114.80879016172139 129.39438725691457 112.92391391878255 115.91666667365018 
96.06140289347877 84.69931483650294 119.90909209039171 122.36937699605289 141.06362644966225 92.36999826881959 71.67127960115096 135.57723332764522 62.67371732020558 69.17615362079005 84.24317568415432 71.40000008856589 97.74371964156182 99.77775480814017 78.51075096542417 161.2367466417761 104.56489321977517 103.55312874865928 113.4669329323907 145.90911566042598 106.83288098461156 114.80879016172139 129.39438722948387 112.9239138003635 115.91666667365018 
96.06140289347877 84.69931483650294 119.9090760927719 122.36937699605289 141.06156775632473 92.36999826881959 71.67127960115096 135.57698447053326 62.67371732020558 69.17615362078953 84.23560220756059 71.40000008856589 97.74371964156182 99.77775480814017 78.51045100276997 161.23638566601062 104.56489321977517 103.55312874865928 113.46576111274646 145.90911566042598 106.83288098461156 114.79313953512974 129.39438722948387 112.9239116231629 115.91666667365018 
96.06123480392921 84.69931483650294 119.9090760927719 122.36937699605289 140.88064696799097 92.36999826881959 71.67127960115096 135.57108123171986 62.67371732020558 69.17615362078953 84.23547543841653 71.40000008856589 97.74371964156182 99.77775480814017 78.51045100276997 161.23638566601062 104.56489321977517 103.5531085023465 113.46482503839047 145.90889093950693 106.83288098461156 114.79313953512974 129.3943861150981 112.92391100720522 115.91666667365018 
96.06123480392921 84.69882932523979 119.90884106288456 122.36937699605289 140.02534667077305 92.36389724025815 71.67122564785802 135.57108123171986 62.671091948852904 69.17615362078936 84.229527040731 71.36297438633505 97.74370637441109 99.75822268720344 78.48409495619217 161.23636235817366 104.56454960306911 103.54826359664833 113.46470153375162 145.87772396466073 106.83288098461156 114.79298798838704 129.3943861150981 112.88103230805973 115.91666667365018 
96.06123253558928 84.6986112900658 119.90877245033812 122.36937699605289 140.02534667077305 92.32470689926652 71.67113151175988 135.56967799072459 62.671091948852904 69.17615362078936 84.22886984482852 71.32737091936838 97.74369581534677 99.75822268720344 78.44188148302828 161.2314897847889 104.56454960306911 103.5478925886805 113.46470153375162 145.87772396466073 106.83244683832129 114.79137457861009 129.3943861150981 112.88103230805973 115.91666667365018 
96.06123253558928 84.69777152455333 119.90870474237977 122.36937699605289 140.02534667077305 92.32470689926652 71.67113151175988 135.56913972385428 62.67075017919825 69.17615362078936 84.22829820124491 71.32737091936838 97.74369136724368 99.75502314789054 78.44058296567567 161.2298025029844 104.56454960306911 103.5452217758035 113.46463900109984 145.85252051294856 106.83244683832129 114.79136622618944 129.3943861150981 112.88103230805973 115.91666667365018 
96.06122072152021 84.69777152455333 119.9086877063246 122.36937699605289 140.018767397538 92.32470689926652 71.67113151175988 135.56850947824273 62.67075017919825 69.17615362078936 84.22820627974374 71.26752810857096 97.74368614261681 99.75178825961854 78.41928534916269 161.22261802483195 104.56433986789347 103.54470683337559 113.46459263945394 145.85252051294856 106.83234020245413 114.78961476889879 129.3943860630768 112.88103230805973 115.59050034485779 
96.06120800934434 84.69777152455333 119.90865686177881 122.36937699605289 140.00714491550673 92.32470689926652 71.67097798456848 135.56847858531296 62.625701253580814 69.17615362078936 84.22713516011822 71.26686033463159 97.74368179014186 99.75178825961854 78.40424114938003 161.22068076154824 104.56430534606761 103.54449705832263 113.46452083650206 145.85182962782847 106.83225340193366 114.78906889704126 129.39438581833008 112.88103230805973 115.59050034485779 
96.06120471945303 84.6974991844449 119.90865686177881 122.36937699605289 140.00316000632347 92.32333976702523 71.67093691447553 135.56806360710175 62.625701253580814 69.17615362078936 84.22713516011822 71.15739859592685 97.74368179014186 99.75030807526372 78.40424114938003 161.21699618489606 104.56428217868194 103.54449705832263 113.46450826897672 145.85146085707015 106.83225340193366 114.78887428603525 129.39438581833008 112.88103230805973 115.59050034485779 
96.06120414276916 84.69744340477331 119.90859910471738 122.36886491876226 139.8370908117937 92.32180341738984 71.67093691447553 135.56806360710175 62.625701253580814 69.17615362078936 84.22701069012402 71.15739859592685 97.74368022135945 99.7496496897839 78.40081358384259 161.21407645932277 104.56428217868194 103.53708622536624 113.46450124585704 145.85146085707015 106.81070998551206 114.78887428603525 129.39438581833008 112.88103230805973 115.59050034485779 
96.01176376474018 84.69711501225686 119.90859609795632 122.36886491876226 139.8370908117937 92.32136897127202 71.67092919849927 135.5680501063846 62.607615935663944 69.17615362078936 84.22675360569508 71.15739859592685 97.74368022135945 99.7496496897839 78.40081358384259 161.2131251844189 104.56422837151439 103.53708622536624 113.46446119609163 145.85141903883948 106.79445713494306 114.77877469275381 129.3943858005382 112.88103230805973 115.59050034485779 
96.01176376474018 84.69711501225686 119.90859515653472 122.36849002487861 139.76126713982922 92.32114843591751 71.67091964849544 135.56798147470624 62.60732032999954 69.17615362078936 84.20633839398829 71.1353569166389 97.74368014151446 99.67578214073438 78.39894725865315 161.21234748804886 104.56418579355324 103.5358076534771 113.46445767293801 145.85141903883948 106.79445713494306 114.76879872037136 129.39438579625403 112.88103230805973 115.59050034485779 
96.00114944413718 84.69710519205546 119.90856821249565 122.36849002487861 139.7364481526389 92.32062100009648 71.67089635538525 135.56791693861055 62.542971653298935 69.17615362078936 84.20633839398829 71.12913381310875 97.74367959148327 99.67578214073438 78.37872696694285 161.20817059424905 104.56418579355324 103.5358076534771 113.4644573171845 145.85141903883948 106.79296539923439 114.7652268505775 129.39438579625403 112.88103230805973 115.59050034485779 
96.00114944413718 84.69710519205546 119.90455300191968 122.36848284882535 139.28446056210896 92.32047316633373 71.67089635538525 135.56791693861055 62.542971653298935 69.17615362078936 84.20633839398829 71.07339540733153 97.74367959148327 99.66718800377714 78.37872696694285 161.2069288795102 104.56416003793686 103.53554732019552 113.464446128428 145.85089525509034 106.79258440648181 114.74869644654052 129.39438576758425 112.88103230805973 115.59050034485779 
95.99786801696877 84.6970641981809 119.90047550654685 122.36843933693888 139.1922075618512 92.32032601362522 71.67089598107322 135.56788768092144 62.542971653298935 69.17615362078936 84.17134366537493 71.07339540733153 97.74367901003075 99.66224254442562 78.37331109479521 161.20681248210417 104.56416003793686 103.53504432391674 113.464446128428 145.8504042168197 106.78319667336984 114.74869644654052 129.39438576758425 112.88103230805973 115.59050034485779 
95.99786801696877 84.69703832314798 119.89885084197738 122.36842114751096 139.0212534006463 92.28838269794858 71.67089461742711 135.56788768092144 62.542971653298935 69.17615362078936 84.17134366537493 71.07339540733153 97.74367901003075 99.65949240295521 78.37229590293856 161.20585987697154 104.56416003793686 103.53489486796275 113.46444416815905 145.80051366816178 106.77888194985007 114.74834878072511 129.39438576758425 112.88103230805973 115.59050034485779 
95.99561045162784 84.69703832314798 119.89819503673823 122.36840796042497 139.0212534006463 92.28838269794858 71.67089407543187 135.5678742545083 62.542971653298935 69.17615362078936 84.17134366537493 71.06775026109034 97.74367853104485 99.64428602460885 78.36721623334768 161.20585987697154 104.56416003793686 103.5348084478245 113.46444310746722 145.80051366816178 106.77142104281745 114.74180928618046 129.39438576758425 112.88101680832938 115.59050034485779 
95.995496822664 84.69703832314798 119.89782255063074 122.36840099630695 139.0212534006463 92.26340078274018 71.67089407543187 135.55690862272604 62.54161685379921 69.17615362078936 84.16991988864595 71.01109167690618 97.74367853104485 99.64211175164587 78.36721623334768 161.20566009999686 104.56415728919512 103.53151214917852 113.46444310746722 145.80051366816178 106.76360852380901 114.74180928618046 129.39438576676343 112.8810139818728 115.59050034485779 
95.99532043231346 84.69703568018605 119.89722362561702 122.36840099630695 139.00550595666664 92.26340078274018 71.67089303943573 135.55468939000434 62.54110502058904 69.17615362078936 84.1691366382488 71.01109167690618 97.73738236270833 99.63874126654025 78.33398410796218 161.2056563999572 104.56386832399625 103.53151214917852 113.46444024960681 145.79861808499572 106.74960587857117 114.74029398707648 129.3943857592053 112.88090807956894 115.59050034485779 
95.9946658841605 84.69703568018605 119.89722362561702 122.36838583629628 137.92704731163326 92.20893063677067 71.67089247204831 135.55468939000434 62.538819181689746 69.17615362078936 84.1691366382488 70.99267181178118 97.73558827531963 99.63874126654025 78.32835354248147 161.2056563999572 104.55995158432125 103.53064071501387 113.45860840760895 145.79476637182051 106.74960587857117 114.73959304551659 129.3943857592053 112.88090807956894 115.59050034485779 
95.9946658841605 84.69703497768148 119.89651182850093 122.36838466244717 137.65152754847213 92.20893063677067 71.67089221246482 135.55225314979862 62.538819181689746 69.17615362078936 84.1691366382488 70.96822700515673 97.73356392554456 99.63874126654025 78.31908398294962 161.2056385135993 104.55995158432125 103.52962879443248 113.45682420986327 144.39402224254331 106.74960587857117 114.73913740182957 129.3943857592053 112.88086764061075 115.59050034485779 
95.9946658841605 84.69703497768148 119.89651182850093 122.36838466244717 137.29930696517567 92.20893063677067 71.67089163934509 135.5515071059881 62.53778123481635 69.17615362078936 84.16882294672581 70.89579005004805 97.73356392554456 99.63874126654025 78.31908398294962 161.20562309926208 104.55734203050736 103.52962879443248 113.455546404688 144.39402224254331 106.74960587857117 114.73535076798782 129.3943857574228 112.88086242932661 115.59050034485779 
95.9946658841605 84.69703455971319 119.89651182850093 122.36838466244717 137.29930696517567 92.2067799758185 71.67089163934509 135.5515071059881 62.53778123481635 69.17615362078936 84.16882294672581 70.89579005004805 97.73318957223631 99.63874126654025 78.25709208915777 161.20561301976875 104.55593605268302 103.52949846161829 113.455546404688 144.39402224254331 106.73693092899026 114.72713966504853 129.3943857574228 112.88086242932661 115.29052883120619 
95.9946658841605 84.69703455971319 119.89646687329946 122.36838112229407 137.15098789374872 92.2067799758185 71.67089067111885 135.55124564272 62.53778123481635 69.17615362078936 84.15051775878118 70.76285595176324 97.73318957223631 99.63874126654025 78.25709208915777 161.20560551814106 104.5549520268703 103.52933831434285 113.45553722795194 144.39402224254331 106.7247000754648 114.72341788877588 129.39438575730242 112.8612687804067 115.29052883120619 
95.9946658841605 84.69703437794408 119.89208221466345 122.36838112229407 137.15098789374872 92.20587061149519 71.67089067111885 135.55124564272 62.52706294024733 69.17615362078936 84.13331534975418 70.76285595176324 97.73316881073458 99.63855886837837 78.25709208915777 161.20560551814106 104.5537276494129 103.52933831434285 113.45544883302148 144.39402224254331 106.7247000754648 114.71702632131178 129.3943857570505 112.8612687804067 115.29052883120619 
95.99456747644064 84.6970343774679 119.88837889165904 122.36838077666732 137.03472541159294 92.20501602808508 71.6708906333933 135.55115255782175 62.50158269292916 69.17615362078936 84.13331534975418 70.75773452391502 97.73309455946747 99.63852111184838 78.25709208915777 161.20560103520245 104.55360970143721 103.52931153671875 113.45544883302148 144.39402224254331 106.72411849975703 114.71448175188732 129.3943857570505 112.8612687804067 115.29052883120619 
95.99456747644064 84.6970343774679 119.88837889165904 122.34892744982358 137.03472541159294 92.17650365665304 71.67089043720262 135.55103262101477 62.50158269292916 69.17615362078936 84.13331534975418 70.75750607904155 97.73296344109326 99.61796433906756 78.24885322049022 161.20560103520245 104.5532888862 103.52930818163236 113.45439116796581 144.39402224254331 106.68175579416402 114.71358416600799 129.3943857570505 112.8612687804067 115.29052883120619 
95.99456747644064 84.69703434684845 119.88807953470655 122.34892744982358 137.03472541159294 92.17544368211225 71.67089023627727 135.55103262101477 62.50158269292916 69.17615362078936 84.12711751134896 70.75542253955388 97.7284300139753 99.61796433906756 78.24885322049022 161.2055994107809 104.5532888862 103.52930818163236 113.45289612831937 144.39402224254331 106.68175579416402 114.7133630985063 129.3943857568869 112.8449712132591 115.29052883120619 
95.99454822115501 84.69703431482583 119.88807953470655 122.34892744982358 137.03472541159294 92.17396409742867 71.67089005747948 135.55103262101477 62.50094603366938 69.17615362078936 84.12711751134896 70.75542253955388 97.72526080909523 99.61796433906756 78.24885322049022 161.2055994107809 104.5532888862 103.5292996153002 113.45240779876121 144.39402224254331 106.67568088576206 114.71334646961509 129.3943857568869 112.8449712132591 114.23276054046482 
95.99451928165365 84.69703431482583 119.8871982512361 122.34892744982358 137.01801490602008 92.10846974702224 71.6708899761851 135.55102692146488 62.49923718905882 69.17615362078936 84.12711751134896 70.65459235341103 97.72226142240612 99.61796433906756 78.22711011057908 161.2055989976369 104.55326753300898 103.5292633894718 113.45240779876121 144.39402224254331 106.64682363330138 114.7129230944729 129.39438575684778 112.84471176374416 114.23276054046482 
95.99451928165365 84.69703431482583 119.8799642244071 122.33738403405914 137.01801490602008 92.10846974702224 71.67088995495175 135.55102692146488 62.48354013444731 69.17615362078936 84.12711751134896 70.65459235341103 97.72226142240612 99.58358174356289 78.22523366029321 161.20559826935244 104.55299857330942 103.52923583694059 113.45230393191184 144.39402224254331 106.60229445457185 114.7129230944729 129.39438575678605 112.84441004463815 114.23276054046482 
95.99450915393885 84.6970342852535 119.8799642244071 122.33440514508106 137.01801490602008 92.08112423396057 71.67088989976776 135.55102692146488 62.47675079863052 69.17615362078936 84.12707183018676 70.65459235341103 97.72226142240612 99.58358174356289 78.22523366029321 161.20559826935244 104.54935894718784 103.52923583694059 113.45189743044489 144.39402224254331 106.59689954389046 114.70663038978773 129.39438575675297 112.84427584546029 114.23276054046482 
95.99450915393885 84.69703427213722 119.87753609108188 122.33440514508106 137.00656692651444 92.08112423396057 71.67088989976776 135.55101329701893 62.47675079863052 69.17615362078936 84.08015800142715 70.65459235341103 97.72226142240612 99.58358174356289 78.22487210948731 161.20559766688143 104.54935894718784 103.52923037573584 113.45189743044489 144.39402224254331 106.59689954389046 114.70509683696571 129.3943857567408 112.84380953776167 114.23276054046482 
95.99450384171138 84.69703427213722 119.87502087984251 122.33440514508106 136.98844739092976 92.07934277803417 71.67088989052962 135.55101329701893 62.47228842154283 69.17615362078936 84.08015800142715 70.5991664804751 97.72226142240612 99.5475572958465 78.20929044390982 161.2055970162213 104.54935894718784 103.52922396008671 113.45182073587694 144.39402224254331 106.59511520646458 114.70509683696571 129.3943857567325 112.84295052504183 114.23276054046482 
95.99450197811211 84.69703427213722 119.8736275770691 122.33427379737304 136.98154102977514 92.07934277803417 71.67088987163743 135.5510085946264 62.47169705622508 69.17615362078936 84.07894423098054 70.5991664804751 97.72223455104859 99.5475572958465 78.20929044390982 161.2055970162213 104.54907192289318 103.52845072251131 113.45182073587694 144.39402224254331 106.59511520646458 114.70433533555433 129.2774315218353 112.84295052504183 114.23276054046482 
95.99450197811211 84.69703427158771 119.8734813484075 122.33416469764256 136.96108402437824 92.07934277803417 71.67088986615886 135.5510085946264 62.47169705622508 69.17615362078936 84.0788270957724 70.59896479061393 97.71612009962763 99.54518671766118 78.20810850591005 161.20559668847352 104.5456979430146 103.5260358424145 113.45182073587694 144.28732201061553 106.59323299271631 114.69124106145057 129.21136873132355 112.84295052504183 114.23276054046482 
95.99450197811211 84.69703427134397 119.87330987677865 122.33416469764256 136.94099112593744 92.06870002028643 71.67088985296431 135.5510085946264 62.4601917825683 69.17615362078936 84.07843146384869 70.56592006712947 97.71448219173152 99.54037486256414 78.20768022356503 161.20559668847352 104.54179861914076 103.5260358424145 113.45182073587694 144.28732201061553 106.59262929541353 114.69075457820679 129.21136873132355 112.84272565568631 112.99546056183203 
95.99449780223108 84.66247596014398 119.87330987677865 122.33416469764256 136.87149190638115 92.02890199065519 71.67088984871452 135.55100626764022 62.4601917825683 69.17615362078936 84.07843146384869 70.54954421349419 97.71448219173152 99.54037486256414 78.20732299830786 161.20559664597954 104.54179861914076 103.5260358424145 113.45182073587694 144.1147946588452 106.59262929541353 114.66969091222882 129.0148232384405 112.8424313613732 112.99546056183203 
95.99449780223108 84.66247596014398 119.87330987677865 122.33409916505502 136.87149190638115 92.0093870029242 71.67088984512878 135.55100513678224 62.45957853918509 69.17615362078936 84.07826099632149 70.52304775171984 97.70841538739711 99.54037486256414 78.20732299830786 161.20559662821324 104.54179861914076 103.52548418036326 113.45182073587694 143.99833410545273 106.59262929541353 114.66969091222882 129.0148232384405 112.8424313613732 112.99546056183203 
95.99449780223108 84.66247596014398 119.87271664023365 122.33409916505502 136.85767792935667 92.0093870029242 71.67088984512878 135.55100371853996 62.45924754961845 69.17615362078936 84.07738090915836 70.45037016328217 97.70841538739711 99.5382994323175 78.20624784814902 161.20559662821324 104.54179861914076 103.52545860316565 113.45181592339634 143.99833410545273 106.59247363223278 114.66969091222882 129.0148232384405 112.84238309330624 112.99546056183203 
95.99449779065094 84.66247596014398 119.87271664023365 122.33409916505502 136.85767792935667 92.0093870029242 71.67088984512878 135.54907892143535 62.45917963928224 69.17615362078936 84.07738090915836 70.45037016328217 97.70734790077722 99.49651647285572 78.20544674879909 161.20559660378444 104.53227507421417 103.52487185768683 113.45181330839273 143.99833410545273 106.59247363223278 114.66969091222882 128.2422024881066 112.84227804197167 112.99546056183203 
95.99449685006681 84.66232221599097 119.87271664023365 122.33409916505502 136.85576111907403 92.00685534373429 71.67088984512878 135.5464518878507 62.45803419838302 69.17615362078936 84.07684440646312 70.45037016328217 97.70656818042403 99.48012566247644 78.20544674879909 161.20559658976777 104.53199454444467 103.52168112171626 113.45181330839273 143.9614993800143 106.592429271436 114.66936833914224 127.68158888003563 112.84227804197167 112.05832620673198 
95.99449658711808 84.66168549797237 119.87271664023365 122.33409916505502 136.7749076167181 92.00685534373429 71.67088984512878 135.5463360296378 62.45803419838302 69.17615362078936 84.07664367246139 70.44936348635179 97.70585960110844 99.48012566247644 78.20503635298826 161.20559658976777 104.53162002886819 103.52163826364517 113.45181111132626 143.9053057222095 106.59239742463319 114.66933304835027 127.48614830720385 112.84227804197167 111.41107780579478 
95.99449658711808 84.66105231674084 119.87269001574043 122.33409916505502 136.7749076167181 92.00685534373429 71.67088984512878 135.54596985453395 62.455874909565864 69.17615362078936 84.07664367246139 70.44865867671274 97.70576107768164 99.47582395899656 78.20446351158051 161.2055965863915 104.53162002886819 103.52126601149365 113.45180936369445 143.9053057222095 106.59231541425925 114.6693275643604 127.45227057628495 112.84213335821391 111.41107780579478 
95.9944962503618 84.66105231674084 119.87268322328703 122.33409871463334 136.7749076167181 92.00623178181763 71.67088984456132 135.54596985453395 62.455874909565864 69.17615362078936 84.07656704826559 70.44668262529018 97.70089489789643 99.4749652786436 78.2034931495366 161.2055965863915 104.53162002886819 103.52126601149365 113.4518092284842 143.90219405899143 106.54311192910467 114.66917918035608 127.41128075743234 112.82545567799286 111.41107780579478 
95.99449616215378 84.6607277903787 119.87268322328703 122.33409338828994 136.7749076167181 92.00600005693127 71.67088984456132 135.54596295440365 62.455874909565864 69.17615362078936 84.07656704826559 70.44668262529018 97.69699901759384 99.47399394580498 78.2034931495366 161.20559658590798 104.52121440838835 103.52122471275322 113.45180875289054 143.8997484554934 106.54311192910467 114.66873389815737 127.3934723408945 112.82545567799286 111.41107780579478 
95.99449616215378 84.66028940520653 119.87268083213758 122.33408758306416 136.7749076167181 92.00598870870192 71.67088984291831 135.5459433272806 62.42549956704971 69.17615362078936 84.07653770636341 70.44640267173634 97.69699901759384 99.47268568959475 78.2034931495366 161.20559658417062 104.52068771461734 103.52122471275322 113.45180875286951 143.89071011635474 106.53122076051375 114.66843083247352 127.39081891012279 112.82545567799286 111.41107780579478 
95.99449581000044 84.66028940520653 119.87268083213758 122.33408758306416 136.77401896193248 92.00584689143045 71.67088984291831 135.5458930533605 62.3991690041243 69.17615362078936 84.07650323784611 70.44640267173634 97.69699901759384 99.47227869475836 78.16948413083611 161.20280999946453 104.52068771461734 103.521165879651 113.45180867224406 143.89071011635474 106.52496567562162 114.66148849414924 127.36866072106295 112.76843275608417 111.41107780579478 
95.99449581000044 84.66028940520653 119.87267695278604 122.33408749209605 136.77179342682302 91.92422480288701 71.67088984291831 135.5458930533605 62.365923847154875 69.17615362078936 84.07650323784611 70.42117497271403 97.69670889372685 99.47056364102122 78.16948413083611 161.2008475972466 104.52054500798772 103.521165879651 113.45180866523538 143.88869396591576 106.5247399094327 114.65935640503551 127.32223624889332 112.76843275608417 111.41107780579478 
95.99449581000044 84.65999868202664 119.87267654324285 122.32019278786993 136.73383962248602 91.92422480288701 71.67088984291831 135.54588266205997 62.36402211535017 69.17615362078936 84.07648825600171 70.42117497271403 97.69659945617764 99.42032065842943 78.16948413083611 161.2008107702577 104.52042608705324 103.521165879651 113.45180781033127 143.88129426389548 106.52454988698872 114.63699532285841 127.32223624889332 112.76843275608417 111.41107780579478 
95.99449581000044 84.65996034887831 119.87267487198665 122.32019278786993 136.73383962248602 91.91619283382039 71.67088984291831 135.54588266205997 62.350438796571325 69.17615362078936 84.07647214042305 70.42117497271403 97.69652236236652 99.42032065842943 78.16948413083611 161.2008107702577 104.52038487921811 103.52113927400922 113.44999928829566 143.88129426389548 106.52200894706289 114.63699532285841 127.32223624889332 112.76843275608417 110.75503668616199 
95.99449578672431 84.65996034887831 119.87267487198665 122.32019278786993 136.7267723523048 91.91085948617103 71.67088984256554 135.545862248729 62.344491361033306 69.17615362078936 84.04925180619847 70.41924535618762 97.6964905847222 99.42032065842943 78.16948413083611 161.19710192999048 104.52037929817982 103.52113927400922 113.4484119688151 143.87985604706057 106.52116043508539 114.63699532285841 127.3196768580815 112.76843275608417 110.75503668616199 
95.99449577375475 84.64518876985795 119.87267487198665 122.31235127001116 136.7199861491397 91.87309308607286 71.6708898424036 135.54586109167462 62.344491361033306 69.17615362078936 84.04925180619847 70.38430538424404 97.69648551513416 99.42032065842943 78.16948413083611 161.19710192999048 104.52026814128601 103.52113323512935 113.44804012953261 143.87927039701458 106.52009939460129 114.63699532285841 127.21764131182204 112.76843275608417 110.75503668616199 
95.99449577375475 84.64232963346655 119.87267487198665 122.3104578887295 136.7199861491397 91.87309308607286 71.6708898424036 135.545847598372 62.343227451871826 69.17615362078936 84.04925180619847 70.36725819119755 97.69647349245884 99.42032065842943 78.16107465706216 161.19670336844933 104.520251055659 103.52113272228729 113.44804012953261 143.87857063727597 106.52009939460129 114.6316995410715 127.14360185838837 112.76843275608417 110.75503668616199 
95.99449577375475 84.6416323312576 119.8470025034245 122.30820171924734 136.70487734449978 91.87309308607286 71.6708898424036 135.545847598372 62.34272448253853 69.17615362078936 84.04925180619847 70.36725819119755 97.69647072103004 99.42032065842943 78.16107465706216 161.19670336844933 104.5183834967603 103.5211252573693 113.44804012953261 143.87857063727597 106.52000035987567 114.6316995410715 127.14360185838837 112.76843275608417 110.75503668616199 
95.99449577375475 84.54968236491266 119.8470025034245 122.30810680268826 136.68365877550627 91.87309308607286 71.6708898424036 135.545847598372 62.34208239113417 69.17615362078936 84.04773544848342 70.36725819119755 97.69643289547753 99.42032065842943 78.16093025587173 161.19663243943137 104.5170686320065 103.5211252573693 113.44804012953261 143.87845216383494 106.51970317677296 114.62992564435433 127.14360185838837 112.76843275608417 110.75503668616199 
95.99449576561744 84.54968236491266 119.84410464146367 122.3075730670248 136.68365877550627 91.87263041781495 71.6708898424036 135.545847598372 62.33431670089749 69.17615362078936 84.04773544848342 70.36360236685334 97.69633668687453 99.41750990986833 78.14193495777579 161.19650493770416 104.5160338420921 103.5211252573693 113.44804012953261 143.8781873484861 106.51970317677296 114.62943826619392 127.13313507238308 112.76843275608417 110.75503668616199 
95.99449576561744 84.54968236491266 119.83981470403648 122.30690276250084 136.65970991079735 91.87036744428747 71.6708898424036 135.545847598372 62.3215464362749 69.17615362078936 84.04737880638561 70.3252144883229 97.69627744136903 99.41454884343034 78.1397897863983 161.19646443901502 104.5154478009631 103.5211252573693 113.44803603369007 143.87794231987527 106.49513273444836 114.62522327783586 127.10062704426105 112.76843275608417 110.75503668616199 
95.9944957605706 84.54968236491266 119.83760648615146 122.30690276250084 136.65970991079735 91.87036744428747 71.67088984239422 135.5458466330948 62.31782705186913 69.17615362078936 84.04737880638561 70.3252144883229 97.69627744136903 99.41301380527659 78.13133747069855 161.19646443901502 104.5154478009631 103.5211252573693 113.44803100305319 143.8776570230999 106.49513273444836 114.62507104110239 127.10062704426105 112.75941838047197 110.75503668616199 
95.9944957605706 84.54968236491266 119.83659977860816 122.30681171758488 136.65970991079735 91.84694077026433 71.67088984237529 135.5458466330948 62.31782705186913 69.17615362078936 84.03037868140893 70.3252144883229 97.69627744136903 99.41219766555349 78.13133747069855 161.19245055963893 104.51409961935798 103.52112523762986 113.44803100305319 143.87764606516498 106.47944942534656 114.62455030921433 127.10062704426105 112.75630100803664 110.75503668616199 
95.9944957605706 84.54968236491266 119.825362299125 122.30657553296783 136.6487009323206 91.84694077026433 71.67088984237421 135.5458440116306 62.316746732346246 69.17615362078936 84.03037868140893 70.3252144883229 97.69623801425229 99.41219766555349 78.13034378399743 161.19197129582562 104.51310271286536 103.52112523762986 113.44802948541326 143.87764606516498 106.47486034419012 114.61757538313645 127.09840879091155 112.75630100803664 110.75503668616199 
95.9944957605706 84.54968236491266 119.825362299125 122.30657553296783 136.6487009323206 91.83694687394927 71.67088984236625 135.5458440116306 62.316746732346246 69.17615362078936 84.03037868140893 70.32093719062652 97.69621017334646 99.41064974456879 78.13034378399743 161.19189853825753 104.51292063832011 103.5211250147824 113.44802948541326 143.87764606516498 106.46598911257024 114.61672236086895 127.09428878448966 112.75630100803664 110.75503668616199 
95.9944957605706 84.54968236491266 119.825362299125 122.30657553296783 136.6487009323206 91.83643493739532 71.67088984236318 135.5458440116306 62.316746732346246 69.17615362078936 84.03036282120627 70.31832429171925 97.69621017334646 99.41062176849772 78.12912173140995 161.1917605491318 104.51283298556143 103.5211250147824 113.44802948541326 143.87761427685098 106.46598911257024 114.61672236086895 127.04116137230278 112.75630100803664 110.55104346833787 
95.99449575845085 84.54968236491266 119.825362299125 122.29806039471055 136.64346412433486 91.8347394497847 71.67088984236318 135.5458440116306 62.31577521016317 69.17615362078936 84.02942129941505 70.30632892819511 97.69621017334646 99.4104150416789 78.1290803723353 161.19173074915693 104.51283298556143 103.5211250147824 113.44802948541326 143.85391435141923 106.44009165379452 114.61672236086895 127.04116137230278 112.7562429571476 110.55104346833787 
95.99449575681831 84.54968236491266 119.825362299125 122.29806039471055 136.64178619549432 91.83395493607156 71.67088984236318 135.5458440116306 62.31577521016317 69.17615362078936 84.02942129941505 70.30632892819511 97.68891880208395 99.4100670382038 78.12861239726078 161.19154289201902 104.51280813265987 103.5211250147824 113.44802948541326 143.81487367788327 106.43221328330037 114.61664494353829 127.03688176761125 112.75604638249695 110.55104346833787 
95.99449575670826 84.54968236491266 119.81699712909142 122.2930937983956 136.64173735334919 91.7945020657948 71.67088984235966 135.5458440116306 62.315328597295206 69.17615362078936 84.02942129941505 70.28332728851194 97.68734683172352 99.4100670382038 78.12861239726078 161.19154289201902 104.50764347776169 103.5211250147824 113.44802948541326 143.81487367788327 106.42715137892856 114.61662034657161 127.03344860144364 112.75602913084697 110.55104346833787 
95.9944957565317 84.54959005212231 119.81393013471086 122.2930937983956 136.6413666387856 91.79365505842867 71.6708898423596 135.5458440116306 62.314618725625905 69.17615362078936 83.98955409644327 70.26679435541439 97.68632337811857 99.39960972591518 78.12853309152746 161.19154289201902 104.50565563024759 103.5211250147824 113.44802948541326 143.8093332462065 106.42390007465997 114.61662034657161 126.93119582729719 112.75602913084697 110.55104346833787 
95.99449575609702 84.54958574661339 119.80895038090523 122.29239109902585 136.64045502771955 91.79116534202592 71.67088984235806 135.5458435710674 62.31446101109884 69.17615362078936 83.98955409644327 70.26679435541439 97.68632337811857 99.38879815311896 78.12789541049528 161.19151173157263 104.50565563024759 103.5211250147824 113.44802948541326 143.8093332462065 106.42163045490861 114.6116902371632 126.92529570523254 112.75599728090162 110.55104346833787 
95.99449575579848 84.54956817985862 119.80750376162689 122.28685152132846 136.64017824312737 91.78751662078929 71.67088984235806 135.54584321350376 62.31446101109884 69.17615362078936 83.98955409644327 70.2558480601669 97.686272746871 99.38879815311896 78.09587393554966 161.19151173157263 104.50556935238558 103.5211250117456 113.44802948541326 143.796254051417 106.41025976802086 114.61116992329664 126.9201567076492 112.75599728090162 110.55104346833787 
95.9944957547346 84.54956817985862 119.80750376162689 122.27192514810588 136.0867762564585 91.78734353414546 71.67088984235806 135.54584321350376 62.29779675840291 69.17615362078936 83.98955409644327 70.24241121339958 97.68592637172185 99.38879815311896 78.0911358106199 161.19149272016512 104.50555303011305 103.52112500038191 113.44802881790201 143.796254051417 106.41025976802086 114.61101278271315 126.90390708077473 112.7559431696518 110.55104346833787 
95.9944957547346 84.54956817985862 119.80750376162689 122.27192514810588 135.97951914017483 91.78633601355222 71.67088984235806 135.54584292167476 62.297705266757646 69.17615362078936 83.9884844367923 70.236459861019 97.68529800159052 99.37485097944807 78.0911358106199 161.19149272016512 104.50551270932726 103.52112498874573 113.44802871780792 143.79252977449642 106.41025976802086 114.60978183400505 126.84965368092412 112.7559431696518 110.55104346833787 
95.99449575463274 84.54953817366766 119.80725000170412 122.2637502984162 135.97951914017483 91.73019550147501 71.67088984235784 135.54584291589833 62.28851315587991 69.17615362078936 83.98772268284176 70.22177432609016 97.68149301971249 99.36002392711521 78.08974117319724 161.19147691116314 104.50551270932726 103.52112498860498 113.44802851819782 143.79252977449642 106.35850051001393 114.60971770154129 126.80226730636195 112.7559431696518 109.93207549982321 
95.99449575463274 84.549523804145 119.80613833000916 122.2637502984162 135.960186004173 91.73019550147501 71.67088984235784 135.54584291589833 62.28851315587991 69.17615362078936 83.98772268284176 70.21242217643965 97.67808719612862 99.36002392711521 78.02671166953746 161.19147691116314 104.50548832917394 103.5211249882621 113.44802848490758 143.79134047994512 106.3542799518084 114.5961435323477 126.7974277576401 112.7559431696518 109.93207549982321 
95.99449575463274 84.54952191250754 119.80613833000916 122.20608759707784 135.960186004173 91.72273221136925 71.67088984235784 135.54584278182836 62.28851315587991 69.17615362078936 83.98764422998988 70.1987149304573 97.67658349317179 99.36002392711521 78.02671166953746 161.19147691116314 104.50546867870145 103.5211249882621 113.44802847758558 143.79134047994512 106.34548547896674 114.5961435323477 126.71662681764394 112.74336847552172 109.93207549982321 
95.99449575463274 84.54951645155438 119.80613833000916 122.20608759707784 135.95028216770106 91.72273221136925 71.67088984235784 135.54584278182836 62.2880728828373 69.17615362078936 83.98720667136348 70.1987149304573 97.67658349317179 99.35627692925823 78.02600467112495 161.19147686583005 104.50546867870145 103.52112498500048 113.4480284479971 143.7903441984986 106.34262599863467 114.59572304837752 126.71662681764394 112.74336847552172 109.93207549982321 
95.99449575463274 84.54951429480451 119.80613833000916 122.20608759707784 135.95028216770106 91.72273221136925 71.67088984235784 135.54584274959598 62.2880728828373 69.17615362078936 83.98691440639749 70.19209396756389 97.67657604211826 99.35319490367084 78.02600467112495 161.19147535992715 104.50546867870145 103.52112498469643 113.4480284479971 143.7899255649088 106.33886943408294 114.59461620970717 126.70438980964263 112.74200444301971 109.93207549982321 
95.90426843821899 84.54951429480451 119.80613833000916 122.20608759707784 135.95028216770106 91.70440878659952 71.67088984235784 135.5281558292413 62.25720535987915 69.17615362078936 83.98691440639749 70.18677462048407 97.67552341698627 99.35319490367084 78.02600467112495 161.19147535992715 104.50546165922668 103.52112497425304 113.4480284479971 143.7899255649088 106.33166989426365 114.58954679117926 126.69937517386529 112.74200444301971 109.93207549982321 
95.90426843821899 84.5495121378251 119.80065945403953 122.14801806614196 135.94121219615567 91.70184145166036 71.67088984235784 135.5281558292413 62.24951790896637 69.17615362078936 83.98678923913002 70.182375746638 97.67552341698627 99.35152143696331 78.02600467112495 161.19147452225866 104.50546165922668 103.5211249685184 113.44802842630463 143.76694875142823 106.31220993933016 114.58887969607281 126.66684663654326 112.74163556934661 109.93207549982321 
95.90426843821899 84.5495109737497 119.80065945403953 122.14801806614196 135.93665808878643 91.6738715538346 71.67088984235784 135.5281558292413 62.24880834438568 69.17615362078936 83.98657829235816 70.16485940363691 97.67552341698627 99.35121012515083 78.02459329028926 161.19147311142285 104.50545375428715 103.51622055750511 113.448028423555 143.76694875142823 106.31220993933016 114.58831764542288 126.57551496501083 112.74154534292802 109.93207549982321 
95.90426843821899 84.54951052331666 119.79972756886764 122.14801806614196 135.93665808878643 91.6738715538346 71.67088984235778 135.5281558292413 62.2465537845502 69.17615362078936 83.98657829235816 70.1523426020193 97.67543909203687 99.35120516204717 78.01472298359539 161.19147311142285 104.5054493923513 103.51622055750511 113.448028423555 143.75719265517137 106.30867075258521 114.58573105771586 126.57551496501083 112.7414515588739 109.93207549982321 
95.90426843821899 84.54951009789522 119.79896903854774 122.12929889806185 135.93665808878643 91.6738715538346 71.67088984235778 135.5281558292413 62.2465537845502 69.17615362078936 83.98655894607396 70.15228455223235 97.67542299346121 99.33618234755971 77.95930415102958 161.1914728926165 104.5054493923513 103.5158405034548 113.44802842319416 143.71824405874906 106.30867075258521 114.58509940829344 126.57551496501083 112.74139962662548 109.93207549982321 
95.90426843821899 84.54951009789522 119.79831255136753 122.03642950987023 135.93660700044177 91.6738715538346 71.63574557705545 135.5281558292413 62.24391703211387 69.17615362078936 83.98655014587979 70.1521961128094 97.67533061148322 99.30782631700163 77.95930415102958 161.19147239728397 104.50544780390925 103.51560731080298 113.44802841638977 143.71356273363324 106.2931607168444 114.58056146412127 126.57551496501083 112.74104918315402 109.93207549982321 
95.90426843821899 84.54951009789522 119.79791035318624 122.03642950987023 135.93555280131852 91.6716664143849 71.63574557705545 135.5281558292413 62.24391703211387 69.17615362078936 83.9864903216208 70.15105439075353 97.67533061148322 99.28122725430188 77.95930415102958 161.19147239728397 104.50544758930852 103.51560731080298 113.44802841236788 143.70953908152387 106.2931607168444 114.5780887143186 126.57551496501083 112.74104918315402 109.93207549982321 
95.90426843821899 84.54950996152348 119.76530736626091 122.03642950987023 135.85460340343866 91.66114133409951 71.63574557705545 135.52794093175362 62.24000505025026 69.17615362078936 83.9864903216208 70.15073836767215 97.67533061148322 99.28122725430188 77.93509645591917 161.19147233788271 104.50544758930852 103.51548128618089 113.44802840694433 143.70953908152387 106.28766359618157 114.57766020603333 126.53649389046518 112.74100410899064 109.93207549982321 
95.90426843821899 84.54950996152348 119.76530736626091 122.03642950987023 135.85460340343866 91.66114133409951 71.63322950872998 135.52779243863222 62.2304741007639 69.17615362078936 83.98636186862922 70.14277258802082 97.67533061148322 99.28122725430188 77.93509645591917 161.19147221669198 104.50544758930852 103.51548128618089 113.44802840694433 143.70292284406105 106.22860291350162 114.57535042613881 126.53649389046518 112.74093919871689 109.93207549982321 
95.90426843821899 84.54950996152348 119.76530736626091 122.03642950987023 135.85460340343866 91.6573104516558 71.63322950872998 135.52761629531983 62.22934202040557 69.17615362078936 83.98636186862922 70.08411414230926 97.67532737009901 99.27997470972758 77.93509645591917 161.19147192980836 104.50544758930852 103.51548128618089 113.44802840694433 143.64897848593466 106.22614046091599 114.57535042613881 126.52191005386896 112.73680188769333 109.8333862508328 
95.90426843821899 84.54950996152348 119.76530736626091 121.97123632240073 135.8538808934178 91.62056166655464 71.63322950872998 135.52761629531983 62.2237060731166 69.17615362078936 83.98629026427722 70.05075065627915 97.67067916909303 99.25708189991309 77.93509645591917 161.19147190189312 104.50544683329048 103.51540995205329 113.44802840694433 143.64897848593466 106.22614046091599 114.57148857422578 126.51398986882782 112.7359146023748 109.8333862508328 
95.90424882228166 84.54950996152348 119.76530736626091 121.97123632240073 135.8513020406549 91.62056166655464 71.63133498256184 135.52761629531983 62.213273786947354 69.17615362078936 83.9861569011166 70.05075065627915 97.66872353539577 99.25708189991309 77.93385436256074 161.19147184759152 104.50544682363056 103.51540995205329 113.44802840694433 143.64897848593466 106.2250240446021 114.57148857422578 126.47807086975615 112.73472104558402 109.8333862508328 
95.90424882228166 84.54950996152348 119.76530736626091 121.97123632240073 135.85094146814004 91.62056166655464 71.63133498256184 135.5275884838194 62.2102407074463 69.17615362078936 83.98615176448652 69.98760409531963 97.66872353539577 99.2541253354953 77.9239435065353 161.1914717893735 104.50544660852114 103.5153827001738 113.44802840694433 143.64131113440078 106.20599907296275 114.55467009777908 126.47594588556558 112.73389093876574 109.8333862508328 
95.90424882228166 84.5495099572679 119.76530736626091 121.97123632240073 135.8440529919559 91.61885948160642 71.63133498256184 135.52755821545372 62.18235038165426 69.17615362078936 83.98612920807648 69.98760409531963 97.66779480454716 99.25186067732216 77.904719359752 161.19147175126818 104.50544660852114 103.51537765591877 113.44802840686964 143.64131113440078 106.18695431162183 114.55467009777908 126.42808255355578 112.73377644560753 109.8333862508328 
95.90423955177522 84.54950994960478 119.76530736626091 121.97032738245389 135.8440529919559 91.6164815479072 71.63133498256184 135.52751537259542 62.18235038165426 69.17615362078936 83.9861062482941 69.98760409531963 97.66708592881633 99.24713573940585 77.89851343498293 161.191471712635 104.50544626730107 103.51537765591877 113.44802840686964 143.63818755967452 106.18695431162183 114.55444380596259 126.3808963766744 112.73319969595514 109.8333862508328 
95.90423772927721 84.54950994219985 119.76530736626091 121.96990676303267 135.84254815017334 91.61640761846763 71.63097416777947 135.52751537259542 62.174408332538235 69.17615362078936 83.98610081785824 69.98760409531963 97.66703523880949 99.24488907666807 77.89289927316509 161.19147158760666 104.50544626730107 103.51537436292267 113.44802840684804 143.63637733032192 106.18695431162183 114.55072156031576 126.3808963766744 112.72285205297544 109.8333862508328 
95.89218056858493 84.54950994219985 119.76530736626091 121.96936903165317 135.84222515014994 91.61577790652882 71.63072787872215 135.52750958095783 62.174408332538235 69.17615362078936 83.98610081785824 69.98760409531963 97.66703523880949 99.24488907666807 77.89074149941484 161.19147158760666 104.50544626730107 103.51535029135687 113.44802840684804 143.63637733032192 106.16608200266376 114.55001757463015 126.3808963766744 112.69571394310879 109.8333862508328 
95.88930983737635 84.54950993875127 119.76530736626091 121.96903340067081 135.8414451328507 91.61577790652882 71.63072787872215 135.52749155989682 62.173285526513894 69.17615362078936 83.98610081785824 69.98760409531963 97.66691365260021 99.24401792427477 77.89074149941484 161.19147158760666 104.50544622230154 103.51534784735924 113.44802840679802 143.63637733032192 106.16608200266376 114.54558150853234 126.3748624179201 112.69571394310879 109.8333862508328 
95.88878404014133 84.54950993491804 119.76528154620041 121.96903340067081 135.8405289400837 91.61537103029468 71.63061617410585 135.5274793128326 62.172887547636435 69.17615362078936 83.98609618649647 69.94246094056962 97.66148557267115 99.24342201705548 77.85426817752625 161.19147158746455 104.50544618549384 103.51534440482715 113.44802840678994 143.63617576231673 106.16546008498528 114.54373680939136 126.34572389899085 112.69571394310879 109.8333862508328 
95.8873494140214 84.54950992232034 119.76523073248131 121.96860734548318 135.8405289400837 91.61498881391128 71.63053158373958 135.5274793128326 62.172887547636435 69.17615362078936 83.98609618649647 69.89462610975977 97.66148557267115 99.24327145066627 77.85426817752625 161.19147156254564 104.50544605676873 103.51534440482715 113.44802840673538 143.63558536781056 106.16366840250276 114.54368651710706 126.3443916538198 112.69515580983875 109.8333862508328 
95.8873494140214 84.54950991873818 119.75307238890844 121.96860734548318 135.84017229980077 91.61433042582638 71.63032855185855 135.5274793128326 62.172583463622175 69.17615362078936 83.98609407464892 69.89462610975977 97.66148557267115 99.24199039735805 77.85426817752625 161.19147156254564 104.50544605676873 103.51533991704025 113.44802840669956 143.63531834296737 106.13124484367654 114.54127124459797 126.29534894631217 112.69515580983875 109.8333862508328 
95.88276776195477 84.54950991151645 119.75307238890844 121.96860734548318 135.80970448540097 91.61433042582638 71.63032855185855 135.5274793128326 62.15113904373902 69.17615362078936 83.98608848155448 69.89462610975977 97.6599686177272 99.21750593962577 77.85426817752625 161.18903683260214 104.50544605676873 103.51533932590382 113.44802840669365 143.63531834296737 106.13124484367654 114.54127124459797 126.29534894631217 112.69515580983875 109.8333862508328 
95.88197841282903 84.54950991151645 119.75179263292341 121.96860734548318 135.80970448540097 91.61427454632633 71.63032855185855 135.52747881887467 62.15113904373902 69.17615362078936 83.98608848155448 69.8466248126241 97.65911593644717 99.21750593962577 77.85348872755173 161.1883634891601 104.50544605676873 103.51533920353819 113.44802840664181 143.63444841243734 106.12712059672515 114.54114653756653 126.26462126142553 112.69090152249464 109.8333862508328 
95.88197841282903 84.54950991151645 119.75179263292341 121.96860734548318 135.80970448540097 91.5673769782714 71.49468195020688 135.52747840128995 62.15113904373902 69.17615362078936 83.98608848155448 69.8466248126241 97.65911593644717 99.21750593962577 77.85336354426391 161.1883634891601 104.50544605676873 103.51533899299687 113.44802840660088 143.63444841243734 106.09619258406667 114.53918805857688 126.26462126142553 112.6892319363543 109.8333862508328 
95.88191228899927 84.5495099099395 119.73943139506048 121.96854974839266 135.79640314080984 91.5673769782714 71.49468195020688 135.52747840128995 62.136275220973744 69.17615362078936 83.98608848155448 69.8466248126241 97.65911593644717 99.21714607180479 77.83524508263741 161.18832481035884 104.50544600404493 103.51533891510132 113.44802840660088 143.63426838675036 106.09619258406667 114.53784237426919 126.23835470960842 112.68914002788097 109.8333862508328 
95.88186606048316 84.5495099099395 119.73943139506048 121.96854974839266 135.7539168969264 91.5673769782714 71.49468195020688 135.52747824312735 62.136275220973744 69.17615362078936 83.98608750644689 69.83060836252804 97.65890483826576 99.21714607180479 77.83524508263741 161.18832481035884 104.50544599609862 103.51533891510132 113.44802840659133 143.63407725000638 106.07721498287401 114.5378007449516 126.23835470960842 112.68703121815133 109.8333862508328 
95.88086514483518 84.54950990931178 119.7391867594215 121.96852533078277 135.7539168969264 91.5673769782714 71.49468195020688 135.52747821930416 62.135873394550515 69.17615362078936 83.98608728525528 69.83060836252804 97.65755546601622 99.21714607180479 77.83524508263741 161.18831781000858 104.50544599609862 103.51533891510132 113.44802840657144 143.6339060127009 106.07721498287401 114.53772910870418 126.21780390066692 112.6862807816351 109.8333862508328 
95.81172961374108 84.54950990841638 119.7391867594215 121.96851056629839 135.6792576854499 91.5673769782714 71.49468195020688 135.50829570069982 62.135873394550515 69.17615362078936 83.9860870164083 69.83060836252804 97.65713462687302 99.21714607180479 77.82515157914503 161.18831781000858 104.50544599609862 103.50987205307587 113.44802840657144 142.90930425414547 106.07721498287401 114.53772910870418 126.21543802083875 112.6862807816351 109.8333862508328 
95.81172961374108 84.54950990838552 119.73816542137286 121.96851056629839 135.6792576854499 91.5644388929569 71.49468195020688 135.50829570069982 62.131826357803675 69.17615362078936 83.98608695067242 69.83060836252804 97.65713330083418 99.21690413694563 77.82001206412957 161.18831120645132 104.50544599481475 103.5095300507408 113.44802840657019 142.71397115858326 106.07721498287401 114.53766321172122 126.21543802083875 112.68261717669316 109.8333862508328 
95.81172961374108 84.54950990812313 119.73816542137286 121.96850839227795 135.6792576854499 91.5614393349 71.49468195020688 135.50829570069982 62.09349909241587 69.17615362078936 83.98608695067242 69.81613946866423 97.65537202382046 99.21687711450357 77.82001206412957 161.18830855812894 104.50544599481475 103.50925462296647 113.44802840656882 142.71397115858326 106.07721498287401 114.5375867746036 126.21321023034955 112.68202847033615 109.8333862508328 
95.81172961374108 84.54950990812313 119.73784522391213 121.96848905932052 135.66987159702512 91.5599397610871 71.49468195020688 135.50552935691314 62.09349909241587 69.17615362078936 83.98608694257769 69.79619999011521 97.6529347521755 99.21167120490793 77.82001206412957 161.1883031220766 104.50544599286417 103.50925462296647 113.44802840656882 142.71397115858326 106.07721498287401 114.53757857717892 126.19170958348934 112.68155645365107 109.8333862508328 
95.81172961374108 84.54950990812313 119.73736063334184 121.9684853632383 135.66987159702512 91.55951953235729 71.49468195020688 135.50466426918115 62.09349340823735 69.17615362078936 83.98608669654107 69.7944271717945 97.6529347521755 99.20981315176238 77.82001206412957 161.1882977965863 104.50544598961858 103.50925462296647 113.44802840656882 142.52131321782633 106.07053873627376 114.53754913599312 126.18979592470384 112.68009390532961 109.8333862508328 
95.81172961374108 84.5495099077832 119.73732405178748 121.9684853632383 135.66987159702512 91.55847296883496 71.49468195020688 135.50345337184717 62.09254526467703 69.17615362078936 83.9860866042352 69.76708966143497 97.65068208359548 99.1803045851816 77.81863323133769 161.1882968865475 104.48514450996248 103.50925462296647 113.44802840656587 142.52131321782633 106.06219697707274 114.53752051648883 126.18919698746038 112.67337505998125 109.8333862508328 
95.81172961374108 84.5495099077832 119.73706424075817 121.9684809094233 135.6651347066387 91.55847296883496 71.44436398565716 135.50243194329778 62.09121664610558 69.17615362078936 83.98608654066936 69.76708966143497 97.65052728693081 99.17395654067604 77.81821262744438 161.1882968865475 104.48514450996248 103.50521417716402 113.44802840656462 142.5181474705587 106.04042430278344 114.53746066822112 126.1528290727033 112.67332046742558 109.8333862508328 
95.81172961374108 84.54950990777974 119.73706424075817 121.96847690399727 135.64392464643709 91.5580769144633 71.44436398565716 135.50212050465802 62.09077633934925 69.17615362078936 83.98608654066936 69.7642676673164 97.65014352187103 99.17395654067604 77.79747301390347 161.18829683918034 104.48514450996248 103.50521417716402 113.44802840656382 142.51187351584497 106.0034989766873 114.53739796300795 126.11253718571788 112.66268472494903 109.8333862508328 
95.81172961374108 84.54950990777047 119.73699828272436 121.96847339043507 135.6098668512808 91.5580769144633 71.44436398565716 135.501672467542 62.09077633934925 69.17615362078936 83.97599426893782 69.76245308834359 97.64985978957401 99.17217247731975 77.79747301390347 161.18829677892427 104.48514450996248 103.50477304395685 113.44802840656348 142.50749063110482 105.98536357098527 114.53733690505828 126.11253718571788 112.66098817973602 109.8333862508328 
95.81172961374108 84.54950990771738 119.7369854315283 121.96847339043507 135.6098668512808 91.55773570940755 71.44436398565716 135.5012008093264 62.09077633934925 69.17615362078936 83.97599426893782 69.75804493280265 97.64985416298879 99.17048457058314 77.79444323807309 161.1882966593032 104.48514450996248 103.50465684099072 113.44802840656291 142.4358660813965 105.98536357098527 114.53733690505828 126.11088377315048 112.65958753641371 109.8333862508328 
95.81172961374108 84.54950990771624 119.73698101863442 121.96847339043507 135.60279324128248 91.55773570940755 71.44436398565716 135.50075961644438 62.090657426011205 69.17615362078936 83.92314298057204 69.75804493280265 97.64985416298879 99.15338964392129 77.79393411155831 161.18829646758525 104.48514450996248 103.50447799762105 113.44802840656291 142.43316710985312 105.98536357098527 114.53733690505828 126.10042286191356 112.65917776742106 109.8333862508328 
95.81172961374108 84.54950990771624 119.736963504247 121.93927771534015 135.55713373660603 91.54754452108284 71.44265482825205 135.50044921091103 62.090620487395654 69.17615362078936 83.92314298057204 69.74977946540957 97.64952554520318 99.15338964392129 77.79291641540283 161.18829600646632 104.48514450996248 103.50435276265557 113.44802840656291 142.37467356289744 105.9743243544641 114.53730595818786 126.10001468034193 112.65881275420622 109.8333862508328 
95.81172961374108 84.54950990768862 119.72856356752209 121.93927771534015 135.55713373660603 91.54683293536777 71.44265482825205 135.499961588956 62.070220771224626 69.17615362078936 83.92314298057204 69.74977946540957 97.64952554520318 99.12495518803604 77.79291641540283 161.18829600646632 104.48514450996248 103.50435276265557 113.44802840656291 141.7195797507651 105.96882143419839 114.53730595818786 126.09766686237617 112.65881275420622 109.8333862508328 
95.81172961374108 84.54950990768862 119.72785992398917 121.93927771534015 135.5420237665112 91.54636885303506 71.44204866263931 135.4997944822261 62.070220771224626 69.17615362078936 83.92314298057204 69.74730025925385 97.64940066109341 99.11688598349633 77.7446761621946 161.18829581119746 104.48514450996248 103.50435276265557 113.44802840656291 141.59212773260242 105.96399983640265 114.53730595818786 126.09635658522518 112.65881275420622 109.8333862508328 
95.81172961374108 84.54950990768862 119.72785992398917 121.93927771534015 135.5420237665112 91.54585854292111 71.44184444987002 135.49955113802116 62.070220771224626 69.17615362078936 83.92314298057204 69.74329313395407 97.64920669686649 99.11688598349633 77.7446761621946 161.18829561810912 104.48514450996248 103.50435276265557 113.44802840656291 141.53581767278456 105.955451650219 114.53730595818786 126.09318594884144 112.65878034203979 109.8333862508328 
95.81172961374108 84.54950990767242 119.72785992398917 121.93737859706152 135.53908617978402 91.54486112763192 71.4417200168632 135.49942260593025 62.0568320594449 69.17615362078936 83.9229919427159 69.73856301217216 97.64907661298543 99.11603363011534 77.7446761621946 161.18829555014247 104.48514450996248 103.50226536727757 113.44802840656291 141.52175476825505 105.955451650219 114.53730233614863 126.08953509190928 112.65878034203979 109.8333862508328 
95.81172961374108 84.54950990767128 119.72774961993264 121.93648368562958 135.53570951915412 91.54486112763192 71.44114124295174 135.49940011563172 62.0568320594449 69.17615362078936 83.92290041000479 69.73856301217216 97.63707740199249 99.1034221180297 77.7446761621946 161.18829545961773 104.48514450996248 103.50159790037492 113.44802840656291 141.5189423689203 105.9497831928345 114.53730233614863 126.08953509190928 112.65861819520205 109.8333862508328 
95.81172961374108 84.54950990767128 119.7274750768787 121.93648368562958 135.53570951915412 91.54472071249677 71.44114124295174 135.49934783952176 62.0568320594449 69.17615362078936 83.92283759977374 69.71225571672835 97.63707740199249 99.09140032832158 77.7446761621946 161.18829545961773 104.48514450996248 103.50126675548819 113.44802840656291 141.5179093585616 105.94797027077209 114.53730113275742 126.08953373995462 112.65861819520205 109.8333862508328 
95.81172961374108 84.54950990766042 119.72451092792585 121.93648368562958 135.52974975243978 91.54441047841544 71.44112469453205 135.49934119318868 62.05583686076005 69.17615362078936 83.9228160464366 69.71225571672835 97.63677875641218 99.09140032832158 77.72233935702315 161.18829535378018 104.48514450996248 103.50122495483043 113.44802840656291 141.51333632786418 105.94583390622881 114.5372982802561 126.08871462326294 112.65855715787632 109.8333862508328 
95.81172961374108 84.54950990766042 119.72451092792585 121.93576810911645 135.52834453890864 91.5332669438983 71.44112469453205 135.49927606336098 62.0555313499346 69.17615362078936 83.9228160464366 69.70719699424183 97.63552848151886 99.0865054796028 77.71888287533551 161.18829530834807 104.44529725580122 103.50115016979419 113.44802840656291 141.5112952824892 105.94583390622881 114.53631111917662 126.08871462326294 112.6584619415554 109.8333862508328 
95.21080998425595 84.54950990766042 119.71270139546323 121.90415440721961 135.52590186880423 91.5332669438983 71.44096794814874 135.49927606336098 62.05544402543745 69.17615362078936 83.9228160464366 69.70719699424183 97.63475100943873 99.08574858682209 77.71414752230442 161.18829522908652 104.4355493301722 103.50115016979419 113.44802840656291 141.46288900105037 105.94583390622881 114.53283323323603 126.0589540598728 112.65840693516009 109.8333862508328 
95.21080998425595 84.54950990765997 119.71270139546323 121.8803930577244 135.51835965501937 91.52969237264801 71.44096794814874 135.49927606336098 62.045365840513114 69.17615362078936 83.92249431704937 69.66565132230505 97.63434821963443 99.08574858682209 77.7139860236328 161.18829522361239 104.4355493301722 103.50115016979419 113.44802840656291 141.46288900105037 105.94583390622881 114.5288930987956 126.05562465319917 112.65840693516009 109.8333862508328 
95.21080998425595 84.54950990765792 119.71270139546323 121.8803930577244 135.51835965501937 91.5295558718027 71.4408601205858 135.49927606336098 62.04254888826563 69.17615362078936 83.92211250522877 69.66565132230505 97.6338810277939 99.08574858682209 77.7139860236328 161.18829520328245 104.3824815708 103.50115016979419 113.44802840656291 141.46288900105037 105.93561013146473 114.52793887476241 126.0482408262784 112.65839270355661 109.8333862508328 
95.21080998425595 84.54950990765792 119.70976521419152 121.8803930577244 135.49198776674655 91.5287072454824 71.44083397345207 135.49927606336098 62.04254888826563 69.17615362078936 83.92136278818907 69.66565132230505 97.6338810277939 99.08542419176098 77.62059028648525 161.18829518878647 104.36206959460316 103.50115016979419 113.44802840656291 141.46288900105037 105.93561013146473 114.52764736511119 126.0482408262784 112.65839270355661 109.8333862508328 
95.21080998425595 84.54950990765758 119.70976521419152 121.8803930577244 135.49198776674655 91.48913564622126 71.44079819633066 135.49927606336098 62.04213153426616 69.17615362078936 83.92122505412812 69.66565132230505 97.63371263922261 99.08542419176098 77.62059028648525 161.18829518878647 104.34372760211272 103.50113728048956 113.44802840656291 141.46288900105037 105.93338811029446 114.52728138828843 126.01861714942254 112.65839148004193 108.96008269070438 
95.21080998425595 84.54950990765758 119.70921762886485 121.87879257164764 135.49198776674655 91.48913564622126 71.44078826295873 135.49410476730986 62.04213153426616 69.17615362078936 83.90790313482256 69.62330187717748 97.63050024711538 99.08502642240921 77.62059028648525 161.18829518878647 104.34372760211272 103.4990268580404 113.44802840656291 141.46288900105037 105.93338811029446 114.52698395923551 126.01861714942254 112.65109468730111 108.96008269070438 
95.21080998425595 84.54950990765741 119.70863949790316 121.87794516004737 135.49198776674655 91.48913564622126 71.44077245704204 135.49302970761096 62.040627548446594 69.17615362078936 83.90740069576566 69.62330187717748 97.63050024711538 99.06721813485535 77.61461989898925 161.18829518353004 104.33956238070198 103.4990268580404 113.44802840656291 141.46288900105037 105.93338811029446 114.52694077123886 126.01861714942254 112.64983414859228 108.96008269070438 
95.21080998425595 84.54950990765741 119.70863949790316 121.87794516004737 135.49198776674655 91.48913564622126 71.4407368679569 135.49276414535075 62.040627548446594 69.17615362078936 83.90605904630002 69.62330187717748 97.62906243365558 99.06721813485535 77.61448830837065 161.18829518061648 102.34304880165064 103.4990268580404 113.44802840656291 141.46288900105037 105.9333584654483 114.52658399649658 126.01774994635309 112.64883001864303 101.50231553503318 
95.21080998425595 84.53750537191007 119.70863949790316 121.87787022309294 135.49198776674655 91.48823777314976 71.440709011313 135.48886991758877 62.03846522944934 69.17615362078936 83.90275122557682 69.60705631030169 97.62534694088481 99.0591588651996 77.56757602107706 161.18829517409938 102.10567189011573 103.49885635621422 113.44802840656291 141.46288900105037 105.931494382697 114.52326540083618 126.01774994635309 112.64840620876282 101.50231553503318 
95.21080998425595 84.53750537191007 119.70830744238083 121.87780321404136 135.49198776674655 91.45553138321156 71.44070457111866 135.48886991758877 62.03596762443357 69.17615362078936 83.90213174103792 69.6023378860142 97.62138578204724 99.02946293027867 77.56757602107706 161.18829517115114 102.04110271849362 103.49885635621422 113.44802840656291 141.46288900105037 105.93100546076317 114.52314289112041 126.0072611257732 112.64734290787715 101.50231553503318 
95.21080998425595 84.53641605241785 119.70830744238083 121.87780321404136 135.4904878134107 91.45553138321156 71.44069800631576 135.48768241872995 62.03536955878843 69.17615362078936 83.90161860526695 69.60202005469216 97.62138578204724 99.02946293027867 77.56757602107706 161.18829517013637 102.04110271849362 103.49885635621422 113.44514538457202 141.441153243112 105.9308865537887 114.52304888863682 125.96891928282616 112.64662559565522 101.26776371968356 
95.21080998425595 84.53493154786713 119.70825659856223 121.87780321404136 135.48073205789376 91.45553138321156 71.44068164627936 135.48714796611125 62.0348261960861 69.17615362078936 83.90161860526695 69.58635020139616 97.61840604361743 99.01781475596738 77.56757602107706 161.18829516781557 101.78300870738326 103.49882403887057 113.443943363421 141.441153243112 105.93060223819248 114.52276858470509 125.96891928282616 112.64574945892036 101.26776371968356 
95.21080998425595 84.5343094700014 119.70824089897837 121.87780321404136 135.47968534066797 91.45553138321156 71.39135014196313 135.48709917441533 62.03481597924457 69.17615362078936 83.9015005597945 69.5831563743447 97.61840604361743 99.01781475596738 77.56757602107706 161.1882951672244 101.78300870738326 103.49867502862264 113.443943363421 141.441153243112 105.93058955456934 114.52228646339154 125.96392902680077 112.64569869232412 101.26776371968356 
95.21080998425595 84.53306200433838 119.70824089897837 121.87772285711412 135.4790778118786 91.45553138321156 71.39135014196313 135.48694818356068 62.02225707629282 69.17615362078936 83.9015005597945 69.57180026632034 97.61840604361743 99.01781475596738 77.5513295785538 161.1882951665773 101.77340763816147 103.49866443647835 113.44392311568618 141.441153243112 105.91440781868357 114.52227630444963 125.96392902680077 112.64490837044787 100.16245633411086 
95.21080998425595 84.53306200433838 119.70822853615255 121.87772285711412 135.4766691617399 91.45553138321156 71.39135014196313 135.4868632655906 62.02225707629282 69.17615362078936 83.90092617282335 69.57180026632034 97.61814311617496 99.01730046751766 77.5513295785538 161.1882951659178 101.77086741846256 103.49866443647835 113.44363633473404 141.42566332223248 105.91440781868357 114.52216764052605 125.96392902680077 112.64437634959393 100.16245633411086 
93.99946112410726 84.53306200433838 119.70818599830125 121.87772285711412 135.4766691617399 91.43260389620053 71.38838514225137 135.4866234785029 62.02154934665424 69.17615362078936 83.90092617282335 69.57080520076642 97.61472959685295 99.01723706719645 77.5513295785538 161.18829516575965 101.77086741846256 103.49866443647835 113.44363633473404 141.42566332223248 105.91440781868357 114.5220903466668 125.93152282136305 112.64437634959393 100.16245633411086 
93.99946112410726 84.53260143513705 119.70808967076493 121.87769253434749 135.47633677370084 91.43260389620053 71.38838514225137 135.48658213702572 62.0214434323392 69.17615362078936 83.90092617282335 69.56600139846381 97.61273463235398 99.01723706719645 77.5513295785538 161.18829516553137 101.66496092363116 103.49866443647835 113.44354360927741 141.42566332223248 105.91440781868357 114.52207162797367 125.93152282136305 112.64437634959393 98.07454445961503 
93.4410755242451 84.53226638814687 119.69781693820232 121.86213106403909 135.47580438550358 91.4299371728805 71.38825609908804 135.4792651101502 62.011710522332635 69.17615362078936 83.90086398641006 69.56410551035134 97.61273463235398 99.01629139885836 77.54794652777571 161.1882951655025 101.66496092363116 103.4986455028095 113.44354360927741 141.41156249974642 105.91440781868357 114.52201320385166 125.93152282136305 112.64422736712118 98.07454445961503 
93.36215084714547 84.5320695123686 119.6927996009772 121.86213106403909 135.47554880150835 91.42138551237497 71.38825609908804 135.4792651101502 62.011710522332635 69.17615362078936 83.84569450948777 69.56354714203962 97.61128403517472 99.01566657046607 77.54656577792645 161.1882951652101 101.66496092363116 103.4986455028095 113.44348206365726 141.39762255114238 105.89207155720794 114.52201320385166 125.91261452224705 112.64422736712118 98.07454445961503 
93.34987626829536 84.5320695123686 119.6890932494507 121.86213106403909 135.47554880150835 91.42138551237497 71.38804351715385 135.4792651101502 62.00973278949391 69.17615362078936 83.84569450948777 69.56058969401892 97.61128403517472 99.01566657046607 77.54656577792645 161.18829516509368 101.66496092363116 103.49864386378925 113.44343090383938 141.39742136752648 105.89207155720794 114.52201320385166 125.91261452224705 112.64419357776899 98.07454445961503 
93.34701596724085 84.5319371316748 119.6890932494507 121.86213106403909 135.4294527224181 91.42138551237497 71.38782370244235 135.4792651101502 62.00973278949391 69.17615362078936 83.84569450948777 69.56058969401892 97.6068054146171 98.9903591245918 77.54408760391459 161.18829516508106 101.66496092363116 103.49863684357797 113.44341371088126 141.39502974648713 105.89207155720794 114.52201320385166 125.90971944287924 112.64419357776899 98.07454445961503 
93.34701596724085 84.5319371316748 119.68662053445928 121.8580129154509 135.4294527224181 91.41900097067571 71.38778725936857 135.4792651101502 62.002927705558704 69.17615362078936 83.82265664542359 69.55602730471804 97.60574165393996 98.9903591245918 77.54168681693096 161.18829516505502 101.66496092363116 103.49863684357797 113.443400132242 141.39502974648713 105.89207155720794 114.52199480038848 125.8730712728343 112.64417997580176 98.07454445961503 
93.3403884596562 84.5319371316748 119.6854448257643 121.85545115923469 135.4294527224181 91.41900097067571 71.38775165028392 135.4792651101502 62.002255597586384 69.17615362078936 83.82265664542359 69.52244772112817 97.60096624068842 98.9903591245918 77.54168681693096 161.188295164941 101.6580191348205 103.49863684357797 113.44338591526639 141.39460506218165 105.89207155720794 114.5219726512014 125.8730712728343 112.63461824423462 98.07454445961503 
93.3403884596562 84.53185626532422 119.6854448257643 121.85538542504457 135.4294527224181 91.41893477004999 71.38775165028392 135.46929813892734 62.00222711307231 69.17615362078936 83.82265664542359 69.52244772112817 97.60089978829654 98.9903591245918 77.54111305828826 161.1882951648098 101.61694373396733 103.49863684357797 113.44338591526639 141.392533206287 105.89207155720794 114.5219726512014 125.8730712728343 112.63461824423462 98.07454445961503 
93.33683483113145 84.53181955838016 119.68483260252731 121.85482806262178 135.4294527224181 91.41674101752227 71.38775165028392 135.4675484584127 62.00222711307231 69.17615362078936 83.82265664542359 69.50863050207715 97.59995994682026 98.9903591245918 77.54109856987907 161.18829516479855 101.60064834676871 103.49863502302162 113.44338591526639 141.3918260632289 105.89207155720794 114.52197204223717 125.8730712728343 112.63461824423462 98.07454445961503 
93.2886678102119 84.53179735300773 119.67151463912921 121.85417074626048 135.4294527224181 91.41674101752227 71.38775165028392 135.46678222192236 62.00085096949982 69.17615362078936 83.82265664542359 69.50199169960092 97.59995994682026 98.9903591245918 77.50447732973157 161.18829516474943 101.60064834676871 103.49863502302162 113.44338376630492 141.33733134718068 105.89207155720794 114.52196351265741 125.86173624422804 112.63461824423462 98.07454445961503 
93.18495658965128 84.53179712771248 119.67151463912921 121.8538845010604 135.41374508800322 91.40302012851492 71.38771193173574 135.4664617352637 62.00085096949982 69.17615362078936 83.82265664542359 69.49931017168524 97.59995994682026 98.9903591245918 77.50447732973157 161.18829516474943 101.55033719815685 103.49863455949037 113.44338376630492 141.33733134718068 105.89207155720794 114.5219591746527 125.84097967377181 112.63461824423462 98.07454445961503 
93.18495658965128 84.53177626953533 119.67151463912921 121.8538845010604 135.41374508800322 91.40302012851492 71.38770309405476 135.45641476714866 62.00085096949982 69.17615362078936 83.82265664542359 69.49708668611686 97.59969863864609 98.985480387959 77.50447732973157 161.18829516474125 101.54479576271109 103.49863455949037 113.44338180568377 141.33733134718068 105.89207155720794 114.5219591746527 125.84097967377181 112.63461824423462 98.07454445961503 
93.18495658965128 84.53177626953533 119.66730796574939 121.85380234666331 135.4111998315309 91.40289771418787 71.38770309405476 135.4555725991695 62.00085096949982 69.17615362078936 83.82265664542359 69.48959851841204 97.59969863864609 98.9851864469224 77.50447732973157 161.1882951646919 101.54384961207961 103.49863455949037 113.44338171364086 141.33733134718068 105.87877198537495 114.52195155641334 125.84097967377181 112.63380424638501 98.07454445961503 
93.18495658965128 84.53177626953533 119.66666850823037 121.8537790621715 135.39891602099533 91.40289771418787 71.38770309405476 135.45380265708513 62.000649759109194 69.17615362078936 83.82254602144712 69.48959851841204 97.5994051549136 98.98132247801135 77.50447732973157 161.18829516466712 101.53534951475115 103.49863455949037 113.44338082997024 141.33733134718068 105.87877198537495 114.52195155641334 125.83164900410645 112.63346521440008 98.07454445961503 
93.18495658965128 84.46387071730749 119.6663686162999 121.83370776926483 135.3555869937411 91.38934622773587 71.38770309405476 135.45348805571962 61.994849868687595 69.17615362078936 83.82245498731515 69.47618199181198 97.5994051549136 98.96800303327763 77.50355054712116 161.18829516460346 101.53534951475115 103.49863440928505 113.44338082997024 141.26276768846355 105.87877198537495 114.52195140137803 125.81122717030757 112.63346521440008 98.0356226238215 
93.18495658965128 83.42207818629743 119.66587085361164 121.83370776926483 135.32359297286087 91.38934622773587 71.38769811749671 135.45348805571962 61.994849868687595 69.17615362078936 83.82245498731515 69.47618199181198 97.5994051549136 98.96800303327763 77.50097497930085 161.18829516460346 101.53534951475115 103.49863439836145 113.44338082069066 141.26276768846355 105.87877198537495 114.52194797633081 125.81122717030757 112.63341307544579 98.0356226238215 
93.18495658965128 83.16969225068317 119.66587085361164 121.83370776926483 135.32359297286087 91.36424150909022 71.38769811749671 135.45294639598887 61.99258646663827 69.17615362078936 83.82225795750594 69.46307077069218 97.59928389025583 98.96800303327763 77.48509638565662 161.18829516460346 101.53534951475115 103.49863439836145 113.44338079624026 141.26276768846355 105.87818427232537 114.52194797633081 125.81122717030757 112.63341307544579 98.0356226238215 
93.18495658965128 83.16969225068317 119.66541294451599 121.83370776926483 135.29921930684054 91.36424150909022 71.38769811749671 135.45079956312406 61.99258646663827 69.17615362078936 83.82223629421287 69.46307077069218 97.59926693648856 98.96800303327763 77.48490337028164 161.18829516458652 101.53534951475115 103.49863406641055 113.44338076563054 141.26276768846355 105.87812206822673 114.5134375374397 125.80868717359317 112.63336070323567 98.0356226238215 
92.45603815087674 82.95220697850601 119.66498809519976 121.79768290752668 135.29921930684054 91.36424150909022 71.38769804190196 135.45079956312406 61.98087755802783 69.17615362078936 83.82221983356231 69.44668879142955 97.59916617487113 98.96770577246116 77.48490337028164 161.18829516457458 101.53428503559627 103.49863406641055 113.44338076563054 141.26276768846355 105.871567247234 114.5134375374397 125.802870069998 112.63317839600859 98.0356226238215 
92.13836847079074 82.8795247466187 119.66493223942189 121.79768290752668 135.29921930684054 91.36424150909022 71.3876918093249 135.4495958327517 61.98087755802783 69.17615362078936 83.82221788608285 69.4450063278116 97.5990972475787 98.96616123181684 77.48490337028164 161.18690535292433 101.52321712454454 103.49863405187176 113.44338076563054 141.26276768846355 105.871567247234 114.5134375374397 125.8017092659021 112.61761926248641 98.0356226238215 
92.13836847079074 82.8795247466187 119.66476763808862 121.79768290752668 135.29921930684054 91.36424150909022 71.3876918093249 135.4486139154361 61.98087755802783 69.17615362078936 83.82219379413527 69.41182986220065 97.59901565152484 98.96590434203023 77.48363819607272 161.18683510334063 101.51649715206622 103.49863404601399 113.4433806615931 141.26276768846355 105.87040521628364 114.5134375374397 125.79855807538377 112.61761926248641 98.0356226238215 
92.07662171215878 82.85179695967486 119.66473078628792 121.79142402603361 135.29921930684054 91.36424150909022 71.3876918093249 135.44859839183698 61.98087755802783 69.17615362078936 83.78792496189641 69.41182986220065 97.59901565152484 98.96493284370513 77.48344578377106 161.18673919456057 101.51470439951459 103.49863400384481 113.4433806615931 141.26276768846355 105.86998979100758 114.5134375374397 125.79777318495621 112.61761926248641 98.0356226238215 
91.98168143354548 82.3233289294385 119.66465853714078 121.79142402603361 135.29921930684054 91.36172547401236 71.3876918093249 135.44841734295824 61.975156482067405 69.17615362078936 83.78792496189641 69.41182986220065 97.59901565152484 98.96487049498046 77.48103653852047 161.1867232170481 101.4463881098709 103.4986339848906 113.44338063085377 141.26276768846355 105.86870104088882 114.5134375374397 125.79191543710135 112.61761926248641 98.0356226238215 
91.92121756322251 82.3233289294385 119.66462256727596 121.7901930947005 135.29921930684054 91.35401925615247 71.38768883808109 135.44602112996427 61.975156482067405 69.17615362078936 83.78792496189641 69.40786848287712 97.59899927165173 98.96457915073819 77.48090042930556 161.18667498718094 101.4463881098709 103.49863398183948 113.44338049283624 141.2051265653463 105.86856014419351 114.51340337985414 125.76743523127038 112.61761926248641 98.0356226238215 
91.92121756322251 82.269921049902 119.65293364084926 121.78803664174006 135.2708364417067 91.35133396269242 71.38768883808109 135.44602112996427 61.96650611590104 69.17615362078936 83.78792496189641 69.40786848287712 97.59899927165173 98.96443974872557 77.47979880500753 161.1866704864085 101.4463881098709 103.4986339752719 113.44338049283624 141.2051265653463 105.86829623789197 114.51340337985414 125.76743523127038 112.61761926248641 98.0356226238215 
91.92121756322251 82.2239838478734 119.65293364084926 121.78656205856464 135.2708364417067 91.32579730848272 71.38768839038198 135.44371406863195 61.962250795508396 69.17615362078936 83.78792496189641 69.36209276872046 97.59899927165173 98.96408787227915 77.47925739154067 161.18666072497683 101.4463881098709 103.4986339752719 113.44338049283624 141.2051265653463 105.84621474780306 114.51340337985414 125.76743523127038 112.61761926248641 98.0356226238215 
91.26397252865735 82.2239838478734 119.65210573633135 121.78537382938009 135.2708364417067 91.32579730848272 71.38768839038198 135.44371406863195 61.958752348353585 69.17615362078936 83.78792496189641 69.35857449256889 97.59899477999664 98.96408787227915 77.47925739154067 161.18666072497683 101.42700752051621 103.497353194433 113.44338049283624 141.2051265653463 105.84621474780306 114.51340337985414 125.75093220864676 112.61761926248641 98.0356226238215 
91.0193916460301 82.2239838478734 119.64612125490908 121.78537382938009 135.24508501782077 91.32579730848272 71.3876883465681 135.44371406863195 61.95733035928572 69.17615362078936 83.78792496189641 69.35601590411261 97.59897386586823 98.96405562104553 77.47925739154067 161.18665675075215 101.42700752051621 103.497353194433 113.44338049283624 141.2051265653463 105.84504816349556 114.51337894357039 125.7230681759628 112.61761926248641 98.0356226238215 
91.0193916460301 82.22303296860764 119.64612125490908 121.78503476173103 135.24508501782077 91.32579730848272 71.3876883465681 135.4434033836028 61.955233469679115 69.17615362078936 83.78792496189641 69.35362210612146 97.59897070603904 98.96401314665837 77.47916293518563 161.18664836306925 101.41539694497641 103.49629129974534 113.44338046201199 141.2051265653463 105.84474190853058 114.50453002143195 125.7230681759628 112.61761926248641 98.0356226238215 
90.99841894783498 82.21368706028858 119.64612125490908 121.78503476173103 135.24508501782077 91.31230447816017 71.3876883465681 135.44339869679902 61.94313389070271 69.17615362078936 83.78792496189641 69.32624292784226 97.59896618330811 98.96389898413611 77.4632929119922 161.18664836306925 101.41539694497641 103.49629129974534 113.44338046201199 141.2051265653463 105.80782892171942 114.50453002143195 125.7157888344542 112.61761926248641 98.0356226238215 
90.9922524288043 82.21368706028858 119.64612125490908 121.78503476173103 135.21250784170752 91.31230447816017 71.38768799315682 135.44339869679902 61.94313389070271 69.17615362078936 83.78792496189641 69.32624292784226 97.59896618330811 98.96388891330002 77.4632929119922 161.1866471752462 101.39730264329637 103.49617539383433 113.44338046201199 141.2051265653463 105.7976395710732 114.50453002143195 125.71047604382886 112.61761926248641 98.0356226238215 
90.98254152836023 82.21368706028858 119.64575611345799 121.78503476173103 135.21250784170752 91.31171679442377 71.38768799315682 135.44339869679902 61.94208174262087 69.17615362078936 83.78792496189641 69.32624292784226 97.59896613567531 98.96387231302663 77.4632929119922 161.18664604482797 101.3883365918623 103.49617539383433 113.44338044793642 141.2051265653463 105.7976395710732 114.50453002143195 125.70235250848816 112.61761926248641 98.0356226238215 
90.97261722306195 82.21285787692949 119.64568006318348 121.78503476173103 135.2106864203438 91.30979731022899 71.38768799315682 135.44339869679902 61.94208174262087 69.17615362078936 83.78792496189641 69.32624292784226 97.59896393851358 98.96385305587569 77.4632929119922 161.18664585266924 101.32459285486436 103.49610098054848 113.44338043816708 141.2051265653463 105.7976395710732 114.50453002143195 125.69936482115213 112.61757914733016 98.0356226238215 
90.97261722306195 82.21096272917197 119.64561317857579 121.78470608301905 135.19059874378524 91.30979731022899 71.38768782829158 135.44336621258583 61.94144317314726 69.17615362078936 83.78792496189641 69.32624292784226 97.59896393851358 98.96382304628781 77.41637198088705 161.18664333597576 101.32459285486436 103.49604325064581 113.44338042858658 141.1910105277151 105.7976395710732 114.50453002143195 124.65214941154227 112.61756942400075 98.0356226238215 
90.97261722306195 82.20994331906485 119.62832494881502 121.78470608301905 135.19059874378524 91.30904550320531 71.38768779288267 135.44336621258583 61.941087574042115 69.17615362078936 83.787894568853 69.32624292784226 97.59896161018366 98.9562559291362 77.41637198088705 161.1866432104689 101.23091498647295 103.49593454473677 113.4426637378624 141.1910105277151 105.7976395710732 114.50453002143195 124.58997215397847 112.61756942400075 98.0356226238215 
90.97261722306195 82.20994331906485 119.62832494881502 121.78470608301905 135.19059874378524 91.30904550320531 71.38768779288267 135.44336621258583 61.941087574042115 68.98196351584284 83.78786008706697 69.32601774950149 97.59188205501891 98.95550840830816 77.41637198088705 161.18664198377837 101.23091498647295 103.49588764205635 113.4426637378624 141.1910105277151 105.7976395710732 114.5001169364109 124.33359077863588 112.61756165698205 98.0356226238215 
90.97261722306195 82.20994331906485 119.62832494881502 121.78470608301905 135.16554555055302 91.30859131504883 70.91735773698252 135.44336621258583 61.94098950590654 68.9032977685223 83.78786008706697 69.32292131325494 97.59188205501891 98.9548510436033 77.41637198088705 161.18664110720374 101.23091498647295 103.49586676962417 113.4419659425779 141.1910105277151 105.7976395710732 114.5001169364109 123.371021362453 112.61756165698205 98.0356226238215 
90.97261722306195 82.20994331906485 119.62832494881502 121.78466787427135 135.16554555055302 91.30859131504883 70.67596108207294 135.44335385195336 61.92279914596537 68.7443788271737 83.7878424447793 69.31943581045192 97.59188205501891 98.9548510436033 77.41578131594713 161.18664069152135 101.23091498647295 103.49585347831896 113.44187795017069 141.1910105277151 105.7976395710732 114.5001169364109 122.72481276624899 112.6175480414123 98.0356226238215 
90.97261722306195 82.20978811671603 119.62809710054057 121.78466787427135 135.16554555055302 91.30167748268087 70.55732701484845 135.44335012253043 61.92279914596537 68.72105384676013 83.78782229514707 69.316684484689 97.59188205501891 98.95479518308377 77.41578131594713 161.18664069152135 101.23091498647295 103.49585347831896 113.44177170904993 141.17036144559438 105.79151078519624 114.5001169364109 122.72481276624899 112.617492614958 98.0356226238215 
90.97179950414812 81.30391615107555 119.62766420109449 121.78465160775147 135.15713955849026 91.30019899059272 70.53099812662992 135.44332966188017 61.919523782663475 68.72105384676013 83.78782229514707 69.28916626608589 97.59179349845874 98.95463058760788 77.41554489041243 161.18664069152135 101.23091498647295 103.49585347831896 113.4417583449806 141.17036144559438 105.77609069019866 114.4996605333057 122.72481276624899 112.617492614958 98.0356226238215 
90.96865080501209 81.0952594478257 119.62765771767044 121.78461463535405 135.15537430410689 91.29183245934121 70.53099812662992 135.4433194992821 61.919523782663475 68.70987483223178 83.78782229514707 69.28916626608589 97.59179349845874 98.95453806954652 77.415308426693 161.18664046338858 101.23091498647295 103.49583555178742 113.44166883546632 141.17036144559438 105.77609069019866 114.49931748564791 122.60875969907136 112.617492614958 98.0356226238215 
90.96784634460369 81.08736234514282 119.62709745937718 121.78461463535405 135.15537430410689 91.2826869117514 70.52506991702842 135.4433194992821 61.919523782663475 68.70509472486748 83.78781882517995 69.28916626608589 97.58723008623582 98.95442251188024 77.41514269758909 161.1866393564843 101.20310686517712 103.49583218600242 113.4402990227627 141.16953414177385 105.77609069019866 114.49931748564791 122.5487919152605 112.617492614958 98.0356226238215 
90.96784634460369 81.02300478642337 119.62709745937718 121.77912152419071 135.15537430410689 91.2826869117514 70.52506991702842 135.4433194992821 61.9184321894345 68.69847718560936 83.78781882517995 69.26735773873827 97.58723008623582 98.92410048196882 77.37697466277496 161.1866393564843 101.1592649019629 103.49583029326647 113.43987342123785 141.1688520956717 105.77503937015013 114.49923396534825 122.54140645083021 112.61747967610495 98.0356226238215 
90.9675411373031 80.97099539179692 119.62709745937718 121.77390869522549 135.13573311147672 91.2826869117514 70.52506991702842 135.44308330044362 61.9184321894345 68.69847718560936 83.74403376934055 69.26735773873827 97.58685123215145 98.90938616012409 77.37697466277496 161.18663841761338 101.1592649019629 103.49583029326647 113.43981696812352 141.1680378721244 105.7742726215049 114.49753782418304 122.54140645083021 112.61747967610495 98.0356226238215 
90.96631221272935 80.76131022516188 119.626634184404 121.77072449742661 135.13573311147672 91.2826869117514 70.52506991702842 135.4429740750278 61.91818757474846 68.69800066220989 83.74403376934055 69.26735773873827 97.58685123215145 98.90741847773853 77.36739382343796 161.18663834186827 101.1592649019629 103.49582986898736 113.43970793886524 141.16687230046887 105.7742726215049 114.4966661392566 122.53244515315612 112.61747967610495 98.0356226238215 
90.96631221272935 79.80640731824553 119.62650566765478 121.76850714700106 135.13573311147672 91.2771026699225 70.52506991702842 135.44239357454262 61.91818757474846 68.6930110276216 83.74403376934055 69.26735773873827 97.58659917847842 98.90579973530316 77.33996982780599 161.18663788542767 101.1592649019629 103.49582821639456 113.43964958711024 141.1663532333812 105.76155497280604 114.49649688319153 122.53103393243839 112.61747967610495 98.0356226238215 
90.96629497976414 79.36100358177117 119.62650566765478 121.76537390288286 135.13573311147672 91.2771026699225 70.52382387123225 135.44205517895148 61.91756427719008 68.6930110276216 83.74403376934055 69.26735773873827 97.58654570073531 98.9024385354686 77.33996982780599 161.18663788542767 101.1592649019629 103.49582645505734 113.43964958711024 141.16606222579844 105.76155497280604 114.49649688319153 122.52346525545227 112.61747967610495 98.0356226238215 
90.96629497976414 79.36100358177117 119.62650209315188 121.76537390288286 135.13573311147672 91.27507658884781 70.52214637649348 135.44200333960453 61.91748062436017 68.69260578102205 83.74403376934055 69.26317978206691 97.58646604812878 98.9024385354686 77.33996982780599 161.18663788542767 101.1592649019629 103.4958242026953 113.43963362863042 141.16522928696463 105.76155497280604 114.49649688319153 122.51896587665055 112.61747692205483 98.0356226238215 
90.96629497976414 79.33076016775033 119.62645513514269 121.7624111134187 135.13573311147672 91.27479937615772 70.52198710483407 135.44200333960453 61.90449039037475 68.69260578102205 83.74403376934055 69.25618427765266 97.58642395901563 98.90035331390573 77.33996982780599 161.1866377016405 101.15910646910021 103.49582403739589 113.43792808978026 141.16438865175542 105.7613153896051 114.49645253105882 122.4618542943441 112.61747692205483 98.0356226238215 
90.96584255263917 79.33076016775033 119.62642461571136 121.76128978698216 135.13573311147672 91.27368477488568 70.51957287753504 135.44200333960453 61.90449039037475 68.69171520234391 83.74403376934055 69.25618427765266 97.58634042229977 98.90035331390573 77.30584604284962 161.1866377016405 101.07378652447153 103.49582403739589 113.43792808978026 141.16428041352754 105.7613153896051 114.49371519838496 122.4618542943441 112.61747424756766 98.0356226238215 
90.96575724343126 79.33076016775033 119.62642461571136 121.76007670908837 135.13573311147672 91.26562890599774 70.51957287753504 135.44194613472962 61.90449039037475 68.11944930202424 83.74403376934055 69.25595359970254 97.58631847291304 98.89959828970717 77.30584604284962 161.1866377016405 101.07378652447153 103.49582256680219 113.43790773305068 141.13530513027695 105.7613153896051 114.49328702971889 122.4618542943441 112.61747424756766 98.0356226238215 
90.96555355975033 79.27542476773664 119.62642131963503 121.76007670908837 135.13573311147672 91.2648896316822 70.51957287753504 135.4417901966783 61.90293213141115 68.03569313277796 83.74403376934055 69.25115423435216 97.58625338496864 98.89950607316013 77.30584604284962 161.1866377016405 101.07264585241887 103.49582256680219 113.4374906347789 141.13530513027695 105.75937364915711 114.49328702971889 122.44318438490234 112.61747342755734 98.0356226238215 
90.96551002645992 79.27542476773664 119.6263692372321 121.75893960604935 135.13429573112558 91.26340283497615 70.51840877135544 135.4417901966783 61.90293213141115 67.99030177896452 83.74403376934055 69.2491802111835 97.58602627139976 98.89793332205193 77.30584604284962 161.1866376451835 101.07264585241887 103.49582204263902 113.4374460096301 141.13530513027695 105.75890395400154 114.493276628996 122.44318438490234 112.6174714090912 98.0356226238215 
89.312641121573 79.27542476773664 119.62635342016085 121.75880313405173 135.1340851645558 91.25545913621693 70.51840877135544 135.44167094183376 61.902751342188424 67.91469550247763 83.74187551377747 69.24480654951003 97.58580357865753 98.89618734867906 77.30300884681753 161.18663755962268 101.07056210635108 103.49582183092923 113.43739305203542 141.13530513027695 105.75862434631443 114.49263520885279 122.39718006172177 112.6174714090912 98.0356226238215 
89.312641121573 79.27542476773664 119.62633578891325 121.7584641731305 135.12568880037338 91.25545913621693 70.51840877135544 135.43578785848183 61.902751342188424 67.91469550247763 83.74187551377747 69.24078269852612 97.58580357865753 98.89514125550068 77.30300884681753 161.18663755962268 101.06808830946119 103.49582183092923 113.43738218103374 141.13530513027695 105.75607693121549 114.49263520885279 122.39492866840533 112.6174714090912 97.69064935359108 
89.312641121573 79.26811099518659 119.61076850452832 121.7581255315821 135.0901288804065 91.25545913621693 70.51840877135544 135.43537677692257 61.902379389477346 67.89123558412172 83.74187551377747 69.2358600260759 97.58580357865753 98.89233183117165 77.2993109716461 161.18663755962268 101.06808830946119 103.49582153559038 113.43738218103374 141.13530513027695 105.7553112624662 114.49247067532883 122.2740828886217 112.6174714090912 97.69064935359108 
89.312641121573 79.254023282336 119.61076850452832 121.62431746359653 135.0901288804065 91.23031360392224 70.51839850000488 135.43495586493088 61.90210172447354 67.89123558412172 83.74142870862363 69.23227629164393 97.58579732497793 98.8920987759555 77.2974995799579 161.18663752350585 101.0654285978166 103.49582110816254 113.43737897961307 141.10902843703752 105.7548506452473 114.49229137675513 122.20476766272111 112.61747140777823 97.69064935359108 
89.312641121573 79.254023282336 119.61076850452832 121.62431746359653 135.08236145864998 91.23031360392224 70.51820098154292 135.43428744407356 61.90210172447354 67.89123558412172 83.74123710203548 69.20781243625322 97.58579732497793 98.89084255293494 77.2974995799579 161.18663748014944 101.06527778471536 103.49582110816254 113.43736845291733 141.10902843703752 105.7548506452473 114.49229137675513 122.20476766272111 112.61747136418626 97.69064935359108 
89.312641121573 79.254023282336 119.61076850452832 121.62431746359653 135.08175047119585 91.23031360392224 70.51773159677862 135.4335160943034 61.90074375778181 67.88728715791171 83.74095314089323 69.20781243625322 97.58579295382407 98.89039607468521 77.29739806523418 161.18663748014944 101.06523424941531 103.49582071722665 113.4373677441348 141.10902843703752 105.7546208706201 114.49226421192179 121.55139390314139 112.61747096854015 97.69064935359108 
89.312641121573 79.254023282336 119.61076850452832 121.62431746359653 135.0808692886974 91.23031360392224 70.51773159677862 135.4335160943034 61.89926942345767 67.88423472320011 83.74070167297089 69.20590797457396 97.58578537454332 98.88965030016448 77.27501429389599 161.18663748014944 101.03762414240913 103.49582071722665 113.43736358739397 141.10902843703752 105.75398911381893 114.49213435449713 121.40502328530204 112.61747096854015 97.69064935359108 
88.42667418122375 79.25378670900318 119.61076850452832 121.62431746359653 135.08051339258463 91.21283657790707 70.51754328253196 135.4335160943034 61.8986995847863 67.88423472320011 83.74032597197134 69.20590797457396 97.58578537454332 98.88881304685083 77.27479618515918 161.18663748014944 100.99286219699042 103.49582071722665 113.43736358739397 141.0657679344505 105.75398911381893 114.49213435449713 121.36048036615239 112.61747092082715 97.69064935359108 
86.44285516670948 79.25266828560592 119.61064453545305 121.62431746359653 135.07914961185827 91.21283657790707 70.51754328253196 135.4334868401637 61.8986995847863 67.88205402196809 83.69551493856528 69.20540894266253 97.58578288925924 98.8881513087432 77.2725147541426 161.18663746297432 100.99286219699042 103.49582063563969 113.43736323660914 141.0657679344505 105.75398911381893 114.49206342846207 121.23922490167445 112.61747081498208 97.69064935359108 
85.80803916658584 79.25133830866287 119.61058192313249 121.62431746359653 135.07906489172615 91.21283657790707 70.51754328253196 135.42786578058428 61.89849654311274 67.88205402196809 83.69551493856528 69.20531382664603 97.58578083137348 98.86872810389974 77.27176386384929 161.18663746297432 100.99286219699042 103.49582060800327 113.43736323660914 141.0657679344505 105.75388544708477 114.49206342846207 121.21965437155313 112.61747070470722 97.69064935359108 
85.21950695611366 79.25133830866287 119.61057632310542 121.62431746359653 135.07906489172615 91.21283657790707 70.51754328253196 135.42786578058428 61.89849654311274 67.88205402196809 83.69551493856528 69.20459957524861 97.58577745399367 98.86872810389974 77.27085235370976 161.18663745527397 100.99286219699042 103.49582060800327 113.43736237490657 141.0657679344505 105.75383240237278 114.49205529693813 121.20736103145373 112.61747060434027 97.69064935359108 
85.14552144965353 79.25133830866287 119.61057632310542 121.35928920213507 135.07791333143916 91.21179613964398 70.51754328253196 135.42786578058428 61.89843794759531 67.88205402196809 83.69551493856528 69.20441907866888 97.58577745399367 98.86872810389974 77.27081455158111 161.18657778540523 100.99286219699042 103.49582058455718 113.43736237490657 141.0657679344505 105.73827896639602 114.49205529693813 121.20665707293097 112.6174704128681 97.69064935359108 
85.14552144965353 79.25133830866287 119.61054720310642 121.23263465836988 135.0772607271988 91.21179613964398 70.51754328253196 135.42786578058428 61.89831920212606 67.88140233809963 83.69551493856528 69.20414401100027 97.58577745399367 98.86872810389974 77.27048450322059 161.18557555270684 100.99286219699042 103.49582056343763 113.43736237490657 141.0657679344505 105.73827896639602 114.49200920770522 121.19330344862146 112.61747009294163 97.69064935359108 
85.11569813911262 79.25092295558062 119.61054720310642 121.16388969538411 135.06474530250364 91.21179613964398 70.51754328253196 135.4272151346695 61.89831920212606 67.8813260783723 83.69551493856528 69.18867333447724 97.58577667056943 98.84605629326734 77.27025908269894 161.18557555270684 100.99156147471695 103.49582054482107 113.4373615405475 141.0657679344505 105.73342548574698 114.49200920770522 121.19330344862146 112.61747007885788 97.69064935359108 
85.06636118180188 79.25072733104355 119.61054720310642 121.10875062115747 135.06383690728785 90.43945122218992 70.51748688921526 135.4272151346695 61.89635614105288 67.8813260783723 83.69551493856528 69.17484901985858 97.58477937282424 98.84605629326734 76.73879138151733 161.1853149568443 100.93905207563643 103.49582050824989 113.43736097855549 141.0442840887889 105.73342548574698 114.49200920770522 121.11181042136423 112.60803980890842 97.69064935359108 
84.39190468919594 79.25072733104355 119.61054720310642 121.1060476416809 135.05382265418132 90.43945122218992 70.51748688921526 135.4269551617956 61.895203092401346 67.88083082195953 83.69551493856528 69.17484901985858 97.58453934596918 98.84605629326734 76.73879138151733 161.18528979992948 100.93905207563643 103.4958204590564 113.43736097855549 141.0442840887889 105.72907143681567 114.49200920770522 121.11181042136423 112.60803980890842 97.69064935359108 
84.19448470592374 79.25072733104355 119.6105352707873 121.10426938149112 135.05292303475085 90.00844600106552 70.5174659089356 135.42676308548857 61.894432268190485 67.88083082195953 83.69551493856528 69.17484901985858 97.5835532950993 98.84605629326734 76.73879138151733 161.1852131278829 100.93905207563643 103.4958204590564 113.43736085984983 141.0442840887889 105.7219699069276 114.4920053049525 121.04581222625973 112.60803980890842 97.69064935359108 
84.18879774710734 79.25072733104355 119.61052197437505 121.09359844948176 135.0520183173819 89.99140841642998 70.51744706866566 135.42676308548857 61.8939719123851 67.88083082195953 83.69551493856528 69.17422154186943 97.58310794063732 98.84605629326734 76.73879138151733 161.18519817822994 100.93905207563643 103.49582045031894 113.43736049624158 141.0304033231023 105.7219699069276 114.49199226416465 121.04581222625973 112.60388512850477 97.69064935359108 
84.14409002870661 79.25066004253074 119.61052197437505 121.07863577160037 135.02354659255093 89.66978112831112 70.51744653931917 135.4267421486802 61.8935066400947 67.88078471888849 83.69551493856528 69.17422154186943 97.58310794063732 98.84587765564322 76.73879138151733 161.18514242228343 100.93905207563643 103.49582045031894 113.43736047409459 141.0304033231023 105.7219699069276 114.49199167109452 121.04581222625973 112.60388512850477 97.69064935359108 
84.07199198434614 79.25060807331135 119.61051835404419 121.07446631594007 135.02260021794018 89.29979573600428 70.51742917822821 135.42673865988354 61.8935066400947 67.88076975262078 83.69551493856528 69.173323144439 97.58310794063732 98.84144209473834 76.73879138151733 161.18514242228343 100.93905207563643 103.49582043562941 113.43735984377395 141.0304033231023 105.7219699069276 114.49199167109452 121.03584797582653 112.60388512850477 97.69064935359108 
83.51380608213708 79.25060807331135 119.61049301723176 121.07446631594007 135.02260021794018 89.18393374573458 70.51742392334114 135.42672534287578 61.89347948097645 67.88068260821126 83.6953146111614 69.16997256272361 97.58310794063732 98.84120104946612 76.73879138151733 161.18514242228343 100.93905207563643 103.49582043085559 113.43735984377395 141.0304033231023 105.7219699069276 114.49123368688106 121.03584797582653 112.60343101204887 97.69064935359108 
83.13878624424814 79.25060807331135 119.61049236609051 121.07422027623863 135.02116005926223 89.16430894811748 70.51741496342208 135.42672534287578 61.893342629954304 67.88067677429603 83.6953146111614 69.16889595669238 97.58307901228596 98.84115064925493 76.73471693547208 161.18514242228343 100.91466749549193 103.49582041248607 113.43735957460353 141.0304033231023 105.7219699069276 114.49048988997481 121.03584797582653 112.60211838047144 97.69064935359108 
83.0741898110715 79.25060807331135 119.61048876504594 121.07196589428395 135.02030137633824 89.14426249982341 70.51741249742298 135.42672524466082 61.89312709160362 67.88064314147061 83.69518203178961 69.15685270817124 97.5830318384219 98.83945020287888 76.73343594819937 161.18513704269708 100.91466749549193 103.49582041248607 113.43735957460353 141.0296141651487 105.7219699069276 114.4898602806935 121.03584797582653 112.60211838047144 97.69064935359108 
83.0741898110715 79.25060807331135 119.61048876504594 121.07125997546473 135.01750270408115 89.08015505546149 70.51741249742298 135.42672378903444 61.893052211424504 67.8806340297989 83.69518203178961 69.15685270817124 97.58092636104072 98.83925991322985 76.73343594819937 161.18513704269708 100.9133299337712 103.49582040820451 113.43735957460353 141.00178971724574 105.7219699069276 114.48592304729755 121.03418926893437 112.60211838047144 97.69064935359108 
83.0741898110715 79.25060807331135 119.59390958969755 121.07125997546473 135.01750270408115 89.03645793665703 70.51740277358408 135.42671722687442 61.89304842319336 67.8806340297989 83.69518203178961 69.15685270817124 97.58009970348974 98.83874895668237 76.73343594819937 161.18513404698945 100.9133299337712 103.49582040689143 113.43735946876689 141.00178971724574 105.7219699069276 114.48592304729755 121.03353894641009 112.60146008725303 97.69064935359108 
83.05739903914906 79.09444290283068 119.59390958969755 121.07093148623471 135.00686658612995 89.03373050976052 70.51740277358408 135.42671722687442 61.89171249580755 67.8806340297989 83.69511452524614 69.15685270817124 97.57945028025864 98.83874895668237 76.73343594819937 161.18513120329408 100.90027445079954 103.49525791758299 113.43735935205166 141.00178971724574 105.72183217332156 114.48501217401338 120.99441168163105 112.60146008725303 97.69064935359108 
83.0418217470617 78.68823547324905 119.5889279109382 121.07093148623471 135.00686658612995 89.01874955835547 70.51740001467147 135.42408516790306 61.88564139514358 67.88061126563036 83.69511452524614 69.13186851849525 97.57503367250973 98.83348139519427 76.66137386282912 161.18512412987138 100.90027445079954 103.49525791758299 113.43735931124957 141.00178971724574 105.72170105607643 114.4847909426237 120.98655677607769 112.60146008725303 97.69064935359108 
83.01502730128215 78.68470873037927 119.5889279109382 121.07093148623471 135.00634359540254 88.88041227869792 70.51740001467147 135.4234622923309 61.8856116566796 67.88061126563036 83.65318125194983 69.13186851849525 97.57503367250973 98.83334907885467 76.66137386282912 161.18511943428007 100.90027445079954 103.49525791758299 113.43735929833542 141.00178971724574 105.72141605013553 114.48446076395419 120.98655677607769 112.60143232787243 97.69064935359108 
83.01502730128215 78.22894201998207 119.5889279109382 120.71237894937144 134.99923105193125 88.88041227869792 70.51740001467147 135.42286466155838 61.87926385586758 67.88060571164192 83.65318125194983 69.13186851849525 97.57503367250973 98.83308647709254 76.66137386282912 161.185118978447 100.90027445079954 103.49496887553494 113.43735928576996 141.00054580438723 105.70971146375194 114.48431547751716 120.93587450327914 112.60134731419953 97.69064935359108 
83.01369951166919 78.22894201998207 119.5889279109382 120.71237894937144 134.98555800920462 88.85680789372236 70.51739980231758 135.42259647832702 61.87512883974267 67.8806031363539 83.65215062766151 69.13186851849525 97.57454369428439 98.83267256310927 76.66137386282912 161.185118978447 100.86312974151826 103.4947885253552 113.43735926903582 140.99863388809194 105.70971146375194 114.48049555664056 120.91646773311209 112.60134731419953 97.69064935359108 
83.01369951166919 78.14672337978737 119.58855646683833 120.71237894937144 134.96304527584653 88.61812532535987 70.51739822629406 135.41464731854467 61.87512883974267 67.8805926157932 83.6511357618453 69.13186851849525 97.57454369428439 98.83267256310927 76.66137386282912 161.185118978447 100.8434766599014 103.49462003100842 113.43735926903582 140.99863388809194 105.70971146375194 114.47939945211294 120.90593441724752 112.59241842721133 97.69064935359108 
83.01369951166919 78.14295111882109 119.5876359492355 120.71237894937144 134.96304527584653 88.39502470609705 70.51739780302859 135.41464731854467 61.874712089363754 67.88058880319613 83.6485757481529 69.13186851849525 97.57442732127123 98.83222346933832 76.65991288880997 161.185118978447 100.83791199866846 103.4930246846381 113.43735926903582 140.99863388809194 105.70971146375194 114.47886795398517 120.86907022953164 112.59241842721133 97.69064935359108 
83.01369951166919 78.12521602886227 119.5876359492355 120.63908075136453 134.95268906690058 88.38514381660252 70.51256685201031 135.41334484825904 61.874278882028364 67.88058880319613 83.64788268290778 69.13186851849525 97.56747091617387 98.83219697631603 76.65955065504278 161.18511872130352 100.83791199866846 103.49285244723671 113.43735926224076 140.99863388809194 105.7032878206175 114.47857992244167 120.86907022953164 112.59241842721133 97.69064935359108 
83.01177598399204 78.12521602886227 119.58732354461063 120.63908075136453 134.95268906690058 88.38514381660252 70.5112482442695 135.4132081709654 61.86922031559834 67.88058865430526 83.62745158137147 69.13186851849525 97.17376336165051 98.83219697631603 76.6578195006897 161.18511850775064 100.8330610897246 103.49285244723671 113.43735923515328 140.99863388809194 105.7032878206175 114.47669247860051 120.86907022953164 112.59241842721133 97.69064935359108 
83.00907746915283 78.12368790070377 119.5871002639667 120.63908075136453 134.93182015409468 88.37567086862663 70.5092213238114 135.4126235051766 61.862844907497674 67.88058865430526 83.62745158137147 69.1239609173607 96.97839582329118 98.82605147637946 76.6578195006897 161.18511833109835 100.83010458061301 103.49285244723671 113.43735923515328 140.99821433434 105.69912001104342 114.47669247860051 120.86907022953164 112.59241842721133 97.69064935359108 
83.00778488264245 78.11704468468525 119.5871002639667 120.63908075136453 134.93182015409468 88.37567086862663 70.50919275425201 135.4126235051766 61.86275131917182 67.88058425162933 83.62745158137147 69.10147080500974 96.97839582329118 98.8220411853273 76.6578195006897 161.18511833109835 100.78827685778367 103.49275463340376 113.43735922361952 140.99804008396484 105.68477665098351 114.47669247860051 120.81003773455564 112.59241842721133 97.69064935359108 
83.00669425864658 78.11312320846514 119.58692920830913 119.708393818775 134.92426397648524 88.37357356414367 70.50899641269649 135.41207085046005 61.86122333822857 67.88058425162933 83.62745158137147 69.10147080500974 96.97839582329118 98.82110759049596 76.59159486584434 161.18511805349522 100.78827685778367 103.49275031789682 113.43735922361952 140.9980019982264 105.68477665098351 114.47621388828168 120.7299773106663 112.58664947543173 97.69064935359108 
83.00664660763198 78.11268604730452 119.58692920830913 119.708393818775 134.90475033012058 88.36625428439226 70.50865641273612 135.41207085046005 61.86122333822857 67.88058425162933 83.62745158137147 69.10147080500974 96.92444185527893 98.82063634898589 76.59159486584434 161.18511805349522 100.78827685778367 103.49273430783592 113.4373592153147 140.99797719858998 105.68477665098351 114.47611933345615 120.7299773106663 112.58664947543173 97.69064935359108 
83.00294364619413 78.11255685916547 119.58687100778059 119.708393818775 134.90475033012058 88.36054845277715 70.50801211100355 135.4117061965503 61.86121049612643 67.88058425162933 83.62588867729221 69.10147080500974 96.92444185527893 98.82046338305071 76.59159486584434 161.18511805349522 100.78827685778367 103.49272279360014 113.4373592153147 140.9879533102726 105.68477665098351 114.47608951362986 120.7299773106663 112.58537192714516 96.1545335240221 
83.00294364619413 78.11235781555126 119.58687100778059 119.708393818775 134.90475033012058 88.3362611799584 70.50801211100355 135.4117061965503 61.86114709924476 67.88058352169571 83.62588867729221 69.10147080500974 96.90937981025928 98.82046338305071 76.59159486584434 161.18511805349522 100.77550878902258 103.4927088724603 113.4373592153147 140.9879533102726 105.68477665098351 114.47608951362986 120.6525082343087 112.57609257486251 96.1545335240221 
83.00106940653461 78.11168708609074 119.58687100778059 119.708393818775 134.89832983929705 88.31943708903964 70.50801211100355 135.41118234968235 61.86114709924476 67.88058352169571 83.62588867729221 69.10122442653994 96.90068173894952 98.81652868732112 76.59159486584434 161.18511805349522 100.75636691566842 103.49267994826965 113.43735921498558 140.98630156391482 105.68477665098351 114.47607851708472 120.6525082343087 112.57609257486251 96.1545335240221 
83.00106940653461 78.11147111154213 119.58687100778059 119.708393818775 134.89832983929705 88.31943708903964 70.50801211100355 135.41042441494483 61.85987225931183 67.88058287232036 83.6258677209637 69.07709230818296 96.89799464711024 98.81645982032217 76.59159486584434 161.18511802894272 100.75636691566842 103.49265432620206 113.43735921498558 140.98630156391482 105.68477665098351 114.47607851708472 120.6525082343087 112.57609257486251 96.1545335240221 
83.00106940653461 78.11147111154213 119.58684402110896 119.708393818775 134.89832983929705 88.31943708903964 70.50757612788459 135.41022049486355 61.84745296794233 67.88058179152074 83.6258677209637 69.07313143287058 96.88678960821261 98.81645982032217 76.59159486584434 161.18511802594037 100.75636691566842 103.49265432620206 113.43735921498558 140.98282389209135 105.6778315995125 114.47607048537873 120.6525082343087 112.57429111331703 96.1545335240221 
82.99847741742235 78.11147111154213 119.58684402110896 119.708393818775 134.89832983929705 88.31407302140184 70.50749121556811 135.40995731744215 61.84745296794233 67.88058179152074 83.62578032114794 69.07164481189471 96.88678960821261 98.81540416601695 76.59159486584434 161.18511797112023 100.75636691566842 103.49265432620206 113.43735920863514 140.98282389209135 105.66885392131582 114.47605787744624 120.6525082343087 112.57277863333377 96.1545335240221 
82.99783973819615 78.11091369912663 119.58679342761991 119.0129855266515 134.89832983929705 88.31308383300973 70.50732060065587 135.4070545552347 61.84745296794233 67.88058179152074 83.62569868790547 69.06627112304847 96.86625363278904 98.81540416601695 76.59159486584434 161.18511797112023 100.75636691566842 103.49179078438448 113.43735920863514 140.98222850600007 105.66885392131582 114.47227307856099 120.6525082343087 112.57132834193271 96.1545335240221 
82.99783973819615 78.1057964379678 119.58679342761991 119.0129855266515 134.8745043721492 88.31002910130746 70.50710312161459 135.4069838236702 61.83840493593789 67.88058164014143 83.62569868790547 69.05516278223558 96.86625363278904 98.8048764576543 76.5777576878487 161.18511797112023 100.75618116577897 103.49102704297229 113.43735920623874 140.98222850600007 105.66533411346677 114.47227307856099 120.61614516481973 112.57113363830399 96.1545335240221 
82.6154586777119 78.1057964379678 119.58678409567392 119.0129855266515 134.8745043721492 88.10974707470666 70.50710312161459 135.4069838236702 61.835694670870794 67.88058163614056 83.62569868790547 69.05516278223558 96.86625363278904 98.8048764576543 76.5777576878487 161.18511796707105 100.75447100636814 103.49083828232017 113.43735920623874 140.98155863533043 105.66361983280598 114.47227307856099 120.61614516481973 112.57084098186328 96.1545335240221 
82.4476870612844 78.10538786135481 119.58678348378203 119.0129855266515 134.8745043721492 87.88134139011805 70.50710312161459 135.4065198032107 61.8340366166949 67.88058152364954 83.62564455643837 69.05516278223558 96.86625363278904 98.8048764576543 76.5777576878487 161.18511794810888 100.75432323344955 103.49083828232017 113.43735920623874 140.98146417128464 105.65555197608825 114.47227307856099 120.56421029192336 112.56555524597911 96.03538110787065 
82.34592572041277 78.10218763308484 119.58676978930953 119.0129855266515 134.87248424886673 87.64455400505392 70.50707498709977 135.40620744466833 61.83259676897734 67.88058140384743 83.62564455643837 69.05327751332459 96.86625363278904 98.8048764576543 75.93542188074798 161.18511793885352 100.75292815786327 103.49077504157617 113.43735920623874 140.98119367690367 105.65555197608825 114.47227307856099 120.52693207571622 112.56555524597911 96.03538110787065 
82.29400794650633 78.10106984730828 119.58099434874248 119.0129855266515 134.87248424886673 87.64455400505392 70.5069565139978 135.4060169433452 61.83220207856857 67.88058140384743 83.62563320872772 69.05163847167898 96.86625363278904 98.8048764576543 75.77143380968084 161.1851179086932 100.75292815786327 103.49076181062912 113.43735920623874 140.96584286873122 105.65555197608825 114.47148913668548 120.52693207571622 112.56555524597911 96.03538110787065 
82.21559784783761 78.10079465022812 119.58094461377823 119.0129855266515 134.86947973236602 87.64455400505392 70.47595442125856 135.39513256369185 61.83220207856857 67.88058136506754 83.62560322118804 69.04834030228375 96.86223951367742 98.8048764576543 75.74938164034302 161.1851179086932 100.73388230229324 103.49074613498232 113.43735920623874 140.96584286873122 105.63691753092269 114.47125251859234 120.52693207571622 112.56505275989696 96.03538110787065 
82.21559784783761 78.10079465022812 119.5806809388182 118.855008032603 134.86845587636412 87.64455400505392 70.47595442125856 135.39513256369185 61.83184284929064 67.88058114687294 83.6255846506412 69.04790467491591 96.85666311831301 98.8048764576543 75.7306201396301 161.1851179086932 100.73388230229324 103.49074613498232 113.43735920623874 140.96584286873122 105.63691753092269 114.46779555715182 120.51781016642178 112.56505275989696 95.77107658167722 
82.20998212489354 78.09985933768968 119.5806809388182 118.855008032603 134.86633087247628 87.64247075306514 70.47595442125856 135.39513256369185 61.82730960330082 67.88058114687294 83.62557532581968 69.0424542181479 96.49276501341961 98.8048764576543 75.7306201396301 161.18511790640002 100.72640906929445 103.49071760023031 113.43735920584686 140.96584286873122 105.63691753092269 114.46779555715182 120.51063499474287 112.55997690335278 95.77107658167722 
81.39747500623889 78.09985933768968 119.58042443411784 118.855008032603 134.84162251421662 87.64115123771563 70.47595442125856 135.39513256369185 61.826472670449675 67.88058107010141 83.62557532581968 69.0424542181479 96.39496389686849 98.8048764576543 75.72122104210848 161.18511790620528 100.72439167207062 103.49071760023031 113.43690303020412 140.96584286873122 105.6283431817007 114.4673666941161 120.50893734562214 112.55997690335278 95.77107658167722 
81.30513414476695 78.09985933768968 119.58042443411784 118.855008032603 134.84162251421662 87.63775043337904 70.47595442125856 135.39513256369185 61.826472670449675 67.88058098628596 83.62557452808642 69.03282726817486 96.31172729974656 98.80066278503307 75.72122104210848 161.18511790478306 100.72238948190568 103.49070075648626 113.43632236365409 140.96011929072836 105.6283431817007 114.4673666941161 120.50542865610441 112.53301458456667 95.5235504707075 
81.28054659866615 78.0996413897343 119.58042443411784 118.83651166470543 134.84162251421662 87.62467125564058 70.47595442125856 135.39503927717794 61.82157890114388 67.8805809151923 83.62556940325192 69.03282726817486 96.18640176034017 98.80066278503307 75.71941675379435 161.1851179043581 100.72092435323941 103.49067028576866 113.4362969180512 140.96011929072836 105.626825392498 114.4673666941161 120.49111432232189 112.53301458456667 95.5235504707075 
81.26457991027985 78.09931225854967 119.58042443411784 118.83651166470543 134.84162251421662 87.62173477466979 70.47595442125856 135.39332246070762 61.82157890114388 67.85137489033934 83.62556940325192 69.03282726817486 96.18640176034017 98.79810379154327 75.71849939511145 161.1851179043581 100.71717504494029 103.48960198887232 113.4362854599525 140.94739047149596 105.626729703926 114.46732600950634 120.48590486433966 112.53301458456667 95.5235504707075 
81.26169545094979 78.09906759909722 119.58042443411784 118.83156952087529 134.8415627216084 87.62163568306528 70.47595442125856 135.39268731637026 61.82044610191076 67.85137489033934 83.55901011257316 69.03282726817486 96.18640176034017 98.79810379154327 75.71707235874226 161.1851179035002 100.71338402749723 103.48847595366817 113.4362179356724 140.9353092698725 105.62656064595365 114.46727729914721 120.48387081754686 112.45934630519423 95.5235504707075 
81.25859636630366 78.09899409168554 119.58042443411784 118.57409544761401 134.84095919760023 87.61965162045948 70.47595442125856 135.39257613976633 61.82044610191076 67.85137489033934 83.55901011257316 69.03282726817486 96.18640176034017 98.7979571728419 75.71196758848669 161.1851179035002 100.71276320475118 103.48811008944188 113.4362179356724 140.9353092698725 105.62574437399189 114.46727729914721 120.44138107811273 111.63329300546343 95.5235504707075 
81.24708784115603 78.09899409168554 119.58031869854199 118.38021741744797 134.84010548401943 87.60988842326549 70.47595442125856 135.3919595420591 61.82044610191076 67.85137489033934 83.55901011257316 69.03282726817486 96.1560637272637 98.7979571728419 75.71062377800916 161.1851179035002 100.69063980961783 103.48797728273803 113.43619532895457 140.9353092698725 105.62555029759704 114.46701741004449 120.44138107811273 111.63329300546343 95.5235504707075 
81.24550269122409 78.09899409168554 119.58024597828899 118.31830809059068 134.840008988475 87.60553771149245 70.47595442125856 135.3919595420591 61.82044610191076 67.85137489033934 83.55901011257316 69.0310435852893 96.1560637272637 98.7979571728419 75.64624288783949 161.18511790326897 100.69063980961783 103.48769609965643 113.4361776395616 140.9353092698725 105.62526182932118 114.46678573113081 120.44011423606332 111.63329300546343 95.5235504707075 
81.24550269122409 78.09899409168554 119.58021178520039 118.31830809059068 134.83979233269702 87.5865915659142 70.47595442125856 135.3917756736464 61.82000319731111 67.8508593380003 83.55901011257316 69.03041748330998 96.13716371206328 98.78577011519047 75.64297797176488 161.18511790326897 100.69063980961783 103.48767499992522 113.43613633657367 140.9353092698725 105.62526182932118 114.46642892706848 120.40137440602075 111.63329300546343 95.5235504707075 
81.24529276211899 78.09889893926555 119.56846518436782 118.31830809059068 134.83955858494642 87.57875045123592 70.47595442125856 135.3917756736464 61.82000319731111 67.85061731428567 83.55901011257316 69.03041748330998 96.13716371206328 98.78493719170444 75.64259523584008 161.18511790326897 100.66728391375119 103.48766953511205 113.43610986836347 140.9353092698725 105.62512241788181 114.46636778982565 120.40137440602075 111.63329300546343 95.0265637038184 
81.24441475016988 78.09886427011344 119.56846518436782 118.31830809059068 134.83955858494642 87.57875045123592 70.47595442125856 135.3917756736464 61.82000319731111 67.85061731428567 83.55901011257316 69.02688444541104 96.1278258423298 98.78458411830559 75.54076929949093 161.18511790326363 100.66728391375119 103.4876410439652 113.43610875801619 140.93496550377893 105.62512241788181 114.46631621340464 120.40137440602075 111.5138334464931 95.0265637038184 
81.2438877042099 78.09886427011344 119.56846518436782 118.31690783668876 134.83955858494642 87.57839020955282 70.47595442125856 135.38640980930802 61.82000319731111 67.85060195419044 83.55901011257316 69.02617258369281 96.12498154055208 98.78422169422606 75.54076929949093 161.1851179031653 100.66728391375119 103.48574539252763 113.4360923073549 140.9346266089973 105.62512241788181 114.46631621340464 120.3805847967468 111.5138334464931 95.0265637038184 
81.2438877042099 78.098838940353 119.56846518436782 118.28505399150185 134.83955858494642 87.57702034597389 70.47595442125856 135.38640980930802 61.81883465306663 67.84260667103757 83.55901011257316 69.01675193117262 95.99930743199064 98.78422169422606 75.54076929949093 161.185117903153 100.66728391375119 103.48574539252763 113.4360923073549 140.9346266089973 105.6250708190106 114.46621137284819 120.37803209250228 111.27973402408645 95.0265637038184 
81.24351993676544 78.0988231456073 119.56846518436782 118.28505399150185 134.83951309564327 87.57702034597389 70.47595442125856 135.38640980930802 61.816454288138516 67.83994154533514 83.55901011257316 69.01675193117262 95.15707666638582 98.78422169422606 75.53828410706524 161.185117903153 100.66728391375119 103.48574539252763 113.4360923073549 140.93088797897917 105.61230150206359 114.46618689912191 120.35845725894023 111.27973402408645 95.0265637038184 
81.24335005661169 78.0988231456073 119.56824698931644 118.28505399150185 134.8392896381273 87.57628760326406 70.4759538360625 135.38640980930802 61.81497067733244 67.83874389141602 83.55901011257316 69.01675193117262 95.15707666638582 98.78420114838076 75.53422498101469 161.1851179031038 100.65806313639393 103.48567836081378 113.43608511626712 140.92975867150062 105.61230150206359 114.4661656765984 120.35845725894023 111.27973402408645 95.0265637038184 
81.24335005661169 78.09882132986019 119.56817179609766 118.28505399150185 134.8391564152812 87.57628760326406 70.47594791419539 135.3862879916686 61.81497067733244 67.77424446661877 83.55901011257316 69.01675193117262 95.15707666638582 98.78407601312801 75.53257936875974 161.1851179030981 100.65568166926732 103.48565257514144 113.434775792643 140.92793271535402 105.61230150206359 114.4661590178689 120.35157997510032 111.27973402408645 95.0265637038184 
81.24335005661169 78.09881621440411 119.56802775827975 118.28505399150185 134.82128188608567 87.57628760326406 70.4759425342744 135.3862879916686 61.814547931100265 67.77424446661877 83.55901011257316 69.00858701998959 95.15707666638582 98.78293092438986 75.53257936875974 161.18511790285947 100.65098546239096 103.48554528444856 113.434775792643 140.92679409429468 105.61230150206359 114.46537730633781 120.3438363433736 111.27973402408645 95.0265637038184 
81.24333228562597 78.09881621440411 119.5679393870837 117.98858199231381 134.82128188608567 87.57619111834327 70.4759390222664 135.3862879916686 61.814267424766 67.77424446661877 83.55901011257316 69.00376191257459 92.44604264791758 98.77627846120129 75.53257936875974 161.1851179028074 100.63457936532234 103.48554528444856 113.43470617554988 140.88004868910707 105.61230150206359 114.46537730633781 120.29534841973202 111.25791067715505 95.0265637038184 
81.24329569192798 78.09880897195961 119.5679393870837 117.98708972479221 134.82128188608567 87.5750610296048 70.47575941932394 135.38617908056483 61.814267424766 67.77424446661877 83.55901011257316 69.00376191257459 92.06312992676465 98.77627846120129 75.5322981691811 161.18511790279035 100.61632240739112 103.48553362109567 113.43463207490436 140.8518436262077 105.6098713548019 114.46521422446676 120.29534841973202 111.25791067715505 95.0265637038184 
81.24328864841539 78.09880394254174 119.56776215351829 117.76617947292834 134.81909171875668 87.20372338113793 70.47572831762199 135.38319440429643 61.81000776944302 67.77424446661877 83.55901011257316 69.00208523634774 91.47273158869268 98.77627846120129 75.5322981691811 161.18511790260982 100.61632240739112 103.4855226822495 113.43455584130788 140.8518436262077 105.6098713548019 114.46102100046596 120.29163068953619 111.23635058421257 95.0265637038184 
81.24328864841539 78.09879106944743 119.56775779750205 117.76617947292834 134.79422171200554 87.12239124627001 70.47572831762199 135.3831124973783 61.808921131357465 67.77424446661877 83.55901011257316 69.00104997196013 90.81548816847862 98.77587124889646 75.53198290023965 161.18511790260982 100.61632240739112 103.4855221455972 113.43449431536601 140.81325321341149 105.60492233501031 114.46084114706753 120.26795693351539 111.04465858367053 95.0265637038184 
81.24321197684213 78.09879106944743 119.56773557793508 117.75000736307538 134.79422171200554 87.09122902650915 70.47571745467735 135.38290095058767 61.80827624827327 67.77424446661877 83.55901011257316 68.99473724357398 90.63353064584197 98.77587124889646 75.51724853303244 161.18511790258185 100.61632240739112 103.48550941200858 113.43449431536601 140.81325321341149 105.60492233501031 114.46027008989654 120.26795693351539 110.43709165212249 95.0265637038184 
81.24319259897254 78.09879047152765 119.56771859336129 117.74455715084264 134.79422171200554 87.06333530669895 70.47568811541743 135.38290095058767 61.808165160128 67.77424446661877 83.55901011257316 68.99473724357398 85.79029942309808 98.77587124889646 75.51724853303244 161.18511790254843 100.61632240739112 103.48549069538637 113.4344582605654 140.81325321341149 105.60492233501031 114.45590382873809 120.22313863635463 110.28415228481975 95.0265637038184 
81.24319259897254 78.09878988929012 119.56771859336129 117.73949898531316 134.79422171200554 87.03262280230985 70.47568811541743 135.38290095058767 61.80726147354096 67.77424446661877 83.55901011257316 68.99473724357398 85.79029942309808 98.7754867171908 75.51724853303244 161.1851179025432 100.61632240739112 103.48501439424115 113.43445809291609 140.81325321341149 105.60439163894853 114.45590382873809 120.22313863635463 110.14251842579932 95.0265637038184 
81.24316391855598 78.09878511916418 119.56766147005555 117.73949898531316 134.79422171200554 87.03166795853713 70.4756539523732 135.3796110606046 61.80064674585418 67.77424446661877 83.55901011257316 68.99473724357398 84.2995966101899 98.7754867171908 75.51724853303244 161.18511790248897 100.61632240739112 103.48489998418381 113.43445166385266 140.81325321341149 105.60414171290455 114.45590382873809 120.22313863635463 110.10434221789177 94.93082458033462 
81.24316391855598 78.09878511916418 119.56765639697358 117.72400874465689 134.7673090080234 87.02865538351341 70.475640930206 135.3796110606046 61.80064674585418 67.77424446661877 83.55901011257316 68.99473724357398 83.6068236334695 98.7754867171908 75.51724853303244 161.18511790248897 100.60794498062637 103.48482523869467 113.43442952214457 140.81325321341149 105.60414171290455 114.45590382873809 120.2128388807838 110.10434221789177 94.93082458033462 
81.24316116342686 78.09878511916418 119.56763076665538 117.72400874465689 134.7634153707943 87.02303826538764 70.47122821640903 135.3796110606046 61.79740086462323 67.77424446661877 83.55901011257316 68.99473724357398 83.6068236334695 98.77536597738907 75.51724853303244 161.18511790248897 100.60794498062637 103.48482523869467 113.43442073584731 140.4278295200454 105.60409690156087 114.45590382873809 120.2128388807838 110.10434221789177 94.93082458033462 
81.24316116342686 78.09878459537242 119.56763076665538 117.72400874465689 134.7634153707943 87.02290470945786 70.47122821640903 135.3796110606046 61.79740086462323 67.77424446661877 83.55583998368843 68.99473724357398 83.23446692772416 98.77520561670894 75.51724853303244 161.18511790248772 100.60794498062637 103.48476872693158 113.43442073584731 140.4278295200454 105.60396511170677 114.45566636769718 120.20185668972044 110.10341333042999 94.93082458033462 
81.24314938629198 78.01386828091569 119.56763076665538 117.72400874465689 134.7634153707943 87.02113575139589 70.47122821640903 135.37933941620963 61.79740086462323 67.77424446661877 83.54368021573555 68.99442001952286 82.69607968022859 98.77520561670894 75.51526522487802 161.18511790248067 100.60794498062637 103.48473041703949 113.43442073584731 140.25588628352045 105.60386517179506 114.45566636769718 120.18303577375309 110.10341333042999 94.93082458033462 
81.24314348179917 77.67254762942412 119.56763076665538 117.72400874465689 134.7522617812425 87.00342715719722 70.46976805585189 135.3792446575908 61.79686527699124 67.77424446661877 83.54368021573555 68.99442001952286 80.36214153981894 98.77520561670894 75.51341734385738 161.185117902446 100.58137226368228 103.48468271510518 113.43441046452324 140.25588628352045 105.5994375185407 114.4555771287329 120.18303577375309 110.10341333042999 94.93082458033462 
81.24314105997394 77.54606709124158 119.5676263094058 117.72331834009083 134.73731250080448 87.00342715719722 70.46976805585189 135.37917078131386 61.79523099157694 67.77424446661877 83.54368021573555 68.98880442056685 79.9406882229157 98.77515343705159 75.51341734385738 161.185117902446 100.58137226368228 103.48466424738348 113.43441046452324 140.25588628352045 105.5994375185407 114.45556433901652 120.18303577375309 110.01520566156552 94.93082458033462 
81.24313988258945 77.52027076405204 119.5660824559186 117.72228346207203 134.73483828888436 86.97649496454926 70.46976805585189 135.37913625263172 61.79523099157694 67.77424446661877 83.54368021573555 68.98880442056685 78.79048734983326 98.77513370270356 75.507672746396 161.18511790243053 100.58137226368228 103.48464334201537 113.43440718715249 140.25588628352045 105.5981591609829 114.45555083914735 120.16938721263637 110.01520566156552 94.93082458033462 
81.24313988258945 77.52027076405204 119.56582708048893 117.72145576345758 134.73483828888436 86.97649496454926 70.46976805585189 135.37910604705064 61.79358494650546 67.77424446661877 83.54368021573555 68.98677483442663 78.79048734983326 98.77501092741204 75.50648294066718 161.1851179024177 100.58137226368228 103.48464334201537 113.43440571449764 140.2345438782702 105.5979180389345 114.45553077682291 120.16735042572486 110.01520566156552 94.93082458033462 
81.24313703547853 77.51967005812719 119.56561270566363 117.72138328052733 134.73301944993204 86.97649496454926 70.46952508672928 135.3790729763848 61.78561739877796 67.77424446661877 83.54368021573555 68.9781037403506 78.79048734983326 98.77501092741204 75.50612835934834 161.1851179024177 100.57579904942918 103.48464098387814 113.43440522438448 140.2345438782702 105.59707539674719 114.45550967230565 120.15209813429453 110.01520566156552 94.93082458033462 
81.24313703547853 77.51137551233762 119.5654832368914 117.72138328052733 134.7323797194208 86.97649496454926 70.46952508672928 135.3790729763848 61.78561739877796 67.77424446661877 83.54267078782323 68.9781037403506 77.32360018327245 98.76429164933484 75.49975613188741 161.18511790241655 100.5746005973723 103.48464098387814 113.43440331993747 140.2345438782702 105.59617216279412 114.45549607945532 120.09846895408691 110.01520566156552 94.93082458033462 
81.24313703547853 77.50594517178092 119.56545388431823 117.47318563873455 134.7315580920581 86.97649496454926 70.46941029529359 135.3790729763848 61.78561739877796 67.77424446661877 83.54267078782323 68.9781037403506 77.17015356066696 98.76429164933484 75.48566745636867 161.18511790240075 100.5746005973723 103.48463844937532 113.4344029509142 140.2005771881976 105.59600236155393 114.45443280985887 120.09846895408691 110.01181141594208 94.93082458033462 
81.24313529212213 77.4932275493918 119.56512116761337 117.35645847894818 134.7064584827607 86.97649496454926 70.46838125593291 135.3790729763848 61.78561739877796 67.77424446661877 83.54267078782323 68.97654589235754 77.09519051282763 98.76429164933484 75.14750732024089 161.18511790240075 100.57163979254005 103.48463516204026 113.4344029509142 140.2005771881976 105.59597629268137 114.4534338645492 120.09846895408691 108.84213407086133 94.93082458033462 
81.24312382589181 77.48496711525343 119.5630685286111 117.35346259537425 134.7064584827607 86.97649496454926 70.4679200025302 135.3790729763848 61.78561739877796 67.77424446661877 83.54267078782323 68.97654589235754 76.51140522601725 98.76377137132022 75.06454641173093 161.18511790240075 100.57124850802973 103.48463516204026 113.43440256575946 140.2005771881976 105.59537496831996 114.45320287876609 120.09846895408691 108.84213407086133 94.93082458033462 
81.24312034064718 77.48165808290395 119.56041514902347 117.30667996233865 134.7064584827607 86.97649496454926 70.46722355979841 135.3764064079262 61.78561739877796 67.77424446661877 83.53948674837443 68.97654589235754 76.35348729311431 98.76353210896787 75.06454641173093 161.18511790239756 100.56692534029781 103.48462726769617 113.4344019703193 140.2005771881976 105.5941910603159 114.45274322212799 120.09846895408691 108.84213407086133 94.93082458033462 
81.24312034064718 77.48165808290395 119.56041514902347 117.29011326476291 134.7064584827607 86.97649496454926 70.4475083189646 135.3764064079262 61.78561739877796 67.77424446661877 83.53948674837443 68.97654589235754 75.39248872688177 98.76353210896787 75.02774988895459 161.18511790239756 100.56692534029781 103.48462456066125 113.43381446316312 140.1968269085595 105.5938071783454 114.45274322212799 120.06723886748557 108.84213407086133 94.93082458033462 
81.24311433742946 77.48165483520648 119.56035688315387 117.29011326476291 134.7064584827607 86.96113810082733 70.4475083189646 135.3764064079262 61.78532140074077 67.77424446661877 83.53920317775254 68.97654589235754 75.12711320286172 98.76277877553332 75.02774988895459 161.18511790239336 100.56337446541585 103.48462241477745 113.43365787087498 140.19551118252582 105.5928101460533 114.45274322212799 120.06723886748557 108.84213407086133 94.93082458033462 
81.24311433742946 77.47994484430717 119.55979996660085 117.28426438133101 134.7063610987376 86.96113810082733 70.44643914240714 135.37596109795743 61.784805155063225 67.77424446661877 83.53853804876672 68.9731617555725 75.05945481332861 98.7624016458783 75.02774988895459 161.1851179023921 100.56337446541585 103.48462241477745 113.43260043575117 140.195494267938 105.5928101460533 114.45274322212799 120.06723886748557 108.73776903007405 94.93082458033462 
81.24311197774864 77.47962597164047 119.55940985628831 117.28426438133101 134.70597916741167 86.96113810082733 70.44616571769348 135.37574261934242 61.78161923652294 67.77424446661877 83.5383900739206 68.96731059214898 75.05945481332861 98.76194271943041 75.02590031326986 161.18511790238665 100.56229248351474 103.48398345578073 113.43235495703584 140.19471810046502 105.5928101460533 114.45242320243767 120.06212892262613 108.73162334181046 94.93082458033462 
81.2431069467089 77.47962597164047 119.55875874105993 117.2809412402753 134.70597916741167 86.96113810082733 70.44596481773993 135.37574261934242 61.77829636987235 67.77424446661877 83.53789205102566 68.96369576030179 74.95979728678986 98.76194271943041 75.02385490540047 161.18511790238654 100.56151550207505 103.48348810905838 113.43207178655973 140.19455782288014 105.5896299891362 114.45242320243767 120.04547956747115 108.73162334181046 94.93082458033462 
81.24310384696082 77.47958438059555 119.55121963505587 117.2785683228941 134.7017869368574 86.96113810082733 70.44158244421033 135.37517952078701 61.77829636987235 67.77424446661877 83.53789205102566 68.96369576030179 74.89286861975586 98.76194271943041 75.0213879355083 161.1851179023853 100.55225695671857 103.48348810905838 113.4319784290808 140.1938631436417 105.5896299891362 114.45240216607453 120.04547956747115 108.50632005790101 94.93082458033462 
81.24310270243325 77.4782814008039 119.55121963505587 117.27670455410271 134.6851431641885 86.96113810082733 70.44158244421033 135.37517952078701 61.77829636987235 67.77424446661877 83.53765723212769 68.96369576030179 74.88038132867291 98.76194271943041 75.01656256104269 161.1851179023845 100.55225695671857 103.48348810905838 113.4319784290808 140.19374093577312 105.58466625578257 114.4523080231512 120.04547956747115 108.25742672667764 94.93082458033462 
81.24310270243325 77.47724681399512 119.55121963505587 117.27670455410271 134.6851431641885 86.8175750239476 70.44042665694059 135.37473349545508 61.777657355806014 67.77424446661877 83.53765723212769 68.96369576030179 74.84117622425083 98.76141867041281 75.01656256104269 161.18511790238392 100.55225695671857 103.48348810905838 113.43191988506373 140.1937116769392 105.57601146916716 114.4522875496159 120.00654035696937 108.2034328474906 94.93082458033462 
81.24310170489139 77.47605971984171 119.55121963505587 117.27435408287636 134.6851431641885 86.58685240680632 70.43900741807784 135.37462280394084 61.77727615323147 67.77424446661877 83.53765723212769 68.95823124690435 74.83619668971619 98.76141867041281 75.01656256104269 161.18511790238358 100.55225695671857 103.48342241872814 113.43191988506373 140.19332261840225 105.57601146916716 114.45225479192072 119.98265611756199 108.14330813038862 94.93082458033462 
81.24310170489139 77.47508021328179 119.55121963505587 117.27396385976738 134.6851431641885 86.56974759925026 70.43900741807784 135.3743647739168 61.77438319974351 67.77424446661877 83.53751036580076 68.95700383077582 74.83215797392381 98.76141867041281 75.01656256104269 161.18511790238335 100.54233198560911 103.48336568170083 113.43191988506373 140.19332261840225 105.57601146916716 114.45225479192072 119.97769757907076 108.13661423712483 94.93082458033462 
81.24310157997297 77.47508021328179 119.54981890133627 117.27396385976738 134.6851431641885 86.54941544368296 70.43855053645495 135.3743580124467 61.77394954309642 67.77424446661877 83.53746936561669 68.95452456138503 74.8295544302382 98.7613841654923 75.01555512787547 161.18511790238256 100.53041264569242 103.48332604623903 113.4319067287255 140.19332261840225 105.57601146916716 114.45099153294314 119.97618170022565 108.11994676759514 94.93082458033462 
81.24310157997297 77.47494278394174 119.54981890133627 117.27396385976738 134.6851431641885 86.53736119699374 70.43855053645495 135.37416359176916 61.77370236592378 67.77424446661877 83.53746936561669 68.95452456138503 74.8250654296736 98.76126352728647 74.91110082231927 161.18511790238165 100.53041264569242 103.48332604623903 113.43189988092638 139.75030678027338 105.57601146916716 114.44979479957112 119.97618170022565 108.11807841361917 94.93082458033462 
81.24310111462046 77.46203944930267 119.54892192311695 117.27366734120471 134.6851431641885 86.51159294940805 70.43855053645495 135.37416359176916 61.76984366252691 67.77424446661877 83.53741040259274 68.95261514484724 74.49253106384378 98.76116381859742 74.91009310950187 161.18511790238165 100.53041264569242 103.48331575585809 113.43189171707195 139.64672489058762 105.57601146916716 114.44979479957112 119.95278878075408 107.96486649398838 94.93082458033462 
81.24310094942359 77.46203944930267 119.54892192311695 117.27217724946524 134.6840807947449 86.51159294940805 70.42244964519102 135.3740975105393 61.768918937060164 67.77424446661877 83.53735468865108 68.9513418400856 74.39271577608798 98.7610898400257 74.91009310950187 161.18511790238097 100.5297885708319 103.48331575585809 113.43188799801055 139.64149862434738 105.57601146916716 114.44979479957112 119.95278878075408 107.77355587656331 94.93082458033462 
81.24310081835233 77.46203944930267 119.53970584141427 117.27217724946524 134.67880844995523 86.51159294940805 70.42244964519102 135.3740975105393 61.760093897105435 67.77424446661877 83.52691421228388 68.94742969932685 74.39271577608798 98.76104651076565 74.91009310950187 161.18511790238074 100.5297625408457 103.48331575585809 113.43090895916612 139.5900459852735 105.57601146916716 114.44958299816938 119.9048918586683 107.66799731895435 94.93082458033462 
81.24310081835233 77.46203944930267 119.53443500912988 117.27217724946524 134.67783996783214 86.51159294940805 70.42244964519102 135.3740975105393 61.759550505265224 67.77424446661877 83.52691421228388 68.93426934013428 74.36664454737632 98.76101872343315 74.82367528203787 161.1851179023804 100.52781389928913 103.48331536522653 113.43090895916612 139.58244220007703 105.57103240145102 114.44715406757587 119.9048918586683 107.66799731895435 94.93082458033462 
81.2431002024274 77.46203944930267 119.53443500912988 117.27191578506256 134.65323289850517 86.51159294940805 70.42244964519102 135.37299692677607 61.75732272221336 67.77424446661877 83.52691421228388 68.93426934013428 74.36664454737632 98.76101872343315 74.82367528203787 161.18511790237994 100.52525792747201 103.48330835639456 113.43090895916612 139.57606460237434 105.57103240145102 114.44715406757587 119.88259855957858 107.61908053071625 94.93082458033462 
81.24310011554121 77.46172866107713 119.53443500912988 117.27190353239007 134.65323289850517 86.50988907690521 70.42244964519102 135.37298540499899 61.75461580268325 67.77424446661877 83.52691421228388 68.92550213300649 74.36664454737632 98.76101872343315 74.82367528203787 161.1851179023796 100.52486545957044 103.48313098301082 113.43090895916612 139.5386428777565 105.57103240145102 114.44692714724681 119.88259855957858 107.61268891311181 94.93082458033462 
81.24309985726603 77.46133844266308 119.53443500912988 117.25978528257224 134.65323289850517 86.489965509346 69.56790572699049 135.37274092032908 61.75272424862135 67.77424446661877 83.52691421228388 68.92550213300649 74.36273454115172 98.76101872343315 74.82367528203787 161.1851179023795 100.52238573999824 103.48301011588603 113.43070653819643 139.5386428777565 105.57103240145102 114.44691524404072 119.88254554522996 107.60465755663665 94.93082458033462 
81.24309982501268 77.46133528264545 119.53443500912988 117.25978528257224 134.65015420940006 86.489965509346 69.56790572699049 135.37260026277772 61.74954910771629 67.77424446661877 83.51803926363544 68.92050062591017 74.36097927806463 98.7610030224323 74.82367528203787 161.18511790237903 100.52238573999824 103.48272566061797 113.43064114913489 139.5386428777565 105.57103240145102 114.44691524404072 119.8824621442792 107.60465755663665 94.93082458033462 
81.24309967602818 77.46133528264545 119.53443500912988 117.25978528257224 134.65015420940006 86.489965509346 69.56790572699049 135.37239872057444 61.74954910771629 67.77424446661877 83.51803926363544 68.92050062591017 74.35821274840322 98.76099142177497 74.82367528203787 161.18511790237892 100.52238573999824 103.48265457515379 113.43062954347647 139.5386428777565 105.57103240145102 114.44684417412304 119.85011295421805 107.60465755663665 94.93082458033462 
81.2430994338979 77.46040915600406 119.53443500912988 117.25978528257224 134.64966845882964 86.46853694314785 69.56790572699049 135.37234570340615 61.74954910771629 67.77424446661877 83.51461322604206 68.91522772474002 74.13567591677509 98.75950546131219 74.82367528203787 161.1851179023788 100.52238573999824 103.48263712655591 113.43062954347647 139.53018751665422 105.56844605386578 114.44684417412304 119.8492993789389 107.60321234506432 94.93082458033462 
81.24309936243583 77.46023803788705 119.53443500912988 117.25978528257224 134.6494967311296 86.46566425113849 69.56790572699049 135.37231554850382 61.74933294364422 67.77424446661877 83.51461322604206 68.91522772474002 74.04870274529605 98.75873412327161 74.82367528203787 161.18511790237835 100.52202885530858 103.4826097085446 113.43062046944738 139.53018751665422 105.56808764874631 114.44662970710863 119.82907043393709 107.60009956240162 94.93082458033462 
81.24309936243583 77.45733407019623 119.53443500912988 117.25936983782015 134.64905399187796 86.44654576334199 69.56790572699049 135.37231554850382 61.74933294364422 67.77424446661877 83.5142484626358 68.91522772474002 73.97240759035077 98.75873412327161 74.79542436681817 161.18511790237835 100.50564686036444 103.4826097085446 113.4306074410299 139.5195011694293 105.56801228889896 114.4464218998204 119.82907043393709 107.5988392281688 94.93082458033462 
81.22603181878821 77.45733407019623 119.53443500912988 117.25895748431572 134.6397859919648 86.44043593599724 69.56790572699049 135.37228208274541 61.74908820863385 67.77424446661877 83.51389867287867 68.91487961997052 73.97240759035077 98.75727408003343 74.79542436681817 161.18511790237835 100.50564686036444 103.48259075583888 113.4306074410299 139.5169851220436 105.56798652764724 114.44630809478019 119.82263903460068 107.5988392281688 94.93082458033462 
81.22603181878821 77.45733407019623 119.53434191772851 117.25847731059912 134.6397859919648 86.44043593599724 69.26227738896932 135.37228208274541 61.74896234882323 67.77424446661877 83.51389867287867 68.91170687829378 73.94634727182182 98.75704595102718 74.46400051157849 161.18511790237835 100.50497946278637 103.48259075583888 113.43060495609222 139.4868156313304 105.56788724628069 114.44623838642292 119.82021976882572 107.5988392281688 94.93082458033462 
81.22603181878821 77.45733407019623 119.53434191772851 117.25836839964825 134.63263499187985 86.4384660795152 69.26227738896932 135.37222429498604 61.74852254863572 67.77424446661877 83.51389867287867 68.91170687829378 73.93484229141973 98.75704595102718 74.46400051157849 161.18511790237835 100.50399549284612 103.48259075583888 113.4305999088258 139.48375412627036 105.5675201702071 114.44623838642292 119.81260879994477 107.5988392281688 94.93082458033462 
81.22603181878821 77.45733407019623 119.5342244454987 117.2581585604106 134.63263499187985 86.43652010715033 69.26227738896932 135.37220136692918 61.745254030731644 67.77424446661877 83.51372869616534 68.9020173805805 73.92209945142446 98.75704595102718 74.46400051157849 161.18511790237835 100.50075591086454 103.48259075583888 113.4305930782566 139.47125392746466 105.56730161161806 114.44623048384403 119.62421400591029 107.59771050555452 94.93082458033462 
81.22603181878821 77.45733407019623 119.5342015111097 117.25774980619997 134.62191758015263 86.43341983966667 69.20790421802724 135.3721901090346 61.74369474609904 67.77424446641851 83.51369353223447 68.9020173805805 73.91541007038626 98.75626968506356 74.46400051157849 161.18511790237835 100.50075591086454 103.48258799967732 113.4305930782566 139.4697565623751 105.56730161161806 114.4462170643501 119.52018129749513 107.59771050555452 94.76025391858053 
81.22603181878821 77.45733407019623 119.5342015111097 117.25760334858637 134.62191758015263 86.43341983966667 69.20790421802724 135.37218635472573 61.74329968016622 67.77424446641851 83.51369254646806 68.89705436091344 73.90926590494269 98.75599330588653 74.46400051157849 161.18511790237835 100.50075591086454 103.48257779209456 113.4305887226842 139.44341606203272 105.55658234772511 114.4462170643501 119.47418409914974 107.5971469885942 94.76025391858053 
81.22603181878821 77.45733407019623 119.53418340616338 117.2452354856664 134.62191758015263 86.40730876985157 69.20790421802724 135.3721782566854 61.74327951604863 67.77424446624059 83.49766135032996 68.89705436091344 73.90926590494269 98.75575141972297 74.46400051157849 161.18511790237835 100.46406979980247 103.48257779209456 113.4305887226842 139.44341606203272 105.55658234772511 114.4462170643501 119.45323265669754 107.5971469885942 94.76025391858053 
80.5246109409054 77.45671596840373 119.53418200730118 117.2452354856664 134.62191758015263 86.40730876985157 69.20790421802724 135.3721782566854 61.742905092049114 67.77424446615453 83.49766135032996 68.89611505891475 73.9089148312438 98.75575141972297 74.46400051157849 161.185117902378 100.46406979980247 103.48257462322778 113.43058699706319 139.44341606203272 105.55658234772511 114.4461930314917 119.45323265669754 107.59702367155171 94.76025391858053 
80.5246109409054 77.45671596840373 119.53416904350968 117.2452354856664 134.6214225896132 86.40730876985157 69.20790421802724 135.37080221486826 61.742905092049114 67.77424446615453 83.49766135032996 68.88733338853126 73.86169300538194 98.75549037691178 73.98360670365258 161.18511790237778 100.4517304737468 103.48257447458838 113.43058294107323 139.43922043188286 105.55090341193602 114.4461930314917 119.45228671077189 107.59702367155171 94.76025391858053 
80.5246109409054 77.45671596840373 119.53416904350968 117.2452354856664 134.6187629429378 86.40730876985157 69.20790421802724 135.37080221486826 61.74257944103442 67.77424446615453 83.49766135032996 68.88733338853126 73.73901371082223 98.75541976507515 73.98360670365258 161.18511790237778 100.4517304737468 103.48257447458838 113.43058294107323 139.43379660594576 105.55090341193602 114.4461930314917 119.41851061704438 107.59687578522676 94.76025391858053 
80.5246109409054 77.45671596840373 119.53415258274492 117.2452354856664 134.61677030429473 86.40730876985157 69.20790421802724 135.37080221486826 61.74207144979505 67.77424446615453 83.49766135032996 68.87810906702515 73.61964444086482 98.75538075446747 73.98360670365258 161.18511790237756 100.4517304737468 103.48257122193195 113.43058226313212 139.43379660594576 105.55090341193602 114.4461930314917 119.41851061704438 107.5968086398293 94.76025391858053 
80.5246109409054 77.45664061538537 119.53414292365972 117.2452354856664 134.6156655727059 86.40730876985157 69.20790421802724 135.37080221486826 61.73843036233802 67.7742444661269 83.49766135032996 68.87810906702515 73.51309188102522 98.75534245089705 73.98360670365258 161.15042068167122 100.4517304737468 103.48257122193195 113.43058085696612 139.21794933875367 105.55090341193602 114.44618474472998 119.41851061704438 107.59656370608212 94.67292711956253 
80.5246109409054 77.45591672142228 119.53414292365972 117.2452354856664 134.6156655727059 86.39294428761485 68.55499171268531 135.37077897627762 61.73843036233802 67.7742444661269 83.49766135032996 68.87810906702515 73.51309188102522 98.75534083380717 73.98360670365258 160.72382725495027 100.4517304737468 103.48256979755479 113.43058085696612 139.08519715908653 105.55090341193602 114.44618474472998 119.41567702883674 107.59656370608212 94.67292711956253 
80.5246109409054 77.4557077602758 119.53413705505727 117.2452354856664 134.61533739052504 86.39294428761485 68.55499171268531 135.37077897627762 61.73843036233802 67.7742444661269 83.49766135032996 68.87810906702515 73.51309188102522 98.75531830681092 73.98360670365258 160.28939710935788 100.4517304737468 103.48256908849248 113.43058085696612 138.9276337459703 105.55090341193602 114.44618368896988 119.40014657227789 107.59645301696463 94.67292711956253 
80.5246109409054 77.4557077602758 119.53413618554384 117.2452354856664 134.6148699125181 86.39294428761485 68.55499171268531 135.37067363665165 61.73843036233802 67.69878407269482 83.49766135032996 68.87761272239482 73.51309188102522 98.7552853136961 73.95226862196347 159.90006782033788 100.44438592640643 103.48256837261607 113.43058085696612 138.67093284559542 105.55090341193602 114.44617891090593 119.40014657227789 107.59492333372668 94.67292711956253 
80.5246109409054 77.45564351597744 119.53413618554384 117.24505643848443 134.605518502594 86.39294428761485 68.55499171268531 135.37067363665165 61.73730096598035 67.59996171886763 83.49766135032996 68.87177781822345 73.5056257526328 98.7552853136961 73.67435341336085 159.62786478054807 100.44438592640643 103.48256837261607 113.43057966584922 138.64548972243142 105.54759584771841 114.44617417314271 119.39922380645373 107.59324084609096 94.67292711956253 
80.5246109409054 77.4555828605047 119.53413618554384 117.2444279508594 134.605518502594 86.39294428761485 68.55499171268531 135.37065308219803 61.73718338308237 67.50705294058196 83.49766135032996 68.87177781822345 73.49707433858157 98.7552832951277 73.58670234673735 158.97806225285694 100.44438592640643 103.48256684017974 113.43057872191969 138.60682797682637 105.54759584771841 114.44574921252979 119.39922380645373 107.59322575160405 94.67292711956253 
80.0797912645969 77.45549554398076 119.5341349237001 117.2444279508594 134.605518502594 86.35221665527388 68.55499171268531 135.3701769364061 61.73718338308237 67.45290765977182 83.49766135032996 68.87177781822345 73.49707433858157 98.75528301278001 73.58670234673735 158.4995813875746 100.44438592640643 103.48256684017974 113.43057682074732 138.59389974379053 105.54759584771841 114.44551123942756 119.39857207115892 107.59177012641754 94.67292711956253 
79.98225046770494 77.45527029581325 119.5341349237001 117.2444279508594 134.60545229123613 86.35221665527388 68.55499171268531 135.36999291765028 61.73707804003766 67.42576738888471 83.49766135032996 68.87177781822345 73.49647298729991 98.75525570107789 73.52870196341837 157.83048051364688 100.42688487237558 103.48256684017974 113.43057606347224 138.59389974379053 105.54669490357225 114.44551123942756 119.39352676923397 107.59074255598102 94.46196977906533 
79.57301127764202 77.45519293265147 119.5341349237001 117.24410641241548 134.60450766463487 86.34132777659215 68.55499171268531 135.36800819154803 61.73707804003766 67.42576738888471 83.49766135032996 68.86917433385543 73.49226032892687 98.75524458905522 73.49356056579262 157.06773736916375 100.42688487237558 103.48256603813968 113.43057606347224 138.578805373725 105.54608501582572 114.44536194813668 119.3884133716524 107.59074255598102 94.46196977906533 
79.57301127764202 77.45519293265147 119.53413216048875 117.21312674221667 134.60450766463487 86.33515124971484 68.55499171268531 135.36800819154803 61.73707804003766 67.41506119296469 83.49766135032996 68.86160717181167 73.47928662591579 98.75521808175381 73.4630083737689 156.5971794479393 100.42688487237558 103.48256603813968 113.43057606347224 138.48554483423675 105.54591481919056 114.44484949311936 119.38437945877945 107.59074255598102 94.46196977906533 
79.46270332952889 77.45512644366721 119.53412985671878 117.21312674221667 134.5958741938971 86.28506266155716 68.55499171268531 135.36800819154803 61.736987852101095 67.36713008444792 83.49766135032996 68.86160717181167 73.47928662591579 98.75520256782107 73.4630083737689 155.80039153999564 100.42688487237558 103.4825653916032 113.43057556084011 138.3510183578569 105.54591481919056 114.44479027667523 119.38224644738136 107.58860685362555 94.46196977906533 
79.38316158961686 77.45508225371105 119.53412985671878 117.21312674221667 134.59565340419567 86.28506266155716 68.55499171268531 135.36768723414843 61.736849088898566 67.36343948707304 83.49766135032996 68.86160717181167 73.47928662591579 98.75519562439803 73.4630083737689 154.95957487792316 100.42015635935411 103.4825653916032 113.43057556084011 138.31486270185974 105.54422539262703 114.44467430431314 119.36828429529078 107.58860685362555 94.46196977906533 
79.30015858545534 77.45508225371105 119.53412985671878 117.21312674221667 134.59414942971557 86.28506266155716 68.55499171268531 135.36768723414843 61.736849088898566 67.35822602749442 83.49765253832379 68.86160717181167 73.46099067531532 98.74804455314234 73.4630083737689 154.77379019322575 100.40046950912819 103.4825651773017 113.43057525640211 138.15709887574508 105.54422539262703 114.44435700822476 119.34535321679857 107.58826788408408 94.21491045841134 
79.30015858545534 77.45508225371105 119.53412985671878 117.21312674221667 134.57922016453813 86.28506266155716 68.55499171268531 135.36768723414843 61.736849088898566 67.35147809528235 83.4975964281532 68.85820358718729 73.46099067531532 98.74724568725998 73.43210970657219 154.48888316917805 100.39762628729 103.4825651773017 113.43057525640211 138.06454431871975 105.54422539262703 114.44416691052663 119.34535321679857 107.58084945897787 94.14772058506452 
79.25732060781365 77.4550435219582 119.53412957861246 117.21312674221667 134.57922016453813 86.28506266155716 68.55499171268531 135.36753438420862 61.736849088898566 67.3473331772446 83.4975964281532 68.85820358718729 73.46099067531532 98.7446153378715 73.43210970657219 154.2645474635059 100.39762628729 103.4825651635552 113.43057525640211 138.0622136552687 105.54422539262703 114.44412632190108 119.32095626919352 107.57762386864414 94.14758041033406 
79.25732060781365 77.45503467978745 119.53412957861246 117.21312674221667 134.57922016453813 86.28506266155716 68.55499171268531 135.36749387161024 61.73684748775929 67.34514280941022 83.4975964281532 68.85820358718729 73.46099067531532 98.7368990294512 73.43210970657219 154.0119032868347 100.39762628729 103.48256488324967 113.43057525640211 138.0332104632264 105.54264329334865 114.44406238151612 119.32095626919352 107.57705082027746 94.13652129469045 
79.25126568817109 77.45503467978745 119.53412948511982 117.21312674221667 134.57922016453813 86.28449127920942 68.55499171268531 135.36746784896718 61.73662576734455 67.34514280941022 83.4975964281532 68.85423149499849 73.46099067531532 98.7368990294512 73.42811108125613 153.95478386384457 100.39762628729 103.48256470655167 113.42999896950232 138.02269084556337 105.54264329334865 114.44404300723613 119.3192219297083 107.57705082027746 94.12463658423161 
79.24345958986322 77.4550298153622 119.53412945868342 117.21312674221667 134.57922016453813 86.28449127920942 68.55499171268531 135.36746784896718 61.73662576734455 67.34135219680775 83.4975964281532 68.85423149499849 73.46015847996682 98.7368990294512 73.42811108125613 153.86458514923788 100.39762628729 103.48256440079138 113.42994691862532 138.0159775804009 105.54258138328748 114.44402783901728 119.2938514882228 107.57705082027746 93.82804158012135 
79.24345958986322 77.45501274354012 119.53412945868342 117.21312674221667 134.57922016453813 86.2807572288637 68.55499171268531 135.3674573237995 61.73662576734455 67.1802608163876 83.49746015268198 68.85423149499849 73.46015847996682 98.7368990294512 73.06871462487243 153.80764875247576 100.39762628729 103.48256431092375 113.42994691862532 138.0159775804009 105.53756164728662 114.4439810331994 119.27926063897303 107.57522548030306 93.6598829675338 
79.02620439471468 77.45500808966125 119.53124635906534 117.21298752284747 134.57922016453813 86.27996807935642 68.52821711071084 135.3674573237995 61.73659711161247 67.13532483972023 83.49741881519031 68.85423149499849 73.4438973479239 98.7368990294512 72.84609774560397 153.80764875247576 100.39657680693398 103.48172942799374 113.42982114676522 138.01366728816345 105.53756164728662 114.44395569130108 119.27838507174113 107.57522548030306 93.63095592236743 
79.02620439471468 77.45500808966125 119.53124635906534 117.21298752284747 134.56851581326964 86.27996807935642 68.47370315154888 135.3674573237995 61.73654131932801 67.07564555998613 83.4973801658748 68.85423149499849 73.4438973479239 98.7368990294512 72.80916681194668 153.73724834047744 100.38240467380166 103.48172942799374 113.4298066106702 138.01366728816345 105.53756164728662 114.44395569130108 119.27465795230762 107.56390544887938 93.62027887384602 
78.99565065260282 77.45500808966125 119.53124635906534 117.21298752284747 134.56112772668632 86.27996807935642 68.43747611917007 135.36741635367935 61.73654131932801 67.07564555998613 83.4973801658748 68.85349686581162 73.4438973479239 98.7368990294512 72.74551196618518 153.69301014594885 100.38154460148286 103.4816357041422 113.42978371235847 138.00864516934735 105.53756164728662 114.44246497771132 119.27465795230762 107.56390544887938 93.60507164375622 
78.97012485379003 77.45500439787008 119.52962615261322 117.21294922508571 134.56112772668632 86.27905144980093 68.42048925107349 135.3673805800223 61.73504098046061 67.06997176309721 83.4973801658748 68.85301149612053 73.43618004110186 98.73155871609617 72.74551196618518 153.64390617040226 100.38041975313371 103.4815831184161 113.4297527799556 138.00864516934735 105.53665021643474 114.44246497771132 119.27342700312715 107.55247416052356 93.45566842108406 
78.94973500754531 77.4550029500698 119.52962615261322 117.21294922508571 134.56112772668632 86.27905144980093 68.07576677310004 135.36735266701135 61.73504098046061 67.02931569244163 83.4973646999278 68.84438890682014 73.42264486743909 98.73155871609617 72.7292839103435 153.61009937417293 100.38041975313371 103.4815831184161 113.42960477370661 137.99853015508688 105.53665021643474 114.44246497771132 119.26690007221544 107.55247416052356 93.45566842108406 
78.75236594641956 77.45500215657768 119.52962615261322 117.19247117134182 134.56112772668632 86.27823368089287 68.07576677310004 135.367321639779 61.73504098046061 67.02931569244163 83.4973646999278 68.83476150458819 73.28165285823286 98.73155871609617 72.7279429065859 153.6025689111225 100.38041975313371 103.48137527362803 113.42946580105752 137.99853015508688 105.53665021643474 114.44203909620285 119.25760791663424 107.55247416052356 93.40685473610779 
78.58789525608688 77.45500172920265 119.52646517550124 117.19247117134182 134.5609850546623 86.27823368089287 68.025645109572 135.36630320819393 61.73504098046061 67.01628071462534 83.4973646999278 68.82704418557739 73.21561947137502 98.73155871609617 72.33384494321791 153.59139962355448 100.36742004148908 103.48135892605893 113.42941369698292 137.9906722543766 105.53656516160834 114.44203909620285 119.24516134280032 107.55247416052356 93.38159073778246 
78.54438647586386 77.45500172920265 119.52646517550124 117.19247117134182 134.56091436005363 86.27758219329382 67.8239159550933 135.3660004614344 61.73504098046061 67.01475361075404 83.49735459150372 68.82704418557739 73.20937556924389 98.73155871609617 72.33384494321791 153.58414197942693 100.36742004148908 103.48130809262807 113.42936367111179 137.9906722543766 105.53652011762983 114.44151380100993 119.24516134280032 107.55154233449952 93.3771369041985 
78.46931973276196 77.45500172920265 119.52646517550124 116.92148815262226 134.5608683069895 86.27094815554534 67.70082299750595 135.36578991597844 61.733054622455256 67.01475361075404 83.49734359204695 68.82704418557739 73.16690878108494 98.73155871609617 71.4655800251582 153.54725415209168 100.36742004148908 103.48091183182481 113.42862440601107 137.9906722543766 105.53645312707198 114.44103037479613 119.24516134280032 107.53335579093743 93.36993783559547 
78.46931973276196 77.45500066594468 119.52646517550124 116.9129323671009 134.55823076291472 86.26265809700215 67.69177690287859 135.3655925362982 61.732856361881204 67.00237399466562 83.49732502279738 68.82704418557739 73.16690878108494 98.73155871609617 71.32056354754326 153.51209449401142 100.35284199908494 103.48088190872397 113.42862440601107 137.9906722543766 105.53645312707198 114.44044747288308 119.24460348470859 107.53335579093743 93.22064437825782 
78.46931973276196 77.45500066594468 119.14434977090923 116.89523771278255 134.55801509514072 86.26265809700215 67.64332579564518 135.3655925362982 61.732536595127385 67.00237399466562 83.49732502279738 68.82704418557739 73.16690878108494 98.7313032210966 71.32056354754326 153.4872249207798 100.35284199908494 103.48072625886329 113.42853323417614 137.9906008857663 105.53644204808268 114.44044747288308 119.22677962189141 107.53335579093743 93.22064437825782 
78.45855193453508 77.45082771250839 119.14434977090923 116.87028936393756 134.55792547353235 86.26265809700215 67.61881781197138 135.36544716952642 61.731526815038535 67.00183136130323 83.49731999979736 68.82704418557739 73.13616153641874 98.731019808447 71.2455465877373 153.39693311408348 100.35284199908494 103.4806851479363 113.42853293208316 137.99047704282316 105.53595692476773 114.44044747288308 119.22677962189141 107.52436288600961 93.19958345144488 
78.35771047603191 77.45082771250839 119.14434977090923 116.87028936393756 134.55665166001688 86.26265809700215 67.60901607343203 135.36544716952642 61.731526815038535 67.00043876342164 83.49731609968251 68.82704418557739 73.03396921643355 98.73091173242454 70.68802854236355 153.39693311408348 100.35284199908494 103.48066872754134 113.42849180987207 137.98140185165494 105.53549573140378 114.44034293936306 119.22279097426292 107.52436288600961 93.17779461772716 
78.20764435883899 77.4508134180823 119.14002145868892 116.8557087448495 134.54596591482596 86.26265809700215 67.59918398587178 135.3654299491053 61.73139470942516 67.0002229919723 83.49731348179125 68.8158044421964 72.94162638225248 98.73083075426291 69.31971376585136 153.39693311408348 100.35284199908494 103.48066872754134 113.42849180987207 137.96885081795676 105.53549573140378 114.44019232060532 119.22100872850615 107.52436288600961 93.16524540878419 
78.16313139946124 77.45056462578691 119.13881226117792 116.84384943934151 134.54596591482596 86.26265809700215 67.59918398587178 135.36453087317182 61.731384778320944 66.99996198778439 83.49730416021697 68.81221834493596 72.94162638225248 98.73051833928594 68.74042157582005 153.39693311408348 100.3525608578845 103.48066872754134 113.42847277638566 137.96885081795676 105.53526746347467 114.43994738454455 119.21892308910185 107.52436288600961 93.14988383764933 
78.16313139946124 77.45056462578691 119.13664919106418 116.82806232055873 134.54596591482596 86.26265809700215 67.49250859066734 135.36453087317182 61.72975471430681 66.99981337701354 83.49730416021697 68.81109375453525 72.92829579815009 98.73017889062902 68.4644118011791 153.3803458433821 100.3525460564664 103.48065919554335 113.42847277638566 137.96885081795676 105.53509118305368 114.4398763634897 119.21892308910185 107.52191177116231 93.14551218355876 
78.1435528225183 77.44976020168906 119.13664919106418 116.82806232055873 134.54596591482596 86.26265809700215 67.49250859066734 135.36453087317182 61.72975471430681 66.9996125935661 83.49730416021697 68.81030272220397 72.9152191629953 98.73017889062902 68.25803013629246 153.346957330402 100.35179777084028 103.48065919554335 113.42845341111388 137.96775897358793 105.53461411885405 114.4398763634897 119.21888083607053 107.52191177116231 93.14173776683054 
78.13421044462825 77.44976020168906 119.1357864533336 116.82806232055873 134.54596591482596 86.26247876200301 67.32400936475756 135.36453087317182 61.72975471430681 66.9996125935661 83.49730416021697 68.80806410536837 72.9023501765144 98.73017889062902 67.95502007301093 153.346957330402 100.34881151985383 103.48065919554335 113.42845341111388 137.96775897358793 105.5345954303233 114.43982471711195 119.20120738103378 107.51964239070816 93.14173776683054 
78.12748441223391 77.449414306765 119.1357864533336 116.82806232055873 134.54369002578483 86.23789489156144 67.26511346197242 135.36453087317182 61.72940261941437 66.9996125935661 83.49730416021697 68.80757517349184 72.9023501765144 98.73017889062902 67.95502007301093 153.3269529013021 100.34594420142435 103.48065919554335 113.42774969794414 137.96775897358793 105.53444873280466 114.43979956219368 119.17695110812724 107.51939200810068 93.14173776683054 
78.12651969819228 77.449414306765 119.1357864533336 116.82571422607293 134.54369002578483 86.23789489156144 67.24713204275247 135.36435408441832 61.72940261941437 66.99931695077873 83.49729450121191 68.80701767523209 72.89491494476135 98.73001609315338 67.59747826366197 153.26265647698153 100.34594420142435 103.48065144957553 113.42774969794414 137.96775897358793 105.53432380390751 114.43920675057961 119.17695110812724 107.51916578257806 93.14173776683054 
78.11063533323511 77.4492498779847 119.1357864533336 116.82483824175415 134.54369002578483 86.23789489156144 67.22963560364849 135.36435408441832 61.72934796184239 66.99845575726482 83.49729450121191 68.80630281777394 72.89491494476135 98.73001609315338 67.59747826366197 153.26265647698153 100.34545243673199 103.48064575579821 113.42760607742139 137.96748584272927 105.53366188100108 114.43910383924765 119.17695110812724 107.51136863091688 93.14173776683054 
78.1067064220631 77.449088834397 118.71238917173935 116.81336934483022 134.54369002578483 86.23789489156144 67.22963560364849 135.36435408441832 61.72931441341166 66.99845575726482 83.49523623761627 68.80611846285672 72.89491494476135 98.72717580613903 67.51456834936567 153.22889491416777 100.34490112589424 103.48063295347583 113.42759813083694 137.96682163247544 105.53168970250965 114.43684376409328 119.17695110812724 107.51136863091688 93.14173776683054 
78.10190541922532 77.44904765128598 118.71238917173935 116.81336934483022 134.54369002578483 86.23069418258109 67.22959628312708 135.364305931309 61.7290811845981 66.99845575726482 83.49523623761627 68.8057402994026 72.89224484716328 98.72717580613903 67.4717252948331 153.22889491416777 100.34490112589424 103.48052121411547 113.42754705185905 137.96647636570958 105.53168970250965 114.43684376409328 119.16925278076678 107.50840578231777 93.14173776683054 
78.10190541922532 77.44895276284285 118.66966426301269 116.81108034035162 134.54369002578483 86.23017819374991 67.22959628312708 135.36425323757237 61.729061817167974 66.99845575726482 83.49523623761627 68.8054404158986 72.89224484716328 98.72717580613903 67.4717252948331 153.19241046338743 100.34474181545914 103.48030450423562 113.42749747345624 137.96647636570958 105.52823941999571 114.43684376409328 119.16487762619158 107.50840578231777 93.14173776683054 
78.09401098943385 77.44895276284285 118.6353134455785 116.81108034035162 134.54369002578483 86.22802473480039 67.22473820925256 135.36245608699755 61.72895069095216 66.99845575726482 83.49430136249532 68.80280203037915 72.8913829898853 98.7214555309381 67.4717252948331 153.1753293082537 100.34474181545914 103.48016549143142 113.42749747345624 137.96595979611573 105.52823941999571 114.43684376409328 119.1639575968012 107.5051303984377 93.14036431849644 
78.09401098943385 77.44888788191287 118.59212329297588 116.80814204097896 134.54369002578483 86.2261988934385 67.22389881366354 135.36245608699755 61.72889581661252 66.99828355277441 83.49430136249532 68.80154816063992 72.8913829898853 98.7214555309381 67.30205861593515 153.1274009977551 100.34351534046738 103.48008860905924 113.42749747345624 137.96595979611573 105.52823941999571 114.43684376409328 119.12877158262052 107.5051303984377 93.14036431849644 
78.09235760414543 77.44888788191287 118.56645038025817 116.80814204097896 134.54289271590505 86.22578207172984 67.21774135141328 135.36245608699755 61.72889581661252 66.99828355277441 83.49430136249532 68.80023596622402 72.89120977052517 98.7214555309381 67.18165670928198 153.09509147462472 100.34351534046738 103.48008185092073 113.42748447153576 137.9658876126324 105.52823941999571 114.43684376409328 119.12877158262052 107.50340264472788 93.14036431849644 
78.09232366283061 77.44887538752903 118.53814784470524 116.80814204097896 134.5421779220544 86.22578207172984 67.21774135141328 135.36245608699755 61.7277190344513 66.99815427087049 83.49412197369577 68.79994007145689 72.89069799056227 98.7214555309381 67.18165670928198 153.03527016280805 100.3345833906991 103.48006618908397 113.4274792362271 137.9610980282432 105.52823941999571 114.43684376409328 119.12877158262052 107.50340264472788 93.14028250235242 
78.09232366283061 77.44887538752903 118.53132698523473 116.8069885116081 134.54188909697814 86.22578207172984 67.19406315872237 135.36245608699755 61.7277190344513 66.99811771324352 83.49412197369577 68.79985942845258 72.88560856329411 98.7214555309381 67.13136249977026 152.92957027378566 100.3345833906991 103.48004987665354 113.4274737329099 137.9610980282432 105.52823941999571 114.43429961571178 119.12698148932498 107.50340264472788 93.1401897477678 
78.09232366283061 77.44275973680396 118.53004396444385 116.8069885116081 134.54158726740366 86.22476627358333 67.19406315872237 135.36245608699755 61.72726013951228 66.99786328480383 83.49393561834069 68.79985942845258 72.88528434255028 98.7214555309381 67.13136249977026 152.92957027378566 100.30917324377947 103.4800345876065 113.42747072377847 137.9610980282432 105.52529152604978 114.43429961571178 119.11326197901042 107.50290017161029 93.13998129933213 
78.09125206194392 77.44275973680396 118.52527587352131 116.8069885116081 134.54158726740366 86.21633544410571 67.19406315872237 135.3624440624253 61.727204006809814 66.99785224627618 83.49393561834069 68.79974063224643 72.88225345962195 98.7214555309381 67.12348743542782 152.87757222285882 100.30917324377947 103.4800345876065 113.42747072377847 137.9610980282432 105.52497169484866 114.43429961571178 119.09843136948177 107.50139349492997 92.80756101990539 
78.09026190237569 77.44275973680396 118.51061568290186 116.80562440777487 134.54085137181767 86.20717778492406 67.1875711514981 135.3623677775363 61.727124535884684 66.99785224627618 83.49386246573238 68.79952178011729 72.86827115948529 98.72122336338128 67.10798412838085 152.87757222285882 100.30917324377947 103.4786125632458 113.42746799776933 137.9610980282432 105.52497169484866 114.43429961571178 119.09664449360787 107.50123884262996 92.80756101990539 
78.08961976984585 77.44275973680396 118.50335195277194 116.80509460041173 134.5408124219499 86.20717778492406 67.1875711514981 135.36235413040458 61.72703450371739 66.99783894293671 83.30400818120535 68.79952178011729 72.86827115948529 98.72122336338128 67.10766692640681 152.8453522348468 100.30917324377947 103.4786125632458 113.42746298008205 137.9610980282432 105.52483305140305 114.43429961571178 119.09664449360787 107.5010548588948 92.77837903176538 
78.08846880712963 77.44275973680396 118.49951318198453 116.80509460041173 134.54018313148163 86.20717778492406 67.18120679678754 135.362272678688 61.72703450371739 66.99780819084867 83.30400818120535 68.79439611050805 72.86827115948529 98.72117844116372 67.10518389893593 152.8423422370082 100.30917324377947 103.4786125632458 113.42745573631771 137.948133110438 105.52472641770885 114.43429961571178 119.09590510131875 107.50064760809914 92.71086195936431 
78.08846880712963 77.44275973680396 118.49951318198453 116.8049387341224 134.53980202649177 86.20717778492406 67.17545802646293 135.36225429580747 61.72699923352337 66.99771736027282 83.30400818120535 68.79439611050805 72.86827115948529 98.72112654109242 66.84065356152712 152.81247051021842 100.30597453355813 103.4786125632458 113.4274552394188 137.948133110438 105.5241329096367 114.43429961571178 119.09590510131875 107.50064760809914 92.69498478926454 
78.08846880712963 77.44275499019261 118.49903167826005 116.8049387341224 134.5397559368464 86.20717778492406 67.17382490113238 135.3621689959191 61.72693385365449 66.99770985001862 83.30400818120535 68.79439611050805 72.86827115948529 98.71238765216845 66.84065356152712 152.77908768028215 100.30597453355813 103.47859857954171 113.42745181191981 137.94709126096495 105.5241329096367 114.43429961571178 119.09559720780999 107.50016858397345 92.59925603853338 
78.08684366235286 77.44260488921503 118.49903167826005 116.80424229825246 134.53966458731816 86.20655205134528 67.16661792710863 135.36169553393518 61.72693385365449 66.99769424447334 83.30400818120535 68.79166805073714 72.86765762570201 98.71238765216845 66.75152532700815 152.77781400263393 100.30597453355813 103.47859857954171 113.42745181191981 137.9429614756018 105.52368418466756 114.43429961571178 119.08214147757826 107.48642143486109 92.50341231129175 
77.99210068716724 77.44260488921503 118.49869898959287 116.80400544887641 134.53950024224548 86.20655205134528 67.16661792710863 135.36169553393518 61.72693385365449 66.99766864817309 83.30400818120535 68.78689861162303 72.86655606988955 98.71238765216845 66.75152532700815 152.77157826815517 100.30597453355813 103.47859857954171 113.42745181191981 137.9316454022271 105.52338456694696 114.43429961571178 119.06893707247218 107.4600666602712 92.43315820807152 
77.95249554336328 77.44260488921503 118.49675839609154 116.80400544887641 134.53915029551138 86.19163808071863 67.16661792710863 135.36164824016544 61.72693385365449 66.99766864817309 83.30259707587277 68.78689861162303 72.86598628392107 98.71238765216845 66.69829219159811 152.7181050063997 100.30597453355813 103.47856333134564 113.42744924368571 137.9316454022271 105.52338456694696 114.43429961571178 119.06415332793313 107.40826067057355 92.42917445310582 
77.85927957798884 77.4425644391614 118.49675839609154 116.48529878365798 134.53477043612656 86.19163808071863 67.16661792710863 135.36164824016544 61.72692738786748 66.99766341231475 83.30259707587277 68.78689861162303 72.86598628392107 98.71238765216845 66.62907503735988 152.7181050063997 100.3037796014886 103.47856333134564 113.42744924368571 137.9316454022271 105.5231711642345 114.43418902980409 119.05699418487438 107.40826067057355 92.42297239140152 
77.80383208348235 77.4425644391614 118.49446000330227 116.48179623705573 134.53477043612656 86.1771324773755 67.16635127921205 135.36147631835252 61.724924368471136 66.86790890103316 83.30259707587277 68.78677010689137 72.85960188887219 98.71238765216845 66.44569738407051 152.7181050063997 100.29304213938269 103.47856333134564 113.4272719287552 137.9316454022271 105.5231711642345 114.43418902980409 119.05699418487438 107.38315852702937 92.4155471448193 
77.80109071229356 77.4425644391614 118.49446000330227 116.43688021450782 134.53243961819783 86.1771324773755 67.16618456805685 135.36147631835252 61.724924368471136 66.8135170988777 83.30259707587277 68.78677010689137 72.85839744590595 98.7093000981153 66.21468696380066 152.7104369165238 100.29304213938269 103.47841809027256 113.42722862904657 137.9316454022271 105.52289576468996 114.434123958197 119.05699418487438 107.37832174905748 92.41503423802692 
77.78761095228799 77.44253254117694 118.49342685125589 116.42967935344996 134.53243961819783 86.1771324773755 67.1650856949999 135.36145808730487 61.724924368471136 66.77653043524788 83.30259707587277 68.78677010689137 72.85737484540664 98.7093000981153 66.05057922876898 152.71040408153704 100.2860887157023 103.47841514419554 113.42713639772239 137.9316454022271 105.52289576468996 114.434123958197 119.05350095327992 107.37832174905748 92.40943134412225 
77.78761095228799 77.44250750770607 118.48320888582373 116.42941466407285 134.53243961819783 86.1771324773755 67.16415150690221 135.36145808730487 61.724924368471136 66.76720233918212 83.30259707587277 68.78481495536653 72.85737484540664 98.7093000981153 65.76687950644504 152.7084399934272 100.2860887157023 103.47836817320393 113.42713639772239 137.9316454022271 105.52289576468996 114.43404341513428 119.05350095327992 107.36759199165101 92.40943134412225 
77.78475964745274 77.44248454231263 118.48320888582373 116.42628070938406 134.53243961819783 86.1771324773755 67.16376504005592 135.36145529452756 61.724924368471136 66.72538030524424 83.30259707587277 68.78481495536653 72.85627367277789 98.7093000981153 65.57814870911528 152.70285733142828 100.2860887157023 103.47831674567931 113.42711969408151 137.9316454022271 105.52289576468996 114.43404341513428 119.05350095327992 107.36297104148588 92.40943134412225 
77.78044255483474 77.44248114702162 118.47659435782646 116.42628070938406 134.53167165139348 86.1771324773755 67.16376504005592 135.36144334488006 61.724924368471136 66.72538030524424 83.29491530077041 68.78481495536653 72.85513660396737 98.7093000981153 65.41053808671165 152.69081436283557 100.2860887157023 103.4782789051713 113.42711969408151 137.9316454022271 105.52288898010886 114.43404341513428 119.0522848712584 107.35508536929069 92.40809529422211 
77.77835287211758 77.4424583447996 118.47659435782646 116.42306540766492 134.53112655864413 86.16064018791144 67.16376504005592 135.36141010202152 61.724924368471136 66.72538030524424 83.29491530077041 68.78456238916039 72.762458806447 98.70929187826835 65.25081955488594 152.69081436283557 100.2860887157023 103.47827459127052 113.42711379193099 137.9316454022271 105.52288898010886 114.43401588769666 119.0522848712584 107.35423692416566 92.40666182021187 
77.74831226980882 77.36008536950584 118.47659435782646 116.42104129441861 134.53112655864413 86.16064018791144 67.16376504005592 135.36141010202152 61.724924368471136 66.72538030524424 83.29491530077041 68.77888222928641 72.74537999182667 98.70929187826835 65.10541311702235 152.68991723383215 100.2842767856514 103.47826044313024 113.42711220539547 137.9316454022271 105.4814819955941 114.4338447332334 119.02969833964676 107.19586931777411 92.40666182021187 
77.74831226980882 77.31458594386675 118.44226873760658 116.41610689803088 134.53112655864413 86.16064018791144 67.16327200926628 135.36137786668633 61.72213501605813 66.72538030524424 83.29491530077041 68.77764013657048 72.74298314988317 98.70184786847454 65.06112640547724 152.68054785265156 100.28317135189263 103.47825557301485 113.42710537626238 137.9316454022271 105.4814819955941 114.43365843641618 119.02969833964676 107.1585911833422 92.4066134826366 
77.74831226980882 77.29330255218002 118.34949045576639 116.41489409973917 134.53052003136122 86.16064018791144 67.16327200926628 135.36137622824663 61.72213501605813 66.72538030524424 83.29491530077041 68.77764013657048 72.735538972477 98.70184786847454 65.02605286944078 152.6659923995736 100.2791203538323 103.47825557301485 113.42710537626238 137.9316454022271 105.4814819955941 114.43362425708858 119.02969833964676 107.14756438441754 92.40593055295392 
77.74831226980882 77.27748964778488 118.31012093304423 116.41489409973917 134.53052003136122 86.16064018791144 67.16327200926628 135.36137317994542 61.72213501605813 66.72538030524424 83.29491530077041 68.77764013657048 72.7246973067638 98.70184786847454 65.02605286944078 152.65867749331414 100.2791203538323 103.47824342532573 113.42710537626238 137.9316454022271 105.4814819955941 114.43358009286635 119.02969833964676 107.13847563137028 92.40551014237616 
77.74831226980882 77.26366884379615 118.26600214999314 116.41489409973917 134.52311712537698 86.16064018791144 67.1632207856623 135.36135676578408 61.72213501605813 66.72538030524424 83.29491530077041 68.77764013657048 72.72336149648811 98.70184786847454 65.02605286944078 152.6478231844626 100.2791203538323 103.47824342532573 113.42710165064716 137.9316454022271 105.4814819955941 114.43355045337978 119.02969833964676 107.08773522850402 92.40465338484256 
77.74831226980882 77.26366884379615 118.26193731095759 116.41489409973917 134.52311712537698 86.16064018791144 67.1632207856623 135.36135676578408 61.722031843126956 66.72538030524424 83.29491530077041 68.77764013657048 72.72182972472524 98.70184786847454 65.02605286944078 152.6478231844626 100.25435747348394 103.47824342532573 113.42710165064716 137.9316454022271 105.4336015954566 114.43355045337978 119.02617068443635 107.08773522850402 92.40465338484256 
77.74831226980882 77.26366884379615 118.23357614441136 116.41489409973917 134.5206737366525 86.16064018791144 67.1632207856623 135.36135542324575 61.722031843126956 66.72538030524424 83.29491530077041 68.77764013657048 72.71987059024332 98.70184786847454 64.84554807071345 152.644731101577 100.24821849241738 103.47824342532573 113.42710075163279 137.9316454022271 105.30106269647354 114.43353110826604 119.02249862475651 107.08773522850402 92.40465338484256 
77.72459539675373 77.25847950407689 118.23357614441136 116.41308058668301 134.5206737366525 86.16064018791144 67.16304114554146 135.35954255765478 61.72190534809221 66.72519576040122 83.29491530077041 68.77764013657048 72.71881986759661 98.70184786847454 64.50889262377615 152.63041497907022 100.24821849241738 103.47823360219263 113.42709746779667 137.9316454022271 105.19724923295786 114.43349646916465 119.02159257255596 107.08773522850402 92.40465338484256 
77.62108280720486 77.25733274419633 118.23357614441136 116.41308058668301 134.5206737366525 86.16064018791144 67.16295683756846 135.35954255765478 61.721687475063504 66.72519576040122 83.29491530077041 68.77733813204486 72.71797750862845 98.70184786847454 64.50889262377615 152.62000402275805 100.23634002771377 103.47823130470385 113.42709459189746 137.9315248561486 105.15070271962145 114.43349646916465 119.01824761509681 107.08709572249194 92.40411948548189 
77.57143463585305 77.25733274419633 118.23357614441136 116.41270190539342 134.51771049113518 86.15986238237264 67.16279542078001 135.35954255765478 61.72161756731185 66.72519576040122 83.29491530077041 68.77717963016431 72.70844000221615 98.70184786847454 64.44358434822743 152.61846495040027 100.23634002771377 103.47823130470385 113.42709218265259 137.93140461000007 105.11462036089813 114.43349646916465 119.01824761509681 107.08571301411445 92.40411948548189 
77.57143463585305 77.25578581779104 118.23259878853628 116.41194125830464 134.51771049113518 86.14788066390338 66.8552844295981 135.35954255765478 61.721550908372535 66.7251275447818 83.29491530077041 68.7749501467847 72.70844000221615 98.70184786847454 64.2359209436209 152.6021506577532 100.23634002771377 103.47823098685461 113.4269945735914 137.93133279659628 104.93561216789647 114.43348755335569 119.01824761509681 107.08571301411445 92.40411948548189 
77.56823456621635 77.25566845564265 118.23259878853628 116.40550014553935 134.51771049113518 86.14788066390338 66.8552844295981 135.35954255765478 61.721550908372535 66.7251275447818 83.29491530077041 68.77467337003918 72.70844000221615 98.70184786847454 64.15675370050411 152.6021506577532 100.23634002771377 103.47822541985215 113.42696012502029 137.93133279659628 104.91052551851243 114.43348334835514 119.01667644712506 107.08571301411445 92.40411948548189 
77.54216647627874 77.25566845564265 118.2274208101976 116.40550014553935 134.51563690074124 86.1100441123238 66.7897139128196 135.35954255765478 61.72136360977669 66.7251275447818 83.29491530077041 68.77226844209076 72.70844000221615 98.70184786847454 64.02774527527083 152.59074411845359 100.23634002771377 103.47809954281348 113.42690484496893 137.93133279659628 104.4077633187344 114.43346586759867 119.01667644712506 107.08571301411445 92.40395532298191 
77.5376372301564 77.25442883633775 118.22286994544106 116.40550014553935 134.51028273474753 86.07496389010583 66.78206513740105 135.35951640047733 61.71980307115558 66.7250159344697 83.29491530077041 68.77226844209076 72.70844000221615 98.70184786847454 63.88719003683548 152.59074411845359 100.23634002771377 103.47805760499318 113.42687589263585 137.93122950216855 104.4077633187344 114.43346586759867 119.01667644712506 107.08464055042151 92.40392869177691 
77.5376372301564 77.25340911716034 118.13847972273743 116.40550014553935 134.50228896952 86.05602479992393 66.78206513740105 135.35951640047733 61.71980307115558 66.64763975707422 83.29491530077041 68.77226844209076 72.70844000221615 98.70184786847454 63.765024124169486 152.59043607804267 100.23634002771377 103.47803756088456 113.42687589263585 137.9263961989983 104.4077633187344 114.43345485942677 119.0013007251564 107.08451077940282 92.40391437143512 
77.5305301309503 77.253079280865 118.12265051032205 116.40550014553935 134.50228896952 86.03256671606573 66.76814143979396 135.35864243494382 61.71980307115558 66.61877412216688 83.29087731841412 68.77208574932638 72.65152299360568 98.70184786847454 63.72590173000373 152.5848682034116 100.23634002771377 103.47803756088456 113.4268660706714 137.9263961989983 104.18403869502276 114.433449689854 119.0013007251564 107.08397902580651 92.40384057631712 
77.52600388470557 77.2521059404416 118.09252451924044 116.40550014553935 134.50228896952 86.02233689507182 66.76814143979396 135.35864243494382 61.71980307115558 66.55381997640143 83.29087731841412 68.76948772233112 72.59188255118335 98.70184786847454 63.7005035617845 152.58150835659694 100.23634002771377 103.4780264339962 113.4268660706714 137.9263961989983 103.99183532939765 114.43245208456233 119.0013007251564 107.0829418801788 92.4038237863221 
77.52576872298158 77.2521059404416 118.08040793189764 116.40550014553935 134.50228896952 86.02233689507182 66.76724075073298 135.35864243494382 61.71938803686277 66.53092022413972 83.29087731841412 68.76948772233112 72.53099069039774 98.70184786847454 63.69037849704381 152.57265369488857 100.23634002771377 103.47801659822989 113.4268660706714 137.9263961989983 103.74045165430982 114.43245208456233 118.99239278386528 107.0829418801788 92.4038237863221 
77.5209834628613 77.2521059404416 118.07685533123481 116.40550014553935 134.50228896952 86.02049518660954 66.75897906699134 135.35864243494382 61.71886765627755 66.50419745931549 83.28246145922998 68.76948772233112 72.52163637742183 98.70184786847454 63.6734793170001 152.57179897121614 100.23615136544652 103.47801659822989 113.42686540456623 137.9263961989983 103.63658353452729 114.43245208456233 118.98949815879814 107.0829418801788 92.40381930145372 
77.52007204068758 77.25202490221847 118.07685533123481 116.40550014553935 134.50228896952 86.0187916160989 66.75897906699134 135.35864243494382 61.71886765627755 66.46984275036817 83.28246145922998 68.76948772233112 72.503290823994 98.70184786847454 63.63924252090834 152.56539493980313 100.23615136544652 103.47800777186484 113.42686540456623 137.92247606821024 103.57340867838667 111.33959452017882 118.98771409566143 107.07731662994837 92.40381516649234 
77.51900561319007 77.2515597302791 118.07081156221852 116.32058109071829 134.50143569652926 86.01782210460249 66.75628928976846 135.35864243494382 61.718136807655355 66.46467045046688 83.28246145922998 68.76948772233112 72.41531822176455 98.70184786847454 63.615880191010774 152.55903131657408 100.23590644771105 103.47800700071673 113.42686249386452 137.92247606821024 103.54324769392633 111.33959452017882 118.97156430132588 107.00736019943326 92.40381516649234 
77.51900561319007 77.2515597302791 118.06745992586377 116.30602240113512 134.50143569652926 86.01471057678305 66.75628928976846 135.35864243494382 61.718136807655355 66.45812857945174 83.28246145922998 68.76948772233112 72.37241494464973 98.70184786847454 63.60129052081254 152.55903131657408 100.23486293180429 103.47800356234984 113.42685866792567 137.92247606821024 103.53173141617344 111.33959452017882 118.97156430132588 106.96267997585136 92.40376950643906 
77.51787996916858 77.25151570247635 118.06283756417884 116.29746011610553 134.50116539181033 86.01471057678305 66.75628928976846 135.35864243494382 61.718136807655355 66.45124049779815 83.28246145922998 68.76941258681671 72.33814861213222 98.70174264554873 63.59232658202967 152.5581629390182 100.23486293180429 103.4780015873431 113.42685866792567 137.92247606821024 103.49664795721026 111.33959452017882 118.97156430132588 106.93374937050919 92.40376950643906 
77.51581090791723 77.25140428888199 118.06283756417884 116.29006305868734 134.50116539181033 86.01471057678305 66.75514726873524 135.35860159509298 61.718136807655355 66.45124049779815 83.07997684202564 68.7690478258271 72.32508672529406 98.69986349074202 63.504760039872735 152.55563024389403 100.23313249271848 103.4780015873431 113.42685851631109 137.92247606821024 103.48056952617003 111.33959452017882 118.97156430132588 106.93374937050919 92.40376950643906 
77.42509089065925 77.25131774397028 118.06214604829461 116.28424577316468 134.48952712830203 86.01471057678305 66.75514726873524 135.35860159509298 61.717407880027224 66.44674600626786 83.07997684202564 68.7690478258271 72.31894273342391 98.69986349074202 63.4514871206847 152.55309534255252 100.23313249271848 103.47800077623458 113.42685840230706 137.92247606821024 103.48007176379099 111.33959452017882 118.96740157761405 106.93374937050919 92.40376017753914 
77.38202040471111 77.25131774397028 118.06045874820677 116.28367164054612 134.48952712830203 86.01395582221778 66.75514726873524 135.35860108046006 61.717407880027224 66.44674600626786 83.07997684202564 68.7663281282197 72.31153621649923 98.69986349074202 63.40583357683107 152.55111318311071 100.23266240755743 103.47799977970374 113.42685731418669 137.92247606821024 103.47208519418359 111.33959452017882 118.95625947082738 106.92140101237976 92.40373374391987 
77.35504787704144 77.25126018705504 118.05900207017635 116.1136602611947 134.48541633995796 86.0131621992436 66.75237110587824 135.35857654430504 61.717407880027224 66.44674600626786 83.07997684202564 68.7663281282197 72.31153621649923 98.69986349074202 63.39003613894005 152.5370476460089 100.23266240755743 103.47799977970374 113.42685731418669 137.92247606821024 103.46568290009333 111.26417879767979 118.95625947082738 106.91470389203636 92.40373374391987 
77.34206292130477 77.25101288799868 118.05900207017635 116.1136602611947 134.48541633995796 86.01308905949026 66.69644930311426 135.35635945990668 61.717407880027224 66.44674600626786 83.07997684202564 68.7663281282197 72.3000756235947 98.69986349074202 63.348354687806136 152.5367621050076 100.22028131778978 103.47799888124035 113.42685470523247 137.91927814374594 103.4588768324121 111.26417879767979 118.95625947082738 106.91113731559705 92.40373374391987 
77.33109203685535 77.25099054892962 118.05900207017635 116.06320318614144 134.47903011519702 86.00559159427155 66.6572770923949 135.35635945990668 61.717407880027224 66.44674600626786 83.07997684202564 68.7663281282197 72.29331418943127 98.6962922774851 63.348354687806136 152.53083124208467 100.22028131778978 103.47799888124035 113.42685470523247 137.91927814374594 103.45604000380047 111.26417879767979 118.95625947082738 106.90649638363982 92.40373374391987 
77.2516334539705 77.25087149153256 118.05477752661386 116.0382695299478 134.47903011519702 86.00559159427155 66.64847101748882 135.35635945990668 61.717407880027224 66.44674600626786 83.07997684202564 68.76149343863233 72.29134422430548 98.6962922774851 63.34508145454305 152.53083124208467 100.22028131778978 103.47799888124035 113.42685436523936 137.91927814374594 103.38359157112995 111.26417879767979 118.95625947082738 106.90403528918557 92.40373374391987 
77.21202121863985 77.25087112082662 118.05477752661386 115.94814970367077 134.4761938922453 86.00559159427155 66.63767764742943 135.35635945990668 61.717407880027224 66.4435682601727 82.89705502686871 68.76149343863233 72.29113132889904 98.6962922774851 63.34257497459612 152.5284683709483 100.22028131778978 103.4779941356702 113.4268130418643 137.91927814374594 103.3167084351901 111.26417879767979 118.95625947082738 106.90403528918557 92.40373374391987 
77.15809955598104 77.25047147433264 118.05477752661386 115.94814970367077 134.4761938922453 86.00518320366746 66.61727104384579 135.35635945990668 61.717407880027224 66.4435682601727 82.83379678256125 68.75883659187446 72.28873362510092 98.6962922774851 63.33476383824342 152.5224435507305 100.21985224577696 103.47799385815756 113.42677924774512 137.91927814374594 103.26228868489386 110.51663361377541 118.94375124926228 106.9027153547824 92.40372630635136 
77.14732609925261 77.25047147433264 118.05477752661386 115.94814970367077 134.4761938922453 86.00319041684895 66.61727104384579 135.356357419701 61.71739395003908 66.44348235308235 82.7756519306792 68.75664842763092 72.28873362510092 98.6962922774851 63.326799373447216 152.51640168217557 100.21985224577696 103.47799218971045 113.42673402263301 137.91927814374594 103.22587230664641 110.51663361377541 118.94017274084422 106.90259614300868 92.40372630635136 
77.12202792768352 77.25029579690727 118.05132467572355 115.94814970367077 134.4758334962628 85.96075078965657 66.61028297509745 135.35616249323675 61.71707787177479 66.3729784667749 82.7357395393584 68.75664842763092 72.2884100953222 98.6962922774851 63.27226460257475 152.51065019784176 100.21985224577696 103.47799210048692 113.42671367398964 137.91927814374594 103.19206388886806 110.5138017370773 118.87925850716329 106.90214711517694 92.40372473402408 
77.11882643776653 77.25019763353754 118.02714821573284 115.9248911277823 134.4758334962628 85.9328959934715 66.61028297509745 135.3535553758593 61.71706138514594 66.3729784667749 82.69016629694119 68.75664842763092 72.28839808820459 98.6962922774851 63.25007823811512 152.51065019784176 100.21959374430452 103.47799163717809 113.42670804195586 137.91927814374594 103.1820950108982 110.51052340227278 118.85411650274136 106.90214711517694 92.40372473402408 
77.11369923216137 77.25019763353754 117.97997636104162 115.91283324822302 134.47558898333534 85.92760782243283 66.61028297509745 135.3535553758593 61.7154652562574 66.3729784667749 82.65863072973906 68.75527230786531 72.2847635049651 98.6962922774851 63.210596534407046 152.51065019784176 100.21959374430452 103.47798984791211 113.42669934915648 137.91927814374594 103.17505352985404 110.26642747119655 118.82867850748141 106.90141132792729 92.40371551526624 
77.10032362473413 77.2501212941749 117.96334795853284 115.91236904194864 134.47516616609528 85.91493446846937 66.56219316108377 135.3535553758593 61.7154652562574 66.31307231338263 82.58506506603715 68.75527230786531 72.2847635049651 98.6962922774851 63.20562700290219 152.51065019784176 100.21959374430452 103.47798984791211 113.42655248863002 137.91927814374594 103.14839346416375 110.20221958233049 118.81917286634587 106.90141132792729 92.40371551526624 
77.10032362473413 77.2501085741477 117.95579820432852 115.91124507444442 134.47509164692565 85.90311335418238 66.51600702369211 135.3535553758593 61.7154652562574 66.26052958885543 82.55410303307406 68.75485186595813 72.28212044302342 98.6962922774851 63.18715603091175 152.5102856115759 100.21959374430452 103.47771180578462 113.42650343161915 137.91313275673917 103.14166699707738 110.08251611436151 118.81524590363051 106.90141132792729 92.40371127116998 
77.09261712841766 77.22247180485994 117.94859959478254 115.88298702704935 134.4747964824562 85.89512691201185 66.48727155359171 135.3535553758593 61.7154652562574 66.26052958885543 82.52061065946782 68.75485186595813 72.27055297502187 98.6962922774851 63.18014425144662 152.50979570093477 100.21923689996913 103.4773353975786 113.42649581963269 137.91313275673917 103.136498876063 109.98014900325467 118.81037282702266 106.9011902476775 92.40371127116998 
77.08798489475379 77.15835023591916 117.87306830028808 115.88298702704935 134.47383840990165 85.89512691201185 66.48727155359171 135.35198543899992 61.7154652562574 66.23010243968537 82.44181697536112 68.75455305752098 72.27055297502187 98.6962922774851 63.18014425144662 152.50756899737462 100.1337873049859 103.4773353975786 113.42648305301145 137.91313275673917 103.10945649358001 109.84192898351176 118.79436545547321 106.90083789440189 92.4037086364637 
77.08648179119143 77.14237451602042 117.85761153514056 115.88298702704935 134.47383840990165 85.88891755621341 66.03956634187114 135.35198543899992 61.7154652562574 66.22894585555133 82.44181697536112 68.75403312219214 72.27055297502187 98.6962922774851 63.17791639287327 152.50218090958538 100.1322042680556 103.47730548072985 113.42646842829083 137.91313275673917 103.10945649358001 109.74741048971606 118.79436545547321 106.90083789440189 92.40370658065035 
77.08606465794395 77.11327553541281 117.83048394295338 115.88298702704935 134.47372701152108 85.88421979191571 65.92096454569878 135.35198543899992 61.7154652562574 66.21675797789328 82.43525751748291 68.75384835517497 72.27055297502187 98.69424399894268 63.174893162250214 152.4931776384592 100.1157605605407 103.47730548072985 113.42646102849744 137.90061025452235 103.10073221992172 109.73453583974316 118.79436545547321 106.9008305392976 92.40370658065035 
77.08165095176872 77.11327553541281 117.81739953872966 115.88298702704935 134.47366420099775 85.87823303107109 65.92096454569878 135.35126282994474 61.7154652562574 66.21675797789328 82.43006910736693 68.75010273352302 72.27055297502187 98.69424399894268 63.17072160505796 152.4931776384592 100.11264948026951 103.47725266291394 113.42646102849744 137.8605375503313 103.03658883412015 109.53425203947484 118.79436545547321 106.90037409309446 92.35401189485742 
77.08165095176872 77.10460255373204 117.80681669514036 115.88298702704935 134.47260285577136 85.87616071311118 65.92096454569878 135.35126282994474 61.7154652562574 66.21675797789328 82.32555485058151 68.75010273352302 72.27055297502187 98.69424399894268 63.170152240988955 152.48905073614674 100.10649045769838 103.47714185769166 113.42646102849744 137.8440644694689 103.0227248672021 109.48821401520689 118.79436545547321 106.90037409309446 92.33224277653107 
77.04951158105945 77.0941522492173 117.79926311549343 115.88298702704935 134.47246712998333 85.87611381001136 65.92096454569878 135.35126282994474 61.71533819752733 66.21306299408099 82.32555485058151 68.75010273352302 72.27055297502187 98.69424399894268 63.16794267905607 152.4884401967015 100.06875659124 103.47711327925708 113.42646047235019 137.8327043818207 103.00259761333086 109.42516849355138 118.7481481917182 106.90037409309446 92.31558056026762 
77.04450648368515 77.08471400168645 117.79360135258241 115.85784236761594 134.47186360300384 85.87410721766008 65.92096454569878 135.35126282994474 61.71388984799927 66.21306299408099 82.30137998816645 68.75010273352302 72.27055297502187 98.6933988529625 63.16794267905607 152.48691108160165 100.06875659124 103.47708776600996 113.4264539842469 137.82315443237735 102.98719656533228 109.38225307568922 118.73379200457327 106.90026302375446 92.31558056026762 
77.02159396270963 77.07770319507097 117.79360135258241 115.84633758033488 134.46402812712063 85.87410721766008 65.85057002794053 135.35126282994474 61.71388984799927 66.19641464889287 82.29423334569799 68.75010273352302 72.27055297502187 98.69273827028923 63.10911025582334 152.48221618591162 100.06875659124 103.4770780643633 113.4264539842469 137.82055150216888 102.97250829792671 109.34671891107081 118.71737880440037 106.88119755773778 92.2975904890128 
77.02159396270963 77.07686036781035 117.79360135258241 115.83005796046416 134.45555387236254 85.87320422222251 65.85057002794053 135.351006646864 61.71388984799927 66.19451155483762 82.29224490008187 68.74938040252079 72.27055297502187 98.69273827028923 63.09654663365825 152.4813772993848 100.06875659124 103.47707320171469 113.4264539842469 137.81739741759793 102.90309848054073 109.28072266035133 118.69279555526452 106.86081602164671 92.29341021181784 
77.01095535705673 77.07506305746455 117.79196735589892 115.82300146583498 134.44490090742784 85.87279958593598 65.49565115976327 135.351006646864 61.71388984799927 66.19451155483762 82.28077661845248 68.74938040252079 72.25840702250645 98.69273827028923 63.09654663365825 152.48098374518088 100.06875659124 103.47705107123261 113.42645191435292 137.79213094794625 102.90309848054073 109.26598438799545 118.69279555526452 106.85535577941579 92.28642951859575 
77.00609488572235 77.07456051860476 117.79118659268966 115.82163975871799 134.4366688968181 85.87215042542925 65.49565115976327 135.351006646864 61.71388984799927 66.1916217065189 82.27118195304013 68.74915497291715 72.2246763609333 98.69273827028923 63.06856003189648 152.4784733246397 100.0266147703233 103.47704361495715 113.42645191435292 137.78392413079098 102.90309848054073 109.25200448392059 118.6873717975086 106.83151110524568 92.28410919081091 
76.99991271139163 77.0658186365635 117.79041690448503 115.82105235687038 134.43378651320268 85.87102748411019 65.49565115976327 135.351006646864 61.71388984799927 66.19095408070876 82.26699459925055 68.74911498600807 72.20914444748252 98.69273827028923 63.045894372608586 152.47806913945283 100.01848181705134 103.47704361495715 113.42135151348361 137.75999199554565 102.8871274690199 109.22529230914972 118.68315032034593 106.81837274672961 92.28197317474456 
76.99767481871146 77.04162335767029 117.78970282140233 115.81868053109986 134.43263914154454 85.87102748411019 65.49565115976327 135.351006646864 61.71388984799927 66.19095408070876 82.25028824413323 68.74902727236008 72.12878685128237 98.69273827028923 63.033978613978604 152.47656722572435 100.0184795253565 103.47703625379233 113.16346470593362 137.74578617660154 102.8871274690199 109.22529230914972 118.67532879338671 106.7933170423969 92.28100383578584 
76.99762610176936 77.03376967642532 117.78930184968715 115.81868053109986 134.43063327888012 85.86859491247878 65.25616700147236 135.351006646864 61.71388984799927 66.18991803264589 82.23408578501204 68.7472733667729 72.11929903045973 98.69160782459068 63.01295366027438 152.47239540255407 99.84491352029698 103.47703459967346 113.16121723680021 137.72700127557368 102.86904401772915 109.22087318029963 118.67532879338671 106.78451716812572 92.27674419394037 
76.99620031869159 77.02880999261885 117.74536544385546 115.81623942118654 134.42570466618997 85.86859491247878 65.17042887791456 135.351006646864 61.71388984799927 66.18861933627716 82.22468234061103 68.7472733667729 72.08481960059396 98.69160782459068 63.0045592689973 152.46902391066033 99.84491352029698 103.458595935564 113.16121723680021 137.72464530780405 102.84496167808186 109.2014417958905 118.66714653622387 106.77904504810914 92.2760921521812 
76.99386365306725 77.02394627918858 117.737071993732 115.81455658476511 134.42570466618997 85.86859491247878 65.17042887791456 135.35097205110446 61.71388984799927 66.18845187541876 82.21897260877404 68.7472733667729 72.06889442893538 98.69160782459068 63.0045592689973 152.46902391066033 99.84491352029698 103.33107870109967 113.16121723680021 137.68484783595102 102.83817710522567 109.19364851755586 118.66714653622387 106.77447513353036 92.27298598836421 
76.97449718986059 77.02099307537941 117.70665648486192 115.81359574924204 134.42570466618997 85.86859491247878 65.03502917669488 135.35097205110446 61.71388984799927 66.18424187536431 82.19761156768277 68.7472733667729 72.04991335471914 98.69160782459068 63.00259859295255 152.46902391066033 99.84491352029698 103.1517193503779 113.16121723680021 137.67689621868305 102.83684121808324 109.15045498166995 118.64716191820617 106.76944522427522 92.27295242204099 
76.950196135591 77.02099307537941 117.69821967257815 115.81099018960094 134.41857199574042 85.86859491247878 65.01036052930056 135.35097205110446 61.713864774467254 66.1724510602063 82.13922294811852 68.74572774647186 72.04991335471914 98.69160782459068 62.99832514139183 152.46902391066033 99.84491352029698 103.07945713154635 113.16121723680021 137.66666137535663 102.82286450811102 109.14907744678516 118.64716191820617 106.76635772592533 92.27052263554384 
76.93827083114604 77.02099307537941 117.69325188273433 115.80314630330736 134.41857199574042 85.86859491247878 64.73256188199656 135.35095815432499 61.713816592957016 66.16092251690662 82.12882891054596 68.74477618368394 72.02559179064235 98.69160782459068 62.95897125090272 152.4683420207822 99.84491352029698 102.96802525859368 113.08584771804567 137.66666137535663 102.81320693496446 109.13788794958725 118.63974818407223 106.76409081872919 92.24455773401729 
76.92859940684144 77.01795209756642 117.69024045894332 115.7924791541343 134.4157787600086 85.86855230095921 64.73256188199656 135.35092021996593 61.713810268110365 66.15331674007052 82.11218835168245 68.74477618368394 72.02508242083854 98.69158581718818 62.95897125090272 152.4657416458706 99.84491352029698 102.96470443786802 113.08214914631537 137.66322365653537 102.80094136720174 109.13466324733463 118.63818209873091 106.76177597324295 92.2361308027065 
76.90341514132456 77.01689881947539 117.67626769826165 115.78198962469344 134.4157787600086 85.8681198402482 64.71105628523583 135.35090134537325 61.71375660675932 66.150091495715 82.09438777021523 68.74477618368394 72.02201460368639 98.69158581718818 62.95034155031544 152.4657416458706 99.84491352029698 102.89572601952676 113.06485186067846 137.65359545402703 102.79241623587285 109.12908969522294 118.63539026354738 106.75923296842319 92.11634068633629 
76.89715268779423 77.01593284432738 117.66348257516631 115.75829081390839 134.4157787600086 85.80538692739646 64.68549767741331 135.3506758996657 61.71375045477578 66.14558033428267 82.08309732711831 68.74477618368394 71.93648292916362 98.69089309356161 62.945356659799074 152.4657416458706 99.83458089181704 102.87611486359219 113.01109743193763 137.64630358196132 102.78937288846737 109.12736456540699 118.63073459192958 106.75739896924898 92.11634068633629 
76.81536140880814 77.01362564102226 117.65812962825362 115.73883853680002 134.415661576282 85.79088010338239 64.41531902304678 135.3506758996657 61.713733478235724 66.12525971823743 82.07343308617044 68.7446710826639 71.93648292916362 98.69089309356161 62.94417275856523 152.4657416458706 99.82446539361058 102.84835624577181 112.98936584845933 137.63403430187634 102.78032508511285 109.1254442286268 118.62957103424105 106.75461474766797 92.10771953347921 
76.81536140880814 77.0132498578817 117.65020956689 115.73456357885732 134.415612417504 85.78657720267148 64.41531902304678 135.34839745629688 61.71370775790052 66.10760568408966 82.02921849934512 68.7446662364622 71.93648292916362 98.69089309356161 62.94073317722308 152.46322486777194 99.78352581866613 102.80862598689964 112.95860247439407 137.62500734788773 102.77461329387211 109.12107337744067 118.62576311021598 106.7136070201019 92.01016656054901 
76.81536140880814 77.01263539859917 117.64116954930637 115.61863895106899 134.415612417504 85.78072794249567 64.37880762863534 135.34839745629688 61.713527112113525 66.09261855806051 82.02921849934512 68.74457366307797 71.93648292916362 98.69004516826561 62.93435349945855 152.46209968306357 99.78352581866613 102.74541926652091 112.87743288526121 137.60465894819083 102.76249065750244 109.0926678771026 118.62576311021598 106.7136070201019 91.93867663737092 
76.80503063193896 76.94645831209743 117.6344767100411 115.61863895106899 134.41553057488147 85.77019110447588 64.37880762863534 135.34839745629688 61.713527112113525 66.09261855806051 81.94499526061952 68.74455799191111 71.93648292916362 98.69004516826561 62.93064339388093 152.46209968306357 99.76940269746683 102.71053080990555 112.85064707278241 137.58791454400978 102.73769788824859 109.0926678771026 118.62454049868722 106.70510851497 91.93867663737092 
76.80503063193896 76.93712033462941 117.62835426582933 115.61863895106899 134.41546434485576 85.77019110447588 64.37029923965963 135.34839745629688 61.713527112113525 66.06018961349719 81.94499526061952 68.74451311085272 71.93648292916362 98.69004516826561 62.92808217788718 152.46209968306357 99.7342725156413 102.71053080990555 112.84689093357906 137.5731920285208 102.71758967647088 109.0926678771026 118.62384734393356 106.70510851497 91.93867663737092 
76.80012885476322 76.93712033462941 117.62684774211755 115.61863895106899 134.41546434485576 85.77019110447588 64.37029923965963 135.34839745629688 61.713527112113525 66.06018961349719 81.93950949489118 68.74451311085272 71.91670929286994 98.69004516826561 62.92718589526328 152.4616913554736 99.7342725156413 102.70440546397379 112.83895492381646 137.53803620768156 102.71542153654366 109.07932515153817 118.5974158097099 106.70510851497 91.91515748016536 
76.80012885476322 76.92552593349569 117.62293221171683 115.61863895106899 134.41287062816355 85.7574678893248 64.37029923965963 135.34839745629688 61.713527112113525 66.06018961349719 81.92769045985852 68.74451311085272 71.90369069808963 98.69004516826561 62.92611401737065 152.4616913554736 99.7342725156413 102.70137614591232 112.81520763850995 137.50161804299432 102.68476754782239 109.07703899571783 118.5974158097099 106.70510851497 91.89988536653789 
76.78480699290128 76.92013998144239 117.59385578167075 115.5873830075434 134.41287062816355 85.7165696957162 64.35664386870405 135.34704802489568 61.713485670501825 66.06018961349719 81.91816501482299 68.74443175956196 71.87554086423506 98.69004516826561 62.896487176396306 152.4612235707899 99.72497776679518 102.68768464139634 112.78994657537851 137.50161804299432 102.65129180756253 109.07703899571783 118.592776469819 106.64583561734679 91.89502103324219 
76.78221562931788 76.90902061110592 117.59385578167075 115.5873830075434 134.41287062816355 85.7165696957162 64.33000922945791 135.34704802489568 61.713485670501825 66.03882063200763 81.90947727243514 68.74443175956196 71.87554086423506 98.69004516826561 62.896487176396306 152.45870572727495 99.71929129935768 102.66390329295882 112.73876884098786 137.50161804299432 102.64868190227946 109.0747579855979 118.58940595141178 106.64583561734679 91.89495407395009 
76.77973489462505 76.90437898497964 117.59385578167075 115.5873830075434 134.41287062816355 85.70967048550176 64.29971291027528 135.34704802489568 61.7129986744734 66.03882063200763 81.87390269954125 68.73027013707048 71.86710093591506 98.69000675860093 62.89605815523191 152.4580234118921 99.71796833407853 102.65044534095898 112.6660754531814 137.49019080965104 102.64072341126325 109.0747579855979 118.58030845219855 106.62787126231154 91.82668720081767 
76.7504274419797 76.90034037544513 117.57791029532359 115.5873830075434 134.4062436260133 85.70739096544855 64.2258327666649 135.34704802489568 61.7129986744734 66.03882063200763 81.87390269954125 68.73027013707048 71.85832190023154 98.66997073710883 62.887802733168655 152.45757441290152 99.71138089451097 102.63801692573861 112.6660754531814 137.483606092498 102.61272902265836 109.07187136315099 118.55958350164781 106.62787126231154 91.82668720081767 
76.7504274419797 76.86976683753164 117.57059358881122 115.5873830075434 134.3951240599347 85.70739096544855 64.2258327666649 135.34704802489568 61.7129986744734 65.98429803694603 81.87334284278057 68.72933845098339 71.85020439371397 98.66898353594456 62.87203343950637 152.45723190891044 99.6973344472774 102.60736819319175 112.66189578915146 137.42180878195143 102.61272902265836 108.41708935804263 118.54827868865095 106.62787126231154 91.78569630168641 
76.7504274419797 76.86976683753164 117.56635313860681 115.5873830075434 134.3882116207692 85.70362853557702 64.19517386894529 135.34704802489568 61.7129986744734 65.97782087935798 81.86780836544278 68.72012011189383 71.83659614529756 98.63691115163556 62.86320474630247 152.4559183684171 99.68923416691132 102.59918637100327 112.64042415217432 137.41290411551597 102.61272902265836 107.39387662878562 118.52723106724068 106.62130301193645 91.75726981106516 
76.74452263616689 76.86976683753164 117.56287157998611 115.5873830075434 134.3882116207692 85.68202621370119 64.17963748871847 135.34704802489568 61.7129986744734 65.95737909960991 81.81988954236283 68.72012011189383 71.82454922207518 98.63691115163556 62.85848089629923 152.4555534025667 99.67050636685082 102.59918637100327 112.63337829055615 137.4050991811473 102.58940539286982 106.46286745091902 118.51189002689682 106.61744040419285 91.59345286213573 
76.71826786641822 76.83712042092554 117.52818139804288 115.57857297409942 134.38562913993792 85.6795742536475 64.10639650100245 135.34691828074858 61.712721971260976 65.93248431673646 81.80819098535329 68.71926157372093 71.793318257451 98.63691115163556 62.84349717148041 152.45361117936545 99.64912870875258 102.5952984314664 112.59964713670524 137.40180288218016 102.58778984660796 106.31106695945681 118.50371651882438 106.60731222851882 91.583199976191 
76.71062402641962 76.83000585965698 117.52818139804288 115.57373387920575 134.38562913993792 85.65346442988965 64.07668194511865 135.34691828074858 61.712721971260976 65.90882615634803 81.77970173728454 68.71351299160108 71.78161313165316 98.63464758050662 62.83320263395069 152.45361117936545 99.64912870875258 102.58775293421729 112.59964713670524 137.3965017142017 102.58778984660796 105.64716022411852 118.49879099234454 106.60107470405296 91.54053558106261 
76.70899849248633 76.81495074152951 117.52818139804288 115.57045599634876 134.36951554246343 85.64202557847 64.05322885551448 135.34691828074858 61.70825664490775 65.90089570375227 81.76327311452644 68.7065016561287 71.77741638876472 98.6332900227585 62.83213859203971 152.45361117936545 99.64063064754276 102.57812730967282 112.59201102663008 137.39203752520962 102.57155685324119 105.58513559823189 118.49210893786903 106.58402589640565 91.51767064650204 
76.70798493097374 76.81495074152951 117.52818139804288 115.56844490374579 134.36872038589104 85.64202557847 64.05322885551448 135.34562323913087 61.70794921644631 65.89027446291345 81.76327311452644 68.70543927113101 71.77253985892332 98.63290719351687 62.82764430325801 152.45361117936545 99.64016155120805 102.57812730967282 112.57974781064661 137.38789732450107 102.5704415515873 105.58513559823189 118.49049017030143 106.5819280838698 91.50091716902341 
