1771.1456294890377 1902.5264652054157 1462.3630932580736 2076.541386969231 1997.7119646188967 13195.455803463887 2271.126855849891 2059.643073037819 2456.4266765089487 1785.0148749517543 1701.0072952200908 2760.6457780576093 1923.4136328587729 1852.2441673548856 5588.233158530384 2700.4816778712384 1883.165132135296 1922.8080405679702 8920.298589193242 1774.1815040129386 1898.8358927208515 1563.3027935716082 2435.2285730303743 2081.0266478781186 1659.422182760466 
1317.1038325058826 1386.1879030675072 1277.2993780529387 1794.104503348065 1727.5049968696649 8480.571197197038 2167.3821094237455 1555.6979836567243 2137.6784309226005 1544.7448482180062 1499.8464643134457 2159.4535082275834 1642.674176351863 1333.662758366666 4012.5027030645742 1372.7910499974696 1683.5880966567947 1922.8080405679702 5554.833568185644 1774.1815040129386 1300.921833356534 1487.8899228868213 2068.6255830666128 1566.4849036596765 1505.8637935727384 
1300.0942613636516 1374.7446248515794 1215.755692689192 1731.8680710456283 1630.6004656925488 8037.660213189991 1603.4459443322708 1499.965600526184 2133.6234258099653 1484.7605897332896 1468.6619813725224 2155.357188099531 1642.0726700760383 1085.6221189154676 3939.0522221610063 1293.9276410994053 1538.6085119583768 1892.9496741219868 5453.618765278236 1531.2739791273807 1008.8782392247572 1482.7191071907027 1497.5715708612206 1512.9238478825514 1499.5927578693763 
1285.3390028177928 1331.0957663396025 1179.0260378774428 1692.4701835811456 1494.090182940698 8037.660213189991 1459.499695055346 1425.8621579493738 1984.759355720384 1445.7154741958161 1370.5170842898 2072.495479064553 1629.5921422511428 998.7876774204046 3076.4515422097693 1047.215758782264 934.8260578300697 1596.465059650729 4988.708875589943 1421.9814770735975 852.0321600664406 1309.9586489109888 1473.3076113997417 1505.441447600619 1422.6505126907996 
1277.9372399999575 1297.934578299466 1118.2469323625241 1692.3742773879248 1476.2082729852755 8020.176929997977 1448.6153801469236 1289.6822051185627 1969.5826841224143 1415.843122492498 1338.1387452974277 2010.2890794869281 1627.7870937760363 965.4601097900204 2616.2335299192428 983.5241466069369 767.9018286222563 1590.3547190843874 4947.749420040904 1417.6227336522197 755.814216227237 1240.5050268288328 1453.3736795527611 1435.11304202444 1365.2671317021955 
1268.8370130559506 1284.7483229270747 1115.4606326592484 1692.3742773879248 1457.3200545181312 8020.176929997977 1397.0370574697731 1239.7478044525096 1874.398936805445 1331.4956269460154 1326.566101794357 1977.1155990866819 1627.6405367578163 956.8828000766043 2518.849112614833 982.4192230984722 766.8150064838933 1585.4456111738532 4896.7645115909445 1415.683627119488 727.1153819042574 1234.415091637553 1453.3296103647053 1435.0552219603178 1335.4427241003796 
1268.6208977488 1212.5590182842802 1080.4935202672586 1692.3708067432917 1449.8330830176237 7984.7332668521885 1395.9666094921386 1239.5651456761934 1769.4350872840732 1319.0738824847722 1308.6557803327214 1976.9670712594216 1627.560589135051 950.6882235643097 2507.5029015804803 981.2140255369345 765.4621765164602 1582.8692797444637 4895.617111207097 1408.2653568117357 727.0384462443976 1234.415091637553 1442.635417033946 1400.6227632691298 1331.9520597849769 
1147.8139602256338 1210.3665847490938 1080.4935202672586 1692.3210205446767 1445.761807481117 7965.408196302757 1391.3019316264963 1236.4166294468378 1769.4350872840732 1319.0738824847722 1160.4845470695382 1976.9670712594216 1627.560589135051 948.0152584443204 2506.8113299471124 981.1211062951083 765.0117273361238 1582.8171305667015 4895.617111207097 1379.3109847400815 726.7755869258194 1233.1741783648295 1441.7275954231518 1360.994167783736 1331.9520597849769 
1146.2773353679713 1162.6853938196255 1060.5122682849383 1692.3210205446767 1443.1762054016062 7965.382226792606 1390.161101483739 1231.0486343969824 1670.8163309677984 1319.0738824847722 1145.4901709521123 1976.7592524754427 1627.55951904722 945.8341184442552 2285.4673880820883 981.0153325603869 764.8343092838941 1582.7691242185242 4895.437029432603 1377.0117088209727 682.0585420772723 1094.5977488228923 1406.3199180651472 1322.2836179134524 1331.9458200598729 
1146.269118362603 1156.7374042189313 1058.543311322073 1692.3210205446767 1443.1744292576955 7965.277300084481 1389.4292531187903 1230.8455095569252 1667.5691459643954 1318.956620293694 1144.0076671441175 1976.7289377925263 1627.557322072446 945.3455221708209 2275.8248451551417 980.9850261861457 764.6107520182986 1582.5184797716483 4728.01066641332 1375.20468368397 681.4400437663021 1062.0773602907193 1288.9349353429425 1296.6050707301638 1331.9458200598729 
1146.172288145301 1110.4953592485604 1058.5349817890747 1692.265198158159 1443.1744292576955 7965.168428451132 1389.1418596914991 1230.8455095569252 1666.742471162329 1263.6957322928502 1051.901538795848 1976.7289377925263 1627.5572723653604 944.9289592337764 2272.370588338045 980.9793359594601 764.6037197870146 1582.5154918190665 4722.0354335999355 1375.0028795820135 676.2280498234081 1032.661398291178 1285.2090303307295 1288.803029701573 1331.9441945331964 
1146.1543691641346 1110.4058568117475 1056.6543006680322 1692.263062626569 1441.8802948989455 7965.151354900187 1389.088161758198 1230.7350532575128 1663.8078471575327 1113.6834460413656 1046.979640502812 1976.7271097395023 1627.5567600980667 944.9289592337764 2264.104173092184 980.9793359594601 764.6036286794733 1582.506567768689 4719.323128302414 1374.9580305497652 669.3018984943046 1030.1425763233046 1284.338839563176 1287.8323995501887 1331.9392373717037 
1146.0951187651785 1110.4058568117475 1056.6228199236366 1620.0551636992204 1441.8675914710075 7965.151354900187 1330.9024752690166 1230.7262539234835 1663.8078471575327 1051.640966387738 1046.9630703262665 1976.7249293528516 1627.5563695559945 944.9289592337764 2242.211301681599 980.9793359594601 764.60210718502 1582.506262537856 4718.345533182632 1374.955988939514 667.7338963543643 1029.8032039824593 1258.9848050170149 1286.9167859464915 1331.9390308183702 
1146.0951187651785 1110.381683260117 1056.5245116079277 1619.6643226036076 1441.8660461794811 7965.08696981725 1328.0403678660814 1195.3313602950557 1663.8028644572714 984.8744066230602 1046.9562338799196 1976.7249293528516 1627.5404949629037 944.8817588594429 2238.8333261889165 980.9792777112857 764.6016845922022 1582.50597265855 4716.557153666646 1374.7418352959094 667.7045301311432 1029.5471927989502 1251.8312594453037 1242.03120728033 1261.0844515379422 
1146.0946877070246 1110.381683260117 1056.4388299860584 1619.6501092224116 1441.7031087827454 7964.972497897565 1326.5073622892728 1194.5725044238447 1663.8028644572714 984.8744066230602 1046.5017101363374 1976.6838127525693 1627.5404949629037 944.8812091740201 2235.8198071618554 980.9792649075857 764.165605181181 1582.505962535694 4716.557153666646 1374.7411042888298 665.4894156065516 1029.5471927989502 1249.6889390365868 1202.5247241400293 1243.988105806815 
1146.0906546387832 1110.3787243829643 1056.4382294218858 1619.5877616304497 1441.63181832775 7964.972497897565 1322.287999094333 1180.2342257158225 1658.3482875612672 984.7358149411048 1046.440108344451 1976.6280609223186 1627.5404949629037 944.8782510176616 2235.4420329170894 980.979243698313 764.0060638021014 1582.505962535694 4716.557153666646 1374.7377361465542 665.285601955452 1029.518861215587 1249.5437838505804 1200.9304147108355 1232.375254563829 
1146.0906546387832 1110.3787243829643 1056.4375759368004 1619.5877616304497 1441.5532518167538 7964.655162312634 1321.6654973812147 1174.8760749539806 1658.3482875612672 984.4402096116241 1029.4971839502105 1976.6280609223186 1627.5404949629037 944.8625495333026 2235.3632222056413 980.979243698313 763.9726012715246 1582.5059544902215 4716.518456200223 1374.7377361465542 632.0003245678827 1029.5182109814828 1249.5437838505804 1200.382909672684 1221.6702604711118 
1146.0906546387832 1108.224621176198 1056.3994244503165 1619.5854227632317 1441.4445541886384 7964.637787500744 1321.6188825089375 1173.5545014991621 1658.3482875612672 984.3802512717634 1026.8811164839003 1976.6234277689746 1627.5404949629037 944.8625495333026 2235.3022772221166 980.9792142086562 763.9668860925103 1582.5059533620079 4716.48218778816 1374.6630227613887 627.0922751987441 1029.5179343320074 1249.2909442366013 1200.3631263113316 1209.4658116211317 
1145.853968242503 1104.968044753739 1056.398444328126 1619.5839095386355 1441.4049124164676 7964.637787500744 1321.613661242633 1173.4422559699105 1658.1082664019746 984.3802512717634 1023.9715458227242 1976.6232304124887 1627.5404949629037 944.8470621659717 2235.244169550934 980.9792142086562 763.9668860925103 1582.5059533620079 4656.524749667246 1374.6208204932095 621.6093576108287 1029.517917507847 1249.2115443791022 1200.3543299527314 1208.1798465867996 
1145.853968242503 1104.9458328493574 1056.3974934677053 1619.5839095386355 1441.4036668523759 7964.637787500744 1321.600490896677 1172.078123336636 1657.9820957640877 984.3306055603807 1023.4159300459723 1976.6230533797416 1627.5404949629037 944.846273839802 2235.244169550934 980.9792142086562 763.9634395791145 1582.5059518240887 4654.686221619691 1374.6176610368566 620.7095406077324 1029.5178816302323 1249.1785708443404 1200.308334087361 1207.0348383581986 
1145.853968242503 1104.9458328493574 1056.3972163077733 1619.5839095386355 1441.40277486563 7964.502684216595 1321.6002329724106 1172.078075569335 1657.5434609898866 984.3306055603807 1023.3166658914893 1976.6230370487592 1627.5404949629037 944.846273839802 2235.244169550934 980.9792142086562 725.3436354830164 1582.5059518240887 4582.814629418104 1374.616110109554 620.1861902021483 1029.5178797294225 1248.8055297605379 1200.2790525295018 1206.8582600374689 
1145.853968242503 1104.9458328493574 1056.3972163077733 1619.5839095386355 1441.40259273534 7964.492269129525 1321.6001117386627 1171.6093479909878 1657.1409163320318 984.3306055603807 1023.3129721106734 1976.590738440656 1627.5404949629037 944.846273839802 2235.243836270246 980.9792142086562 722.9331094879008 1582.5059516021906 4580.00252612516 1374.616110109554 620.1861902021483 1029.5178797294225 1248.5818996883786 1200.2790525295018 1206.8258679347764 
1145.853968242503 1104.9326140112075 1056.3959826180349 1619.5839091483058 1441.4002872809988 7964.491179988039 1321.587208566084 1171.6093479909878 1657.1409163320318 984.3269997632424 1023.1205523354834 1976.590738440656 1627.5404949629037 944.846273839802 2235.243836270246 980.9792142086562 722.48561602771 1582.505950932612 4580.00252612516 1374.6160945798974 620.1588031130605 1029.5178797294225 1248.5690046442196 1200.2790004870944 1206.8258679347764 
1145.853968242503 1104.931422053347 1056.3958202739027 1619.5839086177493 1441.3983986057356 7964.475606387534 1321.5871452298989 1171.588893212548 1657.1409163320318 984.3269996061044 1023.1099440717212 1976.590738440656 1627.5404949629037 944.846273839802 2235.243836270246 980.9792142086562 674.9547408783947 1582.505950905268 4580.00252612516 1374.6160608374921 620.0949035244839 1029.5178797294225 1248.5664805076249 1200.2790004870944 1206.8258679347764 
1145.8459673573225 1104.930765213141 1056.3957933545348 1619.5839086177493 1441.3975769423687 7964.474452681687 1321.587096542402 1171.588893212548 1657.1368553332054 984.3181038208504 1023.1093022008008 1976.590738440656 1627.54009504859 944.846273839802 2235.243836270246 980.9792142086562 673.1569108071908 1582.505950905268 4580.00252612516 1374.6160585368707 620.0930991646519 1029.5178782168305 1248.5661184902078 1200.2790004870944 1206.8258679347764 
1145.844289908157 1104.9297884367206 1056.3957056211748 1619.583908267141 1441.3975769423687 7891.11845074403 1321.587096542402 1171.5880746166918 1657.1368553332054 984.3178504621437 1023.1033147486405 1976.590738440656 1627.5400789006312 944.846273839802 2235.243835363437 980.9792142086562 670.7651597922913 1582.505950905268 4579.975664037728 1374.6160547091677 620.0930991646519 1029.5178782167286 1248.5660573052683 1200.2790004870944 1206.8258506590937 
1145.8419763222441 1104.9256737394526 1056.3957056211748 1619.583908267141 1441.3975769423687 7882.788212835618 1321.5870845162772 1171.5880746166918 1657.1360252767818 984.3178099009556 1023.10310829228 1976.5822927464087 1627.5400710966433 944.846273839802 2235.2433253386707 980.979211238151 670.6722370366547 1582.5059508808818 4579.958146943017 1374.616054704281 620.0930991646519 1029.5178782089024 1248.5659297244238 1200.2790004870944 1206.8258404372737 
1145.8419763222441 1104.9251162843716 1056.3954579189012 1619.5839082379111 1441.3975612137365 7881.407297918202 1321.5870690080633 1171.577706964059 1657.1360252767818 984.3178099009556 1023.1029368001073 1976.5822927464087 1627.5400708535403 944.8460986727728 2235.2424504068563 980.979211238151 670.6087414688195 1582.505950879825 4579.958146943017 1374.6160536909651 620.0920756537826 1029.5178782089024 1248.5658920634696 1200.2790004870944 1206.8252462747723 
1145.8379086963914 1104.9251162843716 1056.3954354570224 1619.5839082360962 1441.3975612137365 7610.1600185064635 1321.5870690080633 1171.57630162049 1657.1360252767818 984.3175163092201 1023.1029016512553 1976.5816510587829 1627.5400708103998 944.8460986727728 2235.2424504068563 980.979211238151 670.6085554921146 1582.505950879825 4579.958146943017 1374.6160302951876 620.0919327474644 1029.517878208776 1248.5658920634696 1200.2790004870944 1206.825212532155 
1145.8366608516794 1104.9251162843716 1056.3954314426828 1619.5839082360962 1441.3972306121414 7533.620084304941 1321.5870657864498 1171.5755511290117 1657.1360187021032 984.3175163092201 1023.1018614009445 1976.5816510587829 1627.5400708009447 944.8460986727728 2235.2424504068563 980.979211238151 670.608359202517 1582.5059508798058 4579.9449257638 1374.6160302951876 620.0918370026866 1029.517878208776 1248.5658919537045 1200.2790004870944 1206.8251137994198 
1145.8333644927225 1104.9251162843716 1056.395429669381 1613.323064872623 1441.3972306121414 7533.150050524886 1321.5870657864498 1171.5702212834026 1657.1360083286518 984.3175163092201 1023.1009217085148 1976.5815923099149 1627.540070798269 944.8460986727728 2235.2420533109143 980.979211238151 670.608085158588 1582.505950879805 4574.249455618367 1374.6160302951876 620.0917966941142 1029.5178782087469 1248.5658914129008 1200.2790004870944 1206.8251059127033 
1145.8324876928737 1104.9251162843716 1056.3954284573406 1603.085156383655 1441.397225138975 7531.931304502468 1321.5870657864498 1171.569493359645 1657.1360083286518 984.3175136061182 1023.1009217085148 1976.5815923099149 1627.5400707980707 944.8460986727728 2235.2420533109143 980.979211238151 670.608085158588 1582.505950879804 4574.249455618367 1374.6160301014397 620.0917966941142 1029.517878208745 1248.5658914129008 1200.2790004870944 1206.8251028113255 
1145.8302015234049 1104.924964978195 1056.3954281658425 1601.8470707747497 1441.3972239787454 7531.900216915863 1321.5870657864498 1171.568640044316 1657.1360083286518 984.3163288542682 990.706048724338 1976.5815923099149 1616.368486974719 944.8460986727728 2235.2420533109143 980.979211238151 670.608085158588 1582.505950879804 4572.86404997535 1374.6160301014397 620.0917966941142 1029.5178782087442 1248.5658913966454 1200.2790004870944 1206.8251009170917 
1123.7577114344344 1104.9249268443818 1056.3954281422325 1601.4587799995988 1441.3972239787454 7473.764619166821 1321.5870604405754 1171.5686309617 1657.1360083286518 984.3163288542682 973.4031283126101 1976.5815923099149 1615.3086195671904 944.8460986727728 2235.2420533109143 980.979211238151 670.608085158588 1582.505950879804 4572.78252881973 1374.6160301014397 620.0917966941142 1029.5178782087442 1248.5658913958719 1200.2790004870944 1160.9136330037522 
1092.39722991998 1104.9249268443818 1056.3954278058536 1601.3300131604133 1441.39722395866 7456.508489836731 1321.5870604405754 1171.5683424748831 1657.1360083286518 984.3163288542682 973.3041059209381 1976.5814780460942 1372.874560229613 944.8460986727728 2235.242001498049 980.979211238151 670.608085158588 1582.5059508798022 4572.6450319054475 1374.6160301014397 620.0917966941142 1029.5178782087442 1248.5658913958719 1200.2790004870944 1160.9136330037522 
1087.585183729279 1104.9249268443818 1056.395427798404 1601.321180933487 1441.3972237688004 7454.468947132333 1321.5870604405754 1171.5683353038485 1657.1360083286518 984.3163288542682 973.3041059209381 1976.5814685430064 1361.210024611917 944.8460986727728 2235.241417005241 980.979211238151 670.608085158588 1582.5059508798022 4572.6450319054475 1374.6160301014397 620.0917615348444 1029.5178782087442 1248.5658913917173 1200.2790004870944 1159.902556574345 
1086.1510174936357 1104.9249268443818 1056.3954277982039 1601.3195439776082 1441.3972237688004 7453.482349187258 1321.5870604405754 1171.5683353038485 1657.1360083286518 984.3163288542682 973.3041059209381 1976.5814679116975 1354.2296144751817 944.8460986727728 2235.241417005241 980.979211238151 670.608085158588 1554.2762108365482 4572.644126543325 1374.6160301014397 620.0917599868553 1029.5178782087442 1248.5658913912644 1200.2790004870944 1159.902556574345 
1083.2813434878676 1104.9249268443818 1056.3953968265846 1601.3195439776082 1407.2950803659419 7453.471751011733 1321.5870604405754 1158.4239043627113 1657.1360078257167 984.3163185226022 972.6936571115016 1976.581467569462 1354.2296144751817 944.8460986727728 2235.241417002713 980.979211238151 670.608085158588 1548.1415282411463 4572.570070534746 1374.6160301014397 620.0917599868553 1029.5178782087442 1248.565891391182 1200.2790004870944 1153.1417164255 
1083.2813434878676 1104.9249245049814 1056.3953968265846 1601.3195439776082 1403.5197117543403 7453.471751011733 1321.5870604405745 1158.4239043627113 1657.1360078257167 984.3162958521016 972.3128385347482 1976.581467569462 1354.2296144751817 944.8460986727728 2235.241417002665 980.979211238151 670.608085158588 1548.1415282411463 4560.84913400998 1374.6160301014397 620.0917599868553 1029.5178782087442 1248.565891391182 1200.2790004870944 1153.0525059003267 
1083.2500603807543 1104.9249245049814 1056.3953949880233 1601.3192519107206 1403.4580195891358 7453.471112612198 1321.5870604405745 1158.345222768853 1657.1360078257167 984.3162958521016 972.2107445552301 1976.5814675337078 1354.2296144751817 944.8460986727728 2235.241417002665 980.979211238151 670.608085158588 1548.1415282411463 4551.775376145533 1374.6160301014388 620.0917597589378 1029.5178782087442 1248.5658913911725 1200.278697583245 1152.8789100814092 
1083.2500603807543 1104.9249241584612 1056.3953946787578 1601.3192162574178 1403.4440324421753 7453.459086413553 1321.5870461261916 1158.3424174753536 1657.1360078257167 984.3162958521016 972.1731125130409 1976.5814675291485 1354.2296144751817 944.8460986727728 2235.241417002201 980.979211238151 670.608085158588 1547.9878956204361 4551.336841362145 1374.6160301014388 620.0917597534699 1029.5178782087437 1248.5658913911725 1200.278683866216 1152.855324733444 
1083.214919148203 1104.9249241584612 1056.3953946787578 1601.319078087321 1403.4440324421753 7453.459086413553 1321.5870455056302 1158.3353098533107 1657.1360078257167 984.3162957203144 972.1701317255579 1976.5814675291485 1354.2296144751817 944.8460986727728 2235.2414170021702 965.5523371745744 670.608085158588 1547.9494615092499 4551.1919107992535 1374.6160301014388 620.0917597512489 1029.5178782087432 1248.5658913911716 1135.358666667375 1152.831161727332 
1083.186155839392 1104.9249241584612 1056.3953946787578 1601.319043333775 1403.4439096065507 7453.458910862793 1321.587045033055 1158.3333711480855 1657.1360078257167 984.3162957203144 937.0603797094582 1976.5814675291485 1354.2296142183081 944.8460986727728 2235.241417002168 965.4503870897338 670.608085158588 1547.9489414735654 4551.115943180447 1374.6160301014384 620.0917597512489 1029.5178782087432 1248.5658913911716 1119.158366003242 1152.828855479068 
1083.1582913628627 1104.9249241584612 1056.3953945748622 1601.3190288909273 1403.4439096065507 7453.458910862793 1321.5870450170446 1158.3333711480855 1657.1360078257162 984.3162957203144 934.4007101343541 1976.5814675291467 1354.2288391777388 944.8460986727728 2235.241417002168 964.431035260578 670.608085158588 1547.9449897994555 4550.0663926427205 1374.6160301014384 620.0917597511607 1029.5178782087432 1248.5658913911711 1108.3556197991957 1152.791701846676 
1083.1244027551675 1104.9249241584612 1056.3953945697958 1601.3190204342472 1403.4438001966419 7453.458849383998 1321.5870449854583 1158.3333711480855 1657.1360078257162 984.3162957203144 933.3405594424694 1976.5814675290221 1354.1772148603186 944.8460986727728 2235.241417002168 963.5550091328969 670.608085158588 1547.9440938892235 4550.054461810061 1374.6160301014384 620.0917597511607 1029.5178782087432 1248.5658913911711 1107.4367174579802 1152.7854195103164 
1083.1244027551675 1104.9249241584612 1056.3953945191251 1601.3190126942795 1403.4438001966419 7453.458831800628 1321.5870449831436 1158.3332663942965 1657.1360078257158 984.3162957119494 933.340187331266 1815.3266398398591 1354.1772148603186 944.8460986727728 2235.241417002168 963.5362727507759 670.6080851585875 1478.6623996311946 4550.054461810061 1374.616030101438 620.0917597509815 1029.5178782087432 1248.5658913911711 1107.246757207894 1152.759127213592 
1083.1244027551675 1104.9249241584612 1056.395394519022 1601.3190124853581 1403.4438001966419 7453.458831492702 1321.5870449831436 1158.3332628632797 1657.1360078257158 984.316295710094 932.9713469168037 1796.1461348136613 1354.1723127719924 944.8460986727728 2235.241417002168 963.5362727507759 670.6080851585875 1475.3191003706752 4550.053334255148 1374.616030101438 620.091759750947 1029.5178782087432 1248.5658913911707 1107.246757207894 1152.759127213592 
1083.1241607568695 1104.9249241584612 1056.395394519022 1601.3190124453467 1403.4437992379144 7453.4588313975255 1321.5870449830754 1158.3332628632797 1657.1360078257158 984.316295710094 932.9681302984918 1792.861951285473 1354.1723127719924 901.8216735246515 2235.241417002168 963.5306582634921 670.6080851585875 1474.1447652730676 4550.049126346353 1374.616030101438 620.0917597509342 1029.5178782087432 1248.5658913911707 1107.2456803202786 1152.759127213592 
1083.1238773423988 1104.9249241584612 1056.395394518624 1601.3190124453467 1403.4437992121466 7453.4588313975255 1321.5870449830754 1158.3332628632797 1657.1360078257158 984.2640483217006 932.9435574209328 1792.5727912260372 1354.1711154232821 899.755454288952 2235.241417002168 963.5176361059525 670.6080851585875 1473.6542371198784 4550.048848335241 1374.616030101438 620.0917597509342 1029.5178782087432 1248.5658913911707 1107.2456803202786 1152.7585772558205 
1083.1238773423988 1104.9249241584607 1056.3953945182966 1601.3190124430812 1403.4437992096564 7453.4588313975255 1321.587044983075 1158.3332550126952 1657.1360078186917 984.2640483217006 932.9435574209328 1792.5727912260372 1354.1711154232821 899.1791521372784 2235.241417002168 963.5100595222807 670.6080851585875 1473.6424693157928 4550.048803754571 1374.616030101437 620.0917597509342 1029.5178782087432 1248.5658913911707 1107.244874062595 1152.7585680976244 
1083.12386924357 1104.9249241584603 1056.3953945181001 1601.3190124428756 1403.4437992096564 7453.4588313975255 1321.587044983075 1158.333251987976 1657.1360078186917 984.2640483217006 932.9421815500359 1792.3960957283984 1354.1711154232821 898.5344168004231 2235.2414170021675 963.5098744515135 670.6080851585875 1473.5892343161186 4550.048794702347 1374.616030101437 620.0917597509342 1029.5178782087432 1248.5658913911702 1107.244874062595 1152.7585602787422 
1083.123868134097 1104.9249241584603 1056.3953945180892 1601.3190124428502 1403.4437992093908 7453.429977859276 1321.587044983075 1158.3332514253843 1657.1360078186917 983.9969555118382 932.9418265399086 1792.3631130563645 1354.1711154232821 898.3601478101045 2235.2414170021666 963.5097815496952 670.6080851585875 1473.5831044158094 4550.044698129434 1374.616030101437 620.0917597509342 1029.5178782087432 1248.5658913911702 1107.24470091084 1152.7585581448607 
1083.1238681110158 1104.9249241584603 1056.3953945180806 1601.319012442772 1403.443799209298 7453.429977859276 1321.587044983075 1158.3332514253843 1657.1360078186917 983.9969555118382 932.9417675079171 1792.3252083641755 1354.1351124598232 898.342330770326 2235.2414170021666 963.5097815496952 670.6080851585875 1473.5733015142978 4550.044698129434 1374.616030101437 620.0917597509338 1029.5178782087432 1248.5658913911702 1107.2446870682215 1152.758558098184 
1083.1238680888287 1104.9249241584603 1056.3953945180765 1601.319012442772 1403.4437992092935 7453.429977859276 1321.587044983075 1158.3332512982402 1657.1360078186913 983.9969555118382 932.9406361553156 1792.2573884517187 1354.1351124598232 898.3362442599268 2235.2414170021666 963.5097614034621 670.6080851585875 1473.5733015142978 4550.044698129434 1374.616030101437 620.0917597509338 1029.5178782087432 1248.5658913911702 1107.2445707103525 1152.7585580927098 
1083.1238680823813 1104.9249241584603 1056.3953945180765 1601.319012442772 1403.4437992092935 7453.429977859276 1321.587044983075 1158.3332512982402 1657.1360078186913 983.9969555118382 932.9406361553156 1792.1931739897582 1354.1351124598232 898.2355174276472 2235.2414170021666 963.5097539408703 670.6080851585875 1473.5733015142978 4550.044698129434 1374.616030101437 620.0917597509333 1029.5178782087432 1248.5658913911698 1107.244549410963 1152.7585580927098 
1083.1238680769916 1104.9249241584603 1056.3953945180765 1601.319012442772 1403.4437992092526 7453.429977859276 1321.587044983075 1158.3332512977086 1657.1360078186908 983.9969555118382 932.9372294553295 1792.1832177135352 1354.1293374274228 898.2355174276472 2235.2414170021666 963.5097539408703 670.6080851585875 1473.5733015142978 4550.04469802645 1374.616030101437 620.0917597509333 1029.5178782087432 1248.5658913911698 1107.2445466638874 1152.7585580873483 
1083.123868072376 1104.9249241584603 1056.395394518076 1601.3190124426878 1403.4437992092526 7453.429977859276 1321.587044983075 1158.3332512977086 1657.1360078186908 983.9969555118382 932.9364798056267 1792.131934439678 1342.5916568909502 898.2355174276472 2235.2414170021666 963.5097539408703 670.6080851585875 1466.4230246795573 4550.044571976387 1374.616030101437 620.0917597509333 1029.5178782087432 1248.5658913911698 1107.2445466638874 1152.7585580863188 
1083.1238680694937 1104.9249241584603 1056.3953945180756 1601.3190124426878 1403.4437992092517 7453.429977859276 1321.587044983075 1158.3332512977086 1657.1360078186908 983.9969555118382 932.9363292902835 1792.1314100393483 1341.1487179099095 898.2355174276472 2235.2414170021666 963.5091672829294 670.6080851585875 1459.79669376023 4550.04455894532 1374.616030101437 620.0917597509333 1029.5178782087432 1248.5658913911698 1107.2445457005515 1152.7585580855862 
1083.1238680694937 1104.9249241584603 1056.3953943995266 1601.3190124426878 1403.4437992092517 7432.881130429549 1321.587044983075 1158.3332512977086 1657.1360078186908 983.9969555118382 932.9362648403539 1792.1313963332018 1339.6833363369979 898.2355174276472 2235.2414170021666 963.5089674343058 670.6080851585875 1458.0301195287834 4550.04455894532 1374.616030101437 620.0917597509333 1029.5178782087432 1248.5658913911698 1107.2445424449052 1152.7585580854984 
1083.1238680694937 1104.9249241584603 1056.3953943653073 1601.3190124426878 1403.4437992092517 7430.419101803944 1321.587044983075 1158.333251297618 1657.1360078186908 983.9807273321003 932.9362633490214 1792.1313963332018 1339.6731182819049 898.2355174276472 2235.2414170021666 963.5039078948012 670.6080851585875 1458.0301195287834 4550.04455894532 1374.616030101437 620.0917597509333 1029.5178782087432 1248.5658913911698 1107.2445424449052 1152.7585580854957 
1083.1238680694937 1104.9249241584603 1056.39539436439 1601.319012442685 1403.4437992092517 7429.562171495372 1321.587044983075 1158.3332512972293 1657.1360078186908 983.9807273321003 932.9362628452309 1792.1313960703064 1339.6650668696293 898.2355174276472 2235.2410807299784 963.5036409780796 670.6080851585875 1457.6134064943221 4550.04455894532 1374.616030101437 620.0917597509333 1029.5178782087432 1248.5658913911698 1107.2445424449052 1152.7585580854934 
1083.1238680693605 1104.9249241584603 1056.395394329717 1536.4108322815237 1403.4437992092517 7429.562171495372 1321.587044983075 1158.3332512972293 1657.1360078186908 983.9807273321003 932.9362627061996 1792.1313960703064 1339.642604012637 898.2355174276472 2235.2410807299784 963.5033818108341 670.6080851585875 1457.289429917088 4550.0445557885005 1374.616030101437 620.0917597509333 1029.5178782087432 1248.5658913911698 1107.2445424105936 1146.9199355642431 
1083.1238680692932 1104.9249241584603 1056.3953942903454 1530.2070051038372 1403.4437992092517 7429.561370825169 1321.587044983075 1158.3332512972293 1657.1360078186908 983.9807273321003 932.9362626196348 1792.1313944184958 1339.6407720633315 898.2355174276472 2235.241080391656 963.5033818108341 670.6080851585875 1457.2508165353438 4550.044555001969 1374.616030101437 620.0917597509333 1029.5178782087432 1248.5658913911698 1107.24454239733 1145.3280975278672 
1083.1238680692913 1104.9249241584603 1056.3953715964376 1529.4418254899829 1403.4437992092517 7429.558714031475 1321.587044983075 1158.3332512972293 1657.1360078186908 983.9794261726165 932.9362626114021 1792.1313944184958 1339.6407642663603 898.2355174276472 2235.2410795456553 963.5033788619621 670.6080851585875 1457.230042659704 4550.044554841853 1374.616030101437 620.0917597509333 1029.5178782087432 1248.5658913911698 1107.244542299718 1144.608045926214 
1083.1238680692877 1104.9249241584603 1056.3953715964376 1529.3080720387334 1403.4437992092517 7429.556897532246 1321.587044983075 1158.3332512972293 1657.1360078186908 983.9791118550374 932.9362626102838 1792.1313933441038 1339.6407642663603 898.2315192302449 2235.2410795456553 963.5033786539011 670.6080851585875 1457.1976731883597 4550.044554821918 1374.616030101437 620.0917597509333 1029.5178782087432 1248.5658913911698 1107.244542299718 1143.1896419857885 
1083.1238680692877 1104.9249241584603 1056.3953715964376 1529.2388052058013 1403.4437992092517 7429.556873491785 1321.587044983075 1158.3332512972293 1657.1360078186908 983.9790171026089 932.9362626102838 1792.1313927904976 1339.6407315959514 898.2188337592561 2235.2410795456553 963.503377935735 670.6080851585875 1457.1967825558936 4550.044554812888 1374.616030101437 620.0917597509333 1029.5178782087432 1248.5658913911698 1107.244542299718 1143.1473861441 
1083.1238680692877 1104.9249241584603 1056.3953715964376 1529.2349048005594 1403.4437992092517 7429.554575887336 1321.587044983075 1158.3332512972283 1657.1360078186908 983.9790151033708 932.9362626100256 1792.1313927904976 1339.640619882381 898.2181258600244 2235.2410795456553 963.5033777149833 670.6080851585875 1457.1926150193071 4550.04455481251 1374.616030101437 620.0917597509333 1029.5178782087432 1248.5658913911698 1107.244542299718 1143.1473861441 
1083.1238680692877 1104.9249241584603 1056.3953715964376 1529.2337297502008 1403.4437992092517 7428.0188467920525 1321.587044983075 1158.3332512972283 1657.1360078186908 983.9790151033708 932.9362626099755 1792.1313927904976 1339.6405510851628 898.217857333967 2235.2410795456553 963.5033774760686 670.6080851585875 1457.1909496309872 4495.532810863336 1374.616030101437 620.0917597509333 1029.5178782087432 1248.5658913911698 1107.2445422778655 1143.1409053008733 
1083.1238680692877 1104.9249241584603 1056.3953715964376 1529.2337297502008 1403.4437992092517 7428.016244848837 1321.587044983075 1158.333251297228 1644.0344585324706 983.9790087772249 932.9362626099755 1792.1313927904976 1339.6405510851628 898.2178192089837 2235.2410795456553 963.5033774760686 670.6080851585875 1457.1904248944365 4495.532810863336 1374.616030101437 620.0917597509333 1029.5178782087432 1248.5658913911698 1107.2445422778655 1143.1409053008733 
1083.1238680692877 1104.9249241584603 1056.3953715964376 1529.2336930928504 1403.4437992092517 7428.016244848837 1321.587044983075 1158.333251297228 1644.0344585324706 983.9790087772249 932.9362626099719 1792.1313927904976 1339.6390931527249 898.2178192089837 2235.2410795456553 963.5033774760686 670.6080851585875 1457.1901048965874 4495.532810863336 1374.616030101437 620.0917597509333 1029.5178782087432 1248.5658913911698 1107.2445422778587 1143.1407651684403 
1083.1238680692877 1104.9249241584603 1056.3953715964376 1529.2336906417786 1403.4437992092517 7428.016244848837 1321.587044983075 1158.333251297228 1644.0344585324706 983.9790087772249 932.9362626099701 1792.131392790358 1339.6390931527249 898.217806860087 2235.2410795456535 963.5033774760686 670.6080851585875 1457.1900581083232 4495.532810863336 1374.616030101437 620.0917597509333 1029.5178782087432 1248.5658913911698 1107.2445422778587 1143.140359487555 
1083.1238680692877 1104.9249241584603 1056.3953715964376 1529.2336906417786 1403.4437992092517 7427.983555275572 1321.587044983075 1158.333251297228 1644.019448889912 983.9790082901136 932.9362626099701 1791.8497034431598 1339.6390931527249 898.2178068332114 2235.2410795456535 963.5033774760686 670.6080851585875 1457.1900552200877 4495.532810863336 1374.616030101437 620.0917597509333 1029.5178782087432 1248.5658913911698 1107.2445422778587 1143.1402893783297 
1083.1238680692877 1104.9249241584603 1056.3953715964371 1529.2336906417786 1403.4437992092517 7427.97540247966 1321.587044983075 1158.333251297228 1644.019448889912 983.9790082309378 932.9362626099701 1760.222719877875 1339.6390931527249 898.2178066874558 2235.2410795456535 963.5033774758058 670.6080851585875 1457.1900550122327 4495.532810863336 1374.616030101437 620.0917597509333 1029.5178782087432 1248.5658913911698 1107.2445422778587 1143.1402893783297 
1083.1238680692877 1104.9249241584603 1056.3953715964371 1529.2336906417786 1403.4437992092517 7427.972146195138 1321.587044983075 1158.333251297228 1644.019448889912 983.9790082272784 932.9362626099701 1760.222719877875 1339.6390931527249 898.2178066587071 2235.2410795456535 963.5033774756303 670.6080851585875 1457.1900547975242 4495.532810863336 1374.616030101437 620.0917597509333 1029.5178782087432 1248.5658913911698 1107.2445422778587 1143.1402790535012 
1083.1238680692877 1104.9249241584603 1056.3953715964371 1529.2336906417786 1403.4437992092517 7427.971252481642 1321.587044983075 1158.333251297228 1644.019448889912 983.9790082224254 932.9362626099687 1758.0374862449162 1339.6390931527249 898.2178066587071 2235.2410795456535 963.5033774756303 670.6080851585875 1457.1900518194425 4495.532810863336 1374.616030101437 620.0917597509333 1029.5178782087432 1248.5658913911698 1107.2445422778587 1143.1402645061607 
1083.1238680692877 1104.9249241584603 1056.3953715964371 1529.2336906417786 1403.4437992092517 7427.969460323709 1321.587044983075 1158.333251297228 1644.019448889912 983.9790082216514 932.9362626099678 1757.2880559225773 1339.6390931527249 898.2178066587071 2235.2410795456535 963.5033774756303 670.6080851585875 1457.1900444338935 4495.532810863336 1374.616030101437 618.8717635862313 1029.5178782087432 1248.5658913911698 1107.2445422777892 1143.14021059696 
1083.1238680692877 1104.9249241584603 1056.3953715964371 1529.2336906417786 1403.4437992092517 7427.969460323709 1321.587044983075 1158.333251297228 1644.0189931739724 983.9790082206937 932.9362626099678 1756.1998563789161 1339.6390931527249 898.2178066493188 2235.2410795456535 963.5033774756298 670.6080851585875 1457.190044419588 4495.532810863336 1374.616030101437 602.9579979993605 1029.5178782087432 1248.5658913911698 1107.2445422777892 1143.1402102330753 
1083.1238680692877 1104.9249241584603 1056.3953715964371 1529.2336906417786 1403.4437992092517 7427.969422831318 1321.587044983075 1158.333251297228 1644.016550851798 983.9790082205227 932.9362626099678 1756.1786067649673 1339.6390931527249 898.2178066466577 2235.2410795456535 963.5033774756298 670.6080851585875 1457.190044419588 4495.532810863336 1374.616030101437 602.9236764989437 1029.5178782087432 1248.5658913911698 1107.2445422777746 1143.1402089418034 
1083.1238680692877 1104.9249241584603 1056.3953715964367 1529.2336906417786 1403.4437992092517 7427.966245055406 1321.587044983075 1158.333251297228 1629.7648386626347 983.9790082205063 932.9362626099678 1756.1786067649673 1339.6390931527249 898.2178066466577 2235.2410795456535 963.5033774756298 670.6080851585875 1457.190032975951 4495.5305508544925 1374.616030101437 602.9178600716182 1029.5178782087432 1248.5658913911698 1107.2445422777746 1087.9764772762865 
1083.1238680692877 1104.9249241584603 1056.3953715964367 1529.2336906417786 1403.4437992092517 7427.965836230989 1321.587044983075 1158.333251297228 1629.5026962136017 983.9790082205063 932.9362626099678 1756.1785625056282 1339.6390931527249 898.2178066464489 2235.2410795456535 963.5033774756298 670.6080851585875 1457.1900321940848 4495.5305508544925 1374.616030101437 602.917664593384 1029.5178782087432 1248.5658913911698 1107.2445422777746 1087.7730779236435 
1083.1238680692877 1104.9249241584603 1056.3953715964367 1529.2336906417777 1403.4437992092517 7427.965834906121 1321.587044983075 1158.333251297228 1629.2279514419647 983.9790082205063 932.9362626099678 1756.1783882037953 1339.6390931527249 898.2178066464394 2235.2410795456535 963.5033774756298 670.6080851585875 1457.1900320380391 4495.530375120733 1374.616030101437 602.9176015959843 1029.5178782087432 1248.5658913911698 1107.24454227777 1087.6560288907058 
1083.1238680692877 1104.9249241584603 1056.3953715964367 1529.2336906417777 1403.4437992092517 7427.965833204587 1321.587044983075 1158.333251297228 1629.2206430109782 983.9790082205063 932.9362626099678 1756.1783882037953 1339.6390931527249 898.2178066464376 2235.2410795456535 963.5033774756298 670.6080851585875 1457.1900320039103 4495.530375120733 1374.616030101437 602.9176015959843 1029.5178782087432 1248.5658913911698 1107.244542277751 1087.649298146006 
1083.1238680692877 1104.9249241584603 1056.3953715964367 1529.2336906417777 1403.4437992092517 7427.96583317377 1321.587044983075 1158.333251297228 1629.2197129073825 983.9790082205059 932.9362626099678 1756.1783435550992 1339.6390931527249 898.2178066464376 2235.2410795456535 963.5033774756298 670.6080851585875 1457.1900319988563 4495.530375120733 1374.616030101437 602.9176015959843 1029.5178782087432 1248.5658913911698 1107.244542277751 1087.6485376782593 
1083.1238680692877 1104.9249241584603 1056.3953715964367 1529.2336906417772 1403.4437992092517 7427.965795587799 1321.587044983075 1158.333251297228 1629.2196024571758 983.9790082205059 932.9362626099678 1756.1783435550992 1339.6390931527249 898.2178066464367 2235.2410795456535 963.5033774756298 670.6080851585875 1457.190031987183 4495.530375120733 1374.616030101437 602.9176015959843 1029.5178782087432 1248.5658913911698 1107.244542277751 1087.6485376782593 
1083.1238680692877 1104.9249241584603 1056.3953715964367 1497.6289486891656 1403.4437992092517 7427.965795587799 1321.587044983075 1158.333251297228 1629.2196024571758 983.9790082205059 932.9362626099678 1756.1778120671638 1339.6383487292078 898.2178066464362 2235.2410795456535 963.5033774756298 670.6080851585875 1457.190031985684 4495.530375120733 1374.616030101437 602.9174916358875 1029.5178782087432 1248.5658913911698 1107.244542277751 1087.6485376782593 
1083.1238680692877 1104.9249241584603 1056.3953715964367 1493.8767911332297 1403.4437992092517 7427.965795587799 1321.587044983075 1158.333251297228 1629.2188190903516 983.9790082205059 932.9362626099678 1756.1767018155679 1339.638338324607 898.2178066464362 2235.2410795456535 919.8769674859027 670.6080851585875 1457.1900319845367 4495.530375120733 1374.616030101437 602.917490211013 1029.5178782087432 1248.5658913911698 1107.244542277751 1087.6484436742112 
1083.1238680692877 1104.9249241584603 1056.3953715964367 1493.5171821744598 1403.4437992092517 7427.965795587799 1321.587044983075 1158.333251297228 1629.2188190903516 983.9790082205059 932.9362626099678 1756.1767018155679 1329.7571655731176 898.2178066464362 2235.2410795456535 917.3830990687366 670.6080851585875 1442.4163636848966 4495.530375120733 1374.616030101437 602.917490211013 1003.764344524775 1248.5658913911698 1107.244542277751 1087.648439475001 
1083.1238680692877 1104.9249241584603 1056.3953715964367 1493.5165061955413 1403.4437992092517 7427.965784914017 1321.587044983075 1145.9018257340858 1629.2175609839733 983.9790082205059 932.9362626099678 1756.1767018155679 1329.7571655731176 898.2178066464362 2235.2410795456535 916.1939051912914 670.6080851585875 1442.2846016042295 4495.530375120733 1374.616030101437 602.917481112916 1003.764344524775 1248.5658913911698 1107.244542277751 1087.6484392804969 
1083.1238680692877 1104.9249241584603 1056.3953715964367 1491.8982136027162 1403.4437992092517 7427.965782626798 1321.587044983075 1145.0967013996933 1629.2175609839733 983.9790082205059 932.9362626099678 1756.1762862507203 1329.7571655731176 898.2178066464362 2235.2410795456535 916.0965258592828 670.6080851585875 1442.2530700862308 4495.530375120733 1374.616030101437 602.9174810972108 1003.7632019279413 1248.5658913911698 1107.244542277751 1087.6484384627224 
1083.1238680692877 1104.9249241584603 1056.3953715964367 1488.028742878399 1403.4437992092517 7427.965782229992 1321.587044983075 1145.0615823616722 1629.2175609839733 983.9790082205059 932.9362626099678 1756.1762862507203 1329.7128228626707 898.2178066464362 2235.2410795456535 915.9931420176613 670.6080851585875 1442.2522972741003 4495.530375120733 1374.616030101437 602.9174810897257 1003.7078494154994 1248.5658913911698 1107.244542277751 1087.6484384627224 
1083.1238680692877 1104.9249241584603 1056.3953715964367 1488.028742878399 1403.4437992092517 7427.965782147661 1321.587044983075 1145.007423066108 1629.2175609839733 983.9790082205059 932.9362626099678 1756.1762862507203 1329.7128228626707 898.2178066464362 2235.2410795456535 915.9631669392734 670.6080851585875 1442.2512450387917 4495.530375120733 1374.616030101437 602.9174810897257 1002.9023988610675 1248.5658913911698 1107.244542277751 1087.6484380411412 
1083.1238680692877 1104.9249241584603 1056.3953715964367 1488.028742372424 1398.7166520450814 7427.965782049363 1321.587044983075 1144.9498744367402 1629.2175609839733 983.9790082205059 932.9362626099678 1756.1762862507203 1329.7004179925516 898.2178066464362 2235.2410795456535 914.9998382178437 670.6080851585875 1442.2512450387917 4468.975909850494 1374.616030101437 602.9174810771283 1002.9023988610675 1248.5658913911698 1107.244542277751 1087.6484380411412 
1083.1238680692877 1104.9249241584603 1056.3953715964367 1487.1621594815906 1382.494536060232 7427.965757322343 1321.055268806832 1144.9498744367402 1629.217560937262 983.9790082205059 932.9362626099678 1756.1762862507203 1329.7004179925516 898.2178066464362 2235.2410795456535 914.9885499412198 670.6080851585875 1442.2483960624104 4465.324454933245 1374.616030101437 602.9174810771283 1002.8935470494071 1248.5658913911698 1107.244542277751 1087.6484380411412 
1083.1238680692877 1104.9249241584603 1056.3953715964367 1487.1342266910287 1382.494536060232 7427.965481538746 1311.20559051189 1144.9429498259697 1629.217560937262 983.9790082205059 932.9362626099678 1756.1762841726295 1329.6983601005795 898.2178066464362 2235.2410795456535 914.9747906266839 670.6080851585875 1442.248341731286 4463.664531355714 1374.616030101437 602.9174810771278 1002.8935470494071 1248.5658913911698 1107.244542277751 1087.6484380411412 
1083.1238680692877 1104.9249241584603 1056.3953715964367 1486.4142078225395 1378.6037711942122 7427.965478752249 1310.9802581709764 1144.9419464807215 1629.217560937262 983.9790082205059 932.9362626099678 1756.1762777397016 1329.6983601005795 898.2178066464362 2235.2410795456535 914.9745678148884 670.6080851585875 1442.2482036191068 4463.65930059576 1374.616030101437 602.9174810771274 1002.8935470494071 1248.5658913911698 1107.244542277751 1087.6484380411407 
1083.1238680692877 1104.9249241584603 1056.3953715964367 1486.4074541417958 1378.6037711942122 7427.965477721049 1293.930100698739 1144.940198176981 1629.217560937262 983.9790082205059 932.9362626099678 1756.1762777397016 1274.305906014898 898.2178066464362 2235.2410795456535 914.9745678148884 670.6080851585875 1442.248159670527 4463.655553638921 1374.616030101437 602.9174810771274 1002.8935470494071 1248.5658913911698 1107.244542277751 1087.648437811452 
1083.1238680692877 1104.9249241584603 1056.3953715964367 1486.3270663960043 1378.5185356228908 7427.965477217225 1292.9844590077305 1144.9379043364406 1629.217499049324 983.9790082205059 932.9362626099678 1756.1762776730475 1274.3053953762137 898.2178066464362 2235.2410795456535 914.9745245589302 670.6080851585875 1442.248032545339 4463.654970471408 1374.616030101437 602.9174810771274 1002.8935022863029 1248.5658913911698 1107.244542277751 1087.6484378106557 
1083.1238680692877 1104.9249241584603 1056.3953715964367 1486.3270086644188 1378.5162375051987 7427.965477217225 1292.3939834896073 1144.9378740258226 1629.2174947507756 983.9790082205059 932.9362626099678 1756.1762776730475 1273.773399435101 898.2178066464362 2235.2410795456535 914.9734331168393 670.6080851585875 1442.247981447401 4462.755116710145 1374.616030101437 602.9174810771274 1002.8935022863029 1248.5658913911698 1107.244542277751 1087.6484378079167 
1083.1238680692877 1104.9249241584603 1056.3953715964367 1486.3228381899035 1364.0505660333188 7427.965477159782 1292.279160756063 1144.9374269779246 1629.2174947507756 983.8958597865685 932.9362626099678 1756.1762776730475 1270.0723419611863 898.2178066464362 2235.2410795456535 914.973225473771 670.6080851585875 1442.247981447401 4462.638555252624 1374.616030101437 602.9174810771274 1002.8935022863029 1248.5658913911698 1107.244542277751 1087.6479009171376 
1083.1238680692877 1104.9249241584603 1056.3953715964367 1486.3176313569966 1360.2924860561548 7427.965477159782 1292.205170604706 1144.937413197059 1629.2174947507756 983.8958597865685 932.9362626099678 1756.1762776730475 1269.4346454129327 898.2178066464362 2235.2410795456535 914.9702088885992 670.6080851585875 1442.247981447401 4462.638555252624 1374.616030101437 602.9174810771274 1002.8933081620071 1248.5658913911698 1107.244542277751 1087.6479009171376 
1083.1238680692877 1104.9249241584603 1056.3953715964367 1486.315237980828 1359.6350454447065 7427.965477159782 1292.1625908008027 1144.93741209486 1629.2174947507756 983.8916219460743 932.9362626099678 1756.1762776730475 1269.1600032667538 898.2178066464362 2235.2410795456535 914.9701556664963 670.6080851585875 1442.2479814469389 4462.531202017223 1374.616030101437 602.9174810771274 1002.8932991501524 1248.5658913911698 1107.244542277751 1087.6479009171376 
1083.1238680692877 1104.9249241584603 1056.3953715964367 1486.315237980828 1359.607851445593 7427.965477159782 1292.1501035668698 1144.9374104511176 1629.2174947507756 983.887916082022 932.9362626099678 1756.1762776552641 1269.1600032667538 898.2178066464362 2235.2410795456535 914.9701282493593 670.6080851585875 1442.2478628269896 4446.249572517357 1374.616030101437 602.9174810771274 1002.8932956596095 1248.5658913911698 1107.244542277751 1087.6479009171376 
1083.1238680692877 1104.9249241584603 1056.3953715964367 1486.315237980828 1359.5716296048677 7427.965477159778 1292.1501035668698 1144.9374100505229 1629.2174947507756 983.8836880403414 932.9362626099678 1756.1762776552641 1269.1372205618263 797.1712176484498 2235.2410795456535 914.9698619421933 670.6080851585875 1442.2478628269896 4445.929640268243 1374.616030101437 602.9174810771274 1002.8932955141713 1248.5658913911698 1107.244542277751 1087.6479009171376 
1083.1238680692877 1104.9249241584603 1056.3953715964367 1486.315237980828 1359.5716296048677 7427.965477159778 1292.1501035668698 1144.9374100504015 1629.2165241950806 983.8834339512678 932.9362626099678 1756.1762776552641 1269.1372205618263 789.427065360484 2235.2410795456535 914.9698619421933 670.6080851585875 1442.2478628269896 4444.939451934689 1374.616030101437 602.9174810771274 1002.8932954862439 1248.5658913911698 1107.244542277751 1087.6479009171376 
1083.1238680692877 1104.9249241584603 1056.3953715964367 1486.3145962876338 1359.5325200367097 7427.965477159778 1292.1480570276208 1144.9374100504015 1629.2165241950806 983.8833511992361 932.9362626099678 1756.1762776552641 1269.1372205618263 788.257581862923 2235.2410795456535 914.9698609803013 670.6080851585875 1442.2478628216359 4444.931776514073 1374.616030101437 602.9174810771274 1002.8932954799575 1248.5658913911698 1107.244542277751 1087.6479009171376 
1083.1238680692877 1104.9249241584603 1056.3953715964367 1486.3145960743432 1359.532234338154 7427.965477159778 1292.148041374252 1144.9374097351779 1629.2165241950806 983.8833511992361 932.9362626099678 1756.1762776552641 1269.1372074269866 786.0264808452198 2235.2410795456535 914.9698606410689 670.6080851585875 1442.2478628216359 4444.925502478959 1374.616030101437 602.9174810771274 1002.8932954799575 1248.5658913911698 1107.244542277751 1087.6479009171376 
1083.1238680692877 1104.9249241584603 1056.3953715964367 1486.3145955435357 1359.532234338154 7427.965477159778 1292.147973506514 1144.937409734182 1629.2165241950806 983.8833505111497 932.9362626099678 1756.1762776552641 1269.1358385282365 785.3290612086821 2235.2410795456535 914.9698587904368 670.6080851585875 1442.24786277055 4444.908035882177 1374.616030101437 602.9174810771274 1002.8932954799575 1248.5658913911698 1107.244542277751 1087.6479009171376 
1083.1238680692877 1104.9249241584603 1056.3953715964367 1486.3145955435357 1359.5315740645974 7427.965477159778 1292.139698476025 1144.937409734182 1629.2156145932804 983.8833503530786 932.9362626099678 1756.1762776552637 1269.1358170655758 680.5069807871591 2235.2410795456535 914.9698571504741 670.6080851585875 1442.2478627697833 4444.908035882177 1374.616030101437 602.9174810771274 1002.8932954799575 1248.5658913911698 1107.244542277751 1087.6479009171376 
1083.1238680692877 1104.9249241584603 1056.3953715964367 1486.3145955435357 1359.5315740645974 7427.965477159778 1292.139504047237 1144.937409734182 1629.2156145932804 983.8833503530786 932.9362626099678 1756.17627764816 1269.135817036742 668.1217597771024 2235.2410795456535 914.9698571504741 670.6080851585875 1442.2478627681817 4444.907842145717 1374.616030101437 602.9174810771274 1002.8932954799448 1248.5658913911698 1107.244542277751 1087.6476411939911 
1083.1238680692877 1104.9249241584603 1056.3953715964367 1486.3145955435357 1359.5312746789682 7427.965477159778 1292.1393895811425 1144.9374097179016 1629.2155998751432 983.8833500872452 932.9362626099678 1756.17627764816 1269.135817036742 662.1243455162275 2235.2410795456535 914.9698571504741 670.6080851585875 1442.247862768123 4444.907773358488 1374.616030101437 602.9174810771274 1002.8932954799407 1248.5658913911698 1107.244542277751 1087.6476191459183 
1083.1238680692877 1104.9249241584603 1056.3953715964367 1486.3145955009559 1359.5312746789682 7427.965477159778 1292.1393895811425 1144.9374097128625 1629.215598853361 983.8833500547007 932.9362626099678 1756.17627764816 1269.135817036742 658.0014846186968 2235.2410795456535 914.9698571504741 670.6080851585875 1442.247862768089 4444.907773358488 1374.616030101437 602.9174810771274 1002.8932954799402 1248.5658913911698 1107.244542277751 1087.6476188613733 
1083.1238680692877 1104.9249241584603 1056.3953715964367 1486.3145955008517 1359.5312746789682 7427.965477157479 1292.1375812758288 1144.9374097128625 1629.215598853361 983.8833500547007 932.9362626099678 1756.17627764816 1269.1340828819198 653.8709617786758 2235.2410795456535 914.9698571504741 670.6080851585875 1442.2478627680475 4444.907747223053 1374.616030101437 602.9174810771274 1002.8932954799393 1248.5658913911698 1107.244542277751 1087.6476188613733 
1083.1238680692877 1104.9249241584603 1056.3953715964367 1486.3145955008404 1359.5311455345218 7427.965477157479 1292.1375347931898 1144.9374097128625 1629.2155988228906 983.8833500547007 932.9362626099678 1756.17627764816 1269.1340828819198 652.895542961327 2235.2410795456535 914.9698571504741 670.6080851585875 1442.2478627680475 4444.907746661347 1374.616030101437 602.9174810771274 1002.8932954799379 1248.5658913911698 1107.244542277751 1087.6476188603465 
1083.1238680692877 1104.9249241584603 1056.3953715964367 1486.3145955007622 1359.5311455345218 7427.965477157479 1292.137534509753 1144.9374097128234 1629.2155988178097 983.8833500523597 932.9362626099678 1756.17627764816 1269.1340828819198 652.8939228855406 2235.2410795456535 914.9698571504741 670.6080851585875 1442.2478627680462 4444.9077405859 1374.616030101437 602.9174810771274 1002.8932954799379 1248.5658913911698 1107.244542277751 1087.6476188603465 
1083.1238680692877 1104.9249241584603 1056.3953715964367 1486.3145955007385 1359.5308299245653 7427.965477157475 1292.137534509753 1144.9374097128234 1629.2155988164322 983.8833500523597 932.9362626099678 1756.17627764816 1269.1340828819198 652.8761582467973 2235.2410795456535 914.9697068383366 670.6080851585875 1442.2478627680462 4444.907740150549 1374.616030101437 602.9174810771274 1002.8932954799379 1248.5658913911698 1107.244542277751 1087.6476188603465 
1083.1238680692877 1104.9249241584603 1056.3953715964367 1486.314595500734 1359.5308299245653 7427.965477157475 1292.1375306399495 1144.9374097128184 1629.2155988148374 983.8833500523597 932.9362626099678 1756.17627764816 1269.1340828819198 652.8761582467973 2235.2410795456535 914.9696630151707 670.6080851585875 1442.2478627680457 4444.907738923214 1374.616030101437 602.9174810771274 1002.8932954799379 1248.5658913911698 1107.244542277751 1087.6476188603465 
1083.1238680692877 1104.9249241584603 1056.3953715964367 1486.314595500734 1359.5308299245653 7427.965477157475 1292.137526168155 1144.9374097128175 1629.2155988148374 983.8833500523597 932.9362626099678 1756.17627764816 1269.1340828819198 652.8688244374061 2235.2410795456535 914.9696602940139 670.6080851585875 1442.2478627680457 4444.907738717304 1374.616030101437 602.9174810771274 1002.8932954799379 1248.5658913911698 1107.244542277751 1087.6476188602737 
1083.1238680692877 1104.9249241584603 1056.3953715964367 1486.3145955007299 1359.5308299245653 7427.965477157475 1292.137526168155 1144.9374097128175 1629.215598814746 983.8833500523588 932.9362626099678 1756.17627764816 1269.1340828819198 652.8688244374061 2235.2410795456535 914.9696579828665 670.6080851585875 1442.2478627680457 4444.907738689414 1374.616030101437 602.9174810771274 1002.8932954799379 1248.5658913911698 1107.244542277751 1087.6476188601869 
1083.1238680692877 1104.9249241584603 1056.3953715964367 1484.3834073954358 1359.5308299245653 7427.965477157475 1292.1375136226966 1144.9374097128175 1629.215598814746 983.8833500523588 932.9362626099678 1756.17627764816 1269.1340828819198 652.8688244374061 2235.2410795456535 914.9696577165087 670.6080851585875 1442.2478627680448 4444.907738689414 1374.616030101437 602.9174810771274 1002.8932954799379 1248.5658913911698 1107.244542277751 1087.6476188601805 
1083.1238680692877 1104.9249241584603 1056.3953715964367 1484.3070266412465 1359.5308299245653 7427.965477157475 1292.1375130431752 1144.9374097128166 1629.215598814746 983.8833500523588 932.9362626099678 1756.17627764816 1269.1320146560165 650.8258750353621 2219.309332311168 914.9696575854723 670.6080851585875 1442.2478627680448 4444.907738689414 1374.616030101437 602.9174810771274 1002.8932954799379 1248.5658913911698 1107.244542277751 1087.6476188601805 
1083.1238680692877 1104.9249241584603 1056.3953715964367 1484.0317574452893 1123.6646517068934 7427.965477157475 1292.137512998349 1144.9374097128166 1629.215598814746 983.8833500523588 932.9362626099678 1756.17627764816 1269.1320041976187 589.4449274502613 2218.7804476363053 914.9696575362268 670.6080851585875 1442.2478627680448 4444.907738689414 1374.616030101437 584.5755637583852 1002.8932954799379 1248.5658913911698 1107.244542277751 1087.6476188601805 
1083.1238680692877 1104.9249241584603 1056.3953715964367 1484.0317574452893 986.7643653014438 7427.965477157475 1292.137512998349 1144.9374097128166 1629.215598814746 983.8833500523588 932.9362626099678 1756.17627764816 1269.1320019686118 570.7468275404262 2218.7804476363053 914.9696575362268 670.6080851585875 1442.2478627680448 4444.907738689414 1374.616030101437 584.5646109566887 1002.8932954799379 1248.5658913911698 1107.244542277751 1087.6476188601805 
1083.1238680692877 1104.9249241584603 1056.3953715964367 1484.0317574452893 981.0163696401883 7427.965477157475 1292.137512998349 1144.9374097128166 1629.2155988147451 983.8833500523588 932.9362626099678 1756.17627764816 1269.1320019006707 568.6167509590036 2218.7658978760273 914.9696575362268 670.6080851585875 1442.2478627680448 4444.907738689414 1374.616030101437 584.5646109566887 1002.8932954799379 1244.2033250944842 1107.244542277751 1087.6476188601805 
1083.1238680692877 1104.9249241584603 1056.3953715964367 1484.0317574452893 959.138260037329 7427.965477157475 1292.1375129965845 1144.9374097128166 1629.2155988147451 983.8833500523588 932.9362626099678 1756.17627764816 1269.1320018319789 564.1889137408534 2218.763855252449 914.9696575246589 670.6080851585875 1442.2478627680448 4444.907738689414 1374.616030101437 584.4954594377805 1002.8932954799379 1242.6299398324018 1107.244542277751 1087.6476188601805 
1083.1238680692877 1104.9249241584603 1056.3953715964367 1484.0317574452893 953.9580462086069 7427.965477157475 1292.137512851311 1144.9374097128166 1629.2155988147451 966.9040333128787 932.9362626099678 1756.17627764816 1269.1320018319789 564.1889137408534 2218.7531027600353 914.9696575232115 670.6080851585875 1442.2478627680448 4444.9077386873705 1374.616030101437 584.4551491435122 1002.8932954799379 1242.6299398324018 1107.244542277751 1087.64761886018 
1083.1238680692877 1104.9249241584603 1056.3953715964367 1484.0317574452893 950.143234888053 7427.965477157475 1292.137512851311 1144.9374097128166 1629.2155988147451 966.0796305940949 932.9362626099678 1756.17627764816 1269.1320018317647 564.1889137408534 2218.753032042901 914.9696575232115 670.6080851585875 1442.2478627680448 4444.906489353859 1353.3034169890525 584.4490546191523 1002.8932954799379 1242.6299398324018 1107.244542277751 1087.64761886018 
1083.1238680692877 1104.9249241584603 1056.3953715964367 1484.0257408310927 946.699467784732 7427.965477157475 1292.137512851311 1144.9374097128166 1629.2155988147451 964.1740705955781 932.9362626099678 1756.17627764816 1269.1320018317647 563.5498598105773 2218.7526272202995 914.9696575118742 670.6080851585875 1442.2478627680448 4444.906489353859 1353.3034169890525 584.4489766768279 1002.8932954799379 1242.6021877268286 1107.244542277751 1087.64761886018 
1083.1238680692877 1104.9249241584603 1056.3953715964367 1484.025252355861 943.9611689330168 7427.965477157475 1292.137512851311 1144.9374097128166 1629.2155988147451 964.1183555584071 932.9362626099678 1756.17627764816 1269.1320018260885 562.8570556782547 2218.752452218628 914.9696575118742 670.6080851585875 1442.2478627680448 4444.906488254164 1353.3034169890525 584.4402876496142 1002.8932954799379 1242.6021877268286 1107.244542277751 1087.64761886018 
1059.4601189542263 1104.9249241584603 1056.3953715964367 1484.025252355861 935.8977176676185 7427.965477157475 1292.137512851311 1144.9374097128166 1629.2155988147451 964.1155257521887 932.9362626099678 1756.17627764816 1269.1320018260885 562.831916321019 2218.752449830898 914.9696575118742 670.6080851585875 1442.2478627680448 4444.906488254164 1353.3034169890525 584.4370273915115 1002.8932954799379 1242.6021877268286 1107.244542277751 1087.64761886018 
1058.834224743172 1104.9249241584603 1056.3953715964367 1484.025252337582 935.5638703039976 7427.965477157475 1292.137512851311 1144.9374097128166 1629.2155988147451 963.8624428708549 932.9362626099678 1756.17627764816 1269.1320018253568 562.813180993463 2218.752449830898 914.9696575118742 670.6080851585875 1442.2478627680448 4444.906488254164 1353.3034169890525 584.4347978138267 1002.8932954799379 1242.5589692773983 1107.244542277751 1087.64761886018 
1058.8183509226105 1104.9249241584603 1056.3953715964367 1484.025252337582 935.2132263721933 7427.965477157475 1292.137512851311 1144.9374097128166 1629.2155988147451 963.8594449792395 932.9362626099678 1756.17627764816 1269.1320018253527 562.8081306078243 2218.7524497712293 914.9696575116827 670.6080851585875 1442.2478627680448 4444.906488254164 1353.3034169890525 584.4341360317039 1002.8932954799379 1242.5589692773983 1107.244542277751 1087.64761886018 
1058.8112747793662 1104.9249241584603 1056.3953715964367 1484.0252523077206 935.1991623290673 7427.965477157475 1292.137512851311 1144.9374097128166 1629.2155988147451 963.8518790993853 932.9362626099678 1756.17627764816 1269.1320018253527 562.8043101894045 2218.7524497712293 914.9696575116827 670.6080851585875 1442.2478627680448 4444.906488254164 1353.3034169890525 584.4339238979082 1002.8932954799379 1242.5589692773983 1107.244542277751 1087.64761886018 
1058.8087609172562 1104.9249241584603 1056.3953715964367 1484.0252522966239 935.1991623290673 7427.965477157475 1292.13751285131 1144.9374097128157 1629.2155988147451 963.8508263336757 932.9362626099678 1756.17627764816 1269.1320018253418 562.8019236142263 2218.7524497712293 914.9696575116641 670.6080851585875 1442.2478627680448 4444.906487786333 1353.3034169890525 584.4339005248921 1002.8932954799379 1242.5589692773983 1107.244542277751 1087.64761886018 
1058.8049977895862 1104.9249241584603 1056.3953715964367 1484.0252522892206 935.1942050626567 7427.965477157475 1292.1375128513096 1144.9374097128157 1629.2155988147451 963.822306652266 932.9362626099678 1756.17627764816 1269.132001825341 562.8019088173023 2218.7524497712293 914.9696575116632 670.6080851585875 1442.2478627680448 4444.2219160622135 1353.301810578857 584.4338534014428 1002.8932954799379 1242.5589692773983 1107.244542277751 1087.64761886018 
1058.8049750299892 1104.9249241584603 1056.3953715964367 1484.0252522836977 935.1941956664159 7427.965477157475 1292.1375128513096 1144.9374097128157 1629.2155988147451 963.822306652266 932.9362626099678 1756.17627764816 1269.1236267318263 562.8014001456586 2218.7524497712293 914.9696575116632 670.6080851585875 1442.2478627680448 4444.015442549924 1353.301801962663 584.4275615020747 1002.8932954799379 1242.5589692773983 1107.244542277751 1087.64761886018 
1058.8048238817883 1104.9249241584603 1056.3953715964367 1484.0252522782812 935.1941931327428 7427.965477157475 1292.1375128513096 1144.9374097128157 1629.2155988147451 963.814029799466 932.9362626099678 1756.17627764816 1269.1236267318263 562.8014001456586 2218.7524472711434 914.9696575116632 670.6080851585875 1442.2478627680448 4444.015442549924 1353.3017893489678 584.4275615020747 1002.8932954799379 1242.5589692773983 1107.244542277751 1087.64761886018 
1058.8048238817883 1104.9249241584603 1056.3953715964367 1484.0252522782812 935.1931720907737 7427.965477157475 1292.1375128513096 1144.9374097128157 1629.2155988147451 963.814029799466 932.9362626099678 1756.17627764816 1269.1236267318263 562.7976961920813 2218.7524458883136 914.9696575116632 670.6080851585875 1442.2478627680448 4444.015442549924 1353.3017893489678 584.4272168765629 1002.8932954799379 1242.5589692773983 1107.244542277751 1087.64761886018 
1058.8038611142474 1104.9249241584603 1056.3953715964367 1484.0252522741985 935.1929970482943 7427.965477157475 1292.1375128513096 1144.9374097128157 1629.2155988147451 963.8108683381702 932.9362626099678 1756.17627764816 1269.11188378095 562.7976416982888 2218.7524458076873 914.9696575116632 670.6080851585875 1442.2478627680448 4444.015442549924 1353.301757773444 584.4272142330683 1002.8932954799379 1242.5564232008282 1107.244542277751 1087.64761886018 
1058.8038104469597 1104.9249241584603 1056.3953715964367 1484.0252522510236 935.1869281766617 7427.965477157475 1292.1375128513096 1144.9374097128157 1629.2155988147451 963.8108592856765 932.9362626099678 1756.17627764816 1269.1113932205963 562.7976225296484 2218.7524458076873 914.9696575116632 670.6080851585875 1442.2478627680448 4444.006414520752 1353.301757773444 584.4268633785432 1002.8932954799379 1242.550543219435 1107.244542277751 1087.64761886018 
1058.803808677987 1104.9249241584603 1056.3953715964367 1484.0252522510236 935.1868921125024 7427.965477157475 1292.1375128513096 1144.9374097128157 1629.2155988147451 963.8108592856765 932.9362626099678 1756.17627764816 1269.1113476268947 562.7976096702519 2218.752445775458 914.9696575116632 670.6080851585875 1442.2478627680448 4444.004531603196 1353.3017577717096 584.4264440211232 1002.8932954799379 1242.550543219435 1107.244542277751 1087.64761886018 
1058.803798085648 1104.9249241584603 1056.3953715964367 1484.025252249443 935.1868742038982 7427.965477157475 1292.1375128289396 1144.9374097128157 1629.2155988147451 963.8108592856765 932.9362626099678 1756.17627764816 1269.1113476268947 562.7976096702519 2218.7524457649265 914.9696575116632 670.6080851585875 1442.2478627680448 4444.004531603196 1353.3017577717096 584.426392371669 1002.8932954799379 1242.549024504719 1107.244542277751 1087.64761886018 
1058.8037612423977 1104.9249241584603 1056.3953715964367 1484.0252522474702 935.1868742038982 7427.965477157475 1292.1375128289396 1144.9374097128157 1629.2155988147451 963.8108592856765 932.9362626099678 1756.17627764816 1269.111346948157 562.7976096702519 2218.752445762841 914.9696575116632 670.6080851585875 1442.2478627680448 4444.004531603196 1353.3017577717096 584.4263884535962 1002.8932954799379 1242.549024504719 1107.244542277751 1087.64761886018 
1058.80375160914 1104.9249241584603 1056.3953715964367 1484.0252522474702 935.1868742038982 7427.965477157475 1292.1375128289396 1144.9374097128157 1629.2155988147451 963.8108138357493 932.9362626099678 1756.17627764816 1269.1113454415045 562.7976096249695 2218.7524457627446 914.9696575116632 670.6080851585875 1442.2478627680448 4444.004531603196 1353.3017577716628 584.4263773478465 1002.8932954799379 1242.549024504719 1107.244542277751 1087.64761886018 
1058.8037423478581 1104.9249241584603 1056.3953715964367 1484.0252522468272 935.1868741528751 7427.965477157475 1292.1375128289383 1144.9374097128157 1629.2155988147451 963.8108138357493 932.9362626099678 1756.17627764816 1269.1113440677564 562.7976096249695 2218.7524457627105 914.9696575116632 670.6080851585875 1442.2478627680448 4444.004531603196 1353.3017577716628 584.426375452279 1002.8932954799379 1242.549024504719 1107.244542277751 1087.64761886018 
1058.8037372974036 1104.9249241584603 1056.3953715964367 1484.0252522468268 935.186874103736 7427.965477157475 1292.1375128289383 1144.9374097128157 1629.2155988147451 963.8108138357493 932.9362626099678 1756.17627764816 1269.1113440677564 562.7976096249695 2218.752445762693 914.9696575116632 670.6080851585875 1442.2478627680448 4444.004531603196 1353.3017577716623 584.426375452279 1002.8932954799379 1242.548903450935 1107.244542277751 1087.64761886018 
1058.8037366579883 1104.9249241584603 1056.3953715964367 1484.0252522468268 935.1868741015041 7427.965477157475 1292.1375128289383 1144.9374097128157 1629.2155988147451 963.8108138344028 932.9362626099678 1756.17627764816 1269.1113439884539 562.7976096249695 2218.7524457626755 914.9696575116632 670.6080851585875 1442.2478627680448 4444.004531603196 1353.3017577716623 584.426375452279 1002.8932954799379 1242.548903450935 1107.244542277751 1087.64761886018 
1058.8037366229692 1104.9249241584603 1056.3953715964367 1484.0252522468268 935.1868741014578 7427.965477157475 1292.1375128289383 1144.9374097128157 1629.2155988147451 963.8108138220709 932.9362626099678 1756.17627764816 1269.111343985206 562.7976096249695 2218.752445018916 914.9696575116632 670.6080851585875 1442.2478627680448 4444.004531603196 1353.3017562547857 584.4263749509478 1002.8932954799379 1242.5488982957895 1107.244542277751 1087.64761886018 
1058.8037362452515 1104.9249241584603 1056.3953715964367 1484.0252522468254 935.1868741005205 7427.965477157475 1292.1375128289383 1144.9374097128157 1629.2155988147451 963.8108138209209 932.9362626099678 1756.17627764816 1269.1113439844376 562.7976096249695 2218.752445018916 914.9696575116632 670.6080851585875 1442.2478627680448 4444.003934860541 1353.3017562520608 584.4263749010197 1002.8932954799379 1242.5488971155255 1107.244542277751 1087.64761886018 
1058.8037362452515 1104.9249241584603 1056.3953715964367 1484.0252522468245 935.186856480318 7427.965477157475 1292.1375128289383 1144.9374097128157 1629.2155988147451 963.810813819171 932.9362626099678 1756.17627764816 1269.1113439839096 562.7976096249695 2218.752444885765 914.9696575116632 670.6080851585875 1442.2478627680448 4444.003934860541 1353.3017562479117 584.4263748927838 1002.8932954799379 1242.5488953545819 1107.244542277751 1087.64761886018 
1058.8037362452515 1104.9249241584603 1056.3953715964367 1484.0252522468245 935.186856480318 7427.965477157475 1292.1375128289383 1144.9374097128157 1629.2155988147451 963.80925251077 932.9362626099678 1756.17627764816 1269.1113439838846 562.7976096249686 2213.9603570649297 914.9696575116632 670.6080851585875 1442.2478627680448 4444.003934860541 1353.3015996846752 584.4263748753565 1002.8932954799379 1242.5488953545819 1107.244542277751 1087.64761886018 
1058.8036918033858 1104.9249241584603 1056.3953715964367 1484.0252522468245 935.186856480318 7427.965477157475 1292.1375128289383 1144.9374097128157 1629.2155988147451 963.80925251077 932.9362626099678 1756.17627764816 1269.1113439838746 562.7976067851832 2213.8585980321277 914.9696575116632 670.6080851585875 1442.2478627680448 4444.003934860541 1353.3015996846752 584.4263748708108 1002.8932954799379 1242.548895164934 1107.244542277751 1087.64761886018 
1058.8036169925103 1104.9249241584603 1056.3953715964367 1484.0252522468245 935.186856480318 7427.965477157475 1292.1375128289383 1144.9374097128157 1629.2155988147451 963.80925251077 932.9362626099678 1756.17627764816 1269.1113439838641 562.7976067851832 2213.853924831377 914.9696575116632 670.6080851585875 1442.2478627680448 4444.0028173982455 1353.3015996846752 584.4263748707172 1002.8932954799379 1242.548895100862 1107.244542277751 1087.64761886018 
1058.8036169892293 1104.9249241584603 1056.3953715964367 1484.0251283630837 935.186856480318 7427.965477157475 1292.1375128289383 1144.9374097128157 1629.2155988147451 963.80925251077 932.9362626099678 1756.17627764816 1269.1113439838628 562.7976063073502 2213.8536716788417 914.9696575116632 670.6080851585875 1442.2478627680448 4444.0028173982455 1353.3015996654112 584.4263748707126 1002.8932954799379 1242.5488950973554 1107.244542277751 1087.64761886018 
1058.8036163522384 1104.9249241584603 1056.3953715964367 1484.0251283630837 935.186856480318 7427.965477157475 1292.1375128289383 1144.9374097128157 1629.2155988147451 963.80925251077 932.9362626099678 1756.17627764816 1269.1113439838628 562.797606236928 2213.8536716788417 914.9696575116632 670.6080851585875 1442.2478627680448 4444.0028173982455 1353.301599617384 584.4263748707126 1002.8932954799379 1242.5488950973554 1107.244542277751 1087.64761886018 
1058.8036160491984 1104.9249241584603 1056.3953715964367 1484.0251283630837 935.186856480318 7427.965477157475 1292.1375128289383 1144.9374097128157 1629.2155988147451 963.80925251077 932.9362626099678 1756.17627764816 1269.1113439838614 562.7976062354719 2213.848351805543 914.9696575116632 670.6080851585875 1442.2478627680448 4444.002813867244 1353.301599617384 584.4263748707099 1002.8932954799379 1242.5488950973554 1107.244542277751 1087.64761886018 
1058.8036160491984 1104.9249241584603 1056.3953715964367 1484.0251283630837 935.186856480318 7427.965477157475 1292.1375128289383 1144.9374097128157 1629.2155988147451 963.80925251077 932.9362626099678 1756.17627764816 1269.11134398386 562.7976062348607 2213.8481213024347 914.9696575116632 670.6080851585875 1442.2478627680448 4444.0028108947245 1330.7634706512163 584.4263748707099 1002.8932954799379 1242.548407000309 1107.244542277751 1087.64761886018 
1058.8036160491984 1104.9249241584603 1056.3953715964367 1484.0251283630837 935.186856480318 7427.965477157475 1292.1375128289383 1144.9374097128157 1629.2155988147451 963.80925251077 932.9362626099678 1756.17627764816 1269.11134398386 562.7976062348357 2213.8479229184027 914.9696575116632 670.6080851585875 1442.2478627680448 4444.002810841797 1330.7634706512163 584.4263748707099 1002.8932954799379 1242.5480339883748 1107.244542277751 1087.64761886018 
1058.8036160491984 1104.9249241584603 1056.3953715964367 1484.0251283630837 935.186856480318 7427.965477157475 1292.1375128289383 1144.9374097128157 1629.2155988147451 963.80925251077 932.9362626099678 1756.17627764816 1269.11134398386 562.7976062348357 2213.847853698988 914.9696575116632 670.6080851585875 1442.2478627680448 4444.002810838271 1330.7634706512163 584.4263748707099 1002.8932954799379 1242.5480167684045 1107.244542277751 1087.64761886018 
1058.8036160491984 1104.9249241584603 1056.3953715964367 1484.0250499581234 935.186856480318 7427.965477157475 1292.1375128289383 1144.9374097128157 1629.2155988147451 963.80925251077 932.9362626099678 1756.17627764816 1269.11134398386 562.7976062348262 2213.847839992539 914.9696575116632 670.6080851585875 1442.2478627680448 4444.002810750196 1330.7634706512163 584.4263743137672 1002.8932954799379 1242.5480154332708 1107.244542277751 1087.64761886018 
1058.8036160491984 1104.9249241584603 1056.3953715964367 1484.0250461929518 935.186856480318 7427.965477157475 1292.1375128289383 1144.9374097128157 1629.2155988147451 963.80925251077 932.9362626099678 1756.17627764816 1269.11134398386 562.7976062348262 2213.8478396777077 914.9696575116632 670.6080851585875 1442.2478627680448 4444.002810750196 1330.7549887171513 584.4263743137672 1002.8932954799379 1242.548014489761 1107.244542277751 1087.64761886018 
1058.803616041805 1104.9249241584603 1056.3953715964367 1484.02504536602 935.186856480318 7427.965477157475 1292.1375128289383 1144.9374097128157 1629.2155988147451 963.8092525107695 932.9362626099678 1756.17627764816 1269.11134398386 562.7976062348262 2213.8478396777077 914.9696575116632 670.6080851585875 1442.2478627680448 4444.002810750196 1330.7549887171513 584.4263743137672 1002.8932954799379 1242.548013260057 1107.244542277751 1087.64761886018 
1058.803616041805 1104.9249241584603 1056.3953715964367 1484.02504536602 935.186856480318 7427.965477157475 1292.1375128289383 1144.9374097128157 1629.2155988147451 963.8092525107695 932.9362626099678 1756.17627764816 1269.11134398386 562.7976062348262 2213.8478396777077 914.9696575116632 670.6080851585875 1442.2478627680448 4443.9760386292455 1330.7549887171513 584.4263743137672 1002.8932954799379 1242.548013260057 1107.244542277751 1087.64761886018 
1058.8036160418033 1104.9249241584603 1056.3953715964367 1484.0250453033505 935.186856480318 7427.965477157475 1292.1375128289383 1144.9374097128157 1629.2155988147451 963.8092525107695 932.9362626099678 1739.8089996603376 1269.11134398386 562.7976062348253 2213.8478392082475 914.9696575116632 670.6080851585875 1442.2478627680448 4443.935491794659 1330.7549887171513 584.4263741344221 1002.8932954799379 1242.548013260057 1107.244542277751 1087.64761886018 
1058.8036160418033 1104.9249241584603 1056.3953715964367 1484.0250452977057 935.186856480318 7427.965477157475 1292.1375128289383 1144.9374097128157 1629.2155988147451 963.8092525107695 932.9362626099678 1738.8008220726097 1269.11134398386 562.7976062348253 2213.8478392082475 914.9696575116632 670.6080851585875 1442.2478627680448 4443.934461067586 1330.7549887171513 584.4263741344221 1002.8932954799379 1242.548013260057 1107.244542277751 1087.64761886018 
1058.8036160418033 1104.9249241584603 1056.3953715964367 1484.0250452977057 935.186856480318 7427.965477157475 1292.1375128289383 1144.9374097128157 1629.2155988147451 963.8092236812458 932.9362626099678 1738.8008220726097 1269.11134398386 562.7976062348253 2213.847839188561 914.9696575116632 670.6080851585875 1442.2478627680448 4443.933609281384 1330.754446459293 584.4263741344221 1002.8932954799379 1242.5480132542543 1107.244542277751 1087.64761886018 
1058.8036160418033 1104.9249241584603 1056.3953715964367 1484.0250452977057 935.186856480318 7427.965477157475 1292.1375128289383 1144.9374097128157 1629.2155988147451 963.8092236812458 932.9362626099678 1738.8008220726097 1269.11134398386 562.7976062348253 2213.847839188428 914.9696575116632 670.6080851585875 1435.8695200102243 4443.927227073898 1330.754446459293 584.4263741344221 1002.8932954799379 1242.5480132473813 1107.244542277751 1087.64761886018 
1058.8036160418033 1104.9249241584603 1056.3953715964367 1484.0250452977057 935.186856480318 7427.965477157475 1292.1375128289383 1144.9374097128157 1629.2155988147451 963.8092236812458 932.9362626099678 1738.8008220726097 1269.11134398386 562.7976062348253 2213.847839188403 914.9696575116632 670.6080851585875 1435.8695200102243 4443.927227073898 1330.7542158474835 584.4263741344221 1002.8932954799379 1242.5480132472894 1107.244542277751 1087.64761886018 
1058.8036160418033 1104.9249241584603 1056.3953715964367 1484.025045297405 935.186856480318 7427.965477157475 1292.1375128289383 1144.9374097128157 1629.2155988147451 963.8092236812458 932.9362626099678 1738.8007446889856 1269.11134398386 562.7976062348253 2213.84783918834 914.9696575116632 670.6080851585875 1435.8695200102243 4443.927225036859 1330.7542158474835 584.4263741344221 1002.8932954799379 1242.5480132472894 1107.244542277751 1087.64761886018 
1058.8036160418033 1104.9249241584603 1056.3953715964367 1484.025045297405 935.1868529342896 7427.965477157475 1292.1375128289383 1144.9374097128157 1629.2155988147451 963.8092236812458 932.9362626099678 1738.8001664995531 1269.11134398386 562.7976062348253 2213.8478391883345 914.9696575116632 670.6080851585875 1435.8695200102243 4443.927185811391 1330.7542158474835 584.4263741344221 1002.8932954799379 1242.5480132472894 1107.244542277751 1087.64761886018 
1058.8036160418033 1104.9249241584603 1056.3953715964367 1484.025045297405 935.1868529342896 7427.965477157475 1292.1375128289383 1144.9374097128157 1629.2155988147451 963.8092236812458 932.9362626099678 1738.8001148625372 1269.11134398386 562.7976062348253 2213.8478391883295 914.9696575116632 670.6080851585875 1435.869403339867 4443.927185811391 1330.7542158474835 584.4263741344221 1002.8932954799379 1242.5480132472894 1107.244542277751 1087.64761886018 
1058.8036160418033 1104.9249241584603 1056.3953715964367 1484.025045297405 935.1868529342896 7427.965477157475 1292.1375128289383 1144.9374097128157 1629.2155988147451 955.464758801093 932.9362626099678 1738.8000906467405 1269.11134398386 562.7976062348253 2213.8478391883295 914.9696575116632 670.6080851585875 1435.869403339867 4443.927185811391 1330.7542158474835 584.4263741344221 1002.8932954799379 1242.5480132472894 1107.244542277751 1087.64761886018 
1058.8036160418033 1104.9249241584603 1056.3953715964367 1484.025045297405 935.1868529342896 7427.965477157475 1292.1375128289383 1144.9374097128157 1629.2155988147451 949.7561768989403 932.9362626099678 1738.8000803103382 1269.11134398386 562.7976062348253 2213.8478391883295 914.9696575116632 670.6080851585875 1435.869403339867 4443.927178457138 1330.7542158474835 584.4263741344221 1002.8932954799379 1242.5480132472894 1107.244542277751 1087.64761886018 
1058.8036160418033 1104.9249241584603 1056.3953715964367 1484.025045297405 935.1868529342896 7427.965477157475 1292.1375128289383 1144.9374097128157 1629.2155988147451 948.2602538176784 932.9362626099678 1738.800077045085 1269.11134398386 562.7976062348253 2213.8478391883295 914.9696575116632 670.6080851585875 1435.869403339867 4433.693816080025 1330.7542158474835 584.4263741344221 1002.8932954799379 1242.5480132472894 1107.244542277751 1087.64761886018 
1058.8036160418033 1104.9249241584603 1056.3953715964367 1484.025045297405 935.1868529342896 7427.965477157475 1292.1375128289383 1144.9374097128157 1629.2155988147451 947.4197739944375 932.9362626099678 1738.8000759855386 1269.11134398386 562.7976062348253 2213.8478391883295 914.9696575116632 670.6080851585875 1435.869403339867 4431.271916365789 1330.7542158474835 584.4263741344221 1002.8932954799379 1242.5480132472894 1077.976047989383 1087.64761886018 
1058.8036160418033 1104.9249241584603 1056.3953715964367 1484.025045297405 935.1868529342896 7427.965477157475 1292.1375128289383 1144.9374097128157 1629.2155988147451 947.410080601494 932.9362626099678 1738.8000757494106 1269.11134398386 562.7976062348253 2213.8478391883295 914.9696575116632 670.6080851585875 1435.869403339867 4429.269456909801 1315.6565603046492 584.4263741344216 1002.8932954799379 1242.5480132472894 1075.269005835965 1087.64761886018 
1058.8036160390157 1104.9249241584603 1056.3953715964367 1484.025045297405 935.1865379910414 7426.81669702748 1292.1375128289383 1144.9374097128157 1629.2155988147451 946.5420004941898 932.9362626099678 1738.8000754579443 1269.11134398386 562.7976062348253 2213.8478391883295 914.9696575116632 670.6080851585875 1435.869403339867 4429.269456909801 1314.3712452103682 584.4263741344216 1002.8932954799379 1242.5480132472894 1074.976424024906 1087.64761886018 
1058.8036160390157 1104.9249241584603 1056.3953715964367 1484.025045297405 935.1865379910414 7426.626276520583 1292.1375128289383 1144.9374097128157 1629.2155988147451 946.2169353860913 932.9362626099678 1738.800075450401 1269.11134398386 562.7976062348253 2213.8478391883295 914.9696575116632 670.6080851585875 1435.869403339867 4428.847062195603 1314.1137301612234 584.4263741344216 1002.8932954799379 1242.5480132472894 1074.9382920370335 1087.64761886018 
1058.8036160390157 1104.9249241584603 1056.3953715964367 1484.025045297405 935.1865379910414 7426.626276520583 1292.1375128289383 1144.9374097128157 1629.2155988147451 946.2169353860913 932.9362626099678 1738.8000754246236 1269.11134398386 562.7976062348253 2213.8478391883295 914.9696575116632 670.6080851585875 1435.869403339867 4428.772382662988 1314.1137301612234 584.4263741344216 1002.8932954799379 1242.5480132472894 1074.6955922048487 1087.64761886018 
1058.8036160390157 1104.9249241584603 1056.3953715964367 1484.025045297405 935.1865379910414 7426.626276520583 1292.1375128289383 1144.9374097128157 1629.2155988147451 946.1705200351621 932.9362626099678 1738.8000754245986 1263.0502631737363 562.7976062348253 2213.8478391883295 914.9696575116632 670.6080851585875 1435.869403339867 4428.771946355925 1314.080809125826 584.4263741344216 1002.8932954799379 1242.5480132472894 1074.695052300383 1087.64761886018 
1058.8036160390152 1104.9249241584603 1056.3953715964367 1484.025045297405 935.1865379910414 7426.626276520583 1292.1375128289383 1144.9374097128157 1629.2155988147451 946.1701664924058 932.9362626099678 1738.8000754245986 1256.8560204833666 562.7976062348253 2213.8478391883295 914.9696575116632 670.6080851585875 1435.869389884986 4428.771945736066 1314.0775094113496 584.4263741344216 1002.8932954799379 1242.5480132472894 1074.6358675653382 1087.64761886018 
1058.8036160390152 1104.9249241584603 1056.3953715964367 1484.025045297405 935.1865379910414 7426.626276520583 1292.1375128289383 1144.9374097128157 1629.2155988147451 946.1645323041312 932.9362626099678 1738.8000754245936 1254.7900016700246 562.7976062348253 2213.8478391883295 914.9696575116632 670.6080851585875 1435.869389884986 4428.77178601891 1314.0775094113496 584.4263741344216 1002.8932954799379 1242.5480132472894 1074.6350461001284 1087.64761886018 
1058.8036160390147 1104.9249241584603 1056.3953715964367 1484.025045297405 935.1865379910414 7426.626276520583 1292.1375128289383 1144.9374097128157 1629.2155988147451 946.1632952839391 932.9362626099678 1738.8000754245936 1254.7900016700246 543.7987128445129 2213.8478391883295 914.9696575116632 670.6080851585875 1435.86777379336 4428.77178601891 1314.0775094113496 584.4263741344216 1002.8932954799379 1242.5480132472894 1074.6315218890368 1087.64761886018 
1058.8036160390147 1104.9249241584603 1056.3953715964367 1484.025045297405 935.1865379910414 7426.626276520583 1292.1375128289383 1144.9374097128157 1629.2155988147451 946.1547063413868 932.9362626099678 1738.8000754245932 1254.7849335961182 542.5725431630967 2213.8478391883295 914.9696575116632 670.6080851585875 1435.86777379336 4428.77178601891 1314.0775094113496 584.4263741344216 1002.8932954799379 1242.5480132472894 1074.630424745304 1087.64761886018 
1058.8036160390147 1104.9249241584603 1056.3953715964367 1484.025045297405 935.1865379910414 7426.626276520583 1292.1375128289383 1144.9374097128157 1629.2155988147451 946.1546269550731 932.9362626099678 1738.8000754245923 1254.7849335961182 538.5620920565584 2213.8478391883295 914.9696575116632 670.6080851585875 1435.86777379336 4428.771771073924 1314.0775094113496 584.4263741344216 1002.8932954799379 1242.5480132472894 1074.6303233110584 1087.64761886018 
1058.8036160390147 1104.9249241584603 1056.3953715964367 1484.025045297405 935.1865379910414 7426.626276520583 1292.1375128289383 1144.9374097128157 1629.2155988147451 946.1518524291705 932.9362626099678 1738.8000754245895 1254.7732921931756 538.5222184713293 2213.8478391883295 914.9696575116632 670.6080851585875 1435.8669128945648 4428.771770570294 1314.0775094113496 584.4263741344216 1002.8932954799379 1242.5480132472894 1074.6303135793028 1087.64761886018 
1058.8036160390147 1104.9249241584603 1056.3953715964367 1484.025045297405 935.1865379910414 7426.626276520583 1292.1375128289383 1144.9374097128157 1629.2155988147451 946.1518524291705 932.9362626099678 1738.8000754245895 1254.7732921931756 538.5165406399233 2213.8478391883295 914.9696575116632 670.6080851585875 1435.8669128945648 4428.771770051893 1314.0775094113496 584.4263741344216 1002.8932954799379 1242.5480132472894 1074.6303135793028 1087.64761886018 
1058.8036160390147 1104.9249241584603 1056.3953715964367 1484.025045297405 935.1865379910414 7426.626276520583 1292.1375128289383 1144.9374097128157 1629.2155988147451 946.1518524291705 932.9362626099678 1738.8000754245895 1254.768935822352 538.5165406399233 2213.8478391883295 914.9696575116632 670.6080851585875 1435.8669128945648 4428.771754090901 1314.0775094113496 584.4263741344216 1002.8932954799379 1242.5480132472894 1074.6303135793028 1087.64761886018 
1058.8036160390147 1104.9249241584603 1056.3953715964367 1484.025045297405 935.1865379910414 7426.626276520583 1292.1375128289383 1144.9374097128157 1629.2155988147451 946.1514997285199 932.9362626099678 1738.8000754245895 1254.7681420728904 538.516378873127 2213.8478391883295 914.9696575116632 670.6080851585875 1435.8667701612358 4428.771754090901 1314.0775094113496 584.4263741344216 1002.8932954799379 1242.5480132472894 1074.6303135793028 1087.64761886018 
1058.8036160390147 1104.9249241584603 1056.3953715964367 1484.025045297405 935.1865379910414 7426.626276520583 1292.1375128289383 1144.9374097128157 1629.2155988147451 946.150107640206 932.9362626099678 1738.8000754245895 1254.7622434095538 538.516378873127 2213.8478391883295 914.9696575116632 670.6080851585875 1435.8666025376288 4428.771753371109 1314.0775094113496 584.4263741344216 1002.8932954799379 1242.5480132472894 1074.6303135793028 1087.64761886018 
1058.8036160390147 1104.9249241584603 1056.3953715964367 1484.025045297405 935.1865379910414 7426.626276520583 1292.1375128289383 1144.9374097128157 1629.2155988147451 946.150107640206 932.9362626099678 1738.8000754245895 1254.7617916529898 538.5163097766949 2210.274613154068 914.9696575116632 670.6080851585875 1435.8661326528472 4428.7717533453615 1314.0775094113496 584.4263741344216 1002.8932954799379 1242.5480132472894 1074.6303135537883 1087.64761886018 
1058.8036160390147 1104.9249241584603 1056.3953715964367 1484.025045297405 935.1865379910414 7426.626276520583 1292.1375128289383 1144.9374097128157 1629.2155988147451 855.5071141522794 932.9362626099678 1738.8000754245895 1254.7613165691823 538.5163097766949 2210.274613154068 914.9696575116632 670.6080851585875 1435.8660619800057 4428.771753308381 1314.0775094113496 584.4263741344216 1002.8932954799379 1242.5480132472894 1074.6303135537883 1087.64761886018 
1058.8036160390147 1104.9249241584603 1056.3953715964367 1484.025045297405 935.1865379910414 7426.626276520583 1292.1375128289383 1144.9374097128157 1629.2155988147451 852.1255382926438 932.9362626099678 1738.8000754245895 1254.7612809868015 538.5163097766949 2210.2659168617165 914.9696575116632 670.6080851585875 1435.8660619800057 4428.771753303782 1314.0765051127187 584.4263741344216 1002.8932954799379 1242.5480132472894 1074.2364702133036 1087.64761886018 
1058.8036160390147 1104.9249241584603 1056.3953715964367 1484.025045297405 935.1865379910414 7426.626276520583 1292.1375128289383 1144.9374097128157 1629.2155988147451 846.8372533731613 932.9362626099678 1738.8000754245895 1254.7612809868015 538.5163097766949 2210.2659168617165 914.9696575116632 670.6080851585875 1435.8660619800057 4428.771753303731 1314.0764170863122 584.4263741344216 1002.8932954799379 1242.5480132472894 1073.7118976701327 1087.64761886018 
1058.8036160390147 1104.9249241584603 1056.3953715964367 1484.025045297405 935.1865379910414 7426.626276520583 1292.1375128289383 1144.9374097128157 1629.2155988147451 844.4229689198955 932.9362626099678 1738.8000754245895 1254.7612809868015 538.5163097766949 2210.2659168617165 914.9696575116632 670.6080851585875 1435.8660619800057 4428.771753302122 1314.0763850208064 584.4263741344216 1002.8932954799379 1242.5480132472894 1073.6377153864996 1087.64761886018 
1058.8036160390147 1104.9249241584603 1056.3953715964367 1484.025045297405 935.1865379910414 7426.626276520583 1292.1375128289383 1144.9374097128157 1629.2155988147451 842.6821530279358 932.9362626099678 1738.8000754245895 1254.7612809868015 538.5163097766949 2210.2658424177303 876.8889811057497 670.6080851585875 1435.8660619800057 4428.771753302095 1314.0763789258795 584.4263741344216 1002.8932954799379 1242.5480132472894 1073.61451655994 1087.64761886018 
1058.8036160390147 1104.9249241584603 1056.3953715964367 1484.025045297405 935.1865379910414 7426.626276520583 1292.1375128289383 1144.9374097128157 1629.2155988147451 842.6626302346353 932.9362626099678 1738.8000754245895 1254.7612806064235 538.5163097766949 2210.2658424177303 873.8007618616812 670.6080851585875 1435.8660619800057 4428.77175330207 1314.0763784079 584.4263741344216 1002.8932954799379 1242.5480132472894 1073.6138438969292 1087.64761886018 
1058.8036160390147 1104.9249241584603 1056.3953715964367 1484.025045297405 935.1865379910414 7426.626276520583 1292.1375128289383 1144.9374097128157 1629.2155988147451 842.6407514846851 932.9362626099678 1738.8000754245895 1254.7612806064235 538.516309776694 2210.2658424177303 869.6475293140884 670.6080851585875 1435.8660619800057 4428.771753301364 1314.076378362603 584.4263741344216 1002.8932954799379 1242.5480132472894 1073.613843836582 1087.64761886018 
1058.8036160390147 1104.9249241584603 1056.3953715964367 1484.025045297405 935.1865379910414 7426.626276520583 1292.1375128289383 1144.9374097128157 1629.2155988147451 842.5735031470317 910.972252754178 1738.8000754245895 1254.7612806064235 538.516309776694 2210.2658020863973 869.6283967305944 670.6080851585875 1435.8660619800057 4428.771753301096 1314.0763783566035 584.4263741344216 1002.8932954799379 1242.5480132472894 1073.613843836184 1087.64761886018 
1058.8036160390147 1104.9249241584603 1056.3953715964367 1484.025045297405 935.1865379910414 7426.626276520583 1292.1375128289383 1144.9374097128157 1621.778470876557 842.5735031470317 906.6175951895957 1738.8000754245895 1254.7612806064235 538.516309776694 2210.2658020863973 868.4138252560579 670.6080851585875 1435.8660619800057 4428.771753300651 1314.0763783551474 584.4263741344216 1002.8932954799379 1242.5480132472894 1073.6138438361631 1087.64761886018 
1058.8036160390147 1104.9249241584603 1056.3953715964367 1484.025045297405 935.1865379910414 7426.626276520583 1292.1375128289383 1144.9374097128157 1621.778470876557 842.5711768831034 905.8126615358506 1738.8000754245895 1254.7612806064235 538.516309776694 2210.2658020863973 866.4997857985768 670.6080851585875 1435.8660619800048 4428.771753300259 1314.0763783545272 584.4263741344216 1002.8932954799379 1242.5480132472894 1073.6138438361622 1087.64761886018 
1058.8036160390147 1104.9249241584603 1056.3953715964367 1484.025045297405 935.1865379910414 7426.626276520583 1292.1375128289383 1144.9374097128157 1621.329685467349 842.5680069040213 905.8058158687672 1738.8000754245895 1254.7612806006564 538.5162864547669 2210.2657812603493 865.1496929328687 670.6080851585875 1435.8660619800048 4428.771753300259 1314.0763783545272 584.4263741344216 1002.8932954799379 1242.5480132472894 1073.6138438361622 1087.64761886018 
1058.8036160390147 1104.9249241584603 1056.3953715964367 1484.025045297405 935.1865379910414 7426.626276520583 1292.1375128289383 1144.9374097128157 1621.3285009537021 842.5664772972536 904.0197526820507 1738.8000754245895 1254.7612806006564 538.5162864547669 2210.2657812603493 865.0575332498756 670.6080851585875 1435.8660619800048 4428.771753300259 1314.0763783545026 584.4263741344216 1002.8932954799379 1242.5480132472894 1073.6138438361622 1087.64761886018 
1058.8036160390147 1104.9249241584594 1030.5889560459314 1484.025045297405 935.1865379910414 7426.626276520583 1292.1375128289383 1144.9374097128157 1621.325189879194 842.5664772972536 903.595497284367 1738.8000754245895 1254.7612806006564 538.5162864547669 2210.2657812603493 865.0428218872235 670.6080851585875 1435.8660619800048 4428.771753300257 1314.0763783545008 584.4263741344216 1002.8932954799379 1242.5480132472894 1073.6138438361622 1087.64761886018 
1058.8036160390147 1104.9249241584594 1029.1978125635342 1484.025045297405 935.1865379910414 7424.159116863615 1292.1375128289383 1144.9374097128157 1621.3241678935387 842.5664568115262 898.836714245328 1738.8000754245895 1254.7612805925514 538.5162864547669 2210.2657812603493 865.0428218872235 670.6080851585875 1435.8660619800048 4428.771753300125 1314.0763783545008 584.4263741344216 1002.8932954799379 1242.5480132472894 1073.6138438361622 1087.64761886018 
1058.8036160390147 1104.9249241584594 1028.8542168994518 1484.025045297405 935.1865379910414 7421.648091870216 1292.1375128289383 1144.9374097128157 1621.3241678935387 842.566399379506 897.9487145604007 1738.8000754245895 1254.7612805925514 538.5162864547669 2210.2657812603493 865.0364951638817 670.6080851585875 1435.8660619800048 4428.771753300124 1314.0763783545008 584.4263741344216 1002.8932954799379 1242.5480132472894 1073.6138438361622 1087.64761886018 
1058.8036160372772 1104.9249241584594 1028.792848434477 1484.025045297405 935.1865379910414 7418.853835825619 1292.1375128289383 1144.9374097128157 1621.3233840875278 842.5663831394954 897.8907400935909 1738.8000754245895 1254.7612805854214 538.5162864547669 2210.2657812603493 865.035674902651 670.6080851585875 1435.8660619800048 4428.771753300124 1314.0763783545008 584.4263741344216 1002.8932954799379 1242.5480132472894 1073.6138438361513 1087.64761886018 
1058.8036160372772 1104.9249241584594 1028.7469086035662 1484.025045297405 935.1865379910414 7418.846545400211 1292.1375128289383 1144.9374097128157 1621.3230177734931 842.5662019630613 897.8907400935909 1738.8000754245895 1254.7612805830076 538.5162864547669 2210.2657812603493 865.0354001420201 670.6080851585875 1435.8660619800048 4428.771753300124 1314.0763783545008 584.4263741344216 1002.8932954799379 1242.5480132472894 1073.6138438361513 1087.64761886018 
1058.8036160372772 1104.9249241584594 1028.7399484827056 1484.025045297405 935.1865379910414 7418.695627092948 1292.1375128289383 1144.9374097128157 1621.3207648108273 842.566170983856 897.8784310059445 1738.8000754245895 1254.7612805830076 538.5162864547669 2210.2657812597104 865.0354001420201 670.6080851585875 1435.8660619800048 4428.771753300113 1314.0763783545008 584.4263741344216 1002.8932954799379 1242.5480132472894 1073.6138438361513 1087.64761886018 
1058.8036160372767 1104.9249241584594 1028.7123576218082 1484.025045297405 935.1865379910414 7418.656275576439 1292.1375128289383 1144.9374097128157 1621.3203497822474 842.5661669020919 897.8710409955083 1738.8000754245895 1254.7612805805961 538.5162864547669 2210.2657812597104 865.0352912769067 670.6080851585875 1435.8660619800048 4428.771753300106 1314.0763783545008 584.4263741344216 1002.8932954799379 1242.5480132472894 1073.6138438361513 1087.64761886018 
1058.8036160372767 1104.9249241584594 1028.708120349319 1484.025045297405 935.1865379910414 7418.656275576439 1292.1375128289383 1144.9374097128157 1621.3202422680524 842.5661547439458 897.7723291682337 1738.8000754245895 1254.7612805805961 538.5162864547669 2210.265781259709 865.0352912769067 670.6080851585875 1435.8660619800048 4428.771753300106 1314.0763783545008 584.4263741344216 1002.8932954799379 1242.5480132472894 1073.6138438361513 1087.64761886018 
1058.803616037274 1104.9249241584594 1028.707404790256 1484.025045297405 935.1865379910414 7418.649586059222 1292.1375128289383 1144.9374097128157 1621.3202329098358 842.5661540534807 897.7710440914066 1738.8000754245895 1254.7612805805961 538.5162864547665 2210.265781259709 865.0352912769067 670.6080851585875 1435.8660619800048 4428.771753300106 1314.0763783545008 584.4263741344216 1002.8932954799379 1242.5480132472894 1073.6138438361513 1087.64761886018 
1058.803616037274 1104.9249241584594 1028.7069461963865 1484.025045297405 935.1865379910414 7418.649586059222 1292.1375128289383 1144.9374097128157 1621.3202292415344 842.5661540503374 897.7381850553165 1738.8000754245895 1254.7612805805961 538.5162864547665 2210.265781259709 865.0352911524687 670.6080851585875 1435.8660619800048 4428.771753300106 1314.0763783545008 584.4263741344216 1002.8932954799379 1242.5480132472894 1073.6138438361513 1087.64761886018 
1058.803616037274 1104.9249241584594 1028.7068485906684 1484.025045297405 935.1865123475054 7418.606638504014 1292.1375128289383 1144.9374097128157 1621.3202291866974 842.5661520876033 897.7311840446964 1738.8000754245895 1254.7612805805961 538.5162864547665 2210.265781259709 865.0352911524687 670.6080851585875 1435.8660619800048 4428.771753300106 1314.0763783545008 584.4263741344216 1002.8932954799379 1242.5480132472894 1073.6138438361513 1087.64761886018 
1058.803616037274 1104.9249241584594 1028.7068485906684 1484.025045297405 935.1865123475054 7418.597936730172 1292.1375128289383 1144.9374097128157 1621.320229174702 842.5661520876033 897.7311840446964 1738.8000754245895 1254.7612805805547 538.5162864547665 2210.265781259709 865.0352911524687 670.6080851585875 1435.8660619800048 4428.771753300106 1314.0763783545008 584.4263741344216 1002.8932954799379 1242.5480132472894 1073.6138436342435 1087.64761886018 
1058.803616037274 1104.9249241584594 1028.7068485906684 1484.025045297405 935.1865123475054 7418.549120188825 1292.1375128289383 1144.9374097128157 1621.3202291455655 842.5661471559497 897.7311840446964 1738.8000754245895 1254.7607376362803 538.5162864547665 2210.265781259709 865.0352911524687 670.6080851585875 1435.8660619800048 4428.771753300106 1314.0763783545008 584.4263741344216 1002.8932954799379 1242.5480132472894 1073.6138436342435 1087.64761886018 
1058.803616037274 1104.9249241584594 1028.7068485906684 1484.025045297405 935.1865123475054 7418.549120188825 1292.1375128289383 1144.9374097128157 1621.3202291437865 842.5661471559497 897.7290906104381 1738.8000754245895 1254.7607262806887 538.5162864547665 2210.265781259709 865.0352911524687 670.6080851585875 1435.8660619800044 4428.771753300105 1314.0763783545008 584.4263741344216 1002.8932954799379 1242.5480132472894 1073.6138436342435 1087.64761886018 
1058.803616037274 1104.9249241584594 1028.7068485906684 1484.025045297405 935.1865123475054 7418.549120148422 1292.1375128289383 1144.9374097128157 1620.7221702473507 842.5661471533876 897.7290906104381 1738.8000754245895 1254.7607262806887 538.5162864547665 2210.265781259709 865.0352873187403 670.6080851585875 1435.8660619800044 4428.771753300105 1314.0763783545008 584.4263741344216 1002.8932954799379 1242.5480132472894 1073.6128597468783 1087.64761886018 
1058.803616037274 1104.9249241584594 1028.7068359150044 1484.025045297405 935.1865123475054 7418.549120148422 1292.1375128289383 1144.9374097128157 1620.7221702473507 842.5661471524745 897.7290906104381 1738.8000754245895 1254.7607262806887 538.5162864547665 2210.265781259709 865.0352873187403 670.6080851585875 1435.8660619800044 4428.771753300105 1314.0763783545008 584.4263741344216 1002.8932954799379 1242.5480132472894 1073.6127975855024 1087.64761886018 
1058.803616037274 1104.9249241584594 1028.706835140334 1484.025045297405 935.1865123475054 7418.475079567048 1292.1375128289383 1144.9374097128157 1620.7221702473507 842.566147152249 897.7290906104381 1738.8000754245895 1254.7607262806887 538.5162864547665 2210.265781259709 865.0352873187403 670.6080851585875 1435.8660619800044 4428.771753300105 1314.0763783545008 584.4263741344216 1002.8932954799379 1242.5480132472894 1061.3046441240463 1087.64761886018 
1058.803616037274 1104.9249241584594 1028.706835140334 1484.025045297405 935.1865123475054 7418.475079567048 1292.1375128289383 1144.9374097128157 1620.7221702473507 842.566147152249 897.7290906104381 1738.8000754245895 1254.7602068317174 538.5162864547665 2210.265781259709 865.0352873187403 670.6080851585875 1435.8660619800044 4428.771753300105 1314.0763783545008 584.4263741344216 1002.8932954799379 1242.5480132472894 1061.236749508259 1087.64761886018 
1058.803616037274 1104.9249241584594 1028.7068350385043 1484.025045297405 935.1865123475054 7418.472743807612 1292.1375128289383 1144.9374097128157 1620.7221702473507 842.566147152249 897.7290906104381 1738.8000754245895 1254.760130009162 538.5162864547665 2210.265781259709 865.0352826442913 670.6080851585875 1435.8660619800044 4428.771753300105 1314.0763783545008 584.4263741344216 1002.8932954799379 1242.5480132472894 1061.0291495470265 1087.64761886018 
1058.803616037274 1104.9249241584594 1028.7068349938718 1484.025045297405 935.1865123475054 7418.472477268817 1292.1375128289383 1144.9374097128157 1620.7221702473507 842.566147152249 897.7290906104381 1738.8000754245895 1254.760130009162 538.5162864547665 2210.265781259709 865.0352826442913 670.6080851585875 1435.8660619800044 4428.771753300105 1314.0763783545008 584.4263741344216 1002.8932954799379 1242.5480132472894 1061.0291495470265 1087.64761886018 
1058.803616037274 1104.9249241584594 1028.7068349678839 1484.025045297405 935.1865123475054 7418.471855979735 1292.1375128289383 1144.9374097128157 1620.7221702473507 842.566147152249 897.7290906104381 1738.8000754245895 1254.7601298904383 538.5162864547665 2210.265781259708 865.0352826442913 670.6080851585875 1435.8660619800044 4428.771753300105 1314.0763783545008 584.4263741344216 1002.8932954799379 1242.5480132472894 1061.0291495470265 1087.64761886018 
1058.803616037274 1104.9249241584594 1028.7068349626434 1484.025045297405 935.1865123475054 7418.47185177692 1292.1375128289383 1144.9374097128157 1620.7221702473507 842.566147152248 897.7290906104381 1738.8000754245895 1254.7601298904383 538.5162864547665 2210.265781259708 865.0352802779662 670.6080851585875 1435.8660619800044 4428.771753300105 1314.0763783545008 584.4263741344216 1002.8932954799379 1242.5480132472894 1061.0291495470265 1087.64761886018 
1058.803616037274 1104.9249241584594 1028.7068349622964 1484.025045297405 935.1865123475054 7418.47185177692 1292.1375128289383 1144.9374097128157 1620.7221702473507 842.566147152248 897.7290906104381 1738.8000754245895 1254.7601298748682 538.5162864547665 2210.265781259708 865.0352802764642 670.6080851585875 1435.8660619800044 4428.771753300105 1314.0763783545008 584.4263741344216 1002.8932954799379 1242.5480132472894 1060.6595615527867 1087.64761886018 
1058.803616037274 1104.9249241584594 1028.7068349622964 1484.025045297405 935.1865123475054 7418.467399435205 1292.1375128289383 1144.9374097128157 1620.7221702473507 842.566147152248 897.7290906104381 1738.8000754245895 1254.7601298722675 538.5162864547665 2210.265781259708 865.0352802758225 670.6080851585875 1435.8660619800044 4428.771753300105 1314.0763783545008 584.4263741344216 1002.8932954799379 1242.5480132472894 1060.3256041503846 1087.64761886018 
1058.803616037274 1104.9249241584594 1028.7068349622964 1484.025045297405 935.1865123475054 7418.447716474067 1292.1375128289383 1144.9374097128157 1620.7221702473507 842.566147152248 897.7290906104381 1738.8000754245895 1254.7601298722207 538.5162864547665 2210.265781259708 865.0352795294957 670.6080851585875 1435.8660619800044 4428.771753300105 1314.0763783545008 584.4263741344216 1002.8932954799379 1242.5480132472894 1060.2210213064045 1087.64761886018 
1058.803616037274 1104.9249241584594 1028.7068349622964 1484.025045297405 935.1865123475054 7418.447716474067 1292.1375128289383 1144.9374097128157 1620.7221702473507 842.566147152248 897.7290906104381 1738.8000754245895 1254.7601298717964 538.5162864547665 2210.265781259708 865.0352795294957 670.6080851585875 1435.8660619800044 4428.771753300105 1314.0763783545008 584.4263741344216 1002.8932954799379 1242.5480132472894 1060.2001218923506 1087.64761886018 
1058.803616037274 1104.9249241584594 1028.7068349622114 1484.025045297405 935.1865123475054 7418.447716474067 1292.1375128289383 1144.9374097128157 1620.7221702473507 842.566147152224 897.7290906104381 1738.8000754245895 1254.760129871761 538.5162864547665 2210.265781259708 865.0352795196441 670.6080851585875 1429.1652491539967 4428.771753300105 1314.0763783545008 584.4263741344216 1002.8932954799379 1242.5480132472894 1060.2001218923506 1087.64761886018 
1058.803616037274 1104.9249241584594 1028.70683496221 1484.025045297405 907.3009829092666 7418.4474774758855 1292.1375128289383 1144.9374097128157 1620.7221702473507 842.5661471522235 897.7290906104381 1738.8000754245895 1254.7601298717445 538.5162864547665 2210.265781259708 865.0352795190206 670.6080851585875 1366.6684651562682 4428.771753300105 1314.0763783545008 584.4263741344216 1002.8932954799379 1242.5480132472894 1060.1780922954504 1087.64761886018 
1058.803616037274 1104.9249241584594 1028.70683496221 1484.025045297405 906.7603247135671 7418.447474044213 1292.1375128289383 1144.9374097128157 1620.7221702473507 842.5661471522235 897.7290906104381 1738.8000754245895 1254.7601298717445 538.5162864547665 2210.265781259708 865.0352795187114 670.6080851585875 1366.6684651562682 4428.771753300105 1314.0763783545008 584.4263741344216 1002.8932954799379 1242.5480132472894 1060.161475102685 1087.64761886018 
1058.803616037274 1104.9249241584594 1028.70683496221 1484.025045297405 901.2187695103967 7418.447185286013 1292.1375128289383 1144.9374097128157 1620.7221702473507 842.5661471521635 897.7285093447044 1738.8000754245895 1254.7601298717445 538.5162864547665 2210.265781259708 865.0352795186313 670.6080851585875 1366.6593710598809 4428.771753300105 1314.0763783545008 584.4263741344216 1002.8932954799379 1242.5480132472894 1060.161475102685 1087.64761886018 
1058.803616037274 1104.9249241584594 1028.70683496221 1484.025045297405 901.0788180642999 7418.447162895904 1292.1375128289383 1144.9374097128157 1620.7221702473507 842.5661471521616 897.7285068654292 1738.8000754245895 1254.7601298717445 538.5162864547665 2210.265781259708 865.0352795186236 670.6080851585875 1366.6593710598809 4427.544206840901 1314.0763783545008 584.4263741344216 1002.8932954799379 1242.5480132472894 1060.161475102685 1087.64761886018 
1058.803616037274 1104.9249241584594 1028.70683496221 1484.025045297405 901.0788180642999 7418.447162895904 1292.1375128289383 1144.9374097128157 1620.7221702473507 842.5661471521616 897.7285008858166 1738.8000754245895 1254.7601298717445 538.5162864547665 2210.265781259708 865.0352795185563 670.6080851585875 1364.9025221118427 4427.544206840901 1314.0763783545008 584.4263741344216 1002.8932954799379 1242.5480132472894 1060.1608581226437 1087.64761886018 
1058.803616037274 1104.9249241584594 1028.70683496221 1484.025045297405 901.0731016521186 7418.447157833831 1292.1375128289383 1144.9374097128157 1620.7221702473507 842.5661471521616 897.7284988201632 1738.8000754245895 1254.7601298717445 538.5162864547665 2210.265781259708 865.0352795185563 670.6080851585875 1362.6716006094885 4427.544206840901 1314.0763783545008 584.4263741344216 1002.8932954799379 1242.5480132472894 1060.1596791938373 1087.64761886018 
1058.803616037274 1104.9249241584594 1028.70683496221 1484.025045297405 901.0726603412259 7418.4471415410135 1292.1375128289383 1144.9374097128157 1620.7221702473507 842.5661471521616 897.7284978698794 1738.8000754245895 1254.7601298717445 538.5162864547665 2210.265781259708 865.0352795185454 670.6080851585875 1362.0091430436064 4427.544206840901 1314.0763783545008 584.4263741344216 1002.8932954799379 1242.5480132472894 1060.1594826314536 1087.64761886018 
1058.803616037274 1104.9249241584594 1028.70683496221 1484.025045297405 901.0724599444497 7418.447119684379 1292.1375128289383 1144.9374097128157 1620.7221702473507 842.5661471521616 897.7284978498078 1738.8000754245895 1254.7601298717436 538.5162864547665 2210.265781259708 865.0352795185454 670.6080851585875 1361.8378549177228 4427.544206840901 1314.0763783545008 584.4263741344216 1002.8932954799379 1242.5480132472894 1060.1594826314536 1087.64761886018 
1058.803616037274 1104.9249241584594 1028.70683496221 1484.025045297405 901.0718714281843 7418.447117180371 1292.1375128289383 1144.9374097128157 1620.7221702473507 842.5661471521616 897.7284978471425 1738.8000754245895 1254.7601298717436 538.5162864547665 2210.265781259708 865.0352795185454 670.6080851585875 1361.7562281390892 4427.544064517138 1314.0763783545008 584.4263741344216 1002.8932954799379 1242.5480132472894 1060.1594808948867 1087.64761886018 
1058.803616037274 1104.9249241584594 1028.70683496221 1484.025045297405 901.0717898365815 7418.44711717531 1292.1375128289383 1144.9374097128157 1620.7221702473507 842.5661471521616 897.7284978464518 1738.8000754245895 1254.7601298717436 538.5162864547665 2210.265781259708 865.0352795185445 670.6080851585875 1361.7298999371974 4427.543816759299 1314.0763783545008 584.4263741344216 1002.8932954799379 1242.5480132472894 1060.1594808948867 1087.64761886018 
1058.803616037274 1104.9249241584594 1028.70683496221 1438.3740400858414 901.0716900297466 7418.447077906716 1292.1375128289383 1144.9374097128157 1620.7221702473507 842.5661471521616 897.7284978464518 1738.8000754245895 1254.7601298717436 538.5162864547665 2210.265781259708 865.0352795185445 670.6080851585875 1361.7261193484505 4427.543813241975 1314.0763783545008 584.4263741344216 1002.8932954799379 1242.5480132472894 1060.1594759726422 1087.64761886018 
1058.803616037274 1104.9249241584594 1028.70683496221 1438.3572905108458 901.0716873833526 7418.447077906716 1292.1375128289383 1144.9374097128157 1620.7221702473507 842.5661471521616 897.7284978462098 1738.8000754245895 1254.7601298717436 538.5162864547665 2210.265781259708 865.0352795185445 670.6080851585875 1361.7232978404736 4427.543812539499 1314.0763783545008 584.4263741344216 1002.8932954799379 1242.5480132472894 1060.1594759628179 1087.64761886018 
1058.803616037274 1104.9249241584594 1028.70683496221 1438.3241249095072 901.0716857623947 7418.447077846322 1292.1375128289383 1144.9374097128157 1620.7221702473507 842.5661471521616 897.7284978461657 1738.8000754245895 1254.7601298717436 538.5162864547665 2210.265781259708 865.0352795185445 670.6080851585875 1361.7232978404736 4427.543811715256 1314.0763783545008 584.4263741344216 1002.8932954799379 1242.5480132472894 1060.1594758616093 1087.64761886018 
1058.803616037274 1104.9249241584594 1028.70683496221 1438.3240180630992 901.0716853834297 7418.44707778116 1292.1375128289383 1144.9374097128157 1620.7221702473507 842.5661471521616 897.728497846153 1738.8000754245895 1254.7601298717436 538.5162864547665 2210.265781259707 865.0352795185436 670.6080851585875 1361.7232978404736 4427.543810695426 1314.0763783545008 584.4263741344216 1002.8932954799379 1242.5480132472894 1060.1594758614206 1087.64761886018 
1058.803616037274 1104.9249241584594 1028.70683496221 1438.3233170278313 901.0716853165973 7418.447077758243 1292.1375128289383 1144.9374097128157 1620.7221702473507 842.5661471521616 897.7284978461457 1738.8000754245895 1254.7601298717436 538.5162864547665 2210.265781259707 865.0352795185431 670.6080851585875 1361.7230590169165 4427.54381054011 1314.0763783545008 584.4263741344216 1002.8932954799379 1242.5480132472894 1060.1594758614206 1087.64761886018 
1058.803616037274 1104.9249241584594 1028.70683496221 1438.3231762266437 901.0716851759316 7418.447077717277 1257.27990556872 1144.9374097128157 1620.7221702473507 842.5661471521616 897.7284978461453 1738.8000754245895 1254.7601298717436 538.5162864547665 2210.265781259707 865.0352795185427 670.6080851585875 1361.7230356375521 4427.54381054011 1314.0763783545008 584.4263741344216 1002.8932954799379 1242.5480132472894 1060.1594758606398 1087.64761886018 
1058.803616037274 1104.9249241584594 1028.70683496221 1438.321874383967 901.0716851759316 7418.44707770825 1256.1162665515149 1144.9374097128157 1620.7221702473507 842.5661471521616 897.7284978461448 1738.8000754245895 1254.7601298717436 538.5162864547665 2210.265781259707 865.0352795185427 670.6080851585875 1361.7230071652152 4427.5438105394705 1314.0763783545008 584.4263741344216 1002.8932954799379 1242.5480132472894 1060.1594758606398 1087.64761886018 
1058.803616037274 1104.9249241584594 1028.70683496221 1438.3217086083723 901.0716851759316 7418.4470652970485 1256.1162665515149 1144.9374097128157 1620.7221702473507 842.5661471521616 897.7284978461439 1738.8000754245895 1254.7601298717436 538.5162864547665 2210.265781259707 865.0352795185427 670.6080851585875 1361.7230071652152 4427.5438105394705 1314.0763783545008 584.4263741344216 1002.8932954799379 1242.5480132472894 1060.159475860396 1087.64761886018 
1058.803616037274 1104.9249241584594 1028.70683496221 1438.3217086083723 901.0716851644784 7418.4470652970485 1255.753568189809 1144.9374097128157 1620.7221702473507 842.5661471521616 897.7284978461439 1738.8000754245895 1254.7601298717436 538.5162864547665 2210.265781259707 865.0352795185427 670.6080851585875 1361.7230071652152 4427.543810539377 1314.0763783545008 584.4263741344216 1002.8932954799379 1242.5480132472894 1060.1594758601855 1087.64761886018 
1058.803616037274 1104.9249241584594 1028.70683496221 1438.3213335950163 901.0716851644784 7418.4470652970485 1255.753568189809 1144.9374097128157 1620.7221702473507 842.5661471521616 897.7284978461439 1738.8000754245895 1254.7601298717436 538.5162864547665 2210.265781259707 865.0352795185427 670.6080851585875 1361.7230071652152 4427.543810539377 1314.0763783545008 584.4263741344216 1002.8932954799379 1242.5480132472894 1060.159475860185 1087.64761886018 
1058.803616037274 1104.9249241584594 1028.70683496221 1438.321315517519 901.0716851179691 7418.44706171633 1255.753568189809 1144.9374097128157 1620.7221702473507 842.5661471521616 897.7284978461435 1738.8000754245895 1254.7601298717436 538.5162864547665 2210.265781259707 865.0352795185427 670.6080851585875 1361.7229607806948 4427.54381053923 1314.0763783545008 584.4263741344216 1002.8932954799379 1242.5480132472894 1060.159475860185 1087.64761886018 
1058.803616037274 1104.9249241584594 1028.70683496221 1438.321315517519 901.0716851169782 7418.44706171633 1255.697397172613 1144.9374097128157 1620.7221702473507 842.5661471521616 897.7284978461435 1738.8000754245895 1254.7601298717436 538.5162864547665 2210.265781259707 865.0352795185427 670.6080851585875 1361.7229581780107 4427.543810539171 1314.0763783545008 584.4263741344216 1002.8932954799379 1242.5480132472894 1060.1594758601836 1087.64761886018 
1058.803616037274 1104.9249241584594 1028.70683496221 1438.321315517519 901.0716851168672 7418.44706171633 1255.697397172613 1144.9374097128157 1620.7221702473507 842.5661471521616 897.728497846143 1738.8000754245895 1254.7601298717436 538.5162864547665 2210.265781259707 865.0352795185427 670.6080851585875 1352.2708707809898 4427.543810539169 1314.0763783545008 584.4263741344216 1002.8932954799379 1242.5480132472894 1060.1594758601495 1087.64761886018 
1058.803616037274 1104.9249241584594 1028.70683496221 1438.321315517519 901.0716851166599 7418.447061716319 1255.5664360351575 1144.9374097128157 1620.7221702473507 842.5661471521616 897.728497846143 1738.8000754245895 1254.7601298717436 538.5162864547665 2210.265781259707 865.0352795185427 670.6080851585875 1349.5892668060756 4427.543810539169 1314.0763783545008 584.4263741344216 1002.8932954799379 1242.5480132472894 1060.1594758601395 1087.64761886018 
1058.803616037274 1104.9249241584594 1028.70683496221 1438.321315517519 901.0716851166108 7418.447053599673 1255.5664360351575 1144.9374097128157 1620.7221702473507 842.5661471521616 897.728497846143 1738.8000754245895 1254.7601298717436 538.5162864547665 2210.265781259707 865.0352795185427 670.6080851585875 1346.1298466169656 4427.543810539169 1314.0763783545008 584.4263741344216 1002.8932954799379 1242.5480132472894 1060.1594758601386 1087.64761886018 
1058.803616037274 1104.9249241584594 1028.70683496221 1438.321311722124 901.0716851166076 7418.447053599673 1255.5664360351575 1144.9374097128157 1620.7221702473507 842.5661471521616 897.728497846143 1738.8000754245895 1254.7601298717436 538.5162864547665 2210.265781259707 865.0352795185427 670.6080851585875 1345.96377586969 4427.543810539169 1314.0763783545008 584.4263741344216 1002.8932954799379 1242.5480132472894 1060.1594758601386 1087.64761886018 
1058.803616037274 1104.9249241584594 1028.70683496219 1438.3213021006359 901.0716851166067 7418.447053599673 1255.5663846977986 1144.9374097128157 1620.7221702473507 842.5661471521616 897.728497846143 1738.8000754245895 1254.7601298717436 538.5162864547665 2210.265781259707 865.0352795185427 670.6080851585875 1343.6351035001207 4427.543810539169 1314.0763783545008 584.4263741344216 1002.8932954799379 1242.5480132472894 1060.1594758601386 1087.64761886018 
1058.803616037274 1104.9249241584594 1028.7068349621895 1438.3213021006359 901.0716851166044 7418.447053599673 1255.5663846977986 1144.9374097128157 1620.7221702473507 842.5661471521616 897.728497846143 1738.8000754245895 1254.7601298717436 538.5162864547665 2210.265781259707 865.0352795185427 670.6080851585875 1343.6003534403308 4427.543810539169 1314.0763783545008 584.4263741344216 1002.8932954799379 1242.5480132472894 1060.1594758601386 1087.64761886018 
1058.803616037274 1104.9249241584594 1028.7068349621895 1438.3213021006359 901.0716851166044 7418.447053599666 1255.5660312434984 1144.9374097128157 1620.7221702473507 842.5661471521616 897.728497846143 1738.8000754245895 1254.7601298717436 538.5162864547665 2210.265781259707 865.0352795185427 670.6080851585875 1343.5971431086318 4427.543810539169 1314.0763783545008 584.4263741344216 1002.8932954799379 1242.5480132472894 1060.1594758601382 1087.64761886018 
1058.803616037274 1104.9249241584594 1028.7068349621895 1438.3213020198373 901.0716851166035 7418.447053599666 1255.5660312434984 1144.9374097128157 1620.7221702473507 842.5661471521616 897.728497846143 1738.8000754245895 1254.7601298717436 538.5162864547665 2210.265781259707 865.0352795185427 670.6080851585875 1343.5970376666073 4427.543810539169 1314.0763783545008 584.4263741344216 1002.8932954799379 1242.5480132472894 1060.1594758601382 1087.64761886018 
1058.803616037274 1104.9249241584594 1028.7068349621895 1438.3213020198373 901.0716851166035 7418.447053599666 1255.5660312434984 1144.9374097128157 1620.7221702473507 842.5661471521616 897.728497846143 1738.8000754245895 1254.7601298717436 538.5162864547665 2210.265781259707 865.0352795185427 670.6080851585875 1343.5970376666073 4427.543810539169 1314.0763783545008 584.4263741344216 1002.8932954799379 1242.5480132472894 1060.1594758601382 1087.64761886018 
1058.803616037274 1104.9249241584594 1028.7068349621895 1438.321302018635 901.0716851166035 7418.447053599661 1255.5659951484604 1144.9374097128157 1620.7221702473507 842.5661471521616 897.728497846143 1738.8000754245895 1254.7601298717436 538.5162864547665 2210.265781259707 865.0352795185427 670.6080851585875 1343.5970376666073 4427.543810539169 1313.974683789872 584.4263741344216 1002.8932954799379 1242.5480132472894 1060.1594758601382 1087.64761886018 
1058.803616037274 1104.9249241584594 1028.7068349621895 1438.321302018635 901.0716851166035 7418.447053599661 1255.5658327181068 1144.9374097128157 1620.7221702473507 842.5661471521616 897.728497846143 1738.8000754245895 1254.7601298717436 538.5162864547665 2210.265781259707 865.0352795185427 670.6080851585875 1343.5970116248072 4427.543810539169 1313.9697841200027 584.4263741344216 1002.8932954799379 1242.5480132472894 1060.1594758601382 1087.64761886018 
1058.803616037274 1104.9249241584594 1028.7068349621895 1438.3213020181574 901.0716851166035 7418.447053599661 1255.5658327181068 1144.9374097128157 1620.7221702473507 842.5661471521616 897.728497846143 1738.8000754245895 1254.7601298717436 538.5162864547665 2210.265781259707 865.0352795185427 670.6080851585875 1343.5970116248072 4427.543810539169 1313.9430943877114 584.4263741344216 1002.8932954799379 1242.5480132472894 1060.1594758601377 1087.64761886018 
1058.803616037274 1104.9249241584594 1028.7068349621895 1438.3213020181574 901.0716851166035 7418.447053599657 1255.5658327181068 1144.9374097128157 1620.7221702473507 842.5661471521616 897.728497846143 1738.8000754245895 1254.7601298717436 538.5162864547665 2210.265781259707 865.0352795185427 670.6080851585875 1343.5970116248072 4427.543810539169 1313.9430943877114 584.4263741344216 1002.8932954799379 1242.5480132472894 1060.1594758601377 1087.64761886018 
1058.803616037274 1104.9249241584594 1028.7068349621895 1438.321302017829 901.0716851166035 7418.447053599657 1255.5657684007083 1144.9374097128157 1620.7221702473507 842.5661471521616 897.728497846143 1738.8000754245895 1254.7601298717436 538.5162864547665 2210.265781259707 865.0352795185427 670.6080851585875 1343.5970116248072 4427.543810539167 1313.9429898216085 584.4263741344216 1002.8932954799379 1242.5480132472894 1060.1594758601377 1087.64761886018 
1058.803616037274 1104.9249241584594 1028.7068349621895 1438.3213020177773 901.0716851166035 7418.447053599657 1255.5657684007083 1144.9374097128157 1620.7221702473507 842.5661471521616 897.728497846143 1738.8000754245895 1254.7601298717436 538.5162864547665 2210.265781259707 865.0352795185427 670.6080851585875 1343.5970111919023 4427.543810539167 1313.9429898216085 584.4263741344216 1002.8932954799379 1242.5480132472894 1060.1594758601377 1087.64761886018 
1058.803616037274 1104.9249241584594 1028.7068349621895 1438.3213020177686 901.0716851166035 7418.447053599657 1255.5657641859793 1144.9374097128157 1620.7221702473507 842.5661471521616 897.728497846143 1738.8000754245895 1254.7601298717436 538.5162864547665 2210.265781259707 865.0352795185427 670.6080851585875 1343.5970111919023 4427.543810539167 1313.9429852014391 584.4263741344216 1002.8932954799379 1242.5480132472894 1060.1594758601377 1087.64761886018 
1058.803616037274 1104.9249241584594 1028.7068349621895 1438.3213020177673 901.0716851166035 7418.4470532901105 1255.5657641859793 1144.9374097128157 1620.7221702473507 842.5661471521616 897.728497846143 1738.8000754245895 1254.7601298717436 538.5162864547665 2210.265781259707 865.0352795185427 670.6080851585875 1343.5970094939926 4427.543810539167 1313.9429852014391 584.4263741344216 1002.8932954799379 1242.5480132472894 1060.1594758601377 1087.64761886018 
1058.803616037274 1104.9249241584594 1028.7068349621895 1438.3213020177645 901.0716851166035 7418.4470532901105 1255.5657641859793 1144.9374097128157 1620.7221702473507 842.5661471521616 897.728497846143 1738.8000754245895 1254.7601298717436 538.5162864547665 2210.265781259707 865.0352795185427 670.6080851585875 1343.5970094939926 4427.543810539167 1313.9429829470346 584.4263741344216 1002.8932954799379 1242.5480132472894 1060.1594758601377 1087.64761886018 
1058.803616037274 1104.9249241584594 1028.7068349621895 1438.321302017764 901.0716851166035 7418.4470532901105 1255.5657641859793 1144.9374097128157 1620.7221702473507 842.5661471521616 897.728497846143 1738.8000754245895 1254.7601298717436 538.5162864547665 2210.265781259707 865.0352795185427 670.6080851585875 1343.5970094939926 4427.543810539167 1313.9429829470346 584.4263741344216 1002.8932954799379 1242.5480132472894 1060.1594758601377 1087.64761886018 
1058.803616037274 1104.9249241584594 1028.7068349621895 1438.321302017764 901.0716851166035 7418.4470532901105 1255.5657641859793 1144.9374097128157 1620.7221702473507 842.5661471521616 897.728497846143 1738.8000754245895 1254.7601298717436 538.5162864547665 2210.265781259707 865.0352795185427 670.6080851585875 1343.597008867041 4427.543810539167 1313.9429829470346 584.4263741344216 1002.8932954799379 1242.5480132472894 1060.1594758601377 1087.64761886018 
1058.803616037274 1104.9249241584594 1028.7068349621895 1438.3213020177632 901.0716851166035 7418.4470532901105 1255.5657641859793 1144.9374097128157 1620.7221702473507 842.5661471521616 897.728497846143 1738.8000754245895 1254.7601298717436 538.5162864547665 2210.265781259707 865.0352795185427 670.6080851585875 1343.5970087898322 4427.543810539167 1313.9429828324905 584.4263741344216 1002.8932954799379 1242.5480132472894 1060.1594758601377 1087.64761886018 
1058.803616037274 1104.9249241584594 1028.7068349621895 1438.3213020177627 901.0716851166035 7418.447053290107 1255.5657641859793 1144.9374097128157 1620.7221702473507 842.5661471521616 897.728497846143 1738.8000754245895 1254.7601298717436 538.5162864547665 2210.265781259707 865.0352795185427 670.6080851585875 1343.5970087898322 4427.543810539167 1313.9429828274674 584.4263741344216 1002.8932954799379 1242.5480132472894 1060.1594758601377 1087.64761886018 
1058.803616037274 1104.9249241584594 1028.7068349621895 1438.3213020177627 901.0716851166035 7418.447053290107 1255.5657641859793 1144.9374097128157 1620.7221702473507 842.5661471521616 897.728497846143 1738.8000754245895 1254.7601298717436 538.5162864547665 2210.265781259707 865.0352795185427 670.6080851585875 1343.5970087898322 4427.543810539167 1313.9429828274674 584.4263741344216 1002.8932954799379 1242.5480132472894 1060.1594758601377 1087.64761886018 
1058.803616037274 1104.9249241584594 1028.7068349621895 1438.3213020177627 901.0716851166035 7418.447053290107 1255.5657641859789 1144.9374097128157 1620.7221702473507 842.5661471521616 897.728497846143 1738.8000754245895 1254.7601298717436 538.5162864547665 2210.265781259707 865.0352795185427 670.6080851585875 1343.597008789755 4427.543810539167 1313.9429828274674 584.4263741344216 1002.8932954799379 1242.5480132472894 1060.1594758601377 1087.64761886018 
1058.803616037274 1104.9249241584594 1028.7068349621895 1438.3213020177627 901.0716851166035 7418.447053290107 1255.5657641859789 1144.9374097128157 1620.7221702473507 842.5661471521616 897.728497846143 1738.8000754245895 1254.7601298717436 538.5162864547665 2210.265781259707 865.0352795185427 670.6080851585875 1343.5970087897158 4427.543810539167 1313.9429828274674 584.4263741344216 1002.8932954799379 1242.5480132472894 1060.1594758601377 1087.64761886018 
1058.803616037274 1104.9249241584594 1028.7068349621895 1438.3213020177627 901.0716851166035 7418.447053290103 1255.5657641859784 1144.9374097128157 1620.7221702473507 842.5661471521616 897.728497846143 1738.8000754245895 1254.7601298717436 538.5162864547665 2210.265781259707 865.0352795185427 670.6080851585875 1343.5970087896976 4423.423014429038 1313.9429828273696 584.4263741344216 1002.8932954799379 1242.5480132472894 1060.1594758601377 1087.64761886018 
1058.803616037274 1104.9249241584594 1028.7068349621854 1438.3213020177627 901.0716851166035 7418.447053290103 1255.5657641859784 1144.9374097128157 1620.7221702473507 842.5661471521616 897.728497846143 1738.8000754245895 1254.7601298717436 538.5162864547665 2210.265781259707 865.0352795185427 670.6080851585875 1343.597008789689 4423.423014429038 1313.94298282734 584.4263741344216 1002.8932954799379 1242.5480132472894 1060.1588243455863 1087.64761886018 
1058.803616037274 1104.9249241584594 1028.706834962185 1438.3213020177627 901.0716851166035 7418.447053290103 1255.5657641859784 1144.9374097128157 1620.7221702473507 842.5661471521616 897.728497846143 1738.8000754245895 1254.7601298717436 538.5162864547665 2210.265781259707 865.0352795185427 670.6080851585875 1343.5970087896885 4423.423014429038 1313.9429828273396 584.4263741344216 1002.8932954799379 1242.5480132472894 1060.1588243455863 1087.64761886018 
1058.803616037274 1104.9249241584594 1028.706834962185 1438.3213020177627 901.0716851166035 7418.447053290103 1255.565764185978 1144.9374097128157 1620.7221702473507 842.5661471521616 897.728497846143 1738.8000754245895 1254.7601298717436 538.5162864547665 2210.265781259707 865.0352795185427 670.6080851585875 1343.5970087896885 4423.423014429038 1313.9429828273396 584.4263741344216 1002.8932954799379 1242.5480132472894 1060.158824019456 1087.64761886018 
1058.803616037274 1104.9249241584594 1028.706834962185 1438.3213020177627 901.0716851166035 7418.447053290103 1255.565764185978 1144.9374097128157 1620.7221702473507 842.5661471521616 897.728497846143 1738.8000754245895 1254.7601298717436 538.5162864547665 2210.265781259707 865.0352795185427 670.6080851585875 1343.5970087896867 4423.423014429038 1313.9429828273387 584.4263741344216 1002.8932954799379 1242.5480132472894 1060.1588219799264 1087.64761886018 
1058.803616037274 1104.9249241584594 1028.706834962185 1438.3213020177627 901.0716851166035 7418.447053290103 1255.565764185978 1144.9374097128157 1620.7221702473507 842.5661471521616 897.728497846143 1738.8000754245895 1254.7601298717436 538.5162864547665 2210.265781259707 865.0352795185427 670.6080851585875 1343.5970087896867 4423.423014429038 1313.9429828272919 584.4263741344216 1002.8932954799379 1242.5480132472894 1060.1588218970583 1087.64761886018 
1058.803616037274 1104.9249241584594 1028.706834962185 1438.3213020177627 901.0716851166035 7418.447053290103 1255.565764185978 1144.9374097128157 1620.7221702473507 842.5661471521616 897.728497846143 1738.8000754245895 1254.7601298717436 538.5162864547665 2210.265781259707 865.0352795185427 670.6080851585875 1343.5970087896867 4422.74219438097 1313.9429828272919 584.4263741344216 1002.8932954799379 1242.5480132472894 1060.1588218533725 1087.64761886018 
1058.803616037274 1104.9249241584594 1028.706834962185 1438.3213020177627 901.0716851166035 7418.447053290103 1255.565764185978 1144.9374097128157 1620.7221702473507 842.5661471521616 897.728497846143 1738.8000754245895 1254.7601298717436 538.5162864547665 2210.265781259707 865.0352795185427 670.6080851585875 1343.5970087896867 4422.738399361841 1313.9429828272914 584.4263741344216 1002.8932954799379 1242.5480132472894 1060.1588218533725 1087.64761886018 
1058.803616037274 1104.9249241584594 1028.706834962185 1438.3213020177627 901.0716851166035 7418.447053290103 1255.5657535572882 1144.9374097128157 1620.7221702473507 842.5661471521616 897.728497846143 1738.8000754245895 1254.7601298717436 538.5162864547665 2210.265781259707 865.0352795185427 670.6080851585875 1314.6779146173685 4422.7380407037945 1313.9429828272914 584.4263741344216 1002.8932954799379 1242.5480132472894 1060.1588218086108 1087.64761886018 
1058.803616037274 1104.9249241584594 1028.706834962185 1438.3213020177627 901.0716851166035 7418.447053290103 1255.5657535572882 1144.9374097128157 1620.7221702473507 842.5661471521616 897.728497846143 1738.8000754245895 1254.7601298717436 538.5162864547665 2210.265781259707 865.0352795185427 670.6080851585875 1313.9946440462877 4422.738024963449 1313.9429828272905 584.4263741344216 1002.8932954799379 1242.5480132472894 1060.1588215985175 1087.64761886018 
1058.803616037274 1104.9249241584594 1028.706834962185 1438.3213020177627 901.0716851166035 7418.447053290103 1255.5657535572882 1144.9374097128157 1620.7221702473507 842.5661471521616 897.728497846143 1738.8000754245895 1254.7601298717436 538.5162864547665 2210.265781259707 865.0352795185427 670.6080851585875 1313.56247478775 4422.7380211312675 1313.9429828272168 584.4263741344216 1002.8932954799379 1242.5480132472894 1060.1588215973052 1087.64761886018 
1058.803616037274 1104.9249241584594 1028.706834962185 1438.3213020177627 901.0716851166035 7418.447053290103 1255.5657535572882 1144.9374097128157 1620.7221702473507 842.5661471521616 897.728497846143 1738.8000754245895 1254.7601298717436 538.5162864547665 2210.265781259707 865.0352795185427 670.6080851585875 1313.4126100080198 4422.737970808658 1313.9429828272168 584.4263741344216 1002.8932954799379 1242.5480132472894 1060.1588215973052 1087.64761886018 
1058.803616037274 1104.9249241584594 1028.706834962185 1438.3213020177627 901.0716851166035 7418.447053290103 1255.5657535572882 1144.9374097128157 1620.7221702473507 842.5661471521616 897.728497846143 1738.8000754245895 1254.7601298717436 538.5162864547665 2210.265781259707 838.1539246822454 670.6080851585875 1313.4056968384548 4422.737646719991 1313.9429828272168 584.4263741344216 1002.8932954799379 1242.5480132472894 1060.1588215973052 1087.64761886018 
1058.803616037274 1104.9249241584594 1028.706834962185 1438.3213020177627 901.0716851166035 7418.447053290103 1255.5657535572882 1144.9374097128157 1620.7221702473507 842.5661471521616 897.728497846143 1738.8000754245895 1254.7601298717436 538.5162864547665 2206.1044071267916 838.1539246822454 670.6080851585875 1313.4032763352811 4422.737630757308 1313.942982827216 584.4263741344216 1002.8932954799379 1242.5480132472894 1060.1588109301983 1087.64761886018 
1058.803616037274 1104.9249241584594 1028.706834962185 1438.3213020177627 901.0716851166035 7418.447053290103 1255.5657535572882 1144.9374097128157 1620.7221702473507 842.5661471521616 897.728497846143 1738.8000754245895 1254.7601298717436 538.5162864547665 2206.1044071267916 838.1539246822454 670.6080851585875 1313.3823669446574 4422.7376232433635 1313.942982827216 584.4263741344216 1002.8932954799379 1242.5480132472894 1060.1588109301983 1087.64761886018 
1058.803616037274 1104.9249241584594 1028.706834962185 1438.3213020177627 901.0716851166035 7418.447053290103 1255.5657535572882 1144.9374097128157 1619.8286696675664 842.5661471521616 897.728497846143 1738.8000754245895 1254.7601298717436 524.1445500183358 2206.1044071267916 838.1537528888184 653.9512342189428 1313.380638079484 4422.7376232433635 1313.942982827216 584.4263741344216 1002.8932954799379 1242.5480132472894 1060.1588109301983 1087.64761886018 
1058.803616037274 1104.9249241584594 1028.706834962185 1438.3213020177627 901.0716851166035 7418.447053290103 1255.5657535572882 1144.9374097128157 1616.99496171304 842.5661471521616 897.728497846143 1738.8000754245895 1254.7601298717436 524.143956982919 2206.1044071267916 838.1537485632039 645.6882206650589 1313.3804761427382 4422.7376232433635 1313.942982827216 584.4263741344216 1002.8932954799379 1242.5480132472894 1060.1588109301983 1087.64761886018 
1058.803616037274 1104.9249241584594 1028.706834962185 1438.3213020177627 901.0716851166035 7418.447053290103 1255.5657535572882 1144.9374097128157 1616.7145297051138 842.5661471521616 897.728497846143 1738.8000754245895 1254.7601298717436 523.3660112822945 2206.1044071267916 838.1537485632039 642.792035292865 1313.3779414824362 4422.7376232433635 1313.942982827216 584.4263741344216 1002.8932954799379 1242.5480132472894 1060.1588109301983 1087.64761886018 
1058.803616037274 1104.9249241584594 1028.706834962185 1438.3213020177627 901.0716851166035 7418.447053290103 1255.5657535572882 1144.9374097128157 1616.7043092320132 842.5661471521616 897.728497846143 1738.8000754245895 1254.7601298717436 523.0454746308742 2206.1044071267916 838.153663240605 642.5914364454075 1313.3720740213776 4422.7376232433635 1313.942982827216 584.4263741344216 1002.8932954799379 1242.5480132472894 1060.158810930198 1087.64761886018 
1058.803616037274 1104.9249241584594 1028.706834962185 1438.3213020177627 901.0716851166035 7418.447053290103 1255.5657535572882 1144.9374097128157 1616.7024973410917 842.5661471521616 897.728497846143 1738.8000754245895 1254.7601298717436 523.0358471166469 2206.1044071267916 838.1532826832608 637.2910648215739 1313.3720740213776 4422.7376232433635 1313.942982827216 584.4263741344216 1002.8932954799379 1242.5480132472894 1060.1587283840481 1087.64761886018 
1058.803616037274 1104.9249241584594 1028.706834962185 1438.3213020177627 901.0716851166035 7418.447053290103 1255.5657535572882 1144.9374097128157 1616.7019151494187 842.5661471521616 897.728497846143 1738.8000754245895 1254.7601298717436 523.0358471166469 2206.1044071267916 838.153270787499 636.9183582613068 1313.3720740213776 4422.7376232433635 1313.942982827216 584.4263741344216 1002.8932954799379 1242.5480132472894 1060.1587283840481 1087.64761886018 
1058.803616037274 1104.9249241584594 1028.706834962185 1438.3213020177627 901.0716851166035 7418.447053290103 1255.5657535572882 1144.9374097128157 1616.701797645008 842.5661471521616 897.728497846143 1738.8000754245895 1254.7601298717436 523.0308486740041 2206.1044071267916 838.153270787499 636.9135416898398 1313.3720740213776 4422.7376232433635 1313.942982827216 584.4263741344216 1002.8932954799379 1242.5480132472894 1060.1587283840481 1087.64761886018 
1058.803616037274 1104.9249241584594 1028.706834962185 1438.3213020177627 901.0716851166035 7418.447053290103 1255.5657535572882 1144.9374097128157 1616.7013883489803 842.5661471521616 897.728497846143 1738.8000754245895 1254.7601298717436 523.0292089215745 2206.1044071267916 838.1528877365004 636.9107939601472 1313.3720453738115 4422.7376232433635 1313.942982827216 584.4263741344216 1002.8932954799379 1242.5480132472894 1060.1587283840481 1087.64761886018 
1058.803616037274 1104.9249241584594 1028.706834962185 1438.3213020177627 901.0716851166035 7418.447053290103 1255.5657535572882 1144.9374097128157 1616.7013651379466 842.5661471521616 897.728497846143 1738.8000754245895 1254.7601298717436 523.0291693550957 2206.1044071267916 838.1528877365004 636.9026274224225 1313.3720453738115 4422.737623243362 1313.942982827216 584.4263741344216 1002.8932954799379 1242.5480132472894 1060.1587283840481 1087.64761886018 
1058.803616037274 1104.9249241584594 1028.706834962185 1438.3213020177627 901.0716851166035 7418.447053290103 1255.5657535572882 1144.9374097128157 1616.7013651379466 842.5661471521616 897.728497846143 1738.8000754245895 1254.7601298717436 523.0288216488425 2206.1044071267916 838.1528877365004 636.9017361172764 1313.3720446382686 4422.737623243361 1313.942982827216 584.4263741344216 1002.8932954799379 1242.5480132472894 1060.1587283840481 1087.64761886018 
1058.803616037274 1104.9249241584594 1028.706834962185 1438.3213020177627 901.0716851166035 7418.447053290103 1255.5657535572882 1144.9374097128157 1616.701093979229 842.5661471521616 897.728497846143 1738.8000754245895 1254.7601298717436 523.0288212970613 2206.1044071267916 838.1527314583268 636.9001413298124 1313.3720445756026 4422.737623243361 1313.942982827216 584.4263741344216 1002.8932954799379 1242.5480132472894 1060.1587283840481 1087.64761886018 
1058.803616037274 1104.9249241584594 1028.706834962185 1438.3213020177627 901.0716851166035 7418.447053290103 1255.5657535572882 1144.9374097128157 1616.701093979229 842.5661471521616 897.728497846143 1738.8000754245895 1254.7601298717436 523.028753092331 2206.1044071267916 838.1527314583268 636.8953303555786 1313.3720445756026 4422.737623243361 1313.942982827216 584.4263741344216 1002.8932954799379 1242.5480132472894 1060.1587283840472 1087.64761886018 
1058.803616037274 1104.9249241584594 1028.706834962185 1438.3213020177627 901.0716851166035 7418.447053290103 1255.5657535572882 1144.9374097128157 1616.7010634446324 842.5661471521616 897.728497846143 1738.8000754245895 1254.7601298717436 523.0287428721363 2206.1044071267916 838.1526480935408 636.8927486052853 1313.3720445756026 4422.737623243361 1313.942982827216 584.4263741344216 1002.8932954799379 1242.5480132472894 1060.1587283840472 1087.64761886018 
1058.803616037274 1104.9249241584594 1028.706834962185 1438.3213020177627 901.0716851166035 7418.447053290103 1255.5657535572877 1144.9374097128157 1616.7010547969876 842.5661471521616 897.728497846143 1738.8000754245895 1254.7601298717436 523.0287394071529 2206.1044071267916 838.1526480935408 636.8904182503557 1313.3720445756026 4422.737623243361 1313.942982827216 584.4263741344216 1002.8932954799379 1242.5480132472894 1060.1587283840472 1087.64761886018 
1058.803616037274 1104.9249241584594 1028.706834962185 1438.3213020177627 901.0716851166035 7418.447053290103 1255.5657535572877 1144.9374097128157 1616.7010547969876 842.5661471521616 897.728497846143 1738.8000754245895 1254.7601298717436 523.0287394007332 2206.1044071267916 838.1526480935408 636.8902598893274 1313.3720412510638 4422.737623243361 1313.942982827216 584.4263741344216 1002.8932954799379 1242.5480132472894 1060.1587196663659 1087.64761886018 
1058.803616037274 1104.9249241584594 1028.706834962185 1438.3213020177627 901.0716851166035 7418.447053290103 1255.5657535572877 1144.9374097128157 1616.701054704783 807.5499703836927 897.728497846143 1738.8000754245895 1254.7601298717436 523.0287360615202 2206.1044071267916 838.1526480935408 636.8902338672278 1313.3720412510638 4422.73762324336 1313.942982827216 584.4263741344216 1002.8932954799379 1242.5480132472894 1060.1587196663659 1087.64761886018 
1058.803616037274 1086.8321610612156 1028.706834962185 1438.3213020177627 901.0716851166035 7418.447053290103 1255.5657535572877 1144.9374097128157 1616.7010547044447 806.8927210967368 897.728497846143 1738.8000754245895 1254.7601298717436 523.0287359681806 2206.1044071267916 838.1526480935408 636.8902265032752 1313.3720412510638 4422.73762324336 1313.942982827216 584.4263741344216 1002.8932954799379 1242.5480132472894 1060.1587196663659 1087.64761886018 
1058.803616037274 1085.7143118212653 1028.706834962185 1438.3213020177627 901.0716851166035 7418.447053290103 1255.5657535572877 1144.9374097128157 1616.7010546764805 806.843756408558 897.728497846143 1738.8000754245895 1254.7601298717436 523.0287359681806 2206.1044071267916 838.1526154707126 636.8902263539203 1313.3720412510638 4422.73762324336 1313.942982827216 584.4263741344216 1002.8932954799379 1242.5480132472894 1060.1587196663659 1087.64761886018 
1058.803616037274 1085.6638804660734 1028.706834962185 1438.3213020177627 901.0716851166035 7418.447053290103 1255.5657535572877 1144.9374097128157 1616.7010546764805 806.341852706486 897.728497846143 1738.8000754245895 1254.7601298717436 523.0287359681806 2206.1044071267916 838.1526122462251 636.8902263251466 1313.3720412510638 4422.73762324336 1313.942982827216 584.4263741344216 1002.8932954799379 1242.5480132472894 1060.1587196663659 1087.64761886018 
1058.803616037274 1085.6559096914652 1028.706834962185 1438.3213020177627 901.0716851166035 7418.447053290103 1255.5657535572877 1144.9374097128157 1616.7010546602946 806.2831273678012 897.728497846143 1738.8000754245895 1254.7601298717436 523.0287359645222 2206.1044071267916 838.1526122462251 636.8902263177874 1313.3720412510638 4422.73762324336 1313.942982827216 584.4263741344216 1002.8932954799379 1242.5480132472894 1060.1587196663659 1087.64761886018 
1058.803616037274 1085.6559096914652 1028.706834962185 1438.3213020177627 901.0716851166035 7418.447053290103 1255.5657535572877 1144.9374097128157 1616.7010545716257 806.2826164550779 897.728497846143 1738.8000754245895 1254.7601298717436 523.0287359575364 2206.1044071267916 838.1526122462251 636.8902263071968 1313.372041251063 4422.73762324336 1313.942982827216 584.4263741344216 1002.8932954799379 1242.5480132472894 1060.1587196663659 1087.64761886018 
1058.803616037274 1085.6509818600543 1028.706834962185 1438.3213020177627 901.0716851166035 7418.447053290103 1255.5657535572877 1144.9374097128157 1616.7010545168428 806.0218260879124 897.728497846143 1730.7234140052974 1254.7601298717436 523.0287359555355 2206.1044071267916 838.1526122462251 636.8902263060654 1313.372041251063 4422.73762324336 1313.942982827216 584.4263741344216 1002.8932954799379 1242.5480132472894 1060.1587196663645 1087.64761886018 
1058.803616037274 1085.6508754178785 1028.706834962185 1438.3213020177627 901.0716851166035 7418.447053290103 1255.5657535572877 1144.9374097128157 1616.7010545168428 805.9645589581169 897.728497846143 1729.582839708647 1254.7601298717436 523.0287359549616 2206.1044071267916 838.1526122462251 636.8902263060654 1302.8255961470659 4422.73762324336 1313.942982827216 584.4263741344216 1002.8932954799379 1242.5480132472894 1060.1587196663645 1087.64761886018 
1058.803616037274 1054.1229689179427 1028.706834962185 1438.3213020177627 901.0716851166035 7418.447053290103 1255.5657535572877 1144.9374097128157 1616.7010545018647 805.9607707670903 897.728497846143 1729.582839708647 1254.7601298717436 523.0287359548338 2206.1044071267916 838.1526122462251 636.8902263060654 1302.4037136439329 4422.73762324336 1313.942982827216 584.4263741344216 1002.8932954799379 1242.5480132472894 1060.1587196663645 1087.64761886018 
1058.803616037274 1053.4583192438727 1028.706834962185 1438.3213020177627 901.0716851166035 7418.447053290103 1255.5657535572877 1144.9374097128157 1616.7010545018647 805.9424660421755 897.728497846143 1725.517568013257 1254.7601298717436 523.0287359548101 2206.1044071258793 838.1526122462251 626.6352988434601 1302.3271232583202 4422.73762324336 1313.942982827216 584.4263741344216 1002.8932954799379 1242.5480132472894 1060.1587196663645 1087.64761886018 
1058.803616037274 1045.7262906891383 1028.706834962185 1438.3213020177627 901.0716851166035 7418.447053290103 1255.5657535572877 1144.9374097128157 1616.7010544972718 805.9424660421755 897.728497846143 1723.5303508198435 1254.7601298717436 523.0287359548097 2206.104407125877 838.1526122462246 626.4211758981683 1302.3271232583202 4422.73762324336 1313.942982827216 584.4263741344216 1002.8932954799379 1242.5480132472894 1060.1587196663645 1087.64761886018 
1058.803616037274 1045.6481816317664 1028.706834962185 1438.3213020177627 901.0716851166035 7418.447053290103 1255.5657535572877 1144.9374097128157 1616.7010544972718 805.9417235118995 897.728497846143 1722.5661890707302 1254.7601298717436 523.0287359548047 2206.104407125877 838.1526122462237 626.4211758981683 1302.3123445655056 4422.73762324336 1313.942982827216 584.4263741344216 1002.8932954799379 1242.5480132472894 1060.1587196663645 1087.64761886018 
1058.803616037274 1045.5960564602383 1028.706834962185 1438.3213020177627 901.0716851166035 7418.447053290103 1255.5657535572877 1144.9374097128157 1616.701054497271 805.9413948810516 897.728497846143 1721.884896162133 1254.7601298717436 523.028735954796 2206.104407125877 838.1526122462237 626.2841712537356 1302.2593354284722 4422.73762324336 1313.942982827216 584.4263741344216 1002.8932954799379 1242.5480132472894 1060.1587196663645 1087.64761886018 
1058.803616037274 1032.6102189402177 1028.706834962185 1438.3213020177627 901.0716851166035 7418.447053290103 1255.5657535572877 1144.9374097128157 1616.701054497271 805.9408770272516 897.728497846143 1721.7143247004424 1254.7601298717436 523.0287359547933 2206.10440712587 838.1525412157907 626.2820961700222 1302.2593354284722 4422.737623243358 1313.942982827216 584.4263741344216 1002.8932954799379 1242.5480132472894 1060.1587196663645 1087.64761886018 
1058.803616037274 1032.2677145576145 1028.706834962185 1438.3213020177627 901.0716851166035 7418.447053290103 1255.5657535572877 1144.9374097128157 1616.701054497271 805.940645121887 897.728497846143 1721.703132089382 1254.7601298717436 523.0287359547929 2206.1044071258634 838.1525412157907 626.2820961700222 1302.2540311721013 4422.737623243358 1313.942982827216 584.4263741344216 1002.8932954799379 1242.5480132472894 1060.1587196663645 1087.64761886018 
1058.803616037274 1032.2225685339636 1028.706834962185 1438.3213020177627 901.0716851166035 7418.447053290103 1255.5657535572877 1144.9374097128157 1616.701054497271 805.9406145489729 897.728497846143 1721.703132089382 1254.7601298717436 523.0287359547929 2206.1044071258602 838.1525355679414 626.2820107723437 1302.2538583575893 4422.737623243358 1313.942982827216 584.4263741344216 1002.8932954799379 1242.5480132472894 1060.1587196663645 1087.64761886018 
1058.803616037274 1032.0290978216367 1028.706834962185 1438.3213020177627 901.0716851166035 7418.447053290103 1255.5657535572877 1144.9374097128157 1616.701054497271 805.9406126054296 897.728497846143 1721.693069194329 1254.7601298717436 523.0287359547929 2206.1044071258593 838.1525341225015 626.2820107723437 1302.2538583575893 4422.737623243358 1313.942982827216 584.4263741344216 1002.8932954799379 1242.5480132472894 1060.1587196663645 1087.64761886018 
1058.803616037274 1031.8922253807764 1028.706834962185 1438.3213020177627 901.0716851166035 7418.447053290103 1255.5657535572877 1144.9374097128157 1616.701054497271 805.9406126054296 897.728497846143 1721.693069194329 1254.7601298717436 523.0287359547929 2206.1044071258593 838.1525337157282 626.2820107723437 1302.2529733724741 4422.737623243357 1313.942982827216 584.4263741344216 1002.8932954799379 1242.5480132472894 1060.1587196663645 1087.64761886018 
1058.803616037274 1031.6686660275545 1028.706834962185 1438.3213020177627 901.0716851166035 7418.447053290103 1255.5657535572877 1144.9374097128157 1616.701054497271 805.9406126054296 897.728497846143 1721.6927392929902 1254.7601298717436 523.0287359547929 2206.1044071258593 838.1525337000317 626.2815914483253 1302.2529590128079 4422.737623243357 1313.942982827216 584.4263741344216 1002.8932954799379 1242.5480132472894 1060.1587196663645 1087.64761886018 
1058.803616037274 1016.5716599062498 1028.706834962185 1438.3213020177627 901.0716851166035 7418.447053290103 1255.5657535572877 1144.9374097128157 1616.70105449727 805.9406065453409 897.728497846143 1721.6923625915288 1254.7601298717436 523.0287359547929 2206.1044071258593 838.152533694345 626.2813564487269 1302.2529584940762 4422.737623243357 1313.942982827216 584.4263741344216 1002.8932954799379 1242.5480132472894 1060.1587196663645 1087.64761886018 
1058.803616037274 1006.0816449249896 1028.706834962185 1438.3213020177627 901.0716851166035 7418.447053290103 1255.5657535572877 1144.9374097128157 1616.70105449727 805.9406065453409 897.728497846143 1721.6923204544019 1254.7601298717436 523.028735954792 2206.1044071258593 838.152533694345 626.2813564487269 1302.2529584940762 4422.737623243357 1313.942982827216 584.4263741344216 1002.8932954799379 1242.5480132472894 1060.1587196663645 1087.64761886018 
1058.803616037274 1006.0816449249896 1028.706834962185 1438.3213020177627 901.0716851166035 7418.447053290103 1255.5657535572877 1144.9374097128157 1616.70105449727 805.9406065453409 897.728497846143 1721.6923041291789 1254.7601298717436 523.028735954792 2206.1044071258593 838.152533693532 626.2813564487269 1302.2529528136934 4422.737623243357 1313.942982827216 584.4263741344216 1002.8932954799379 1242.5480132472894 1060.1587196663645 1087.64761886018 
1058.803616037274 1004.4821177771964 1028.706834962185 1438.3213020177627 901.0716851166035 7418.447053290103 1255.5657535572877 1144.9374097128157 1616.70105449727 805.9406065453409 897.728497846143 1721.6923029464288 1254.7601298717436 523.028735954792 2206.1044071258593 838.152533693511 626.2812778029838 1302.252952709523 4422.737623243357 1313.942982827216 584.4263741344216 1002.8932954799379 1242.5480132472894 1060.1587196663645 1087.64761886018 
1058.803616037274 1004.2760269453902 1028.706834962185 1438.3213020177627 901.0716851166035 7418.447053290103 1255.5657535572877 1144.9374097128157 1616.70105449727 805.940600738867 897.728497846143 1721.692300908092 1254.7601298717436 523.028735954792 2206.1044071258593 838.152533693451 626.2812724458236 1302.252952709523 4422.737623243357 1313.942982827216 584.4263741344216 1002.8932954799379 1242.5480132472894 1060.1587196663645 1087.64761886018 
1058.803616037274 1004.0971625670936 1028.706834962185 1438.3213020177627 901.0716851166035 7418.447053290103 1255.5657535572877 1144.9374097128157 1616.70105449727 805.940600664052 897.728497846143 1721.6922996747126 1254.7601298717436 523.028735954792 2206.1044071258593 838.1525336934451 626.2812719559811 1302.2529526978383 4422.737623243357 1313.942982827216 584.4263741344216 1002.8932954799379 1242.5480132472894 1060.1587196663645 1087.64761886018 
1058.803616037274 1004.0864033484067 1028.706834962185 1438.3213020177627 901.0716851166035 7418.447053290103 1255.5657535572877 1144.9374097128157 1616.70105449727 805.940600664052 897.728497846143 1721.6912968506563 1254.7601298717436 523.028735954792 2206.1044071258593 838.1525336934437 626.281271614941 1302.2529526978383 4422.737623243357 1313.942982827216 584.4263741344216 1002.8932954799379 1242.5480132472894 1060.1587196663645 1087.64761886018 
1058.803616037274 1004.0864033484067 1028.706834962185 1438.3213020177627 901.0716851166035 7418.447053290103 1255.5657535572877 1144.9374097128157 1616.70105449727 805.940600664052 897.728497846143 1721.691046408655 1254.7601298717436 522.7807159120866 2182.766742965886 838.1525336934428 626.2812716065437 1302.2529526946196 4422.737623243357 1313.942982827216 584.4263741344216 1002.8932954799379 1242.5480132472894 1060.1587196663645 1087.64761886018 
1058.803616037274 1004.0857138171732 1028.706834962185 1438.3213020177627 901.0716851166035 7418.447053290103 1255.5657535572877 1144.9374097128157 1616.70105449727 805.9406005793971 897.728497846143 1721.690924747174 1254.7601298717436 521.9249761370206 2173.1077913254658 838.1525336934428 626.2812715761102 1302.2529526944418 4422.737623243357 1313.059449337111 584.4263741344216 1002.8932954799379 1242.5480132472894 1060.1587196663645 1087.64761886018 
1058.803616037274 1004.0838338842732 1028.706834962185 1438.3213020177627 901.0716851166035 7418.447053290103 1255.5657535572877 1144.9374097128157 1616.70105449727 805.9406005793971 897.728497846143 1721.688844395555 1254.7601298717436 521.8010600675243 2169.0040946368554 838.1525336934424 626.2812715761102 1302.252952694409 4422.737623243357 1312.8224688370242 584.4263741344216 1002.8932954799379 1242.5480132472894 1060.1587196663645 1087.64761886018 
1058.803616037274 1004.0838338842732 1028.706834962185 1438.3213020177627 901.0716851166035 7418.447053290103 1255.5657535572877 1144.9374097128157 1616.70105449727 805.9406005496649 897.728497846143 1721.688844395555 1254.7601298717436 521.7993862652165 2168.9879742179605 838.1525336934419 626.2812715692489 1302.2529526944086 4422.737623243357 1312.8161411597666 584.4263741344216 1002.8932954799379 1242.5480132472894 1060.1587032884822 1087.64761886018 
1058.803616037274 991.0230940629544 1028.706834962185 1438.3213020177627 901.0716851166035 7418.447053290103 1255.5657535572877 1144.9374097128157 1616.70105449727 805.9406005496649 897.728497846143 1721.688844395555 1254.7601298717436 521.7993862652165 2168.986384172315 838.1525336934419 626.2812715692489 1302.2529526944086 4422.737623243357 1312.8161099967192 584.4263741344216 1002.8932954799379 1242.5480132472894 1060.1587032884822 1087.64761886018 
1058.803616037274 990.9726039773773 1028.706834962185 1438.3213020177627 901.0716851166035 7418.447053290103 1255.5657535572877 1144.9374097128157 1616.70105449727 805.9406005496649 897.728497846143 1721.688844395555 1254.7601298717436 521.7993862652165 2168.9460944104817 838.1525336934419 626.2812715692489 1302.2529526944086 4422.737623243357 1312.8157148072528 584.4263741344216 1002.8932954799379 1242.5480132472894 1060.1587032884822 1087.64761886018 
1058.803616037274 990.9430420613285 1028.706834962185 1438.3213020177627 901.0716851166035 7418.447053290103 1255.5657535572877 1144.9374097128157 1616.70105449727 805.9406005496649 897.728497846143 1721.688844395555 1254.7601298717436 521.7993862652165 2168.9393641673373 838.1525336934419 626.2812715691339 1302.2529526944086 4422.737623243357 1312.8143372844597 584.4263741344216 1002.8932954799379 1242.5480132472894 1060.1587032884822 1087.64761886018 
1058.803616037274 990.9430420613285 1028.706834962185 1438.3213020177627 901.0716851166035 7418.447053290103 1255.5657535572877 1144.9374097128157 1616.70105449727 805.9406005496649 897.728497846143 1721.688844395555 1254.7601298717436 521.7988440888216 2168.9384372503428 838.1525336934419 626.2812715691339 1302.2529526944081 4422.737623243357 1312.8143372844597 584.4263741344216 1002.8932954799379 1242.5480132472894 1060.1587032884822 1087.64761886018 
1058.803616037274 990.9430420613285 1028.706834962185 1438.3213020177627 901.0716851166035 7418.447053290103 1255.5657535572877 1144.9374097128157 1616.70105449727 805.9406005496649 897.728497846143 1721.688844395555 1254.7601298717436 521.7986114451232 2168.936248025998 838.1525336934419 626.2812715691339 1302.2529526944081 4422.737623243357 1312.8143372844597 584.4263741344216 1002.8932954799379 1242.5480132472894 1060.1587032884822 1087.64761886018 
1058.803616037274 990.9430420613285 1028.706834962185 1438.3213020177627 901.0716851166035 7418.447053290103 1255.5657535572877 1144.9374097128157 1616.70105449727 805.9406005496649 897.728497846143 1721.688844395555 1254.7601298717436 521.7984474243549 2168.936052604515 838.1525336934419 626.2812715691339 1302.2529526944081 4422.737623243357 1312.0845008469687 584.4263741344216 1002.8932954799379 1242.5480132472894 1060.1587032884822 1087.64761886018 
1058.803616037274 990.9415143728575 1028.706834962185 1438.3213020177627 901.0716851166035 7418.447053290103 1255.5657535572877 1144.9374097128157 1616.70105449727 805.9406005496649 897.728497846143 1721.688844395555 1254.7601298717436 521.7984357189034 2168.9359402364435 838.1525336934419 626.2812715691339 1302.2529526944077 4422.737623243357 1312.0845008469687 584.4263741344216 1002.8932954799379 1242.5480132472894 1060.1587032884822 1087.64761886018 
1058.803616037274 990.9414606020773 1028.706834962185 1438.3213020177627 901.0716851166035 7418.447053282793 1255.5657535572877 1144.9374097128157 1616.70105449727 805.9406005496649 897.728497846143 1721.688844395555 1254.7601298717436 521.7984357189034 2168.9356750733714 838.1525336934419 626.2812715690038 1302.2529526944072 4422.737623243357 1311.4547140257318 563.4588665636625 1002.8932954799379 1242.5480132472894 1060.1587032884822 1087.64761886018 
1058.803616037274 990.9414414692792 1028.706834962185 1438.3213020177627 901.0716851166035 7418.447053282793 1255.5657535572877 1144.9374097128157 1616.70105449727 805.9406005496649 897.728497846143 1721.688844395555 1254.7601298717436 521.7984357189034 2168.9356407736914 838.1525336934415 626.2812715690034 1302.2529526944072 4422.737623243357 1311.4547140257318 562.3206457858914 1002.8932954799379 1242.5480132472894 1060.1587032884822 1087.64761886018 
1058.803616037274 990.9414335732554 1028.706834962185 1438.3213020177627 901.0716851166035 7418.447053282787 1255.5657535572877 1144.9374097128157 1616.70105449727 805.9406005496649 897.728497846143 1721.688844395555 1254.7601298717436 521.7984357189034 2168.935280722198 838.1525336934415 626.2812715690029 1302.2529526944072 4422.737623243357 1311.4547140257318 561.7956781869684 1002.8932954799379 1242.5480132472894 1060.1587032884822 1087.64761886018 
1058.803616037274 990.9414335732554 1028.706834962185 1438.3213020177627 901.0716851166035 7418.447053282787 1255.5657535572877 1144.9374097128157 1616.70105449727 805.9406005496649 897.728497846143 1721.688844395555 1254.7601298717436 521.7984357189034 2168.9352535986222 838.1525336934415 626.2812715690029 1302.2529526944068 4422.737623243357 1311.4279662284662 561.7845293029477 1002.8932954799379 1242.5480132472894 1060.1587032884818 1087.64761886018 
1058.803616037274 990.9413923165912 1028.706834962185 1438.3213020177627 901.0716851166035 7418.447053282787 1255.5657535572877 1144.9374097128157 1616.70105449727 805.9406005496649 897.728497846143 1721.688844395555 1254.7601298717436 521.7984357189034 2168.9351920103763 838.1525336934415 626.2812715690029 1302.2529526944063 4422.737623243357 1311.4279662284662 561.7713385431107 1002.8932954799379 1242.5480132472894 1060.1587032884818 1087.64761886018 
1058.803616037274 990.9413923165912 1028.706834962185 1438.3213020177627 901.0716851166035 7418.447053282784 1255.5657535572877 1144.9374097128157 1616.70105449727 805.9406005496649 897.728497846143 1721.688844395555 1254.7601298717436 521.7984357189034 2168.9351331060097 838.1525336934415 626.2812715690029 1302.2529526944063 4422.737623243357 1311.4279662284662 561.769791044233 1002.8932954799379 1242.5480132472894 1060.1587032884818 1087.64761886018 
1058.803616037274 990.9413923165912 1028.706834962185 1438.3213020177627 901.0716851166035 7418.447053282784 1255.5657535572877 1144.9374097128157 1616.70105449727 805.9406005496649 897.728497846143 1721.688844395555 1254.7601298717436 521.7984357189034 2168.9351075502154 838.1525336934415 626.2812715690029 1302.2529526944063 4422.737623243357 1311.4276185638382 561.7672857299412 1002.8932954799379 1242.5480132472894 1060.1587032883485 1087.64761886018 
1058.803616037274 990.9413923165912 1028.706834962185 1438.3213020177627 901.0716851166035 7418.447053282784 1255.5657535572877 1144.9374097128157 1616.70105449727 805.9406005496649 897.728497846143 1721.688844395555 1254.7601298717436 521.798435718903 2168.9351075502154 838.1525336934415 626.2812715690029 1302.2529526944063 4422.737623243357 1311.4276185638382 561.7672764739887 1002.8932954799379 1242.5480132472894 1060.1587032883458 1087.64761886018 
1058.803616037274 990.9413882476779 1028.706834962185 1438.3213020177627 901.0716851166035 7418.447053282784 1255.5657535572877 1144.9374097128157 1616.70105449727 805.9406005496649 897.728497846143 1721.688844395555 1254.7601298717436 521.798435718903 2168.9351075502154 838.1525336934415 626.2812715690029 1302.2529526944063 4422.737623243357 1311.4276185638382 561.7666685894865 1002.8932954799379 1242.5480132472894 1060.158677924529 1087.64761886018 
1058.803616037274 990.9413882476779 1028.706834962185 1438.3213020177627 901.0716851166035 7418.447053282784 1255.5657535572877 1144.9374097128157 1616.70105449727 805.9406005496649 897.728497846143 1721.688844395555 1254.7601298717436 521.798435718903 2168.9351075502154 838.1525336934415 626.2812715690029 1302.2529526944063 4422.737623243357 1311.4276185638382 561.766658485004 1002.8932954799379 1242.5480132472894 1060.158677924529 1087.64761886018 
1058.803616037274 990.9413882476779 1028.706834962185 1438.3213020177627 901.0716851166035 7418.447053282784 1255.5657535572877 1144.9374097128157 1616.70105449727 805.9406005496649 897.728497846143 1721.688844395555 1254.7601298717436 521.798435718903 2168.9351075502154 838.1525336934415 626.2812715690029 1302.2529526944063 4422.737623243357 1311.4276185638382 561.7666573710744 1002.8932954799379 1242.5480132472894 1060.158677924529 1087.64761886018 
1058.803616037274 990.9411664515437 1028.706834962185 1438.3213020177627 901.0716851166035 7418.447053282784 1255.5657535572877 1144.9374097128157 1616.70105449727 805.9406005496649 897.728497846143 1721.688844395555 1254.7601298717436 521.798435718903 2168.9351075502154 838.1525336934415 626.2812715690029 1302.2529526944063 4422.737623243357 1311.4253971187354 561.7666570540623 1002.8932954799379 1242.5480132472894 1060.158677924529 1087.64761886018 
1058.803616037274 990.9411239949104 1028.706834962185 1438.3213020177627 901.0716851166035 7418.447053282784 1255.5657535572877 1144.9374097128157 1616.70105449727 805.9406005496649 897.728497846143 1712.941084731102 1254.7601298717436 521.798435718903 2168.9351075502154 838.1525336934415 626.2812715690029 1302.2529526944063 4422.737623243357 1311.4253971187354 561.7666563653497 1002.8932954799379 1242.5480132472894 1060.158677924529 1087.64761886018 
1058.803616037274 990.9411127324165 1028.706834962185 1438.3213020177627 901.0716851166035 7418.447053282784 1255.5657535572877 1144.9374097128157 1616.70105449727 805.9406005496649 897.728497846143 1712.7982266806566 1254.7601298717436 521.798435718903 2168.9351075502154 838.1525336934415 626.2812715690029 1302.2529526944063 4422.737623243357 1311.4223873258775 561.7666563511311 1002.8932954799379 1242.5480132472894 1060.158677924529 1087.64761886018 
1058.803616037274 990.9411102620161 1028.706834962185 1438.3213020177627 901.0716851166035 7418.447053282784 1255.5657535572877 1144.9374097128157 1616.70105449727 805.9406005496649 897.728497846143 1712.7982266806566 1254.7601298717436 521.798435718903 2168.9351075502127 838.1525336934415 626.2812715690029 1302.2529526944063 4422.737623243357 1311.4220049124433 561.7666563507314 1002.8932954799379 1242.5480132472894 1060.158677924529 1087.64761886018 
1058.803616037274 990.9411098974651 1028.706834962185 1438.3213020177627 901.0716851166035 7418.447053282784 1255.5657535572877 1144.9374097128157 1616.70105449727 805.9406005496649 897.728497846143 1712.7982266806566 1254.7601298717436 521.798435718903 2168.9351070423786 838.1525336934415 626.2812715690029 1302.2529526944063 4422.737623243357 1311.4220049124433 561.7666563481848 1002.8932954799379 1242.5480132472894 1060.158677924529 1087.64761886018 
1058.803616037274 990.9411098974651 1028.706834962185 1438.3213020177627 901.0716851166035 7418.447053282784 1255.5657535572877 1144.9374097128157 1616.70105449727 805.9406005496649 897.728497846143 1712.7982266806566 1254.7601298717436 521.798435718903 2168.9351065289384 838.1525336934415 626.2812715690029 1302.2529526944063 4422.737623243357 1311.4220049124433 561.7666563475914 1002.8932954799379 1242.5480132472894 1060.158677924528 1087.64761886018 
1058.803616037274 990.9411098973806 1028.706834962185 1438.3213020177627 872.3255664556068 7418.447053282784 1255.5657535572877 1144.9374097128157 1616.70105449727 805.9406005496649 897.728497846143 1712.7982266806566 1254.7601298717436 521.798435718903 2168.9351065289384 838.1525336934415 626.2812715690029 1302.2529526944063 4422.737623243357 1311.4220049124433 561.7666520668231 1002.8932954799379 1242.5480132472894 1060.158677924528 1087.64761886018 
1058.803616037274 990.9411098963478 1028.706834962185 1438.3213020177627 872.3255664556068 7418.447053282784 1255.5657535572877 1144.9374097128157 1616.70105449727 805.9406005496649 897.728497846143 1712.7982266806566 1254.7601298717436 521.798435718903 2168.9351065161445 838.1525336934415 626.2812715690029 1302.2529526944063 4422.737623243357 1311.4220049124433 561.7666431825673 1002.8932954799379 1242.5480132472894 1060.158677924528 1087.64761886018 
1058.803616037274 990.9411098963478 1028.706834962185 1438.3213020177627 872.3255664556068 7418.447053282784 1255.5657535572877 1144.9374097128157 1616.70105449727 805.9406005496649 897.728497846143 1712.7982266806566 1254.7601298717436 521.798435718903 2168.9351065161445 838.1525336934415 626.2812715690029 1302.2529526944063 4422.737623243357 1311.4218968243267 561.7666431825673 1002.8932954799379 1242.5480132472894 1060.158677924528 1087.64761886018 
1058.803616037274 990.9411098962232 1028.706834962185 1438.3213020177627 872.3255664556068 7418.447053282784 1255.5657535572877 1144.9374097128157 1616.70105449727 805.9406005496649 897.728497846143 1712.7980611935227 1254.7601298717436 521.798435718903 2168.9351065161445 838.1525336934415 626.2812715690029 1302.2529526944063 4422.737623243357 1311.4218968243267 561.7666431825673 1002.8932954799379 1242.5480132472894 1060.1586359340881 1087.64761886018 
1058.803616037274 990.94110989622 1028.706834962185 1438.3213020177627 872.3255664556068 7418.447053282784 1255.5657535572877 1144.9374097128157 1616.70105449727 805.9406005496649 897.728497846143 1712.7980611935227 1254.7601298717436 521.798435718903 2168.935106515956 838.1525336934415 626.2812715690029 1302.2529526944063 4422.737623243357 1311.4218504447717 561.766630560418 1002.8932954799379 1242.5480132472894 1060.158635548613 1087.64761886018 
1058.803616037274 990.9409139351137 1028.706834962185 1438.3213020177627 872.3255664556068 7418.447053282784 1255.5657535572877 1144.9374097128157 1616.70105449727 805.9406005496649 897.728497846143 1712.7980611935227 1254.7601298717436 521.798435718903 2168.935106515417 838.1525336934415 626.2812715690029 1302.2529526944063 4422.737623243357 1311.4218470675269 561.7666294378232 1002.8932954799379 1242.5480132472894 1060.158635548613 1087.64761886018 
1058.803616037274 990.9409139351137 1028.706834962185 1438.3213020177627 872.3255664556068 7418.447053282784 1255.5657535572877 1144.9374097128157 1616.70105449727 805.9406005496649 897.728497846143 1712.7980490258524 1254.7601298717436 521.798435718903 2168.935106515372 838.1525336934415 626.2812715690029 1302.2529526944063 4422.737623243357 1311.4218470675269 561.7666293565226 1002.8932954799379 1242.5480132472894 1060.1586355387058 1087.64761886018 
1058.803616037274 990.9409139351137 1028.706834962185 1438.3213020177627 872.3255664556068 7418.447053282784 1255.5657535572877 1144.9374097128157 1616.70105449727 805.9406005496649 897.728497846143 1712.7980445790663 1254.7601298717436 521.798435718903 2168.935106515372 838.1525336934415 626.2812715690029 1302.2529526944063 4422.737623243357 1311.4218470675269 561.7666293565226 1002.8932954799379 1242.5480132472894 1060.158635489876 1087.64761886018 
1058.803616037274 990.9409139351137 1028.706834962185 1438.3213020177627 872.3255664556068 7418.447053282784 1255.5657535572877 1144.9374097128157 1616.70105449727 805.9406005496649 897.728497846143 1712.7980135470725 1254.7601298717436 521.798435718903 2168.935106515372 838.1525336934415 626.2812715690029 1302.2529526944063 4422.737623243357 1311.4218470675269 561.7666293559241 1002.8932954799379 1242.5480132472894 1060.1586354875021 1087.64761886018 
1058.803616037274 990.9409139351137 1028.706834962185 1438.3213020177627 872.3255664556068 7418.447053282784 1255.5657535572877 1144.9374097128157 1616.70105449727 805.9406005496649 897.728497846143 1712.7980135470725 1254.7601298717436 521.798435718903 2168.935106515372 838.1525336934415 626.2812715690029 1302.2529526944063 4422.737623243357 1311.4218470675269 561.7666293557268 1002.8932954799379 1242.5480132472894 1060.1586354873725 1087.64761886018 
1058.803616037274 990.9409139351137 1028.706834962185 1438.3213020177627 872.3255664556068 7418.447053282784 1255.5657535572877 1144.9374097128157 1616.70105449727 805.9406005496649 897.728497846143 1712.7980135470725 1254.7601298717436 521.798435718903 2168.935106515372 838.1525336934415 626.2812715690029 1302.2529526944063 4422.737623243357 1311.4218470675269 561.7666293557231 1002.8932954799379 1242.5480132472894 1060.1586354873716 1087.64761886018 
1058.803616037274 990.9409139351137 1028.706834962185 1438.3213020177627 872.3255664556068 7418.447053282784 1255.5657535572877 1144.9374097128157 1616.70105449727 805.9406005496649 897.728497846143 1712.7980135470725 1254.7601298717436 521.798435718903 2168.935106515372 838.1525336934415 626.2812715690029 1302.2529526944063 4422.737623243357 1311.4218470675264 561.7666293557231 1002.8932954799379 1242.5480132472894 1060.1586354873716 1087.64761886018 
1058.803616037274 990.9409139351137 1028.706834962185 1438.3213020177627 872.3255664556068 7418.447053282784 1255.5657535572877 1144.9374097128157 1616.70105449727 805.9406005496649 897.728497846143 1712.7980135470725 1254.7601298717436 521.798435718903 2168.935106515372 838.1525336934415 626.2812715690029 1302.2529526944063 4422.737623243357 1311.4218470675264 561.7666293557231 1002.8932954799379 1242.5480132472894 1060.1586354873693 1087.64761886018 
1058.803616037274 990.9409139351137 1028.706834962185 1438.3213020177627 872.3255664556068 7412.71151192348 1255.5657535572877 1144.9374097128157 1616.70105449727 805.9406005496649 897.728497846143 1712.7980135470725 1254.7601298717436 521.798435718903 2168.935106515372 838.1525336934415 626.2812715690029 1302.2529526944063 4422.737623243357 1311.4218470675264 561.7666293557231 1002.8932954799379 1242.5480132472894 1060.158635487367 1087.64761886018 
1058.803616037274 990.9409139351119 1028.706834962185 1438.3213020177627 872.3255664556068 7412.013094013295 1255.5657535572877 1144.9374097128157 1616.70105449727 805.9406005496649 897.728497846143 1712.7980135470725 1254.7601298717436 521.798435718903 2168.935106515372 838.1525336934415 626.2812715690029 1302.2529526944063 4422.737623243357 1311.4218470675264 561.7666293556531 1002.8932954799379 1242.5480132472894 1060.158635487367 1087.64761886018 
1058.803616037274 990.9409139351119 1028.706834962185 1438.3213020177627 872.3255664556068 7412.013094013295 1255.5657535572877 1144.9374097128157 1616.70105449727 805.9406005496649 897.728497846143 1712.7980135470725 1254.7601298717436 521.798435718903 2168.935106515372 838.1525336934415 626.2812715690029 1302.2529526944063 4422.737623243357 1311.4218470675264 561.7666293556531 1002.8932954799379 1242.5480132472894 1060.1586354873662 1087.64761886018 
1058.803616037274 990.9409139351119 1028.706834962185 1438.3213020177627 872.3255664556068 7412.013025736587 1255.5657535572877 1144.9374097128157 1569.4046616673895 805.9406005494852 897.728497846143 1712.7980135470725 1254.7601298717436 521.798435718903 2168.935106515372 838.1525336934415 626.2812715690029 1302.2529526944063 4422.737623243357 1287.2561511159925 561.7666293556181 1002.8932954799379 1242.5480132472894 1060.1586354873662 1087.64761886018 
1058.803616037274 990.9409139351119 1028.706834962185 1438.3213020177627 872.3255664556068 7412.013025736587 1255.5657535572877 1144.9374097128157 1565.851162589077 805.9406005494852 897.728497846143 1712.7980135470725 1254.7601298717436 521.798435718903 2168.935106515372 838.1525336934415 626.2812715690029 1302.2529526944063 4422.737623243357 1285.1305343155218 561.766629355473 1002.8932954799379 1242.5480132472894 1060.1586354873662 1087.64761886018 
1058.803616037274 990.9409139351119 1028.706834962185 1438.3213020177627 872.3255664556068 7412.013025736587 1255.5657535572877 1144.9374097128157 1565.0566419896513 805.9406005494852 897.728497846143 1712.7980135470716 1254.7601298717436 521.798435718903 2168.935106515372 838.1525336934415 626.2812715690029 1302.2529526944063 4422.737623243357 1284.9560187996494 561.766629355473 1002.8932954799379 1242.5480132472894 1060.1586354873662 1087.64761886018 
1058.803616037274 990.9409139351119 1028.706834962185 1438.3213020177627 872.3255664556068 7412.013025736587 1255.5657535572877 1144.9374097128157 1564.9345337286413 805.9406005494843 897.728497846143 1712.7980135470716 1254.7601298717436 521.798435718903 2168.935106515372 838.1525336934415 626.2812715690029 1302.2529526944063 4422.737623243357 1284.9560187996494 561.7666293554726 1002.8932954799379 1242.5480132472894 1060.1586354873662 1087.64761886018 
1058.803616037274 990.9409139351119 1028.706834962185 1438.3213020177627 872.3255664556068 7412.013025736587 1255.5657535572877 1144.9374097128157 1564.888291247542 805.9406005494843 897.728497846143 1712.7980135470716 1254.7601298717436 521.798435718903 2168.935106515372 838.1525336934415 626.2812715690029 1302.2529526944063 4422.737623243357 1284.9560187996494 561.7666293554707 1002.8932954799379 1242.5480132472894 1060.1586354873657 1087.64761886018 
1058.803616037274 990.9409139351119 1028.706834962185 1438.3213020177627 872.3255664556068 7412.013024674876 1255.5657535572877 1144.9374097128157 1564.888291247542 805.9406005494843 897.728497846143 1712.7979816193629 1254.7601298717436 521.798435718903 2168.935106515372 838.1525336934415 626.2812715690029 1302.2529526944063 4422.737623243357 1284.9391777835713 561.7666293554694 1002.8932954799379 1242.5480132472894 1060.1586354873657 1087.64761886018 
1058.803616037274 990.9409139351119 1028.706834962185 1438.3213020177627 872.3255664556068 7412.013024661261 1255.5657535572877 1144.9374097128157 1564.8851650954866 805.9406005494843 897.728497846143 1712.7979815999051 1254.7601298717436 521.798435718903 2168.935106515372 838.1525336934415 626.2812715690029 1302.2529526944063 4422.737623243357 1284.9330530557263 561.7666110666996 1002.8932954799379 1242.5480132472894 1060.1586354873657 1087.64761886018 
1058.803616037274 990.506791838869 1028.706834962185 1438.3213020177627 872.3255664556068 7412.013024661153 1255.5657535572877 1144.9374097128157 1564.8851650954866 805.9406005494843 897.728497846143 1712.79798159638 1254.7601298717436 521.4066893057911 2168.935106515372 838.1525336934415 626.2812715690029 1302.2529526944063 4422.737623243357 1284.9330530557263 561.7666110666996 1002.8932954799379 1242.5480132472894 1060.1586354873657 1087.64761886018 
1058.803616037274 990.506791838869 1028.706834962185 1438.3213020177627 872.3255664556068 7412.013024661153 1255.5657535572877 1144.9374097128157 1564.2938219361317 805.9406005494843 897.728497846143 1712.7979815682547 1254.7601298717436 521.3830103097725 2168.935106515372 838.1525336934415 626.2812715690029 1302.2529526944063 4422.737623243357 1284.927027699261 561.7666049971622 1002.8932954799379 1242.5480132472894 1060.1586354873657 1087.64761886018 
1058.803616037274 990.4930251588216 1028.706834962185 1438.3213020177627 872.3255664556068 7412.013024661153 1255.5657535572877 1144.9374097128157 1563.3908854574693 805.9406005494843 897.728497846143 1712.7979815682547 1254.7601298717436 521.3825483932983 2168.935106515372 838.1525336934415 626.2812715690029 1302.2529526944063 4422.737623243357 1284.927027699261 561.7666044730972 1002.8932954799379 1242.5480132472894 1060.1586354873657 1087.64761886018 
1058.803616037274 990.4858934082527 1028.706834962185 1438.3213020177627 872.3255664556068 7412.013024661153 1255.5657535572877 1144.9374097128157 1562.960094814951 805.9406005494843 897.728497846143 1712.7979815681097 1254.7601298717436 521.3786015503551 2168.935106515372 838.1525336934415 626.2812715690029 1302.2529526944063 4422.737623243357 1284.9269728208174 561.7666043896688 1002.8932954799379 1242.5480132472894 1060.1586354873657 1087.64761886018 
1058.803616037274 990.482999635216 1028.706834962185 1438.3213020177627 872.3255664556068 7412.013024661152 1255.5657535572877 1144.9374097128157 1562.860587973319 805.9406005494843 897.728497846143 1712.79798156809 1254.7601298717436 521.3784805428004 2168.935106515372 838.1525336934415 626.2812715690029 1302.2529526944063 4422.737623243357 1284.9268740475645 561.766604370986 1002.8932954799379 1242.5480132472894 1060.1586354873657 1087.64761886018 
1058.803616037274 990.4829666275828 1028.706834962185 1438.3213020177627 872.3255664556068 7412.013024661126 1255.5657535572877 1144.9374097128157 1562.860587973319 805.9406005494843 897.728497846143 1712.7979815680783 1254.7601298717436 521.3784714528892 2168.935106515372 838.1525336934415 626.2812715690029 1302.2529526944063 4422.737623243357 1284.926872541942 561.766604370986 1002.8932954799379 1242.5480132472894 1060.1586354873657 1087.64761886018 
1058.803616037274 990.4829666275828 1028.706834962185 1438.3213020177627 872.3255664556068 7412.013024661126 1255.5657535572877 1144.9374097128157 1553.0853693022264 805.9406005494843 897.728497846143 1712.7979815680765 1254.7601298717436 521.3784672398624 2168.935106515372 838.1525336934415 626.2812715690029 1302.2529526944063 4422.737623243357 1284.9268690063177 561.7666043589043 1002.8932954799379 1242.5480132472894 1060.1586354873657 1087.64761886018 
1058.803616037274 990.4829610677862 1028.706834962185 1438.3213020177627 872.3255664556068 7412.013024661126 1255.5657535572877 1144.9374097128157 1553.0053020173914 805.9406005494843 897.728497846143 1712.7979815680746 1254.7601298717436 521.3784671292947 2168.935106515372 838.1525336934415 626.2812715690029 1302.2529526944063 4422.737623243357 1284.9268690063177 561.7666043589043 1002.8932954799379 1242.5480132472894 1060.1586354873657 1087.64761886018 
1058.803616037274 990.4829604246565 1028.706834962185 1438.3213020177627 872.3255664556068 7412.013024661126 1255.5657535572877 1144.9374097128157 1552.9137611443257 805.9406005494843 897.728497846143 1712.7979815680746 1254.7601298717436 521.3784668904159 2168.935106515372 838.1525336934415 626.2812715690029 1302.2529526944063 4422.737623243357 1284.9268620655412 561.7666043585741 1002.8932954799379 1242.5480132472894 1060.1586354873657 1087.64761886018 
1058.803616037274 990.4829600560706 1028.706834962185 1438.3213020177627 872.3255664556068 7412.013024661126 1255.5657535572877 1144.9374097128157 1552.9137611443257 805.9406005494843 897.728497846143 1712.7979815680746 1254.7601298717436 521.3784665869211 2168.935106515372 838.1525336934415 626.2812715690029 1302.2529526944063 4422.737623243357 1284.9268581170545 561.7666043585741 1002.8932954799379 1242.5480132472894 1060.1586354873657 1087.64761886018 
1058.803616037274 990.4829600560706 1028.706834962185 1438.3213020177627 872.3255664556068 7412.013024661126 1255.5657535572877 1144.9374097128157 1552.9001984691654 805.9406005494843 897.728497846143 1712.7979815680746 1254.7601298717436 521.3784665843395 2168.935106515372 838.1525336934415 626.2812715690029 1302.2529526944063 4422.737623243357 1284.9268567626877 561.7666043585741 1002.8932954799379 1242.5480132472894 1060.1586354873657 1087.64761886018 
1058.803616037274 990.4829599080722 1028.706834962185 1438.3213020177627 872.3255664556068 7412.013024661126 1255.5657535572877 1144.9374097128157 1552.8970387964173 805.9406005494843 897.728497846143 1712.7979815680746 1254.7601298717436 521.3784665827416 2168.935106515372 838.1525336934415 626.2812715690029 1302.2529526944063 4422.737623243357 1284.926856443638 561.7666043585741 1002.8932954799379 1242.5480132472894 1060.1586354873657 1087.64761886018 
1058.803616037274 990.4829598915835 1028.706834962185 1438.3213020177627 872.3255664556068 7412.013024661126 1255.5657535572877 1144.9374097128157 1552.8913328542608 805.9406005494843 897.728497846143 1712.7979815680746 1254.7601298717436 521.3784665823796 2168.935106515372 838.1525336934415 626.2812715690029 1302.2529526944063 4422.737623243357 1284.926855266136 561.7666043585741 1002.8932954799379 1242.5480132472894 1060.1586354873657 1087.64761886018 
1058.803616037274 990.4829598777978 1028.706834962185 1438.3213020177627 872.3255664556068 7412.013024661126 1255.5657535572877 1144.9374097128157 1552.8902531839026 805.9406005494843 897.728497846143 1712.7979815680746 1254.7601298717436 521.3784665823796 2168.935106515372 838.1525336934415 626.2812715690029 1302.2529526944063 4422.737623243357 1284.926855266136 561.7666043585741 1002.8932954799379 1242.5480132472894 1060.1586354873657 1087.64761886018 
1058.803616037274 990.4829598777978 1028.706834962185 1438.3213020177627 872.3255664556068 7412.013024661126 1255.5657535572877 1144.9374097128157 1552.890096957036 805.9406005494843 897.728497846143 1712.7979815680746 1254.7601298717436 521.3784665822755 2168.935106515372 838.1525336934415 626.2812715690029 1302.2529526944063 4422.737623243357 1284.926855266136 561.7666043585741 1002.8932954799379 1242.5480132472894 1060.1586354873657 1087.64761886018 
1058.803616037274 990.482959873545 1028.706834962185 1438.3213020177627 872.3255664556068 7412.013024661126 1255.5657535572877 1144.9374097128157 1552.8900123891926 805.9406005494843 897.728497846143 1712.7979815680746 1254.7601298717436 521.3784665822409 2168.935106515372 838.1525336934415 612.7155658637821 1302.2529526944063 4422.737623243357 1284.9268543972507 561.7666043585741 1002.8932954799379 1242.5480132472894 1060.1586354873657 1087.64761886018 
1058.803616037274 990.4829598733686 1028.706834962185 1438.3213020177627 872.3255664556068 7412.013024661126 1255.5657535572877 1144.9374097128157 1552.8899706010789 805.9406005494843 897.728497846143 1712.7979815680746 1254.7601298717436 521.3784665822409 2168.935106515372 838.1525336934415 612.7045956801903 1302.2529526944063 4422.737623243357 1284.9268543972507 561.7666043585741 1002.8932954799379 1242.5480132472894 1060.1586354873657 1087.64761886018 
1058.803616037274 990.4829598733686 1028.706834962185 1438.3213020177627 872.3255664556068 7412.013024661126 1255.5657535572877 1144.9374097128157 1552.8899577276634 805.9406005494843 897.728497846143 1712.7979815680746 1254.7601298717436 521.378466582235 2168.935106515372 838.1525336934415 612.7045956801903 1302.2529526944063 4422.737622329357 1284.9268543972507 561.7666043585741 1002.8932954799379 1242.5480132472894 1060.1586354873657 1087.64761886018 
1058.803616037274 990.4829598719771 1028.706834962185 1438.3213020177627 872.3255664556068 7412.013024661126 1255.5657535572877 1144.9374097128157 1552.8617004129496 805.9406005494843 897.728497846143 1712.7979815680746 1254.7601298717436 521.3784665822295 2166.9344235482777 838.1525336934415 612.7045956801903 1302.2529526944063 4422.737622177778 1284.9268542701093 561.7666043585741 1002.8932954799379 1242.5480132472894 1060.1586354873657 1087.64761886018 
1058.803616037274 990.4829598716201 1028.706834962185 1438.3213020177627 872.3255664556068 7412.013024661126 1255.5657535572877 1144.9374097128157 1552.747329106839 805.9406005494843 888.3058694310207 1712.7979815680746 1254.7601298717436 521.3784665822277 2139.5058563653038 838.1525336934415 612.7045956801903 1302.2529526944063 4422.737622177778 1284.9268542701093 561.7666043585741 1002.8932954799379 1242.5480132472894 1060.1586354873657 1087.64761886018 
1058.803616037274 990.4829598716201 1028.706834962185 1438.3213020177627 872.3255664556068 7412.013024661126 1255.5657535572877 1144.9374097128157 1552.713712689134 805.9406005494843 882.7525491571746 1712.7979815680746 1254.7601298717436 521.3784665822272 2139.4385890339654 838.1525336934415 612.7045956801903 1302.2529526944063 4422.737622177778 1284.9268542701093 561.7666043585741 1002.8932954799379 1242.5480132472894 1060.1586354873657 1087.64761886018 
1058.803616037274 990.4829598716146 1028.706834962185 1438.3213020177627 872.3255664556068 7412.013024661126 1255.5657535572877 1144.9374097128157 1552.6867736614768 805.9406005494843 881.1951621371941 1712.7979815680746 1254.7601298717436 521.3784665822272 2138.9314594231796 838.1525336934415 612.7045956801903 1302.2529526944063 4422.737622177769 1284.9268542701093 561.7666043585741 1002.8932954799379 1242.5480132472894 1060.1586354873657 1087.64761886018 
1058.803616037274 990.4829598716128 1028.706834962185 1438.3213020177627 872.3255664556068 7412.013024661126 1255.5657535572877 1144.9374097128157 1552.5743316944381 805.9406005494843 880.9940048832923 1712.7979815680746 1254.7601298717436 521.3784665822272 2138.713304870788 838.1525336934415 612.7045956801903 1302.2529526944063 4422.737622177715 1284.9268542701084 561.7666043585741 1002.8932954799379 1242.5480132472894 1060.1586354873657 1087.64761886018 
1058.803616037274 990.4829598716128 1028.706834962185 1438.3213020177627 872.3255664556068 7412.013024661126 1255.5657535572877 1144.9374097128157 1552.516464375774 805.9406005494843 880.9642902171659 1712.7979815680746 1254.7601298717436 521.3784665822263 2138.659207584471 838.1525336934415 612.7045956801903 1302.2529526944063 4422.737622177713 1284.9268542688874 561.7666043585741 1002.8932954799379 1242.5480132472894 1060.1586354873657 1087.64761886018 
1058.803616037274 990.4829598716115 1028.706834962185 1438.3213020177627 872.3255664556068 7412.013024661126 1255.5657535572877 1144.9374097128157 1552.0394776349276 805.9406005494843 880.9531629348826 1712.7979815680746 1254.7601298717436 521.3784665822259 2138.6506373280795 838.1525336934415 612.7045956801903 1302.2529526944063 4422.7376221777085 1284.9268542688874 561.7666043585741 1002.8932954799379 1242.5480132472894 1060.1586354873657 1087.64761886018 
1058.803616037274 990.4829598716101 1028.706834962185 1438.3213020177627 872.3255664556068 7412.013024661126 1255.5657535572877 1144.9374097128157 1551.9842913213397 805.9406005494843 880.9525768444082 1712.7979815680746 1254.7601298717436 521.3784665822259 2138.647363831471 838.1525336934415 612.7045956801903 1302.2529526944063 4422.7376221777085 1284.926854268887 561.7666043585741 1002.8932954799379 1242.5480132472894 1060.1586354873657 1087.64761886018 
1058.803616037274 990.4829598716101 1028.706834962185 1438.3213020177627 872.3255664556068 7412.013024661126 1255.5657535572877 1144.9374097128157 1551.9180055234028 805.9406005494843 880.9525768444082 1712.7979815680746 1254.7601298717436 521.3784665822254 2138.644104073294 838.1525336934415 612.7045956801903 1302.2529526944063 4422.7376221777085 1284.926854268887 561.7666043585741 1002.8932954799379 1242.5480132472894 1060.1586354873657 1087.64761886018 
1058.803616037274 990.4829598716101 1028.706834962185 1438.3213020177627 872.3255664556068 7412.013024661126 1255.5657535572877 1144.9374097128157 1551.8816968945303 805.9406005494843 880.9525236336272 1712.7979815680746 1254.7601298717436 521.3784665822254 2138.642999443376 838.1525336934415 612.7045956801903 1302.2529526944063 4422.7376221777085 1284.926854268887 561.7666043585741 1002.8932954799379 1242.5480132472894 1060.1586354873657 1087.64761886018 
1058.803616037274 990.4829598716101 1028.706834962185 1438.3213020177627 872.3255664556068 7412.013024661126 1255.5657535572877 1144.9374097128157 1551.8816216501818 805.9406005494843 880.9524511599079 1712.7979815680746 1254.7601298717436 521.378466582225 2138.642708707997 838.1525336934415 612.7045956801903 1302.2529526944063 4422.7376221777085 1284.926854268887 561.7666043585741 1002.8932954799379 1242.5480132472894 1060.1586354873657 1087.64761886018 
1058.803616037274 990.4829598716101 1028.706834962185 1428.5480258200087 872.3255664556068 7412.013024661126 1255.5657535572877 1144.9374097128157 1551.8789091957906 805.9406005494843 880.952438349686 1712.7979815680746 1254.7601298717436 521.378466582225 2138.642708707997 838.1525336934415 612.7045956801903 1302.2529526944063 4422.7376221777085 1284.926854268887 561.7666043585741 1002.8932954799379 1242.5480132472894 1060.1586354873657 1087.64761886018 
1058.803616037274 990.4829598716101 1028.706834962185 1427.8644748227593 872.3255664556068 7412.013024661126 1255.5657535572877 1144.9374097128157 1549.0743731819666 805.9406005494843 880.952438349686 1712.7979815680746 1254.7601298717436 521.378466582225 2138.642693950313 838.1525336934415 612.7045956801903 1302.2529526944063 4422.7376221777085 1284.926854268887 561.7666043585741 1002.8932954799379 1242.5480132472894 1060.1586354873657 1087.64761886018 
1058.803616037274 990.4829598716101 1028.706834962185 1427.8314751391435 872.3255664556068 7412.013024661126 1255.5657535572877 1144.9374097128157 1546.8125398921452 805.9406005494843 880.9524383254566 1712.7979815680746 1254.7601298717436 521.378466582225 2138.6426466580924 838.1525336934415 612.7045956801903 1302.2529526944063 4422.7376221777085 1284.9268542688865 561.7666043585741 1002.8932954799379 1242.5480132472894 1060.1586354873657 1087.64761886018 
1058.803616037274 990.4829598716101 1028.706834962185 1427.8314751391435 872.3255664556068 7412.013024661126 1255.5657535572877 1144.9374097128157 1546.0830803573335 805.9406005494843 880.9524383231869 1712.7979815680746 1254.7601298717436 521.378466582225 2138.6426466580924 838.1525336934415 612.7045956801899 1302.2529526944063 4422.7376221777085 1284.9268542688865 561.7666043585741 1002.8932954799379 1242.5480132472894 1060.1586354873657 1087.64761886018 
1058.803616037274 990.4829598716101 1028.706834962185 1427.822724629893 872.3255664556068 7412.013024661126 1255.5657535572877 1144.9374097128157 1546.0281942319953 805.9406005494843 880.9524383231869 1712.7979815680746 1254.7601298717436 521.378466582225 2138.642632688871 838.1525336934415 612.7045956801899 1302.2529526944063 4422.7376221777085 1284.9268542688865 561.7666043585741 1002.8932954799379 1242.5480132472894 1060.1586354873657 1087.64761886018 
1058.803616037274 990.4829598716101 1028.706834962185 1427.822724629893 872.3255664556068 7412.013024661126 1255.5657535572877 1144.9374097128157 1546.0097816354541 805.9406005494843 880.9524383204193 1712.7979815680746 1254.7601298717436 521.378466582225 2138.6426323528394 838.1525336934415 612.7045956801899 1302.2529526944063 4422.7376221777085 1284.9268542688865 561.7666043585741 1002.8932954799379 1242.5480132472894 1060.1586354873657 1087.64761886018 
1058.803616037274 990.4829598716101 1028.706834962185 1427.8152048982092 872.3255664556068 7412.013024661126 1255.5657535572877 1144.9374097128157 1546.0043062614413 805.9406005494843 880.9524383192738 1712.7979815680746 1254.7601298717436 521.378466582225 2138.6426323528394 838.1525336934415 612.7045956801899 1302.2529526944063 4422.7376221777085 1284.9268542688865 561.7666043585741 1002.8932954799379 1242.5480132472894 1060.1586354873657 1087.64761886018 
1058.803616037274 990.4829598716101 1028.706834962185 1427.8149253020028 872.3255664556068 7412.013024661126 1255.5657535572877 1144.9374097128157 1546.0040541098556 805.9406005494843 880.9524383192738 1712.7979815680746 1254.7601298717436 521.378466582225 2138.6426322656393 838.1525336934415 612.7045956801899 1302.2529526944063 4422.7376221777085 1284.9268542688865 561.7666043585741 1002.8932954799379 1242.5480132472894 1060.1586354873657 1087.64761886018 
1058.803616037274 990.4829598716101 1028.706834962185 1427.814889871941 872.3255664556068 7412.013024661126 1255.5657535572877 1144.9374097128157 1546.0038646261064 805.9406005494843 880.9524383192738 1712.7979815680746 1254.7601298717436 521.378466582225 2138.642632265002 838.1525336934415 612.7045956801899 1302.2529526944063 4422.7376221777085 1284.9268542688865 561.7666043585741 1002.8932954799379 1242.5480132472894 1060.1586354873657 1087.64761886018 
1058.803616037274 990.4829598716101 1028.706834962185 1427.8148882045853 872.3255664556068 7412.013024661126 1255.5657535572877 1144.9374097128157 1546.003310323964 805.9406005494843 880.9524383190883 1712.7979815680746 1254.7601298717436 521.378466582225 2138.642618192228 838.1525336934415 612.7045956801899 1302.2529526944063 4422.7376221777085 1284.9268542688865 561.7666043585741 1002.8932954799379 1242.5480132472894 1060.1586354873657 1087.64761886018 
1058.803616037274 990.4829598716101 1028.706834962185 1427.8148786981506 872.3255664556068 7412.013024661126 1255.5657535572877 1144.9374097128157 1546.0032981522618 805.9406005494843 880.9524383189068 1712.7979815680746 1254.7601298717436 521.378466582225 2138.642618192228 838.1525336934415 612.7045956801899 1302.2529526944063 4422.7376221777085 1284.9268542688865 561.7666043585741 1002.8932954799379 1242.5480132472894 1060.1586354873657 1087.64761886018 
1058.803616037274 990.4829598716101 1028.706834962185 1427.8148453176527 872.3255664556068 7412.013024661126 1255.5657535572877 1144.9374097128157 1546.0032971169321 805.9406005494843 880.9524383188427 1712.7979815680746 1254.7601298717436 521.378466582225 2138.6426175798415 838.1525336934415 612.7045956801899 1302.2529526944063 4422.7376221777085 1284.9268542688865 561.7666043585741 1002.8932954799379 1242.5480132472894 1060.1586354873657 1087.64761886018 
1058.803616037274 990.4829598716101 1028.706834962185 1427.8148294640532 872.3255664556068 7412.013024661126 1255.5657535572877 1144.9374097128157 1546.0032971169321 805.9406005494843 880.9524383188427 1712.7979815680746 1254.7601298717436 521.378466582225 2138.6426175798415 838.1525336934415 612.7045956801899 1302.2529526944063 4422.7376221777085 1284.9268542688865 561.7666043585741 1002.8932954799379 1242.5480132472894 1060.1586354873657 1087.64761886018 
1058.803616037274 990.4829598716101 1028.706834962185 1427.814434203352 872.3255664556068 7412.013024661126 1255.5657535572877 1144.9374097128157 1546.0032971169321 805.9406005494843 880.9524383188427 1712.7979815680746 1254.7601298717436 521.378466582225 2138.6426175798415 838.1525336934415 612.7045956801899 1302.2529526944063 4422.7376221777085 1284.9268542688865 561.7666043585741 1002.8932954799379 1242.5480132472894 1060.1586354873657 1087.64761886018 
1058.803616037274 990.4829598716101 1028.706834962185 1427.8096547649875 872.3255664556068 7412.013024661126 1255.5657535572877 1144.9374097128157 1546.0032971169321 805.9406005494843 880.9524383188427 1712.7979815680746 1254.7601298717436 521.378466582225 2138.642615755774 838.1525336934415 612.7045956801899 1302.2529526944063 4422.7376221777085 1284.9268542688865 561.7666043585741 1002.8932954799379 1242.5480132472894 1060.1586354873657 1087.64761886018 
1058.803616037274 990.4829598716101 1028.706834962185 1427.8096547649875 872.3255664556068 7412.013024661126 1255.5657535572877 1144.9374097128157 1546.0032971169321 805.9406005494843 880.9524383188427 1712.7979815680746 1254.7601298717436 521.378466582225 2138.6426041280865 838.1525336934415 612.7045956801899 1302.2529526944063 4422.7376221777085 1284.9268542688865 561.7666043585741 1002.8932954799379 1242.5480132472894 1060.1586354873657 1087.64761886018 
1058.803616037274 990.4829598716101 1028.706834962185 1427.8096547649875 872.3255664556068 7412.013024661126 1255.5657535572877 1144.9374097128157 1546.0032971061364 805.9406005494843 880.9524383188427 1712.7979815680746 1254.7601298717436 521.378466582225 2138.6426041280865 838.1525336934415 612.7045956801899 1302.2529526944063 4422.7376221777085 1284.9268542688865 561.7666043585741 1002.8932954799379 1242.5480132472894 1060.1586354873657 1087.64761886018 
1058.803616037274 990.4829598716101 1028.706834962185 1427.809317002068 872.3255664556068 7412.013024661126 1255.5657535572877 1144.9374097128157 1546.0032971061364 805.9406005494843 880.9524383188423 1712.7979815680746 1254.7601298717436 521.378466582225 2138.6425987977714 838.1525336934415 612.7045956801899 1302.2529526944063 4422.7376221777085 1284.9268542688865 561.7666043585741 1002.8932954799379 1242.5480132472894 1060.1586354873657 1087.64761886018 
1058.803616037274 990.4829598716101 1028.706834962185 1427.809269486033 872.3255664556068 7412.013024661126 1255.5657535572877 1144.9374097128157 1546.0032971061364 805.9406005494843 880.9449086078284 1712.7979815680746 1254.7601298717436 521.378466582225 2138.6425987977714 838.1525336934415 612.7045956801899 1302.2529526944063 4422.7376221777085 1284.9268542688865 561.7666043585741 1002.8932954799379 1242.5480132472894 1060.1586354873657 1087.64761886018 
1058.803616037274 990.4829598716101 1028.706834962185 1427.8092662745798 872.3255664556068 7412.013024661126 1255.5657535572877 1144.9374097128157 1546.0032971061341 805.9406005494843 880.9447373831099 1712.7979815680746 1254.7601298717436 521.378466582225 2138.6425987977714 838.1525336934415 612.7045956801899 1302.2529526944063 4422.7376221777085 1284.9268542688865 561.7666043585741 1002.8932954799379 1242.5480132472894 1060.1586354873657 1087.64761886018 
1058.803616037274 990.4829598716101 1028.706834962185 1427.8092660154375 872.3255664556068 7412.013024661126 1255.5657535572877 1144.9374097128157 1546.003297105688 805.9406005494843 880.9446356257113 1712.7979815680746 1254.7601298717436 521.378466582225 2138.6425987977714 838.1525336934415 612.7045956801899 1302.2529526944063 4422.7376221777085 1284.9268542688865 561.7666043585741 1002.8932954799379 1242.5480132472894 1060.1586354873657 1087.64761886018 
1058.803616037274 990.4829598716101 1028.706834962185 1427.8092660119937 872.3255664556068 7412.013024661126 1255.5657535572877 1144.9374097128157 1546.0032971056226 805.9406005494843 880.9409417957445 1712.7979815680746 1254.7601298717436 521.378466582225 2138.642597785247 838.1525336934415 612.7045956801899 1302.2529526944063 4422.7376221777085 1284.9268542688865 561.7666043585741 1002.8932954799379 1242.5480132472894 1060.1586354873657 1087.64761886018 
1058.803616037274 990.4829598716101 1028.706834962185 1427.8092658682062 872.3255664556068 7412.013024661126 1255.5657535572877 1144.9374097128157 1546.0032971056153 805.9406005494843 880.9402777150663 1712.7979815680746 1254.7601298717436 521.378466582225 2138.642597785247 838.1525336934415 612.7045956801899 1302.2529526944063 4422.7376221777085 1284.9268542688865 561.7666043585741 1002.8932954799379 1242.5480132472894 1060.1586354873657 1087.64761886018 
1058.803616037274 990.4829598716101 1028.706834962185 1427.8092202409243 872.3255664556068 7412.013024661126 1255.5657535572877 1144.9374097128157 1546.0032971056153 805.9406005494843 880.9402550822797 1712.7979815680746 1254.7601298717436 521.378466582225 2138.642597785247 838.1525336934415 612.7045956801894 1302.2529526944063 4422.7376221777085 1284.9268542688865 561.7666043585741 1002.8932954799379 1242.5480132472894 1060.1586354873657 1087.64761886018 
1058.803616037274 990.4829598716101 1028.706834962185 1427.8092202409243 872.3255664556068 7412.013024661126 1255.5657535572877 1144.9374097128157 1546.0032971056135 805.9406005494843 880.9402483529198 1712.7979815680746 1254.7601298717436 521.378466582225 2138.642597785247 838.1525336934415 612.7045956801894 1302.2529526944063 4422.7376221777085 1284.9268542688865 561.7666043585741 1002.8932954799379 1242.5480132472894 1060.1586354873657 1087.64761886018 
1058.803616037274 990.4829598716101 1028.706834962185 1427.8092202409243 872.3255664556068 7412.013024661126 1255.5657535572877 1144.9374097128157 1546.0032971056125 805.9406005494843 880.9402412957629 1712.7979815680746 1254.7601298717436 521.378466582225 2138.642597785247 838.1525336934415 612.7045956801894 1302.2529526944063 4422.7376221777085 1284.9268542688865 561.7666043585741 1002.8932954799379 1242.5480132472894 1060.1586354873657 1087.64761886018 
1058.803616037274 990.4829598716101 1028.706834962185 1427.809157497054 872.3255664556068 7412.013024661126 1255.5657535572877 1144.9374097128157 1546.0032971056125 805.9406005494843 880.9402412957629 1712.7979815680746 1254.7601298717436 521.378466582225 2138.642597785247 838.1525336934415 612.7045956801894 1302.2529526944063 4422.7376221777085 1284.9268542688865 561.7666043585741 1002.8932954799379 1242.5480132472894 1060.1586354873657 1087.64761886018 
1058.803616037274 990.4829598716101 1028.706834962185 1427.8091574501614 872.3255664556068 7412.013024661126 1255.5657535572877 1144.9374097128157 1546.0032971056125 805.9406005494843 880.9402410316284 1712.7979815680746 1254.7601298717436 521.378466582225 2138.642597785247 838.1525336934415 612.7045956801894 1302.2529526944063 4422.7376221777085 1284.9268542688865 561.7666043585741 1002.8932954799379 1242.5480132472894 1060.1586354873657 1087.64761886018 
1058.803616037274 990.4829598716101 1028.706834962185 1427.8091574501614 872.3255664556068 7412.013024661126 1255.5657535572877 1144.9374097128157 1546.0032971056125 805.9406005494843 880.9402410316284 1712.7979815680746 1254.7601298717436 521.378466582225 2138.642597785247 838.1525336934415 612.7045956801894 1302.2529526944063 4422.7376221777085 1278.6896208774433 561.7666043585741 1002.8932954799379 1242.5480132472894 1060.1586354873657 1087.64761886018 
1058.803616037274 990.4829598716101 1028.706834962185 1427.8091573528204 872.3255664556068 7412.013024661126 1255.5657535572877 1144.9374097128157 1546.0032971056125 805.9406005494843 880.9402410316284 1712.7979815680746 1254.7601298717436 521.378466582225 2138.642597785247 838.1525336934415 612.7045956801894 1302.2529526944063 4422.7376221777085 1278.6834738692828 561.7666043585741 1002.8932954799379 1242.5480132472894 1060.1586354873657 1087.64761886018 
1058.803616037274 990.4829598716101 1028.706834962185 1427.8091573470288 872.3255664556068 7412.013024661126 1255.5657535572877 1144.9374097128157 1546.0032971056125 805.9406005494843 880.9402406755839 1712.7979815680746 1254.7601298717436 521.378466582225 2138.642597785245 838.1525336934415 612.7045956801894 1302.2529526944063 4422.7376221777085 1278.6452097967613 561.7666043585741 1002.8932954799379 1242.5480132472894 1060.1586354873657 1087.64761886018 
1058.803616037274 990.4829598716101 1028.706834962185 1427.8091573470288 872.3255664556068 7412.013024661126 1255.5657535572877 1144.9374097128157 1546.0032971056125 805.9406005494843 880.9402406522554 1712.7979815680746 1254.7601298717436 521.3784663392198 2138.642597785245 838.1525336934415 612.7045956801894 1302.2529526944063 4422.7376221777085 1278.6452097967613 561.7666043585741 1002.8932954799379 1242.5480132472894 1060.1586354873657 1087.64761886018 
1058.803616037274 990.4829598716101 1028.706834962185 1427.8091573397019 872.3255664556068 7412.013024661126 1255.5657535572877 1144.9374097128157 1546.0032971056125 805.9406005494843 880.9402406358472 1712.7979815680746 1254.7601298717436 521.378466317462 2138.642597785245 838.1525336934415 612.7045956801894 1302.2529526944063 4422.7376221777085 1278.6452097967613 561.7666043585741 1002.8932954799379 1242.5480132472894 1060.1586354873657 1087.64761886018 
1058.803616037274 990.4829598716101 1028.706834962185 1427.8091573397019 872.3255664556068 7412.013024661126 1255.5657535572877 1144.9374097128157 1546.0032971056125 805.9406005494843 880.9402406289109 1712.7979815680746 1254.7601298717436 521.3784663112483 2138.642597785245 838.1525336934415 612.7045956801894 1302.2529526944063 4422.7376221777085 1278.6376106719786 561.7666043585741 1002.8932954799379 1242.5480132472894 1060.1586354873657 1087.64761886018 
1058.803616037274 990.4829598716101 1028.706834962185 1427.809157339359 872.3255664556068 7412.013024661126 1255.5657535572877 1144.9374097128157 1546.0032971056125 805.9406005494843 880.9402406289109 1712.7979815680746 1254.7601298717436 521.3784663112483 2138.642597785245 838.1525336934415 612.7045956801894 1302.2529526944063 4422.7376221777085 1278.6359688228436 561.7666043585741 1002.8932954799379 1242.5480132472894 1060.1586354873657 1087.64761886018 
1058.803616037274 990.4829598716101 1028.706834962185 1427.809157339359 872.3255664556068 7412.013024661126 1255.5657535572877 1144.9374097128157 1546.0032971056125 805.9406005494843 880.9402406288973 1712.7979815680746 1254.7601298717436 521.3784663050301 2138.642597785245 838.1525336934415 612.7045956801894 1302.2529526944063 4422.7376221777085 1278.6357465694073 561.7666043585741 1002.8932954799379 1242.5480132472894 1060.1586354873657 1087.64761886018 
1058.803616037274 990.4829598716101 1028.706834962185 1427.8091573393413 872.3255664556068 7412.013024661126 1255.5657535572877 1144.9374097128157 1546.0032971056125 805.9406005494843 880.9402406288973 1712.7979815680746 1254.7601298717436 521.3784663038919 2138.642597785245 838.1525336934415 612.7045956801894 1302.2529526944063 4422.7376221777085 1278.6357248102595 561.7666043585741 1002.8932954799379 1242.5480132472894 1060.1586354873657 1087.64761886018 
1058.803616037274 990.4829598716101 1028.706834962185 1427.8091573393413 872.3255664556068 7412.013024661126 1255.5657535572877 1144.9374097128157 1546.0032971056125 805.9406005494843 880.9402406288973 1712.7979815680746 1254.7601298717436 521.3784663038919 2138.642597785245 838.1525336934415 612.7045956801894 1302.2529526944063 4422.680546593192 1278.6357075862988 561.7666043585741 1002.8932954799379 1242.5480132472894 1060.1586354873657 1087.64761886018 
1058.803616037274 990.4829598716101 1028.706834962185 1427.8091573393394 872.3255664556068 7412.013024661126 1255.5657535572877 1144.9374097128157 1546.0032971056125 805.9406005494843 880.9402406288973 1712.7979815680746 1254.7601298717436 521.3784663038919 2138.642597785245 838.1525336934415 612.7045956801894 1302.2529526944063 4422.680546593192 1278.635701503592 561.7666043585741 1002.8932954799379 1242.5480132472894 1060.1586354873657 1087.64761886018 
1058.803616037274 990.4829598716101 1028.706834962185 1427.8091573393394 872.3255664556068 7412.013024661126 1255.5657535572877 1144.9374097128157 1546.0032971056125 805.9406005494843 880.9402406288973 1712.7979815680746 1254.7601298717436 521.3784663037422 2138.642597785245 838.1525336934415 612.7045956801894 1302.2529526944063 4422.68018862284 1278.6356948466318 561.7666043585741 1002.8932954799379 1242.5480132472894 1060.1586354873657 1087.64761886018 
1058.803616037274 990.4829598716101 1028.706834962185 1427.8091573393394 872.3255664556068 7412.013024661126 1255.5657535572877 1144.9374097128157 1546.0032971056125 805.9406005494843 880.9402406287172 1712.7979815680746 1254.7601298717436 521.3784663036968 2138.642597785245 838.1525336934415 612.7045956801894 1302.2529526944063 4422.680157074074 1278.635692074632 561.7666043585741 1002.8932954799379 1242.5480132472894 1060.1586354873657 1087.64761886018 
1058.803616037274 990.303294501572 1028.706834962185 1427.8091573393394 872.3255664556068 7412.013024661126 1255.5657535572877 1144.9374097128157 1546.0032971056125 805.9406005494843 880.9402406287081 1712.7979815680746 1254.7601298717436 521.3784663036959 2138.642597785245 838.1525336934415 612.7045956801894 1302.2529526944063 4422.680155769735 1278.6356882305304 561.7666043585741 1002.8932954799379 1242.5480132472894 1060.1586354873657 1087.64761886018 
1058.803616037274 990.2420471352343 1028.706834962185 1427.8091573393394 872.3255664556068 7412.013024661126 1255.5657535572877 1144.9374097128157 1546.0032971056125 805.9406005494843 880.9402406287081 1712.7979815680746 1254.7601298717436 521.3784663036922 2138.642597785245 838.1525336934415 612.7045956801894 1302.2529526944063 4422.680154524208 1278.635686810605 561.7666043585741 1002.8932954799379 1242.5480132472894 1060.1586354873657 1087.64761886018 
1058.803616037274 990.2400618230813 1028.706834962185 1427.8091573393394 872.3255664556068 7412.013024661126 1255.5657535572877 1144.9374097128157 1546.0032971056125 805.9406005494843 880.9402406287077 1712.7979815680746 1254.7601298717436 521.3784663036922 2138.642597785245 838.1525336934415 612.7045956801894 1302.2529526944063 4422.680154311801 1278.6356867915838 561.7666043585741 1002.8932954799379 1242.5480132472894 1060.1586354873657 1087.64761886018 
1058.803616037274 990.2352456623948 1028.706834962185 1427.8091573393394 872.3255664556068 7412.013024661126 1255.5657535572877 1144.9374097128157 1546.0032971056125 805.9406005494843 880.9402406287072 1712.7979815680746 1254.7601298717436 521.3784663036922 2138.642597785245 838.1525336934415 612.7045956801894 1302.2529526944063 4422.68015427287 1278.6356867908526 561.7666043585741 1002.8932954799379 1242.5480132472894 1060.1586354873657 1087.64761886018 
1058.803616037274 990.2342563542952 1028.706834962185 1427.8091573393385 872.3255664556068 7412.013024661126 1255.5657535572877 1144.9374097128157 1546.0032971056125 805.9406005494843 880.9402406287072 1712.7979815680746 1254.7601298717436 521.3784663036922 2138.642597785245 838.1525336934415 612.7045956801894 1302.2529526944063 4422.680154240542 1278.6356867908526 561.7666043585741 1002.8932954799379 1242.5480132472894 1060.1586354873657 1087.64761886018 
1058.803616037274 990.2342563542952 1028.706834962185 1427.8091573393385 872.3255664556068 7412.013024661126 1255.5657535572877 1144.9374097128157 1546.0032971056125 805.9406005494843 880.9402406287072 1712.7979815680746 1254.7601298717436 521.3784663036922 2138.642597785245 838.1525336934415 612.7045956801894 1302.2529526944063 4422.680154230599 1278.6356867908526 561.7666043585741 1002.8932954799379 1242.5480132472894 1060.1586354873657 1087.64761886018 
1058.803616037274 990.2342563542952 1028.706834962185 1427.8091573393385 872.3255664556068 7412.013024661126 1255.5657535572877 1144.9374097128157 1546.0032971056125 805.9406005494843 880.9402406287072 1712.7979815680746 1254.7601298717436 521.3784663036922 2138.642597785245 838.1525336934415 612.7045956801894 1302.2529526944063 4422.680154211092 1278.6356867908526 561.7666043585741 1002.8932954799379 1242.5480132472894 1060.1586354873657 1087.64761886018 
1058.803616037274 990.2342563542952 1028.706834962185 1427.8091573393385 872.3255664556068 7412.013024661126 1255.5657535572877 1144.9374097128157 1546.0032971056125 805.9406005494843 880.9402406287072 1712.7979815680746 1254.7601298717436 521.3784663036922 2138.642597785245 838.1525336934415 612.7045956801894 1302.2529526944063 4422.6801541901405 1278.6356867904738 561.7666043585741 1002.8932954799379 1242.5480132472894 1060.1586354873657 1087.64761886018 
1058.803616037274 990.2342365958593 1028.706834962185 1427.8091573393385 872.3255664556068 7412.013024661126 1255.5657535572877 1144.9374097128157 1546.0032971056125 805.9406005494843 880.9402406287072 1712.7979815680746 1254.7601298717436 521.3784663036922 2138.642597785245 838.1525336934415 612.7045956801894 1302.2529526944063 4422.680154189825 1278.6356867904728 561.7666043585741 1002.8932954799379 1242.5480132472894 1060.1586354873657 1087.64761886018 
1058.803616037274 990.2342265754592 1028.706834962185 1427.8091573393385 872.3255664556068 7412.013024661126 1255.5657535572877 1144.9374097128157 1546.0032971056125 805.9406005494843 880.9402406287072 1712.7979815680746 1254.7601298717436 521.3784663036922 2138.642597785245 838.1525336934415 612.7045956801894 1302.2529526944063 4422.680154189799 1278.6356867904728 561.7666043585741 1002.8932954799379 1242.5480132472894 1060.1586354873657 1087.64761886018 
1058.803616037274 990.2342265754592 1028.706834962185 1427.8091573393385 872.3255664556068 7412.013024661126 1255.5657535572877 1144.9374097128157 1546.0032971056125 805.9406005494843 880.9402406287072 1712.7979815680746 1254.7601298717436 521.3784663036922 2138.642597785245 838.1525336934415 612.7045956801894 1302.2529526944063 4422.680154189766 1278.6356867904728 561.7666043585741 1002.8932954799379 1242.5480132472894 1060.1586354873657 1087.64761886018 
1058.803616037274 990.2342264528243 1028.706834962185 1427.8091573393385 872.3255664556068 7412.013024661126 1255.5657535572877 1144.9374097128157 1546.0032971056125 805.9406005494843 880.9402406287072 1712.7979815680746 1254.7601298717436 521.3784663036922 2138.642597785245 838.1525336934415 612.7045956801894 1302.2529526944063 4422.68015418973 1278.6356867904724 561.7666043585741 1002.8932954799379 1242.5480132472894 1060.1586354873657 1087.64761886018 
1058.803616037274 990.234226448621 1028.706834962185 1427.8091573393385 872.3255664556068 7412.013024661126 1255.5657535572877 1144.9374097128157 1546.0032971056125 805.9406005494843 880.9402406287072 1712.7979815680746 1254.7601298717436 521.3784663036922 2138.642597785245 838.1525336934415 612.7045956801894 1302.2529526944063 4422.68015418973 1278.6356867904724 561.7666043585741 1002.8932954799379 1242.5480132472894 1060.1586354873657 1087.64761886018 
1058.803616037274 990.2342264325016 1028.706834962185 1427.8091573393385 872.3255664556068 7412.013024661126 1255.5657535572877 1144.9374097128157 1546.0032971056125 805.9406005494843 880.9402406287072 1712.7979815680746 1254.7601298717436 521.3784663036913 2138.642597785245 838.1525336934415 612.7045956801894 1302.2529526944063 4422.680154189727 1278.6356867904724 561.7666043585741 1002.8932954799379 1242.5480132472894 1060.1586354873657 1087.64761886018 
1058.803616037274 990.2342264280628 1028.706834962185 1427.8091573393385 872.3255664556068 7412.013024661126 1255.5657535572877 1144.9374097128157 1546.0032971056125 805.9406005494843 880.9402406287072 1712.7979815680746 1254.7601298717436 521.3784663036913 2138.642597785245 838.1525336934415 612.7045956801894 1302.2529526944063 4422.680154189723 1278.635686790472 561.7666043585741 1002.8932954799379 1242.5480132472894 1060.1586354873657 1087.64761886018 
1058.803616037274 990.2342264262452 1028.706834962185 1427.8091573393385 872.3255664556068 7412.013024661126 1255.5657535572877 1144.9374097128157 1546.0032971056125 805.9406005494843 880.9402406287072 1712.7979815680746 1254.7601298717436 521.3784663036913 2138.642597785245 838.1525336934415 612.7045956801894 1302.2529526944063 4422.680154189721 1278.6356867904715 561.7666043585741 1002.8932954799379 1242.5480132472894 1060.1586354873657 1087.64761886018 
1058.803616037274 990.2342264255699 1028.706834962185 1427.8091573393385 872.3255664556068 7412.013024661126 1255.5657535572877 1144.9374097128157 1546.0032971056125 805.9406005494843 880.9402406287072 1712.7979815680746 1254.7601298717436 521.3784663036913 2138.642597785245 838.1525336934415 612.7045956801894 1302.2529526944063 4422.68015418972 1278.6356867904715 561.7666043585741 1002.8932954799379 1242.5480132472894 1060.1586354873657 1087.64761886018 
1058.803616037274 990.2342264255699 1028.706834962185 1427.8091573393385 872.3255664556068 7412.013024661126 1255.5657535572877 1144.9374097128157 1546.0032971056125 805.9406005494843 880.9402406287072 1712.7979815680746 1254.7601298717436 521.3784663036913 2138.642597785245 838.1525336934415 612.7045956801894 1302.2529526944063 4422.68015418972 1278.6356867904715 561.7666043585741 1002.8932954799379 1242.5480132472894 1060.1586354873657 1087.64761886018 
1058.803616037274 990.2342264255694 1028.706834962185 1427.8091573393385 872.3255664556068 7412.013024661126 1255.5657535572877 1144.9374097128157 1546.0032971056125 805.9406005494843 880.9402406287072 1712.7979815680746 1254.7601298717436 521.3784663036913 2138.642597785245 838.1525336934415 612.7045956801894 1302.2529526944063 4422.680147079283 1278.6356867904715 561.7666043585741 1002.8932954799379 1242.5480132472894 1060.1586354873657 1087.64761886018 
1058.803616037274 990.2342264255694 1028.706834962185 1427.8091573393385 872.3255664556068 7412.013024661126 1255.5657535572877 1144.9374097128157 1546.0032971056125 805.9406005494843 880.9402406287072 1712.7979815680746 1254.7601298717436 521.3784663036913 2138.642597785245 838.1525336934415 612.7045956801894 1302.2529526944063 4422.680147079283 1278.6356867904715 561.7666043585741 1002.8932954799379 1242.5480132472894 1060.1586354873657 1087.64761886018 
1058.803616037274 990.2342264255694 1028.706834962185 1427.8091573393385 872.3255664556068 7412.013024661126 1255.5657535572877 1144.9374097128157 1546.0032971056125 805.9406005494843 880.9402406287072 1712.7979815680746 1254.7601298717436 521.3784663036913 2138.642597785245 838.1525336934415 612.7045956801894 1302.2529526944063 4422.680147079283 1278.6356867904715 561.7666043585741 1002.8932954799379 1242.5480132472894 1060.1586354873657 1087.64761886018 
1058.803616037274 990.2342264255694 1028.706834962185 1427.8091573393385 872.3255664556068 7412.013024661126 1255.5657535572877 1144.9374097128157 1546.0032971056125 805.9406005494843 880.9402406287072 1712.7979815680746 1254.7601298717436 521.3784663036913 2138.642597785245 838.1525336934415 612.7045956801894 1302.2529526944063 4422.680147079283 1278.6356867904715 561.7666043585741 1002.8932954799379 1242.5480132472894 1060.1586354873657 1087.64761886018 
1058.803616037274 990.2342264255694 1028.706834962185 1427.8091573393385 872.3255664556068 7412.013024661126 1255.5657535572877 1144.9374097128157 1546.0032971056125 805.9406005494843 880.9402406287072 1712.7979815680746 1254.7601298717436 521.3784663036913 2138.642597785245 838.1525336934415 612.7045956801894 1302.2529526944063 4422.680147079283 1278.6356867904715 561.7666043585741 1002.8932954799379 1242.5480132472894 1060.1586354873657 1087.64761886018 
1039.1090422119746 990.2342264255694 1028.706834962185 1427.8091573393385 872.3255664556068 7412.013024661126 1255.5657535572877 1144.9374097128157 1546.0032971056125 805.9406005494843 880.9402406287072 1712.7979815680746 1254.7601298717436 521.3784663036913 2138.642597785245 838.1525336934415 612.7045956801894 1302.2529526944063 4422.680147079283 1278.6356867904715 561.7666043585741 1002.8932954799379 1242.5480132472894 1060.1586354873657 1087.64761886018 
1037.9699352296302 990.2342264255685 1028.706834962185 1427.8091573393385 872.3255664556068 7412.013024661126 1255.5657535572877 1144.9374097128157 1546.0032971056125 805.9406005494843 880.9402406287072 1712.7979815680746 1254.7601298717436 521.3784663036913 2138.642597785245 838.1525336934415 612.7045956801894 1302.2529526944063 4422.680147079283 1278.6356867904715 561.7666043585741 1002.8932954799379 1242.5480132472894 1060.1586354873657 1087.64761886018 
1037.8947539219507 990.2342264255685 1028.706834962185 1427.8091573393385 872.3255664556068 7412.013024661126 1255.5657535572877 1144.9374097128157 1546.0032971056125 805.9406005494843 880.9402406287072 1712.7979815680746 1254.7601298717436 521.3784663036913 2138.642597785245 838.1525336934415 612.7045956801894 1302.2529526944063 4422.680147079283 1278.6356867904715 561.7666043585741 1002.8932954799379 1242.5480132472894 1060.1586354873657 1087.64761886018 
1037.3444729171506 990.2342264255667 1028.706834962185 1427.8091573393385 872.3255664556068 7412.013024661126 1255.5657535572877 1144.9374097128157 1546.0032971056125 805.9406005494843 880.9402406287072 1712.7979815680746 1254.7601298717436 521.3784663036913 2138.642597785245 838.1525336934415 612.7045956801894 1302.2529526944063 4422.680147079281 1278.6356867904715 561.7666043585741 1002.8932954799379 1242.5480132472894 1060.1586354873657 1087.64761886018 
1037.2089055439255 990.2342264255667 1028.706834962185 1427.8091573393385 872.3255664556068 7412.013024661126 1255.5657535572877 1144.9374097128157 1546.0032971056125 805.9406005494843 880.9402406287072 1712.7979815680746 1254.7601298717436 521.3784663036913 2138.642597785245 838.1525336934415 612.7045956801894 1302.2529526944063 4422.680147079281 1278.6356867904715 561.7666043585741 1002.8932954799379 1242.5480132472894 1060.1586354873657 1087.64761886018 
1037.1490302894217 990.2342264255667 1028.706834962185 1427.8091573393385 872.3255664556068 7412.013024661126 1255.5657535572877 1144.9374097128157 1546.0032971056125 805.9406005494843 880.9402406287072 1712.7979815680746 1254.7601298717436 521.3784663036913 2138.642597785245 838.1525336934415 612.7045956801894 1302.2529526944063 4422.680147079281 1278.6356867904715 561.7666043585741 1002.8932954799379 1242.5480132472894 1060.1586354873657 1087.64761886018 
1037.1419140023572 990.2342264255667 1028.706834962185 1427.8091573393385 872.3255664556068 7412.013024661126 1255.5657535572877 1144.9374097128157 1546.0032971056125 805.9406005494843 880.9402406287072 1712.7979815680746 1254.7601298717436 521.3784663036913 2138.642597785245 838.1525336934415 612.7045956801894 1302.2529526944063 4422.680147079281 1278.6356867904715 561.7666043585741 1002.8932954799379 1242.5480132472894 1060.1586354873657 1087.64761886018 
1037.1419140023572 990.2342264255667 1028.706834962185 1427.8091573393385 872.3255664556068 7412.013024661126 1255.5657535572877 1144.9374097128157 1546.0032971056125 805.9406005494843 880.9402406287072 1712.7979815680746 1254.7601298717436 521.3784663036913 2138.642597785245 838.1525336934415 612.7045956801894 1302.2529526944063 4422.680147079281 1278.6356867904715 561.7666043585741 1002.8932954799379 1242.5480132472894 1060.1586354873657 1087.64761886018 
1037.132644677422 990.2342264255667 1028.706834962185 1427.8091573393385 872.3255664556068 7412.013024661126 1255.5657535572877 1144.9374097128157 1546.0032971056125 805.9406005494843 880.9402406287072 1712.7979815680746 1254.7601298717436 521.3784663036913 2138.642597785245 838.1525336934415 612.7045956801894 1302.2529526944063 4422.680147079281 1278.6356867904715 561.7666043585741 1002.8932954799379 1242.5480132472894 1060.1586354873657 1087.64761886018 
1037.1324062271447 990.2342264255667 1028.706834962185 1427.8091573393385 872.3255664556068 7412.013024661126 1255.5657535572877 1144.9374097128157 1546.0032971056125 805.9406005494843 880.9402406287072 1712.7979815680746 1254.7601298717436 521.3784663036913 2138.642597785245 838.1525336934415 612.7045956801894 1302.2529526944063 4422.680147079281 1278.6356867904715 557.1414607018855 1002.8932954799379 1242.5480132472894 1060.1586354873657 1087.64761886018 
1037.1324062271447 990.2342264255667 1028.706834962185 1427.8091573393385 872.3255664556068 7412.013024661126 1255.5657535572877 1144.9374097128157 1546.0032971056125 805.9406005494843 880.9402406287072 1712.7979815680746 1254.7601298717436 521.3784663036913 2138.642597785245 838.1525336934415 612.7045956801894 1302.2529526944063 4422.680147079281 1278.6356867904715 556.551590085302 1002.8932954799379 1242.5480132472894 1060.1586354873657 1087.64761886018 
1037.132286685896 990.2342264255667 1028.706834962185 1427.8091573393385 872.3255664556068 7412.013024661126 1255.5657535572877 1144.9374097128157 1546.0032971056125 805.9406005494843 880.9402406287072 1712.7979815680746 1254.7601298717436 521.3784663036913 2138.642597785245 838.1525336934415 612.7045956801894 1302.2529526944063 4422.680147079281 1278.6356867904715 556.5122933940652 1002.8932954799379 1242.5480132472894 1060.1586354873657 1087.64761886018 
1037.1322783317355 990.2342264255667 1028.706834962185 1427.8091573393385 872.3255664556068 7412.013024661126 1255.5657535572877 1144.9374097128157 1546.0032971056125 805.9406005494843 880.9402406287072 1712.7979815680746 1254.7601298717436 521.3784663036913 2138.642597785245 838.1525336934415 612.7045956801894 1302.2529526944063 4422.680147079281 1278.6356867904715 556.495415966162 1002.8932954799379 1242.5480132472894 1060.1586354873657 1087.64761886018 
1037.132276545929 990.2342264255667 1028.706834962185 1427.8091573393385 872.3255664556068 7412.013024661126 1255.5657535572877 1144.9374097128157 1546.0032971056125 805.9406005494843 880.9402406287072 1712.7979815680746 1254.7601298717436 521.3784663036913 2138.642597785245 838.1525336934415 612.7045956801894 1302.2529526944063 4422.680147079281 1278.6356867904715 556.4951472083103 1002.8932954799379 1242.5480132472894 1060.1586354873657 1087.64761886018 
1037.132276545929 990.2342264255667 1028.706834962185 1427.8091573393385 872.3255664556068 7412.013024661126 1255.5657535572877 1144.9374097128157 1546.0032971056125 805.9406005494843 880.9402406287072 1712.7979815680746 1254.7601298717436 521.3784663036913 2138.642597785245 838.1525336934415 612.7045956801894 1302.2529526944063 4422.680147079281 1278.6356867904715 556.4943772632669 1002.8932954799379 1242.5480132472894 1060.1586354873657 1087.64761886018 
1037.132276545929 990.2342264255667 1028.706834962185 1427.8091573393385 872.3255664556068 7412.013024661126 1255.5657535572877 1144.9374097128157 1546.0032971056125 805.9406005494843 880.9402406287072 1712.7979815680746 1254.7601298717436 521.3784663036913 2138.642597785245 838.1525336934415 612.7045956801894 1302.2529526944063 4422.680147079281 1278.6356867904715 556.4943005776822 1002.8932954799379 1242.5480132472894 1060.1586354873657 1087.64761886018 
1037.132276545929 990.2342264255667 1028.706834962185 1427.8091573393385 872.3255664556068 7412.013024661126 1255.5657535572877 1144.9374097128157 1546.0032971056125 805.9406005494843 880.9402406287072 1712.7979815680746 1254.7601298717436 521.3784663036913 2138.642597785245 838.1525336934415 612.7045956801894 1302.2529526944063 4422.680147079281 1278.6356867904715 556.494284677985 1002.8932954799379 1242.5480132472894 1060.1586354873657 1087.64761886018 
1037.1322761409083 990.2342264255667 1028.706834962185 1427.8091573393385 872.3255664556068 7412.013024661126 1255.5657535572877 1144.9374097128157 1546.0032971056125 805.9406005494843 880.9402406287072 1712.7979815680746 1254.7601298717436 521.3784663036913 2138.642597785245 838.1525336934415 612.7045956801894 1302.2529526944063 4422.68014707928 1278.6356867904715 556.4939382441717 1002.8932954799379 1242.5480132472894 1060.1586354873657 1087.64761886018 
1037.1322761409083 990.2342264255667 1028.706834962185 1427.8091573393385 872.3255664556068 7412.013024661126 1255.5657535572877 1144.9374097128157 1546.0032971056125 805.9406005494843 880.9402406287072 1712.7979815680746 1254.7601298717436 521.3784663036913 2138.642597785245 838.1525336934415 612.7045956801894 1302.2529526944063 4422.68014707928 1278.6356867904715 556.493602710776 1002.8932954799379 1242.5480132472894 1060.1586354873657 1087.64761886018 
1037.1322761409083 990.2342264255667 1028.706834962185 1427.8091573393385 872.3255664556068 7412.013024661126 1255.5657535572877 1144.9374097128157 1546.0032971056125 805.9406005494843 880.9402406287072 1712.7979815680746 1254.7601298717436 521.3784663036913 2138.642597785245 838.1525336934415 612.7045956801894 1302.2529526944063 4422.68014707928 1278.6356867904715 556.493602710776 1002.8932954799379 1242.5480132472894 1060.1586354873657 1087.64761886018 
1037.1322761174988 990.2342264255667 1028.706834962185 1427.8091573393385 872.3255664556068 7412.013024661126 1255.5657535572877 1144.9374097128157 1546.0032971056125 805.9406005494843 880.9402406287072 1712.7979815680746 1254.7601298717436 521.3784663036913 2138.642597785245 838.1525336934415 612.7045956801894 1302.2529526944063 4422.68014707928 1278.6356867904715 556.493602710776 1002.8932954799379 1242.5480132472894 1060.1586354873657 1087.64761886018 
1037.1322761174988 990.2342264255667 1028.706834962185 1427.8091573393385 872.3255664556068 7412.013024661126 1255.5657535572877 1144.9374097128157 1546.0032971056125 805.9406005494843 880.9402406287072 1712.7979815680746 1254.7601298717436 521.3784663036913 2138.642597785245 838.1525336934415 612.7045956801894 1302.2529526944063 4422.68014707928 1278.6356867904715 556.493602710776 1002.8932954799379 1242.5480132472894 1060.1586354873657 1087.64761886018 
1037.1322761165784 990.2342264255667 1028.706834962185 1427.8091573393385 872.3255664556068 7412.013024661126 1255.5657535572877 1144.9374097128157 1546.0032971056125 805.9406005494843 880.9402406287072 1712.7979815680746 1254.7601298717436 521.3784663036913 2138.642597785245 838.1525336934415 612.7045956801894 1302.2529526944063 4422.68014707928 1278.6356867904715 556.4935272465818 1002.8932954799379 1242.5480132472894 1060.1586354873657 1087.64761886018 
1037.1322761159286 990.2342264255667 1028.706834962185 1427.8091573393385 872.3255664556068 7412.013024661126 1255.5657535572877 1144.9374097128157 1546.0032971056125 805.9406005494843 880.9402406287072 1712.7979815680746 1254.7601298717436 521.3784663036913 2138.642597785245 838.1525336934415 612.7045956801894 1302.2529526944063 4422.68014707928 1278.6356867904715 556.4935272465818 1002.8932954799379 1242.5480132472894 1060.1586354873657 1087.64761886018 
1037.1322761143902 990.2342264255667 1028.706834962185 1427.8091573393385 872.3255664556068 7412.013024661126 1255.5657535572877 1144.9374097128157 1546.0032971056125 805.9406005494843 880.9402406287072 1712.7979815680746 1254.7601298717436 521.3784663036909 2138.642597785245 838.1525336934415 612.7045956801894 1302.2529526944063 4422.680146836821 1278.6356867904715 556.4935272465818 1002.8932954799379 1242.5480132472894 1060.1586354873657 1087.64761886018 
1037.1300188759824 990.2342264255667 1028.706834962185 1427.8091573393385 872.3255664556068 7412.013024661126 1255.5657535572877 1144.9374097128157 1546.0032971056125 805.9406005494843 880.9402406287072 1712.7979815680746 1254.7601298717436 521.3784663036909 2138.642597785245 838.1525336934415 612.7045956801894 1302.2529526944063 4422.680146836821 1278.6356867904715 556.4935272465818 1002.8932954799379 1242.5480132472894 1060.1586354873657 1087.64761886018 
1037.1300188759824 990.2342264255667 1028.706834962185 1427.8091573393385 872.3255664556068 7412.013024661126 1255.5657535572877 1144.9374097128157 1546.0032971056125 805.9406005494843 880.9402406287072 1712.7979815680746 1254.7601298717436 521.3784663036909 2138.642597785245 838.1525336934415 612.7045956801894 1302.2529526944063 4422.680146836821 1278.6356867904715 556.4935272465818 1002.8932954799379 1242.5480132472894 1060.1586354873657 1087.64761886018 
1037.1258827978472 990.2342264255667 1028.706834962185 1427.8091573393385 872.3255664556068 7412.013024661126 1255.5657535572877 1144.9374097128157 1546.0032971056125 805.9406005494843 880.9402406287072 1712.7979815680746 1254.7601298717436 521.3784663036909 2138.642597785245 838.1525336934415 612.7045956801894 1302.2529526944063 4422.680146836821 1278.6356867904715 556.4935272465818 1002.8932954799379 1242.5480132472894 1060.1586354873657 1087.64761886018 
1037.1258827978472 990.2342264255667 1028.706834962185 1427.8091573393385 872.3255664556068 7412.013024661126 1255.5657535572877 1144.9374097128157 1546.0032971056125 805.9406005494843 880.9402406287072 1712.7979815680746 1254.7601298717436 521.3784663036909 2138.642597785245 838.1525336934415 612.7045956801894 1302.2529526944063 4422.68014683682 1278.6356867904715 556.4935272465818 1002.8932954799379 1242.5480132472894 1060.1586354873657 1087.64761886018 
1037.1201021109573 990.2342264255667 1028.706834962185 1427.8091573393385 872.3255664556068 7412.013024661126 1255.5657535572877 1144.9374097128157 1546.0032971056125 805.9406005494843 880.9402406287072 1712.7979815680746 1254.7601298717436 521.3784663036909 2138.642597785245 838.1525336934415 612.7045956801894 1302.2529526944063 4422.680145325827 1278.6356867904715 556.4935272465818 1002.8932954799379 1242.5480132472894 1060.1586354873657 1087.64761886018 
1037.1201021109573 990.2342264255667 1028.706834962185 1427.8091573393385 872.3255664556068 7412.013024661126 1255.5657535572877 1144.9374097128157 1546.0032971056125 805.9406005494843 880.9402406287072 1712.7979815680746 1254.7601298717436 521.3784663036909 2138.642597785245 838.1525336934415 612.7045956801894 1302.2529526944063 4422.680145325827 1278.6356867904715 556.4935272465818 1002.8932954799379 1242.5480132472894 1060.1586354873657 1087.64761886018 
1037.1201021109573 990.2342264255667 1028.706834962185 1427.8091573393385 872.3255664556068 7412.013024661126 1255.5657535572877 1144.9374097128157 1546.0032971056125 805.9406005494843 880.9402406287072 1712.7979815680746 1254.7601298717436 521.3784663036909 2138.642597785245 838.1525336934415 612.7045956801894 1302.2529526944063 4422.6801453237995 1278.6356867904715 556.4935272465818 1002.8932954799379 1242.5480132472894 1060.1586354873657 1087.64761886018 
1037.1201021109573 990.2342264255667 1028.706834962185 1427.8091573393385 872.3255664556068 7412.013024661126 1255.5657535572877 1144.9374097128157 1546.0032971056125 805.9406005494843 880.9402406287072 1712.7979815680746 1254.7601298717436 521.3784663036909 2138.642597785245 838.1525336934415 612.7045956801894 1302.2529526944063 4422.680145323556 1278.6356867904715 556.4935272465818 1002.8932954799379 1242.5480132472894 1060.1586354873657 1087.64761886018 
1037.1201021109573 990.2342264255667 1028.706834962185 1427.8091573393385 872.3255664556068 7412.013024661126 1255.5657535572877 1144.9374097128157 1546.0032971056125 805.9406005494843 880.9402406287072 1712.7979815680746 1254.7601298717436 521.3784663036909 2138.642597785245 838.1525336934415 612.7045956801894 1302.2529526944063 4422.680145323533 1278.6356867904715 535.6793202931608 1002.8932954799379 1242.5480132472894 1060.1586354873657 1087.64761886018 
1037.1201021109573 990.2342264255667 1028.706834962185 1427.8091573393385 872.3255664556068 7412.013024661126 1255.5657535572877 1144.9374097128157 1546.0032971056125 805.9406005494843 880.9402406287072 1712.7979815680746 1254.7601298717436 521.3784663036909 2138.642597785245 838.1525336934415 612.7045956801894 1302.2529526944063 4422.68014532353 1278.6356867904715 531.3466696914743 1002.8932954799379 1242.5480132472894 1060.1586354873657 1087.64761886018 
1037.1201020008157 990.2342264255667 1028.706834962185 1427.8091573393385 872.3255664556068 7412.013024661126 1255.5657535572877 1144.9374097128157 1546.0032971056125 805.9406005494843 880.9402406287072 1712.7979815680746 1254.7601298717436 521.3784663036909 2138.642597785245 838.1525336934415 612.7045956801894 1302.2529526944063 4422.680145323505 1278.6356867904715 530.9582477793992 1002.8932954799379 1242.5480132472894 1060.1586354873657 1087.64761886018 
1037.119477900696 990.2342264255667 1028.706834962185 1427.8091573393385 872.3255664556068 7412.013024661126 1255.5657535572877 1144.9374097128157 1546.0032971056125 805.9406005494843 880.9402406287072 1712.7979815680746 1254.7601298717436 521.3784663036909 2138.642597785245 838.1525336934415 612.7045956801894 1302.2529526944063 4422.6801453234975 1278.6356867904715 530.8865337586885 1002.8932954799379 1242.5480132472894 1060.1586354873657 1087.64761886018 
1037.1192998718243 990.2342264255667 1028.706834962185 1427.8091573393385 872.3255664556068 7412.013024661126 1255.5657535572877 1144.9374097128157 1546.0032971056125 805.9406005494843 880.9402406287072 1712.7979815680746 1254.7601298717436 521.3784663036909 2138.642597785245 838.1525336934415 612.7045956801894 1302.2529526944063 4422.680145323497 1278.6356867904715 530.8643003376983 1002.8932954799379 1242.5480132472894 1060.1586354873657 1087.64761886018 
1037.1192878924112 990.2342264255667 1028.706834962185 1427.8091573393385 872.3255664556068 7412.013024661126 1255.5657535572877 1144.9374097128157 1546.0032971056125 805.9406005494843 880.9402406287072 1712.7979815680746 1254.7601298717436 521.3784663036909 2138.642597785245 838.1525336934415 612.7045956801894 1302.2529526944063 4422.680145323497 1278.6356867904715 530.857762716636 1002.8932954799379 1242.5480132472894 1060.1586354873657 1087.64761886018 
1037.1192878924112 990.2342264255667 1028.706834962185 1427.8091573393385 872.3255664556068 7412.013024661126 1255.5657535572877 1144.9374097128157 1546.0032971056116 805.9406005494843 880.9402406287072 1712.7979815680746 1254.7601298717436 521.3784663036909 2138.642597785245 838.1525336934415 612.7045956801894 1302.2529526944063 4422.680145323497 1278.6356867904715 530.8571628506575 1002.8932954799379 1242.5480132472894 1060.1586354873657 1087.64761886018 
1037.1192878924112 990.2342264255667 1028.706834962185 1427.8091573393385 872.3255664556068 7412.013024661126 1255.5657535572877 1144.9374097128157 1546.0032971056116 805.9406005494843 880.9402406287072 1712.7979815680746 1254.7601298717436 521.3784663036909 2138.642597785245 838.1525336934415 612.7045956801894 1302.2529526944063 4422.680145323497 1278.6356867904715 530.8508157765891 1002.8932954799379 1242.5480132472894 1060.1586354873657 1087.64761886018 
1037.119287546141 990.2342264255667 1028.706834962185 1427.8091573393385 872.3255664556068 7412.013024661126 1255.5657535572877 1144.9374097128157 1546.0032971056116 805.9406005494843 880.9402406287072 1712.7979815680746 1254.7601298717436 521.3784663036909 2138.642597785245 838.1525336934415 612.7045956801894 1302.2529526944063 4422.680145323497 1278.6356867904715 530.8505869834171 1002.8932954799379 1242.5480132472894 1060.1586354873657 1087.64761886018 
1037.119287546141 990.2342264255667 1028.706834962185 1427.8091573393385 872.3255664556068 7412.013024661126 1255.5657535572877 1144.9374097128157 1546.0032971056116 805.9406005494843 880.9402406287072 1712.7979815680746 1254.7601298717436 521.3784663036909 2138.642597785245 838.1525336934415 612.7045956801894 1302.2529526944063 4422.680145323497 1278.6356867904715 530.8505469874581 1002.8932954799379 1242.5480132472894 1060.1586354873657 1087.64761886018 
1037.1192867817526 990.2342264255667 1028.706834962185 1427.8091573393385 872.3255664556068 7412.013024661126 1255.5657535572877 1144.9374097128157 1546.0032971056116 805.9406005494843 880.9402406287072 1712.7979815680746 1254.7601298717436 521.3784663036909 2135.1514045249883 838.1525336934415 612.7045956801894 1302.2529526944063 4422.680145323497 1278.6356867904715 530.8505424055611 1002.8932954799379 1242.5480132472894 1060.1586354873657 1087.64761886018 
1037.119286669763 990.2342264255667 1028.706834962185 1427.8091573393385 872.3255664556068 7412.013024661126 1255.5657535572877 1144.9374097128157 1546.0032971056116 805.9406005494843 880.9402406287072 1712.7979815680746 1254.7601298717436 521.3784663036909 2134.9470344814326 838.1525336934415 612.7045956801894 1302.2529526944063 4422.680145323497 1278.6356867904715 530.8505424055611 1002.8932954799379 1242.5480132472894 1060.1586354873657 1087.64761886018 
1037.119286669763 990.2342264255667 1028.706834962185 1427.8091573393385 872.3255664556068 7412.013024661126 1255.5657535572877 1144.9374097128157 1546.0032971056116 805.9406005494843 880.9402406287072 1712.7979815680746 1254.7601298717436 521.3784663036909 2134.9470344814326 838.1525336934415 612.7045956801894 1302.2529526944063 4422.680145323497 1278.6356867904715 530.8505408916299 1002.8932954799379 1242.5480132472894 1060.1586354873657 1087.64761886018 
1037.119286669763 990.2342264255667 1028.706834962185 1427.8091573393385 872.3255664556068 7412.013024661126 1255.5657535572877 1144.9374097128157 1546.0032971056116 805.9406005494843 880.9402406287072 1712.7979815680746 1254.7601298717436 521.3784663036909 2134.927903611323 838.1525336934415 612.7045956801894 1302.2529526944063 4422.680145323497 1278.6356867904715 530.8505405051137 1002.8932954799379 1242.5480132472894 1060.1586354873657 1087.64761886018 
1037.119286669763 990.2342264255667 1028.706834962185 1427.8091573393385 872.3255664556068 7412.013024661126 1255.5657535572877 1144.9374097128157 1546.0032971056116 805.9406005494843 880.9402406287072 1712.7979815680746 1254.7601298717436 521.3784663036909 2134.927903611323 838.1525336934415 612.7045956801894 1302.2529526944063 4422.680145323497 1278.6356867904715 530.8505405051137 1002.8932954799379 1242.5480132472894 1060.1586354873657 1087.64761886018 
1037.119286669763 990.2342264255667 1028.706834962185 1427.8091573393385 872.3255664556068 7412.013024661126 1255.5657535572877 1144.9374097128157 1546.0032971056116 805.9406005494843 880.9402406287072 1712.7979815680746 1254.7601298717436 521.3784663036909 2134.9278993327966 838.1525336934415 612.7045956801894 1302.2529526944063 4422.680145323497 1275.1036313012828 530.8505405051137 1002.8932954799379 1242.5480132472894 1060.1586354873657 1087.64761886018 
1037.119286669763 990.2342264255667 1028.706834962185 1427.8091573393385 872.3255664556068 7412.013024661126 1255.5657535572877 1144.9374097128157 1546.0032971056116 805.9406005494843 880.9402406287072 1712.7979815680746 1254.7601298717436 521.3784663036909 2134.9278993327966 838.1525336934415 612.7045956801894 1302.2529526944063 4422.680145323497 1274.8465749462448 530.8505404912316 1002.8932954799379 1242.5480132472894 1060.1586354873657 1087.64761886018 
1037.119286669763 990.2342264255667 1028.706834962185 1427.8091573393385 872.3255664556068 7412.013024661126 1255.5657535572877 1144.9374097128157 1546.0032971056116 805.9406005494843 880.9402406287072 1712.7979815680746 1254.7601298717436 521.3784663036909 2134.9278993327966 838.1525336934415 612.7045956801894 1302.2529526944063 4422.680145323497 1274.7286252302347 530.8505404721 1002.8932954799379 1242.5480132472894 1060.1586354873657 1087.64761886018 
1037.119286669763 990.2342264255667 1028.706834962185 1427.8091573393385 872.3255664556068 7412.013024661126 1255.5657535572877 1144.9374097128157 1546.0032971056116 802.8579972303496 880.9402406287072 1712.7979815680746 1254.7601298717436 521.3784663036909 2134.9278993327966 838.1525336934415 612.7045956801894 1302.2529526944063 4422.680145323497 1274.7245136486436 530.8505404721 1002.8932954799379 1242.5480132472894 1060.1586354873657 1087.64761886018 
1037.119286669763 990.2342264255667 1028.706834962185 1427.8091573393385 872.3255664556068 7412.013024661126 1255.5657535572877 1144.9374097128157 1546.0032971056116 802.8579972303496 880.9402406287072 1712.7979815680746 1254.7601298717436 521.3784663036909 2132.1053035709583 838.1525336934415 612.7045956801894 1302.2529526944063 4422.680145323497 1274.7227867332563 530.8505404720277 1002.8932954799379 1242.5480132472894 1060.1586354873657 1087.64761886018 
1031.353799393673 990.2342264255667 1028.706834962185 1427.8091573393385 872.3255664556068 7412.013024661126 1255.5657535572877 1144.9374097128157 1546.0032971056116 802.8579972303496 880.9402406287072 1712.7979815680746 1254.7601298717436 521.3784663036909 2132.0980572601043 838.1525336934415 612.7045956801894 1302.2529526944063 4422.680145323497 1274.7227867332563 530.8505404720277 1002.8932954799379 1242.5480132472894 1060.1586354873657 1087.64761886018 
1031.3472206201368 990.2342264255667 1028.706834962185 1427.8091573393385 872.3255664556068 7412.013024661126 1255.5657535572877 1144.9374097128157 1546.0032971056116 802.8579972303496 880.9402406287072 1712.7979815680746 1254.7601298717436 521.3784663036909 2132.0980572601043 838.1525336934415 612.7045956801894 1302.2529526944063 4422.680145323497 1274.7226532971117 530.8505404718912 1002.8932954799379 1242.5480132472894 1060.1586354873657 1087.64761886018 
1031.1000447090228 990.2342264255667 1028.706834962185 1427.8091573393385 872.3255664556068 7412.013024661126 1255.5657535572877 1144.9374097128157 1546.0032971056116 802.8579972303496 880.9402406287072 1712.7979815680746 1254.7601298717436 521.3784663036909 2132.0901519265663 838.1525336934415 612.7045956801894 1302.2529526944063 4422.680145323497 1274.7226304944897 530.8505404718571 1002.8932954799379 1242.5480132472894 1060.1586354873657 1087.64761886018 
1031.0808305336623 990.2342264255667 1028.706834962185 1427.8091573393385 872.3255664556068 7412.013024661126 1255.5657535572877 1144.9374097128157 1546.0032971056116 802.8579972303496 880.9402406287072 1712.7979815680746 1254.7601298717436 521.3784663036909 2132.0900393339666 838.1525336934415 612.7045956801894 1302.2529526944063 4422.680145323497 1274.7226304944897 530.8505404718571 1002.8932954799379 1242.5480132472894 1060.1586354873657 1087.64761886018 
1031.079232083258 990.2342264255667 1028.706834962185 1427.8091573393385 872.3255664556068 7412.013024661126 1255.5657535572877 1144.9374097128157 1546.0032971056116 802.8579972303496 880.9402406287072 1712.7979815680746 1254.7601298717436 521.3784663036909 2132.0900393339666 838.1525336934415 612.7045956801894 1302.2529526944063 4422.680145323497 1274.7226304944897 530.8505404718571 1002.8932954799379 1242.5480132472894 1060.1586354873657 1087.64761886018 
1031.0761374566946 990.2342264255667 1028.706834962185 1427.8091573393385 872.3255664556068 7412.013024661126 1255.5657535572877 1144.9374097128157 1546.0032971056116 802.8579972303496 880.9402406287072 1712.7979815680746 1254.7601298717436 521.3784663036909 2132.08798793507 838.1525336934415 612.7045956801894 1302.2529526944063 4422.680145323497 1274.7226304944897 530.8505404718398 1002.8932954799379 1242.5480132472894 1060.1586354873657 1087.64761886018 
1031.074440458 990.2342264255667 1028.706834962185 1427.8091573393385 872.3255664556068 7412.013024661126 1255.5657535572877 1144.9374097128157 1546.0032971056116 802.8579972303496 880.9402406287072 1712.7979815680746 1254.7601298717436 521.3784663036909 2132.08798793507 838.1525336934415 612.7045956801894 1302.2529526944063 4422.680145323497 1274.7226304944897 530.8505404718398 1002.8932954799379 1242.5480132472894 1060.1586354873657 1087.64761886018 
1031.0722888742303 990.2342264255667 1028.706834962185 1427.8091573393385 872.3255664556068 7412.013024661126 1255.5657535572877 1144.9374097128157 1546.0032971056116 802.8570941510297 880.9402406287072 1712.7979815680746 1254.7601298717436 521.3784663036909 2132.0877977780606 838.1525336934415 612.7045956801894 1302.2529526944063 4422.680145323497 1274.7226181236801 530.8505404718398 1002.8932954799379 1242.5480132472894 1060.1586354873657 1087.64761886018 
1031.071952837502 990.2342264255667 1028.706834962185 1427.8091573393385 872.3255664556068 7412.013024661126 1255.5657535572877 1144.9374097128157 1546.0032971056116 802.8570267237974 880.9402406287072 1712.7979815680746 1254.7601298717436 521.3784663036909 2132.0877710809955 838.1525336934415 612.7045956801894 1302.2529526944063 4422.680145323497 1274.7226181236801 530.8505404718398 1002.8932954799379 1242.5480132472894 1060.1586354873657 1087.64761886018 
1031.071804144909 990.2342264255667 1028.706834962185 1427.8091573393385 872.3255664556068 7412.013024661126 1255.5657535572877 1144.9374097128157 1546.0032971056116 802.856976154555 880.9402406287072 1712.7979815680746 1254.7601298717436 521.3784663036909 2132.0877710809955 838.1525336934415 612.7045956801894 1302.2529526944063 4422.680145323497 1274.7226181236801 530.8505404718394 1002.8932954799379 1242.5480132472894 1060.1586354873657 1087.64761886018 
1031.0717660030223 990.2342264255667 1028.706834962185 1427.8091573393385 872.3255664556068 7412.013024661126 1255.5657535572877 1144.9374097128157 1546.0032971056116 802.856976154555 880.9402406287072 1712.7979815680746 1254.7601298717436 521.3784663036909 2132.0877710809955 838.1525336934415 612.7045956801894 1302.2529526944063 4422.680145323497 1274.7226174885063 530.8505404718394 1002.8932954799379 1242.5480132472894 1060.1586354873657 1087.64761886018 
1031.0717489844383 990.2342264255667 1028.706834962185 1427.8091573393385 872.3255664556068 7412.013024661126 1255.5657535572877 1144.9374097128157 1546.0032971056116 802.8569757159385 880.9402406287072 1712.7979815680746 1254.7601298717436 521.3784663036909 2132.087379416082 838.1525336934415 612.7045956801894 1302.2529526944063 4422.680145323497 1274.7226141785154 530.8505404718389 1002.8932954799379 1242.5480132472894 1060.1586354873657 1087.64761886018 
1031.0717481724096 990.2342264255667 1028.706834962185 1427.8091573393385 872.3255664556068 7412.013024661126 1255.5657535572877 1144.9374097128157 1546.0032971056116 802.8569757159385 880.9402406287072 1712.7979815680746 1254.7601298717436 521.3784663036909 2132.087379416082 838.1525336934415 612.7045956801894 1302.2529526944063 4422.680145323497 1274.7226141785154 530.8505404718389 1002.8932954799379 1242.5480132472894 1060.1586354873657 1087.64761886018 
1031.0717478463562 984.6629088501122 1028.706834962185 1427.8091573393385 872.3255664556068 7412.013024661126 1255.5657535572877 1144.9374097128157 1546.0032971056116 802.8569757067376 880.9402406287072 1712.7979815680746 1254.7601298717436 521.3784663036909 2132.087379416082 838.1525336934415 612.7045956801894 1302.2529526944063 4422.680145323497 1274.7226141785154 530.8505404718389 1002.8932954799379 1242.5480132472894 1060.1586354873657 1087.64761886018 
1031.0717478463562 984.6629088501122 1028.706834962185 1427.8091573393385 872.3255664556068 7412.013024661126 1255.5657535572877 1144.9374097128157 1546.0032971056116 802.8569757067376 880.9402406287072 1712.7979815680746 1254.7601298717436 521.3784663036909 2132.087379019162 838.1525336934415 612.7045956801894 1302.2529526944063 4422.680145323497 1274.7226119905208 530.8505404718389 1002.8932954799379 1242.5480132472894 1060.1586354873657 1087.64761886018 
1031.07174770631 984.6629088501122 1028.706834962185 1427.8091573393385 872.3255664556068 7412.013024661126 1255.5657535572877 1144.9374097128157 1546.0032971056116 802.856975691684 880.9402406287072 1712.7979815680746 1254.7601298717436 521.3784663036909 2132.08737894706 838.1525336934415 612.7045956801894 1302.2529526944063 4422.680145323497 1274.7226119905208 530.8505404718389 1002.8932954799379 1242.5480132472894 1060.1586354873657 1087.64761886018 
1031.0717476773402 984.6629088501122 1028.706834962185 1427.8091573393385 872.3255664556068 7412.013024661126 1255.5657535572877 1144.9374097128157 1546.0032971056116 802.856975691684 880.9402406287072 1712.7979815680746 1254.7601298717436 521.3784663036909 2132.087206465412 838.1525336934415 612.7045956801894 1302.2529526944063 4422.680145323497 1274.7226119905208 530.8505404718389 1002.8932954799379 1242.5480132472894 1060.1586354873657 1087.64761886018 
1031.0714852024098 984.6629088501122 1028.706834962185 1427.8091573393385 872.3255664556068 7412.013024661126 1255.5657535572877 1144.9374097128157 1546.0032971056116 802.856975691684 880.9402406287072 1712.7979815680746 1254.7601298717436 521.3784663036909 2132.087206465412 838.1525336934415 612.7045956801894 1302.2529526944063 4422.680145323497 1274.7226119905208 530.8505404718389 1002.8932954799379 1242.5480132472894 1060.1586354873657 1087.64761886018 
1031.0714701596921 984.6629088501122 1028.706834962185 1427.8091573393385 872.3255664556068 7412.013024661126 1255.5657535572877 1144.9374097128157 1546.0032971056116 802.8569756704019 880.9402406287072 1712.7979815680746 1254.7601298717436 521.3784663036909 2132.087206465412 838.1525336934415 612.7045956801894 1302.2529526944063 4422.680145323497 1274.7226055452948 530.8505404718389 1002.8932954799379 1242.5480132472894 1060.1586354873657 1087.64761886018 
1031.0714701596921 984.6352057202512 1028.706834962185 1427.8091573393385 872.3255664556068 7412.013024661126 1255.5657535572877 1144.9374097128157 1546.0032971056116 802.8569756704019 880.9402406287072 1712.7979815680746 1254.7601298717436 521.3784663036909 2132.087206465412 838.1525336934415 612.7045956801894 1302.2529526944063 4422.680145323497 1274.7226055452948 530.8505404718389 1002.8932954799379 1242.5480132472894 1060.1586354873657 1087.64761886018 
1031.0714701596921 984.6257867826439 1028.706834962185 1427.8091573393385 872.3255664556068 7412.013024661126 1255.5657535572877 1144.9374097128157 1546.0032971056116 802.8569756704019 880.9402406287072 1712.7979815680746 1254.7601298717436 521.3784663036909 2132.087206465412 838.1525336934415 612.7045956801894 1302.2529526944063 4422.680145323497 1274.7226011402818 530.8505404718389 1002.8932954799379 1242.5480132472894 1060.1586354873657 1087.64761886018 
1031.0714701596921 984.6257867826439 1028.706834962185 1427.8091573393385 872.3255664556068 7412.013024661126 1255.5657535572877 1144.9374097128157 1546.0032971056116 802.8569756704019 880.9402406287072 1712.7979815680746 1254.7601298717436 521.3784663036909 2132.087206465412 838.1525336934415 612.7045956801894 1302.2529526944063 4422.680145323497 1274.7226011402818 530.8505404718389 1002.8932954799379 1242.5480132472894 1060.1586354873657 1087.64761886018 
1031.0714686255355 984.6257867826439 1028.706834962185 1427.8091573393385 872.3255664556068 7412.013024661126 1255.5657535572877 1144.9374097128157 1546.0032971056116 802.8569756699071 880.9402406287072 1712.7979815680746 1254.7601298717436 521.3784663036909 2132.087206465412 838.1525336934415 612.7045956801894 1302.2529526944063 4422.680145323497 1274.7226011402818 530.8505404718389 1002.8932954799379 1242.5480132472894 1060.1586354873657 1087.64761886018 
1031.0714686255355 984.6257867826439 1028.706834962185 1427.8091573393385 872.3255664556068 7412.013024661126 1255.5657535572877 1144.9374097128157 1546.0032971056116 802.8569756696916 880.9402406287072 1712.7979815680746 1254.7601298717436 521.3784663036909 2132.087206465412 838.1525336934415 612.7045956801894 1302.2529526944063 4422.680145323497 1274.7226009069668 530.8505404718389 1002.8932954799379 1242.5480132472894 1060.1586354873657 1087.64761886018 
1031.0714686255355 984.6257867826439 1028.706834962185 1427.8091573393385 872.3255664556068 7412.013024661126 1255.5657535572877 1144.9374097128157 1546.0032971056116 802.8569756696893 880.9402406287072 1712.7979815680746 1254.7601298717436 521.3784663036909 2132.087206465412 838.1525336934415 612.7045956801894 1302.2529526944063 4422.680145323497 1274.7226008255761 530.8505404718389 1002.8932954799379 1242.5480132472894 1060.1586354873657 1087.64761886018 
1031.0714686255355 984.6257867826439 1028.706834962185 1427.8091573393385 872.3255664556068 7412.013024661126 1255.5657535572877 1144.9374097128157 1546.0032971056116 802.8569756696893 880.9402406287072 1712.7979815680746 1254.7601298717436 521.3784663036909 2132.0871757885984 838.1525336934415 612.7045956801894 1302.2529526944063 4422.680145323497 1274.7226008255761 530.8505404718389 1002.8932954799379 1242.5480132472894 1060.1586354873657 1087.64761886018 
1031.0714686255355 984.6257867826439 1028.706834962185 1427.8091573393385 872.3255664556068 7412.013024661126 1255.5657535572877 1144.9374097128157 1546.0032971056116 802.8569756696888 880.9402406287072 1712.7979815680746 1254.7601298717436 521.3784663036909 2132.0871757885984 838.1525336934415 612.7045956801894 1302.2529526944063 4422.680145323497 1274.722600809078 530.8505404718389 1002.8932954799379 1242.5480132472894 1060.1586354873657 1087.64761886018 
1031.071468625535 984.6257867826439 1028.706834962185 1427.8091573393385 872.3255664556068 7412.013024661126 1255.5657535572877 1144.9374097128157 1546.0032971056116 802.8569756696888 880.9402406287072 1712.7979815680746 1254.7601298717436 521.3784663036909 2132.0871757885984 838.1525336934415 612.7045956801894 1302.2529526944063 4422.680145323497 1274.722600809078 530.8505404718389 1002.8932954799379 1242.5480132472894 1060.1586354873657 1087.64761886018 
1031.071468625535 984.6257867826439 1028.706834962185 1427.8091573393385 872.3255664556068 7412.013024661126 1255.5657535572877 1144.9374097128157 1546.0032971056116 802.8569756696888 880.9402406287072 1712.7979815680746 1254.7601298717436 521.3784663036909 2132.0871757885984 838.1525336934415 612.7045956801894 1302.2529526944063 4422.680145323497 1274.722600809078 530.8505404718389 1002.8932954799379 1242.5480132472894 1060.1586354873657 1087.64761886018 
1031.071468625535 984.6257867826439 1028.706834962185 1427.8091573393385 872.3255664556068 7412.013024661126 1255.5657535572877 1144.9374097128157 1546.0032971056116 802.8569756696888 880.9402406287072 1712.7979815680746 1254.7601298717436 521.3784663036909 2132.0871757885984 838.1525336934415 612.7045956801894 1302.2529526944063 4422.680145323497 1274.722600809078 530.8505404718389 1002.8932954799379 1242.5480132472894 1060.1586354873657 1087.64761886018 
1031.0714686255346 984.6257867826439 1028.706834962185 1427.8091573393385 872.3255664556068 7412.013024661126 1255.5657535572877 1144.9374097128157 1546.0032971056116 802.8569756696888 880.9402406287072 1712.7979815680746 1254.7601298717436 521.3784663036909 2132.0871757885984 838.1525336934415 612.7045956801894 1302.2529526944063 4422.680145323497 1274.7226008080224 530.8505404718389 1002.8932954799379 1242.5480132472894 1060.1586354873657 1087.64761886018 
1031.0714686255346 984.6257867826439 1028.706834962185 1427.8091573393385 872.3255664556068 7411.290005797935 1255.5657535572877 1144.9374097128157 1546.0032971056116 802.8569756696888 880.9402406287072 1712.7979815680746 1254.7601298717436 521.3784663036909 2132.0871757885984 838.1525336934415 612.7045956801894 1302.2529526944063 4422.680145323497 1274.7226008024918 530.8505404718389 1002.8932954799379 1242.5480132472894 1060.1586354873657 1087.64761886018 
1031.0714686255346 984.6257867826439 1028.706834962185 1427.8091573393385 872.3255664556068 7411.171715736091 1255.5657535572877 1144.9374097128157 1546.0032971056116 802.8569756696888 880.9402406287072 1712.7979815680746 1254.7601298717436 521.3784663036909 2132.0871757885984 838.1525336934415 612.7045956801894 1302.2529526944063 4422.680145323497 1274.7226008024918 530.8505404718389 1002.8932954799379 1242.5480132472894 1060.1586354873657 1087.64761886018 
1031.0714686255346 984.6257867826439 1028.706834962185 1427.8091573393385 872.3255664556068 7411.171715736091 1255.5657535572877 1144.9374097128157 1546.0032971056116 802.8569756696888 880.9402406287072 1712.7979815680746 1254.7601298717436 521.3784663036909 2132.0871757885984 838.1525336934415 612.7045956801894 1302.2529526944063 4422.680145323497 1274.7226008024918 530.8505404718389 1002.8932954799379 1242.5480132472894 1060.1586354873657 1087.64761886018 
1031.0714686255346 984.6257388812774 1028.706834962185 1427.8091573393385 872.3255664556068 7411.171715736091 1255.5657535572877 1144.9374097128157 1546.0032971056116 802.8569756696888 880.9402406287072 1712.7979815680746 1254.7601298717436 521.3784663036909 2132.0871757885984 838.1525336934415 612.7045956801894 1302.2529526944063 4422.680145323497 1274.7226008024918 530.8505404718389 1002.8932954799379 1242.5480132472894 1060.1586354873657 1087.64761886018 
1031.0714686255346 984.6257388812774 1028.706834962185 1427.8091573393385 872.3255664556068 7411.171715736091 1255.5657535572877 1144.9374097128157 1546.0032971056116 802.8569756696888 880.9402406287072 1712.7979815680746 1254.7601298717436 521.3784663036909 2132.0871757885984 838.1525336934415 612.7045956801894 1302.2529526944063 4422.680145323497 1274.7226008024918 530.8505404718389 1002.8932954799379 1242.5480132472894 1060.1586354873657 1087.64761886018 
1031.0714686255342 984.6257012823462 1028.706834962185 1427.8091573393385 872.3255664556068 7411.171715736091 1255.5657535572877 1144.9374097128157 1546.0032971056116 802.8569756696888 880.9402406287072 1712.7979815680746 1254.7601298717436 521.3784663036909 2132.0871757885984 838.1525336934415 612.7045956801894 1302.2529526944063 4422.680145323497 1274.7226008024913 530.8505404718389 1002.8932954799379 1242.5480132472894 1060.1586354873657 1087.64761886018 
1031.0714686255342 984.6257011247362 1028.706834962185 1427.8091573393385 872.3255664556068 7411.171715736091 1255.5657535572877 1144.9374097128157 1546.0032971056116 802.8569756696888 880.9402406287072 1712.7979815680746 1254.7601298717436 521.3784663036909 2132.0871757885984 838.1525336934415 612.7045956801894 1302.2529526944063 4422.680145323497 1274.7226008024913 530.8505404718389 1002.8932954799379 1242.5480132472894 1060.1586354873657 1087.64761886018 
1031.0714686255342 984.6257011247362 1028.706834962185 1427.8091573393385 872.3255664556068 7411.171715736091 1255.5657535572877 1144.9374097128157 1546.0032971056116 802.8569756696888 880.9402406287072 1712.7979815680746 1254.7601298717436 521.3784663036909 2132.0871757885984 838.1525336934415 612.7045956801894 1302.2529526944063 4422.680145323497 1274.7226008024913 530.8505404718389 1002.8932954799379 1242.5480132472894 1060.1586354873657 1087.64761886018 
1031.0714686255342 984.6257011247362 1028.706834962185 1427.8091573393385 872.3255664556068 7411.171715736091 1255.5657535572877 1144.9374097128157 1546.0032971056116 802.8569756696888 880.9402406287072 1712.7979815680746 1254.7601298717436 521.3784663036909 2132.0871757885984 838.1525336934415 612.7045956801894 1302.2529526944063 4422.680145323497 1274.722600802491 530.8505404718389 1002.8932954799379 1242.5480132472894 1060.1586354873657 1087.64761886018 
1031.0714686255342 984.6257011247362 1028.706834962185 1427.8091573393385 872.3255664556068 7411.171715736091 1255.5657535572877 1144.9374097128157 1546.0032971056116 802.8569756696888 880.9402406287072 1712.7979815680746 1254.7601298717436 521.3784663036909 2132.0871757885984 838.1525336934415 612.7045956801894 1302.2529526944063 4422.680145323497 1274.722600802491 530.8505404718389 1002.8932954799379 1242.5480132472894 1060.1586354873657 1087.64761886018 
1031.0714686255342 984.6257011247362 1028.706834962185 1427.8091573393385 872.3255664556068 7411.171715736091 1255.5657535572877 1144.9374097128157 1546.0032971056116 802.8569756696888 880.9402406287072 1712.7979815680746 1254.7601298717436 521.3784663036909 2132.0871757885984 838.1525336934415 612.7045956801894 1302.2529526944063 4422.680145323497 1274.722600802491 530.8505404718389 1002.8932954799379 1242.5480132472894 1060.1586354873657 1087.64761886018 
1031.0714686255342 984.6257011247362 1028.706834962185 1427.8091573393385 872.3255664556068 7411.171715736091 1255.5657535572877 1144.9374097128157 1546.0032971056116 802.8569756696888 880.9402406287072 1712.7979815680746 1254.7601298717436 521.3784663036909 2132.0871757885984 838.1525336934415 612.7045956801894 1302.2529526944063 4422.680145323497 1274.722600802491 530.8505404718389 1002.8932954799379 1242.5480132472894 1060.1586354873657 1087.64761886018 
1031.0714686255342 984.6257011247362 1028.706834962185 1427.8091573393385 872.3255664556068 7411.171715736091 1255.5657535572877 1144.9374097128157 1546.0032971056116 802.8569756696888 880.9402406287072 1712.7979815680746 1254.7601298717436 521.3784663036909 2132.0871757885984 838.1525336934415 612.7045956801894 1302.2529526944063 4422.680145323497 1274.722600802491 530.8505404718389 1002.8932954799379 1242.5480132472894 1060.1586354873657 1087.64761886018 
1031.0714686255342 984.6257010159516 1028.706834962185 1427.8091573393385 872.3255664556068 7411.171715736091 1255.5657535572877 1144.9374097128157 1546.0032971056116 802.8569756696888 880.9402406287072 1712.7979815680746 1254.7601298717436 521.3784663036909 2132.0871757885984 838.1525336934415 612.7045956801894 1302.2529526944063 4422.680145323497 1274.722600802491 530.8505404718389 1002.8932954799379 1242.5480132472894 1060.1586354873657 1087.64761886018 
1031.0714686255342 984.625701015877 1028.706834962185 1427.8091573393385 872.3255664556068 7411.171715736091 1255.5657535572877 1144.9374097128157 1546.0032971056116 802.8569756696888 880.9402406287072 1712.7979815680746 1254.7601298717436 521.3784663036909 2132.0871757885984 838.1525336934415 612.7045956801894 1302.2529526944063 4422.680145323497 1274.722600802491 530.8505404718389 1002.8932954799379 1242.5480132472894 1060.1586354873657 1087.64761886018 
1031.0714686255342 984.6257010157542 1028.706834962185 1427.8091573393385 872.3255664556068 7411.171715736091 1255.5657535572877 1144.9374097128157 1546.0032971056116 802.8569756696888 880.9402406287072 1712.7979815680746 1254.7601298717436 521.3784663036909 2132.0871757885984 838.1525336934415 612.7045956801894 1302.2529526944063 4422.680145323497 1274.722600802491 530.8505404718389 1002.8932954799379 1242.5480132472894 1060.1586354873657 1087.64761886018 
1031.0714686255342 984.625701015686 1028.706834962185 1427.8091573393385 872.3255664556068 7411.171715736087 1255.5657535572877 1144.9374097128157 1546.0032971056116 802.8569756696888 880.9402406287072 1712.7979815680746 1254.7601298717436 521.3784663036909 2132.0871757885984 838.1525336934415 612.7045956801894 1302.2529526944063 4422.680145323497 1274.722600802491 530.8505404718389 1002.8932954799379 1242.5480132472894 1060.1586354873657 1087.64761886018 
1031.0714686255342 984.625701015686 1028.706834962185 1427.8091573393385 872.3255664556068 7411.171715736087 1255.5657535572877 1144.9374097128157 1546.0032971056116 802.8569756696888 880.9402406287072 1712.7979815680746 1254.7601298717436 521.3784663036909 2132.0871757885984 838.1525336934415 612.7045956801894 1302.2529526944063 4422.680145323497 1274.722600802491 530.8505404718389 1002.8932954799379 1242.5480132472894 1060.1586354873657 1087.64761886018 
1031.0714686255342 984.625701015686 1028.706834962185 1427.8091573393385 872.3255664556068 7411.171715736087 1255.5657535572877 1144.9374097128157 1546.0032971056116 802.8569756696888 880.9402406287072 1712.7979815680746 1254.7601298717436 521.3784663036909 2132.0871757885984 838.1525336934415 612.7045956801894 1302.2529526944063 4422.680145323497 1274.722600802491 530.8505404718389 1002.8932954799379 1242.5480132472894 1060.1586354873657 1087.64761886018 
1031.0714686255342 984.625701015686 1028.706834962185 1427.8091573393385 872.3255664556068 7411.171715736087 1255.5657535572877 1144.9374097128157 1546.0032971056116 802.8569756696888 880.9402406287072 1712.7979815680746 1254.7601298717436 521.3784663036909 2132.0871757885984 838.1525336934415 612.7045956801894 1302.2529526944063 4422.680145323497 1274.722600802491 530.8505404718389 1002.8932954799379 1242.5480132472894 1060.1586354873657 1087.64761886018 
1031.0714686255342 984.625701015686 1028.706834962185 1427.8091573393385 872.3255664556068 7411.171715736087 1255.5657535572877 1144.9374097128157 1546.0032971056116 802.8569756696888 880.9402406287072 1712.7979815680746 1254.7601298717436 521.3784663036909 2132.0871757885984 838.1525336934415 612.7045956801894 1302.2529526944063 4422.680145323497 1274.722600802491 530.8505404718389 1002.8932954799379 1242.5480132472894 1060.1586354873657 1087.64761886018 
1031.0714686255342 984.625701015686 1028.706834962185 1427.8091573393385 872.3255664556068 7411.171715736087 1255.5657535572877 1144.9374097128157 1546.0032971056116 802.8569756696888 880.9402406287072 1712.7979815680746 1254.7601298717436 521.3784663036909 2132.0871757885984 838.1525336934415 612.7045956801894 1302.2529526944063 4422.680145323497 1274.722600802491 530.8505404718389 1002.8932954799379 1242.5480132472894 1060.1586354873657 1087.64761886018 
1031.0714686255342 984.625701015686 1028.706834962185 1427.8091573393385 872.3255664556068 7411.171715736087 1255.5657535572877 1144.9374097128157 1546.0032971056116 802.8569756696888 880.9402406287072 1712.7979815680746 1254.7601298717436 521.3784663036909 2132.0871757885984 838.1525336934415 612.7045956801894 1302.2529526944063 4422.680145323497 1274.722600802491 530.8505404718389 1002.8932954799379 1242.5480132472894 1060.1586354873657 1087.64761886018 
1031.0714686255342 984.625701015686 1028.706834962185 1427.8091573393385 872.3255664556068 7411.171715736087 1255.5657535572877 1144.9374097128157 1546.0032971056116 802.8569756696888 880.9402406287072 1712.7979815680746 1254.7601298717436 521.3784663036909 2132.0871757885984 838.1525336934415 612.7045956801894 1302.2529526944063 4422.680145323497 1274.722600802491 530.8505404718389 1002.8932954799379 1242.5480132472894 1060.1586354873657 1087.64761886018 
1031.0714686255342 984.625701015686 1028.706834962185 1427.8091573393385 872.3255664556068 7411.171715736087 1255.5657535572877 1144.9374097128157 1546.0032971056116 802.8569756696888 880.9402406287072 1712.7979815680746 1254.7601298717436 521.3784663036909 2132.0871757885984 838.1525336934415 612.7045956801894 1302.2529526944063 4422.680145323497 1274.722600802491 530.8505404718389 1002.8932954799379 1242.5480132472894 1060.1586354873657 1087.64761886018 
1031.0714686255342 984.625701015686 1028.706834962185 1427.8091573393385 872.3255664556068 7411.171715736087 1255.5657535572877 1144.9374097128157 1546.0032971056116 802.8569756696888 880.9402406287072 1712.7979815680746 1254.7601298717436 521.3784663036909 2132.0871324919494 838.1525336934415 612.7045956801894 1302.2529526944063 4422.680145323497 1274.722600802491 530.8505404718389 1002.8932954799379 1242.5480132472894 1060.1586354873657 1087.64761886018 
1031.0714686255342 984.625701015686 1028.706834962185 1427.8091573393385 872.3255664556068 7411.171715736087 1255.5657535572877 1144.9374097128157 1546.0032971056116 802.8569756696888 880.9402406287072 1712.7979815680746 1254.7601298717436 521.3784663036909 2132.087131959121 838.1525336934415 612.7045956801894 1302.2529526944063 4422.680145323497 1274.722600802491 530.8505404718389 1002.8932954799379 1242.5480132472894 1060.1586354873657 1087.64761886018 
1031.0714686255342 984.625701015686 1028.706834962185 1427.8091573393385 872.3255664556068 7411.171715736087 1255.5657535572877 1144.9374097128157 1543.796361984067 802.8569756696888 880.9402406287072 1712.7979815680746 1254.7601298717436 521.3784663036909 2132.087131959121 838.1525336934415 612.7045956801894 1302.2529526944063 4422.680145323497 1274.722600802491 530.8505404718389 1002.8932954799379 1242.5480132472894 1060.1586354873657 1087.64761886018 
1031.0714686255342 984.625701015686 1028.706834962185 1427.8091573393385 872.3255664556068 7411.171715736087 1255.5657535572877 1144.9374097128157 1543.796361984067 802.8569756696888 880.9402406287072 1712.7979815680746 1254.7601298717436 521.3784663036909 2132.087131959121 838.1525336934415 612.7045956801894 1302.2529526944063 4422.680145323497 1274.722600802491 530.8505404718389 1002.8932954799379 1242.5480132472894 1060.1586354873657 1087.64761886018 
1031.0714686255342 984.625701015686 1028.706834962185 1427.8091573393385 872.3255664556068 7411.171715736087 1255.5657535572877 1144.9374097128157 1543.7495472592163 802.8569756696888 880.9402406287072 1712.7979815680746 1254.7601298717436 521.3784663036909 2132.087131532137 838.1525336934415 612.7045956801894 1302.2529526944063 4422.680145323497 1274.722600802491 530.8505404718389 1002.8932954799379 1242.5480132472894 1060.1586354873657 1087.64761886018 
1031.0714686255342 984.625701015686 1028.706834962185 1427.8091573393385 872.3255664556068 7411.171715736087 1255.5657535572877 1144.9374097128157 1543.74767539785 802.8569756696888 880.9402406287072 1712.7979815680746 1254.7601298717436 521.3784663036909 2132.087131532137 835.0546233506648 612.7045956801894 1302.2529526944063 4422.680145323497 1274.722600802491 530.8505404718389 1002.8932954799379 1242.5480132472894 1060.1586354873657 1087.64761886018 
1031.0714686255342 984.625701015686 1028.706834962185 1427.8091573393385 872.3255664556068 7411.171715736087 1255.5657535572877 1144.9374097128157 1543.746859888999 802.8569756696888 880.9402406287072 1712.7979815680746 1254.7601298717436 521.3784663036909 2132.087131532137 834.896319696205 612.7045956801894 1302.2529526944063 4422.680145323497 1274.722600802491 530.8505404718389 1002.8932954799379 1242.5480132472894 1060.1586354873657 1087.64761886018 
1031.0714686255342 984.625701015686 1028.706834962185 1427.8091573393385 872.3255664556068 7411.171715736087 1255.5657535572877 1144.9374097128157 1543.7468010985635 802.8569756696888 880.9402406287072 1712.7979815680746 1254.7601298717436 521.3784663036909 2132.0871315285804 834.8866304886769 612.7045956801894 1302.2529526944063 4422.680145323497 1274.722600802491 530.8505404718389 1002.8932954799379 1242.5480132472894 1060.1586354873657 1087.64761886018 
1031.0714686255342 984.625701015686 1028.706834962185 1427.8091573393385 872.3255664556068 7411.171715736087 1255.5657535572877 1144.9374097128157 1543.7453684945176 802.8569756696888 880.9402406287072 1712.7979815680746 1254.7601298717436 521.3784663036909 2132.0871315285663 834.8795854404234 612.7045956801894 1302.2529526944063 4422.680145323497 1274.722600802491 530.8505404718389 1002.8932954799379 1242.5480132472894 1060.1586354873657 1087.64761886018 
998.4378383291478 984.625701015686 1028.706834962185 1427.8091573393385 872.3255664556068 7411.171715736087 1255.5657535572877 1144.9374097128157 1543.7426006110145 802.8569756696888 880.9402406287072 1712.7979815680746 1254.7601298717436 521.3784663036909 2132.0871315285362 834.8785990220208 612.7045956801894 1302.2529526944063 4422.680145323497 1274.722600802491 530.8505404718389 1002.8932954799379 1242.5480132472894 1060.1586354873657 1087.64761886018 
995.7386320842834 984.625701015686 1028.706834962185 1427.8091573393385 872.3255664556068 7411.171715736087 1255.5657535572877 1144.9374097128157 1543.7426006110145 802.8569756696888 880.9402406287072 1712.7979815680746 1254.7601298717436 521.3784663036909 2132.0871315285194 834.8785990220208 612.7045956801894 1302.2529526944063 4422.680145323497 1274.722600802491 530.8505404718389 1002.8932954799379 1242.5480132472894 1060.1586354873657 1087.64761886018 
995.3529350143372 984.625701015686 1028.706834962185 1427.8091573393385 872.3255664556068 7411.171715736087 1255.5657535572877 1144.9374097128157 1543.7403051450883 802.8569756696888 880.9402406287072 1712.7979815680746 1254.7601298717436 521.3784663036909 2132.0871315285194 834.8782283066967 612.7045956801894 1302.2529526944063 4422.680145323497 1274.722600802491 530.8505404718389 1002.8932954799379 1242.5480132472894 1060.1586354873657 1087.64761886018 
995.3529350143372 984.625701015686 1028.706834962185 1427.8091573393385 872.3255664556068 7411.171715736087 1255.5657535572877 1144.9374097128157 1543.7395827727269 802.8569756696888 880.9402406287072 1712.7979815680746 1254.7601298717436 521.3784663036909 2132.087131528512 834.8782074243923 612.7045956801894 1302.2529526944063 4422.680145323497 1274.722600802491 530.8505404718389 1002.8932954799379 1242.5480132472894 1060.1586354873657 1087.64761886018 
995.3345537599425 984.6257010156855 1028.706834962185 1427.8091573393385 872.3255664556068 7411.171715736087 1255.5657535572877 1144.9374097128157 1543.7393761621606 802.8569756696888 880.9402406287072 1712.7979815680746 1254.7601298717436 521.3784663036909 2132.0871315285117 834.8781975112743 612.7045956801894 1302.2529526944063 4422.680145323497 1274.722600802491 530.8505404718389 1002.8932954799379 1242.5480132472894 1060.1586354873657 1087.64761886018 
995.3345537599425 984.6257010156855 1028.706834962185 1427.8091573393385 872.3255664556068 7411.171715736087 1255.5657535572877 1144.9374097128157 1543.7391776963423 802.8569756696888 880.9402406287072 1712.7979815680746 1254.7601298717436 521.3784663036909 2132.0871315285117 834.8781917040642 612.7045956801894 1302.2529526944063 4422.680145323497 1274.722600802491 530.8505404718389 1002.8932954799379 1242.5480132472894 1060.1586354873657 1087.64761886018 
995.3344773987374 984.6257010156855 1028.706834962185 1427.8091573393385 872.3255664556068 7411.171715736087 1255.5657535572877 1144.9374097128157 1543.7391774255725 802.8569756696888 880.9402406287072 1712.7979815680746 1254.7601298717436 521.3784663036909 2132.0871315285112 834.8781864338725 612.7045956801894 1302.2529526944063 4422.680145323497 1274.722600802491 530.8505404718389 1002.8932954799379 1242.5480132472894 1060.1586354873657 1087.64761886018 
995.3305858896938 984.6257010156855 1028.706834962185 1427.8091573393385 872.3255664556068 7411.171715736087 1255.5657535572877 1144.9374097128157 1543.739176680816 802.8569756696888 880.9402406287072 1712.7979815680746 1254.7601298717436 521.3784663036909 2132.0871315285112 834.8781860041058 612.7045956801894 1302.2529526944063 4422.680145323497 1274.722600802491 530.8505404718389 1002.8932954799379 1242.5480132472894 1060.1586354873657 1087.64761886018 
995.3305858896938 984.6257010156855 1028.706834962185 1427.8091573393385 872.3255664556068 7411.171715736087 1255.5657535572877 1144.9374097128157 1543.7391572896122 802.8569756696888 880.9402406287072 1712.7979815680746 1254.7601298717436 521.3784663036909 2132.0871315285112 834.8781859722039 612.7045956801894 1302.2529526944063 4422.680145323497 1274.722600802491 530.8505404718389 1002.8932954799379 1242.5480132472894 1060.1586354873657 1087.64761886018 
995.3299864389851 984.6257010156855 1028.706834962185 1427.8091573393385 872.3255664556068 7411.171715736087 1255.5657535572877 1144.9374097128157 1543.1266822364296 802.8569756696888 880.9402406287072 1712.7979815680746 1254.7601298717436 521.3784663036909 2132.0871315285112 834.8781853821497 612.7045956801894 1302.2529526944063 4422.680145323497 1274.722600802491 530.8505404718389 1002.8932954799379 1242.5480132472894 1060.1586354873657 1087.64761886018 
995.3295052801354 984.6257010156855 1028.706834962185 1427.8091573393385 872.3255664556068 7411.171715736087 1255.5657535572877 1144.9374097128157 1543.1200259816278 802.8569756696888 880.9402406287072 1712.7979815680746 1254.7601298717436 521.3784663036909 2132.0871315285112 834.8781850487462 612.7045956801894 1302.2529526944063 4422.680145323497 1274.722600802491 530.8505404718389 1002.8932954799379 1242.5480132472894 1060.1586354873657 1087.64761886018 
995.3295052801354 984.6257010156855 1028.706834962185 1427.8091573393385 872.3255664556068 7411.171715736087 1255.5657535572877 1144.9374097128157 1543.111886644163 802.8569756696888 880.9402406287072 1712.7979815680746 1254.7601298717436 521.3784663036909 2132.0871315285112 834.8781849694906 612.7045956801894 1302.2529526944063 4422.680145323497 1274.722600802491 530.8505404718389 1002.8932954799379 1242.5480132472894 1060.1586354873657 1087.64761886018 
995.3292845251935 984.6257010156855 1028.706834962185 1427.8091573393385 872.3255664556068 7411.171715736087 1255.5657535572877 1144.9374097128157 1543.1098146751688 802.8569756696888 880.9402406287072 1712.7979815680746 1254.7601298717436 521.3784663036909 2132.0871315285112 834.8781849444508 612.7045956801894 1302.2529526944063 4422.680145323497 1274.722600802491 530.8505404718389 1002.8932954799379 1242.5480132472894 1060.1586354873657 1087.64761886018 
995.3290689656815 984.6257010156855 1028.706834962185 1427.8091573393385 872.3255664556068 7411.171715736087 1255.5657535572877 1144.9374097128157 1543.1065597752618 802.8569756696888 880.9402406287072 1712.7979815680746 1254.7601298717436 521.3784663036909 2132.0871315285112 834.8781849428965 612.7045956801894 1302.2529526944063 4422.680145323497 1274.722600802491 530.8505404718389 1002.8932954799379 1242.5480132472894 1060.1586354873657 1087.64761886018 
995.3290689656815 984.6257010156855 1028.706834962185 1427.8091573393385 872.3255664556068 7411.171715736087 1255.5657535572877 1144.9374097128157 1543.1065597752618 802.8569756696888 880.9402406287072 1712.7979815680746 1254.7601298717436 521.3784663036909 2132.0871315285112 834.8781849040647 612.7045956801894 1302.2529526944063 4422.680145323497 1274.722600802491 530.8505404718389 1002.8932954799379 1242.5480132472894 1060.1586354873657 1087.64761886018 
995.3290689656815 984.6257010156855 1028.706834962185 1427.8091573393385 872.3255664556068 7411.171715736087 1255.5657535572877 1144.9374097128157 1543.1065555434634 802.8569756696888 880.9402406287072 1712.7979815680746 1254.7601298717436 521.3784663036909 2132.0871315285112 834.8781848853132 612.7045956801894 1302.2529526944063 4422.680145323497 1274.722600802491 530.8505404718389 1002.8932954799379 1242.5480132472894 1060.1586354873657 1087.64761886018 
995.3290689656815 984.6257010156855 1028.706834962185 1427.8091573393385 872.3255664556068 7411.171715736087 1255.5657535572877 1144.9374097128157 1543.106552394383 802.8569756696888 880.9402406287072 1712.7979815680746 1254.7601298717436 521.3784663036909 2132.0871315285112 834.878184810238 612.7045956801894 1302.2529526944063 4422.680145323497 1274.722600802491 530.8505404718389 1002.8932954799379 1242.5480132472894 1060.1586354873657 1087.64761886018 
995.3290689656815 984.6257010156855 1028.706834962185 1427.8091573393385 872.3255664556068 7411.171715736087 1255.5657535572877 1144.9374097128157 1543.106552394383 802.8569756696888 880.9402406287072 1712.7979815680746 1254.7601298717436 521.3784663036909 2132.0871315285112 834.8781847989521 612.7045956801894 1302.2529526944063 4422.680145323497 1274.722600802491 530.8505404718389 1002.8932954799379 1242.5480132472894 1060.1586354873657 1087.64761886018 
995.3290689656815 984.6257010156855 1028.706834962185 1427.8091573393385 872.3255664556068 7411.171715736087 1255.5657535572877 1144.9374097128157 1543.106552394383 802.8569756696888 880.9402406287072 1712.7979815680746 1254.7601298717436 521.3784663036909 2132.0871315285112 834.8781847988298 612.7045956801894 1302.2529526944063 4422.680145323497 1274.722600802491 530.8505404718389 1002.8932954799379 1242.5480132472894 1060.1586354873657 1087.64761886018 
995.3290689656815 984.6257010156855 1028.706834962185 1427.8091573393385 872.3255664556068 7411.171715736087 1255.5657535572877 1144.9374097128157 1543.106552394383 802.8569756696888 880.9402406287072 1712.7979815680746 1254.7601298717436 521.3784663036909 2132.0871315285112 834.8781847977089 612.7045956801894 1302.2529526944063 4422.680145323497 1274.722600802491 530.8505404718389 1002.8932954799379 1242.5480132472894 1060.1586354873657 1087.64761886018 
995.3290689537462 984.6257010156855 1028.706834962185 1427.8091573393385 872.3255664556068 7411.171715736087 1255.5657535572877 1144.9374097128157 1543.106552394383 802.8569756696888 880.9402406287072 1712.7979815680746 1254.7601298717436 521.3781460252658 2132.0871315285112 834.8781847977089 612.7045956801894 1302.2529526944063 4422.680145323497 1274.722600802491 530.8505404718389 1002.8932954799379 1242.5480132472894 1060.1586354873657 1087.64761886018 
995.3290689537462 984.6257010156855 1028.706834962185 1427.8091573393385 872.3255664556068 7411.171715736087 1255.5657535572877 1144.9374097128157 1543.106552394383 802.8569756696888 880.9402406287072 1712.7979815680746 1254.7601298717436 521.3779620190271 2132.0871315285112 834.8781847977084 612.7045956801894 1302.2529526944063 4422.680145323497 1274.722600802491 530.8505404718389 1002.8932954799379 1242.5480132472894 1060.1586354873657 1087.64761886018 
995.3290598582389 984.6257010156855 1028.706834962185 1427.8091573393385 872.3255664556068 7411.171715736087 1255.5657535572877 1144.9374097128157 1543.1065523943826 802.8569756696888 880.9402406287072 1712.7979815680746 1254.7601298717436 521.3779552635397 2132.0871315285112 834.8781847977084 612.7045956801894 1302.2529526944063 4422.680145323497 1274.722600802491 530.8505404718389 1002.8932954799379 1242.5480132472894 1060.1586354873657 1087.64761886018 
995.3290598582389 984.6257010156855 1028.706834962185 1427.8091573393385 872.3255664556068 7411.171715736087 1255.5657535572877 1144.9374097128157 1543.1065523927346 802.8569756696888 880.9402406287072 1712.7979815680746 1254.7601298717436 521.3779538073995 2132.0871315285112 834.8781847975142 612.7045956801894 1302.2529526944063 4422.680145323497 1274.722600802491 530.8505404718389 1002.8932954799379 1242.5480132472894 1060.1586354873657 1087.64761886018 
995.3290598582389 984.6257010156855 1028.706834962185 1427.8091573393385 872.3255664556068 7411.171715736087 1255.5657535572877 1144.9374097128157 1543.1065523924844 802.8569756696888 880.9402406287072 1712.7979815680746 1254.7601298717436 521.3779536327957 2132.0871315285112 834.8781847975142 612.7045956801894 1302.2529526944063 4422.680145323497 1274.722600802491 530.8505404718389 1002.8932954799379 1242.5480132472894 1060.1586354873657 1087.64761886018 
995.3290598582389 984.6257010156855 1028.706834962185 1427.8091573393385 872.3255664556068 7411.171715736087 1255.5657535572877 1144.9374097128157 1543.10655239248 802.8569756696888 880.9402406287072 1712.7979815680746 1254.7601298717436 521.377953401332 2132.0871315285112 834.8781847975142 612.7045956801894 1302.2529526944063 4422.680145323497 1274.722600802491 530.8505404718389 1002.8932954799379 1242.5480132472894 1060.1586354873657 1087.64761886018 
995.3290598582389 984.6257010156855 1028.706834962185 1427.8091573393385 872.3255664556068 7411.171715736087 1255.5657535572877 1144.9374097128157 1543.10655239248 802.8569756696888 880.9402406287072 1712.7979815680746 1254.7601298717436 521.3779533612878 2132.0871315285112 834.8781847975142 612.7045956801894 1302.2529526944063 4422.680145323497 1274.722600802491 530.8505404718389 1002.8932954799379 1242.5480132472894 1060.1586354873657 1087.64761886018 
995.3290334571011 984.6257010156855 1028.706834962185 1427.8091573393385 872.3255664556068 7411.171715736087 1255.5657535572877 1144.9374097128157 1543.106552392479 802.8569756696888 880.9402406287072 1712.7979815680746 1254.7601298717436 521.3779533536053 2132.0871315285112 834.8781847975142 612.7045956801894 1302.2529526944063 4422.680145323497 1274.722600802491 530.8505404718389 1002.8932954799379 1242.5480132472894 1060.1586354873657 1087.64761886018 
995.3290334571011 984.6257010156855 1028.706834962185 1427.8091573393385 872.3255664556068 7411.171715736087 1255.5657535572877 1144.9374097128157 1543.106552392478 802.8569756696888 880.9402406287072 1712.7979815680746 1254.7601298717436 521.3779533536053 2132.0871315285112 834.8781847975138 612.7045956801894 1302.2529526944063 4422.680145323497 1274.722600802491 530.8505404718389 1002.8932954799379 1242.5480132472894 1060.1586354873657 1087.64761886018 
995.3290334571011 984.6257010156855 1028.706834962185 1427.8091573393385 872.3255664556068 7411.171715736087 1255.5657535572877 1144.9374097128157 1543.1065523924776 802.8569756696888 880.9402406287072 1712.7979815680746 1254.7601298717436 521.377953353584 2132.0871315285112 834.8781847975138 612.7045956801894 1302.2529526944063 4422.680145323497 1274.722600802491 530.8505404718389 1002.8932954799379 1242.5480132472894 1060.1586354873657 1087.64761886018 
995.3290334571011 984.6257010156855 1028.706834962185 1427.8091573393385 872.3255664556068 7411.171715736087 1255.5657535572877 1144.9374097128157 1543.1065523924776 802.8569756696888 880.9402406287072 1712.7979815680746 1254.7601298717436 521.3779533535758 2132.0871315285112 834.8781847975138 612.7045956801894 1302.2529526944063 4422.680145323497 1274.722600802491 530.8505404718389 1002.8932954799379 1242.5480132472894 1060.1586354873657 1087.64761886018 
995.3290334571011 984.6257010156855 1028.706834962185 1427.8091573393385 872.3255664556068 7411.171715736087 1255.5657535572877 1144.9374097128157 1543.1065523924776 802.8569756696888 880.9402406287072 1712.7979815680746 1254.7601298717436 521.3779533535753 2132.0871315285112 834.8781847975138 612.7045956801894 1302.2529526944063 4422.680145323497 1274.722600802491 530.8505404718389 1002.8932954799379 1242.5480132472894 1060.1586354873657 1087.64761886018 
995.3290334571011 984.6257010156855 1028.706834962185 1418.502820186029 872.3255664556068 7411.171715736087 1255.5657535572877 1144.9374097128157 1543.1065523924772 802.8569756696888 880.9402406287072 1712.7979815680746 1254.7601298717436 521.3779533535712 2132.0871315285112 834.8781847975138 612.7045956801894 1302.2529526944063 4422.680145323497 1274.722600802491 530.8505404718389 1002.8932954799379 1242.5480132472894 1060.1586354873657 1087.64761886018 
995.3290334571011 984.6257010156855 1028.706834962185 1418.4964917069742 872.3255664556068 7411.171715736087 1255.5657535572877 1144.9374097128157 1543.1065523924772 802.8569756696888 880.9402406287072 1712.7979815680746 1254.7601298717436 521.3779533535699 2132.0871315285112 834.8781847975138 612.7045956801894 1302.2529526944063 4422.680145323497 1274.722600802491 530.8505404718389 1002.8932954799379 1242.5480132472894 1060.1586354873657 1087.64761886018 
995.3290334571011 984.6257010156855 1028.706834962185 1418.4958847558746 872.3255664556068 7411.171715736087 1255.5657535572877 1144.9374097128157 1543.1065523924772 802.8569756696888 880.9402406287072 1712.7979815680746 1254.7601298717436 521.3779533535699 2132.0871315285112 834.8781847975138 612.7045956801894 1302.2529526944063 4422.680145323497 1274.722600802491 530.8505404718389 1002.8932954799379 1242.5480132472894 1060.1586354873657 1087.64761886018 
995.3290334571011 984.6257010156855 1028.706834962185 1418.4943420729364 872.3255664556068 7411.171715736087 1255.5657535572877 1144.9374097128157 1543.1065523924772 802.8569756696888 880.9402406287072 1712.7979815680746 1254.7601298717436 521.3779533535699 2132.0871315285112 834.8781847975138 612.7045956801894 1302.2529526944063 4422.680145323497 1274.722600802491 530.8505404718389 1002.8932954799379 1242.5480132472894 1060.1586354873657 1087.64761886018 
995.3290334571011 984.6257010156855 1028.706834962185 1418.4940956039936 872.3255664556068 7411.171715736087 1255.5657535572877 1144.9374097128157 1543.1065523924772 802.8569756696888 880.9402406287072 1712.7979815680746 1254.7601298717436 521.377953353568 2132.0871315285112 834.8781847975138 612.7045956801894 1302.2529526944063 4422.680145323497 1274.722600802491 530.8505404718389 1002.8932954799379 1242.5480132472894 1060.1586354873657 1087.64761886018 
995.3290334571006 984.6257010156855 1028.706834962185 1418.4940191764777 872.3255664556068 7411.171715736087 1255.5657535572877 1144.9374097128157 1542.5982306042984 802.8569756696888 880.9402406287072 1712.7979815680746 1254.7601298717436 521.3779533535671 2132.0871315285112 834.8781847975138 612.7045956801894 1302.2529526944063 4422.680145323497 1274.722600802491 530.8505404718389 1002.8932954799379 1242.5480132472894 1060.1586354873657 1087.64761886018 
995.3290334571006 984.6257010156855 1028.706834962185 1418.4940012485272 872.3255664556068 7411.171715736087 1255.5657535572877 1144.9374097128157 1542.1878153961347 802.8569756696888 880.9402406287072 1712.7979815680746 1254.7601298717436 521.3779533535671 2132.0871315285112 834.8781847975138 612.7045956801894 1302.2529526944063 4422.680145323497 1274.722600802491 530.8505404718389 1002.8932954799379 1242.5480132472894 1060.1586354873657 1087.64761886018 
995.3290334571006 984.6257010156855 1028.706834962185 1418.4939912475847 872.3255664556068 7411.171715736087 1255.5657535572877 1144.9374097128157 1542.1356786394172 802.8569756696888 880.9402406287072 1712.7979815680746 1254.7601298717436 521.3779533535671 2132.0871315285112 834.8781847975138 612.7045956801894 1302.2529526944063 4422.680145323497 1274.722600802491 530.8505404718389 1002.8932954799379 1242.5480132472894 1060.1586354873657 1087.64761886018 
995.3290334571006 984.6257010156855 1028.706834962185 1418.4939912092095 872.3255664556068 7411.171715736087 1255.5657535572877 1144.9374097128157 1542.1356786394172 802.8569756696888 880.9402406287072 1712.7979815680746 1254.7601298717436 521.3779533535671 2132.0871315285112 834.8781847975138 612.7045956801894 1302.2529526944063 4422.680145323497 1274.722600802491 530.8505404718389 1002.8932954799379 1242.5480132472894 1060.1586354873657 1087.64761886018 
995.3290334571006 984.6257010156855 1028.706834962185 1418.4939911617498 872.3255664556068 7411.171715736087 1255.5657535572877 1144.9374097128157 1542.1205186315024 802.8569756696888 880.9402406287072 1712.7979815680746 1254.7601298717436 521.3779533535671 2132.0871315285112 834.8781847975138 612.7045956801894 1302.2529526944063 4422.680145323497 1274.722600802491 530.8505404718389 1002.8932954799379 1242.5480132472894 1060.1586354873657 1087.64761886018 
995.3290011917761 984.6257010156855 1028.706834962185 1418.4939911617498 872.3255664556068 7411.171715736087 1255.5657535572877 1144.9374097128157 1542.1205186315024 802.8569756696888 880.9402406287072 1712.7979815680746 1254.7601298717436 521.3779533535671 2132.0871315285112 834.8781847975138 612.7045956801894 1302.2529526944063 4422.680145323497 1274.722600802491 530.8505404718389 1002.8932954799379 1242.5480132472894 1060.1586354873657 1087.64761886018 
995.3290011917761 984.6257010156855 1028.706834962185 1418.4939911587317 872.3255664556068 7411.171715736087 1255.5657535572877 1144.9374097128157 1542.1205152003467 802.8569756696888 880.9402406287072 1712.7979815680746 1254.7601298717436 521.3779533535671 2132.0871315285112 834.8781847975138 612.7045956801894 1302.2529526944063 4422.680145323497 1274.722600802491 530.8505404718389 1002.8932954799379 1242.5480132472894 1060.1586354873657 1087.64761886018 
995.3290011917761 984.6257010156855 1028.706834962185 1418.4939911504007 872.3255664556068 7411.171715736087 1255.5657535572877 1144.9374097128157 1542.1205152003467 802.8569756696888 880.9402406287072 1712.7979815680746 1254.7601298717436 521.3779533535671 2132.0871315285112 834.8781847975138 612.7045956801894 1302.2529526944063 4422.680145323497 1274.722600802491 530.8505404718389 1002.8932954799379 1242.5480132472894 1060.1586354873657 1087.64761886018 
995.3290011917761 984.6257010156855 1028.706834962185 1418.4939911501392 872.3255664556068 7411.171715736087 1255.5657535572877 1144.9374097128157 1542.1205152001512 802.8569756696888 880.9402406287072 1712.7979815680746 1254.7601298717436 521.3779533535671 2132.0871315285112 834.8781847975138 612.7045956801894 1302.2529526944063 4422.680145323497 1274.722600802491 530.8505404718389 1002.8932954799379 1242.5480132472894 1060.1586354873657 1087.64761886018 
995.3290011917761 984.6257010156855 1028.706834962185 1418.4939911501392 872.3255664556068 7411.171715736087 1255.5657535572877 1144.9374097128157 1542.1205152001512 802.8569756696888 880.9402406287072 1712.7979815680746 1254.7601298717436 521.3779533535671 2132.0871315285112 834.8781847975138 612.7045956801894 1302.2529526944063 4422.680145323497 1274.722600802491 530.8505404718389 1002.8932954799379 1242.5480132472894 1060.1586354873657 1087.64761886018 
995.3290011917743 984.6257010156855 1028.706834962185 1418.4939911501392 872.3255664556068 7411.171715736087 1255.5657535572877 1144.9374097128157 1542.120515199089 802.8569756696888 880.9402406287072 1712.7979815680746 1254.7601298717436 521.3779533535671 2132.0871315285112 834.8781847975138 612.7045956801894 1302.2529526944063 4422.680145323497 1274.722600802491 530.8505404718389 1002.8932954799379 1242.5480132472894 1060.1586354873657 1087.64761886018 
995.3290011917743 984.6257010156855 1028.706834962185 1418.4939911498723 872.3255664556068 7411.171715736087 1255.5657535572877 1144.9374097128157 1542.1205151990275 802.8569756696888 880.9402406287072 1712.7979815680746 1254.7601298717436 521.3779533535671 2132.0871315285112 834.8781847975138 612.7045956801894 1302.2529526944063 4422.680145323497 1274.722600802491 530.8505404718389 1002.8932954799379 1242.5480132472894 1060.1586354873657 1087.64761886018 
995.3290011917743 984.6257010156855 1028.706834962185 1418.4939911498723 872.3255664556068 7411.171715736087 1255.5657535572877 1144.9374097128157 1542.120515199027 802.8569756696888 880.9402406287072 1712.7979815680746 1254.7601298717436 521.3779533535671 2132.0871315285112 834.8781847975138 612.7045956801894 1302.2529526944063 4422.680145323497 1274.722600802491 530.8505404718389 1002.8932954799379 1242.5480132472894 1060.1586354873657 1087.64761886018 
995.3290011917743 984.6257010156855 1028.706834962185 1418.4939911498686 872.3255664556068 7411.171715736087 1255.5657535572877 1144.9374097128157 1542.120515199027 802.8569756696888 880.9402406287072 1712.7979815680746 1254.7601298717436 521.3779533535671 2132.0871315285112 834.8781847975138 612.7045956801894 1302.2529526944063 4422.680145323497 1274.722600802491 530.8505404718389 1002.8932954799379 1242.5480132472894 1060.1586354873657 1087.64761886018 
995.3290011917743 984.6257010156855 1028.706834962185 1418.4939911498677 872.3255664556068 7411.171715736087 1255.5657535572877 1144.9374097128157 1542.120515199027 802.8569756696888 880.9402406287072 1712.7979815680746 1254.7601298717436 521.3779533535671 2132.0871315285112 834.8781847975138 612.7045956801894 1302.2529526944063 4422.680145323497 1274.722600802491 530.8505404718389 1002.8932954799379 1242.5480132472894 1060.1586354873657 1087.64761886018 
995.3290011917743 984.6257010156855 1028.706834962185 1418.4939911498677 872.3255664556068 7411.171715736087 1255.5657535572877 1144.9374097128157 1542.120515199027 802.8569756696888 880.9402406287072 1712.7979815680746 1254.7601298717436 521.3779533535671 2132.0871315285112 834.8781847975138 612.7045956801894 1302.2529526944063 4422.680145323497 1274.722600802491 530.8505404718389 1002.8932954799379 1242.5480132472894 1060.1586354873657 1087.64761886018 
995.3290011917743 984.6257010156855 1028.706834962185 1418.4939911498673 872.3255664556068 7411.171715736087 1255.5657535572877 1144.9374097128157 1542.120515199027 802.8569756696888 880.9402406287072 1712.7979815680746 1254.7601298717436 521.3779533535671 2132.0871315285112 834.8781847975138 612.7045956801894 1302.2529526944063 4422.680145323497 1274.722600802491 530.8505404718389 1002.8932954799379 1242.5480132472894 1060.1586354873657 1087.64761886018 
995.3290011917743 984.6257010156855 1028.706834962185 1418.4939911498668 872.3255664556068 7411.171715736087 1255.5657535572877 1144.9374097128157 1542.120515199027 802.8569756696888 880.9402406287072 1712.7979815680746 1254.7601298717436 521.3779533535671 2132.0871315285112 834.8781847975138 612.7045956801894 1302.2529526944063 4422.680145323497 1274.722600802491 530.8505404718389 1002.8932954799379 1242.5480132472894 1060.1586354873657 1087.64761886018 
995.3290011917743 984.6257010156855 1028.706834962185 1418.4939911498668 872.3255664556068 7411.171715736087 1255.5657535572877 1144.9374097128157 1542.120515199027 802.8569756696888 880.9402406287072 1712.7979815680746 1254.7601298717436 521.3779533535671 2132.0871315285112 834.8781847975138 612.7045956801894 1302.2529526944063 4422.680145323497 1274.722600802491 530.8505404718389 1002.8932954799379 1242.5480132472894 1060.1586354873657 1087.64761886018 
995.3290011917743 984.6257010156855 1028.706834962185 1418.493991149866 872.3255664556068 7411.171715736087 1255.5657535572877 1144.9374097128157 1542.120515199027 802.8569756696888 880.9402406287072 1712.7979815680746 1254.7601298717436 521.3779533535671 2132.0871315285112 834.8781847975138 612.7045956801894 1302.2529526944063 4422.680145323497 1274.722600802491 530.8505404718389 1002.8932954799379 1242.5480132472894 1060.1586354873657 1087.64761886018 
995.3290011917743 984.6257010156855 1028.706834962185 1418.493991149866 872.3255664556068 7411.171715736087 1255.5657535572877 1144.9374097128157 1542.120515199027 802.8569756696888 880.9402406287072 1712.7979815680746 1254.7601298717436 521.3779533535671 2132.0871315285112 834.8781847975138 612.7045956801894 1302.2529526944063 4422.680145323497 1274.722600802491 530.8505404718389 1002.8932954799379 1242.5480132472894 1060.1586354873657 1087.64761886018 
995.3290011917743 984.6257010156855 1028.706834962185 1418.493991149866 872.3255664556068 7411.171715736087 1255.5657535572877 1144.9374097128157 1542.120515199027 802.8569756696888 880.9402406287072 1712.7979815680746 1254.7601298717436 521.3779533535667 2132.0871315285112 834.8781847975138 612.7045956801894 1302.2529526944063 4422.680145323497 1274.722600802491 530.8505404718389 1002.8932954799379 1242.5480132472894 1060.1586354873657 1087.64761886018 
995.3290011917743 984.6257010156855 1028.706834962185 1418.493991149866 872.3255664556068 7411.171715736087 1255.5657535572877 1144.9374097128157 1542.120515199027 802.8569756696888 880.9402406287072 1712.7979815680746 1254.7601298717436 521.3779533535667 2132.0871315285112 834.8781847975138 612.7045956801894 1302.2529526944063 4422.680145323497 1274.722600802491 530.8505404718389 1002.8932954799379 1242.5480132472894 1060.1586354873657 1087.64761886018 
995.3290011917743 984.6257010156855 1028.706834962185 1418.493991149866 872.3255664556068 7411.171715736087 1255.5657535572877 1144.9374097128157 1542.120515199027 802.8569756696888 880.9402406287072 1712.7979815680746 1254.7601298717436 521.3779533535667 2132.0871315285112 834.8781847975138 612.7045956801894 1302.2529526944063 4422.680145323497 1274.722600802491 530.8505404718389 1002.8932954799379 1242.5480132472894 1060.1586354873657 1087.64761886018 
995.3290011917743 984.6257010156855 1028.706834962185 1418.493991149866 872.3255664556068 7411.171715736087 1255.5657535572877 1144.9374097128157 1542.120515199027 802.8569756696888 880.9402406287072 1712.7979815680746 1254.7601298717436 521.3779533535667 2132.0871315285112 834.8781847975138 612.7045956801894 1302.2529526944063 4422.680145323497 1274.722600802491 530.8505404718389 1002.8932954799379 1242.5480132472894 1060.1586354873657 1087.64761886018 
995.3290011917743 984.6257010156855 1028.706834962185 1418.493991149866 872.3255664556068 7411.171715736087 1255.5657535572877 1144.9374097128157 1542.120515199027 802.8569756696888 880.9402406287072 1712.7979815680746 1254.7601298717436 521.3779533535667 2132.0871315285112 834.8781847975138 612.7045956801894 1302.2529526944063 4422.680145323497 1274.722600802491 530.8505404718389 1002.8932954799379 1242.5480132472894 1060.1586354873657 1087.64761886018 
995.3290011917743 984.6257010156855 1028.706834962185 1418.493991149866 872.3255664556068 7411.171715736087 1255.5657535572877 1144.9374097128157 1542.120515199027 802.8569756696888 880.9402406287072 1712.7979815680746 1254.7601298717436 521.3779533535667 2132.0871315285112 834.8781847975138 612.7045956801894 1302.2529526944063 4422.680145323497 1274.722600802491 530.8505404718389 1002.8932954799379 1242.5480132472894 1060.1586354873657 1087.64761886018 
995.3290011917743 984.6257010156855 1028.706834962185 1418.493991149866 872.3255664556068 7411.171715736087 1255.5657535572877 1144.9374097128157 1542.120515199027 802.8569756696888 880.9402406287072 1712.7979815680746 1254.7601298717436 521.3779533535667 2132.0871315285112 834.8781847975138 612.7045956801894 1302.2529526944063 4422.680145323497 1274.722600802491 530.8505404718389 1002.8932954799379 1242.5480132472894 1060.1586354873657 1087.64761886018 
995.3290011917743 984.6257010156855 1028.706834962185 1418.493991149866 872.3255664556068 7411.171715736087 1255.5657535572877 1144.9374097128157 1542.120515199027 802.8569756696888 880.9402406287072 1712.7979815680746 1254.7601298717436 521.3779533535667 2132.0871315285112 834.8781847975138 612.7045956801894 1302.2529526944063 4422.680145323497 1274.722600802491 530.8505404718389 1002.8932954799379 1242.5480132472894 1060.1586354873657 1087.64761886018 
995.3290011917743 984.6257010156855 1028.706834962185 1418.493991149866 872.3255664556068 7411.171715736087 1255.5657535572877 1144.9374097128157 1542.120515199027 802.8569756696888 880.9402406287072 1712.7979815680746 1254.7601298717436 521.3779533535667 2132.0871315285112 834.8781847975138 612.7045956801894 1302.2529526944063 4422.680145323497 1274.722600802491 530.8505404718389 1002.8932954799379 1242.5480132472894 1060.1586354873657 1087.64761886018 
995.3290011917743 984.6257010156855 1028.706834962185 1418.493991149866 872.3255664556068 7411.171715736087 1255.5657535572877 1144.9374097128157 1542.120515199027 802.8569756696888 880.9402406287072 1712.7979815680746 1254.7601298717436 521.3779533535667 2132.0871315285112 834.8781847975138 596.9734129753124 1302.2529526944063 4422.680145323497 1274.722600802491 530.8505404718389 1002.8932954799379 1242.5480132472894 1060.1586354873657 1087.64761886018 
995.3290011917743 984.6257010156855 1028.706834962185 1418.493991149866 872.3255664556068 7411.171715736087 1255.5657535572877 1144.9374097128157 1542.1205151987483 802.8569756696888 880.9402406287072 1712.7979815680746 1254.7601298717436 521.3779533535667 2132.0871315285112 834.8781847975138 596.4407451820039 1302.2529526944063 4422.680145323497 1274.722600802491 530.8505404718389 1002.8932954799379 1242.5480132472894 1060.1586354873657 1087.64761886018 
995.3290011917743 984.6257010156855 1028.706834962185 1418.493991149866 872.3255664556068 7411.171715736087 1255.5657535572877 1144.9374097128157 1542.1205151987265 802.8569756696888 880.9402406287072 1712.7979815680746 1254.7601298717436 521.3779533535667 2132.0871315285112 834.8781847975138 596.4407451820039 1302.2529526944063 4422.680145323497 1274.722600802491 530.8505404718389 1002.8932954799379 1242.5480132472894 1060.1586354873657 1087.64761886018 
995.3290011917743 984.6257010156855 1028.706834962185 1418.493991149866 872.3255664556068 7411.171715736087 1255.5657535572877 1144.9374097128157 1542.1205151987265 802.8569756696888 880.9402406287072 1712.7979815680746 1254.7601298717436 521.3779533535667 2126.8215406934587 834.8781847975138 596.4364519972237 1302.2529526944063 4422.680145323497 1274.722600802491 530.8505404718389 1002.8932954799379 1242.5480132472894 1060.1586354873657 1087.64761886018 
995.3290011917743 984.6257010156855 1028.706834962185 1418.493991149866 872.3255664556068 7411.171715736087 1255.5657535572877 1144.9374097128157 1542.1205151987251 802.8569756696888 880.9402406287072 1712.7979815680746 1254.7601298717436 521.3779533535667 2126.6496208786853 834.8781847975138 596.434891768628 1302.2529526944063 4422.680145323497 1274.722600802491 530.8505404718389 1002.8932954799379 1242.5480132472894 1060.1586354873657 1087.64761886018 
995.3290011917743 984.6257010156855 1028.706834962185 1418.493991149866 872.3255664556068 7411.171715736087 1255.5657535572877 1144.9374097128157 1542.1205151987242 802.8569756696888 880.9402406287072 1712.7979815680746 1254.7601298717436 521.3779533535667 2126.6496208786853 834.8781847975138 596.4347901883589 1302.2529526944063 4422.680145323497 1274.722600802491 530.8505404718389 1002.8932954799379 1242.5480132472894 1060.1586354873657 1087.64761886018 
995.3290011917743 984.6257010156855 1028.706834962185 1418.493991149866 872.3255664556068 7411.171715736087 1255.5657535572877 1144.9374097128157 1542.1205151987242 802.8569756696888 880.9402406287072 1712.7979815680746 1254.7601298717436 521.3779533535667 2126.6496208786853 834.8781847975138 596.4290530069266 1302.2529526944063 4422.680145323497 1274.722600802491 530.8505404718389 1002.8932954799379 1242.5480132472894 1060.1586354873657 1087.64761886018 
995.3290011917743 984.6257010156855 1028.706834962185 1418.493991149866 872.3255664556068 7411.171715736087 1255.5657535572877 1144.9374097128157 1542.1205151987242 802.8569756696888 880.9402406287072 1712.7979815680746 1254.7601298717436 521.3779533535667 2126.6475895801086 834.8781847975138 596.4290530069266 1302.2529526944063 4422.680145323497 1274.722600802491 530.8505404718389 1002.8932954799379 1242.5480132472894 1060.1586354873657 1087.64761886018 
995.3290011917743 984.6257010156855 1028.706834962185 1418.493991149866 872.3255664556068 7411.171715736087 1255.5657535572877 1144.9374097128157 1542.1205151987242 802.8569756696888 880.9402406287072 1712.7979815680746 1254.7601298717436 521.3779533535667 2126.6463339534935 834.8781847975138 596.4290246905616 1302.2529526944063 4422.680145323497 1274.722600802491 530.8505404718389 1002.8932954799379 1242.5480132472894 1060.1586354873657 1087.64761886018 
995.3290011917743 984.6257010156855 1028.706834962185 1418.493991149866 872.3255664556068 7411.171715736087 1255.5657535572877 1144.9374097128157 1542.1205151987242 802.8569756696888 880.9402406287072 1712.7979815680746 1254.7601298717436 521.3779533535667 2126.6457737634996 834.8781847975138 596.4290246905616 1302.2529526944063 4422.680145323497 1274.722600802491 530.8505404718389 1002.8932954799379 1242.5480132472894 1060.1586354873657 1087.64761886018 
995.3290011917743 984.6257010156855 1028.706834962185 1418.493991149866 872.3255664556068 7411.171715736087 1255.5657535572877 1144.9374097128157 1542.1205151987242 802.8569756696888 880.9402406287072 1712.7979815680746 1254.7601298717436 521.3779533535667 2126.6457668873527 834.8781847975138 596.4290246905616 1302.2529526944063 4422.680145323497 1274.722600802491 530.8505404718389 1002.8932954799379 1242.5480132472894 1060.1586354873657 1087.64761886018 
995.3290011917743 984.6257010156855 1028.706834962185 1418.493991149866 872.3255664556068 7411.171715736087 1255.5657535572877 1144.9374097128157 1542.1205151987242 802.8569756696888 880.9402406287072 1712.7979815680746 1254.7601298717436 521.3779533535667 2126.645765102869 834.8781847975138 596.4290246905616 1302.2529526944063 4422.680145323497 1274.722600802491 530.8505404718389 1002.8932954799379 1242.5480132472894 1060.1586354873657 1087.64761886018 
995.3290011917743 984.6257010156855 1028.706834962185 1418.493991149866 872.3255664556068 7411.171715736087 1255.5657535572877 1144.9374097128157 1542.1205151987242 802.8569756696888 880.9402406287072 1712.7979815680746 1254.7601298717436 521.3779533535667 2126.6457650144903 834.8781847975138 596.4290246905616 1302.2529526944063 4422.680145323497 1274.722600802491 530.8505404718389 1002.8932954799379 1242.5480132472894 1060.1586354873657 1087.64761886018 
995.3290011917743 984.6257010156855 1028.706834962185 1418.493991149866 872.3255664556068 7411.171715736087 1255.5657535572877 1144.9374097128157 1542.1205151987242 802.8569756696888 880.9402406287072 1712.7979815680746 1254.7601298717436 521.3779533535667 2126.645763009103 834.8781847975138 596.4289227632489 1302.2529526944063 4422.680145323497 1274.722600802491 530.8505404718389 1002.8932954799379 1242.5480132472894 1060.1586354873657 1087.64761886018 
995.3290011917743 984.6257010156855 1028.706834962185 1418.493991149866 872.3255664556068 7411.171715736087 1255.5657535572877 1144.9374097128157 1542.1205151987242 802.8569756696888 880.9402406287072 1712.7979815680746 1254.7601298717436 521.3779533535667 2126.6457628251464 834.8781847975138 596.4289227632489 1302.2529526944063 4422.680145323497 1274.722600802491 530.8505404718389 1002.8932954799379 1242.5480132472894 1060.1586354873657 1087.64761886018 
995.3290011917743 984.6257010156855 1028.706834962185 1418.493991149866 872.3255664556068 7411.171715736087 1255.5657535572877 1144.9374097128157 1542.1205151987242 802.8569756696888 880.9402406287072 1712.7979815680746 1254.7601298717436 521.3779533535667 2126.645762507047 834.8781847975138 596.4288930001348 1302.2529526944063 4422.680145323497 1274.722600802491 530.8505404718389 1002.8932954799379 1242.5480132472894 1060.1586354873657 1087.64761886018 
995.3290011917743 984.6257010156855 1028.706834962185 1418.493991149866 872.3255664556068 7411.171715736087 1255.5657535572877 1144.9374097128157 1542.1205151987242 802.8569756696888 880.9402406287072 1712.7979815680746 1254.7601298717436 521.3779533535667 2126.6457624336163 834.8781847975138 596.4288034266933 1302.2529526944063 4422.680145323497 1274.722600802491 530.8505404718389 1002.8932954799379 1242.5480132472894 1060.1586354873657 1087.64761886018 
995.3290011917743 984.6257010156855 1028.706834962185 1418.493991149866 872.3255664556068 7411.171715736087 1255.5657535572877 1144.9374097128157 1542.1205151987242 802.8569756696888 880.9402406287072 1712.7979815680746 1254.7601298717436 521.3779533535667 2126.6457624336163 834.8781847975138 596.4288034266933 1302.2529526944063 4422.680145323497 1274.722600802491 530.8505404718389 1002.8932954799379 1242.5480132472894 1060.1586354873657 1087.64761886018 
995.3290011917743 984.6257010156855 1028.706834962185 1418.493991149866 872.3255664556068 7411.171715736087 1255.5657535572877 1144.9374097128157 1542.1205151987242 802.8569756696888 880.9402406287072 1712.7979815680746 1254.7601298717436 521.3779533535667 2126.6457624316126 834.8781847975138 596.4288034266933 1302.2529526944063 4422.680145323497 1274.722600802491 530.8505404718389 1002.8932954799379 1242.5480132472894 1060.1586354873657 1087.64761886018 
995.3290011917743 984.6257010156855 1028.706834962185 1418.493991149866 872.3255664556068 7411.171715736087 1255.5657535572877 1144.9374097128157 1542.1205151987242 802.8569756696888 880.9402406287072 1712.7979815680746 1254.7601298717436 521.3779533535667 2126.64576243147 834.8781847975138 596.4286632381845 1302.2529526944063 4422.680145323497 1274.722600802491 530.8505404718389 1002.8932954799379 1242.5480132472894 1060.1586354873657 1087.64761886018 
995.3290011917743 984.6257010156855 1028.706834962185 1418.493991149866 872.3255664556068 7411.171715736087 1255.5657535572877 1144.9374097128157 1542.1205151987242 802.8569756696888 880.9402406287072 1712.7979815680746 1254.7601298717436 521.3779533535667 2126.6457624314558 834.8781847975138 596.4286604103418 1302.2529526944063 4422.680145323497 1274.722600802491 530.8505404718389 1002.8932954799379 1242.5480132472894 1060.1586354873657 1087.64761886018 
995.3290011917743 984.6257010156855 1028.706834962185 1418.493991149866 872.3255664556068 7411.171715736087 1255.5657535572877 1144.9374097128157 1542.1205151987242 802.8569756696888 880.9402406287072 1712.7979815680746 1254.7601298717436 521.3779533535667 2126.6457624314526 834.8781847975138 596.4286597028308 1302.2529526944063 4422.680145323497 1274.722600802491 530.8505404718389 1002.8932954799379 1242.5480132472894 1060.1586354873657 1087.64761886018 
995.3290011917743 984.6257010156855 1028.706834962185 1418.493991149866 872.3255664556068 7411.171715736087 1255.5657535572877 1144.9374097128157 1542.1205151987242 802.8569756696888 880.9402406287072 1712.7979815680746 1254.7601298717436 521.3779533535667 2126.6457624314526 834.8781847975138 596.4286596010725 1302.2529526944063 4422.680145323497 1274.722600802491 530.8505404718389 1002.8932954799379 1242.5480132472894 1060.1586354873657 1087.64761886018 
995.3290011917743 984.6257010156855 1028.706834962185 1418.493991149866 872.3255664556068 7411.171715736087 1255.5657535572877 1144.9374097128157 1542.1205151987242 802.8569756696888 880.9402406287072 1712.7979815680746 1254.7601298717436 521.3779533535667 2126.645762431452 834.8781847975138 596.4286595766862 1302.2529526944063 4422.680145323497 1274.722600802491 530.8505404718389 1002.8932954799379 1242.5480132472894 1060.1586354873657 1087.64761886018 
995.3290011917743 984.6257010156855 1028.706834962185 1418.493991149866 872.3255664556068 7411.171715736087 1255.5657535572877 1144.9374097128157 1542.1205151987242 802.8569756696888 880.9402406287072 1712.7979815680746 1254.7601298717436 521.3779533535667 2126.6457624314517 834.8781847975138 596.4286595659078 1302.2529526944063 4422.680145323497 1274.722600802491 530.8505404718389 1002.8932954799379 1242.5480132472894 1060.1586354873657 1087.64761886018 
995.3290011917743 984.6257010156855 1028.706834962185 1418.493991149866 872.3255664556068 7411.171715736087 1255.5657535572877 1144.9374097128157 1542.1205151987242 802.8569756696888 880.9402406287072 1712.7979815680746 1254.7601298717436 521.3779533535667 2126.645762431451 834.8781847975138 596.4286595636518 1302.2529526944063 4422.680145323497 1274.722600802491 530.8505404718389 1002.8932954799379 1242.5480132472894 1060.1586354873657 1087.64761886018 
995.3290011917743 984.6257010156855 1028.706834962185 1418.493991149866 872.3255664556068 7411.171715736087 1255.5657535572877 1144.9374097128157 1542.1205151987242 802.8569756696888 880.9402406287072 1712.7979815680746 1254.7601298717436 521.3779533535667 2126.6457624314503 834.8781847975138 596.4286595634794 1302.2529526944063 4422.680145323497 1274.722600802491 530.8505404718389 1002.8932954799379 1242.5480132472894 1060.1586354873657 1087.64761886018 
995.3290011917743 984.6257010156855 1028.706834962185 1418.493991149866 872.3255664556068 7411.171715736087 1255.5657535572877 1144.9374097128157 1542.1205151987242 802.8569756696888 880.9402406287072 1712.7979815680746 1254.7601298717436 521.3779533535667 2126.6457624314503 834.8781847975138 596.4286595632916 1302.2529526944063 4422.680145323497 1274.722600802491 530.8505404718389 1002.8932954799379 1242.5480132472894 1060.1586354873657 1087.64761886018 
995.3290011917743 984.6257010156855 1028.706834962185 1418.493991149866 872.3255664556068 7411.171715736087 1255.5657535572877 1144.9374097128157 1542.1205151987242 802.8569756696888 880.9402406287072 1712.7979815680746 1254.7601298717436 521.3779533535667 2126.6457624314503 834.8781847975138 596.4286595630879 1302.2529526944063 4422.680145323497 1274.722600802491 530.8505404718389 1002.8932954799379 1242.5480132472894 1060.1586354873657 1087.64761886018 
995.3290011917743 984.6257010156855 1028.706834962185 1418.493991149866 872.3255664556068 7411.171715736087 1255.5657535572877 1144.9374097128157 1542.1205151987242 802.8569756696888 880.9402406287072 1712.7979815680746 1254.7601298717436 521.3779533535667 2126.6457624314503 834.8781847975138 596.4286595630592 1302.2529526944063 4422.680145323497 1274.722600802491 530.8505404718389 1002.8932954799379 1242.5480132472894 1060.1586354873657 1087.64761886018 
995.3290011917743 984.6257010156855 1028.706834962185 1418.493991149866 872.3255664556068 7411.171715736087 1255.5657535572877 1144.9374097128157 1542.1205151987242 802.8569756696888 880.9402406287072 1712.7979815680746 1254.7601298717436 521.3779533535667 2126.6457624314503 834.8781847975138 596.4286595630506 1302.2529526944063 4422.680145323497 1274.722600802491 530.8505404718389 1002.8932954799379 1242.5480132472894 1060.1586354873657 1087.64761886018 
995.3290011917743 984.6257010156855 1028.706834962185 1418.493991149866 872.3255664556068 7411.171715736087 1255.5657535572877 1144.9374097128157 1542.1205151987242 802.8569756696888 880.9402406287072 1712.7979815680746 1254.7601298717436 521.3779533535667 2126.64576243145 834.8781847975138 596.4286595630488 1302.2529526944063 4422.680145323497 1274.722600802491 530.8505404718389 1002.8932954799379 1242.5480132472894 1060.1586354873657 1087.64761886018 
995.3290011917743 984.6257010156855 1028.706834962185 1418.493991149866 872.3255664556068 7411.171715736087 1255.5657535572877 1144.9374097128157 1542.1205151987242 802.8569756696888 880.9402406287072 1712.7979815680746 1254.7601298717436 521.3779533535667 2126.645762431449 834.8781847975138 596.4286595630451 1302.2529526944063 4422.680145323497 1274.722600802491 530.8505404718389 1002.8932954799379 1242.5480132472894 1060.1586354873657 1087.64761886018 
995.3290011917743 984.6257010156855 1028.706834962185 1418.493991149866 872.3255664556068 7411.171715736087 1255.5657535572877 1144.9374097128157 1542.1205151987242 802.8569756696888 880.9402406287072 1712.7979815680746 1254.7601298717436 521.3779533535667 2126.645762431449 834.8781847975138 596.4286595630447 1302.2529526944063 4422.680145323497 1274.722600802491 530.8505404718389 1002.8932954799379 1242.5480132472894 1060.1586354873657 1087.64761886018 
995.3290011917743 984.6257010156855 1028.706834962185 1418.493991149866 872.3255664556068 7411.171715736087 1255.5657535572877 1144.9374097128157 1542.1205151987242 802.8569756696888 880.9402406287072 1712.7979815680746 1254.7601298717436 521.3779533535667 2126.645762431449 834.8781847975138 596.4286595630447 1302.2529526944063 4422.680145323497 1274.722600802491 530.8505404718389 1002.8932954799379 1242.5480132472894 1060.1586354873657 1087.64761886018 
995.3290011917743 984.6257010156855 1028.706834962185 1418.493991149866 872.3255664556068 7411.171715736087 1255.5657535572877 1144.9374097128157 1542.1205151987242 802.8569756696888 880.9402406287072 1712.7979815680746 1254.7601298717436 521.3779533535667 2126.645762431449 834.8781847975138 596.4286595630442 1302.2529526944063 4422.680145323497 1274.722600802491 530.8505404718389 1002.8932954799379 1242.5480132472894 1060.1586354873657 1087.64761886018 
995.3290011917743 984.6257010156855 1028.706834962185 1418.493991149866 872.3255664556068 7411.171715736087 1255.5657535572877 1144.9374097128157 1542.1205151987242 802.8569756696888 880.9402406287072 1712.7979815680746 1254.7601298717436 521.3779533535667 2126.645762431449 834.8781847975138 596.4286595630438 1302.2529526944063 4422.680145323497 1274.722600802491 530.8505404718389 1002.8932954799379 1242.5480132472894 1060.1586354873657 1087.64761886018 
995.3290011917743 984.6257010156855 1028.706834962185 1418.493991149866 872.3255664556068 7411.171715736087 1255.5657535572877 1144.9374097128157 1542.1205151987242 802.8569756696888 880.9402406287072 1712.7979815680746 1254.7601298717436 521.3779533535667 2126.645762431449 834.8781847975138 596.4286595630438 1302.2529526944063 4422.680145323497 1274.722600802491 530.8505404718389 1002.8932954799379 1242.5480132472894 1060.1586354873657 1087.64761886018 
995.3290011917743 984.6257010156855 1028.706834962185 1418.493991149866 872.3255664556068 7411.171715736087 1255.5657535572877 1144.9374097128157 1542.1205151987242 802.8569756696888 880.9402406287072 1712.7979815680746 1254.7601298717436 521.3779533535667 2126.645762431449 834.8781847975138 596.4286595630438 1302.2529526944063 4422.680145323497 1274.722600802491 530.8505404718389 1002.8932954799379 1242.5480132472894 1060.1586354873657 1087.64761886018 
995.3290011917743 984.6257010156855 1028.706834962185 1418.493991149866 872.3255664556068 7411.171715736087 1255.5657535572877 1144.9374097128157 1542.1205151987242 802.8569756696888 880.9402406287072 1712.7979815680746 1254.7601298717436 521.3779533535667 2126.6457446230643 834.8781847975138 596.4286595630438 1302.2529526944063 4422.680145323497 1274.722600802491 530.8505404718389 1002.8932954799379 1242.5480132472894 1060.1586354873657 1087.64761886018 
995.3290011917743 984.6257010156855 1028.706834962185 1418.493991149866 872.3255664556068 7411.171715736087 1255.5657535572877 1144.9374097128157 1542.1205151987242 802.8569756696888 880.9402406287072 1712.7979815680746 1254.7601298717436 521.3779533535667 2126.6457446230643 834.8781847975138 596.4286595630438 1302.2529526944063 4422.680145323497 1274.722600802491 530.8505404718389 1002.8932954799379 1242.5480132472894 1060.1586354873657 1087.64761886018 
995.3290011917743 984.6257010156855 1028.706834962185 1418.493991149866 872.3255664556068 7411.171715736087 1255.5657535572877 1144.9374097128157 1542.1205151987242 802.8569756696888 880.9402406287072 1712.7979815680746 1254.7601298717436 521.3779533535667 2126.645744550826 834.8781847975138 596.4286595630438 1302.2529526944063 4422.680145323497 1274.722600802491 530.8505404718389 1002.8932954799379 1242.5480132472894 1060.1586354873657 1087.64761886018 
995.3290011917743 984.6257010156855 1028.706834962185 1418.493991149866 872.3255664556068 7411.171715736087 1255.5657535572877 1144.9374097128157 1542.1205151987242 802.8569756696888 880.9402406287072 1712.7979815680746 1254.7601298717436 521.3779533535667 2126.645744550826 834.8781847975138 596.4286595630438 1302.2529526944063 4422.680145323497 1274.722600802491 530.8505404718389 1002.8932954799379 1242.5480132472894 1060.1586354873657 1087.64761886018 
995.3290011917743 984.6257010156855 1028.706834962185 1418.493991149866 872.3255664556068 7411.171715736087 1255.5657535572877 1144.9374097128157 1542.1205151987242 802.8569756696888 880.9402406287072 1712.7979815680746 1254.7601298717436 521.3779533535667 2126.6457445202386 834.8781847975138 596.4286595630438 1302.2529526944063 4422.680145323497 1274.722600802491 530.8505404718389 1002.8932954799379 1242.5480132472894 1060.1586354873657 1087.64761886018 
995.3290011917743 984.6257010156855 1028.706834962185 1418.493991149866 872.3255664556068 7411.171715736087 1255.5657535572877 1144.9374097128157 1542.1205151987242 802.8569756696888 880.9402406287072 1712.7979815680746 1254.7601298717436 521.3779533535667 2126.6457445202386 834.8781847975138 596.4286595630438 1302.2529526944063 4422.680145323497 1274.722600802491 530.8505404718389 1002.8932954799379 1242.5480132472894 1060.1586354873657 1087.64761886018 
995.3290011917743 984.6257010156855 1028.706834962185 1418.493991149866 872.3255664556068 7411.16926071421 1255.5657535572877 1144.9374097128157 1542.1205151987242 802.8569756696888 880.9402406287072 1712.7979815680746 1254.7601298717436 521.3779533535667 2126.6457445202386 834.8781847975138 596.4286595630438 1302.2529526944063 4422.680145323497 1274.722600802491 530.8505404718389 1002.8932954799379 1242.5480132472894 1060.1586354873657 1087.64761886018 
995.3290011917743 984.6257010156855 1028.706834962185 1418.493991149866 872.3255664556068 7411.16926071421 1255.5657519514748 1144.9374097128157 1542.1205151987242 802.8569756696888 880.9402406287072 1712.7979815680746 1254.7601298717436 521.3779533535667 2126.6457445202386 834.8781847975138 596.4286595630438 1302.2529526944063 4422.680145323497 1274.722600802491 530.8505404718389 1002.8932954799379 1242.5480132472894 1060.1586354873657 1087.64761886018 
995.3290011917743 984.6257010156855 1028.706834962185 1418.493991149866 872.3255664556068 7411.16926071421 1255.5657518984835 1144.9374097128157 1542.1205151987242 802.8569756696888 880.9402406287072 1712.7979815680746 1254.7601298717436 521.3779533535667 2126.6457445202386 834.8781847975138 596.4286595630438 1302.2529526944063 4422.680145323497 1274.722600802491 530.8505404718389 1002.8932954799379 1242.5480132472894 1060.1586354873657 1087.64761886018 
995.3290011917743 984.6257010156855 1028.706834962185 1418.493991149866 872.3255664556068 7411.16926071421 1255.5657518984835 1144.9374097128157 1542.1205151987242 802.8569756696888 880.9402406287072 1712.7979815680746 1254.7601298717436 521.3779533535667 2126.6457445202386 834.8781847975138 596.4286595630438 1302.2529526944063 4422.680145323497 1274.722600802491 530.8505404718389 1002.8932954799379 1242.5480132472894 1060.1586354873657 1087.64761886018 
995.3290011917743 984.6257010156855 1028.706834962185 1418.493991149866 872.3255664556068 7411.16926071421 1255.5657518942612 1144.9374097128157 1542.1205151987242 802.8569756696888 880.9402406287072 1712.7979815680746 1254.7601298717436 521.3779533535667 2126.6457445202386 834.8781847975138 596.4286595630438 1302.2529526944063 4422.680145323497 1274.722600802491 530.8505404718389 1002.8932954799379 1242.5480132472894 1060.1586354873657 1087.64761886018 
995.3290011917743 984.6257010156855 1028.706834962185 1418.493991149866 872.3255664556068 7411.16926071421 1255.5657518942612 1144.9374097128157 1542.1205151987242 802.8569756696888 880.9402406287072 1712.7979815680746 1254.7601298717436 521.3779533535667 2126.6457445202386 834.8781847975138 596.4286595630438 1302.2529526944063 4422.680145323497 1274.722600802491 530.8505404718389 1002.8932954799379 1242.5480132472894 1060.1586354873657 1087.64761886018 
995.3290011917743 984.6257010156855 1028.706834962185 1418.493991149866 872.3255664556068 7411.16926071421 1255.5657518942612 1144.9374097128157 1542.1205151987242 802.8569756696888 880.9402406287072 1712.7979815680746 1254.7601298717436 521.3779533535667 2126.6457445202386 834.8781847975138 596.4286595630438 1302.2529526944063 4422.680145323497 1274.722600802491 530.8505404718389 1002.8932954799379 1242.5480132472894 1060.1586354873657 1087.64761886018 
995.3290011917743 984.6257010156855 1028.706834962185 1418.493991149866 872.3255664556068 7411.169247896756 1255.5657518942612 1144.9374097128157 1542.1205151987242 802.7706465286064 880.9402406287072 1712.7979815680746 1254.7601298717436 521.3779533535667 2126.6457445202386 834.8781847975138 596.4286595630438 1302.2529526944063 4422.680145323497 1274.722600802491 530.8505404718389 1002.8932954799379 1242.5480132472894 1060.1586354873657 1087.64761886018 
995.3290011917743 984.6257010156855 1028.706834962185 1418.493991149866 872.3255664556068 7411.169247511238 1255.5657518942612 1144.9374097128157 1542.1205151987242 802.7691303733104 880.9402406287072 1712.7979815680746 1254.7601298717436 521.3779533535667 2126.6457445202386 834.8781847975138 596.4286595630438 1302.2529526944063 4422.680145323497 1274.722600802491 530.8505404718389 1002.8932954799379 1242.5480132472894 1060.1586354873657 1087.64761886018 
995.3290011917743 984.6257010156855 1028.706834962185 1418.493991149866 872.3255664556068 7411.169247255779 1255.5657518939634 1144.9374097128157 1542.1205151987242 802.768507450658 880.9402406287072 1712.7979815680746 1254.7601298717436 521.3779533535667 2126.6457445202386 834.8781847975138 596.4286595630438 1302.2529526944063 4422.680145323497 1274.722600802491 530.8505404718389 1002.8932954799379 1242.5480132472894 1060.1586354873657 1087.64761886018 
995.3290011917743 984.6257010156855 1028.706834962185 1418.493991149866 872.3255664556068 7411.169247255779 1255.5657518938915 1144.9374097128157 1542.1205151987242 802.7684845810873 880.9402406287072 1712.7979815680746 1254.7601298717436 521.3779533535667 2126.6457445202386 834.8781847975138 596.4286595630438 1302.2529526944063 4422.680145323497 1274.722600802491 530.8505404718389 1002.8932954799379 1242.5480132472894 1060.1586354873657 1087.64761886018 
995.3290011917743 984.6257010156855 1028.706834962185 1418.493991149866 872.3255664556068 7411.169226488828 1255.565751893891 1144.9374097128157 1542.1205151987242 802.7684752848895 880.9402406287072 1712.7979815680746 1254.7601298717436 521.3779533535667 2126.6457445202386 834.8781847975138 596.4286595630438 1301.4868453110093 4422.680145323497 1274.722600802491 530.8505404718389 1002.8932954799379 1242.5480132472894 1060.1586354873657 1087.64761886018 
995.3290011917743 984.6257010156855 1028.706834962185 1418.493991149866 872.3255664556068 7411.169226488828 1255.565751893891 1144.9374097128157 1542.1205151987242 802.7684752848895 880.9402406287072 1712.7979815680746 1254.7601298717436 521.3779533535667 2126.6457445202386 834.8781847975138 596.4286595630438 1301.4868453110093 4422.680145323497 1274.722600802491 530.8505404718389 1002.8932954799379 1242.5480132472894 1060.1586354873657 1087.64761886018 
995.3290011917743 984.6257010156855 1028.706834962185 1418.493991149866 872.3255664556068 7411.169226488828 1255.565751893871 1144.9374097128157 1542.1205151987242 802.7684751399856 880.9402406287072 1712.7979815680746 1254.7601298717436 521.3779533535667 2126.6457445202386 834.8781847975138 596.4286595630438 1301.4868453110093 4422.680145323497 1274.722600802491 530.8505404718389 1002.8932954799379 1242.5480132472894 1060.1586354873657 1087.64761886018 
995.3290011917743 984.6257010156855 1028.706834962185 1418.493991149866 872.3255664556068 7411.169226488828 1255.565751893871 1144.9374097128157 1542.1205151987242 802.7684751338229 880.9402406287072 1712.7979815680746 1254.7601298717436 521.3779533535667 2126.6457445202386 834.8781847975138 596.4286595630438 1301.4404760436546 4422.680145323497 1274.722600802491 530.8505404718389 1002.8932954799379 1242.5480132472894 1060.1586354873657 1087.64761886018 
995.3290011917743 984.6257010156855 1028.706834962185 1418.493991149866 872.3255664556068 7411.169226488828 1255.565751893871 1144.9374097128157 1542.1205151987242 802.7684751322568 880.9402406287072 1712.7979815680746 1254.7601298717436 521.3779533535667 2126.6457445202386 834.8781847975138 596.4286595630438 1301.4404760436546 4422.680145323497 1274.722600802491 530.8505404718389 1002.8932954799379 1242.5480132472894 1060.1586354873657 1087.64761886018 
995.3290011917743 984.6257010156855 1028.706834962185 1418.493991149866 872.3255664556068 7411.169217091798 1255.565751893871 1144.9374097128157 1542.1205151987242 802.7684751305205 880.9402406287072 1712.7979815680746 1254.7601298717436 521.3779533535667 2126.6457445202386 834.8781847975138 596.4286595630438 1301.4404638714059 4422.680145323497 1274.722600802491 530.8505404718389 1002.8932954799379 1242.5480132472894 1060.1586354873657 1087.64761886018 
995.3290011917743 984.6257010156855 1028.706834962185 1418.493991149866 872.3255664556068 7411.169217091798 1255.565751893871 1144.9374097128157 1542.1205151987242 802.7684751305205 880.9402406287072 1712.7979815680746 1254.7601298717436 521.3779533535667 2126.6457445202386 834.8781847975138 596.4286595630438 1301.4404636085974 4422.680145323497 1274.722600802491 530.8505404718389 1002.8932954799379 1242.5480132472894 1060.1586354873657 1087.64761886018 
995.3290011917743 984.6257010156855 1028.706834962185 1418.493991149866 872.3255664556068 7411.169217091798 1255.565751893871 1144.9374097128157 1542.1205151987242 802.7684751305205 880.9402406287072 1712.7979815680746 1254.7601298717436 521.3779533535667 2126.6457445202386 834.8781847975138 596.4286595630438 1301.4404636085824 4422.680145323497 1274.722600802491 530.8505404718389 1002.8932954799379 1242.5480132472894 1060.1586354873657 1087.64761886018 
995.3290011917743 984.6257010156855 1028.706834962185 1418.493991149866 872.3255664556068 7411.169217091798 1255.565751893871 1144.9374097128157 1542.1205151987242 802.7684751305205 880.9402406287072 1712.7979815680746 1254.7601298717436 521.3779533535667 2126.6457445202386 834.8781847975138 596.4286595630438 1301.4404636085824 4422.680145323497 1274.722600802491 530.8505404718389 1002.8932954799379 1242.5480132472894 1060.1586354873657 1087.64761886018 
995.3290011917743 984.6257010156855 1028.706834962185 1418.493991149866 872.3255664556068 7411.169217091798 1255.5657518938706 1144.9374097128157 1542.1205151987242 802.7684751300208 880.9402406287072 1712.7979815680746 1254.7601298717436 521.3779533535667 2126.6457445202386 834.8781847975138 596.4286595630438 1301.4404636085824 4422.680145323497 1274.722600802491 530.8505404718389 1002.8932954799379 1242.5480132472894 1060.1586354873657 1087.64761886018 
995.3290011917743 984.6257010156855 1028.706834962185 1418.493991149866 872.3255664556068 7411.169217091798 1255.5657518938706 1144.9374097128157 1542.1205151987242 802.7684751300208 880.9402406287072 1712.7979815680746 1254.7601298717436 521.3779533535667 2126.6457445202386 834.8781847975138 596.4286595630438 1301.4404636085824 4422.680145323497 1274.722600802491 530.8505404718389 1002.8932954799379 1242.5480132472894 1060.1586354873657 1087.64761886018 
995.3290011917743 984.6257010156855 1028.706834962185 1418.493991149866 872.3255664556068 7411.169217091798 1255.5657518938706 1144.9374097128157 1542.1205151987242 802.7684751300208 880.9402406287072 1712.7979815680746 1254.7601298717436 521.3779533535667 2126.6457445202386 834.8781847975138 596.4286595630438 1301.4404636085824 4422.680145323497 1274.722600802491 530.8505404718389 1002.8932954799379 1242.5480132472894 1060.1586354873657 1087.64761886018 
995.3290011917743 984.6257010156855 1028.706834962185 1418.493991149866 872.3255664556068 7411.169217091798 1255.5657518938706 1144.9374097128157 1542.1205151987242 802.7684751299644 880.9402406287072 1712.7979815680746 1254.7601298717436 521.3779533535667 2126.6457445202386 834.8781847975138 596.4286595630438 1301.440463608582 4422.680145323497 1274.722600802491 530.8505404718389 1002.8932954799379 1242.5480132472894 1060.1586354873657 1087.64761886018 
995.3290011917743 984.6257010156855 1028.706834962185 1418.493991149866 872.3255664556068 7411.169217091798 1255.5657518938706 1144.9374097128157 1542.1205151987242 802.7684751299607 880.9402406287072 1712.7979815680746 1254.7601298717436 521.3779533535667 2126.6457445202386 834.8781847975138 596.4286595630438 1301.440463608582 4422.680145323497 1274.722600802491 530.8505404718389 1002.8932954799379 1242.5480132472894 1060.1586354873657 1087.64761886018 
995.3290011917743 984.6257010156855 1028.706834962185 1418.493991149866 872.3255664556068 7411.169217091798 1255.5657518938706 1144.9374097128157 1542.1205151987242 802.7684751299553 880.9402406287072 1712.7979815680746 1254.7601298717436 521.3779533535667 2126.6457445202386 834.8781847975138 596.4286595630438 1301.440463608582 4422.680145323497 1274.722600802491 530.8505404718389 1002.8932954799379 1242.5480132472894 1060.1586354873657 1087.64761886018 
995.3290011917743 984.6257010156855 1028.706834962185 1418.493991149866 872.3255664556068 7411.169217091792 1255.5657518938706 1144.9374097128157 1542.1205151987242 802.7684751299548 880.9402406287072 1712.7979815680746 1254.7601298717436 521.3779533535667 2126.6457445202386 834.8781847975138 596.4286595630438 1301.440463608582 4422.680145323497 1274.722600802491 530.8505404718389 1002.8932954799379 1242.5480132472894 1060.1586354873657 1087.64761886018 
995.3290011917743 984.6257010156855 1028.706834962185 1418.493991149866 872.3255664556068 7411.169217091792 1255.5657518938706 1144.9374097128157 1542.1205151987242 802.7684751299548 880.9402406287072 1712.7979815680746 1254.7601298717436 521.3779533535667 2126.6457445202386 834.8781847975138 596.4286595630438 1301.440463608582 4422.680145323497 1274.722600802491 530.8505404718389 1002.8932954799379 1242.5480132472894 1060.1586354873657 1087.64761886018 
995.3290011917743 984.6257010156855 1028.706834962185 1418.493991149866 872.3255664556068 7411.169217091792 1255.5657518938706 1144.9374097128157 1542.1205151987242 802.7684751299548 880.9402406287072 1712.7979815680746 1254.7601298717436 521.3779533535667 2126.6457445202386 834.8781847975138 596.4286595630438 1301.440463608582 4422.680145323497 1274.722600802491 530.8505404718389 1002.8932954799379 1242.5480132472894 1060.1586354873657 1087.64761886018 
995.3290011917743 984.6257010156855 1028.706834962185 1418.493991149866 872.3255664556068 7411.169217091792 1255.5657518938706 1144.9374097128157 1542.1205151987242 802.7684751299548 880.9402406287072 1712.7979815680746 1254.7601298717436 521.3779533535667 2126.6457445202386 834.8781847975138 596.4286595630438 1301.440463608582 4422.680145323497 1274.722600802491 530.8505404718389 1002.8932954799379 1242.5480132472894 1060.1586354873657 1085.8452848321322 
995.3290011917743 984.6257010156855 1028.706834962185 1418.493991149866 872.3255664556068 7411.169217091792 1255.5657518938706 1144.9374097128157 1542.1205151987242 802.7684751299544 880.9402406287072 1712.7979815680746 1254.7601298717436 521.3779533535667 2126.6457445202386 834.8781847975138 596.4286595630438 1301.440463608582 4422.680145323497 1274.722600802491 530.8505404718389 1002.8932954799379 1242.5480132472894 1060.1586354873657 1085.8452848321322 
995.3290011917743 984.6257010156855 1028.706834962185 1418.493991149866 872.3255664556068 7411.169217091792 1255.5657518938706 1144.9374097128157 1542.1205151987242 802.7684751299544 880.9402406287072 1712.7979815680746 1254.7601298717436 521.3779533535667 2126.6457445202386 834.8781847975138 596.4286595630438 1301.440463608582 4422.680145323497 1274.722600802491 530.8505404718389 1002.8932954799379 1242.5480132472894 1060.1586354873657 1085.8452848321322 
995.3290011917743 984.6257010156855 1028.706834962185 1418.493991149866 872.3255664556068 7411.169217091792 1255.5657518938706 1144.9374097128157 1542.1205151987242 802.7684751299544 880.9402406287072 1712.7979815680746 1254.7601298717436 521.3779533535667 2126.6457445202386 834.8781847975138 588.5461688836135 1301.440463608582 4422.680145323497 1274.722600802491 530.8505404718389 1002.8932954799379 1242.5480132472894 1060.1586354873657 1085.8452848321322 
995.3290011917743 984.6257010156855 1028.706834962185 1418.493991149866 872.3255664556068 7411.169217091789 1255.5657518938706 1144.9374097128157 1542.1205151987242 802.7684751299544 880.9402406287072 1712.7979815680746 1254.7601298717436 521.3779533535667 2126.6457445202386 834.8781847975138 587.0116842334855 1301.440463608582 4422.680145323497 1274.722600802491 530.8505404718389 1002.8932954799379 1242.5480132472894 1060.1586354873657 1085.8452848321322 
995.3290011917743 984.6257010156855 1028.706834962185 1418.493991149866 872.3255664556068 7411.169217091789 1255.5657518938706 1144.9374097128157 1542.1205151987242 802.7684751299544 880.9402406287072 1712.7979815680746 1254.7601298717436 521.3779533535667 2126.6457445202386 834.8781847975138 586.9935049563637 1301.440463608582 4422.680145323497 1274.722600802491 530.8505404718389 1002.8932954799379 1242.5480132472894 1060.1586354873657 1085.8452848321322 
995.3290011917743 984.6257010156855 1028.706834962185 1418.493991149866 872.3255664556068 7411.169217091789 1255.5657518938706 1144.9374097128157 1542.1205151987242 802.7684751299544 880.9402406287072 1712.7979815680746 1254.7601298717436 521.3779533535667 2126.6457445202386 834.8781847975138 586.9935049563637 1301.440463608582 4422.680145323497 1274.722600802491 530.8505404718389 1002.8932954799379 1242.5480132472894 1060.1586354873657 1085.8452848321322 
995.3290011917743 984.6257010156855 1028.706834962185 1418.493991149866 872.3255664556068 7411.169217091789 1255.5657518938706 1144.9374097128157 1542.1205151987242 802.7684751299544 874.7332687753046 1712.7979815680746 1254.7601298717436 521.3779533535667 2126.6457445202386 834.8781847975138 586.9867052635 1301.440463608582 4422.680145323497 1274.722600802491 530.8505404718389 1002.8932954799379 1242.5480132472894 1060.1586354873657 1085.8452848321322 
995.3290011917743 984.6257010156855 1028.706834962185 1418.493991149866 872.3255664556068 7411.169217091789 1255.5657518938706 1144.9374097128157 1542.1205151987242 802.7684751299544 874.477400109814 1712.7979815680746 1254.7601298717436 521.3779533535667 2126.6457445202386 834.8781847975138 586.9867052635 1301.440463608582 4422.680145323497 1274.722600802491 530.8505404718389 1002.8932954799379 1242.5480132472894 1060.1586354873657 1085.8452848321322 
995.3290011917743 984.6257010156855 1028.706834962185 1418.493991149866 872.3255664556068 7411.169217091789 1255.5657518938706 1144.9374097128157 1542.1205151987242 802.7684751299544 874.0762279893411 1712.7979815680746 1254.7601298717436 521.3779533535667 2126.6457445202386 834.8781847975138 586.9866575120404 1301.440463608582 4422.680145323497 1274.722600802491 530.8505404718389 1002.8932954799379 1242.5480132472894 1060.1586354873657 1085.8452848321322 
995.3290011917743 984.6257010156855 1028.706834962185 1418.493991149866 872.3255664556068 7411.169217091789 1255.5657518938706 1144.9374097128157 1542.1205151987242 802.7684751299544 873.9945310307457 1712.7979815680746 1254.7601298717436 521.3779533535667 2126.6457445202386 834.8781847975138 586.9864216282322 1301.440463608582 4422.680145323497 1274.722600802491 530.8505404718389 1002.8932954799379 1242.5480132472894 1060.1586354873657 1085.8452848321322 
995.3290011917743 984.6257010156855 1028.706834962185 1418.493991149866 872.3255664556068 7411.169214742813 1255.5657518938706 1144.9374097128157 1542.1205151987242 802.7684751299544 873.992453294632 1712.7979815680746 1254.7601298717436 521.3779533535667 2126.6457445202386 834.8781847975138 586.9864216282322 1301.440463608582 4422.680145323497 1274.722600802491 530.8505404718389 1002.8932954799379 1242.5480132472894 1060.1586354873657 1085.8452848321322 
995.3290011917743 984.6257010156855 1028.706834962185 1418.493991149866 872.3255664556068 7411.169214742813 1255.5657518938706 1144.9374097128157 1542.1205151987242 802.7684751299544 873.991778861815 1712.7979815680746 1254.7601298717436 521.3779533535667 2126.6457445202386 834.8781847975138 586.9864216282322 1301.440463608582 4422.680145323497 1274.722600802491 530.8505404718389 1002.8932954799379 1242.5480132472894 1060.1586354873657 1085.8452848321322 
995.3290011917743 984.6257010156855 1028.706834962185 1418.493991149866 872.3255664556068 7411.169214738191 1255.5657518938706 1144.9374097128157 1542.1205151987242 802.7684751299544 873.9917226641378 1712.7979815680746 1254.7601298717436 521.3779533535667 2126.6457445202386 834.8781847975138 586.9864216282322 1301.440463608582 4422.680145323497 1274.722600802491 530.8505404718389 1002.8932954799379 1242.5480132472894 1060.1586354873657 1085.8452848321322 
995.3290011917743 984.6257010156855 1028.706834962185 1418.493991149866 872.3255664556068 7411.1692147381455 1255.5657518938706 1144.9374097128157 1542.1205151987242 802.7684751299544 873.9916768485687 1712.7979815680746 1254.7601298717436 521.3779533535667 2126.6457445202386 834.8781847975138 586.9864120134389 1301.440463608582 4422.680145323497 1274.722600802491 530.8505404718389 1002.8932954799379 1242.5480132472894 1060.1586354873657 1085.8452848321322 
995.3290011917743 984.6257010156855 1028.706834962185 1418.493991149866 872.3255664556068 7411.169214737867 1255.5657518938706 1144.9374097128157 1542.1205151987242 802.7684751299544 873.9681328243978 1712.7979815680746 1254.7601298717436 521.3779533535667 2126.6457445202386 834.8781847975138 586.9864117670163 1301.440463608582 4422.680145323497 1274.722600802491 530.8505404718389 1002.8932954799379 1242.5480132472894 1060.1586354873657 1085.8452848321322 
995.3290011917743 984.6257010156855 1028.706834962185 1418.493991149866 872.3255664556068 7411.169214737867 1255.5657518938706 1144.9374097128157 1542.1205151987242 802.7684751299544 873.9278376986517 1712.7979815680746 1254.7601298717436 521.3779533535667 2126.6457445202386 834.8781847975138 586.9864113629674 1301.440463608582 4422.680145323497 1274.722600802491 530.8505404718389 1002.8932954799379 1242.5480132472894 1060.1586354873657 1085.8452848321322 
995.3290011917743 984.6257010156855 1028.706834962185 1418.493991149866 872.3255664556068 7411.169214737862 1255.5657518938706 1144.9374097128157 1542.1205151987242 802.7684751299544 873.9161882463732 1712.7979815680746 1254.7601298717436 521.3779533535667 2126.6457445202386 834.8781847975138 586.9864110073186 1301.440463608582 4422.680145323497 1274.722600802491 530.8505404718389 1002.8932954799379 1242.5480132472894 1060.1586354873657 1085.8452848321322 
995.3290011917743 984.6257010156855 1028.706834962185 1418.493991149866 872.3255664556068 7411.169214737862 1255.5657518938706 1144.9374097128157 1542.1205151987242 802.7684751299544 873.9129644212148 1712.7979815680746 1254.7601298717436 521.3779533535667 2126.6457445202386 834.8781847975138 586.986411006269 1301.440463608582 4422.680145323497 1274.722600802491 530.8505404718389 1002.8932954799379 1242.5480132472894 1060.1586354873657 1085.8452848321322 
995.3290011917743 984.6257010156855 1028.706834962185 1418.493991149866 872.3255664556068 7411.169214737862 1255.5657518938706 1144.9374097128157 1542.1205151987242 802.7684751299544 873.9129644212148 1712.7979815680746 1254.7601298717436 521.3779533535667 2126.6457445202386 834.8781847975138 586.9863831424632 1301.440463608582 4422.680145323497 1274.722600802491 530.8505404718389 1002.8932954799379 1242.5480132472894 1060.1586354873657 1085.8452848321322 
995.3290011917743 984.6257010156855 1028.706834962185 1418.493991149866 872.3255664556068 7411.16921473786 1255.5657518938706 1144.9374097128157 1542.1205151987242 802.7684751299544 873.9123012348823 1712.7979815680746 1254.7601298717436 521.3779533535667 2126.6457445202386 834.8781847975138 586.9863199285364 1301.440463608582 4422.680145323497 1274.722600802491 530.8505404718389 1002.8932954799379 1242.5480132472894 1060.1586354873657 1085.8452848321322 
995.3290011917743 984.6257010156855 1028.706834962185 1418.493991149866 872.3255664556068 7411.169214737858 1255.5657518938706 1144.9374097128157 1542.1205151987242 802.7684751299544 873.2565415642434 1712.7979815680746 1254.7601298717436 521.3779533535667 2126.6457445202386 834.8781847975138 586.9863199285364 1301.440463608582 4422.680145323497 1274.722600802491 530.8505404718389 1002.8932954799379 1242.5480132472894 1060.1586354873657 1085.8452848321322 
995.3290011917743 984.6257010156855 1028.706834962185 1418.493991149866 867.98233158516 7411.169214737858 1255.5657518938706 1144.9374097128157 1542.1205151987242 802.7684751299544 873.1457520598169 1712.7979815680746 1254.7601298717436 521.3779533535667 2126.6457445202386 834.8781847975138 586.9862839094758 1301.440463608582 4422.680145323497 1274.722600802491 530.8505404718389 1002.8932954799379 1242.5480132472894 1060.1586354873657 1085.8452848321322 
995.3290011917743 984.6257010156855 1028.706834962185 1418.493991149866 864.4951418324999 7411.169214737856 1255.5657518938706 1144.9374097128157 1542.1205151987242 802.7684751299544 872.6629986210737 1712.7979815680746 1254.7601298717436 521.3779533535667 2126.6457445202386 834.8781847975138 586.9862839094758 1301.440463608582 4422.680145323497 1274.722600802491 530.8505404718389 1002.8932954799379 1242.5480132472894 1060.1586354873657 1085.8452848321322 
995.3290011917743 984.6257010156855 1028.706834962185 1418.493991149866 864.168200040705 7411.169214737856 1255.5657518938706 1144.9374097128157 1542.1205151987242 802.7684751299544 872.5680241355926 1712.7979815680746 1254.7601298717436 521.3779533535667 2126.6457445202386 834.8781847975138 586.9862781386091 1301.440463608582 4422.680145323497 1274.722600802491 530.8505404718389 1002.8932954799379 1242.5480132472894 1060.1586354873657 1085.8452848321322 
995.3290011917743 984.6257010156855 1028.706834962185 1418.493991149866 864.0790656105864 7411.169214737856 1255.5657518938706 1144.9374097128157 1542.1205151987242 802.7684751299544 872.494257175139 1712.7979815680746 1254.7601298717436 521.3779533535667 2126.6457445202386 834.8781847975138 586.9861495423775 1301.440463608582 4422.680145323497 1274.722600802491 530.8505404718389 1002.8932954799379 1242.5480132472894 1060.1586354873657 1085.8452848321322 
995.3290011917743 984.6257010156855 1028.706834962185 1418.493991149866 864.0764386929441 7411.169214737856 1255.5657518938706 1144.9374097128157 1542.1205151987242 802.7684751299544 872.0406668348132 1712.7979815680746 1254.7601298717436 521.3779533535667 2126.6457445202386 834.8781847975138 586.9861495423775 1301.440463608582 4422.680145323497 1274.722600802491 530.8505404718389 1002.8932954799379 1242.5480132472894 1060.1586354873657 1085.8452848321322 
995.3290011917743 984.6257010156855 1028.706834962185 1418.493991149866 864.0752144559679 7411.169214737856 1255.5657518938706 1144.9374097128157 1542.1205151987242 802.7684751299544 871.8473820784125 1712.7979815680746 1254.7601298717436 521.3779533535667 2126.6457445202386 834.8781847975138 586.9861393931728 1301.440463608582 4422.680145323497 1274.722600802491 530.8505404718389 1002.8932954799379 1242.5480132472894 1060.1586354873657 1085.8452848321322 
995.3290011917743 984.6257010156855 1028.706834962185 1418.493991149866 864.075213687187 7411.169214737856 1255.5657518938706 1144.9374097128157 1542.1205151987242 802.7684751299544 871.8208559251584 1712.7979815680746 1254.7601298717436 521.3779533535667 2126.6457445202386 834.8781847975138 586.9861393931728 1301.440463608582 4422.680145323497 1274.722600802491 530.8505404718389 1002.8932954799379 1242.5480132472894 1060.1586354873657 1085.8452848321322 
995.3290011917743 984.6257010156855 1028.706834962185 1418.493991149866 864.0751488293904 7411.169214737856 1255.5657518938706 1144.9374097128157 1542.1205151987242 802.7684751299544 871.795533235037 1712.7979815680746 1254.7601298717436 521.3779533535667 2126.6457445202386 834.8781847975138 586.9861393931728 1301.440463608582 4422.680145323497 1274.722600802491 530.8505404718389 1002.8932954799379 1242.5480132472894 1060.1586354873657 1085.8452848321322 
995.3290011917743 984.6257010156855 1028.706834962185 1418.493991149866 864.075148261204 7411.169214737856 1255.5657518938706 1144.9374097128157 1542.1205151987242 802.7684751299544 871.7743788924167 1712.7979815680746 1254.7601298717436 521.3779533535667 2126.6457445202386 834.8781847975138 586.9861393931728 1301.440463608582 4422.680145323497 1274.722600802491 530.8505404718389 1002.8932954799379 1242.5480132472894 1060.1586354873657 1085.8452848321322 
995.3290011917743 984.6257010156855 1028.706834962185 1418.493991149866 864.0751430981622 7411.169214737856 1255.5657518938706 1144.9374097128157 1542.1205151987242 802.7684751299544 871.6699954647006 1712.7979815680746 1254.7601298717436 521.3779533535667 2126.6457445202386 834.8781847975138 586.9861393931728 1301.440463608582 4422.680145323497 1274.722600802491 530.8505404718389 1002.8932954799379 1242.5480132472894 1060.1586354873657 1085.8452848321322 
995.3290011917743 984.6257010156855 1028.706834962185 1418.493991149866 864.0751284194394 7411.169214737856 1255.5657518938706 1144.9374097128157 1542.1205151987242 802.7684751299544 871.6552412282181 1712.7979815680746 1254.7601298717436 521.3779533535667 2126.6457445202386 834.8781847975138 586.9861393931728 1301.440463608582 4422.680145323497 1274.722600802491 530.8505404718389 1002.8932954799379 1242.5480132472894 1060.1586354873657 1085.8452848321322 
995.3290011917743 984.6257010156855 1028.706834962185 1418.493991149866 864.0751248274537 7411.169214737856 1255.5657518938706 1144.9374097128157 1542.1205151987242 802.7684751299544 871.653486311438 1712.7979815680746 1254.7601298717436 521.3779533535667 2126.6457445202386 834.8781847975138 586.9861380120701 1301.440463608582 4422.680145323497 1274.722600802491 530.8505404718389 1002.8932954799379 1242.5480132472894 1060.1586354873657 1085.8452848321322 
995.3290011917743 984.6257010156855 1028.706834962185 1418.493991149866 864.075124374317 7411.169214737856 1255.5657518938706 1144.9374097128157 1542.1205151987242 802.7684751299544 871.6532861045571 1712.7979815680746 1254.7601298717436 521.3779533535667 2126.6457445202386 834.8781847975138 586.9861380120701 1301.440463608582 4422.680145323497 1274.722600802491 530.8505404718389 1002.8932954799379 1242.5480132472894 1060.1586354873657 1085.8452848321322 
995.3290011917743 984.6257010156855 1028.706834962185 1418.493991149866 864.075124374317 7411.169214737856 1255.5657518938706 1144.9374097128157 1542.1205151987242 802.7684751299544 871.6532819833569 1712.7979815680746 1254.7601298717436 521.3779533535667 2126.6457445202386 834.8781847975138 586.9861380120701 1301.440463608582 4422.680145323497 1274.722600802491 530.8505404718389 1002.8932954799379 1242.5480132472894 1060.1586354873657 1085.8452848321322 
995.3290011917743 984.6257010156855 1028.706834962185 1418.493991149866 864.0751242568444 7411.169214737856 1255.5657518938706 1144.9374097128157 1542.1205151987242 802.7684751299544 871.5437891981851 1712.7979815680746 1254.7601298717436 521.3779533535667 2126.6457445202386 834.8781847975138 586.9861380120701 1301.440463608582 4422.680145323497 1274.722600802491 530.8505404718389 1002.8932954799379 1242.5480132472894 1060.1586354873657 1085.8452848321322 
995.3290011917743 984.6257010156855 1028.706834962185 1418.493991149866 864.0751179683248 7411.169214737856 1255.5657518938706 1144.9374097128157 1542.1205151987242 802.7684751299544 871.5355718794458 1712.7979815680746 1254.7601298717436 521.3779533535667 2126.6457445202386 834.8781847975138 586.9861380120701 1301.440463608582 4422.680145323497 1274.722600802491 530.8505404718389 1002.8932954799379 1242.5480132472894 1060.1586354873657 1085.8452848321322 
995.3290011917743 984.6257010156855 1028.706834962185 1418.493991149866 864.0751179683248 7411.169214737856 1255.5657518938706 1144.9374097128157 1542.1205151987242 802.7684751299544 871.5337423724327 1712.7979815680746 1254.7601298717436 521.3779533535667 2126.6457445202386 834.8781847975138 586.9861380120701 1301.440463608582 4422.680145323497 1274.722600802491 530.8505404718389 1002.8932954799379 1242.5480132472894 1060.1586354873657 1085.8452848321322 
995.3290011917743 984.6257010156855 1028.706834962185 1418.493991149866 864.075117923956 7411.169214737856 1255.5657518938706 1144.9374097128157 1542.1205151987242 802.7684751299544 871.5313558329676 1712.7979815680746 1254.7601298717436 521.3779533535667 2126.6457445202386 834.8781847975138 586.9861380120701 1301.440463608582 4422.680145323497 1274.722600802491 530.8505404718389 1002.8932954799379 1242.5480132472894 1060.1586354873657 1085.8452848321322 
995.3290011917743 984.6257010156855 1028.706834962185 1418.493991149866 864.075117923956 7411.169214737856 1255.5657518938706 1144.9374097128157 1542.1205151987242 802.7684751299544 871.5301924470627 1712.7979815680746 1254.7601298717436 521.3779533535667 2126.6457445202386 834.8781847975138 586.9861380120701 1301.440463608582 4422.680145323497 1274.722600802491 530.8505404718389 1002.8932954799379 1242.5480132472894 1060.1586354873657 1085.8452848321322 
995.3290011917743 984.6257010156855 1028.706834962185 1418.493991149866 864.0751179196113 7411.169214737854 1255.5657518938706 1144.9374097128157 1542.1205151987242 802.7684751299544 871.5301378056911 1712.7979815680746 1254.7601298717436 521.3779533535667 2126.6457445202386 834.8781847975138 586.9861380120701 1301.440463608582 4422.680145323497 1274.722600802491 530.8505404718389 1002.8932954799379 1242.5480132472894 1060.1586354873657 1085.8452848321322 
995.3290011917743 984.6257010156855 1028.706834962185 1418.493991149866 864.0751134072734 7411.169214737854 1255.5657518938706 1144.9374097128157 1542.1205151987242 802.7684751299544 871.5079851601668 1712.7979815680746 1254.7601298717436 521.3779533535667 2126.6457445202386 834.8781847975138 586.9861380120701 1301.440463608582 4422.680145323497 1274.722600802491 530.8505404718389 1002.8932954799379 1242.5480132472894 1060.1586354873657 1085.8452848321322 
995.3290011917743 984.6257010156855 1028.706834962185 1418.493991149866 864.0751132445162 7411.169214737854 1255.5657518938706 1144.9374097128157 1542.1205151987242 802.7684751299544 871.5079851601668 1712.7979815680746 1254.7601298717436 521.3779533535667 2126.6457445202386 834.8781847975138 586.9861380120697 1301.440463608582 4422.680145323497 1274.722600802491 530.8505404718389 1002.8932954799379 1242.5480132472894 1060.1586354873657 1085.8452848321322 
995.3290011917743 984.6257010156855 1028.706834962185 1418.493991149866 864.0751132065952 7411.169214737854 1255.5657518938706 1144.9374097128157 1542.1205151987242 802.7684751299544 871.5071940278294 1712.7979815680746 1254.7601298717436 521.3779533535667 2126.6457445202386 834.8781847975138 586.9861380120697 1301.440463608582 4422.680145323497 1274.722600802491 530.8505404718389 1002.8932954799379 1242.5480132472894 1060.1586354873657 1085.8452848321322 
995.3290011917743 984.6257010156855 1028.706834962185 1418.493991149866 864.0751132056075 7411.169214737854 1255.5657518938706 1144.9374097128157 1542.1205151987242 802.7684751299544 871.5069289712042 1712.7979815680746 1254.7601298717436 521.3779533535667 2126.6457445202386 834.8781847975138 586.9861380120697 1301.440463608582 4422.680145323497 1274.722600802491 530.8505404718389 1002.8932954799379 1242.5480132472894 1060.1586354873657 1085.8452848321322 
995.3290011917743 984.6257010156855 1028.706834962185 1418.493991149866 864.0751132056075 7411.169214737854 1255.5657518938706 1144.9374097128157 1542.1205151987242 802.7684751299544 871.5067930818909 1712.7979815680746 1254.7601298717436 521.2379423590978 2126.6457445202386 834.8781847975138 586.9861380120697 1301.440463608582 4422.680145323497 1274.722600802491 530.8505404718389 1002.8932954799379 1242.5480132472894 1060.1586354873657 1085.8452848321322 
995.3290011917743 984.6257010156855 1028.706834962185 1418.493991149866 864.0751132055948 7411.169214737854 1255.5657518938706 1144.9374097128157 1542.1205151987242 802.7684751299544 871.506746661938 1712.7979815680746 1254.7601298717436 520.6778680029151 2126.6457445202386 834.8781847975138 586.9861380120697 1301.440463608582 4422.680145323497 1274.722600802491 530.8505404718389 1002.8932954799379 1242.5480132472894 1060.1586354873657 1085.8452848321322 
995.3290011917743 984.6257010156855 1028.706834962185 1418.493991149866 864.0751132055861 7411.169214737854 1255.5657518938706 1144.9374097128157 1542.1205151987242 802.7684751299544 871.506746661938 1712.7979815680746 1254.7601298717436 520.5902487787771 2126.6457445202386 834.8781847975138 586.9861380120697 1301.440463608582 4422.680145323497 1274.722600802491 530.8505404718389 1002.8932954799379 1242.5480132472894 1060.1586354873657 1085.8452848321322 
995.3290011917743 984.6257010156855 1028.706834962185 1411.9334740084914 864.0751132055607 7411.169214737854 1255.5657518938706 1144.9374097128157 1542.1205151987242 802.7684751299544 871.506746661938 1712.7979815680746 1254.7601298717436 520.3643108608794 2126.6457445202386 834.8781847975138 586.9861380120697 1301.440463608582 4422.680145323497 1274.722600802491 530.8505404718389 1002.8932954799379 1242.5480132472894 1060.1586354873657 1085.8452848321322 
995.3290011917743 984.6257010156855 1028.706834962185 1411.9334740084914 864.0751132055575 7411.169214737854 1255.5657518938706 1144.9374097128157 1542.1205151987242 802.7684751299544 871.5067427778663 1712.7979815680746 1254.7601298717436 520.3188136085537 2126.6457445202386 834.8781847975138 586.9861380120697 1301.440463608582 4422.680145323497 1274.722600802491 530.8505404718389 1002.8932954799379 1242.5480132472894 1060.1586354873657 1085.8452848321322 
995.3290011917743 984.6257010156855 1028.706834962185 1411.93343658924 864.0751132055543 7411.169214737854 1255.5657518938706 1144.9374097128157 1542.1205151987238 802.7684751299544 871.5067402625723 1712.7979815680746 1254.7601298717436 520.3105937769324 2126.6457445202386 834.8781847975138 586.9861380120697 1301.440463608582 4422.680145323497 1274.722600802491 530.8505404718389 1002.8932954799379 1242.5480132472894 1060.1586354873657 1085.8452848321322 
995.3289995514892 984.6257010156855 1028.706834962185 1411.933427486304 864.0751132055539 7411.169214737854 1255.5657518938706 1144.9374097128157 1542.1205151987238 802.7684751299544 871.5067402625723 1710.6595787576762 1254.7601298717436 520.1646676881946 2126.6457445202386 834.8781847975138 586.9861380120697 1301.440463608582 4422.680145323497 1274.722600802491 530.8505404718389 1002.8932954799379 1242.5480132472894 1060.1586354873657 1085.8452848321322 
995.3289995514892 984.6257010156855 1028.706834962185 1411.933427486304 864.0751132055539 7411.169213746616 1255.5657518938706 1144.9374097128157 1542.1205151987238 802.7684751299544 871.5067402625723 1710.6350389716454 1254.7601298717436 519.9056044509202 2126.6457445202386 834.8781847975138 586.9861380120697 1301.440463608582 4422.680145323497 1274.722600802491 530.8505404718389 1002.8932954799379 1242.5480132472894 1060.1586354873657 1085.8452848321322 
995.3289995514892 984.6257010156855 1028.706834962185 1411.933427486304 864.0751132055539 7411.169213746616 1255.5657518938706 1144.9374097128157 1542.1205151987238 802.7684751299544 871.5067400547937 1710.567118841952 1254.7601298717436 519.8993271439363 2126.6457445202386 834.8781847975138 586.9861380120697 1301.440463608582 4422.680145323497 1274.722600802491 530.8505404718389 1002.8932954799379 1242.5480132472894 1060.1586354873657 1085.8452848321322 
995.3289995514892 984.6257010156855 1028.706834962185 1411.933427486304 864.0751132055539 7411.169213746616 1255.5657518938706 1144.9374097128157 1542.1205151987238 802.7684751299544 871.5067400547937 1710.567118841952 1254.7601298717436 519.8993271439363 2126.6457445202386 834.8781847975138 586.9861380120697 1301.440463608582 4422.680145323497 1274.722600802491 530.8505404718389 1002.8932954799379 1242.5480132472894 1060.1586354873657 1085.8452848321322 
995.3289995514892 984.6257010156855 1028.706834962185 1411.933427486304 864.0751132055539 7411.169213746616 1255.5657518938706 1144.9374097128157 1542.1205151987238 802.7684751299544 871.5067042897235 1710.567118841952 1254.7601298717436 519.8993087391309 2126.6457445202386 834.8781847975138 586.9861380120697 1301.440463608582 4422.680145323497 1274.722600802491 530.8505404718389 1002.8932954799379 1242.5480132472894 1060.1586354873657 1085.8452848321322 
995.3289995514892 984.6257010156855 1028.706834962185 1411.933427486304 864.0751132055539 7411.169213746616 1255.5657518938706 1144.9374097128157 1542.1205151987238 802.7684751299544 871.5066737238335 1710.567118841952 1254.7601298717436 519.8989658851806 2126.6457445202386 834.8781847975138 586.9861380120697 1301.440463608582 4422.680145323497 1274.722600802491 530.8505404718389 1002.8932954799379 1242.5480132472894 1060.1586354873657 1085.8452848321322 
995.3289995514892 984.6257010156855 1028.706834962185 1411.933427486304 864.0751132055539 7411.169213746616 1255.5657518938706 1144.9374097128157 1542.1205151987238 802.7684751299544 871.5066737238335 1710.567118841952 1254.7601298717436 519.8989658851806 2126.6457445202386 834.8781847975138 586.9861380120697 1301.440463608582 4422.680145323497 1274.722600802491 530.8505404718389 1002.8932954799379 1242.5480132472894 1060.1586354873657 1085.8452848321322 
995.3289995514892 984.6257010156855 1028.706834962185 1411.933427486304 864.0751132055539 7411.169213746616 1255.5657518938706 1144.9374097128157 1542.1205151987238 802.7684751299544 871.5066737238335 1710.56348303111 1254.7601298717436 519.8983937060389 2126.6457445202386 834.8781847975138 586.9861380120697 1301.440463608582 4422.680145323497 1274.722600802491 530.8505404718389 1002.8932954799379 1242.5480132472894 1060.1586354873657 1085.8452848321322 
995.3289995514892 984.6257010156855 1028.706834962185 1411.933427486304 864.0751132055539 7411.169213746616 1255.5657518938706 1144.9374097128157 1542.1205151987238 802.7684751299544 871.5066737238335 1710.5634546585043 1254.7601298717436 519.8983937060389 2126.6457445202386 834.8781847975138 586.9861380120697 1301.440463608582 4422.680145323497 1274.722600802491 530.8505404718389 1002.8932954799379 1242.5480132472894 1060.1586354873657 1085.8452848321322 
995.3289995514892 984.6257010156855 1028.706834962185 1411.933427486304 864.0751132055539 7411.169213746616 1255.5657518938706 1144.9374097128157 1542.1205151987238 802.7684751299544 871.5066737238335 1710.5634223163902 1254.7601298717436 519.8981424058375 2126.6457445202386 834.8781847975138 586.9861380120697 1301.440463608582 4422.680145323497 1274.722600802491 530.8505404718389 1002.8932954799379 1242.5480132472894 1060.1586354873657 1085.8452848321322 
995.3289995514892 984.6257010156855 1028.706834962185 1411.933427486304 864.0751132055539 7411.169213746614 1255.5657518938706 1144.9374097128157 1542.1205151987238 802.7684751299544 871.5066737238335 1710.5634223163902 1254.7601298717436 519.898127458569 2126.6457445202386 834.8781847975138 586.9861380120697 1301.440463608582 4422.680145323497 1274.722600802491 530.8505404718389 1002.8932954799379 1242.5480132472894 1060.1586354873657 1085.8452848321322 
995.3289995514892 984.6257010156855 1028.706834962185 1411.933427486304 864.0751132055539 7411.1692137466125 1255.5657518938706 1144.9374097128157 1542.1205151987238 802.7684751299544 871.5066737238335 1710.563376699536 1254.7601298717436 519.89812539691 2126.6457445202386 834.8781847975138 586.9861380120697 1301.440463608582 4422.680145323497 1274.722600802491 530.8505404718389 1002.8932954799379 1242.5480132472894 1060.1586354873657 1085.8452848321322 
995.3289995514892 984.6257010156855 1028.706834962185 1411.933427486304 864.0751132055539 7411.169213746611 1255.5657518938706 1144.9374097128157 1542.1205151987238 802.7684751299544 871.5066737238335 1710.563374963368 1254.7601298717436 519.8981202912728 2126.6457445202386 834.8781847975138 586.9861380120697 1301.440463608582 4422.680145323497 1274.722600802491 530.8505404718389 1002.8932954799379 1242.5480132472894 1060.1586354873657 1085.8452848321322 
995.3289995514892 984.6257010156855 1028.706834962185 1411.933427486304 864.0751132055539 7411.169213746607 1255.5657518938706 1144.9374097128157 1542.1205151987238 802.7684751299544 871.5066737238335 1710.5633746755702 1254.7601298717436 519.898118214313 2126.6457445202386 834.8781847975138 586.9861380120697 1301.440463608582 4422.680145323497 1274.722600802491 530.8505404718389 1002.8932954799379 1242.5480132472894 1060.1586354873657 1085.8452848321322 
995.3289995514892 984.6257010156855 1028.706834962185 1411.933427486304 864.0751132055539 7411.169213746607 1255.5657518938706 1144.9374097128157 1542.1205151987238 802.7684751299544 871.5066737238335 1710.5633734681387 1254.7601298717436 519.8981181905565 2126.6457445202386 834.8781847975138 586.9861380120697 1301.440463608582 4422.680145323497 1274.722600802491 530.8505404718389 1002.8932954799379 1242.5480132472894 1060.1586354873657 1085.8452848321322 
995.3289995514892 984.6257010156855 1028.706834962185 1411.933427486304 864.0751132055539 7411.169213746607 1255.5657518938706 1144.9374097128157 1542.1205151987238 802.7684751299544 871.5066172616866 1710.5633728948283 1254.7601298717436 519.8981181893932 2126.6457445202386 834.8781847975138 586.9861380120697 1301.440463608582 4422.680145323497 1274.722600802491 530.8505404718389 1002.8932954799379 1242.5480132472894 1060.1586354873657 1085.8452848321322 
995.3289995514892 984.6257010156855 1028.706834962185 1411.933427486304 864.0751132055539 7411.169213746607 1255.5657518938706 1144.9374097128157 1542.1205151987238 802.7684751299544 871.5066172616866 1710.5633725620946 1254.7601298717436 519.8981181282215 2126.6457445202386 834.8781847975138 586.9861380120697 1301.440463608582 4422.680145323497 1274.722600802491 530.8505404718389 1002.8932954799379 1242.5480132472894 1060.1586354873657 1085.8452848321322 
995.3289995514892 984.6257010156855 1028.706834962185 1411.933427486304 864.0751132055539 7411.169213746607 1255.5657518938706 1144.9374097128157 1542.1205151987238 802.7684751299544 871.5066172616866 1710.5633725620946 1254.7601298717436 519.898118124152 2126.6457445202386 834.8781847975138 586.9861380120697 1301.440463608582 4422.680145323497 1274.722600802491 530.8505404718389 1002.8932954799379 1228.6472467053295 1060.1586354873657 1085.8452848321322 
995.3289995514892 984.6257010156855 1028.706834962185 1411.933427486304 864.0751132055539 7411.169213746607 1255.5657518938706 1144.9374097128157 1542.1205151987238 802.7684751299544 871.5066172616866 1710.5633725620946 1254.7601298717436 519.8981181166496 2126.6457445202386 834.8781847975138 586.9861380120697 1301.440463608582 4422.680145323497 1274.722600802491 530.8505404718389 1002.8932954799379 1227.6323170981022 1060.1586354873657 1085.8452848321322 
995.3289995514892 984.6257010156855 1028.706834962185 1411.933427486304 864.0751132055539 7411.169213746607 1255.5657518938706 1144.9374097128157 1542.1205151987238 802.7684751299544 871.5066172616866 1710.5633725255493 1254.7601298717436 519.8980778246287 2126.6457445202386 834.8781847975138 586.9861380120697 1301.440463608582 4422.680145323497 1274.722600802491 530.8505404718389 1002.8932954799379 1227.5586778286952 1060.1586354873657 1085.8452848321322 
995.3289995514892 984.6257010156855 1028.706834962185 1411.933427486304 864.0751132055539 7411.169213746607 1255.5657518938706 1144.9374097128157 1542.1205151987238 802.7684751299544 871.5066117251163 1710.5633725228126 1254.7601298717436 519.8977220022166 2126.6457445202386 834.8781847975138 586.9861380120697 1301.440463608582 4422.680145323497 1274.722600802491 530.8505404718389 1002.8932954799379 1227.4627495567765 1060.1586354873657 1085.8452848321322 
995.3289995514892 984.6257010156855 1028.706834962185 1411.933427486304 864.0751132055539 7411.169213746607 1255.5657518938706 1144.9374097128157 1542.1205151987238 802.7684751299544 871.5066117251163 1710.5633725045468 1254.7601298717436 519.897702299259 2126.6457445202386 834.8781847975138 586.9861380120697 1301.440463608582 4422.680145323497 1274.722600802491 530.8505404718389 1002.8932954799379 1226.6350287539644 1060.1586354873657 1085.8452848321322 
995.3289995514892 984.6257010156855 1028.706834962185 1411.933427486304 864.0751132055539 7411.169213746607 1255.5657518938706 1144.9374097128157 1542.1205151987238 802.7684751299544 871.5066117251163 1710.5633725043476 1254.7601298717436 519.897702299259 2126.6457445202386 834.8781847975138 586.9861380120697 1301.440463608582 4422.680145323497 1274.722600802491 530.8505404718389 1002.8932954799379 1225.6007227172468 1060.1586354873657 1085.8452848321322 
995.3289995514892 984.6257010156855 1028.706834962185 1411.933427486304 864.0751132055539 7411.169213746607 1255.5657518938706 1144.9374097128157 1542.1205151987238 802.7684751299544 871.4260588919351 1710.5633724970976 1254.7601298717436 519.8977002738548 2126.6457445202386 834.8781847975138 586.9861380120697 1301.440463608582 4422.680145323497 1274.722600802491 530.8505404718389 1002.8932954799379 1225.5956351674185 1060.1586354873657 1085.8452848321322 
995.3289995514892 984.6257010156855 1028.706834962185 1411.933427486304 864.0751132055539 7411.169213746607 1255.5657518938706 1144.9374097128157 1542.1205151987238 802.7684751299544 871.4240145794015 1710.5633724955887 1254.7601298717436 519.8976985118857 2126.6457445202386 834.8781847975138 586.9861380120697 1301.440463608582 4422.680145323497 1274.722600802491 530.8505404718389 1002.8932954799379 1225.5102962396386 1060.1586354873657 1085.8452848321322 
995.3289995514892 984.6257010156855 1028.706834962185 1411.933427486304 864.0751132055539 7411.169213746607 1255.5657518938706 1144.9374097128157 1542.1205151987238 802.7684751299544 871.4193859531397 1710.5633724952904 1254.7601298717436 519.8976985118857 2126.6457445202386 834.8781847975138 586.9861380120697 1301.440463608582 4422.680145323497 1274.722600802491 530.8505404718389 1002.8932954799379 1225.394250706786 1060.1586354873657 1085.8452848321322 
995.3289995514892 984.6257010156855 1028.706834962185 1411.933427486304 864.0751132055539 7411.169213746607 1255.5657518938706 1144.9374097128157 1542.1205151987238 802.7684751299544 871.41912221749 1710.563372494329 1254.7601298717436 519.8976985118857 2126.6457445202386 834.8781847975138 586.9861380120697 1301.440463608582 4422.680145323497 1274.722600802491 530.8505404718389 1002.8932954799379 1225.394250706786 1060.1586354873657 1085.8452848321322 
995.3289995514892 984.6257010156855 1028.706834962185 1411.933427486304 864.0751132055539 7411.169213746607 1255.5657518938706 1144.9374097128157 1542.1205151987238 802.7684751299544 871.3802086244937 1710.5633724934473 1254.7601298717436 519.8976981537935 2126.6457445202386 834.8781847975138 586.9861380120697 1301.440463608582 4422.680145323497 1274.722600802491 530.8505404718389 1002.8932954799379 1225.394250706786 1060.1586354873657 1085.8452848321322 
995.3289995514892 984.6257010156855 1028.706834962185 1411.933427486304 864.0751132055539 7411.169213746607 1255.5657518938706 1144.9374097128157 1542.1205151987238 802.7684751299544 871.3531166462708 1710.5633724934473 1254.7601298717436 519.8976981537935 2126.6457445202386 834.8781847975138 586.9861380120697 1301.440463608582 4422.680145323497 1274.722600802491 530.8505404718389 1002.8932954799379 1225.394250706786 1060.1586354873657 1085.8452848321322 
995.3289995514892 984.6257010156855 1028.706834962185 1411.933427486304 864.0751132055539 7411.169213746607 1255.5657518938706 1144.9374097128157 1542.1205151987238 802.7684751299544 871.3502697509693 1710.5633724934464 1254.7601298717436 519.8976981537935 2126.6457445202386 834.8781847975138 586.9861380120697 1301.440463608582 4422.680145323497 1274.722600802491 530.8505404718389 1002.8932954799379 1225.394250706786 1060.1586354873657 1085.8452848321322 
995.3289995514892 984.6257010156855 1028.706834962185 1411.933427486304 864.0751132055539 7411.169213746607 1255.5657518938706 1144.9374097128157 1542.1205151987238 802.7684751299544 871.3473071071244 1710.5633724934464 1254.7601298717436 519.8976981537935 2126.6457445202386 834.8781847975138 586.9861380120697 1301.440463608582 4422.680145323497 1274.722600802491 530.8505404718389 1002.8932954799379 1225.394250706786 1060.1586354873657 1085.8452848321322 
995.3289995514892 984.6257010156855 1028.706834962185 1411.933427486304 864.0751132055539 7411.169213746607 1255.5657518938706 1144.9374097128157 1542.1205151987238 802.7684751299544 871.3468407153714 1710.5633724913887 1254.7601298717436 519.8976981537935 2126.6457445202386 834.8781847975138 586.9861380120697 1301.440463608582 4422.680145323497 1274.722600802491 530.8505404718389 1002.8932954799379 1225.394250706786 1060.1586354873657 1085.8452848321322 
995.3289995514892 984.6257010156855 1028.706834962185 1411.933427486304 864.0751132055539 7411.169213746607 1255.5657518938706 1144.9374097128157 1542.1205151987238 802.7684751299544 871.3468239020153 1710.5633724913878 1254.7601298717436 519.8976981537935 2126.6457445202386 834.8781847975138 586.9861380120697 1301.440463608582 4422.680145323497 1274.722600802491 530.8505404718389 1002.8932954799379 1225.394250706786 1060.1586354873657 1085.8452848321322 
995.3289995514892 984.6257010156855 1028.706834962185 1411.933427486304 864.0751132055539 7411.169213746607 1255.5657518938706 1144.9374097128157 1542.1205151987238 802.7684751299544 871.3468235717573 1710.5633724913878 1254.7601298717436 519.897698153793 2126.6457445202386 834.8781847975138 586.9861380120697 1301.440463608582 4422.680145323497 1274.722600802491 530.8505404718389 1002.8932954799379 1225.394250706786 1060.1586354873657 1085.8452848321322 
995.3289995514892 984.6257010156855 1028.706834962185 1411.933427486304 864.0751132055539 7411.169213746607 1255.5657518938706 1144.9374097128157 1542.1205151987238 802.7684751299544 871.3468225600463 1710.5633724913878 1254.7601298717436 519.897698153793 2126.6457445202386 834.8781847975138 586.9861380120697 1301.440463608582 4422.680145323497 1274.722600802491 530.8505404718389 1002.8932954799379 1225.394250706786 1060.1586354873657 1085.8452848321322 
995.3289995514892 984.6257010156855 1028.706834962185 1411.933427486304 864.0751132055539 7411.169213746607 1255.5657518938706 1144.9374097128157 1542.1205151987238 802.7684751299544 871.3468210587198 1710.5633724913878 1254.7601298717436 519.8976981537926 2126.6457445202386 834.8781847975138 586.9861380120697 1301.440463608582 4422.680145323497 1269.7331314277926 530.8505404718389 1002.8932954799379 1225.3940553751318 1060.1586354873657 1085.8452848321322 
995.3289995514892 984.6257010156855 1028.706834962185 1411.933427486304 864.0751132055539 7411.169213746607 1255.5657518938706 1144.9374097128157 1542.1205151987238 802.7684751299544 871.3468210529009 1710.5633724913878 1254.7601298717436 519.8976981537926 2126.6457445202386 834.8781847975138 586.9861380120697 1301.440463608582 4422.680145323497 1269.7331314277926 530.8505404718389 1002.8932954799379 1225.3940553751318 1060.1586354873657 1085.8452848321322 
995.3289995514892 984.6257010156855 1028.706834962185 1411.933427486304 864.0751132055539 7411.169213746607 1255.5657518938706 1144.9374097128157 1542.1205151987238 802.7684751299544 871.3468210026749 1710.5633724913878 1254.7601298717436 519.8976981537926 2126.6457445202386 834.8781847975138 586.9861380120697 1301.440463608582 4422.680145323497 1269.7331314277926 530.8505404718389 1002.8932954799379 1225.393936023872 1060.1586354873657 1085.8452848321322 
995.3289995514892 984.6257010156855 1028.706834962185 1411.933427486304 864.0751132055539 7411.169213746607 1255.5657518938706 1144.9374097128157 1542.1205151987238 802.7684751299544 871.3468210026749 1710.5633724913878 1254.7601298717436 519.8976981537926 2126.6457445202386 834.8781847975138 586.9861380120697 1301.440463608582 4422.680145323497 1269.7331314277926 530.8505404718389 1002.8932954799379 1225.3937658038494 1060.1586354873657 1085.8452848321322 
995.3289995514892 984.6257010156855 1028.706834962185 1411.933427486304 864.0751132055539 7411.169213746607 1255.5657518938706 1144.9374097128157 1542.1205151987238 802.7684751299544 871.3468209849043 1710.5633724913878 1254.7601298717436 519.8976981537926 2126.6457445202386 834.8781847975138 586.9861380120697 1301.440463608582 4422.680145323497 1269.7331314277926 530.8505404718389 1002.8932954799379 1225.3937658038494 1060.1586354873657 1085.8452848321322 
995.3289995514892 984.6257010156855 1028.706834962185 1411.933427486304 864.0751132055539 7411.169213746607 1255.5657518938706 1144.9374097128157 1542.1205151987238 802.7684751299544 871.3468209820285 1710.5633724913878 1254.7601298717436 519.8976981537926 2126.6457445202386 834.8781847975138 586.9861380120697 1301.440463608582 4422.680145323497 1269.7331314277926 530.8505404718389 1002.8932954799379 1225.3937658038494 1060.1586354873657 1085.8452848321322 
995.3289995514892 984.6257010156855 1028.706834962185 1411.933427486304 864.0751132055539 7411.169213746607 1255.5657518938706 1144.9374097128157 1542.1205151987238 802.7684751299544 871.3468209820285 1710.5633724913878 1254.7601298717436 519.8976981537926 2126.6457445202386 834.8781847975138 586.9861380120697 1301.440463608582 4422.680145323497 1269.7331314277926 530.8505404718389 1002.8932954799379 1225.3937658038494 1060.1586354873657 1085.8452848321322 
995.3289995514892 984.6257010156855 1028.706834962185 1411.933427486304 864.0751132055539 7411.169213746607 1255.5657518938706 1144.9374097128157 1542.1205151987238 802.7684751299544 871.3468209816542 1710.5633724913878 1254.7601298717436 519.8976981537926 2126.6457445202386 834.8781847975138 586.9861380120697 1301.440463608582 4422.680145323497 1269.7331314277926 530.8505404718389 1002.8932954799379 1225.3937658038494 1060.1586354873657 1085.8452848321322 
995.3289995514892 984.6257010156855 1028.706834962185 1411.933427486304 864.0751132055539 7411.169213746607 1255.5657518938706 1144.9374097128157 1542.1205151987238 802.7684751299544 871.3468209812991 1710.5633724913878 1254.7601298717436 519.8976981537926 2126.6457445202386 834.8781847975138 586.9861380120697 1301.440463608582 4422.680145323497 1269.7331314277926 530.8505404718389 1002.8932954799379 1225.3937658038494 1060.1586354873657 1085.8452848321322 
995.3289995514892 984.6257010156855 1028.706834962185 1411.933427486304 864.0751132055539 7411.169213746607 1255.5657518938706 1144.9374097128157 1542.1205151987238 802.7684751299544 871.3468209812831 1710.5633724913878 1254.7601298717436 519.8976981537926 2126.6457445202386 834.8781847975138 586.9861380120697 1301.440463608582 4422.680145323497 1269.7331314277926 530.8505404718389 1002.8932954799379 1225.3937658038494 1060.1586354873657 1085.8452848321322 
995.3289995514892 984.6257010156855 1028.706834962185 1411.933427486304 864.0751132055539 7411.169213746607 1255.5657518938706 1144.9374097128157 1542.1205151987238 802.7684751299544 871.3468209812586 1710.5633724913878 1254.7601298717436 519.8976981537926 2126.6457445202386 834.8781847975138 586.9861380120697 1301.440463608582 4422.680145323497 1269.7331314277926 530.8505404718389 1002.8932954799379 1225.3937658038494 1060.1586354873657 1085.8452848321322 
995.3289995514892 984.6257010156855 1028.706834962185 1411.933427486304 864.0751132055539 7411.169213746607 1255.5657518938706 1144.9374097128157 1542.1205151987238 802.7684751299544 871.3468209812345 1710.5633724913878 1254.7601298717436 519.8976981537926 2126.6457445202386 834.8781847975138 586.9861380120697 1301.440463608582 4422.680145323497 1269.7331314277926 530.8505404718389 1002.8932954799379 1225.3937658038494 1060.1586354873657 1085.8452848321322 
995.3289995514892 984.6257010156855 1028.706834962185 1411.933427486304 864.0751132055539 7411.169213746607 1255.5657518938706 1144.9374097128157 1542.1205151987238 802.7684751299544 871.3468209812299 1710.5633724913878 1254.7601298717436 519.8976981537926 2126.6457445202386 834.8781847975138 586.9861380120697 1301.440463608582 4422.680145323497 1269.7331314277926 530.8505404718389 1002.8932954799379 1225.3937658038494 1060.1586354873657 1085.8452848321322 
995.3289995514892 984.6257010156855 1028.706834962185 1411.933427486304 864.0751132055539 7411.169213746607 1255.5657518938706 1144.9374097128157 1542.1205151987238 801.0871604412182 871.3468209812299 1710.5633724913878 1254.7601298717436 519.8976981537926 2126.6457445202386 834.8781847975138 586.9861380120697 1301.440463608582 4422.680145323497 1269.7331314277926 530.8505404718389 1002.8932954799379 1225.3937658038494 1060.1586354873657 1085.8452848321322 
995.3289995514892 984.6257010156855 1028.706834962185 1411.933427486304 864.0751132055539 7411.169213746607 1255.5657518938706 1144.9374097128157 1542.1205151987238 801.0854428938874 871.3468209812299 1710.5633724913878 1254.7601298717436 519.8976981537926 2126.6457445202386 834.8781847975138 586.9861380120697 1301.440463608582 4422.680145323497 1269.7331314277926 530.8505404718389 1002.8932954799379 1225.3936475736737 1060.1586354873657 1085.8452848321322 
995.3289995514892 984.6257010156855 1028.706834962185 1411.933427486304 864.0751132055539 7411.169213746607 1255.5657518938706 1144.9374097128157 1542.1205151987238 801.0854374640417 871.3468209812299 1710.5633724913878 1254.7601298717436 519.8976981537926 2126.6457445202386 834.8781847975138 586.9861380120697 1301.440463608582 4422.680145323497 1269.7331314277926 530.8505404718389 1002.8932954799379 1225.3936475736737 1060.1586354873657 1085.8452848321322 
995.3289995514892 984.6257010156855 1028.706834962185 1411.933427486304 864.0751132055539 7411.169213746607 1255.5657518938706 1144.9374097128157 1542.1205151987238 801.0854316087725 871.3468209812299 1710.5633724913878 1254.7601298717436 519.8976981537926 2126.6457445202386 834.8781847975138 586.9861380120697 1301.440463608582 4422.680145323497 1269.7331314277926 530.8505404718389 1002.8932954799379 1225.3936475736737 1060.1586354873657 1085.8452848321322 
995.3289995514892 984.6257010156855 1028.706834962185 1411.933427486304 864.0751132055539 7411.169213746607 1255.5657518938706 1144.9374097128157 1542.1205151987238 801.0854316078949 871.3468209812299 1710.5633724913878 1254.7601298717436 519.8976981537926 2126.6457445202386 834.8781847975138 586.9861380120697 1301.440463608582 4422.680145323497 1269.7331314277926 530.8505404718389 1002.8932954799379 1225.3936475736737 1060.1586354873657 1085.8452848321322 
995.3289995514892 984.6257010156855 1028.706834962185 1411.933427486304 864.0751132055539 7411.169213746607 1255.5657518938706 1144.9374097128157 1542.1205151987238 801.0854316051668 871.3468209812299 1710.5633724913878 1254.7601298717436 519.8976981537926 2126.6457445202386 834.8781847975138 586.9861380120697 1301.440463608582 4422.680145323497 1269.7331314277926 530.8505404718389 1002.8932954799379 1225.3936475736737 1060.1586354873657 1085.8452848321322 
995.3289995514892 984.6257010156855 1028.706834962185 1411.933427486304 864.0751132055539 7411.169213746607 1255.5657518938706 1144.9374097128157 1542.1205151987238 801.0854316051345 871.3468209812299 1710.5633724913878 1254.7601298717436 519.8976981537926 2126.6457445202386 834.8781847975138 586.9861380120697 1301.440463608582 4422.680145323497 1269.7331314277926 530.8505404718389 1002.8932954799379 1225.3936475736737 1060.1586354873657 1085.8452848321322 
995.3289995514892 984.6257010156855 1028.706834962185 1411.933427486304 864.0751132055539 7411.169213746607 1255.5657518938706 1144.9374097128157 1542.1205151987238 801.0854316051345 871.3468209812299 1710.5633724913878 1254.7601298717436 519.8976981537926 2126.6457445202386 834.8781847975138 586.9861380120697 1301.440463608582 4422.680145323497 1269.7331314277926 530.8505404718389 1002.8932954799379 1225.3936475736737 1060.1586354873657 1085.8452848321322 
995.3289995514892 984.6257010156855 1028.706834962185 1411.933427486304 864.0751132055539 7411.169213746607 1255.5657518938706 1144.9374097128157 1542.1205151987238 801.0854316051345 871.3468209812299 1710.5633724913878 1254.7601298717436 519.8976981537926 2126.6457445202386 834.8781847975138 586.9861380120697 1301.440463608582 4422.680145323497 1269.7331314277926 530.8505404718389 1002.8932954799379 1225.3936475736737 1060.1586354873657 1085.8452848321322 
995.3289995514892 984.6257010156855 1028.706834962185 1411.933427486304 864.0751132055539 7411.169213746607 1255.5657518938706 1144.9374097128157 1542.1205151987238 801.0854316051345 871.3468209812299 1710.5633724913878 1254.7601298717436 519.8976981537926 2126.6457445202386 834.8781847975138 586.9861380120697 1301.440463608582 4422.680145323497 1269.7331314277926 530.8505404718389 1002.8932954799379 1225.3936475736737 1060.1586354873657 1085.8452848321322 
995.3289995514892 984.6257010156855 1028.706834962185 1411.933427486304 864.0751132055539 7411.169213746607 1255.5657518938706 1144.9374097128157 1542.1205151987238 801.0854316051345 871.3468209812299 1710.5633724913878 1254.7601298717436 519.8976981537926 2126.6457445202386 834.8781847975138 586.9861380120697 1301.440463608582 4422.680145323497 1269.7331314277926 530.8505404718389 1002.8932954799379 1225.3936475736737 1060.1586354873657 1085.8452848321322 
995.3289995514892 984.6257010156855 1028.706834962185 1411.933427486304 864.0751132055539 7411.169213746607 1255.5657518938706 1144.9374097128157 1542.1205151987238 801.0854316051345 871.3468209812299 1710.5633724913878 1254.7601298717436 519.8976981537926 2126.6457445202386 834.8781847975138 586.9861380120697 1301.440463608582 4422.680145323497 1269.7331314277926 530.8505404718389 1002.8932954799379 1225.3936475736732 1060.1586354873657 1085.8452848321322 
995.3289995514892 984.6257010156855 1028.706834962185 1411.933427486304 864.0751132055539 7411.169213746607 1255.5657518938706 1144.9374097128157 1542.1205151987238 801.0854316051345 871.3468209812299 1710.5633724913878 1254.7601298717436 519.8976981537926 2126.6457445202386 834.8781847975138 586.9861380120697 1301.440463608582 4422.680145323497 1269.7331314277926 530.8505404718389 1002.8932954799379 1225.1846862805469 1060.1586354873657 1085.8452848321322 
995.3289995514892 984.6257010156855 1028.706834962185 1411.933427486304 864.0751132055539 7411.169213746607 1255.5657518938706 1144.9374097128157 1542.1205151987238 801.0854316051345 871.3468209812299 1710.5633724913878 1254.7601298717436 519.8976981537926 2126.6457445202386 834.8781847975138 586.9861380120697 1301.440463608582 4422.680145323497 1269.7331314277926 530.8505404718389 1002.8932954799379 1217.5550809398092 1060.1586354873657 1085.8452848321322 
995.3289995514892 984.6257010156855 1028.706834962185 1411.933427486304 864.0751132055539 7411.169213746607 1255.5657518938706 1144.9374097128157 1542.1205151987238 801.0854316051345 871.3468209812299 1710.5633724913878 1254.7601298717436 519.8976981537926 2126.6457445202386 834.8781847975138 586.9861380120697 1301.440463608582 4422.680145323497 1269.7331314277926 530.8505404718389 1002.8932954799379 1217.5187894875849 1060.1586354873657 1085.8452848321322 
995.3289995514892 984.6257010156855 1028.706834962185 1411.933427486304 864.0751132055539 7411.169213746607 1255.5657518938706 1144.9374097128157 1542.1205151987238 801.0854316051345 871.3468209812299 1710.5633724913878 1254.7601298717436 519.8976981537926 2126.6457445202386 834.8781847975138 586.9861380120697 1301.440463608582 4422.680145323497 1269.7331314277926 530.8505404718389 1002.8932954799379 1217.4844202419727 1060.1586354873657 1085.8452848321322 
995.3289995514892 984.6257010156855 1028.706834962185 1411.933427486304 864.0751132055539 7411.169213746607 1255.5657518938706 1144.9374097128157 1542.1205151987238 801.0854316051345 871.3468209812299 1710.5633724913878 1254.7601298717436 519.8976981537926 2126.6457445202386 834.8781847975138 586.9861380120697 1301.440463608582 4422.680145323497 1269.7331314277926 530.8505404718389 1002.8932954799379 1217.4811347970312 1060.1586354873657 1085.8452848321322 
995.3289995514892 984.6257010156855 1028.706834962185 1411.933427486304 864.0751132055539 7411.169213746607 1255.5657518938706 1144.9374097128157 1542.1205151987238 801.0854316051345 871.3468209812299 1710.5633724913878 1254.7601298717436 519.8976981537926 2126.6457445202386 834.8781847975138 586.9861380120697 1301.440463608582 4422.680145323497 1269.7331314277926 530.8505404718389 1002.8932954799379 1217.4764811286977 1060.1586354873657 1085.8452848321322 
995.3289995514892 984.6257010156855 1028.706834962185 1411.933427486304 864.0751132055539 7411.169213746607 1255.5657518938706 1144.9374097128157 1542.1205151987238 801.0854316051345 871.3468209812299 1710.5633724913878 1254.7601298717436 519.8976981537926 2126.6457445202386 834.8781847975138 586.9861380120697 1301.440463608582 4422.680145323497 1269.7331314277926 530.8505404718389 1002.8932954799379 1217.47638762499 1060.1586354873657 1085.8452848321322 
995.3289995514892 984.6257010156855 1028.706834962185 1411.933427486304 864.0751132055539 7411.169213746607 1255.5657518938706 1144.9374097128157 1542.1205151987238 801.0854316051345 871.3468209812299 1710.5633724913878 1254.7601298717436 519.8976981537926 2126.6457445202386 834.8781847975138 586.9861380120697 1301.440463608582 4422.680145323497 1269.7331314277926 530.8505404718389 1002.8932954799379 1217.4760759430774 1060.1586354873657 1085.8452848321322 
995.3289995514892 984.6257010156855 1028.706834962185 1411.933427486304 864.0751132055539 7411.1692117152415 1255.5657518938706 1144.9374097128157 1542.1205151987238 801.0854316051345 871.3468209812299 1710.5633724913878 1254.7601298717436 519.8976981537926 2126.6457445202386 834.8781847975138 586.9861380120697 1301.440463608582 4422.680145323497 1269.7331314277926 530.8505404718389 1002.8932954799379 1217.4760759430774 1060.1586354873657 1085.8452848321322 
995.3289995514892 984.6257010156855 1028.706834962185 1411.933427486304 864.0751132055539 7411.1692117152415 1255.5657518938706 1144.9374097128157 1542.1205151987238 801.0854316051345 871.3468209812299 1710.5633724913878 1254.7601298717436 519.8976981537926 2126.6457445202386 834.8781847975138 586.9861380120697 1301.440463608582 4422.680145323497 1269.7331314277926 530.8505404718389 1002.8932954799379 1217.4760759430774 1060.1586354873657 1085.8452848321322 
995.3289995514892 984.6257010156855 1028.706834962185 1411.933427486304 864.0751132055539 7411.1692117152415 1255.5657518938706 1144.9374097128157 1542.1205151987238 801.0854316051345 871.3468209812299 1710.5633724913878 1254.7601298717436 519.8976981537926 2126.6457445202386 834.8781847975138 586.9861380120697 1301.440463608582 4422.680145323497 1269.7331314277926 530.8505404718389 1002.8932954799379 1217.4758614702696 1060.1586354873657 1085.8452848321322 
995.3289995514892 984.6257010156855 1028.706834962185 1411.933427486304 864.0751132055539 7411.1692117152415 1255.5657518938706 1144.9374097128157 1542.1205151987238 801.0854316051345 871.3468209812299 1710.5633724913878 1254.7601298717436 519.8976981537926 2126.6457445202386 834.8781847975138 586.9861380120697 1301.440463608582 4422.680145323497 1269.7331314277926 530.8505404718389 1002.8932954799379 1217.475853389043 1060.1586354873657 1085.8452848321322 
995.3289995514892 984.6257010156855 1028.706834962185 1411.933427486304 864.0751132055539 7411.16921171524 1255.5657518938706 1144.9374097128157 1542.1205151987238 801.0854316051345 871.3468209812299 1710.5633724913878 1254.7601298717436 519.8976981537926 2126.6457445202386 834.8781847975138 586.9861380120697 1301.440463608582 4422.680145323497 1269.7331314277926 530.8505404718389 1002.8932954799379 1217.4758472484336 1060.1586354873657 1085.8452848321322 
995.3289995514892 984.6257010156855 1028.706834962185 1411.933427486304 864.0751132055539 7411.16921171524 1255.5657518938706 1144.9374097128157 1542.1205151987238 801.0854316051345 871.3468209812299 1710.5633724913878 1254.7601298717436 519.8976981537926 2126.6457445202386 834.8781847975138 586.9861380120697 1301.440463608582 4422.680145323497 1269.7331314277926 530.8505404718389 1002.8932954799379 1217.4757551488128 1060.1586354873657 1085.8452848321322 
995.3289995514892 984.6257010156855 1028.706834962185 1411.933427486304 864.0751132055539 7411.16921171524 1255.5657518938706 1144.9374097128157 1542.1205151987238 801.0854316051345 871.3468209812299 1710.5633724913878 1254.7601298717436 519.8976981537926 2126.6457445202386 834.8781847975138 586.9861380120697 1301.440463608582 4422.680145323497 1269.7331314277926 530.8505404718389 1002.8932954799379 1217.4757499491016 1060.1586354873657 1085.8452848321322 
995.3289995514892 984.6257010156855 1028.706834962185 1411.933427486304 864.0751132055539 7411.169211715238 1255.5657518938706 1144.9374097128157 1542.1205151987238 801.0854316051345 871.3468209812299 1710.5633724913878 1254.7601298717436 519.8976981537926 2126.6457445202386 834.8781847975138 586.9861380120697 1301.440463608582 4422.680145323497 1269.7331314277926 530.8505404718389 1002.8932954799379 1217.4757494989676 1060.1586354873657 1085.8452848321322 
995.3289995514892 984.6257010156855 1028.706834962185 1411.933427486304 864.0751132055539 7411.169211715238 1255.5657518938706 1144.9374097128157 1542.1205151987238 801.0854316051345 871.3468209812299 1710.5633724913878 1254.7601298717436 519.8976981537926 2126.6457445202386 834.8781847975138 586.9861380120697 1301.440463608582 4422.680145323497 1269.7331314277926 530.8505404718389 1002.8932954799379 1217.475748584182 1060.1586354873657 1085.8452848321322 
995.3289995514892 984.6257010156855 1028.706834962185 1411.933427486304 864.0751132055539 7411.169211715238 1255.5657518938706 1144.9374097128157 1542.1205151987238 801.0854316051345 871.3468209812299 1710.5633724913878 1254.7601298717436 519.8976981537926 2126.6457445202386 834.8781847975138 586.9861380120697 1301.440463608582 4422.680145323497 1269.7331314277926 530.8505404718389 1002.8932954799379 1217.475748584182 1060.1586354873657 1085.8452848321322 
995.3289995514892 984.6257010156855 1028.706834962185 1411.933427486304 864.0751132055539 7411.169211715238 1255.5657518938706 1144.9374097128157 1542.1205151987238 801.0854316051345 871.3468209812299 1710.5633724913878 1254.7601298717436 519.8976981537926 2126.6457445202386 834.8781847975138 586.9861380120697 1301.440463608582 4422.680145323497 1269.7331314277926 530.8505404718389 1002.8932954799379 1217.4757445448972 1060.1586354873657 1085.8452848321322 
995.3289995514892 984.6257010156855 1028.706834962185 1411.933427486304 864.0751132055539 7411.169211715238 1255.5657518938706 1144.9374097128157 1542.1205151987238 801.0854316051345 871.3468209812299 1710.5633724913878 1254.7601298717436 519.8976981537926 2126.6457445202386 834.8781847975138 586.9861380120697 1301.440463608582 4422.680145323497 1269.7331314277926 530.8505404718389 1002.8932954799379 1217.4757223627953 1060.1586354873657 1085.8452848321322 
995.3289995514892 984.6257010156855 1028.706834962185 1411.933427486304 864.0751132055539 7411.169211715238 1255.5657518938706 1144.9374097128157 1542.1205151987238 796.6049766010287 871.3468209812299 1710.5633724913878 1254.7601298717436 519.8976981537926 2126.6457445202386 834.8781847975138 586.9861380120697 1301.440463608582 4422.680145323497 1269.7331314277926 530.8505404718389 1002.8932954799379 1217.4757223627953 1060.1586354873657 1085.8452848321322 
995.3289995514892 984.6257010156855 1028.706834962185 1411.933427486304 864.0751132055539 7411.169211715238 1255.5657518938706 1144.9374097128157 1542.1205151987238 796.6049766010287 871.3468209812299 1710.5633724913878 1254.7601298717436 519.8976981537926 2126.6457445202386 834.8781847975138 586.9861380120697 1301.440463608582 4422.680145323497 1269.7331314277926 530.8505404718389 1002.8932954799379 1217.4757221420195 1060.1586354873657 1085.8452848321322 
995.3289995514892 984.6257010156855 1028.706834962185 1411.933427486304 864.0751132055539 7411.169211715238 1255.5657518938706 1144.9374097128157 1542.1205151987238 796.6049766010287 871.3468209812299 1710.5633724913878 1254.7601298717436 519.8976981537926 2126.6457445202386 834.8781847975138 586.9861380120697 1301.440463608582 4422.680145323497 1269.7331314277926 530.8505404718389 1002.8932954799379 1217.4757221119416 1060.1586354873657 1085.8452848321322 
995.3289995514892 984.6257010156855 1028.706834962185 1411.933427486304 864.0751132055539 7411.169211715238 1255.5657518938706 1144.9374097128157 1542.1205151987238 796.6049766010287 871.3468209812299 1710.5633724913878 1254.7601298717436 519.8976981537926 2126.6457445202386 834.8781847975138 586.9861380120697 1301.440463608582 4422.680145323497 1269.7331314277926 530.8505404718389 1002.8932954799379 1217.4757221119416 1060.1586354873657 1085.8452848321322 
995.3289995514892 984.6257010156855 1028.706834962185 1411.933427486304 864.0751132055539 7411.169211715238 1255.5657518938706 1144.9374097128157 1542.1205151987238 796.6049766010287 871.3241787159218 1710.5633724913878 1254.7601298717436 519.8976981537926 2126.6457445202386 834.8781847975138 586.9861380120697 1301.440463608582 4422.680145323497 1269.7331314277926 530.8505404718389 1002.8932954799379 1217.4757221054283 1060.1586354873657 1085.8452848321322 
995.3289995514892 984.6257010156855 1028.706834962185 1411.933427486304 864.0751132055539 7411.169211715238 1255.5657518938706 1144.9374097128157 1542.1205151987238 796.6049766010287 871.3222922441732 1710.5633724913878 1254.7601298717436 519.8976981537926 2126.6457445202386 834.8781847975138 586.9861380120697 1301.440463608582 4422.680145323497 1269.7331314277926 530.8505404718389 1002.8932954799379 1217.4757221053014 1060.1586354873657 1085.8452848321322 
995.3289995514892 984.6257010156855 1028.706834962185 1411.933427486304 864.0751132055539 7411.169211715238 1255.5657518938706 1144.9374097128157 1542.1205151987238 796.6049766010287 871.3218575627784 1710.5633724913878 1254.7601298717436 519.8976981537926 2126.6457445202386 834.8781847975138 586.9861380120697 1301.440463608582 4422.680145323497 1269.7331314277926 530.8505404718389 1002.8932954799379 1217.475722105226 1060.1586354873657 1085.8452848321322 
995.3289995514892 984.6257010156855 1028.706834962185 1411.933427486304 864.0751132055539 7411.169211715238 1255.5657518938706 1144.9374097128157 1542.1205151987238 796.6049766010287 871.3218575627784 1710.5633724913878 1254.7601298717436 519.8976981537926 2126.6457445202386 834.8781847975138 586.9861380120697 1301.440463608582 4422.680145323497 1269.7331314277926 530.8505404718389 1002.8932954799379 1217.475722105225 1060.1586354873657 1085.8452848321322 
995.3289995514892 984.6257010156855 1028.706834962185 1411.933427486304 864.0751132055539 7411.169211715238 1255.5657518938706 1144.9374097128157 1542.1205151987238 796.6049766010287 871.3218562411989 1710.5633724913878 1254.7601298717436 519.8976981537926 2126.6457445202386 834.8781847975138 586.9861380120697 1301.440463608582 4422.680145323497 1269.7331314277926 530.8505404718389 1002.8932954799379 1217.475722104732 1060.1586354873657 1085.8452848321322 
995.3289995514892 984.6257010156855 1028.706834962185 1411.933427486304 864.0751132055539 7411.169211715238 1255.5657518938706 1144.9374097128157 1542.1205151987238 796.6049766010287 871.3218546449516 1710.5633724913878 1254.7601298717436 519.8976981537926 2126.6457445202386 834.8781847975138 586.9861380120697 1301.440463608582 4422.680145323497 1269.7331314277926 530.8505404718389 1002.8932954799379 1217.4757221047312 1060.1586354873657 1085.8452848321322 
995.3289995514892 984.6257010156855 1028.706834962185 1411.933427486304 864.0751132055539 7411.169211715238 1255.5657518938706 1144.9374097128157 1542.1205151987238 796.6049766010287 871.321854471229 1710.5633724913878 1254.7601298717436 519.8976981537926 2126.6457445202386 834.8781847975138 586.9861380120697 1301.440463608582 4422.680145323497 1269.7331314277926 530.8505404718389 1002.8932954799379 1217.4757221047266 1060.1586354873657 1085.8452848321322 
995.3289995514892 984.6257010156855 1028.706834962185 1411.933427486304 864.0751132055539 7411.169211715238 1255.5657518938706 1144.9374097128157 1542.1205151987238 796.6049766010287 871.3218544354713 1710.5633724913878 1254.7601298717436 519.8976981537926 2126.6457445202386 834.8781847975138 586.9861380120697 1301.440463608582 4422.680145323497 1269.7331314277926 530.8505404718389 1002.8932954799379 1217.4757221047266 1060.1586354873657 1085.8452848321322 
995.3289995514892 984.6257010156855 1028.706834962185 1411.933427486304 864.0751132055539 7411.169211715238 1255.5657518938706 1144.9374097128157 1542.1205151987238 796.6049766010287 871.3218543833996 1710.5633724913878 1254.7601298717436 519.8976981537926 2126.6457445202386 834.8781847975138 586.9861380120697 1301.440463608582 4422.680145323497 1269.7331314277926 530.8505404718389 1002.8932954799379 1217.4757221047266 1060.1586354873657 1085.8452848321322 
995.3289995514892 984.6257010156855 1028.706834962185 1411.933427486304 864.0751132055539 7411.169211715238 1255.5657518938706 1144.9374097128157 1542.1205151987238 796.6049766010287 871.321854382089 1710.5633724913878 1254.7601298717436 519.8976981537926 2126.6457445202386 834.8781847975138 586.9861380120697 1301.440463608582 4422.680145323497 1269.7331314277926 530.8505404718389 1002.8932954799379 1217.4757221047248 1060.1586354873657 1085.8452848321322 
995.3289995514892 984.6257010156855 1028.706834962185 1411.933427486304 864.0751132055539 7411.169211715238 1255.5657518938706 1144.9374097128157 1542.1205151987238 796.6049766010287 871.321854377034 1710.5633724913878 1254.7601298717436 519.8976981537926 2126.6457445202386 834.8781847975138 586.9861380120697 1301.440463608582 4422.680145323497 1269.7331314277926 530.8505404718389 1002.8932954799379 1217.4757221047248 1060.1586354873657 1085.8452848321322 
995.3289995514892 984.6257010156855 1028.706834962185 1411.933427486304 864.0751132055539 7411.169211715238 1255.5657518938706 1144.9374097128157 1542.1205151987238 796.6049766010287 871.3218543760195 1710.5633724913878 1254.7601298717436 519.8976981537926 2126.6457445202386 834.8781847975138 586.9861380120697 1301.440463608582 4422.680145323497 1269.7331314277926 530.8505404718389 1002.8932954799379 1217.4757221047248 1060.1586354873657 1085.8452848321322 
995.3289995514892 984.6257010156855 1028.706834962185 1411.933427486304 864.0751132055539 7411.169211715238 1255.5657518938706 1144.9374097128157 1542.1205151987238 796.6049766010287 871.3218543749299 1710.5633724913878 1254.7601298717436 519.8976981537926 2126.6457445202386 834.8781847975138 586.9861380120697 1301.440463608582 4422.680145323497 1269.7331314277926 530.8505404718389 1002.8932954799379 1217.4757221047248 1060.1586354873657 1085.8452848321322 
995.3289995514892 984.6257010156855 1028.706834962185 1411.933427486304 864.0751132055539 7408.595382567866 1255.5657518938706 1144.9374097128157 1542.1205151987238 796.6049766010287 871.3218543748071 1710.5633724913878 1254.7601298717436 519.8976981537926 2126.6457445202386 834.8781847975138 586.9861380120697 1301.440463608582 4422.680145323497 1269.7331314277926 530.8505404718389 1002.8932954799379 1217.4757221047244 1060.1586354873657 1085.8452848321322 
995.3289995514892 984.6257010156855 1028.706834962185 1411.933427486304 864.0751132055539 7408.557907886565 1255.5657518938706 1144.9374097128157 1542.1205151987238 796.6049766010287 871.3218543747794 1710.5633724913878 1254.7601298717436 519.8976981537926 2126.6457445202386 834.8781847975138 586.9861380120697 1301.440463608582 4422.680145323497 1269.7331314277926 530.8505404718389 1002.8932954799379 1217.4757221047244 1060.1586354873657 1085.8452848321322 
995.3289995514892 984.6257010156855 1028.706834962185 1411.933427486304 864.0751132055539 7408.3371791012105 1255.5657518938706 1144.9374097128157 1542.1205151987238 796.6049766010287 871.3218543747698 1710.5633724913878 1254.7601298717436 519.8976981537926 2126.6457445202386 834.8781847975138 586.9861380120697 1301.440463608582 4422.680145323497 1269.7331314277926 530.8505404718389 1002.8932954799379 1217.4757221047244 1060.1586354873657 1085.8452848321322 
995.3289995514892 984.6257010156855 1028.706834962185 1411.933427486304 864.0751132055539 7408.296977586004 1255.5657518938706 1144.9374097128157 1542.1205151987238 796.6049766010287 871.3218543747698 1710.5633724913878 1254.7601298717436 519.8976981537926 2126.6457445202386 834.8781847975138 586.9861380120697 1301.440463608582 4422.680145323497 1269.7331314277926 530.8505404718389 1002.8932954799379 1217.4757221047244 1060.1586354873657 1085.8452848321322 
995.3289995514892 984.6257010156855 1028.706834962185 1411.933427486304 864.0751132055539 7408.29376169639 1255.5657518938706 1144.9374097128157 1542.1205151987238 796.6049766010287 871.3218543747698 1710.5633724913878 1254.7601298717436 519.8976981537926 2126.6457445202386 834.8781847975138 586.9861380120697 1301.440463608582 4422.680145323497 1269.7331314277926 530.8505404718389 1002.8932954799379 1217.4757221047244 1060.1586354873657 1085.8452848321322 
995.3289995514892 984.6257010156855 1028.706834962185 1411.933427486304 864.0751132055539 7408.29106879113 1255.5657518938706 1144.9374097128157 1542.1205151987238 796.6049766010287 871.3218543747698 1710.5633724913878 1254.7601298717436 519.8976981537926 2126.6457445202386 834.8781847975138 586.9861380120697 1301.440463608582 4422.680145323497 1269.7331314277926 530.8505404718389 1002.8932954799379 1217.4757221047244 1060.1586354873657 1085.8452848321322 
995.3289995514892 984.6257010156855 1028.706834962185 1411.933427486304 864.0751132055539 7408.29106879113 1255.5657518938706 1144.9374097128157 1542.1205151987238 796.6049766010287 871.3218543747698 1710.5633724913878 1254.7601298717436 519.8976981537926 2126.6457445202386 834.8781847975138 586.9861380120697 1301.440463608582 4422.680145323497 1269.7331314277926 530.8505404718389 1002.8932954799379 1217.4757221047244 1060.1586354873657 1085.8452848321322 
995.3289995514892 984.6257010156855 1028.706834962185 1411.933427486304 864.0751132055539 7408.290041452423 1255.5657518938706 1144.9374097128157 1542.1205151987238 796.6049766010287 871.3218543747698 1710.5633724913878 1254.7601298717436 519.8976981537926 2126.6457445202386 834.8781847975138 586.9861380120697 1301.440463608582 4422.680145323497 1269.7331314277926 530.8505404718389 1002.8932954799379 1217.4757221047244 1060.1586354873657 1085.8452848321322 
995.3289995514892 984.6257010156855 1028.706834962185 1411.933427486304 864.0751132055539 7408.289898234983 1255.5657518938706 1144.9374097128157 1542.1205151987238 796.6049766010287 871.3218543747698 1710.5633724913878 1254.7601298717436 519.8976981537926 2126.6457445202386 834.8781847975138 586.9861380120697 1301.440463608582 4422.680145323497 1269.7331314277926 530.8505404718389 1002.8932954799379 1217.4757221047244 1060.1586354873657 1085.8452848321322 
995.3289995514892 984.6257010156855 1028.706834962185 1411.933427486304 864.0751132055539 7408.289547454813 1255.5657518938706 1144.9374097128157 1542.1205151987238 796.6049766010287 871.3218543747698 1710.5633724913878 1254.7601298717436 519.8976981537926 2126.6457445202386 834.8781847975138 586.9861380120697 1301.440463608582 4422.680145323497 1269.7331314277926 530.8505404718389 1002.8932954799379 1217.4757221047244 1060.1586354873657 1085.8452848321322 
995.3289995514892 984.6257010156855 1028.706834962185 1411.933427486304 864.0751132055539 7408.2894917242775 1255.5657518938706 1144.9374097128157 1542.1205151987238 796.6049766010287 871.3218543747698 1710.5633724913878 1254.7601298717436 519.8976971713541 2126.6457445202386 834.8781847975138 586.9861380120697 1301.440463608582 4422.680145323497 1269.7331314277926 530.8505404718389 1002.8932954799379 1217.4757221047244 1060.1586354873657 1085.8452848321322 
995.3289995514892 984.6257010156855 1028.706834962185 1411.933427486304 864.0751132055539 7408.2894889222625 1255.5657518938706 1144.9374097128157 1542.1205151987238 796.6049766010287 871.3218543747698 1710.5633724913878 1254.7601298717436 519.8976971713541 2126.6457445202386 834.8781847975138 586.9861380120697 1301.440463608582 4422.680145323497 1269.7331314277926 530.8505404718389 1002.8932954799379 1217.4757221047244 1060.1586354873657 1085.8452848321322 
995.3289995514892 984.6257010156855 1028.706834962185 1411.933427486304 864.0751132055539 7408.28948783427 1255.5657518938706 1144.9374097128157 1542.1205151987238 796.6049766010287 871.3218543747689 1710.5633724913878 1254.7601298717436 519.8976971713541 2126.6457445202386 834.8781847975138 586.9861380120697 1301.440463608582 4422.680145323497 1269.7331314277926 530.8505404718389 1002.8932954799379 1217.4757221047244 1060.1586354873657 1085.8452848321322 
995.3289995514892 984.6257010156855 1028.706834962185 1411.933427486304 864.0751132055539 7408.289487665421 1255.5657518938706 1144.9374097128157 1542.1205151987238 796.6049766010287 871.3218543747689 1710.5633724913878 1254.7601298717436 519.8976971713541 2126.6457445202386 834.8781847975138 586.9861380120697 1301.440463608582 4422.680145323497 1269.7331314277926 530.8505404718389 1002.8932954799379 1217.4757221047244 1060.1586354873657 1085.8452848321322 
995.3289995514892 984.6257010156855 1028.706834962185 1411.933427486304 864.0751132055539 7408.289487300381 1255.5657518938706 1144.9374097128157 1542.1205151987238 796.6049766010287 871.3218543747689 1710.5633724913878 1254.7601298717436 519.8976971713541 2126.6457445202386 834.8781847975138 586.9861380120697 1301.440463608582 4422.680145323497 1269.7331314277926 530.8505404718389 1002.8932954799379 1217.4757221047244 1060.1586354873657 1085.8452848321322 
995.3289995514892 984.6257010156855 1028.706834962185 1411.933427486304 864.0751132055539 7408.289487200618 1255.5657518938706 1144.9374097128157 1542.1205151987238 796.6049766010287 871.3218543747689 1710.5633724913878 1254.7601298717436 519.8976971713541 2126.6457445202386 834.8781847975138 586.9861380120697 1301.440463608582 4422.680145323497 1269.7331314277926 530.8505404718389 1002.8932954799379 1217.4757221047244 1060.1586354873657 1085.8452848321322 
995.3289995514892 984.6257010156855 1028.706834962185 1411.933427486304 864.0751132055539 7408.289487174519 1255.5657518938706 1144.9374097128157 1542.1205151987238 796.6049766010287 871.3218543747689 1710.5633724913878 1254.7601298717436 519.8976971713541 2126.6457445202386 834.8781847975138 586.9861380120697 1301.440463608582 4422.680145323497 1269.7331314277926 530.8505404718389 1002.8932954799379 1217.4757221047244 1060.1586354873657 1085.8452848321322 
995.3289995514892 984.6257010156855 1028.706834962185 1411.933427486304 864.0751132055539 7408.289487111848 1255.5657518938706 1144.9374097128157 1542.1205151987238 796.6049766010287 871.3218543747689 1710.5633724913878 1254.7601298717436 519.8976971713541 2126.6457445202386 834.8781847975138 586.9861380120697 1301.440463608582 4422.680145323497 1269.7331314277926 530.8505404718389 1002.8932954799379 1217.4757221047244 1060.1586354873657 1085.8452848321322 
995.3289995514892 984.6257010156855 1028.706834962185 1411.933427486304 864.0751132055539 7408.289487111848 1255.5657518938706 1144.9374097128157 1542.1205151987238 796.6049766010287 871.3218543747689 1710.5633724913878 1254.7601298717436 519.8976971713541 2126.6457445202386 834.8781847975138 586.9861380120697 1301.440463608582 4422.680145323497 1269.7331314277926 530.8505404718389 1002.8932954799379 1217.4757221047244 1060.1586354873657 1085.8452848321322 
995.3289995514892 984.6257010156855 1028.706834962185 1411.933427486304 864.0751132055539 7408.289487108525 1255.5657518938706 1144.9374097128157 1542.1205151987238 796.6049766010287 871.3218543747689 1710.5633724913878 1254.7601298717436 519.8976971713541 2126.6457445202386 834.8781847975138 586.9861380120697 1301.440463608582 4422.680145323497 1269.7331314277926 530.8505404718389 1002.8932954799379 1217.4757221047244 1060.1586354873657 1085.8452848321322 
995.3289995514892 984.6257010156855 1028.706834962185 1411.933427486304 864.0751132055539 7408.289487106755 1255.5657518938706 1144.9374097128157 1542.1205151987238 796.6049766010287 871.3218543747689 1710.5633724913878 1254.7601298717436 519.8976971713541 2126.6457445202386 834.8781847975138 586.9861380120697 1301.440463608582 4422.680145323497 1269.7331314277926 530.8505404718389 1002.8932954799379 1217.4757221047244 1060.1586354873657 1085.8452848321322 
995.3289995514892 984.6257010156855 1028.706834962185 1411.933427486304 864.0751132055539 7408.2894871066965 1255.5657518938706 1144.9374097128157 1542.1205151987238 796.6049766010287 871.3218543747689 1710.5633724913878 1254.7601298717436 519.8976971713541 2126.6457445202386 834.8781847975138 586.9861380120697 1301.440463608582 4422.680145323497 1269.7331314277926 530.8505404718389 1002.8932954799379 1217.4757221047244 1060.1586354873657 1085.8452848321322 
995.3289995514892 984.6257010156855 1028.706834962185 1411.933427486304 864.0751132055539 7408.2894871066965 1255.5657518938706 1138.7111009031914 1542.1205151987238 796.6049766010287 871.3218543747689 1710.5633724913878 1254.7601298717436 519.8976971713541 2126.6457445202386 834.8781847975138 586.9861380120697 1301.440463608582 4422.680145323497 1269.7331314277926 530.8505404718389 1002.8932954799379 1217.4757221047244 1060.1586354873657 1085.8452848321322 
995.3289995514892 984.6257010156855 1028.706834962185 1411.933427486304 864.0751132055539 7408.289487106693 1255.5657518938706 1136.9665240794811 1542.1205151987238 796.6049766010287 871.3218543747689 1710.5633724913878 1254.7601298717436 519.8976971713541 2126.6457445202386 834.8781847975138 586.9861380120697 1301.440463608582 4422.680145323497 1269.7331314277926 530.8505404718389 1002.8932954799379 1217.4757221047244 1060.1586354873657 1085.8452848321322 
995.3289995514892 984.6257010156855 1028.706834962185 1411.933427486304 864.0751132055539 7408.289487106693 1255.5657518938706 1136.8627461897818 1542.1205151987238 796.6049766010287 871.3218543747689 1710.5633724913878 1254.7601298717436 519.8976971713541 2126.6457445202386 834.8781847975138 586.9861380120697 1301.440463608582 4422.680145323497 1269.7331314277926 530.8505404718389 1002.8932954799379 1217.4757221047244 1060.1586354873657 1085.8452848321322 
995.3289995514892 984.6257010156855 1028.706834962185 1411.933427486304 864.0751132055539 7408.289487106693 1255.5657518938706 1136.836026264038 1542.1205151987238 796.6049766010287 871.3218543747689 1710.5633724913878 1254.7601298717436 519.8976971713537 2126.6457445202386 834.8781847975138 586.9861380120697 1301.440463608582 4422.680145323497 1269.7331314277926 530.8505404718389 1002.8932954799379 1217.4757221047244 1060.1586354873657 1085.8452848321322 
995.3289995514892 984.6257010156855 1028.706834962185 1411.933427486304 864.0751132055539 7408.289487106693 1255.5657518938706 1136.8357766246772 1542.1205151987238 796.6049766010287 871.3218543747689 1710.5633724913878 1254.7601298717436 519.8976971713537 2126.6457445202386 834.8781847975138 586.9861380120697 1301.440463608582 4422.680145323497 1269.7331314277926 530.8505404718389 1002.8932954799379 1217.4757221047244 1060.1586354873657 1085.8452848321322 
995.3289995514892 984.6257010156855 1028.706834962185 1411.933427486304 864.0751132055539 7408.289487106689 1255.5657518938706 1136.8357766246772 1542.1205151987238 796.6049766010287 871.3218543747689 1710.0227276078322 1254.7601298717436 519.8976971713537 2126.6457445202386 834.8781847975138 586.9861380120697 1301.440463608582 4422.680145323497 1269.7331314277926 530.8505404718389 1002.8932954799379 1217.4757221047244 1060.1586354873657 1085.8452848321322 
995.3289995514892 984.6257010156855 1028.706834962185 1411.933427486304 864.0751132055539 7408.289487106689 1255.5657518938706 1136.8066683280967 1542.1205151987238 796.6049766010287 871.3218543747689 1710.0165380660378 1254.7601298717436 519.8976971713537 2126.6457445202386 834.8781847975138 586.9861380120697 1301.440463608582 4422.680145323497 1269.7331314277926 530.8505404718389 1002.8932954799379 1217.4757221047244 1060.1586354873657 1085.8452848321322 
995.3289995514892 984.6257010156855 1028.706834962185 1411.933427486304 864.0751132055539 7408.289487106689 1255.5657518938706 1136.8066031948188 1542.1205151987238 796.6049766010287 871.3218543747689 1710.0142577349316 1254.7601298717436 519.8976971713537 2126.6457445202386 834.8781847975138 586.9861380120697 1301.440463608582 4422.680145323497 1269.7331314277926 530.8505404718389 1002.8932954799379 1217.4757221047244 1060.1586354873657 1085.8452848321322 
995.3289995514892 984.6257010156855 1028.706834962185 1411.933427486304 864.0751132055539 7408.289487106689 1255.5657518938706 1136.7987248406698 1542.1205151987238 796.6049766010287 871.3218543747689 1710.0142102024347 1254.7601298717436 519.8976971713537 2126.6457445202386 834.8781847975138 586.9861380120697 1301.440463608582 4422.680145323497 1269.7331314277926 530.8505404718389 1002.8932954799379 1217.4757221047244 1060.1586354873657 1085.8452848321322 
995.3289995514892 984.6257010156855 1028.706834962185 1411.933427486304 864.0751132055539 7408.289487106689 1255.5657518938706 1136.7971929790938 1542.1205151987238 796.6049766010287 871.3218543747689 1710.0059968617834 1254.7601298717436 519.8976971713537 2126.6457445202386 834.8781847975138 586.9861380120697 1301.440463608582 4422.680145323497 1269.7331314277926 530.8505404718389 1002.8932954799379 1217.4757221047244 1060.1586354873657 1085.8452848321322 
995.3289995514892 984.6257010156855 1028.706834962185 1411.933427486304 864.0751132055539 7408.289487106689 1255.5657518938706 1136.7971896752601 1542.1205151987238 796.6049766010287 871.3218543747689 1710.0029527813135 1254.7601298717436 519.8976971713537 2126.6457445202386 834.8781847975138 586.9861380120697 1301.440463608582 4422.680145323497 1269.7331314277926 530.8505404718389 1002.8932954799379 1217.4757221047244 1060.1586354873657 1085.8452848321322 
995.3289995514892 984.6257010156855 1028.706834962185 1411.933427486304 864.0751132055539 7408.289487106689 1255.5657518938706 1136.797187762454 1542.1205151987238 796.6049766010287 871.3218543747689 1710.0029527813135 1254.7601298717436 519.8976971713537 2126.6457445202386 834.8781847975138 586.9861380120697 1301.440463608582 4422.680145323497 1269.7331314277926 530.8505404718389 1002.8932954799379 1217.4757221047244 1060.1586354873657 1085.8452848321322 
995.3289995514892 984.6257010156855 1028.706834962185 1411.933427486304 864.0751132055539 7408.289487106689 1255.5657518938706 1136.7971866006183 1542.1205151987238 796.6049766010287 871.3218543747689 1710.0029527813135 1254.7601298717436 519.8976971713537 2126.6457445202386 834.317565034653 586.9861380120697 1301.440463608582 4422.680145323497 1269.7331314277926 530.8505404718389 1002.8932954799379 1217.4757221047244 1060.1586354873657 1085.8452848321322 
995.3289995514892 984.6257010156855 1028.706834962185 1411.933427486304 864.0751132055539 7408.289487106689 1255.5657518938706 1136.7971864580404 1542.1205151987238 796.6049766010287 871.3218543747689 1710.0029011596566 1254.7601298717436 519.8976971713537 2126.6457445202386 831.1116515003141 586.9861380120697 1301.440463608582 4422.680145323497 1269.7331314277926 530.8505404718389 1002.8932954799379 1217.4757221047244 1060.1586354873657 1085.8452848321322 
995.3289995514892 984.6257010156855 1028.706834962185 1411.933427486304 864.0751132055539 7408.289487106689 1255.5657518938706 1136.7971861298047 1542.1205151987238 796.6049766010287 871.3218543747689 1710.0029011596566 1254.7601298717436 519.8976971713537 2126.6457445202386 830.601107211075 586.9861380120697 1301.440463608582 4422.680145323497 1269.7331314277926 530.8505404718389 1002.8932954799379 1217.4757221047244 1060.1586354873657 1085.8452848321322 
995.3289995514892 984.6257010156855 1028.706834962185 1411.933427486304 864.0751132055539 7408.289487106689 1255.5657518938706 1136.7971861298047 1542.1205151987238 796.6049766010287 871.3218543747689 1710.0029011596566 1254.7601298717436 519.8976971713537 2126.6457445202386 827.6965864382328 586.9861380120697 1301.440463608582 4422.680145323497 1269.7331314277926 530.8505404718389 1002.8932954799379 1217.4757221047244 1060.1586354873657 1085.8452848321322 
995.3289995514892 984.6257010156855 1028.706834962185 1411.933427486304 864.0751132055539 7408.289487106689 1255.5657518938706 1136.7971861298047 1542.1205151987238 796.6049766010287 871.3218543747689 1710.0029011596566 1254.7601298717436 519.8976971713537 2126.6457445202386 827.2402028588967 586.9861380120697 1301.440463608582 4422.680145323497 1269.7331314277926 530.8505404718389 1002.8932954799379 1217.4757221047244 1060.1586354873657 1085.8452848321322 
995.3289995514892 984.6257010156855 1028.706834962185 1411.933427486304 864.0751132055539 7408.289487106686 1255.5657518938706 1136.7971861296915 1542.1205151987238 796.6049766010287 871.3218543747689 1710.0029011596566 1254.7601298717436 519.8976971713537 2126.6457445202386 827.2389531961271 586.9861380120697 1301.440463608582 4422.680145323497 1269.7331314277926 530.8505404718389 1002.8932954799379 1217.4757221047244 1060.1586354873657 1085.8452848321322 
995.3289995514892 984.6257010156855 1028.706834962185 1411.933427486304 864.0751132055539 7408.289487106686 1255.5657518938706 1136.7971861296915 1542.1205151987238 796.6049766010287 871.3218543747689 1710.0029011596566 1254.7601298717436 519.8976971713537 2126.6457445202386 827.23676628269 586.9861380120697 1301.440463608582 4422.680145323497 1269.7331314277926 530.8505404718389 1002.8932954799379 1217.4757221047244 1060.1586354873657 1085.8452848321322 
995.3289995514892 984.6257010156855 1028.706834962185 1411.933427486304 864.0751132055539 7408.289487106686 1255.5657518938706 1136.7971794823357 1542.1205151987238 796.6049766010287 871.3218543747689 1710.0029011596566 1254.7601298717436 519.8976971713537 2126.6457445202386 827.2364974168722 586.9861380120697 1301.440463608582 4422.680145323497 1269.7331314277926 530.8505404718389 1002.8932954799379 1217.4757221047244 1060.1586354873657 1085.8452848321322 
995.3289995514892 984.6257010156855 1028.706834962185 1411.933427486304 864.0751132055539 7408.289487106686 1255.5657518938706 1136.797179480398 1542.1205151987238 796.6049766010287 871.3218543747689 1710.0029011596566 1254.7601298717436 519.8976971713537 2126.6457445202386 827.2364974168722 586.9861380120697 1301.440463608582 4422.680145323497 1269.7331314277926 530.8505404718389 1002.8932954799379 1217.4757221047244 1060.1586354873657 1085.8452848321322 
995.3289995514892 984.6257010156855 1028.706834962185 1411.933427486304 864.0751132055539 7408.289487106686 1255.5657518938706 1136.7971794734185 1542.1205151987238 796.6049766010287 871.3218543747689 1710.0029011596566 1254.7601298717436 519.8976971713537 2126.6457445202386 827.2364974168722 586.9861380120697 1301.440463608582 4422.680145323497 1269.7331314277926 530.8505404718389 1002.8932954799379 1217.4757221047244 1060.1586354873657 1085.8452848321322 
995.3289995514892 984.6257010156855 1028.706834962185 1411.933427486304 864.0751132055539 7408.289487106686 1255.5657518938706 1136.7971794670912 1542.1205151987238 796.6049766010287 871.3218543747689 1710.0029011596566 1254.7601298717436 519.8976971713537 2126.6457445202386 827.2364959816209 586.9861380120697 1299.59576398328 4422.680145323497 1269.7331314277926 530.8505404718389 1002.8932954799379 1217.4757221047244 1060.1586354873657 1085.8452848321322 
995.3289995514892 984.6257010156855 1028.706834962185 1411.933427486304 864.0751132055539 7408.289487106686 1255.5657518938706 1136.797179466516 1542.1205151987238 796.6049766010287 871.3218543747689 1710.0029011596566 1254.7601298717436 519.8976971713537 2126.6457445202386 827.236495701427 586.9861380120697 1299.3963961086542 4422.680145323497 1269.7331314277926 530.8505404718389 1002.8932954799379 1217.4757221047244 1060.1586354873657 1085.8452848321322 
995.3289995514892 984.6257010156855 1028.706834962185 1411.933427486304 864.0751132055539 7408.289487106686 1255.5657518938706 1136.797179466516 1542.1205151987238 796.6049766010287 871.3218543747689 1710.0029011596566 1254.7601298717436 519.8976971713537 2126.6457445202386 827.2364954841992 586.9861380120697 1299.2995997906273 4422.680145323497 1269.7331314277926 530.8505404718389 1002.8932954799379 1217.4757221047244 1060.1586354873657 1085.8452848321322 
995.3289995514892 984.6257010156855 1028.706834962185 1411.933427486304 864.0751132055539 7408.289487106686 1255.5657518938706 1136.7971794661526 1542.1205151987238 796.6049766010287 871.3218543747689 1710.0029011596566 1254.7601298717436 519.8976971713537 2126.6457445202386 827.2364954841992 586.9861380120697 1299.2995997906273 4422.680145323497 1269.7331314277926 530.8505404718389 1002.8932954799379 1217.4757221047244 1060.1586354873657 1085.8452848321322 
995.3289995514892 984.6257010156855 1028.706834962185 1411.933427486304 864.0751132055539 7408.289487106686 1255.5657518938706 1136.7971794661507 1542.1205151987238 796.6049766010287 871.3218543747689 1710.0029011596557 1254.7601298717436 519.8976971713537 2126.6457445202386 827.2364954841992 586.9861380120697 1299.2995955831348 4422.680145323497 1269.7331314277926 530.8505404718389 1002.8932954799379 1217.4757221047244 1060.1586354873657 1085.8452848321322 
995.3289995514892 984.6257010156855 1028.706834962185 1411.933427486304 864.0751132055539 7408.289487106686 1255.5657518938706 1136.7971794661348 1542.1205151987238 796.6049766010287 871.3218543747689 1710.0029011596557 1254.7601298717436 519.8976971713537 2126.6457445202386 827.2364954753925 586.9861380120697 1299.2995936542193 4422.680145323497 1269.7331314277926 530.8505404718389 1002.8932954799379 1217.4757221047244 1060.1586354873657 1085.8452848321322 
995.3289995514892 984.6257010156855 1028.706834962185 1411.933427486304 864.0751132055539 7408.289487106686 1255.5657518938706 1136.7971794661344 1542.1205151987238 796.6049766010287 871.3218543747689 1710.0029011596557 1254.7601298717436 519.8976971713537 2126.6457445202386 827.2364954748123 586.9861380120697 1299.2995935867552 4422.680145323497 1269.7331314277926 530.8505404718389 1002.8932954799379 1217.4757221047244 1060.1586354873657 1085.8452848321322 
995.3289995514892 984.6257010156855 1028.706834962185 1411.933427486304 864.0751132055539 7408.289487106686 1255.5657518938706 1136.7971794661344 1542.1205151987238 796.6049766010287 871.3218543747689 1710.0029011596557 1254.7601298717436 519.8976971713537 2126.6457445202386 827.2364954748123 586.9861380120697 1299.2995935867552 4422.680145323497 1269.7331314277926 530.8505404718389 1002.8932954799379 1217.4757221047244 1060.1586354873657 1085.8452848321322 
995.3289995514892 984.6257010156855 1028.706834962185 1411.933427486304 864.0751132055539 7408.289487106686 1255.5657518938706 1136.7971794661344 1542.1205151987238 796.6049766010287 871.3218543747689 1710.0029011596557 1254.7601298717436 519.8976971713537 2126.6457445202386 827.2364954748114 586.9861380120697 1299.2995935834242 4422.680145323497 1269.7331314277926 530.8505404718389 1002.8932954799379 1217.4757221047244 1060.1586354873657 1085.8452848321322 
995.3289995514892 984.6257010156855 1028.706834962185 1411.933427486304 864.0751132055539 7408.289487106686 1255.5657518938706 1136.7971794661344 1542.1205151987238 796.6049766010287 871.3218543747689 1710.0028830958672 1254.7601298717436 519.8976971713537 2126.6457445202386 827.23649547481 586.9861380120697 1299.2995935832214 4422.680145323497 1269.7331314277926 530.8505404718389 1002.8932954799379 1217.4757221047244 1060.1586354873657 1085.8452848321322 
995.3289995514892 984.6257010156855 1028.706834962185 1411.933427486304 864.0751132055539 7408.289487106686 1255.5657518938706 1136.7971794661344 1542.1205151987238 796.6049766010287 871.3218543747689 1710.0028830958672 1254.7601298717436 519.8976971713537 2126.6457445202386 827.2364954748082 586.9861380120697 1299.299593583221 4422.680145323497 1269.7331314277926 530.8505404718389 1002.8932954799379 1217.4757221047244 1060.1586354873657 1085.8452848321322 
995.3289995514892 984.6257010156855 1028.706834962185 1411.933427486304 864.0751132055539 7408.289487106686 1255.5657518938706 1136.7971794661344 1542.1205151987238 796.6049766010287 871.3218543747689 1710.0028828729683 1254.7601298717436 519.8976971713537 2126.6457445202386 827.2364954748077 586.9861380120697 1299.29959358322 4422.680145323497 1269.7331314277926 530.8505404718389 1002.8932954799379 1217.4757221047244 1060.1586354873657 1085.8452848321322 
995.3289995514892 984.6257010156855 1028.706834962185 1411.933427486304 864.0751132055539 7408.289487106686 1255.5657518938706 1136.7971794661344 1542.1205151987238 796.6049766010287 871.3218543747689 1710.0028828122267 1254.7601298717436 519.8976971713537 2126.6457445202386 827.2364954748077 586.9861380120697 1299.2995935832196 4422.680145323497 1269.7331314277926 530.8505404718389 1002.8932954799379 1217.4757221047244 1060.1586354873657 1085.8452848321322 
995.3289995514892 984.6257010156855 1028.706834962185 1411.933427486304 864.0751132055539 7408.289487106682 1255.5657518938706 1136.7971794661344 1542.1205151987238 796.6049766010287 871.3218543747689 1710.0028826552966 1254.7601298717436 519.8976971713537 2126.6457445202386 827.2364954748077 586.9861380120697 1299.2995935832196 4422.680145323497 1269.7331314277926 530.8505404718389 1002.8932954799379 1217.4757221047244 1060.1586354873657 1085.8452848321322 
995.3289995514892 984.6257010156855 1028.706834962185 1411.933427486304 864.0751132055539 7408.289487106682 1255.5657518938706 1136.7971794661344 1542.1205151987238 796.6049766010287 871.3218543747689 1710.0028826552966 1254.7601298717436 519.8976971713537 2126.6457445202386 827.2364954748077 586.9861380120697 1299.2995935832196 4422.680145323497 1269.7331314277926 530.8505404718389 1002.8932954799379 1217.4757221047244 1060.1586354873657 1085.8452848321322 
995.3289995514892 984.6257010156855 1028.706834962185 1411.933427486304 864.0751132055539 7408.289487106682 1255.5657518938706 1136.7971794661344 1542.1205151987238 796.6049766010283 871.3218543747689 1710.0028777340008 1254.7601298717436 519.8976971713537 2126.6457445202386 827.2364954748077 586.9861380120697 1299.2995935832196 4422.680145323497 1269.7331314277926 530.8505404718389 1002.8932954799379 1217.4757221047244 1060.1586354873657 1085.8452848321322 
995.3289995514892 984.6257010156855 1028.706834962185 1411.933427486304 864.0751132055539 7408.289487106682 1255.5657518938706 1136.7971794661344 1542.1205151987238 796.6049766010283 871.3218543747689 1710.0028777340008 1254.7601298717436 519.8976971713537 2126.6457445202386 827.2364954748073 586.9861380120697 1299.2995935832196 4422.680145323497 1269.7331314277926 530.8505404718389 1002.8932954799379 1217.4757221047244 1060.1586354873657 1085.8452848321322 
995.3289995514892 984.6257010156855 1028.706834962185 1411.933427486304 864.0751132055539 7408.289487106682 1255.5657518938706 1136.7971794661344 1542.1205151987238 796.6049766010283 871.3218543747689 1710.0028777258558 1254.7601298717436 519.8976971713537 2126.6457445202386 827.2364954748073 586.9861380120697 1299.2995935832196 4422.680145323497 1269.7331314277926 530.8505404718389 1002.8932954799379 1217.4757221047244 1060.1586354873657 1085.8452848321322 
995.3289995514892 984.6257010156855 1028.706834962185 1411.933427486304 864.0751132055539 7408.289487106682 1255.5657518938706 1136.7971794661344 1542.1205151987238 796.6049766010283 871.3218543747689 1710.0026582303171 1254.7601298717436 519.8976971713537 2126.6457445202386 827.2364954748073 586.9861380120697 1299.2995935832187 4422.680145323497 1269.7331314277926 530.8505404718389 1002.8932954799379 1217.4757221047244 1060.1586354873657 1085.8452848321322 
995.3289995514892 984.6257010156855 1028.706834962185 1411.933427486304 864.0751132055539 7408.289487106682 1255.5657518938706 1136.7971794661344 1542.1205151987238 796.6049766010283 871.3218543747689 1710.0026582303171 1254.7601298717436 519.8976971713537 2126.6457445202386 827.2364954748073 586.9861380120697 1299.2995935832187 4422.680145323497 1269.7331314277926 530.8505404718389 1002.8932954799379 1217.4757221047244 1060.1586354873657 1085.8452848321322 
995.3289995514892 984.6257010156855 1028.706834962185 1411.933427486304 864.0751132055539 7408.289487106682 1255.5657518938706 1136.7971794661344 1542.1205151987238 796.6049766010283 871.3218543747689 1710.0026582303171 1254.7601298717436 519.8976971713537 2126.6457445202386 827.2364954748073 586.9861380120697 1299.2995935832187 4422.680145323497 1269.7331314277926 530.8505404718389 1002.8932954799379 1217.4757221047244 1060.1586354873657 1085.8452848321322 
995.3289995514892 984.6257010156855 1028.706834962185 1411.933427486304 864.0751132055539 7408.289487106682 1255.5657518938706 1136.7971794661344 1542.1205151987238 796.6049766010283 871.3218543747689 1710.0026580789945 1254.7601298717436 519.8976971713537 2126.6457445202386 827.2364954748073 586.9861380120697 1299.2995935832187 4422.680145323497 1269.7331314277926 530.8505404718389 1002.8932954799379 1217.4757221047244 1060.1586354873657 1085.8452848321322 
995.3289995514892 984.6257010156855 1028.706834962185 1411.933427486304 864.0751132055539 7408.289487106682 1255.5657518938706 1136.7971794661344 1542.1205151987238 796.6049766010283 871.3218543747689 1710.002657889168 1254.7601298717436 519.8976971713537 2126.6457445202386 827.2364954748073 586.9861380120697 1299.2995935832187 4422.680145323497 1269.7331314277926 530.8505404718389 1002.8932954799379 1217.4757221047244 1060.1586354873657 1085.8452848321322 
995.3289995514892 984.6257010156855 1028.706834962185 1411.933427486304 864.0751132055539 7408.289487106682 1255.5657518938706 1136.7971794661344 1542.1205151987238 796.6049766010283 871.3218543747689 1710.002657889168 1254.7601298717436 519.8976971713537 2126.6457445202386 827.2364954748073 586.9861380120697 1299.2995935832187 4422.680145323497 1269.7331314277926 530.8505404718389 1002.8932954799379 1217.4757221047244 1060.1586354873657 1085.8452848321322 
995.3289995514892 984.6257010156855 1028.706834962185 1411.933427486304 864.0751132055539 7408.289487106682 1255.5657518938706 1136.7971794661344 1542.1205151987238 796.6049766010283 871.3218543747689 1710.0026578868856 1254.7601298717436 519.8976971713537 2126.6457445202386 827.2364954748073 586.9861380120697 1299.2995935832187 4422.680145323497 1269.7331314277926 530.8505404718389 1002.8932954799379 1217.4757221047244 1060.1586354873657 1085.8452848321322 
995.3289995514892 984.6257010156855 1028.706834962185 1411.933427486304 864.0751132055539 7408.289487106682 1255.5657518938706 1136.7971794661344 1542.1205151987238 796.6049766010283 871.3218543747689 1710.0026578868856 1254.7601298717436 519.8976971713537 2126.6457445202386 827.2364954748073 586.9861380120697 1299.2995935832187 4422.680145323497 1269.7331314277926 530.8505404718389 1002.8932954799379 1217.4757221047244 1060.1586354873657 1085.8452848321322 
995.3289995514892 984.6257010156855 1028.706834962185 1411.933427486304 864.0751132055539 7408.289487106682 1255.5657518938706 1136.7971794661344 1542.1205151987238 796.6049766010283 871.3218543747689 1710.0026578868037 1254.7601298717436 519.8976971713537 2126.6457445202386 827.2364954748073 586.9861380120697 1299.2995935832187 4422.680145323497 1269.7331314277926 530.8505404718389 1002.8932954799379 1217.4757221047244 1060.1586354873657 1085.8452848321322 
995.3289995514892 984.6257010156855 1028.706834962185 1411.933427486304 864.0751132055539 7408.289487106682 1255.5657518938706 1136.7971794661344 1542.1205151987238 796.6049766010283 871.3218543747689 1710.0026578867746 1254.7601298717436 519.8976971713537 2126.6457445202386 827.2364954748073 586.9861380120697 1299.2995935832187 4422.680145323497 1269.7331314277926 530.8505404718389 1002.8932954799379 1217.4757221047244 1060.1586354873657 1085.8452848321322 
995.3289995514892 984.6257010156855 1028.706834962185 1411.933427486304 864.0751132055539 7408.289487106682 1255.5657518938706 1136.7971794661344 1542.1205151987238 796.6049766010283 871.3218543747689 1710.0026578867664 1254.7601298717436 519.8976971713537 2126.6457445202386 827.2364954748073 586.9861380120697 1299.2995935832187 4422.680145323497 1269.7331314277926 530.8505404718389 1002.8932954799379 1217.4757221047244 1060.1586354873657 1085.8452848321322 
995.3289995514892 984.6257010156855 1028.706834962185 1411.933427486304 864.0751132055539 7408.289487106682 1255.5657518938706 1136.7971794661344 1542.1205151987238 796.6049766010283 871.3218543747689 1710.0026578867646 1254.7601298717436 519.8976971713537 2126.6457445202386 827.2364954748073 586.9861380120697 1299.2995935832187 4422.680145323497 1269.7331314277926 530.8505404718389 1002.8932954799379 1217.4757221047244 1060.1586354873657 1085.8452848321322 
995.3289995514892 984.6257010156855 1028.706834962185 1411.933427486304 864.0751132055539 7408.289487106682 1255.5657518938706 1136.7971794661344 1542.1205151987238 796.6049766010283 871.3218543747689 1710.0026578867646 1254.7601298717436 519.8976971713537 2126.6457445202386 827.2364954748073 586.9861380120697 1299.2995935832187 4422.680145323497 1269.7331314277926 530.8505404718389 1002.8932954799379 1217.4757221047244 1060.1586354873657 1085.8452848321322 
995.3289995514892 984.6257010156855 1028.706834962185 1411.933427486304 864.0751132055539 7408.289487106682 1255.5657518938706 1136.7971794661344 1542.1205151987238 796.6049766010283 871.3218543747689 1710.0026578867646 1254.7601298717436 519.8976971713537 2126.6457445202386 827.2364954748073 586.9861380120697 1299.2995935832187 4422.680145323497 1269.7331314277926 530.8505404718389 1002.8932954799379 1217.4757221047244 1060.1586354873657 1085.8452848321322 
995.3289995514892 984.6257010156855 1028.706834962185 1411.933427486304 864.0751132055539 7408.289487106682 1255.5657518938706 1136.7971794661344 1542.1205151987238 796.6049766010283 871.3218543747689 1710.0026578867642 1254.7601298717436 519.8976971713537 2126.6457445202386 827.2364954748073 586.9861380120697 1299.2995935832187 4422.680145323497 1269.7331314277926 530.8505404718389 1002.8932954799379 1217.4757221047244 1060.1586354873657 1085.8452848321322 
995.3289995514892 984.6257010156855 1028.706834962185 1411.933427486304 864.0751132055539 7408.289487106682 1255.5657518938706 1136.7971794661344 1542.1205151987238 796.6049766010283 871.3218543747689 1710.0026578867642 1254.7601298717436 519.8976971713537 2126.6457445202386 827.2364954748073 586.9861380120697 1299.2995935832187 4422.680145323497 1269.7331314277926 530.8505404718389 1002.8932954799379 1217.4757221047244 1060.1586354873657 1085.8452848321322 
995.3289995514892 984.6257010156855 1028.706834962185 1411.933427486304 864.0751132055539 7408.289487106682 1255.5657518938706 1136.7971794661344 1542.1205151987238 796.6049766010283 871.3218543747689 1710.0026578867642 1254.7601298717436 519.8976971713537 2126.6457445202386 827.2364954748073 586.9861380120697 1299.2995935832187 4422.680145323497 1269.7331314277926 530.8505404718389 1002.8932954799379 1217.4757221047244 1060.1586354873657 1085.8452848321322 
995.3289995514892 984.6257010156855 1028.706834962185 1411.933427486304 864.0751132055539 7408.289487106682 1255.5657518938706 1136.7971794661344 1542.1205151987238 796.6049766010283 871.3218543747689 1710.0026578867642 1254.7601298717436 519.8976971713537 2126.6457445202386 827.2364954748073 586.9861380120697 1299.2995935832187 4422.680145323497 1269.7331314277926 530.8505404718389 1002.8932954799379 1217.4757221047244 1060.1586354873657 1085.8452848321322 
995.3289995514892 984.6257010156855 1028.706834962185 1411.933427486304 864.0751132055539 7408.289487106682 1255.5657518938706 1136.7971794661344 1542.1205151987238 796.6049766010283 871.3218543747689 1710.0026578867642 1254.7601298717436 519.8976971713537 2126.6457445202386 827.2364954748073 586.9861380120697 1299.2995935832187 4422.680145323497 1269.7331314277926 530.8505404718389 1002.8932954799379 1217.4757221047244 1060.1586354873657 1085.8452848321322 
995.3289995514892 984.6257010156855 1028.706834962185 1411.933427486304 864.0751132055539 7408.289487106682 1255.5657518938706 1136.7971794661344 1542.1205151987238 796.6049766010283 871.3218543747689 1710.0026578867642 1254.7601298717436 519.8976971713537 2126.6457445202386 827.2364954748073 586.9861380120697 1299.2995935832187 4422.680145323497 1269.7331314277926 530.8505404718389 1002.8932954799379 1217.4757221047244 1060.1586354873657 1085.8452848321322 
995.3289995514892 984.6257010156855 1028.706834962185 1411.933427486304 864.0751132055539 7408.289487106682 1255.5657518938706 1136.7971794661344 1542.1205151987238 796.6049766010283 871.3218543747689 1710.0026578867642 1254.7601298717436 519.8976971713537 2126.6457445202386 827.2364954748073 586.9861380120697 1299.2995935832187 4422.680145323497 1269.7331314277926 530.8505404718389 1002.8932954799379 1217.4757221047244 1060.1586354873657 1085.8452848321322 
995.3289995514892 984.6257010156855 1028.706834962185 1411.933427486304 864.0751132055539 7408.289487106682 1255.5657518938706 1136.7971794661344 1542.1205151987238 796.6049766010283 871.3218543747689 1710.0026578867642 1254.7601298717436 519.8976971713537 2126.6457445202386 827.2364954748073 586.9861380120697 1299.2995935832187 4422.680145323497 1269.7331314277926 530.8505404718389 1002.8932954799379 1217.4757221047244 1060.1586354873657 1085.8452848321322 
995.3289995514892 984.6257010156855 1028.706834962185 1411.933427486304 864.0751132055539 7408.289487106682 1255.5657518938706 1136.7971794661344 1542.1205151987238 796.6049766010283 871.3218543747689 1710.0026578867642 1254.7601298717436 519.8976971713537 2126.6457445202386 827.2364954748073 586.9861380120697 1299.2995935832187 4422.680145323497 1269.7331314277926 530.8505404718389 1002.8932954799379 1217.4757221047244 1060.1586354873657 1085.8452848321322 
995.3289995514892 984.6257010156855 1028.706834962185 1411.933427486304 864.0751132055539 7408.289487106682 1255.5657518938706 1136.7971794661344 1542.1205151987238 796.6049766010283 871.3218543747689 1710.0026578867642 1254.7601298717436 519.8976971713537 2126.6457445202386 827.2364954748073 586.9861380120697 1299.2995935832187 4422.680145323497 1269.7331314277926 530.8505404718389 1002.8932954799379 1217.4757221047244 1060.1586354873657 1085.8452848321322 
995.3289995514892 984.6257010156855 1028.706834962185 1411.933427486304 864.0751132055539 7408.289487106682 1255.5657518938706 1136.7971794661344 1542.1205151987238 796.6049766010283 871.3218543747689 1710.0026578867642 1254.7601298717436 519.8976971713537 2126.6457445202386 827.2364954748073 586.9861380120697 1299.2995935832187 4422.680145323497 1269.7331314277926 530.8505404718389 1002.8932954799379 1217.4757221047244 1060.1586354873657 1085.8452848321322 
995.3289995514892 984.6257010156855 1028.706834962185 1411.933427486304 864.0751132055539 7408.289487106682 1255.5657518938706 1136.7971794661344 1542.1205151987238 796.6049766010283 871.3218543747689 1710.0026578867642 1254.7601298717436 519.8976971713537 2126.6457445202386 827.2364954748073 586.9861380120697 1299.2995935832187 4422.680145323497 1269.7331314277926 530.8505404718389 1002.8932954799379 1217.4757221047244 1060.1586354873657 1085.8452848321322 
995.3289995514892 984.6257010156855 1028.706834962185 1411.933427486304 864.0751132055539 7408.289487106682 1255.5657518938706 1136.7971794661344 1542.1205151987238 796.6049766010283 871.3218543747689 1710.0026578867642 1254.7601298717436 519.8976971713537 2126.6457445202386 827.2364954748073 586.9861380120697 1299.2995935832187 4422.680145323497 1269.7331314277926 530.8505404718389 1002.8932954799379 1217.4757221047244 1060.1586354873657 1085.8452848321322 
995.3289995514892 984.6257010156855 1028.706834962185 1411.933427486304 864.0751132055539 7408.289487106682 1255.5657518938706 1136.7971794661344 1542.1205151987238 796.6049766010283 871.3218543747689 1710.0026578867642 1254.7601298717436 519.8976971713537 2126.6457445202386 827.2364954748073 586.9861380120697 1299.2995935832187 4422.680145323497 1269.7331314277926 530.8505404718389 1002.8932954799379 1217.4757221047244 1060.1586354873657 1085.8452848321322 
995.3289995514892 984.6257010156855 1028.706834962185 1411.933427486304 864.0751132055539 7408.289487106682 1255.5657518938706 1136.7971794661344 1542.1205151987238 796.6049766010283 871.3218543747689 1710.0026578867642 1254.7601298717436 519.8976971713537 2126.6457445202386 827.2364954748073 586.9861380120697 1299.2995935832187 4422.680145323497 1269.7331314277926 530.8505404718389 1002.8932954799379 1217.4757221047244 1060.1586354873657 1085.8452848321322 
995.3289995514892 984.6257010156855 1028.706834962185 1411.933427486304 864.0751132055539 7408.289487106682 1255.5657518938706 1136.7971794661344 1542.1205151987238 796.6049766010283 871.3218543747689 1710.0026578867642 1254.7601298717436 519.8976971713537 2126.6457445202386 827.2364954748073 586.9861380120697 1299.2995935832187 4422.680145323497 1269.7331314277926 530.8505404718389 1002.8932954799379 1217.4757221047244 1060.1586354873657 1085.8452848321322 
995.3289995514892 984.6257010156855 1028.706834962185 1411.933427486304 864.0751132055539 7408.289487106682 1255.5657518938706 1136.7971794661344 1542.1205151987238 796.6049766010283 871.3218543747689 1710.0026578867642 1254.7601298717436 519.8976971713537 2126.6457445202386 827.2364954748073 586.9861380120697 1299.2995935832187 4422.680145323497 1269.7331314277926 530.8505404718389 1002.8932954799379 1217.4757221047244 1060.1586354873657 1085.8452848321322 
995.3289995514892 984.6257010156855 1028.706834962185 1411.933427486304 864.0751132055539 7408.289487106682 1255.5657518938706 1136.7971794661344 1542.1205151987238 796.6049766010283 871.3218543747689 1710.0026578867642 1254.7601298717436 519.8976971713537 2126.6457445202386 827.2364954748073 586.9861380120697 1299.2995935832187 4422.680145323497 1269.7331314277926 530.8505404718389 1002.8932954799379 1217.4757221047244 1060.1586354873657 1085.8452848321322 
995.3289995514892 984.6257010156855 1028.706834962185 1411.933427486304 864.0751132055539 7408.289487106682 1255.5657518938706 1136.7971794661344 1542.1205151987238 796.6049766010283 871.3218543747689 1710.0026578867642 1254.7601298717436 519.8976971713537 2126.6457445202386 827.2364954748073 586.9861380120697 1299.2995935832187 4422.680145323497 1269.7331314277926 530.8505404718389 1002.8932954799379 1217.4757221047244 1060.1586354873657 1085.8452848321322 
995.3289995514892 984.6257010156855 1028.706834962185 1411.933427486304 864.0751132055539 7408.289487106682 1255.5657518938706 1136.7971794661344 1542.1205151987238 796.6049766010283 871.3218543747689 1710.0026578867642 1254.7601298717436 519.8976971713537 2126.6457445202386 827.2364954748073 586.9861380120697 1299.2995935832187 4422.680145323497 1269.7331314277926 530.8505404718389 1002.8932954799379 1217.4757221047244 1060.1586354873657 1085.8452848321322 
995.3289995514892 984.6257010156855 1028.706834962185 1411.933427486304 864.0751132055539 7408.289487106682 1255.5657518938706 1136.7971794661344 1542.1205151987238 796.6049766010283 871.3218543747689 1710.0026578867642 1254.7601298717436 519.8976971713537 2126.6457445202386 827.2364954748073 586.9861380120697 1299.2995935832187 4422.680145323497 1269.7331314277926 530.8505404718389 1002.8932954799379 1217.4757221047244 1060.1586354873657 1085.8452848321322 
995.3289995514892 984.6257010156855 1028.706834962185 1411.933427486304 864.0751132055539 7408.289487106682 1255.5657518938706 1136.7971794661344 1542.1205151987238 796.6049766010283 871.3218543747689 1710.0026578867642 1254.7601298717436 519.8976971713537 2126.6457445202386 827.2364954748073 586.9861380120697 1299.2995935832187 4422.680145323497 1269.7331314277926 530.8505404718389 1002.8932954799379 1217.4757221047244 1060.1586354873657 1085.8452848321322 
995.3289995514892 984.6257010156855 1028.706834962185 1411.933427486304 864.0751132055539 7408.289487106682 1255.5657518938706 1136.7971794661344 1542.1205151987238 796.6049766010283 871.3218543747689 1710.0026578867642 1254.7601298717436 519.8976971713537 2126.6457445202386 827.2364954748073 586.9861380120697 1299.2995935832187 4422.680145323497 1269.7331314277926 530.8505404718389 1002.8932954799379 1217.4757221047244 1060.1586354873657 1085.8452848321322 
995.3289995514892 984.6257010156855 1028.706834962185 1411.933427486304 864.0751132055539 7408.289487106682 1255.5657518938706 1136.7971794661344 1542.1205151987238 796.6049766010283 871.3218543747689 1710.0026578867642 1254.7601298717436 519.8976971713537 2126.6457445202386 827.2364954748073 586.9861380120697 1299.2995935832187 4422.680145323497 1269.7331314277926 530.8505404718389 1002.8932954799379 1217.4757221047244 1060.1586354873657 1085.8452848321322 
995.3289995514892 984.6257010156855 1028.706834962185 1411.933427486304 864.0751132055539 7408.289487106682 1255.5657518938706 1136.7971794661344 1542.1205151987238 796.6049766010283 871.3218543747689 1710.0026578867642 1254.7601298717436 519.8976971713537 2126.6457445202386 827.2364954748073 586.9861380120697 1299.2995935832187 4422.680145323497 1269.7331314277926 530.8505404718389 1002.8932954799379 1217.4757221047244 1060.1586354873657 1085.8452848321322 
995.3289995514892 984.6257010156855 1028.706834962185 1411.933427486304 864.0751132055539 7408.289487106682 1255.5657518938706 1136.7971794661344 1542.1205151987238 796.6049766010283 871.3218543747689 1710.0026578867642 1254.7601298717436 519.8976971713537 2126.6457445202386 827.2364954748073 586.9861380120697 1299.2995935832187 4422.680145323497 1269.7331314277926 530.8505404718389 1002.8932954799379 1217.4757221047244 1060.1586354873657 1085.8452848321322 
995.3289995514892 984.6257010156855 1028.706834962185 1411.933427486304 864.0751132055539 7408.289487106682 1255.5657518938706 1136.7971794661344 1542.1205151987238 796.6049766010283 871.3218543747689 1710.0026578867642 1254.7601298717436 519.8976971713537 2126.6457445202386 827.2364954748073 586.9861380120697 1299.2995935832187 4422.680145323497 1269.7331314277926 530.8505404718389 1002.8932954799379 1217.4757221047244 1060.1586354873657 1085.8452848321322 
995.3289995514892 984.6257010156855 1028.706834962185 1411.933427486304 864.0751132055539 7408.289487106682 1255.5657518938706 1136.7971794661344 1542.1205151987238 796.6049766010283 871.3218543747689 1710.0026578867642 1254.7601298717436 519.8976971713537 2126.6457445202386 827.2364954748073 586.9861380120697 1299.2995935832187 4422.680145323497 1269.7331314277926 530.8505404718389 1002.8932954799379 1217.4757221047244 1060.1586354873657 1085.8452848321322 
995.3289995514892 984.6257010156855 1028.706834962185 1411.933427486304 864.0751132055539 7408.289487106682 1255.5657518938706 1136.7971794661344 1542.1205151987238 796.6049766010283 871.3218543747689 1710.0026578867642 1254.7601298717436 519.8976971713537 2126.6457445202386 827.2364954748073 586.9861380120697 1299.2995935832187 4422.680145323497 1269.7331314277926 530.8505404718389 1002.8932954799379 1217.4757221047244 1060.1586354873657 1085.8452848321322 
995.3289995514892 984.6257010156855 1028.706834962185 1411.933427486304 864.0751132055539 7408.289487106682 1255.5657518938706 1136.7971794661344 1542.1205151987238 796.6049766010283 871.3218543747689 1710.0026578867642 1254.7601298717436 519.8976971713537 2126.6457445202386 827.2364954748073 586.9861380120697 1299.2995935832187 4422.680145323497 1269.7331314277926 530.8505404718389 1002.8932954799379 1217.4757221047244 1060.1586354873657 1085.8452848321322 
995.3289995514892 984.6257010156855 1028.706834962185 1411.933427486304 864.0751132055539 7408.289487106682 1255.5657518938706 1136.7971794661344 1542.1205151987238 796.6049766010283 871.3218543747689 1710.0026578867642 1254.7601298717436 519.8976971713537 2126.6457445202386 827.2364954748073 586.9861380120697 1299.2995935832187 4422.680145323497 1269.7331314277926 530.8505404718389 1002.8932954799379 1217.4757221047244 1060.1586354873657 1085.8452848321322 
995.3289995514892 984.6257010156855 1028.706834962185 1411.933427486304 864.0751132055539 7408.289487106682 1255.5657518938706 1136.7971794661344 1542.1205151987238 796.6049766010283 871.3218543747689 1710.0026578867642 1254.7601298717436 519.8976971713537 2126.6457445202386 827.2364954748073 586.9861380120697 1299.2995935832187 4422.680145323497 1269.7331314277926 530.8505404718389 1002.8932954799379 1217.4757221047244 1060.1586354873657 1085.8452848321322 
995.3289995514892 984.6257010156855 1028.706834962185 1411.933427486304 864.0751132055539 7408.289487106682 1255.5657518938706 1136.7971794661344 1542.1205151987238 796.6049766010283 871.3218543747689 1710.0026578867642 1254.7601298717436 519.8976971713537 2126.6457445202386 827.2364954748073 586.9861380120697 1299.2995935832187 4422.680145323497 1269.7331314277926 530.8505404718389 1002.8932954799379 1217.4757221047244 1060.1586354873657 1085.8452848321322 
995.3289995514892 984.6257010156855 1028.706834962185 1411.933427486304 864.0751132055539 7408.289487106682 1255.5657518938706 1136.7971794661344 1542.1205151987238 796.6049766010283 871.3218543747689 1710.0026578867642 1254.7601298717436 519.8976971713537 2126.6457445202386 827.2364954748073 586.9861380120697 1299.2995935832187 4422.680145323497 1269.7331314277926 530.8505404718389 1002.8932954799379 1217.4757221047244 1060.1586354873657 1085.8452848321322 
995.3289995514892 984.6257010156855 1028.706834962185 1411.933427486304 864.0751132055539 7408.289487106682 1255.5657518938706 1136.7971794661344 1542.1205151987238 796.6049766010283 871.3218543747689 1710.0026578867642 1254.7601298717436 519.8976971713537 2126.6457445202386 827.2364954748073 586.9861380120697 1299.2995935832187 4422.680145323497 1269.7331314277926 530.8505404718389 1002.8932954799379 1217.4757221047244 1060.1586354873657 1085.8452848321322 
995.3289995514892 984.6257010156855 1028.706834962185 1411.933427486304 864.0751132055539 7408.289487106682 1255.5657518938706 1136.7971794661344 1542.1205151987238 796.6049766010283 871.3218543747689 1710.0026578867642 1254.7601298717436 519.8976971713537 2126.6457445202386 827.2364954748073 586.9861380120697 1299.2995935832187 4422.680145323497 1269.7331314277926 530.8505404718389 1002.8932954799379 1217.4757221047244 1060.1586354873657 1085.8452848321322 
995.3289995514892 984.6257010156855 1028.706834962185 1411.933427486304 864.0751132055539 7408.289487106682 1255.5657518938706 1136.7971794661344 1542.1205151987238 796.6049766010283 871.3218543747689 1710.0026578867642 1254.7601298717436 519.8976971713537 2126.6457445202386 827.2364954748073 586.9861380120697 1299.2995935832187 4422.680145323497 1269.7331314277926 530.8505404718389 1002.8932954799379 1217.4757221047244 1060.1586354873657 1085.8452848321322 
995.3289995514892 984.6257010156855 1028.706834962185 1411.933427486304 864.0751132055539 7408.289487106682 1255.5657518938706 1136.7971794661344 1542.1205151987238 796.6049766010283 871.3218543747689 1710.0026578867642 1254.7601298717436 519.8976971713537 2126.6457445202386 827.2364954748073 586.9861380120697 1299.2995935832187 4422.680145323497 1269.7331314277926 530.8505404718389 1002.8932954799379 1217.4757221047244 1060.1586354873657 1085.8452848321322 
995.3289995514892 984.6257010156855 1028.706834962185 1411.933427486304 864.0751132055539 7408.289487106682 1255.5657518938706 1136.7971794661344 1542.1205151987238 796.6049766010283 871.3218543747689 1710.0026578867642 1254.7601298717436 519.8976971713537 2126.6457445202386 827.2364954748073 586.9861380120697 1299.2995935832187 4422.680145323497 1269.7331314277926 530.8505404718389 1002.8932954799379 1217.4757221047244 1060.1586354873657 1085.8452848321322 
995.3289995514892 984.6257010156855 1028.706834962185 1411.933427486304 864.0751132055539 7408.289487106682 1255.5657518938706 1136.7971794661344 1542.1205151987238 796.6049766010283 871.3218543747689 1710.0026578867642 1254.7601298717436 519.8976971713537 2126.6457445202386 827.2364954748073 586.9861380120697 1299.2995935832187 4422.680145323497 1269.7331314277926 530.8505404718389 1002.8932954799379 1217.4757221047244 1060.1586354873657 1085.8452848321322 
