1545.959478055383 1611.9506159699004 1091.266956490509 1030.5310334683704 1365.049355444567 808.6098910285496 1338.5908451488503 1316.2952245243346 1210.639828557914 1288.1798126685962 1363.5171374262345 1582.2201409432355 1687.0346291820206 1353.2927956759258 1527.7242357694672 1704.10709646213 1581.1706197588546 1586.3264651941995 1327.3855358128621 1273.4328171510178 1517.1407679233967 981.6240468293272 1350.9102304349171 1403.5622649147645 1162.652868082746 
1366.2344416025835 1331.381589283431 992.022135803526 916.9595930257487 1247.3742826313337 723.8658947763197 1098.9182722935357 1020.4376023511659 1070.4066069582705 1138.8800163463716 1326.4476310858522 1096.7292521907025 1375.2211128000167 876.4595065313842 1247.9103191871918 1459.5803833591626 1541.4630491516082 1152.7714715752045 934.6543182630239 925.5593107201189 1485.9034636307215 876.8820453973749 1243.4412080220854 1374.8016674142873 718.078775919465 
1246.1418587354037 1107.26623233978 802.7461854427538 633.59783607792 1171.8848501541224 559.4118444547439 841.7563390135656 709.4618918351198 982.1101195772267 1053.363181477207 1294.8184888001247 995.0239744941273 1308.5528578735116 852.5854747883386 1089.9535586887855 1267.306905686135 1080.7571083331322 884.7036624355683 869.6477603627773 800.2910117036281 1294.7007855567454 865.5970429976355 1152.1654065565758 1373.6966927971712 608.318262952404 
797.3454546711419 1104.2733789101585 755.3092204953855 600.5969209487271 1160.4630379733767 488.6030119965799 827.4979982203813 574.9528137572388 979.1354470277165 1034.6630890426595 1253.9435155437195 955.0324385968506 1205.8011196624975 683.5030287253157 1071.6583332060818 1147.5500718797484 947.6533386359556 884.7036624355683 869.6477603627773 797.7634997923997 1270.1679180838928 793.431666533399 1068.2827945711738 1284.2584038982532 596.6280429548242 
797.3454546711419 1100.5068678862435 753.8923741673439 575.4559645047038 1138.2079570509795 448.54390003442404 751.0463336384992 558.2465631679438 977.4977902389942 886.5817335369616 1188.6941218608536 915.3093698840948 1179.7477211390928 660.3642080628442 1025.2263203346292 1147.5500718797484 931.6419900962833 869.7332156076814 811.8467662879093 719.7417745137195 1265.8354480592025 722.9557033448264 1017.2705422810218 1256.5860811727525 545.086745077047 
796.1526509768319 924.5937274655239 748.2112455509 557.5279505281778 1135.3135631618015 443.34588182542893 748.7513923648853 553.0113396869924 962.0512091891205 881.2354715302272 1180.4261819522044 911.0473784105134 1039.8910396432748 599.743983441911 1000.3552201138241 1137.9563595174986 912.9722370316967 868.8897592397725 809.1839929405805 714.9432163535712 1262.407258679365 718.539293997912 990.9819777827024 1255.2193760196874 468.74146482196284 
774.4283518874136 923.4363927788263 739.6257854922501 552.3352812336302 1111.4225482292136 441.49525741832895 747.1331294553966 551.891410143644 962.0512091891205 846.3556305209263 1161.6098989289153 892.1798080150106 1024.7395241203667 594.154674257848 973.678500950663 1134.835896938942 893.4115276188486 867.1533149789384 809.1839929405805 709.9600255578239 1171.0650468965127 711.1832300555525 982.5458440796938 1254.4214575347141 448.89541305857256 
739.886324048493 921.5342716460495 734.4488515498056 552.3352812336302 1111.4225482292136 432.538646182732 746.9913340051135 551.4443217791531 881.2915179395777 816.881245901513 1161.6098989289153 882.6872613650539 945.8065584367541 565.5893974835744 966.3451334478705 1134.835896938942 888.1434731874306 862.069614462891 782.1696996998935 709.9600255578239 1129.4893976511257 697.8455288617606 981.211363809784 1254.4214575347141 438.21774118276653 
722.5068952493912 921.5342716460495 729.6609113655586 551.7652365524173 1076.6274355711412 427.0004805657468 746.7391601240688 551.2709751680904 760.1032069796256 816.8069594290746 1161.6098989289153 873.0057786875786 937.1804209406814 562.8319375597043 961.4003404059081 1134.6157967766285 877.5472418217423 861.6018318456736 769.5049308038315 709.9600255578239 965.833312504727 605.8838449899649 950.9120937223124 1216.0789208604324 418.4727193997005 
655.4665211520924 912.941362934776 728.6339766580636 549.2241868013662 1072.2346299905703 426.9811874498773 738.8991350760089 551.2312446945343 689.109621174849 811.1052256696207 1161.3281268538153 866.552185724875 934.1116490367922 562.6821648361015 960.970993978839 1092.2792458235958 877.5472418217423 861.4337714170388 768.2597187546371 706.7327055031428 917.8477538611596 476.26731970373385 944.7497461958283 1205.4326289954943 417.40484847551033 
604.7545905982697 895.6654038942925 728.2402519176762 547.0388244511782 1072.2346299905703 426.9412657027292 690.3494551087497 551.2289157951404 676.9198337477437 809.8564552053735 1161.2255641525398 865.5662745266682 934.0021454760931 562.5896530762216 959.8690665615736 1091.6885420500744 877.258561634425 861.2670971578 768.0587218034343 705.233107013984 889.6673140544285 470.9624907731877 873.373369164733 967.253535478706 417.2295629492428 
601.5080990058559 894.623142190635 727.6928797731371 545.3011687176509 1072.2346299905703 426.88327073157325 689.6233716122779 551.2289157951404 676.9198337477437 803.4162056816576 1160.2421979425571 865.3160662170048 933.9297128691069 562.4547696617019 949.6350109102073 1017.5982247238662 877.2409501091915 779.3937508933354 767.9604745206393 703.8379559120026 883.9508843905069 459.5439832901593 818.1428494807997 962.7600943015459 417.0497598590837 
579.1859235972443 894.623142190635 720.0602069323177 544.107219956908 1072.2346299905703 426.87724509005693 681.6591568201252 551.2145528068345 676.9198337477437 801.6189596613358 1149.8718729512775 864.7150180915773 933.8982262646578 562.4315654314541 948.7906207373944 1015.4645474321733 877.0537314494072 779.3937508933354 767.8499018508751 695.9961945008017 883.6326442841141 443.95140315639765 812.3127073552396 912.2794708786018 415.4145344445096 
578.247463702995 894.5768581910893 720.0553545503626 544.107219956908 1069.1796812735834 426.8753904704449 680.6560494712194 551.2072612225966 652.127773614613 796.2589158653923 1148.9777989327981 863.6099099778598 933.8613138521687 562.4315654314541 947.7289281657463 1014.9848015250618 877.0537314494072 778.6781700699398 767.7797928017053 695.9877593154802 883.6326442841141 424.7865294295848 803.3119084653672 904.4000783962274 415.20871653642234 
578.1074888946523 892.6551561834704 719.8520078007459 544.0959401044174 1068.5156950223509 426.8753551197028 680.3958077298566 551.2067953037672 652.127773614613 792.0574624017977 1148.9759911231122 863.5579880121404 933.741473690819 562.4308554459521 946.2552159124307 1010.1135578006961 877.0528112773691 778.6781700699398 750.848438211387 695.8285010471527 826.7999595853516 418.67380491010863 802.4237614808994 901.3108689723854 414.936730674252 
577.4413107275986 891.9137946628689 719.8368469117968 544.0918619311042 1068.44030548505 426.8751674376026 653.7837267707632 551.2067953037672 651.67596896542 791.6691388517793 1148.3518885129724 862.1908918782156 933.6369987318681 562.4307691196072 945.5537198930801 995.1090916367207 875.9789503685342 775.6439109952494 737.8182911421736 694.7649971856467 809.9994998903308 416.00857864654154 778.7835532167351 900.6917252982744 414.9296603457724 
577.4413107275986 891.8639605393882 719.8194282819832 529.0107046241856 1067.8154602144077 426.8751674376026 653.1148422930783 551.2065270700814 651.2334666499673 791.4849155134534 1148.3518885129724 862.0094478132314 933.6369987318681 562.4307308611546 945.1319604484693 994.9678730895248 875.9789503685342 772.851415123359 737.220334757842 694.5107626820363 809.5238535220856 407.82830646603406 778.7835532167351 900.6917252982744 413.79907664297025 
573.9519287383323 891.862461527754 719.8180413111654 527.0705849205078 1067.4989093706608 426.87424811811707 653.0354070110507 551.2064261849214 651.0926731316349 791.4321738042381 1148.3518885129724 861.9121986695113 933.6346324161086 562.420783819929 923.0566115005859 994.9642450371766 875.9649972745669 771.7078238322638 737.1945736351336 686.559990685606 809.3022790799646 405.60629668819365 778.7835532167351 900.6917252982744 412.77848862819565 
573.9519287383323 891.8613564823249 719.8144419228065 515.0216725404198 1067.3614484683412 426.8741509374522 652.9307872226459 551.206422780715 651.0011043667182 791.4239463909898 1148.3512585293606 861.761914411728 933.6346324161086 562.420783819929 922.0929984979875 994.5694979271875 875.9266014297245 771.5539612301068 737.0827217754595 686.559990685606 809.3022790799646 405.60629668819365 778.6512974761931 900.6917252982744 412.7757297954381 
573.9444347452059 891.860836415739 719.8117566526553 511.11601726059007 1050.4787639288002 426.8741509374522 652.9234667077917 551.206399411928 650.1126965637677 791.385542316968 1148.3512585293606 860.8451302054186 933.6217343171479 562.420783819929 888.6824246230176 994.4338398851537 875.9226843919746 771.5337329725016 737.0297356027004 653.9639623829571 807.037312092747 405.60629668819365 778.4420780208288 900.6917252982744 412.77525359509673 
573.7780269333762 891.860815374067 719.8117566526553 510.45202237258445 1050.4787639288002 426.87414966271626 652.9220259973772 551.206399411928 649.5475928873161 791.385542316968 1148.3509913508888 860.8451302054186 933.4401424311181 562.4198351111527 888.5737154401504 993.634370414245 875.8848129362218 771.5327515318677 736.9667334805636 650.8653061981986 806.4622901674929 402.0479141879505 769.3580357471847 900.6917252982744 412.7751275721912 
573.7489802341124 891.857773009413 719.8117566526553 510.4246481580658 1047.1100977222304 407.2195414022408 652.921964495009 551.2063934956464 649.5331351714563 791.385542316968 1148.3509487668466 860.8451182786475 929.7688877296823 562.4198336858167 888.2844403704357 993.5805384119831 875.8844962095336 771.5327515318677 736.9089665298079 650.4355878472338 806.1798349179703 401.5764168047267 769.057267371149 898.1649840141777 412.77406913638833 
573.7483687705171 891.857773009413 719.8117566526553 510.42450575059866 1045.9790704564193 407.2195414022408 652.5728031651561 551.2063919643215 649.5290367738166 791.385542316968 1144.9301868270513 860.8451180844577 928.0917819595197 562.419832292645 882.2560133109309 993.5565796397314 875.8840044447948 770.3938608412 736.9089665298079 649.6866703666897 806.1640896145655 399.9191629505999 768.8587773287582 897.2167138711579 412.77393439269827 
573.7483687705171 891.857773009413 719.8110437780933 510.4242109855536 1045.6883609316328 397.44307699195815 652.4347774262997 551.2063919643215 649.5276910576204 791.3823802555507 1144.9301868270513 860.8450753289667 927.8681274467363 562.4198321558183 881.0658165900954 993.5560466950456 875.8839840537544 769.8494208380871 709.0371546696656 641.6698155493741 806.103313375555 399.9191629505999 768.844361291267 884.4362890260854 404.7882209277195 
573.7483687705171 856.3654656722438 719.8110437780933 510.4242109855536 1045.6683122164904 397.2583324644511 652.4212859895151 551.2063919474481 649.5264753286501 791.3784765986793 1144.564966504362 860.8450753289667 927.7817142189701 557.5429083851791 880.5172743576245 993.3952798807813 874.4191894206292 769.839461832285 697.8449866266951 641.3493044082102 806.103313375555 399.9191629505999 768.8335589945773 881.573761146873 404.5390169900038 
573.7481474838141 854.4974507811758 719.8110377380299 510.4242109855536 1045.3624411028322 397.19037116891195 652.3943770132955 551.2063919474481 649.5264753286501 791.3665036187185 1144.5518563654805 860.8450753289667 927.7756947733287 557.3732080348036 880.5044335430944 993.3952798807813 871.6722657754822 769.8138295863328 697.8445732640744 639.9924691210481 806.0971980007112 399.88992798925165 768.8013344177039 864.9660382243583 404.3291368291884 
570.4978344992978 853.899949107255 719.8108386900021 510.4242109855536 1030.7302922817166 397.1407103752108 652.3924856996132 551.20639152989 649.5260732255956 791.3665036187185 1144.5518563654805 860.8450753289667 927.7756947733287 554.7054690774794 880.4684654697398 993.3943130041289 871.1494127853507 769.8122094828673 697.8445732640744 639.9924691210481 806.0951977707327 399.8898033201822 764.5353000294613 862.9301176029712 402.0139259178736 
551.7840033810407 853.8186271874374 719.8108386900021 510.42416967338295 1028.3107571043374 397.1407103752108 652.3922843017062 551.2063915207304 649.5260732255956 791.3641653708241 1144.5515548397702 860.8450753289667 927.7741295918645 554.6858990203737 880.4295257387876 993.3552122087249 865.1663343364226 769.8114650888865 697.8444989058266 639.9924691210481 806.0918513174347 398.8120889620004 759.7100503010406 862.8247102910168 402.01388273503426 
550.4153259553968 853.7422299370673 719.8108386900021 510.4239515460463 1028.3107571043374 397.12921302059567 649.2286216374796 551.2063914857281 649.5260732255956 791.3641653708241 1144.5515548397702 860.8173570460021 927.7741295918645 554.6852811659205 880.4295257387876 993.3509850212404 864.6227177154074 769.8114650888865 697.8007042585496 639.9924691210481 806.0854897935023 398.74270748251956 757.7356111689824 862.8247102910168 402.004841577349 
549.9502340826989 853.7107889297272 719.8108386900021 510.4239184521184 1028.3107571043374 396.94359053972994 629.4426303892155 547.8704539079718 649.5260732255956 791.3618148766341 1144.5502238323306 847.1823292427252 927.7741081352756 554.6839310689893 880.4295257387876 993.3507233130858 864.6219080484511 769.8113343309346 697.7997759736754 639.9924691210481 806.0852457585625 398.63440392519897 756.1604759606257 862.7966464178226 401.8779470627778 
549.9502340826989 853.696693384964 717.8507694420532 510.4239184521184 1028.3107571043374 396.92602210297036 624.6902741983522 547.8704539079718 649.5260732255956 791.3618148766341 1144.5501239606638 847.1358075758176 927.7740788217602 554.6838456283008 880.421377473669 993.3506430703733 864.6170800719246 769.8113232980327 697.7977341903406 639.9924691210481 806.0852457585625 398.63440392519897 755.792146019372 862.7946292558431 401.8756279077329 
549.3032005088894 853.696693384964 717.5751454073829 510.4239177108925 1028.3107571043374 396.9253275237502 623.6490083116805 547.8551743196731 649.5260421045682 791.3618148766341 1140.640131725001 847.1351672638975 927.7565120101694 554.6833242183884 880.421377473669 993.350637285665 864.6140972582839 769.8113232980327 697.7977341903406 639.9924691210481 806.08518590112 398.61530036260274 755.7043310843355 862.7946292558431 401.8649671977805 
549.3032005088894 853.679544253012 717.5460125919617 510.4239139513593 1028.3107571043374 396.8989198085251 623.3440732293907 547.848040658545 649.5260421045682 791.3618148766341 1140.369291703602 847.1351672638975 927.7527711541461 554.6833242183884 880.4213495981558 993.3506270534808 864.6140972582839 769.8113176979991 697.797513702877 639.9924691210481 806.0840326298558 398.61530036260274 755.6898736912281 862.7946292558431 401.86364536481324 
549.2367304368213 853.6724010546241 717.5447635024543 510.42391327107816 1028.2948452905566 396.89778468343366 623.1317459462357 547.848040658545 649.5260415491421 791.3618148766341 1140.3541680326753 847.125943306843 927.7527711541461 554.6832611009086 880.4213226378151 993.3506213897172 864.6138085953935 769.8113069450374 697.7944575008787 639.9924691210481 806.0839436824185 398.61506184909376 755.6885613713375 862.7946292558431 401.8636324091117 
549.1833996527121 853.6663549673631 717.5447635024543 510.42391327107816 1028.2948452905566 396.8862220283254 623.1226707119249 547.848040658545 649.5260415491421 791.361732217059 1140.3476341110122 847.1254408127538 927.7525883470043 554.6832611009086 880.4203444516761 993.3506096017068 864.6138085953935 761.7778713983507 697.7944575008787 639.9924691210481 806.0839240932473 398.61433161747664 755.6885613713375 854.9737773132993 401.8636324091117 
549.1829449248944 853.6628826109454 717.5447635024543 510.4239131780605 1028.2842670766931 396.8862220283254 623.1146998009467 547.8480285955202 649.5260415055732 791.361732217059 1140.3473949112904 847.1251973272497 927.7525883470043 554.6832611009086 880.4203444516761 993.3506063306309 864.6138079014245 761.7778713983507 697.7944575008787 639.9924691210481 806.0838753856779 398.6142006886803 755.6885613713375 852.6557569278684 401.86355958375316 
549.1747494629799 853.6628826109454 717.5447634336483 510.4239131780605 1028.2842670766931 396.8862220283254 623.1140747709273 547.8475995316394 649.5260415055732 791.361732217059 1134.9362258182764 847.1251973272497 927.7525771596775 554.6832611009086 880.4203444516761 993.3506063306309 864.6137611878335 761.7778713983507 697.7944575008787 639.9924691210481 806.0838751250076 398.6142006886803 755.6884547330355 851.3077535072753 401.863551722558 
549.1747494629799 853.6628723505428 717.5447634330303 510.4239131780605 1028.22546391576 396.8862220283254 623.113701252872 547.8475978007791 649.5260415055732 791.3599151159638 1132.772530985886 847.1249027465647 927.7525771596775 554.6832611009086 880.4189603715963 993.350605278998 864.6137043608646 761.7778713983507 697.7944575008787 639.9550781350877 806.0838751250076 398.614199560393 755.6881601664659 850.7330764017843 401.86355083728176 
549.1747120053769 853.6628723505428 717.5447634330194 510.4239131778986 1028.1204608752341 396.88455441598035 623.1135035119405 547.8475916322727 649.5260415055732 791.3598911317758 1132.6541852139412 847.1249027465647 927.7525745736202 554.6832611009086 880.4189603715963 993.350605278998 864.6137043608646 761.7778713983507 697.7944575008787 639.9550781350877 806.0838751250076 398.61419381501537 750.1232736133506 850.3376064281415 401.86354093045065 
549.1746860477497 853.6620304737107 717.5447634329948 510.4239131731574 1028.1204608752341 396.88455441598035 623.113417656893 547.8475876498987 649.5260415055732 791.3598911317758 1132.5980486687859 847.1247117281359 927.7525690410653 554.6832611009086 880.4189603715963 993.350605278998 864.6137043608646 761.7630655878029 697.7944575008787 639.9550781350877 806.0838159617665 398.61419096922873 750.0972436673264 850.3276644127536 401.86353994313004 
549.1746789385961 853.6620304737107 716.2304924140471 510.4239131729846 1028.1204608752341 396.88455441598035 623.1133605028049 547.8475876498987 649.5260415055727 791.3598805377796 1132.5907781329906 847.1247117281359 927.7525690245157 554.6832611009086 880.4189603715963 993.350605278998 864.6137043608646 761.7618750907964 697.7944575008787 639.9536571119515 806.0837843873801 398.21690957817145 750.0972436673264 850.2018916501056 401.8635399027812 
549.1746781793454 853.6620304737107 715.1910002710583 510.42391317298143 1028.1204608752341 396.88455441598035 623.113358943554 547.8475873476536 649.5260415055727 791.3598783777106 1132.58285903437 847.1247092287413 927.7525679320984 554.6832611009086 880.4189591755567 993.350605278998 864.6137043608646 761.7558612491384 697.7944575008787 639.9536571119515 806.0837817709253 398.09469210591215 750.0969998256796 850.1940748914512 401.8632962670772 
549.1746780086473 853.661685080202 715.1910002710583 510.4239131729678 1028.1204608752341 396.88454032600566 623.1133491621317 547.8475873315483 649.5260415055723 791.3598783777106 1132.5785532124437 847.1247092287413 927.7525679320984 554.6832611009086 880.4189576364852 993.350605278998 864.6137043608646 761.7558504729855 697.7944575008787 639.9536571119515 806.0837817709253 398.0665016180951 747.8098409818249 850.17189743479 401.8632962670772 
549.1746667187654 853.661685080202 715.1910002710583 510.4239131729678 1028.1204608752341 396.88445647790377 623.1133487162015 547.8475873288567 649.5260415055723 791.3598782075169 1132.5678006840449 847.1247092287413 927.7525679320984 554.6832611009086 880.4189576364852 993.3506052789949 864.6137043608646 761.7558220889587 697.7944575008787 639.9536571119515 806.0837817709253 398.0665016180951 743.6839788398747 850.1630270462501 401.8632962670772 
549.1746666930057 853.661685080202 715.1754364885282 510.4239131729605 1028.1204608752341 396.8844551274633 623.113337743865 547.8475873286425 649.5260415045955 791.3598773724962 1132.5669801665522 847.1247092257163 927.7525674332046 554.6832611009086 880.4189570956537 993.3506052789944 864.6137043608642 761.755711674356 697.7944575008787 639.9536571119515 806.0837817709253 398.0643217151696 743.6417080539936 850.1550549618669 401.8632962670772 
549.1746659918299 853.661685080202 715.1741780940156 510.4239131729605 1028.112124878257 396.8844519011168 623.1133089849845 547.8475873283287 649.5260415045955 791.3598773206804 1132.5664105006708 847.1247092257163 927.7525672555807 554.6832611009086 880.4189570956537 993.350605278994 864.6137043608642 761.755711674356 697.7944575008787 639.9536571119515 806.0837817709253 398.0587842042901 743.6356029964891 850.14886378754 401.8632962670772 
549.1746647439709 853.661685080202 715.174148492898 510.42391317295824 1028.06069903376 396.8844518153883 623.1133083469799 547.8471743580203 649.5260415045955 791.3598773205854 1132.5664105006708 847.1247092257163 927.7525672177835 554.6832611009086 880.4189570878357 993.350605278994 864.6137043608642 761.7557105920177 697.7944575008787 639.9536571119515 806.0837817709253 398.05844807101676 743.6356029964891 850.14886378754 401.8628557305965 
549.1746647439709 853.661685080202 715.1741469822218 510.42391317295824 1028.06069903376 396.88445179769724 617.7736980554887 547.8470591830737 649.5260415045955 791.3598773205854 1132.5663502390548 847.1247092257163 927.7525672141865 554.6832611009086 880.4189570741132 993.350605278994 864.6137043608642 761.7557104028429 697.7944382041319 639.9536571119506 806.0837817709253 398.05427953228264 743.6351805855129 850.1488623810637 401.8628557305965 
549.1746647439709 853.661685080202 715.1741469814283 510.42391317295824 1028.06069903376 396.88445178835536 617.2486628316847 547.8470591726623 649.5260415045941 791.3598773079875 1132.566339538546 847.1247092257163 927.7525670704676 554.6832611009086 880.4189570741132 993.350605278994 864.6137043608642 761.7557104014763 697.7944382041319 639.9536571119506 806.0837817709253 398.05427953228264 743.635172841181 850.148857060105 400.2142420627347 
549.1746647439709 853.661644435293 715.1741469813469 510.42391317295824 1028.06069903376 396.88445178782194 617.1361922497663 547.8470569090737 649.5260415042121 791.3598773063254 1132.5663239316227 847.1247092257163 927.7525669307197 554.6832611009086 880.4189570741132 993.350605278993 864.6126868487336 757.0387124479912 697.7944382041319 639.9536571119506 806.0837817709253 398.05427953228264 743.6348475829504 850.1488559983081 400.12008611131296 
549.1746647439709 853.661644435293 715.1741469812941 510.4239131729578 1028.06069903376 396.88445178738266 617.1359512400268 547.847056461796 649.5260415042121 791.3598773061458 1132.566322126619 847.1247092257163 927.7525669307197 554.6832611009086 880.4189570741132 993.350605278993 864.6126868487336 756.884059323249 697.7944382041319 639.9536571119506 806.0837457579528 398.0539168557284 743.633619535909 850.1488552402507 400.1142518078668 
549.1746647439709 853.661644435293 715.174138010887 510.4239131729573 1016.035183053451 396.88445178738266 617.1359491377375 547.8403726972915 649.5260415042121 791.359877306144 1130.2830421108692 847.1247092257163 926.1057855284266 554.6832611009086 880.4189570741132 993.350605278993 864.6126868487336 756.8171801782701 697.7944382041319 639.9536571119506 806.0837428588156 398.0495442382071 743.6329254165685 850.1488552402507 400.1125749462899 
549.1746647439709 853.466968916855 715.174138010887 510.4239131729573 1015.1935957536871 396.88445178738266 617.1359449287338 547.8403726972915 649.5260415042108 791.3598773061099 1130.2830421108692 847.1247092253261 926.1044452554006 554.6832611009086 877.8916384357535 993.350605278993 864.6126868487336 756.7510696367449 697.7944382041319 639.9536571119497 806.0837291106491 398.0495442382071 743.6329029463041 848.4111753238963 400.10748132796334 
549.17466474397 853.465538183923 715.174138010485 510.4239131729573 1014.9726337408738 396.884451787289 617.1285416072783 547.0390830777733 649.5257388030918 791.3598773061099 1130.2202845173333 847.1247092253261 926.1037360341566 554.6832611009086 877.8327733869592 993.350605278993 864.6126868487336 756.749820919249 697.7944382041319 639.9536571119497 806.0837283048636 398.0495442382071 743.632407420796 791.4084047238239 400.10727623117145 
549.17466474397 853.465538183923 715.1741379888408 510.4239131729573 1014.9726337408738 396.8844517872876 617.1285416072783 546.6527624154724 649.5257388030918 784.4358081213159 1130.2201394585345 847.1247092250569 925.7097260005294 554.6832611009086 877.8327733869592 993.350605278993 864.6126868487336 756.7324422288975 697.7944382041319 639.9536571119497 806.0837283048636 398.0495442382071 743.632407420796 789.5905337337304 400.10727623117145 
549.17466474397 853.465538183923 715.1741379788209 510.4239131729573 971.7873139999929 396.8844517872876 612.2033873298651 546.5889242357598 649.5228130621003 779.4666595576705 1130.2201394585345 847.1247092250569 925.6986397634214 554.6832611009086 877.7153034637113 993.350605278993 864.6126868487336 756.7322758010555 697.7944382041319 639.9536571119497 806.0837283048636 398.0495442278011 743.6323976277299 788.4982481379438 400.10727623117145 
549.17466474397 853.465538183923 715.1741379778987 510.4239131729573 970.623377375889 396.8844517872876 611.4941511536358 546.5839092151327 649.5226128748754 778.9789375099817 1130.2201394585345 847.124709225056 925.6986397634214 554.6832611009086 877.6963244462604 993.350605278993 864.6126868487336 756.732056607962 697.7944382041319 639.9536571119497 806.0837282192924 398.0495441747471 743.631527045562 788.1937396443286 400.1072720370039 
549.1746647439695 853.465538183923 715.1741379777482 510.4239131729573 970.0194675954726 396.8844517872876 611.4941511536358 546.5839092151327 649.5226128748754 778.9425037109136 1130.2201394585345 847.124709225056 925.6986397634214 554.6832611009086 877.6963244462604 993.350605278993 864.6126868487336 756.7320000526624 697.7944382041314 639.9536571119497 806.083728207248 398.0495441747471 743.631527045562 788.1937396443286 400.1072715698401 
549.1746647439695 853.465538183923 715.1741379777482 510.4239131729573 969.444088479358 396.8844517872876 611.4769145366054 546.5824724457743 649.5226127673786 778.939635411688 1130.2201394585345 847.1235355888844 925.6984792733433 554.6832611009086 877.6802636705097 993.350605277702 864.6126868487336 756.6996125153732 697.7944382041314 639.9536571119497 806.0834252542595 398.0495441665589 743.631527045562 788.1937396443286 400.10727152450454 
549.1746647439695 853.465538183923 715.1741379776913 510.4239131729573 969.444088479358 396.8844517872876 611.4769145366054 546.5819371290318 649.5226122790382 778.939635411688 1130.2201394585345 847.1235355888844 925.6984772235637 554.6832611009086 877.6802636705097 993.3506052777011 864.6126868487336 756.6868380156493 697.7944382041314 639.9536571119497 806.0834252542595 398.0495441612293 743.631527045562 788.1542260227648 400.1072715122659 
549.1746647439695 853.465538183923 715.1741379776904 510.4239131729573 969.444088479358 396.8844517872876 611.4769145366054 546.5662745424588 649.5226122790382 778.937282702891 1130.2201394585345 847.1235355888844 925.6984770128893 554.6832611009086 877.6802477940564 993.3506052776997 864.6126868487336 756.6868380156493 697.7944382041314 639.9534889535103 806.0834252542595 398.0495441612293 743.631527045562 788.14356158791 400.1072715122659 
549.1746647439695 853.465538183923 715.1741379776904 510.4239131729573 969.444088479358 396.8844517872876 611.4769145366054 546.5615219629435 649.5226121835858 778.9362324269491 1130.2201394585345 847.1235355888844 925.6984770081453 554.6832611009086 877.6802477940564 993.3506052776993 864.6126868487336 756.6715536942402 697.7944382041314 639.9534889535103 806.0834252542595 398.0495441612293 743.631527045562 788.1229661397742 400.1072715122659 
549.1746647439695 853.465538183923 715.1741379776904 510.4239131729573 969.4313116360113 396.8844517872876 611.4551167478612 546.5615219629435 649.5226121362011 778.9352534508089 1130.2201394585345 847.1235355888844 925.6984770079707 554.6832611009086 877.6801050870681 993.3506052776993 864.6126868487336 755.6306066616744 697.7944382041305 639.9534889535103 806.0834252542595 398.0495441607718 743.6315270358145 788.1208699290178 400.1072715115365 
549.1746647439695 853.465538183923 715.1741379776904 510.4239131729573 969.4291605564927 396.8844517872876 611.4434618410128 546.5615219629435 649.5226121319952 778.9306258961897 1130.2201394585345 847.1235355888844 925.6984770078984 554.6832611009086 877.6622291485205 993.3506052776993 864.6126868487336 755.6020368797708 697.7944382041305 639.9534889535103 806.0834252542595 398.04954416075543 743.6315270311698 788.1208699290178 400.10727151151923 
549.1746647439695 853.465538183923 715.1741379776904 510.4239131729573 969.4270442427628 396.8844517872876 611.4434618410128 546.5615219629435 649.5226121319952 778.9306258961897 1127.3200873354326 847.1235355888844 925.6984770078984 554.6832611009086 877.6622291485205 993.350605277697 864.6126868487336 755.4407806823046 697.7944382041305 639.9534053379712 806.0834252542595 398.04954416075543 743.6315270290011 788.1208699290178 400.10727151150786 
549.1746647439695 853.465538183923 715.1741379776904 510.4239131729573 969.4240083947957 396.8844517872876 611.4434618410128 546.5615219629435 649.5226121299161 778.9303696642787 1127.3200873354326 847.1235355888844 925.6984770078984 554.6832611009086 877.6499980795211 993.3506052776966 864.6126868487336 755.2733197278826 697.7944382041305 639.9534053379712 806.0834252542595 398.0343882411962 743.6315270290011 788.1208356607549 400.10727151150695 
549.1746647439695 853.465538183923 715.1741379776904 510.4239131729573 969.4230136935917 396.8844517872876 611.4434618410128 546.5615219629435 649.5226121299161 778.9303639357686 1127.164166194767 847.1235355888844 925.6984770078984 554.6832611009086 877.6499980795211 993.3506052776966 864.6126868487336 755.2334073591333 697.7944382041305 639.9534053379712 806.0834252542595 398.0343882411962 743.6315270285413 788.120806133054 400.1072715115065 
549.1746647439695 853.465538183923 715.1741379776904 510.4239131729573 969.4229537298174 396.8844517872876 611.4434618410128 546.5615219629435 649.5226121298542 778.9303549112142 1127.164166194767 847.1235355888844 925.6984770078984 554.6832611009086 877.6499980795211 993.3506052776966 864.6126868487336 755.224549685252 697.7944382041305 639.9534053379712 806.0834252542595 398.0343882411962 743.6315270284695 788.120806133054 400.10727151150604 
549.1746647439695 853.465538183923 715.1741379776904 510.4239131729573 969.4229537298174 396.8844517872876 611.4434618410128 546.5615219629435 649.5226121297787 778.9303546616288 1127.1357322231843 847.1235355888844 925.6984770078984 554.6832611009086 877.6499980795211 993.3506052776966 864.6126868487336 755.2238705104405 697.7944382041305 639.9534053379712 806.0834252542595 398.0296431447414 743.6315270284522 788.1207840926313 400.10727151150604 
549.172718212687 853.465538183923 715.1741379776904 510.4239131729573 969.4229412669051 396.8844517872876 611.4391015816154 546.5615219629435 649.5226121297774 778.9303546616288 1127.134931280084 847.1235355888844 918.5646313005764 554.6832611009086 877.6499980795211 993.3506052776966 864.6126868487336 755.2232996670173 697.7944382041305 639.9534053379712 806.0834252542595 398.02964037427773 743.6315270284485 788.120778356209 400.10727151150604 
549.172718212687 853.465538183923 715.1741379776904 510.4239131729573 969.4228960152141 396.8844517872876 611.4385274641272 546.5592793854516 649.5226121297769 778.9303546598926 1127.1346634196166 847.1235355888844 916.3913438966174 554.6832611009086 877.6418312752139 973.7936241445313 864.6126868487336 755.2232045219944 697.7944382041305 634.1405463315714 806.0834252542595 398.0251159899085 743.6315270284485 788.1207232109014 400.1072715115056 
542.7306262099469 853.465538183923 715.1741379776904 510.4239131729573 969.4228960152141 396.8844517872876 611.4385189686491 546.5592793854516 649.5226121297769 778.930354659883 1127.1346151454181 847.1235355888844 916.390633190565 554.6832611009086 877.4289939540959 973.7936241445313 864.6126868487336 742.7900802907748 697.7944382041305 632.9242840073612 806.0834252542595 398.0243366171444 743.6315270284476 788.1207232109014 400.1072715115056 
542.6960330571023 853.465538183923 715.1741379776904 510.4239131729573 969.4228960152141 396.8844517872876 611.4385168622152 545.3512745767425 649.5226121297746 778.930354659883 1127.1342947908706 847.1235355888844 916.3904343933527 554.6832611009086 877.4153087208201 973.6894094281083 864.6126868487336 742.7372284107728 697.7944382041305 632.9242840073612 806.0834252542595 398.0241158151043 743.6315270284476 765.9861224597475 400.1072715115056 
542.684166933203 853.465538183923 715.1741379776904 510.4239131729573 969.4216213035816 396.8844517872876 611.4385114786692 542.1297426786941 649.5226121297746 778.930354659883 1127.1342947908706 847.1235355888839 916.3904343933527 554.6832611009086 877.4126320992123 973.6791144091972 864.6126868487336 742.6309881046936 697.7944382041305 632.9242840073612 806.0834252542595 398.0241158151043 743.6315270284476 764.6999786171905 400.1072715115056 
542.684166933203 853.465538183923 715.1741379776904 510.4239131729573 969.4215908093443 396.8844517872876 611.4385114786692 541.9622354305334 649.5226121297746 778.930354659883 1127.1342712618261 847.1235355888839 916.3904343933527 550.0028084109158 877.4126320992123 973.679081528685 864.6126868487336 742.6309881046936 697.7944382041305 632.9242840073612 806.0834252542595 398.0241158151043 743.6314502999112 764.6999786171905 400.1072715115056 
542.6839164485218 853.465538183923 715.1741379776904 510.4239131729573 969.4201977558523 396.8844517872876 611.438510930232 541.8977299478411 649.5226121297746 778.9303546598821 1127.1342472343667 847.1235355888839 916.3904261884563 549.3465547515334 877.4126320992123 973.679081528685 864.6126868487336 742.6204765090843 697.7944382041305 632.9242840073612 806.0834252542595 398.0241158151043 743.6314502999112 764.6893365388942 400.1072715115056 
542.6834713783801 853.465538183923 715.1741379776904 510.4239131729573 969.4198446904384 396.8844517872876 611.4385099905512 541.8977299478411 649.5226121297746 778.9303546598726 1127.1342468024905 847.1235355888839 916.3904261884563 549.3075726743746 877.4126281643498 973.6783404565713 864.6126868487336 742.6001281311515 697.7944382041305 632.9242840073612 806.0834252542595 398.0241158151043 743.6314502999112 764.6883926970177 400.1072715115056 
542.6805670456324 853.465538183923 715.1741379776904 510.4239131729573 969.4198446904384 396.8844517872876 611.4385099332885 541.8881961355864 649.5226121297746 778.9303546598721 1127.1342457884016 847.1235355888839 916.3904259921064 549.3075726743746 877.4126281643498 973.677127742656 864.6126868487336 742.5632032070325 697.7944382041305 632.9242840073612 806.0834252542595 398.0241158151043 743.6314502999112 764.6866116831338 400.1072715115056 
542.6674396586882 853.465538183923 715.1741379776904 510.4239131729573 969.4196970951334 396.8844517872876 611.4385099247556 541.8881961355864 649.5226121297746 778.9303546598721 1127.1342457884016 847.1235355888839 916.3904259888859 549.3057646961988 877.4126281643498 973.6771131756327 864.6126868487336 742.5608599806587 697.7944382041305 632.9242840073612 806.0834252542595 398.0241158151043 743.6314502999112 764.6859657216705 400.1072715115056 
542.6634603993493 853.465538183923 715.1741379776904 510.4239131729573 969.4196970951334 396.8844517872876 611.4385099247556 541.8856371797219 649.5226121297746 778.9303546598721 1127.1342450874413 847.1235355888839 916.3904259877204 549.3057646961988 877.4126281643498 973.6771131756327 864.6126868487336 742.5536608209391 697.7944382041305 632.9242840073612 806.0834252542595 398.0241158151043 743.6314502999112 764.6859252144677 400.1072715115056 
542.6634603993493 853.465538183923 715.1741379776904 510.4239131729573 969.4196970951334 396.8844517872876 611.4385099247556 541.885621512462 649.5226121297746 778.9303546598721 1127.134245084554 847.1235355888839 916.3904259877204 549.2959831287317 877.4109884471359 966.5220315334273 864.6126868487336 742.5536608209391 697.7944382041305 632.9242840073612 806.0834252542595 398.0241158151043 743.6314502999112 764.6846093437125 400.1072715115056 
542.6634603993493 853.465538183923 715.1741379776904 510.4239131729573 969.4196966481759 396.8844517872876 611.4385099242654 541.885621512462 649.5226121297746 774.5974224056099 1127.1342450834372 847.1235355888839 916.3904259877204 549.2909451619944 877.4109884471359 951.3831212580135 864.6126096070507 742.5536608209391 697.7944382041305 632.9242840073612 806.0834252542595 398.0241158151043 743.6314502999112 764.6837224574633 400.1072715115056 
539.4679546192306 853.465538183923 715.1741379776904 510.4239131729573 969.4196966481759 396.8844517872876 611.4385099242654 541.885621512462 649.5226121297746 774.5958576363578 1124.5319002719907 847.1235355888839 916.3904259877204 549.2909451619944 877.4080563803595 946.8531533876103 864.6126096070507 742.5536608209391 697.7944382041305 632.9242840073612 806.0834252542595 398.0241158151043 743.6314502999112 764.6835889427871 400.1072715115056 
539.4679546192306 853.465538183923 715.1741379776904 510.4239131729573 969.4196966481759 396.8844517872876 611.4385099242654 541.8854609198115 649.5226121297746 774.4402652785916 1124.5319002719907 847.1229749578865 916.3904259877204 549.2909451619944 877.4080563803595 944.2147180720885 864.6126096070507 742.5536279657572 697.7944382041305 632.9242840073612 806.0834252542595 398.0241158151043 743.6314502999112 764.6835705469684 400.1072715115056 
531.8695102823363 853.465538183923 715.1741379776904 510.4239131729573 969.419204734415 396.8844517872876 611.4385099242436 541.8854433807405 649.5226121297746 774.3760779897998 1124.5319002719907 847.1229749578865 916.3904259877204 549.2903398917051 877.4080563803595 942.9156684222016 864.6126096070507 742.5536279657572 697.7944382041305 629.7022919859482 806.0834252542595 398.0241158151043 742.9002478615384 764.6835700116862 397.6766449533543 
531.8695102823363 815.4109620228328 715.1741379776904 510.4239131729573 969.419204734415 396.8844517872876 611.4385099242413 541.8854327987319 649.5226121297746 774.369202926634 1124.5319002719907 847.1229749578865 916.3904259867118 549.2902153910677 877.4080563803595 942.8485113861984 864.6124639123282 742.5536279657572 697.7944382041305 629.6598151027952 806.0834252542595 398.02411581510387 742.8351867979891 764.6835611679271 397.5154178745138 
531.8695102823363 815.4109620228328 715.1741379776904 510.4239131729573 969.419204734415 396.8844517872876 611.4385099242377 541.8854268843565 649.5226121297746 774.3660202227029 1124.5319002719907 847.1229749578865 916.3904259867118 549.2901214076992 877.4080563803595 942.8485113861984 864.6124639123282 742.5534489973234 697.7944382041305 629.6598151027952 806.0834252542595 398.02411581510387 742.8351867979891 764.6835611679271 397.4899000925916 
531.8695102823363 815.4109620228328 715.17413797769 510.4239131729573 969.419204734415 396.8844517872876 611.4385099242354 541.8854260140215 649.5226121297746 774.3659687705458 1124.5319002719907 847.1229749578865 916.3904259867113 549.2901168836615 877.4080563803595 942.8406127098256 864.6124639123282 742.5534489973234 697.7944382041305 629.6598151027952 806.0834252542595 398.02411581510387 742.8350475733869 764.6835611679271 397.4846822235545 
531.8695102823363 815.4109620228328 715.17413797769 510.4239131729573 969.419204734415 396.8844517872876 611.4385099242354 541.8854259201908 649.5226121297746 774.3595984986086 1124.5319002719907 847.1229749578865 916.3904259867113 549.2901165170119 877.4075980316416 942.8403054778591 864.6124639123282 742.5534489973234 697.7944382041305 629.6598151027952 806.0834252542595 398.02411581510387 742.834976332575 764.6835505343124 397.4846822235545 
531.8695102823363 815.4109620228328 715.17413797769 510.4239131729573 969.419204734415 396.8844517872876 611.4385099242354 541.8854259201908 649.5226121297746 772.2516100452367 1124.5319002719907 847.1229749578865 916.3904259867113 549.290116474755 877.4075976992276 942.8399180696442 864.6121001441225 742.5534489973234 697.7944382041305 629.6598151027952 806.0834252542595 398.02411581510387 742.834976332575 764.6835505343124 397.48441171684544 
531.8695102823363 815.4109620228328 715.17413797769 510.4239131729573 969.419204734415 396.8844517872876 611.4385099242354 541.8854258778701 649.5226121297746 771.8876913704489 1124.5319002719907 847.1229749578865 916.3904259867113 549.2901163772167 877.4075974371622 942.8398617390153 864.6121001441225 742.5534489973234 697.7944382041305 629.6135708782135 806.0834252542595 398.02411581510387 742.834976332575 764.683549867912 397.4844009485905 
525.237318745244 815.4109620228328 715.17413797769 510.4239131729573 969.419204734415 396.8844517872876 611.4385099242354 541.8854258778701 649.5226121297746 771.532040048231 1124.5319002719907 847.1229749578865 916.3904259867113 549.2901070127609 877.4075974358561 942.8398617390153 864.6121001441225 742.5534489973234 697.7944382041305 629.6135708782135 806.0834252542595 398.02411581510387 742.834976332575 764.6835495759788 397.4844009485905 
525.237318745244 815.4109620228328 715.17413797769 510.4239131729573 969.419204734415 396.8844517872876 611.438509924235 541.885425876806 649.5226121297746 771.3934961514583 1124.5319002719907 847.1229749578865 916.3904259867113 549.290104897902 877.4054217917278 942.8398603272935 863.838875886895 742.5534489973234 697.7944382041305 629.6135708782135 806.0834252542595 397.8400052942652 742.834976332575 764.6835495140399 381.98344126965185 
525.237318745244 815.4109620228328 715.1740076735318 510.4239131729573 969.419204734415 396.8844517872876 611.438509924235 541.885425876806 649.5226121297746 771.3934961514583 1124.5319002719907 847.1229749578865 916.3904259867113 549.2901037837892 877.4054217917278 942.8398517737883 863.838875886895 742.5534489973224 697.7944382041305 629.6135708782135 806.0834252542595 397.8400052942652 742.834976332575 764.6835495101277 381.47309306820625 
525.2369893429368 815.4109620228328 715.1740076735318 510.42388333896906 969.4192047344136 396.8844517872876 611.438509924235 541.885425876806 649.5226121297746 771.3934961514583 1124.5319002719907 847.1229749578865 916.3904259867113 549.2901034852175 877.4054217917278 942.8398516751495 863.8372780286618 742.5534489973224 697.7944382041305 629.6135708782135 806.0834252542595 397.8400052942652 742.834976332575 764.6835495101277 381.45888197559725 
521.261687149025 815.4109620228328 715.1740076735318 510.42388333896906 969.4187875072807 396.8844517872876 611.438509924235 541.885425876806 649.5226121297746 771.3836916452829 1124.5319002719907 847.1229749578865 916.3904259867113 549.2901034852175 877.4029640835342 942.8398516751495 863.8372780286618 742.5534489973224 697.7944382041305 629.6135708782135 806.0834252542595 397.8400052942652 742.834976332575 764.6835495100217 381.4438791293169 
520.6218950634216 815.4109620228328 715.1740076735318 510.42388333896906 969.4187875072807 396.8844517872876 611.438509924235 541.8854258768047 649.5226121297746 771.3836916452829 1124.5319002719907 847.1229749578865 916.3904259867113 549.2901034852175 877.4029640835342 942.8398516751495 863.8372315199913 742.5534489973215 697.7944382041305 629.6135708782135 806.0834252542595 397.8400052942652 742.834976332575 764.6835479806864 381.42110424635484 
520.6030374744778 815.4109620228328 715.1740076735318 510.42388333896906 969.4187875072807 390.77082663248893 607.537016789357 541.8854258756137 649.5226121297746 771.380292644194 1124.5319002719907 847.1229749578865 916.3904259867113 549.2901029943878 877.4029640835342 942.8398515279541 863.8372315199913 742.5534489973206 697.7944382041305 629.6135708782135 806.0834252542595 397.72428032060907 742.834976332575 764.68354795401 381.41759692562937 
520.5995143338587 815.4109620228328 715.1740076735318 510.42388333896906 969.4187875072807 390.77082663248893 601.7784504528286 541.8854258756137 649.5226121297746 771.3635498854342 1124.5319002719907 847.1229749578865 916.3904259867113 549.2901029681466 877.4029640835342 942.8398515279541 863.8372315199913 742.5534489973206 697.7944382041305 629.6135708782135 806.0834252542595 397.7101711729679 742.834976332575 764.68354795401 381.41694550196826 
510.4974894747679 815.4102208785625 715.1740076735318 510.42388333896906 969.4187875072807 390.7701464309944 601.7784504528286 541.8854258756137 649.5226121297746 771.354524967232 1124.5319002719907 847.1229749578865 916.3904259867113 549.2901029642148 877.4029640835342 942.8398515224744 863.8372315199913 742.5534489973206 697.7944382041305 629.6135708782135 806.0834252542595 397.7004660095372 742.834976332575 764.6835479092929 381.41694550196826 
510.0754635847388 815.4102208785625 715.1740076735318 510.42388333896906 969.4187875072807 387.30613911736236 601.3802965272798 541.8854258756119 649.5226121297746 771.354524967232 1124.5319002719907 847.1229749578865 916.3904259867113 549.2901029629656 877.4029640835342 942.8398515224744 863.8372315199913 742.5534489973206 697.7944382041305 629.6135708782135 806.0834252542595 397.700174447662 742.834976332575 764.6835479092929 381.41694550196826 
509.958192826341 815.4102208785625 715.1740076735318 510.42388333896906 969.4187875072807 387.30613911736236 601.2851178880073 541.8854258756119 649.5226121297746 771.3526132135812 1123.4356840556584 847.1229749578865 916.3904259867113 549.2901029629656 877.4029640835342 942.8398515224744 863.8372315199913 742.5534489973206 697.7944382041305 629.6135708782135 806.0834252542595 397.700174447662 742.834976332575 764.6835479092929 381.41694550196826 
500.37394102654343 815.4102208785625 715.1740076735318 510.42388333896906 969.4187875072785 387.2803247938414 601.2819738809371 541.8854258756119 649.5226121297746 771.3526132135812 1123.4356840556584 847.1229749578865 916.3904259867113 549.2901029629656 877.4029640835342 942.8398515224744 863.8372315199913 742.5534489973206 697.7944382041305 629.6135708782135 806.0834252542595 397.6999154880832 742.834976332575 764.6835479092929 381.4168002668798 
500.37394102654343 815.4102208785625 715.1740076735318 510.4238833389686 969.4187875072785 387.2803247938414 601.2794375294993 541.8854258756119 649.5226121297746 771.3526132135812 1123.4232912128555 847.1229749578865 916.3904259867113 549.2901029629656 877.4029640835342 942.8398515224744 863.8372315199913 742.5534489973206 697.7944382041305 629.6135708782135 806.0834252542595 397.6999154880832 742.834976332575 764.6835479092929 381.4168002668798 
500.37394102654343 815.2758366174539 715.1740076735318 510.42388333896815 969.4187875072785 387.2803247938414 601.2793389786975 540.3872203361989 649.5226121297746 771.3518109171578 1123.4002289084588 847.1229749578865 916.3904259867113 549.2901029629511 877.4029640835342 942.8398515224735 863.8372315199913 742.5534489973206 697.7944382041305 629.6135708782135 806.0834252542595 397.6999154880832 742.834976332575 764.6835479092929 379.2052546647501 
500.37394102654343 815.2757788282743 715.1740076735318 510.42388333896815 969.4187875072785 387.2803247938414 601.2793278514196 539.7552241973026 649.5226121297746 771.3518109171578 1123.3814946356915 847.1229749578865 916.3904259867113 549.2901029629493 877.4029640835342 942.8398515224735 863.8372315199913 742.5534489973206 697.7944382041305 629.6135708782135 806.0834252542595 397.6998454099639 742.834976332575 764.6835479092929 378.9628380881859 
500.37394102654343 815.2757786909897 715.1740076735318 510.42388333896815 969.4187875072785 387.2803247938414 601.2793273973798 539.6636780583171 649.5226121297746 771.3507285531596 1123.3805610613626 847.1229749578865 916.3904259867113 547.4231022606027 877.4029640835342 942.8398515145605 863.8372315199913 742.5534489973206 697.7944382041305 629.6135708782135 806.0834252542595 397.6998383041728 742.834976332575 764.6835479092929 378.9628380881859 
500.35276767062624 815.2757786909897 715.1740076735318 510.42388333896815 969.4187875072776 387.2803247938414 601.279327285145 539.6610704237369 649.5226121297746 771.3507285531596 1123.3805610613626 847.1229749578865 916.3904259867113 544.1862975433983 877.4029640835342 942.8398515145591 863.8372315199913 742.5534489973206 697.7944382041305 629.6135708782135 806.0834252542595 397.6998376274223 742.8344616939034 764.6835479092929 378.934677358543 
500.3139285497891 815.2757785500271 715.1740076735318 510.42388333896815 969.4187875072776 387.27909375095624 601.2793259830873 539.6381436546071 649.5226121297746 771.3507285531596 1121.3411583646384 847.1229749578865 916.3904259867113 544.1787272165184 877.4029640835342 942.8398515145591 863.8372315199913 742.5534489973206 697.7944382041305 629.6135708782135 806.0834252542595 397.69983614148487 742.8344575369588 764.683547909292 378.934677358543 
500.3135889612331 815.2757785500271 715.1740076735318 510.4238833389677 969.4187875072776 387.27909375095624 601.2793259830873 539.6365236031893 649.5226121297746 771.3507285531596 1121.325669868891 847.1229749578865 916.3904259867113 544.1654548762899 877.4029640835338 931.4720187920511 863.8372315199913 742.5534489973206 697.7944382041305 629.6135708782135 806.0834252542595 397.699835747384 742.8344575369588 764.683547909292 378.934677358543 
500.3131605401136 815.2757785500271 715.1740076735318 510.4238833389677 969.4187875072776 387.27909375095624 601.2793259499967 539.6347560044046 649.5226121297746 771.3507285531596 1121.325669868891 847.1229749578865 916.3904259867113 544.1555154035832 877.4029640835338 931.4708334408624 863.8372315199913 742.5534489973206 697.7944382041305 629.6135708782135 806.0834252542595 397.69983499100726 742.8344575369588 764.6835479092915 377.8790541532667 
500.2999978903367 815.2757785500271 715.1740076735318 510.4238833389677 969.4187875072776 387.27909375095624 601.2793258971392 539.6347560044046 649.5226121297746 771.3507285531596 1121.3185470299964 847.1229749578865 916.3904259867113 544.1550114420543 877.4029640835338 910.9972946573325 863.8372315199913 742.5534489973206 697.7944382041305 629.6135708782135 806.0834252542595 397.69983499100726 742.8344572877672 764.6835479092915 377.8790541532667 
500.29969170830236 815.2755093686442 715.1740076735318 510.4238833389677 969.4187875072776 387.2786408365273 601.2793258969982 539.6347126564788 649.5226121297746 771.3507285531596 1121.317494033381 847.1229749578865 916.3904259867113 544.1545125146436 877.4029640835338 910.938322463312 863.8372315199913 742.5534489973206 697.7944382041305 629.6135708782135 806.0834252542595 397.69983445289336 742.8344572240421 764.6835479092915 377.8790541532667 
500.29969170830236 815.2755025416354 715.1740076735318 510.4238833389677 969.4187875072776 387.27863365556914 601.2793258969982 539.6347042616612 649.5226121297746 771.3507285531596 1121.317494033381 847.1229749578865 916.3904259867113 542.5511602066899 877.4027538459973 910.938322463312 863.8372315199913 742.5534489973206 697.7944382041305 629.6135708782135 806.0834252542595 397.69983445289336 742.834457200996 764.6835479092915 374.7377718544017 
500.2949503334139 815.2755024420253 715.1740076735318 510.4238833389677 969.4187875072776 387.2771081998699 601.2793258969023 539.6347042616612 649.5226121297746 771.3507285531596 1121.3166708369135 847.1229749578865 916.3904259867113 542.1987116378491 877.4027538459973 910.9370956610833 863.8372315199913 742.5534489973206 697.7944382041305 629.6135708782135 806.0834252542595 397.69983445289336 742.8344572006076 764.6835479092915 374.7377718544017 
500.2949503334139 815.2755024381568 715.1740076735318 510.4238833389677 969.4187875072776 387.2771081998699 601.279325896769 539.6347042616612 649.5226121297746 771.3507285531596 1121.3165702947358 847.1229749578865 916.3904259867113 542.1518340453295 877.4027538459973 910.936620333538 863.8372315199913 742.5534489973206 697.7944382041305 629.6135708782135 806.0834252542595 397.69983436370785 742.8344572002306 764.6835479092915 374.7377718544017 
500.2949503334139 815.2755024381568 715.1740076735318 510.4238833389677 967.6810750264231 387.2771081998699 601.2766644033982 539.6347042616612 649.5226121297746 771.3507285531596 1121.3165542649308 847.1229749578865 916.3904259867113 542.1472546623077 877.4027538459973 910.9364819495349 863.8372315199913 742.5534489973206 697.7944382041305 629.6135708782135 806.0834252542595 397.6998343597993 742.8344572002288 764.6835479092915 374.7377718544017 
500.29484555354975 815.2755024381568 715.1740076735318 510.4238833389677 967.4056083164037 387.2771081998699 601.2765805698446 539.6347040244391 649.5226121297746 771.3507285531596 1121.3165542649308 847.1229749578865 916.3904259867113 542.1390719740466 877.4027538459973 910.9358607390004 863.8372315199913 742.5534489973206 697.7944382041305 629.6135708782135 806.0834252542595 397.6998343597993 742.8344572002288 764.6835479092915 374.7377718544017 
500.29484555354975 815.2755024378521 715.1740076735318 510.4238833389677 967.4056083164037 387.2771081998699 601.2765570727406 539.6347040244391 649.5226121297746 771.3507285531596 1121.3165453101528 847.1229749578865 916.3904259867113 542.1361353380239 877.4027538459973 910.9358607390004 863.8372315199913 742.5534489973206 697.7944382041305 629.6135708782135 806.0834252542595 397.6998343597993 742.8344572002288 764.6835479092915 374.7377718544017 
500.29484555354975 815.2755024378521 715.1740076735318 510.4238833389677 967.3830599006492 387.2771081998699 601.2765570727406 539.6347039019793 649.5226121297746 771.3507285531596 1121.2970349509087 847.1229749578865 916.3904259867113 542.1350887163712 877.4027538459973 901.892002466725 863.8372315199913 742.5534489973206 697.7944382041305 629.6135708782135 806.0834252542595 397.6998343597993 742.8344572002275 764.6835479092915 374.7377718544017 
500.29484555354975 815.2755024378521 715.1740076735318 510.4238833389677 967.3776108510956 387.2771081998699 601.2765570727406 539.6347038773529 649.5226121297746 771.3507285531596 1121.2970349509087 847.1229749578865 916.3904259867113 542.1350887163712 877.4027538459973 895.3604661787231 863.8372315199913 742.5534489973206 655.5494340837413 629.6135708782135 806.0834252542595 397.6998343597993 742.8344572002275 764.6835479092915 374.7377718544017 
500.29484555354975 815.2755024378512 715.1740076735318 510.4238833389677 967.3772409266894 387.2771081998699 601.2765570727406 539.6347038421727 649.5226121297746 763.6027372336275 1121.2965038827251 847.1229749578865 916.3904259867113 542.1350184541693 877.4027538459968 862.8646952070644 863.5298322175131 742.5534489973206 652.4211093293188 629.6135708782135 806.0829545374809 397.69983435925906 742.8344572002275 764.6835479092915 374.7377718544017 
500.2945793326735 815.2755024378512 715.1740076735318 510.4238833389677 967.3771787611995 387.2771081998699 601.2765570727406 539.6347038384656 649.5226121297746 763.4184716924924 1121.288465993066 847.1229749578865 916.3904259867113 542.1349963032221 877.4027538459968 853.0112135851305 863.3644368151045 742.5534489973206 629.8987607784597 629.6135708782135 806.0829518794444 397.6998343592327 742.8344572002275 764.6835479092915 374.7377718544017 
500.2945793326735 815.2755024378512 715.1740076735318 510.4238833389677 967.3763393582312 387.2771081998699 601.2765570727406 539.6347038356075 649.5226121297746 763.1127401947278 1121.2860406361942 847.1229749578865 916.3904259867113 542.1345284275212 877.4027538459968 827.214917618755 863.3641053521114 742.5534489973206 629.4062137424553 629.6135708782135 806.0829512103023 397.6998343592327 742.8344572002275 764.6835479092915 374.7377718544017 
500.2945793326735 815.2755024378512 715.1740076735318 510.4238833389677 967.3763393582312 387.2771081998699 601.2765570727406 539.6347038350905 649.5226121297746 762.9784300418419 1121.2860287586464 847.1229749578865 916.3904259867113 542.134523334762 877.4027538459968 825.3601782625628 863.3637183220135 742.5534489973206 622.9981628023356 629.6135708782135 806.0829498186226 397.47360256606544 742.8344572002275 764.6835479092915 374.7377718544017 
500.2945793326735 815.2755024378512 715.1740076735318 510.4238833389677 967.3762125798967 387.2771081998699 601.2765570727406 539.6347038350905 649.5226121297746 762.9433561225883 1121.2857354279918 847.1229749578865 916.3904259867113 542.1345224793458 877.4027538459968 821.8219629391633 863.3636523832956 742.5534489973206 617.7746314429928 629.6135708782135 806.0829498186226 397.46253046304764 742.834457200227 764.6835479092915 374.7376880043985 
500.2945793326735 815.2755024378512 715.1740076735318 510.4238833389677 967.3762125798967 387.2771081998699 601.2765570727406 539.6347038350905 649.5226121297746 762.9297141572952 1121.2856395085719 847.1229749578865 916.3904259867113 542.134520648945 877.4027538459968 821.8171938388482 863.3636523832956 742.5534489973206 615.9129911559594 629.6135708782135 806.0829496563233 397.4590435032569 742.834457200227 764.6835479092915 374.7376673969188 
500.2945793326735 815.2755024378512 715.1740076735318 510.4238833389677 967.3762015833931 387.2771081998699 601.2765570727406 539.6347038350896 649.5226121297746 762.9274963371968 1121.2856395085719 847.1229749578865 916.3904259867113 542.134520648945 877.4027046861811 821.6884719393197 863.3636523832956 742.5534489973206 615.6650571644354 629.6135708782135 806.0829496507104 397.4555375033383 733.2486835300551 764.6835479092915 374.73766269048247 
499.8086280962316 815.2755024378512 715.1740076735318 510.4238833389677 967.3762014632598 387.2771081998694 601.2765570727406 539.6347038349636 649.5226121297746 762.9274963371968 1121.2856395085719 847.1229749578865 916.3904259867113 542.134520648945 877.4027039495013 821.6763730000143 863.3636523832956 742.5534489973206 615.3941937480622 629.6135708782135 806.0829496429642 397.4535686352733 733.2486835300551 764.6835479092915 374.73766257262014 
499.8086280962316 815.2755024378512 715.1740076735318 510.4238833389677 967.3762013985788 387.2771081998694 601.2765570727406 539.6347038349636 649.5226121297746 762.9274963371968 1121.2856395085719 847.1229749578865 916.3904259867113 542.1334856744279 877.4027039094299 821.6762547267513 863.3636523830687 742.5534489973206 594.9950900889639 629.6135708782135 806.0829496411275 397.4535686352733 733.2486835300551 764.6835479092915 374.7376624004446 
499.8086280962316 815.2755024378512 715.1740076735318 510.4238833389677 967.3762013985788 387.2771081998694 601.2765570727406 539.6347038349636 649.5226121297746 762.9274963371968 1121.2856395085719 847.1229749578865 916.3904259867113 542.1333554733337 877.4027039024027 821.6758361238585 862.0449065845078 742.5534489973206 594.7362869600647 629.6135708782135 806.0829496408287 397.4535686352733 733.2486835300551 764.6835479092915 374.7376623835021 
499.8086280962316 815.2755024378512 715.1740076735318 510.4238833389677 967.3762013871119 387.2771081998694 601.2765570727406 539.6347038349636 649.5226121297746 762.9272910156005 1121.2856395085719 847.1229749578865 916.3904259867113 542.1333554733337 874.3124057765217 821.6757548017536 862.0449047363782 742.5534489973206 594.6485812322321 629.6135708782135 806.0829496408287 397.453546155195 733.2486835300551 764.6835479092915 374.7376623819555 
499.8086280962316 815.2755024378512 715.1740076735318 510.4238833389677 967.3761533160837 387.2771081998694 601.2765570727406 539.6347038349636 649.5226121297746 762.9271941592997 1121.2856395085719 847.1229749578865 916.3904259867113 542.1333509822784 874.0561005648074 821.6757400091392 862.0449047363782 742.5534489973206 594.5804778650327 629.6135708782135 806.0829496408287 397.4534824587954 733.2486835300551 764.6835479092915 374.7376623816299 
499.8086280962316 815.2755024378512 715.1740076735318 510.4238833389677 967.3761533160837 387.2771081998694 601.2765570727406 535.2377351354858 649.5226121297746 762.9271941592997 1121.2856395085719 847.1229749578865 916.3904259867113 542.1333509203901 873.996584396712 821.6756734515966 862.0449035622592 742.5534489973206 594.5804778650327 629.6135708782135 806.082949640826 397.45344017106527 733.2486835300551 764.6835479092915 374.73766238150256 
499.8086280962316 815.2755024378512 715.1740076735318 510.4238833389677 967.3761533160837 387.27710819986896 601.2765570727406 535.2377351354858 649.5226121297746 762.9271941592997 1121.2856395085719 847.1229749578865 916.3904259867113 542.1333506196493 873.9965053160331 821.6756606848803 862.0449035507086 742.5534489973206 594.5804778650327 629.6135708782135 806.082949640826 397.4534047792349 733.2486835300551 764.6835479092915 374.73766238150256 
499.8086280962316 815.2755024378512 715.1740076735318 510.4238833389677 967.3761533160837 387.27710819986896 601.2765570727406 535.2355817239804 649.5226121297746 762.9271941592997 1121.2856395085719 847.1229749578865 916.3904259867113 542.1333506196493 873.9964073825586 821.6756593879081 862.0449035507086 742.5534489973206 594.574986259684 629.6135708782135 806.0829496408232 397.45339805369895 733.2486835300551 764.6835479092915 374.5629873711914 
499.8086280962316 815.2755024378512 715.1740076735318 510.4238833389677 967.3761533160837 387.27710819986896 601.2765570727406 535.2076419995583 649.5226121297746 762.9271941592997 1121.2856395085719 847.1229749578865 916.3904259867113 542.1333506196493 868.3046918214709 821.6756580333822 862.044903527435 742.5534489973206 594.5728852302677 629.6135708782135 806.0829496408232 397.45339743722843 733.2486835300551 764.6835479092915 373.8897191218948 
499.8086280962316 815.2755024378512 715.1740076735318 510.4238833389677 967.3761533160837 387.27710819986896 601.2765570727406 535.2041000592103 649.5226121297746 762.9271941592997 1121.2856395085719 847.1229749578865 916.3904259867113 542.1333504863487 868.2036295547373 821.6756576192683 862.0449035211409 742.5534489973206 588.3597986543546 629.6135708782135 806.0829496408223 397.45339734896515 733.2486835300551 764.6835479092915 373.86225997819565 
498.4916235657397 815.2755024378512 715.1740076735318 510.4238833389677 967.3761533160837 387.27710819986896 601.2765570727406 535.2041000592103 649.5226121297746 762.9271941592997 1121.2856395085719 847.1229749578865 916.3904259867113 542.1333503657484 868.1999684187799 821.6756573726716 862.0449034188227 742.5534489973206 572.7793104027905 629.6135708782135 806.0829496408223 397.45339728520867 733.2486835300551 764.6835479092915 373.8603523516995 
498.49159027344376 815.2755024378512 715.1740076735318 510.4238833389677 967.3761533160837 387.27710819986896 601.2765570727406 535.2038820787798 649.5226121297746 755.5743122630729 1121.2856395085719 833.1336240121809 916.3904259867113 542.1333503657484 868.1968422317977 821.6756573496932 862.044903418092 742.5534489973206 572.6736171820057 629.6135708782135 806.0829496408223 397.45339726394195 733.2486835300551 764.6835479092915 373.8603523516995 
498.49158978573314 815.2755024378512 715.1740076735318 510.4238833389677 967.3761533160837 387.27710819986896 601.2765570727406 535.203744815718 649.5226121297746 755.5743122630729 1121.2856395085719 829.7600097432492 916.3904259867113 542.1333503657484 868.1768854889087 821.6756573489652 862.0449034180319 742.5534489973206 529.5356661285387 629.6135708782135 806.0829496408223 397.4533972617314 733.2486835300551 764.6835479092915 373.85905115702917 
498.49158978573314 815.2755024378512 715.1740076735318 510.4238833389677 967.3761533160837 387.27710819986896 601.2765570727406 535.2037375225377 649.5226121297746 754.1331323853565 1121.2856395085719 829.6068428574322 916.3904259867113 542.1333503657484 868.1696190488688 821.6756573489652 862.0449034172539 742.5534489973206 529.5027489045174 629.6135708782135 806.0829496408223 397.45339726063685 733.2486835300551 764.1443315719953 373.85902074921205 
498.4915897759538 815.2755024378512 715.1740076735318 510.4238833389677 967.3761533160837 387.27710819986896 601.2765570727406 535.2037076310849 649.5226121297746 754.1331323853565 1121.2856395085719 829.6068428574322 916.3904259867113 542.1333503657484 868.1694670177571 821.6756573078655 862.0449034171579 742.5534489973206 529.5012651390361 629.6135708782135 806.0829496408223 397.45339726062593 733.2486835300551 764.0365543960966 373.85855452639134 
498.4915897598289 815.2755024378512 715.1740076735318 510.4238833389677 967.3761533160837 387.27710819986896 601.2765570727406 535.2037056374784 649.5226121297746 754.1331323853565 1121.2856395085719 829.5966967956447 916.3904259867113 542.1333503657484 868.1694670177571 821.6756573078655 862.0449034171579 742.5534489973206 521.1187314772242 629.6135708782135 806.0829496408223 397.45339726062593 733.2486835300551 764.0365543960966 373.8585467568005 
498.4915897598289 815.2755024378512 715.1740076735318 510.4238833389677 967.3761533160837 387.27710819986896 601.2765570727406 535.203705505774 649.5226121297746 754.1331323853565 1121.2856395085719 829.5965658845453 916.3904259867113 542.1333503657484 868.1694670177571 821.6756573044759 862.0449034171534 742.5534489973206 521.1156131427751 629.6135708782135 806.0829496408223 397.45339726061957 733.2486835300551 764.0365543960966 373.8585467568005 
498.4915897594892 815.2755024378512 715.1740076735318 510.4238833389677 967.3761533160837 387.27710819986896 601.2765570727406 535.203705505774 649.5226121297746 754.1331323853565 1121.2856395085719 829.5964632302976 916.3904259867113 542.1333503657484 868.1694670177571 821.6756573025814 862.0449034171529 742.5534489973206 520.5741179274792 629.6135708782135 806.0829496408223 397.45339726061957 733.2486835300551 764.0206600136207 373.69816360719597 
498.4915897594892 815.2755024378512 715.1740076735318 510.4238833389677 967.3761533160837 387.27710819986896 601.2765570727406 535.203705505774 649.5226121297746 754.1185457997944 1121.2856395085719 829.5964588139777 916.3904259867113 542.1333503657484 868.1694670177571 821.6756573024827 862.0449034171525 742.5534489973206 518.7409103336877 629.6135708782135 806.0829496408223 397.45339726061957 733.2486835300551 764.0205616200751 373.67215347028787 
498.49158975661067 815.2755024378512 715.1740076735318 510.4238833389677 967.3761533160837 387.27710819986896 601.2765570727406 535.2036997208543 649.5226121297746 754.1185457997944 1121.2856395085719 829.5964572249809 916.3904259867113 542.1333503657484 868.1694670177571 821.6756573024354 862.0449034171525 742.5534489973206 516.7554550184432 629.6135708782135 806.0829496408223 397.45339726061957 733.2486835300551 764.0205616200751 373.6711600855251 
498.49158975661067 815.2755024378512 715.1740076735318 510.4238833389677 967.3761533160837 387.27710819986896 601.2765570727406 535.2036988828304 649.5226121297746 754.1185457997944 1121.2856395085719 829.5964569439734 916.3904259867113 542.1333503657484 868.1694670177571 821.6756573024354 862.044903417152 742.5534489973206 515.3957854718233 629.6135708782135 806.0829496408223 397.45339726061957 733.2486835300551 764.0205616200751 373.66945870670816 
498.4915897563437 815.2755024378512 715.1740076735318 510.4238833389677 967.3761533160837 387.27710819986896 601.2765570727406 535.2036969492015 649.5226121297746 754.1185457997944 1121.2856395085719 829.5964569439734 916.3904259867113 542.1333503657484 868.1694670177571 821.675657302435 862.044903417152 742.5534489973206 515.3929602792364 629.6135708782135 806.0829496408223 397.45339726061957 733.2486835300551 764.0205616200751 373.6693830501481 
498.4915897562473 815.2755024378512 715.1740076735318 510.4238833389677 967.3761533160837 387.27710819986896 601.2765570727406 535.2036969414944 649.5226121297746 749.2537347426232 1121.2856395085719 829.5964474345305 916.3904259867113 542.1333503657484 868.1694670177571 821.675657302434 862.044903417152 742.5534489973206 515.3896099741523 629.6135708782135 806.0829496408223 397.45339726061957 733.2486835300551 764.0205616200751 373.6693830501481 
498.49158975623186 815.2755024378512 715.1740076735318 510.4238833389677 967.3761533160837 387.27710819986896 601.2765570727406 535.2036968845991 649.5226121297746 749.2046307126761 1121.2856395085719 829.5964441216779 916.3904259867113 542.1333503657484 868.1694670177571 821.675657302434 862.044903417152 742.5534489973206 513.0445048938082 629.6135708782135 806.0829496408223 397.45339726061957 733.2486835300551 764.0205616200751 371.28749627531806 
498.49158975623186 815.2755024378512 715.1740076735318 510.4238833389677 967.3761533160837 387.27710819986896 601.2765570727406 535.2036968845991 649.5226121297746 749.2046307126761 1121.2856395085719 829.596442128689 916.3904259867113 542.1333503657484 868.0098913374477 821.675657302434 862.044903417152 742.5534489973206 512.888049650051 629.6135708782135 806.0829496408223 397.45339726061957 733.2486835300551 764.0205616200751 371.18589759161705 
498.49158975623186 815.2755024378512 715.1740076735318 510.4238833389677 967.3761533160837 387.27710819986896 601.2765570727406 535.2036968845991 649.5226121297746 749.2032151902622 1121.2856395085719 829.5964330107831 916.3904259867113 542.1333503657484 867.9027571222791 821.675657302434 862.044903417152 742.5534489973206 512.8880493665079 629.6135708782135 806.0829496408223 397.45339726061957 733.2486835300551 764.0205616200751 371.18430822053506 
498.49158975623186 815.2755024378512 715.1740076735318 510.4238833389677 967.3761533160837 387.27710819986896 601.2765570727406 535.2036968845991 649.5226121297746 749.2023056014464 1121.2856395085719 829.59643233426 916.3904259867113 542.1333503657484 867.8905106023813 821.6756573024336 862.044903417152 742.5534489973206 512.5749047111017 629.6135708782135 806.0829496408223 397.45339726061957 733.2486835300551 764.0205616200751 371.179508991504 
498.49158975623186 815.2755024378512 715.1740076735318 510.4238833389677 967.3761533160837 387.27710819986896 601.2765570727406 535.2036968750094 649.5226121297746 749.2023056014464 1121.2856395085719 829.59643233426 916.3904259867113 542.1333503657484 867.8876709957995 821.6756573024336 862.044903417152 742.5534489973206 512.5509603308124 629.6135708782135 806.0829496408223 397.45339726061957 733.2486835300551 764.0205616200751 370.71083361289266 
498.49158975623186 815.2755024378512 715.1740076735318 510.4238833389677 967.3761533160837 387.277097824106 601.2765570727406 535.2036968750094 649.5226121297746 749.2023056014464 1121.2856395085719 829.5964317903531 916.3904259867113 542.1333503657484 853.2884381325243 821.6756573024313 862.044903417152 742.5534489973206 509.32201248599813 629.6135708782135 806.0829496408223 397.45339726061957 733.2486835300551 764.0205602181004 370.23390162417354 
498.49158975623186 815.2755024378512 715.1740076735318 510.4238833389677 967.3761533160837 387.277097824106 601.2765570727406 535.2036968750094 649.5226121297746 749.2021917982784 1121.2856395085719 829.596431433939 916.3904259867113 542.1333503657484 852.7331279831396 815.6046526897471 862.044903417152 742.5534489973206 509.07014294590545 629.6135708782135 806.0829496408223 397.45339726061957 733.2486835300551 764.0205602181004 370.21545363720816 
498.49158975623186 815.2755024378512 715.1740076735318 510.4238833389677 967.3761533160837 387.277097824106 601.2765570727406 535.2036968730699 649.5226121297746 749.2021917982784 1121.2856395085719 829.5964310877703 916.3904259867113 542.1333503657484 852.7128144798799 815.2737496032596 862.044903417152 742.5534489973206 508.2391034386328 629.6135708782135 806.0829496408223 397.45339726061957 733.2486835300551 764.0205602181004 370.209598977347 
498.49158975623186 815.2755024378512 715.1740076735318 510.4238833389677 967.3761533160837 387.277097824106 601.2765570727406 535.2036968604821 649.5226121297746 749.2021906824543 1121.2856395085719 829.5964309907149 916.3904259867113 542.1333503657484 852.67734270653 815.2380988266873 862.044903417152 742.5534489973206 507.9703454008313 629.6135708782135 806.0829496408223 397.45339726061957 733.2486835300551 764.0205601933808 370.1985564079255 
498.49158975623186 815.2755024378512 715.1740076735318 510.4238833389677 967.3761533160837 387.277097824106 601.2765570727406 535.2036968604821 649.5226121297746 749.2021900042982 1121.2856395085719 829.5964309907149 916.3904259867113 542.1333503657484 852.6771130781071 815.2371265106867 862.044903417152 742.5534489973206 507.94242946149234 629.6135708782135 806.0829496408223 397.45339726061957 733.2486835300551 764.0205601207776 370.19761878059126 
498.49158975623186 815.2755024378512 715.1740076735318 510.4238833389677 967.3761533160837 387.277097824106 601.2765570727406 535.2036968604821 649.5226121297746 749.202188027019 1121.2856395085719 829.5964309907149 916.3904259867113 542.1333503657484 852.6717402066279 815.2360910746038 862.044903417152 742.5534489973206 507.9417190498748 629.6135708782135 806.0829496408223 397.45339726061957 733.2486835300551 764.0205601207776 370.1922150393766 
498.49158975623186 815.2755024378512 715.1740076735318 510.4238833389677 967.3761533160837 387.277097824106 601.2765570727406 535.2036968604816 649.5226121297746 749.2019694351493 1121.2856395085719 829.596430990714 916.3904259867113 542.1333503657484 852.6717402066279 815.0296252776179 862.044903417152 742.5534489973206 507.9416571202855 629.6135708782135 806.0829496408223 397.45339726061957 733.2486835300551 764.0203343045268 370.1912877367922 
498.49158975623186 815.2755024378512 715.1740076735318 510.4238833389677 967.3761533160837 387.27709782410557 601.2765570727406 535.2036968604816 649.5226121297746 749.2019694351493 1121.2856395085719 829.596430990714 916.3904259867113 542.1333503657484 852.6708492027897 815.0295144368897 862.044903417152 742.5534489973206 507.94164028481555 629.6135708782135 806.0829496408223 397.45339726061957 733.2486835300551 764.0203343045268 370.1912669659673 
498.49158975623186 815.2755024378512 715.1740076735318 510.4238833389677 967.3761533160837 387.27709782410557 601.2765570727406 535.2036968604812 649.5226121297746 749.2019694351493 1121.2856395085719 829.596430990714 916.3904259867113 542.1333503657484 852.6702631301127 815.0215535261791 862.044903417152 742.5534489973206 507.9416336512568 629.6135708782135 806.0829496408223 397.45339726061957 733.2486835300551 764.0203343045268 370.19122907047176 
498.49158975623186 815.2755024378512 715.1740076735318 510.4238833389677 967.3761533160837 387.27709782410557 601.2765570727406 535.2036968604812 649.5226121297746 749.2019694351493 1121.2856395085719 829.596430990714 916.3904259867113 542.1333503657484 852.6702547677132 815.0163988504437 862.044903417152 742.5534489973206 507.9416336512568 629.6135708782135 806.0829496408223 397.45339726061957 733.2486835300551 764.0203343045268 368.3215154880836 
498.49158975623186 815.2755024378512 715.1740076735318 510.4238833389677 967.3761533160837 387.27709782410557 601.2765570727406 535.2036968604812 649.5226121297746 749.2019694351493 1121.2856395085719 829.596430990714 916.3904259867113 542.1333503657484 852.6678832072748 815.0149752598704 862.044903417152 742.5534489973206 507.9416332786973 629.6135708782135 806.0829496408223 397.45339726061957 733.2486835300551 764.0199867974311 368.23051484613643 
498.49158975623186 815.2755024378512 715.1740076735318 510.4238833389677 967.3761533160837 387.27709782410557 601.2765570727406 535.2036968604812 649.5226121297746 749.2019694351493 1121.2856395085719 829.596430990714 916.3904259867113 542.1333503657484 852.6678832072748 815.014968388241 862.044903417152 742.5534489973206 507.94163302922334 629.6135708782135 806.0829496408223 397.45339726061957 733.2486835300551 764.0199867974311 368.19973021793066 
498.49158975623186 815.2755024378512 715.1740076735318 510.4238833389677 967.3761533160837 387.27709782410557 601.2765570727406 535.2036968604812 649.5226121297746 749.2019694351493 1121.2856395085719 829.596430990714 916.3904259867113 542.1333503657484 852.6678832072748 815.014968388241 862.044903417152 742.5534489973206 507.94163302922334 629.6135708782135 806.0829496408223 397.45339726061957 733.2486835300551 764.0199770862619 368.1735940885437 
498.4915897562314 815.2755024378512 715.1740076735318 510.4238833389677 967.3761533160837 387.27709782410557 601.2765570727406 535.2036968604802 649.5226121297746 749.2019694351493 1121.2856395085719 829.5964309799656 916.3904259867113 542.1333503657484 852.6678832072748 815.014968388241 862.044903417152 742.5534489973206 507.94163302922334 629.6135708782135 806.0829496408223 397.45339726061957 733.2486835300551 764.0199770862619 368.1725469629041 
498.4915897562314 815.2755024378512 715.1740076735318 510.4238833389677 967.3761533160837 387.27709782410557 601.2765570727406 535.2036968604802 649.5226121297746 749.2019694351493 1121.2856395085719 829.5964309799656 916.3904259867113 542.1333503657484 852.6678832072748 815.014968388241 862.044903417152 742.5534489973206 507.94163302308743 629.6135708782135 806.0829496408223 397.45339726061957 733.2486835300551 764.0199770862619 367.97859289042117 
498.4915897562314 815.2755024378512 715.1740076735318 510.4238833389677 967.3761533160837 387.27709782410557 601.2765570727406 535.2036968604802 649.5226121297746 749.2019694351493 1121.2856395085719 829.5964309799656 916.3904259867113 542.1333503657484 852.6678832072748 815.014959316452 862.044903417152 742.5534489973206 507.9416330035324 629.6135708782135 806.0829496408223 397.45339726061957 733.2486835300551 764.0199770862619 367.6351017281195 
498.4915897562314 815.2755024378512 715.1740076735318 510.4238833389677 967.3761533160837 387.27709782410557 601.2765570727406 535.2036968604802 649.5226121297746 749.2019694351493 1121.2856395085719 829.5964309799656 916.3904259867113 542.1333503657484 852.6678832072748 815.014959316452 862.0448317230257 742.5534489973206 507.94163296423676 629.6135708782135 806.0829496408223 397.45339726061957 733.2486835300551 764.0199770862619 367.6351017281195 
498.4915897562314 815.2755024378512 715.1740076735318 510.4238833389677 967.3761533160837 387.27709782410557 601.2765570727406 535.2036968604802 649.5226121297746 749.2019694351493 1121.2856395085719 829.5964309799656 916.3904259867113 542.1333503657484 852.6678831025965 815.014959316452 862.0447964374252 742.5534489973206 507.94163296423676 629.6135708782135 806.0829496408223 397.45339726061957 733.2486835300551 764.0199770862619 367.6351017281195 
498.4915897562314 815.2755024378512 715.1740076735318 510.4238833389677 967.3761533160837 387.27709782410557 601.2765570727406 535.2036968604802 649.5226121297746 749.2019694351493 1121.2856395085719 829.5964309799656 916.3904259867113 542.1333503657484 852.6678831025965 815.014959316452 862.0447964286177 742.5534489973206 507.94163296423676 629.6135708782135 806.0829496408223 397.45339726061957 733.2486835300551 764.0199770862619 367.6347270144388 
498.4915897562314 815.2755024378512 715.1740076735318 510.4238833389677 967.3761533160837 387.27709782410557 601.2765570727406 535.2036968604802 649.5226121297746 749.2019694351493 1120.3348780874703 829.5964309799656 916.3904259867113 542.1333503657484 852.6678828442446 815.014959316452 862.04479631393 742.5534489973206 507.94163296423676 629.6135708782135 806.0829496408223 397.45339726061957 733.2486835300551 764.0199770862619 367.6344833323901 
498.4915897562314 815.2755024378512 715.1740076735318 510.4238833389677 967.3761533160837 387.27709782410557 601.2765570727406 535.2036968604802 649.5226121297746 749.2019694351493 1120.2308153480708 829.5964309799656 916.3904259867113 542.1333503657484 852.667882814641 815.014959316452 862.0447962618418 742.5534489973206 507.94163296423676 629.6135708782135 806.0829496408223 397.45339726061957 733.2486835300551 764.0199770862619 367.6344833323901 
498.4915897562314 815.2755024378512 715.1740076735318 510.4238310788214 967.3761533160837 387.27709782410557 601.2765570727406 535.2036968604802 649.5226121297746 749.2019694351493 1120.2175664028164 829.5964309799656 916.3904259867113 542.1333503657484 852.667882814641 815.014959316452 862.0447962524345 742.5534489973206 507.9416329601977 629.6135708782135 806.0829496408223 397.45339726061957 733.2486835300551 764.0199770862619 367.63448244652136 
498.4915897562314 815.2755024378512 715.1740076735318 510.4238310788214 967.3761533160837 387.27709782410557 601.2765570727406 535.2036968604802 649.5226121297746 749.2019694351493 1120.1970000391893 829.5964309799656 916.3904259867113 542.1333503657484 852.667882814641 815.0149593164501 862.0447962524345 742.5534489973206 507.9416329601977 629.6135708782135 806.0829496408223 397.45339726061957 733.2486835300551 764.0199770862619 367.63448244652136 
498.4915897562314 815.2755024378512 715.1740076735318 510.4238310788214 967.3761533160837 387.27709782410557 601.2765570727406 535.2036968604802 649.5226121297746 749.2019694351493 1119.6883699150258 829.5964309799656 916.3904259867113 542.1333503657484 852.667882814641 815.0149593164501 862.0447962507665 742.5534489973206 507.9416329401952 629.6135708782135 806.0829496408223 397.45339726061957 733.2486835300551 764.0199770862605 367.63448189042083 
498.4915897562314 815.2755024378512 715.1740076735318 510.4238310788214 967.3761533160837 387.27709782410557 601.2765570727406 535.2036968604802 649.5226121297746 749.2019694351493 1119.6883254861295 829.5964309799656 916.3904259867113 542.1333503657484 852.6678828146319 815.0149593164501 862.0447962507665 742.5534489973206 507.9416329400924 629.6135708782135 806.0829496408223 397.4533972606191 733.2486835300551 764.01997708626 367.63448189042083 
498.4915897562314 815.2755024378512 715.1740076735318 510.4238310788214 967.3761533160837 387.27709782410557 601.2765570727406 535.2036968604802 649.5226121297746 749.2019694351493 1119.685147471425 829.5964309799656 916.3904259867109 542.1333503657484 851.3225492729716 815.0149593164501 862.0447962507651 742.5534489973206 507.9416329399319 629.6135708782135 806.0829496408223 397.4533972606191 733.2486835300551 764.0199770862596 367.63448187095355 
498.4915897562314 815.2755024378512 715.1740076735318 510.4238310788214 967.3761533160837 387.27709782410557 601.2765570727406 535.2036968604802 649.5226121297746 749.2019120798018 1119.685147471425 829.5964309799656 916.3904259867109 542.1333503657484 851.0411684787236 815.0149593164501 862.0447962507651 742.5534489973206 507.94163293984957 629.6135708782135 806.0829496408223 397.4533972606191 733.2486835300551 764.0199598507679 367.63448187095355 
498.4915897562314 815.2755024378512 715.1740076735318 510.4238310788214 967.3761533160837 387.27709782410557 601.2765570727406 535.2036968604802 649.5226121297746 749.2019120798018 1119.685147471425 829.5964309799656 916.3904259867109 542.1333503657484 851.0411684787236 815.0149593164501 862.0447962507651 742.5534489973206 507.94163293984957 629.6135708782135 806.0829496408223 397.4533972606191 733.2486835300551 764.0199030541371 367.6344818707785 
498.4915897562314 815.2755024378512 715.1740076735318 510.4238310788214 967.3761533160837 387.27709782410557 601.2765570727406 535.2036968604802 649.5226121297746 749.2019120798018 1119.685147471425 829.5964309799656 916.3904259867109 542.1333503657484 851.0410341317447 815.0149593164501 862.0447962507646 742.5534489973206 507.94163293984866 629.6135708782135 806.0829496408223 397.4533972606191 732.5256789154332 764.0199024115218 367.6344818707785 
498.4915897562314 815.2755024378512 715.1740076735318 510.42383107882097 967.3761533160837 387.27709782410557 601.2765570727406 535.2036968604802 649.5226121297746 749.2019120798018 1119.685147471425 829.5964309799656 916.3904259867109 542.1333503657484 851.0410341317447 815.0149593164501 862.0447962507646 742.5534489973206 507.9416329398364 629.6135708782135 806.0829496408223 397.4533972606191 732.5256789154332 764.0199024115218 367.63448187076165 
498.4915897562314 815.2755024378512 715.1740076735318 510.42383107882097 967.3761533160837 387.27709782410557 601.2765570727406 535.2036968604802 649.5226121297746 749.2019120798018 1119.6851473459074 829.5964309799656 916.3904259867109 542.1333503657484 851.0410339511309 815.0149593164501 862.0447962507646 742.5534489973206 507.9416329398364 629.6135708782135 806.0829496408223 397.4533972606191 732.5256789154332 764.0199024115218 367.63448187074937 
498.4915897562314 815.2755024378512 715.1740076735318 510.4238310788205 967.3761533160837 387.27709782410557 601.2765570727406 535.2036968604802 649.5226121297746 749.2019120798018 1119.683945989591 829.5964309799656 916.3904259867109 542.1333503657484 851.0410339165273 815.0149593164497 862.0447962507646 742.5534489973206 507.9416329398364 629.6135708782135 806.0829496408223 397.4533972606191 732.5256789154332 764.0199024115218 367.63448187074937 
498.4915897562314 815.2755024378512 715.1740076735318 510.4238310788205 967.3761533160837 387.27709782410557 601.2765570727406 535.2036968604802 649.5226121297746 749.2019120798018 1119.683945989591 829.5964309799656 916.3904259867109 542.1333503657484 851.0410339165273 815.0149593164497 862.0447962507646 742.5534489973206 507.9416329398364 622.4446597220249 806.0829496408223 397.4533972606191 732.5256789154332 764.0199024115218 367.63448187074937 
498.4915897562314 815.2755024378512 715.1740076735318 510.4238310788196 967.3761533160837 387.27709782410557 601.2765570727406 535.2036968604802 649.5226121297746 749.2019120798018 1119.681690704746 829.5964309799656 916.3904259867109 542.1333503657484 851.041033916485 815.0149593164497 862.0447962507646 742.5534489973206 507.9416329398359 617.6955209540974 806.0829496408223 397.4533972606191 732.5256789154332 764.0199024115218 367.63448187074846 
498.4915897562314 815.2755024378512 715.1740076735318 510.4238310788196 967.3761533160837 387.27709782410557 601.2765570727406 535.2036968604802 649.5226121297746 749.2019120798018 1119.681690704746 829.5964309799656 916.3904259867109 542.1333503657484 851.041033916485 815.0149593164497 862.0447962507646 742.5534489973206 507.9416329398359 617.6955209540974 806.0829496408223 397.4533972606191 732.5256789154332 764.019902074629 367.63448187074846 
498.4915897562314 815.2755024378512 715.1740076735318 510.4238310788196 967.3761533160837 387.27709782410557 601.2765570727406 535.2036968604802 649.5226121297746 749.2019120798018 1119.681252219591 829.5964309799656 916.3904259867109 542.1333503657484 851.041033916485 815.0149593164497 862.0447962507646 742.5534489973206 507.9416329398359 616.9020749754391 806.0829496408223 397.4533972606191 732.5256789154332 764.0199020591799 367.63448187074846 
498.4915897562314 815.2755024378512 715.1740076735318 510.4238310788196 967.3761533160837 387.27709782410557 601.2765570727406 535.2036968604802 649.5226121297746 748.0265288473124 1119.6812301679606 829.5964309799656 916.3904259867109 542.1333503657484 851.0410339164846 815.0149593164497 862.0447962507646 742.5534489973206 507.9416329398359 616.8768693227503 806.0829496408223 397.4533972606191 732.5256789154332 764.0199020404061 367.63448187074846 
498.4915897562314 815.2755024378512 715.1740076735318 510.4238310788196 967.3761533160837 387.27709782410557 601.2765570727406 535.2036968604802 649.5226121297746 747.6867124850041 1119.6812272120942 829.5964309799656 916.3904259867109 542.1333503657484 851.0410339164846 815.0149593164497 862.0447962507646 742.5534489973206 507.9416329398359 616.8768693227503 806.0829496408223 397.4533972606191 732.5256789154332 764.0199020402424 367.634481870748 
498.4915897562314 815.2755024378512 715.1740076735318 510.4238310788196 967.3761533160837 387.27709782410557 601.2765570727406 535.2036968604802 649.5226121297746 747.659751732217 1119.6812100041557 829.5964309799656 916.3904259867109 542.1333503657484 851.0410339164837 815.0149593164497 862.0447962507646 742.5534489973206 507.9416329398359 616.8768689869357 806.0829496408223 397.4533972606191 732.5256789154332 764.0199020401255 367.634481870748 
498.4915897562314 815.2755024378512 715.1740076735318 510.4238310788196 967.3761533160837 387.27709782410557 601.2765570727406 535.2036968604802 649.5226121297746 747.6537339710026 1119.6812100041557 829.5964309799656 916.3904259867109 542.1333503657484 851.0410339164837 815.0149593164497 862.0447962507646 742.5534489973206 507.9416329398359 616.8768689849867 806.0829496408223 397.4533972606191 732.5256789154332 764.0199020401228 367.634481870748 
498.4915897562314 815.2755024378512 715.1740076735318 510.4238310788196 963.9461818225304 387.27709782410557 601.2765570727406 535.2036968604802 649.5226121297746 747.6522895252078 1119.6812095014293 829.5964309799656 916.3904259867109 542.1333503657484 851.0410339164837 815.0149593164497 862.0447962507646 742.5534489973206 507.9416329398359 616.8768689849867 806.0829496408223 397.4533972606191 732.5256789154332 764.0199020401205 367.634481870748 
498.4915897562314 815.2755024378512 715.1740076735318 510.4238310788196 963.8198804262738 387.27709782410557 601.2765570727406 535.2036968604802 649.5226121297746 747.0064055598277 1119.6812094697516 829.5964309799656 916.3904259867109 542.1333503657484 851.0410338930351 815.0149593164497 862.0447962507646 742.5534489973206 507.9416329398359 616.8768689849867 806.0829496408223 397.4533972606191 732.5256789154332 764.0199020401192 367.634481870748 
498.4915897562314 815.2755024378512 715.1740076735318 510.4238310788196 963.8191141502175 387.27709782410557 601.2765570727406 535.2036968604802 649.5226121297746 745.5496048466134 1119.6812094683687 829.5964309799656 916.3904259867109 542.1333503657484 851.0410338930351 815.0149593164497 862.0447962507646 742.5534489973206 507.9416329398359 616.8768689849867 806.0829496408223 397.4533972606191 732.5256789154332 764.0199020401192 367.634481870748 
498.4915897562314 815.2755024378512 715.1740076735318 510.4238310788196 963.8099702422351 387.27709782410557 601.2765570727406 535.2036968604802 649.5226121297746 745.3914753283207 1119.6812094683478 829.5964309799656 916.3904259867109 542.1333503657484 851.0410338930351 815.0149593164497 862.0447962507646 742.5534489973206 507.9416329398359 616.8768689849867 806.0829496408223 397.4533972606191 732.5256789154332 764.0199020401187 367.634481870748 
498.4915897562314 815.2755024378512 715.1740076735318 510.42383107881915 963.8098714413286 387.27709782410557 601.2765570727406 535.2036968604802 649.5226121297746 745.361775389913 1119.6812094683473 829.5964309799656 916.3904259867109 542.1333503657484 851.0410338859169 815.0149593164497 862.0447962507646 742.5534489973206 507.9416329398359 616.8768689849867 806.0829496408223 397.4533972606191 732.5256789154332 764.0199020401187 367.634481870748 
498.4915897562314 815.2755024378512 715.1740076735318 510.42383107881915 963.8022224678389 387.27709782410557 601.2765570727406 535.2036968604802 649.5226121297746 745.361775389913 1119.6812094683196 829.5964309799656 916.3904259867109 542.1333503657484 851.0410338851025 815.0149593164497 862.0447962507646 742.5534489973206 507.9416329398359 616.8768689849867 806.0829496408223 397.4533972606191 732.5256789154332 764.0199020401187 367.634481870748 
498.4913013389496 815.2755024378512 715.1740076735318 510.42383107881915 963.8022224678389 387.27709548576286 601.2765570727406 535.2036968604802 649.5226121297746 745.3605565723747 1119.6812094683191 829.5964309799656 916.3904259867109 541.803756942601 851.0410338851025 815.0149593164497 862.0447962507646 742.5534489973206 507.9416329398359 616.8768689849867 806.0829496408223 397.4533972606191 732.5256789154332 764.0199020401187 367.634481870748 
498.4913013389496 815.2755024378512 715.1740076735318 510.42383107881915 963.8022224661372 387.27709548576286 601.2765570727406 535.2036968604802 649.5226121297746 745.3605565723747 1119.6812094683191 829.5964309799656 916.3904259867109 541.803756942601 851.0410338850679 815.0149593164497 862.0447962507646 742.5534489973206 507.9416329398359 616.8768689849867 806.0829496408223 397.4533972606191 732.5256789154332 764.0199020401187 367.634481870748 
498.4913013389496 815.2755024378512 715.1740076735318 510.42383107881915 963.8022224661372 387.27709548576286 601.2765570727406 535.2036968604802 649.5226121297746 745.3603644363143 1119.6812094683191 829.5964309799656 916.3904259867109 541.803756942601 851.0410338850679 815.0149593164497 862.0447962507646 742.5534489973206 507.9416329398359 616.8768689849867 806.0829496408223 397.4533972606191 732.5256789154332 764.0199020401187 367.634481870748 
498.4913013389496 815.2755024378512 715.1740076735318 510.42383107881915 963.8022224642923 387.27709548576286 601.2765570727406 535.2036968604802 649.5226121297746 745.3603638261952 1119.6812094683155 829.5964309799656 916.3904259867109 541.803756942601 851.0410338850679 815.0149593164497 862.0447962507646 742.5534489973206 507.9416329398359 616.8768689849867 806.0829496408223 397.4533972606191 732.5256789154332 764.0199020401187 367.634481870748 
498.4913013389496 815.2755024378512 715.1740076735318 510.42383107881915 963.8022224642923 387.27709548576286 601.2765570727406 535.2036968604802 649.5226121297746 745.3603595148752 1119.6812094683146 829.5964309799656 916.3904259867109 541.803756942601 851.0410338850679 815.0149593164497 862.0447962507646 742.5534489973206 507.9416329398359 616.8768689841258 806.0829496408223 397.4533972606191 732.5256789154332 764.0199020401187 367.634481870748 
498.4913013389496 815.2755024378512 715.1740076735318 510.42383107881915 963.8022224642923 387.27709548576286 601.2765570727406 535.2036968604802 649.5226121297746 745.3603589669774 1119.6812094683146 829.5964309799656 916.3904259867109 541.803756942601 851.0410338850679 815.0149593164497 862.0447962507646 742.5534489973206 507.9416329398359 616.8768689841154 806.0829496408223 397.4533972606191 732.5256789154332 764.0199020401187 367.634481870748 
498.4913013389496 815.2755024378512 715.1740076735318 510.42383107881915 963.8022224628303 387.27709548576286 601.2765570727406 535.2036968604802 649.5226121297746 745.3603589669774 1119.6812094683146 829.5964309799656 916.3904259867109 541.803756942601 851.0410338850679 815.0149593164497 862.0447962507646 742.5534489973206 507.9416329398359 616.8768689841154 806.0829496408223 397.4533972606191 732.5256789154332 764.0199020401187 367.634481870748 
498.4913013389496 815.2755024378512 715.1740076735318 510.42383107881915 963.8022224628303 387.27709548576286 601.2765570727406 535.2036968604802 649.5226121297746 745.3603589669774 1119.6812094683146 829.5964309799656 916.3904259867109 541.803756942601 851.0410338850679 815.0149593164497 862.0447962507646 742.5534489973206 507.9416329398359 616.8768689841154 806.0829496408223 397.4533972606191 732.5256789154332 764.0199020401187 367.4409353354754 
498.4913013389496 815.2755024378512 715.1740076735318 510.42383107881915 963.8022224628226 387.2770954857624 601.2765570727406 535.2036968604802 649.5226121297746 745.3603589669774 1119.6812094683146 829.5964309799656 916.3904259867109 541.803756942601 851.0410338850679 815.0149593164497 862.0447962507646 742.5534489973206 507.9416329398359 616.8768689841154 806.0829496408223 397.4533972606191 732.5256789154332 764.0199020401187 367.42299023025544 
498.49130133894914 815.2755024378512 715.1740076735318 510.42383107881915 963.8022224627466 387.2770954857624 601.2765570727406 535.2036968604802 649.5226121297746 745.360357339428 1119.6812094683146 829.5964309799656 916.3904259867109 541.8037569426006 851.0410338850679 815.0149593164497 862.0447962507646 742.5534489973206 507.9416329398359 616.8768689841154 806.0829496408223 397.4533972606191 732.5256789154332 764.0199020401187 367.42299023025544 
498.4913013389487 804.2293999237509 715.1740076735318 510.42383107881915 963.8022224627248 387.2770954857624 601.2765570727406 535.2036968604802 649.5226121297746 745.360357339428 1119.6812094683146 829.5964309799656 916.3904259867109 541.8037569426006 851.0410338850324 815.0149593164497 862.0447962507646 742.5534489973206 507.9416329398359 616.8768689841154 806.0829496408223 397.4533972606191 732.5256789154332 764.0199020401187 367.4202760852154 
498.4913013389487 804.1839468902053 715.1740076735318 510.42383107881915 963.8022224627239 387.2770954857624 601.2765570727406 535.2036968604802 649.5226121297746 745.3603572474126 1119.6812094683146 829.5964309799656 916.3904259867109 541.8037566148232 851.041033885032 815.0149593164497 862.0447962507646 742.5534489973206 507.9416329398359 616.8768689841154 806.0829496408223 397.4533972606191 732.5256789154332 764.0199020401187 367.4165412625475 
498.4913013389487 804.1826024632601 715.1740076735318 510.42383107881915 963.8022224627239 387.2770954857624 601.2765570727406 535.2036968604802 649.5226121297746 745.3603572471789 1119.6812094683146 829.5964309799656 916.3904259867109 541.8037566148232 851.041033885032 815.0149593164497 862.0447962507646 742.5534489973206 507.9416329398359 616.8768689841154 806.0829496408223 397.4533972606191 732.5256789154332 764.0199020401187 367.4129103743762 
498.4912956859439 804.1825821120487 715.1740076735318 510.42383107881915 963.8022224627148 387.2770954857624 601.2765570727406 535.2036968604802 649.5226121297746 745.3603572170973 1119.6812094683146 829.5964309799656 916.3904259867109 541.8037566148232 851.0410338850315 815.0149593164497 862.0447962507646 742.5534489973206 507.9416329398359 616.8768689841154 806.0829496408223 397.4533972606191 732.5256789154332 764.0199020401187 367.4125235382462 
498.4912956859439 804.1825797568604 715.1740076735318 510.42383107881915 963.8022224627148 387.2770954857624 601.2765570727406 535.2036968604802 649.5226121297746 745.3603572170973 1119.6812094683146 829.5964309799656 916.3904259867109 541.8037566148232 851.0410338850315 815.0149593164497 862.0447962507646 742.5534489973206 507.9416329398359 616.8768689841154 806.0829496408223 397.4533972606191 732.5256789154332 764.0199020401187 367.4125183477545 
498.4912956859439 804.1825740902236 715.1740076735318 510.42383107881915 963.8022224627143 387.2770954857624 601.2765570727406 535.2036968604802 649.5226121297746 745.3603572170973 1119.6812094683146 829.5964309799656 916.3904259867109 541.8037566148232 851.0410338850315 815.0149593164497 862.0447962507646 742.5534489973206 502.26424059375586 616.8768689841154 806.0829496408223 397.4533972606191 732.5256789154332 764.0199020401187 367.41251810478843 
498.4912956859439 804.1825740884633 715.1740076735318 510.42383107881915 963.8022224627139 387.2770954857624 601.2765570727406 535.2036968604802 649.5226121297746 745.3603572170973 1119.6812094683146 829.5964309799656 916.3904259867109 541.8037566148232 851.0410338850315 815.0149593164497 862.0447962507646 742.5534489973206 502.26424059375586 616.8768689841154 806.0829496408223 397.4533972606191 732.5256789154332 764.0199020401187 367.41251810478843 
498.4912956859439 804.1825740884633 715.1740076735318 510.42383107881915 963.8022224627139 387.2770954857624 601.2765570727406 535.2036968604802 649.5226121297746 745.3603572170973 1119.6812094683146 829.5964309799656 916.3904259867109 541.8037566148232 851.0410338850315 815.0149593164497 862.0447962507646 742.5534489973206 502.26424059375586 616.8768689841154 806.0829496408223 397.4533972606191 732.5256789154332 764.0199020401187 367.41251770778126 
498.4912956859439 804.1825740884542 715.1740076735318 510.42383107881915 963.8022224627139 387.2770954857624 601.2765570727406 535.2036968604802 649.5226121297746 745.3603572170969 1119.6812094683146 829.5964309799656 916.3904259867109 541.8037565808495 851.0410338850315 815.0149593164497 862.0447962507646 742.5534489973206 502.26424059375586 616.8768689841154 806.0829496408223 397.4533972606191 732.5256789154332 764.0199020401187 367.41251742526856 
498.4912956859439 804.1825740884542 715.1740076735318 510.42383107881915 963.8022224627139 387.27706539687097 601.2765570727406 535.2036968604802 649.5226121297746 745.3603572170969 1119.6812094683146 829.5964309799656 916.3904259867109 541.803756579854 851.0410338850315 815.0149593164497 862.0447962507646 742.5534489973206 502.26424059375586 616.8768689841154 806.0829496408223 397.4533972606191 732.5256789154332 764.0199020401187 367.41251742526856 
498.49129568594344 804.1825740884542 715.1740076735318 510.42383107881915 963.8022224627139 387.2770649106051 601.2765570727406 535.2036968604802 649.5226121297746 745.3603572170969 1119.6812094683146 829.5964309799656 916.3904259867109 541.803756579854 851.0410338850315 815.0149593164497 862.0447962507646 742.5534489973206 502.26424059375586 616.8768689841154 806.0829496408223 397.4533972606191 732.5256789154332 764.0199020401187 367.41251742526856 
498.491295685943 804.1825740884542 715.1740076735318 510.42383107881915 963.8022224627139 387.2770642429414 601.2765570727406 535.2036968604802 649.5226121297746 745.3603572170969 1119.6812094683146 829.5964309799656 916.3904259867109 541.8037565798531 851.0410338850315 815.0149593164497 862.0447962507646 742.5534489973206 502.26424059375586 616.8768689841154 806.0829496408223 397.4533972606191 732.5256789154332 764.0199020401187 367.41251742526856 
498.491295685943 804.1825740884542 715.1740076735318 510.42383107881915 963.8022224627139 387.277064071086 601.2765570727406 535.2036968604802 649.5226121297746 745.3603572170969 1119.6812094683146 829.5964309799656 916.3904259867109 541.803756579844 851.0410338850315 815.0149593164497 862.0447962507646 742.5534489973206 502.26424059375586 616.8768689841154 806.0829496408223 397.4533972606191 732.5256789154332 764.0199020401187 367.41251742526856 
498.491295685943 804.1825740884542 715.1740076735318 510.42383107881915 963.8022224627139 387.2770640665599 601.2765570727406 535.2036968604802 649.5226121297746 745.3603572170969 1119.6812094683146 829.5964309799656 916.3904259867109 541.803756579844 851.0410338850315 815.0149593164497 862.0447962507646 742.5534489973206 502.26424059375586 616.8768689841154 806.0829496408223 397.4533972606191 732.5256789154332 764.0199020401187 367.41251742526856 
498.491295685943 804.1825740884542 715.1740076735318 510.42383107881915 963.8022224627139 387.2770640664471 601.2765570727406 535.2036968604802 649.5226121297746 745.3603572170969 1119.6812094683146 829.5964309799656 916.3904259867109 541.8037565798431 851.0410338850315 815.0149593164497 862.0447962507646 742.5534489973206 502.26424059375586 616.8768689841154 806.0829496408223 397.4533972606191 732.5256789154332 764.0199020401187 367.41251741668884 
498.491295685943 804.1825740884542 715.1740076735318 510.42383107881915 963.8021957385427 387.2770640664471 601.2765570727406 535.2036968604802 649.5226121297746 745.3603572170964 1119.6812094683146 829.5964309799656 916.3904259867109 541.8037565798431 851.0410338850315 815.0149593164497 862.0447962507646 742.5534489973206 502.26424059375586 616.8768689841154 806.0829496408223 397.4533972606191 732.5256789154332 764.0199020401187 367.4125174152373 
498.491295685943 804.1825740884542 715.1740076735318 510.42383107881915 963.8021957385427 387.2770640664462 601.2765570727406 535.2036968604802 649.5226121297746 745.3603572170964 1119.6812094683146 829.5964309799656 916.3904259867109 541.8037565798431 851.040893194725 815.0149593164497 862.0447962507646 742.5534489973206 502.26424059375586 616.8768689841154 806.0829496408223 397.4533972606191 732.5256789154332 764.0199020401187 367.41251741490487 
498.491295685943 804.1825740884542 715.1740076735318 510.42383107881915 963.8021957385427 387.27706406644575 601.2765570727406 535.2036968604802 649.5226121297746 745.3603572170964 1119.6812094683146 829.5964309799656 916.3904259867109 541.8037565798431 851.0408913048864 815.0149593164497 862.0447962507646 742.5534489973206 502.26424059375586 616.8768689841154 806.0829496408223 397.4533972606191 732.5256789154332 764.0199020401187 367.41251741490487 
498.491295685943 804.1825740884542 715.1740076735318 510.42383107881915 963.8021957385427 387.27706406644575 601.2765570727406 535.2036968604802 649.5226121297746 745.3603572170964 1119.021095495882 829.5964309799656 916.3904259867109 541.8037565798422 851.0408902689637 815.0149593164497 862.0447962507646 742.5534489973206 502.26424059375586 616.8768689841154 806.0829496408223 397.4533972606191 732.5256789154332 764.0199020401187 367.41251741490487 
498.4912005872279 804.1825740884542 715.1740076735318 510.42383107881915 963.8021957385427 387.2770640664453 601.2765570727406 535.2036968604802 649.5226121297746 745.3603572170964 1118.9102686513525 829.5964309799656 916.3904259867109 541.8037565798422 851.0408902689637 815.0149593164497 862.0447962507646 742.5533884534839 502.11368815060086 616.8768689841154 806.0829496408223 397.4533972606191 732.5256789154332 764.0199020401187 367.41251741490487 
498.4912005872279 804.1825740884542 715.1740076735318 510.42383107881915 963.8021957385427 387.2770640664371 601.2765570727406 535.2036968604802 649.5226121297746 745.3603572170964 1118.9017396917147 829.5964309799656 916.3904259867109 541.8037565798422 851.0408901620926 815.0149593164497 862.0447962507646 742.5533884534839 502.11368815060086 616.8768689841154 806.0829496408223 397.4533972606191 732.5256789154332 764.0199020401187 367.4125174148735 
498.49115290230657 804.1825740884542 715.1740076735318 510.42383107881915 963.8021957385422 387.2770640664371 601.2765570727406 535.2036968604802 649.5226121297746 745.3603572170964 1118.8814131727304 829.5964309799656 916.3904259867109 541.8037565798422 851.0408901562141 815.0149593164497 862.0447962507646 742.5533798031047 502.11368197296633 616.8768689841154 806.0829496408223 397.4533972606191 732.5256789154332 764.0199020401187 367.412517409432 
498.49115290230657 804.1825740884542 715.1740076735318 510.42383107881915 963.8021957385422 387.27706406643665 601.2765570727406 535.2036968604802 649.5226121297746 745.3603572170964 1117.9894215858785 829.5964309799656 916.3904259867109 541.8037565798422 851.0408901547653 815.0149593164497 862.0447962507646 742.5533794307999 502.1136818840823 616.8768689841154 806.0829496408223 397.4533972606191 732.5256789154332 764.0199020401187 367.412517409432 
498.49115290230657 804.1825740884537 715.1739795565027 510.42383107881915 963.8021957385422 387.27706406643665 601.276540454011 535.2036968604802 649.5226121297746 745.3603572170964 1117.7075804444012 829.5964309799656 906.9405862659764 541.8037565798422 851.0408901506653 815.0149593164497 862.0447962507646 742.5533794307999 502.1136818840823 616.8768689841154 806.0829496408223 397.4533972606191 732.5256789154332 764.0199020401187 367.4125174088276 
498.49115290230657 804.1825740884537 715.1739795565027 510.42383107881915 963.8021957385422 387.27706406643665 601.2765404516331 535.2036968604802 649.5226121297746 745.3603572170964 1117.7026831490766 829.5964309799656 906.7292167523487 541.8037565798422 851.0408901506653 815.0149593164497 862.0447962507646 742.5533794307999 502.1136818840823 616.8768689841154 806.0829496408223 397.4533972606191 732.5256789154332 764.0199020401187 367.4125174088276 
498.49115290230657 804.1825740884537 715.1739795565027 510.42383107881915 963.8021957385422 387.27706406643665 601.2765401938927 535.2036968604802 649.5226121297746 745.3603572170964 1117.6973022020197 829.5964309799656 906.6217844616895 541.8037565798422 851.0408901506516 815.0149593164497 862.0447962507646 742.5533794307999 502.1136818840823 616.8768689841154 806.0829496408223 397.4533972606191 732.5256789154332 764.0199020401187 367.41251740882626 
498.49115290230657 804.1825740884537 715.1739795565027 510.42383107881915 963.8021957385422 387.27706406643665 601.2765401827737 535.2036968604802 649.5226121297746 745.3603572170964 1117.6813818378496 829.5964309799656 906.3907048630826 541.8037565798422 851.0408901506094 815.0149593164497 862.0447962507646 742.5533794307999 502.1136818840823 616.8768689841154 806.0829496408223 397.4533972606191 732.5256789154332 764.0199020401187 367.4125174088258 
498.49115290230657 804.1825740884537 715.1739795565027 510.42383107881915 963.8021957385422 387.27706406643665 601.2765401789379 535.2036968604802 649.5226121297746 745.3603572170964 1117.6699878716254 829.5964309799656 906.3634151729689 541.8037565798422 851.0408901505944 815.0149593164497 862.0447962507646 742.5533794307999 502.1136818840823 616.8768689841154 806.0829496408223 397.4533972606191 732.5256789154332 764.0199020401187 367.4125174088258 
498.49115290230657 804.1825740884537 715.1739795565027 510.42383107881915 963.8021957385422 387.27706406643665 601.2765401789302 535.2036968604802 649.5226121297746 745.3603572170964 1117.6690089386157 829.5964309799656 906.3582911426329 541.8037565798422 851.0408901505944 815.0149593164497 862.0447962507646 742.5533794307999 502.1136818840823 616.8768689841154 806.0829496408223 397.4533972606191 732.5256789154332 764.0199020401187 367.4125174088258 
498.49115290230657 804.1825740884537 715.1739795565027 510.42383107881915 963.8021957385422 387.27706406643665 601.2765401773431 535.2036968604802 649.5226121297746 745.3603572170964 1117.6690089386157 829.5964309799656 906.351329528196 541.8037565798422 851.0408901505934 814.5206766144302 862.0447962507646 742.5533794307999 502.1136818840823 616.8768689841154 806.0829496408223 397.4533972606191 732.5256789154332 764.0199020401187 367.4125174088258 
498.49115290230657 804.1825740884537 715.1739795565027 510.42383107881915 963.8021957385422 387.27706406643665 601.2765401773431 535.2036968604802 649.5226121297746 745.3603572170964 1117.6690089386157 829.5964309799656 906.2680935366748 541.8037565798422 851.0408901505934 814.4862412667062 862.0447962507646 742.5533794307999 502.1136818840823 616.8768689841154 806.0829496408223 397.4533972606191 732.5256789154332 764.0199020401187 367.4125174088258 
498.49115290230657 804.1825740884537 715.1739795565027 510.42383107881915 963.8021957385422 387.27706406643665 601.2765401773431 535.2036968604802 649.5226121297746 745.3603572170964 1117.668824764878 829.5964309799656 906.1919708802043 541.8037565798422 851.0408901505934 814.4662084985184 862.0447962507646 742.5533794307999 502.1136818840823 616.8768689841154 806.0829496408223 397.4533972606191 732.5256789154332 764.0199020401187 367.4125174088258 
498.4911529023061 804.1825740884537 715.1739795565027 510.42383107881915 963.8021957385422 387.27706406643665 601.2765401773422 535.2036968604802 649.5226121297746 745.3603572170964 1117.6670807556966 829.5964309799656 906.1757681954796 541.8037565798422 851.0408901505934 814.4641910028304 862.0447962507646 742.5533794307999 502.1136818840823 616.8768689841154 806.0829496408223 397.4533972606191 732.5256789154332 764.0199020401187 367.4125174088258 
498.4911529023061 804.1825740884537 715.1739795565027 510.42383107881915 963.8021957385422 387.27706406643665 601.2765401773422 535.2036968604802 649.5226121297746 745.3603572170964 1117.6669892407836 829.5964309799656 906.1667396383 541.8037565798422 851.0408901505934 814.4608757417309 862.0447962507646 742.5533794307999 502.1136818840823 616.8768689841154 806.0829496408223 397.4533972606191 732.5256789154332 764.0199020401187 367.4125174088258 
498.4911529023061 804.1825740884537 715.1739795565022 510.42383107881915 963.8021957385422 387.27706406643665 601.2765401773422 535.2036968604802 649.5226121297746 745.3603572170964 1117.6669888398292 829.5964309799656 906.1667396383 541.8037565798422 851.0408901505934 814.4600381142554 862.0447962507646 742.5533794307999 502.1136818840823 616.8768689841154 806.0829496408223 397.4026006263848 732.5256789154332 764.0199020401187 367.4125174088258 
498.4911529023061 804.1825740884537 715.1739795565022 510.42383107881915 963.8021957385422 387.27706406643665 601.2765401773422 535.2036968604802 649.5226121297746 745.3603572170964 1117.6669883557784 829.5964309799656 906.166674606261 541.8037565798422 851.0408901505934 814.4600381142554 862.0447962507646 742.5533794307999 502.1136818840823 616.8768689841154 806.0829496408223 397.4026006263848 732.5256789154332 764.0199020401187 367.4125174088258 
498.4911529023061 804.1825740884537 715.1739795565022 510.42383107881915 963.8021957385422 387.27706406643665 601.2765401773422 535.2036968604802 649.5226121297746 745.3603572170964 1117.6669876416645 829.5964309799656 906.1644304564434 541.8037565798422 851.0408901505934 814.459940133881 862.0447962507646 742.5533794307999 502.1136818840823 616.8768689841154 806.0829496408223 397.4026006263848 732.5256789154332 764.0199020401187 367.4125174088258 
498.4911529023061 804.1825740884537 715.1739795565022 510.42383107881915 963.8021957385422 387.27706406643665 601.2765401773422 535.2036968604802 649.5226121297746 745.3603572170964 1117.6669876050933 829.5964309799656 906.1644198223958 541.8037565798422 851.0408901505934 814.4598283450514 862.0447962507646 742.5533794307999 502.1136818840823 616.8768689841154 806.0829496408223 397.4026006263848 732.5256789154332 764.0199020401187 367.4125174088258 
498.4911529023061 804.1825740884537 715.1739795565022 510.42383107881915 960.3741144016062 387.27706406643665 601.2765401773422 535.2036968604802 649.5226121297746 745.3603572170964 1117.6669874577765 829.5964309799656 906.1644198223958 541.8037565798422 851.0408901505934 814.4597555193404 862.0447962507646 742.5533794307999 502.1136818840823 616.8768689841154 806.0829496408223 397.4026006263848 732.5256789154332 764.0199020401187 367.4125174088258 
498.4911529023061 804.1825740884537 715.1739795565022 510.42383107881915 960.276205260634 387.27706406643665 601.2765401773422 535.2036968604802 649.5226121297746 745.3603572170964 1117.6669874532872 829.5964309799656 906.1644198223958 541.8037565798422 851.0408901505934 814.4597551152942 862.0447962507646 742.5533794307999 502.1136818840823 616.8768689841154 806.0829496408223 397.4026006263848 732.5256789154332 764.0199020401187 367.4125174088258 
498.4911529023061 804.1825740884537 715.1739795565018 510.42383107881915 960.2742473712797 387.27706406643665 601.2765401773422 535.2036968604802 649.5226121297746 743.2189603048773 1117.6669874532872 829.5964309799656 906.1644198223958 541.8037565798422 851.0408901505934 814.4597550415538 862.0447962507646 742.5533794307999 502.1136818840823 616.8768689841154 806.0829496408223 397.4026006263848 732.5256789154332 764.0199020401187 367.4125174088258 
498.4911529023061 804.1825740884537 715.1739795565018 510.42383107881915 960.2742473712797 387.27706406643665 601.2765401773422 535.2036968604802 649.5226121297746 743.2189603048773 1117.6669874472964 829.5964309799656 906.1644198223958 541.8037565798422 851.0408901505934 814.4597549947193 862.0447962507646 742.5533794307999 502.1136818840823 616.8768689841154 806.0829496408223 397.4026006263848 732.5256789154332 764.0199020401187 367.4125174088258 
498.4911529023061 804.1825740884537 715.1739795565018 510.42383107881915 960.2739064080661 387.27706406643665 601.2765401773422 535.2036968604802 649.5226121297746 743.2189603048773 1117.6669874472964 829.5964309799656 906.1644198223958 541.8037565798422 851.0408901505934 814.4596823968468 862.0447962507646 742.5533794307999 501.7217908916932 616.8768689841154 806.0829496408223 397.4026006263848 732.5256789154332 764.0199020401183 367.4125174088258 
498.4911529023061 804.1825740884537 715.1739795565018 510.42383107881915 960.273717270336 387.27706406643665 601.2765401773422 535.2036968604802 649.5226121297746 743.2189603048773 1117.6669874468707 829.5964309799656 906.1644198223958 541.8037565798422 851.0408901505934 814.4596823968468 862.0447962507646 742.5533794307999 501.7119825052687 616.8768689841154 806.0829496408223 397.4026006263848 732.5256789154332 764.0199020401183 367.4125174088258 
498.4911529023061 804.1825740884537 715.1739795565018 510.42383107881915 960.2736229539746 387.27706406643665 601.2765401773422 535.2036968604802 649.5226121297746 743.2189603048773 1117.6669874468535 829.5964309799656 906.1644198223958 541.8037565798422 851.0408901505934 814.4596823968468 862.0447962507646 742.5533794307999 501.7119825052687 616.8768689841154 806.0829496408223 397.4026006263848 732.5256789154332 764.0199020401183 367.4125174088258 
498.4911529023061 804.1825740884537 715.1739795565018 510.42383107881915 960.2735954972886 387.27706406643665 601.2765401773422 535.2036968604802 649.5226121297746 743.2189603048773 1117.6669874467084 829.5964309799656 906.1644198223958 541.8037565798422 851.0408901505934 812.6208463947555 862.0447962507646 742.5533794307999 501.7119825052687 616.8768689841154 806.0829496408223 397.4026006263848 732.5256789154332 764.0199020401183 366.76564791177407 
498.4911529023061 804.1825740884537 715.1739795565018 510.42383107881915 960.2735954972886 387.27706406643665 601.2765401773422 535.2036968604802 649.5226121297746 743.2189603048773 1117.6669874466916 829.5964309799656 906.1644198223948 541.8037565798422 851.0408901505934 812.2681743514786 862.0447962507646 742.5533794307999 501.7119825052687 616.8768689841154 806.0829496408223 397.4026006263848 732.5256789154332 764.0199020401183 366.75628055293555 
498.4911529023061 804.1825740884537 715.1739795565018 510.42383107881915 960.2735838133672 387.27706406643665 601.2765401773422 535.2036968604802 649.5226121297746 743.2189603048773 1117.6669874466902 829.5964309799656 906.1644198223948 541.8037565798422 851.0408901505934 812.2411864594378 862.0447962507646 742.5533794307999 501.7119825052687 616.8768689841154 806.0829496408223 397.4026006263848 732.5256789154332 764.0199020401183 366.7516158326662 
498.4911529023061 804.1825740884537 715.1739795565018 510.42383107881915 960.2735830159704 387.27706406643665 601.2765401773422 535.2036968604802 649.5226121297746 743.2189603048773 1117.6669874466902 829.5964309799656 906.1644198223948 541.8037565798422 851.0408901505934 812.2405276044624 862.0447962507646 742.5533794307999 501.7119825050331 616.8768689841154 806.0829496408223 397.4026006263848 732.5256789154332 764.0199020401183 366.74543030214227 
498.4911529023061 804.1825740884537 715.1739795565018 510.42381834299067 960.2735830159704 387.27706406643665 601.2765401773422 535.2036968604802 649.5226121297746 743.2189603048773 1117.6669874466902 829.5964309799656 906.1644198223948 541.8037565798422 851.0408901505934 812.2405276044624 862.0447962507646 742.5533794307999 501.7119825050304 616.8768689841154 806.0829496408223 397.4026006263848 732.5256789154332 764.0199020401183 366.74481306619373 
498.4911529023061 804.1825740884537 715.1739795565018 510.42381834299067 960.2735829163817 387.27706406643665 601.2765401773422 535.2036968604802 649.5226121297746 743.2189603048773 1117.6669874466897 829.5964309799656 906.1644198223948 541.8037565798422 851.0408901505934 812.2402253155483 862.0447962507646 742.5533794307999 501.7119825050304 616.8768689841154 806.0829496408223 397.4026006263848 732.5256789154332 764.0199020401183 366.7442140466519 
498.4911529023061 804.1825740884537 715.1739795565018 510.423817981045 960.2735829163817 387.27706406643665 601.2765401773422 535.2036968604802 649.5226121297746 743.2189603048773 1117.6669874466897 829.5964309799656 906.1644198223948 541.8037565798422 851.0408901505934 812.2400740629546 862.0447962507646 742.5533794307999 501.7119825050304 616.8768689841154 806.0829496408223 397.4025998883503 732.5256789154332 764.0199020401183 366.7442140466519 
498.4911529023061 804.1825740884537 715.1739795565018 510.423817981045 960.2735829163817 387.27706406643665 601.2765401773422 535.2036968604802 649.5226121297746 743.2189603048773 1117.6669874466897 829.5964309799656 906.1644198223948 541.8037565798422 851.0408901505934 812.2364128009476 862.0447962507646 742.5533794307999 501.7119825050304 616.8768689841154 806.0829496408223 397.4025998883503 732.5256789154332 764.0199020401183 366.7441955748818 
498.4911529023061 804.1825740884537 715.1739795565018 510.423817981045 960.2735829163817 387.27706406643665 601.2765401773422 535.2036968604802 649.5226121297746 743.2189603048773 1117.6669874466897 829.5964309799656 906.1644198223948 541.8037565798422 851.0408901505934 812.2364128009476 862.0447962507646 742.5533794307999 501.7119825050304 616.8768689841154 806.0829496408223 397.4025998883503 732.5256789154332 764.0199020401183 366.47243027460536 
498.4911529023061 804.1825740884537 715.1739795565018 510.423817981045 960.2735829130593 387.27706406643665 601.2765401773422 535.2036968604802 649.5226121297746 743.2189603048773 1117.6669874466897 829.5964309799656 906.1644198223948 541.8037565798422 851.0408901505934 812.2364128009476 862.0447962507646 742.5533794307999 501.7119825050304 616.8768689841154 806.0829496408223 397.4025998883503 732.5256789154332 764.0199020401183 366.47243027460536 
498.14014299328346 804.1825740884537 715.1739795565018 510.423817981045 960.2735829119392 387.27706406643665 601.2765401773422 535.2036968604802 649.5226121297746 743.2189603048773 1117.6669874466897 829.5964309799656 906.1644198223948 541.8037565798422 851.0408901505934 812.2364128009476 862.0447962507646 742.5533794307999 501.7119825050304 616.8768689841154 806.0829496408223 397.4025998883503 732.5256789154332 764.0199020401183 366.47243027460536 
498.13434977042516 804.1825740884537 715.1739795565018 510.423817981045 960.2734579216822 387.27706406643665 601.2765401773422 535.2036968604802 649.5226121297746 743.2189603048769 1117.6669874466897 829.5964309799656 906.1641896129181 541.8037565798422 851.0408901505934 812.2363991682842 862.0447962507646 742.5533794307999 501.7119825050304 616.8768689841154 806.0829496408223 397.4025998883503 732.5256789154332 764.0199020401183 366.47243027460536 
498.13434977042516 804.1825740884537 715.1739795565018 510.423817981045 960.2734579216822 387.27706406643665 601.2765401773422 535.2036968604802 649.5226121297746 743.2189603048769 1117.6669874466897 829.5964309799656 906.1641896129181 541.8037565798422 851.0408901505934 812.2363991682842 862.0447962507646 742.5533794307999 501.7119825050304 616.8768689841154 806.0829496408223 397.4025998883503 732.5256789154332 764.0199020401183 366.47243027460536 
498.13434977042516 804.1825740884537 715.1739795565018 510.423817981045 960.27340281026 387.27706406643665 601.2765401773422 535.2036968604802 641.7716617693604 743.2189603048769 1117.6669874466897 829.5964309799656 906.1641896129181 541.8037565798422 851.0408901505934 812.2363137499538 862.0447962507646 742.5533794307999 501.7119825050304 616.8768689841154 806.0829496408223 397.4025998883503 732.5256789154332 764.0199020401183 366.47243027460536 
498.114335553139 804.1825740884537 715.1739795565018 510.423817981045 960.27340281026 387.27706406643665 601.2765401773422 535.2036968604802 641.2813326284395 743.2189603048769 1117.6669874466897 829.5964309799656 906.1641896129181 541.8037565798422 851.0408901505934 812.2363137499538 862.0447962507646 742.5533794307999 501.7119825050304 616.8768689841154 806.0829496408223 397.4025998883503 732.4033500574669 764.0199020401183 366.4182105069676 
498.114335553139 804.1825740884537 715.1739795565018 510.423817981045 960.27340281026 387.27706406643665 601.2765401773422 535.2036968604802 640.8571704601059 743.2189603048769 1117.6669874466897 829.5964309799656 906.1641896129181 541.8037565798422 851.0408901505934 812.2363137499538 862.0447962507646 742.5533794307999 501.7119825050304 616.8768689841154 806.0829496408223 397.4025998883503 732.4033500574669 764.0199020401183 366.4182105069676 
498.114335553139 804.1825740884537 715.1739795565018 510.423817981045 960.27340281026 387.27706406643665 601.2765401773422 535.2036968604802 640.7964286801657 743.2189603048769 1117.6669874466897 829.5964309799656 906.1641896129181 541.8037565798422 851.0408901505934 812.2363137499538 862.0447962507646 742.5533794307999 501.7119825050304 616.8768689841154 806.0829496408223 397.40259988834987 732.4033500574669 764.0199020401183 366.4182105069676 
498.114335553139 804.1825740884537 715.1739795565018 510.423817981045 960.27340281026 387.27706406643665 601.2765401773422 535.2036968604802 640.77373289969 743.2189603048769 1117.6669874466897 829.5964309799656 906.1641896129181 541.8037565798422 851.0408901505934 812.2363137499538 862.0447962507646 742.5533794307999 501.7119825050304 616.8768689841154 806.0829496408223 397.40259988834987 732.4033500574669 764.0199020401183 366.4182105069676 
498.114335553139 804.1825740884537 715.1739795565018 510.423817981045 960.27340281026 387.27706406643665 601.2765401773422 535.2036968604802 640.77373289969 743.2189603048769 1117.6669874466897 829.5964309799656 906.1641896129181 541.8037565798422 851.0408901505934 812.2363137499538 862.0447962507646 742.5533794307999 501.7119825050304 616.8768689841154 806.0829496408223 397.40259988834987 732.4033500574669 764.0199020401183 366.4143707153926 
498.1133875230894 804.1825740884537 715.1739795565018 510.423817981045 960.2734028102591 387.27706406643665 601.2765401773422 535.2036968604802 640.7732877779126 743.2189603048769 1117.6669874466897 829.5964309799656 906.1641896129181 541.8037565798422 851.0408901505934 812.2363137499538 862.0447962507646 742.5533794307999 501.7119825050304 616.8768689841154 806.0829496408223 397.40259988834987 732.4033500574669 764.0199020401183 366.4143707153926 
498.1131992653404 804.1825740884537 715.1739795565018 510.423817981045 960.2734028102591 387.27706406643665 601.2765401773422 535.2036968604802 640.772650996154 743.2189603048769 1117.6669874466897 829.5964309799656 906.1641896129181 541.8037565798422 851.0408901505934 812.2363137499538 862.0447962507646 742.5533794307999 501.7119825050304 616.8768689841154 806.0829496408223 397.40259988834987 732.4033500574669 764.0199020401183 366.4142688922984 
498.1131992653404 804.1825740884537 715.1739795565018 510.423817981045 960.2734028102591 387.27706406643665 601.2765401773422 535.2036968604802 640.7700585046373 743.2189603048769 1117.6669874466897 829.5964309799656 906.1641896129181 541.8037565798422 851.0408901505934 812.2363137499538 862.0447962507646 742.5533794307999 501.7119825050304 616.8768689841154 806.0829496408223 397.40259988834987 732.4033500574669 764.0199020401183 366.4142688922984 
498.1131992653404 804.1825740884537 715.1739795565018 510.423817981045 960.2734028102591 387.27706406643665 601.2765401773422 535.2036968604802 640.769681993052 743.2189603048769 1117.6669874466897 829.5964309799656 906.1641896129181 541.8037565798422 851.0408901505934 812.2363137499538 862.0447962507646 742.5533794307999 501.7119825050304 616.8768689841154 806.0829496408223 397.40259988834987 732.4033500574669 764.0199020401183 366.41423213503185 
498.1131992653404 804.1825740884537 715.1739795565018 510.423817981045 960.2734028102591 387.27706406643665 601.2765401773422 535.2036968604802 640.7696542293825 743.2189603048769 1117.6669874466897 829.5964309799656 906.1641896129181 541.8037565798422 851.0408901505934 812.2363089424653 862.0447962507646 742.5533794307999 501.7119825050304 616.8768689841154 806.0829496408223 397.40259988834987 732.4033500574669 764.0199020401183 366.414212753386 
498.1129640666386 804.1825740884537 715.1739795565018 509.71824797735917 960.2734028102591 387.27706406643665 601.2765401773422 535.2036968604802 640.7695624702264 743.2189603048769 1117.6669874466897 829.5964309799656 906.1641896129181 541.8037565798422 851.0408901505934 812.2363089424653 862.0447962507646 742.5533794307999 501.7119825050304 616.8768689841154 806.0829496408223 397.40259988834987 732.4033500574669 764.0199020401183 366.41421142994795 
498.1129640666386 804.1825740884537 715.1739795565018 509.71824797735917 960.2734028102591 387.27706406643665 601.2765401773422 535.2036968604802 640.7689141995415 743.2189603048769 1117.6669874466897 829.5964309799656 906.1641896129181 541.8037565798422 851.0408901505934 812.2362999385632 862.0447962507646 742.5533794307999 501.7119825050304 616.8768689841154 806.0829496408223 397.40259988834987 732.4033500574669 764.0199020401183 366.41414754845664 
498.1129640666386 804.1825740884537 715.1739795565018 509.71824797735917 960.2734028102591 387.27706406643665 601.2765401773422 535.2036968604802 640.7688971696452 743.2189603048769 1117.6669874466897 829.5964309799656 906.1641896129181 541.8037565798422 851.0408901505934 812.2362999385632 862.0447962507646 742.5533794307999 501.7119825050304 616.8768689841154 806.0829496408223 397.40259988834987 732.4033500574669 764.0199020401183 366.41414754845664 
498.1129640666386 804.1825740884537 715.1739795565018 509.71824797735917 960.2734028102591 387.27706406643665 601.2765401773422 535.2036968604802 640.7686414111568 743.2189603048769 1117.6669874466897 829.5964309799656 906.1640867141464 541.8037565798422 851.0408901505934 812.2362999385632 862.0447962507646 742.5533794307999 501.7119825050304 616.8768689841154 806.0829496408223 397.40259988834987 732.4033500574669 764.0199020401183 366.41414741542303 
498.1129640666386 804.1825740884537 715.1739795565018 509.71824797735917 960.2734028102591 387.27706406643665 601.2765401773422 535.2036968604802 640.7686414111568 743.2189603048769 1117.6669874466897 829.5964309799656 906.1640867141464 541.8037565798422 851.0408901505934 812.2362999385632 862.0447962507646 742.5533794307999 501.7119825050304 616.8768689841154 806.0829496408223 397.40259988834987 732.4033500574669 764.0199020401183 366.4141473806121 
498.1129640666386 804.1825740884537 715.1739795565018 509.71824797735917 960.2734028102586 387.27706406643665 601.2765401773422 535.2036968604802 640.7686414111568 743.2189603048769 1117.6669874466897 829.5964309799656 906.1640867141464 541.8037565798422 851.0408901505934 812.2362999385623 862.0447962507646 742.5533794307999 501.7119825050304 616.8768689841154 806.0829496408223 397.40259988834987 732.4033500574669 764.0199020401183 366.4141473491345 
498.1129640666386 804.1825740884537 715.1739795565018 509.71824797735917 960.2734028102586 387.27706406643665 601.2765401773422 535.2036968604802 640.7686414111568 743.2189603048769 1117.6669874466897 829.5964309799656 906.1640867141464 541.8037565798422 851.0408901505934 812.2362999385623 862.0447962507646 742.5533794307999 501.7119825050304 616.8768689841154 806.0829496408223 397.40259988834987 732.4033500574669 764.0199020401183 366.41414733989495 
498.1129640666386 804.1825740884537 715.1739795565018 509.71824797735917 960.2734028102586 387.27706406643665 601.2765401773422 535.2036968604802 640.7686414111568 743.2189603048769 1117.6669874466897 829.5964309799656 906.1640867141464 541.8037565798422 851.0408901505934 812.2362999385623 862.0447962507646 742.5533794307999 501.7119825050304 616.8768689841154 806.0829496408223 397.40259988834987 732.4033500574669 764.0199020401183 366.4141473368268 
498.11284164982135 804.1825740884537 715.1739795565018 509.71824797735917 960.2734028102586 387.27706406643665 601.2765401773422 535.2036968604802 640.7686414111568 743.2189603048769 1117.6669874466897 829.5964309799656 906.164082248984 541.8037565798422 851.0408901505934 812.2362999385623 862.0447962507646 742.5533794307999 501.7119825050304 616.8768689841154 806.0829496408223 397.40259988834987 732.4033500574669 764.0199020401183 366.41413074775664 
498.11284164982135 804.1825740884537 715.1739795565018 509.71824797735917 960.2734028102586 387.27706406643665 601.2765401773422 535.2036968604802 640.7686414111568 743.2189603048769 1117.6669874466897 829.5964309799656 906.164082248984 541.8037565798422 851.0408901505934 812.2362999385623 862.0447962507646 742.5533794307999 501.7119825050304 616.8768689841154 806.0829496408223 397.40259988834987 732.4033500574669 764.0199020401183 366.41413074775664 
498.11284164982135 804.1825740884537 715.1739795565018 509.71824797735917 960.2734028102586 387.27706406643665 601.2765401773422 535.2036968604802 640.7686403951857 743.2189603048769 1117.6669874466897 829.5964309799656 906.164082248984 541.8037565798422 851.0408901505934 812.2362999385623 862.0447962507646 742.5533794307999 501.7119825050304 616.8768689841154 806.0829496408223 397.40259988834987 732.4033500574669 764.0199020401183 366.41413074775664 
498.11284164982135 804.1825740884537 715.1739795565018 509.71824797735917 960.2734028102586 387.27706406643665 601.2765401773422 535.2036968604802 640.7686403951857 743.2189603048769 1117.6669874466897 829.5964309799656 906.164082248984 541.8037565798422 851.0408901505934 812.2362999385623 862.0447962507646 742.5533794307999 501.7119825050304 616.8768689841154 806.0829496408223 397.40259988834987 732.4033500574669 764.0199020401183 366.41413074775664 
498.11284164982135 804.1825740884537 715.1739795565018 509.71824797735917 960.2734028102586 387.27706406643665 601.2765401773422 535.2036968604802 640.7686397877233 742.6505055469415 1117.6669874466897 829.5964309799656 906.164082248984 541.8037565798422 851.0408901505934 812.2362999385623 862.0447962507646 742.5533794307999 501.7119825050304 616.8768689841154 806.0829496408223 397.40259988834987 732.4033500574669 764.0199020401183 366.41413074775664 
498.11284164982135 804.1825740884537 715.1739795565018 504.78430119773475 960.2734028102586 387.27706406643665 601.2765401773422 535.2036968604802 640.7686397877233 742.6414715722758 1117.6669874466897 829.5964309799656 906.164082248984 541.8037565798422 851.0408901505934 812.2362999385623 862.0447962507646 742.5533794307999 501.7119825050304 616.8768689841154 806.0829496408223 397.40259988834987 732.4033500574669 764.0199020401183 366.4141307477562 
498.11284164982135 804.1825740884537 715.1739795565018 504.78430119773475 960.2734028102586 387.27706406643665 601.2765401773422 535.2036968604802 640.768523947318 742.641469655408 1117.6669874466897 829.5964309799656 906.164082248984 541.8037565798422 851.0408901505934 812.2362999385623 862.0447962507646 742.5533794307999 501.7119825050304 616.8768689841154 806.0829496408223 397.40259988834987 732.4033500574669 764.0199020401183 366.4141307477562 
498.11284164982135 804.1825740884537 715.1739795565018 504.78430119773475 960.2734028102586 387.27706406643665 601.2765401773422 535.2036968604802 640.7685217201761 742.6414695664066 1117.6669874466897 829.5964309799656 906.164082248984 541.8037565798422 851.0408901505934 812.2362999385623 862.0447962507646 742.5533794307999 501.7119825050304 616.8768689841154 806.0829496408223 397.40259988834987 732.4033500574669 764.0199020401183 366.4141307477562 
498.11284164982135 804.1825740884537 715.1739795565018 504.78430119773475 960.2734028102586 387.27706406643665 601.2765401773422 535.2036968604802 640.7685217201761 742.6414695495691 1117.6669874466897 829.5964309799656 906.164082248984 541.8037565798422 851.0408901505934 812.2362999385623 862.0447962507646 742.5533794307999 501.7119825050304 616.8768689841154 806.0829496408223 397.40259988834987 732.4033500574669 763.5493166115771 366.4141307477562 
498.11284164982135 804.1825740884537 715.1739795565018 504.78430119773475 960.2734028102586 387.27706406643665 601.2765401773422 535.2036968604802 640.7685217201761 742.641469549103 1117.6669874466897 829.5964309799656 906.164082248984 541.8037565798422 851.0408901505934 812.2362999385623 862.0447962507646 742.5533794307999 501.7119825050304 616.8768689841154 806.0829496408223 397.40259988834987 732.4033500574669 763.5358858829886 366.4141307477562 
498.11284164982135 804.1825740884537 715.1739795565018 504.78430119773475 960.2734028102586 387.27706406643665 601.2765401773422 535.2036968604802 630.9852939603347 742.6414695490494 1117.6669874466897 829.5964309799656 906.164082248984 541.8037565798422 851.0408901505934 812.2362999385623 862.0447962507646 742.5533794307999 501.7119825050304 616.8768689841154 806.0829496408223 397.40259988834987 732.4033500574669 763.5276909553313 366.4141307477562 
498.11284164982135 804.1825740884537 715.1739795565018 504.78430119773475 960.2734028102586 387.27706406643665 601.2765401773422 535.2036968604802 630.9670857608198 742.6414695490439 1117.6669874466897 829.5964309799656 906.164082248984 541.8037565798422 851.0408901505934 812.2362999385623 862.0447962507646 742.5533794307999 501.7119825050304 616.8768689841154 806.0829496408223 397.40259988834987 732.4033500574669 763.5208592264717 366.4141307477562 
498.11284164982135 804.1825740884537 715.1739795565018 504.78430119773475 960.2734028102586 387.27706406643665 601.2765401773422 535.2036968604802 630.9670857608198 742.6414695490112 1117.6669874466897 829.5964309799656 906.1640822489835 541.8037565798422 851.0408901505934 812.2362999385623 862.0447962507646 742.5533794307999 501.7119825050304 616.8768689841154 806.0829496408223 397.40259988834987 732.4033500574669 763.5166082318146 366.4141307477562 
498.11284164982 804.1825740884537 715.1739795565018 504.78430119773475 960.2734028102586 387.27706406643665 601.2765401773422 535.2036968604802 630.9591704368058 742.641469548852 1117.6669874466897 829.5964309799656 906.1640822489835 541.8037565798422 851.0408901505934 812.2362999385623 862.0447962507646 742.5533794307999 501.7119825050304 616.8768689841154 806.0829496408223 397.40259988834987 732.4033500574669 763.5156529127144 366.4141307477562 
498.11284164982 804.1825740884537 715.1739795565018 504.78430119773475 960.2734028102586 387.27706406643665 601.2765401773422 535.2036968604802 630.9591704368058 742.6414695488329 1117.6669874466897 829.5964309799656 906.1640822489835 541.8037565798422 851.0408901505934 812.2362999385623 862.0447962507646 742.5533794307999 501.7119825050304 616.8768689841154 806.0829496408223 397.40259988834987 732.4033500574669 763.5156529127144 366.41412790404365 
498.11284164982 804.1825740884537 715.1739795565018 504.78430119773475 960.2734028102586 387.27706406643665 601.2765401773422 535.2036968604802 630.9591704368058 742.6414695488329 1117.6669874466897 829.5964309799656 906.1640822489835 541.8037565798422 851.0408901505934 812.2362999385623 862.0447962507646 742.5533794307999 501.7119825050304 616.8768689841154 806.0829496408223 397.40259988834987 732.4033500574669 763.5156529127144 366.41412790404365 
498.11284164982 804.1825740884537 715.1739795565018 504.78430119773475 960.2734028102586 387.27706406643665 601.2765401773422 535.2036968604802 630.9591704368058 742.6414695488329 1117.6669874466897 829.5964309799656 906.1640822489835 541.8037565798422 851.0408901505934 812.2362999385623 862.0447962507646 742.5533794307999 501.7119825050304 616.8768689841154 806.0829496408223 397.40259988834987 732.4033500574669 763.5145224728049 366.41412790404365 
498.11284164982 804.1825740884537 715.1739795565018 504.78430119773475 960.2734028102586 387.27706406643665 601.2765401773422 535.2036968604802 630.9591704368058 742.6414695488329 1117.6669874466897 829.5964309799656 906.1640822489835 541.8037565798422 851.0408901505934 812.2362999385623 862.0447962507646 742.5533794307999 501.7119825050304 616.8768689841154 806.0829496408223 397.40259988834987 732.4033500574669 763.5145224728049 366.41412790404365 
498.11284164982 804.1825740884537 715.1739691501634 504.78430119773475 960.2734028102586 387.27706406643665 601.2765401773422 535.2036968604802 630.9590542038331 742.6414695488293 1117.6669874466897 829.5964309799656 906.1640822489835 541.8037565798422 851.0408901505934 812.2362999385623 862.0447962507646 742.5533794307999 501.7119825050304 616.8768689841154 806.0829496408223 397.40259988834987 732.4033500574669 763.5145224728049 366.41412790404365 
498.11284164982 804.1825740884537 715.1739691501634 504.78430119773475 960.2734028102586 387.27706406643665 601.2765401773422 535.2036968604802 630.9590542038331 742.6414695488293 1117.6669874466897 829.5964309799656 906.1640822489835 541.8037565798422 851.0408901505934 812.2362999385623 862.0447962507646 742.5533794307999 501.7119825050304 616.8768689841154 806.0829496408223 397.40259988834987 732.4033500574669 763.5145224728049 366.41412790404365 
498.11284164982 804.1825740884537 715.1739691501634 504.78430119773475 960.2734028102586 387.27706406643665 601.2765401773422 535.2036968604802 630.9590542038331 742.6414695488293 1117.6669874466897 829.5964309799656 906.1640822489835 541.8037565798422 851.0408901505934 812.2362999385623 862.0447962507646 742.5533794307999 501.7119825050304 616.8768689841154 793.6334582039781 397.40259988834987 732.4033500574669 763.5145224728049 366.41412790404365 
498.11284164982 804.1825740884537 715.1739691501634 504.78430119773475 960.2734028102586 387.27706406643665 601.2765401773422 535.2036968604802 630.9577107267742 742.6414695488293 1117.6669874466897 829.5964309799656 906.1640822489835 541.8037565798422 851.0408901505934 812.2362999385623 862.0447962507646 742.5533794307999 501.7119825050304 616.8768689841154 793.0859341842479 397.40259988834987 732.4033500574669 763.5145224728049 366.4141279040432 
498.11284164982 804.1825740884537 715.1739691501634 504.78430119773475 960.2734028102586 387.27706406643665 601.2765401773422 535.2036968604802 630.9577107267742 742.6414695488293 1117.6669874466897 829.5964309799656 906.1640822489835 541.8037565798422 851.0408901505934 812.2362999385623 862.0447962507646 742.5533794307999 501.7119825050304 616.8768689841154 792.3408608645905 397.40258664528073 732.4033500574669 763.5145224728049 366.4141279040432 
498.11284164982 804.1825740884537 715.1739691501634 504.78430119773475 960.2734028102586 387.27706406643665 601.2765401773422 535.2036968604802 630.9577107267742 742.6414695488288 1117.6669874466897 829.5964309799656 906.1640822489835 541.8037565798422 851.0408901505934 812.2362999385623 862.0447962507646 742.5533794307999 501.7119825050304 616.8768689841154 792.3408608645905 397.40258664528073 732.4033500574669 763.514513193435 366.4141279040432 
498.11284164982 804.1825740884537 715.173969150163 504.78430119773384 960.2734028102586 387.27706406643665 601.2765401773422 534.884952448464 630.9577107267742 742.6414695488284 1117.6669874466897 829.5964309799656 906.1640822489835 541.8037565798422 851.0408901505934 812.2362999385623 862.0447962507646 742.5533794307999 501.7119825050304 616.8768689841154 792.3408608645905 397.40258664528073 732.4033500574669 763.514513193435 366.4141279040432 
498.11284164982 804.1825740884537 715.173969150163 504.78430119773384 960.2734028102586 387.27706406643665 601.2765401773422 534.884952448464 630.9577107267742 742.6414695488284 1117.6669874466897 829.5964309799656 906.1640822489835 541.8037565798422 851.0408901505934 812.2362999385623 862.0447962507646 742.5533794307999 501.7119825050304 616.8768689841154 792.3273786335526 397.40258664528073 732.4033500574669 763.514513193435 366.4141279040432 
498.11284164982 804.1825740884537 715.173969150163 504.78430119773384 960.2734028102586 387.27706406643665 601.2765401773422 534.884952448464 630.9577100482916 742.6414695488284 1117.6669874466897 829.5964309799656 906.1640822489835 541.8037565798422 851.0408901505934 812.2362999385623 862.0447962507646 742.5533794307999 501.7119825050304 616.8768689841154 792.3267072635458 397.4025866452803 732.4033500574669 763.514513193435 366.41412790404274 
498.11284164982 804.1825740884537 715.173969150163 504.78430119773384 960.2734028102586 387.27706406643665 601.2765401773422 534.884952448464 630.9577093546836 742.6414695488284 1117.6669874466897 829.5964309799656 906.1640822489835 541.8037565798422 851.0408901505934 812.2362999385623 862.0447962507646 742.5533794307999 501.7119825050304 616.8768689841154 792.3248330001516 397.4025866452803 732.4033500574669 763.514513193435 366.41412790404274 
498.11284164982 804.1825740884537 715.173969150163 504.78430119773384 960.2734028102586 387.27706406643665 601.2765401773422 534.884952448464 630.9577093546836 742.6414695488284 1117.6669874466897 829.5964309799656 906.1640822489835 541.8037565798422 851.0408901505934 812.2362999385623 862.0447962507646 742.5533794307999 501.7119825050304 616.8768689841154 792.3248330001516 397.4025866452803 732.4033500574669 763.514513193435 366.41412790404274 
487.2569021477552 804.1825740884537 715.173969150163 504.78430119773384 960.2734028102586 387.27706406643665 601.2765401773422 534.884952448464 630.9577092942641 742.6414695488284 1117.6669874466897 829.5964309799656 906.1640822489835 541.8037565798422 851.0408901505934 812.2362999385623 862.0447962507646 742.5533794307999 501.7119825050304 616.8768689841154 792.3247069229042 397.4025866452803 732.4033500574669 763.514513193435 366.41412790404274 
486.6772838062293 804.1825740884537 715.173969150163 504.78430119773384 960.2734028102586 387.27706406643665 601.2765401773422 534.884952448464 630.9577092942641 742.6414695488284 1117.6669874466897 829.5964309799656 906.1640822489835 541.8037565798422 851.0408901505934 812.2362999385623 862.0447962507646 742.5533794307999 501.7119825050304 616.8768689841154 792.3247069229042 397.4025866452803 732.4033500574669 763.514513193435 366.41412419387416 
486.54833948470286 804.1825740884537 715.173969150163 504.78430119773384 960.2734028102586 387.27706406643665 601.2765401773422 534.884952448464 630.9577091237361 742.6414695488284 1117.6669874466897 829.5964309799656 904.2487947024001 541.8037565798422 851.0408901505934 812.2362999385623 862.0447962507646 742.5533794307999 501.7119825050304 616.8768689841154 792.3244295669883 397.4025866452803 732.4033500574669 763.5142378806318 366.41412419387416 
486.4837571349299 804.1825740884537 715.173969150163 504.78430119773384 960.2734028102586 387.27706406643665 601.2765401773422 534.884952448464 630.9572849303618 742.6414695488284 1117.6669874466897 829.5964309799656 901.2809572726751 541.8037565798422 851.0408901505934 812.2362999385623 862.0447962507646 742.5533794307999 501.7119825050304 616.8768689841154 792.3228892324851 397.4025866452803 732.4033500574669 763.5141515302175 366.41412419387416 
486.45624182819347 804.1825740884537 715.173969150163 504.78430119773384 960.2734028102586 387.27706406643665 601.2765401773422 534.884952448464 630.9572849303618 742.6414695488284 1117.6669874466897 829.5964309799656 901.2722267375048 541.8037565798422 851.0408901505934 812.2362999385623 862.0447962507646 742.5533794307999 501.7119825050304 616.8768689841154 792.3228892324851 397.4025866452803 732.4033500574669 763.5141515302175 366.41412419387416 
486.4405047962773 804.1825740884537 715.173969150163 504.78430119773384 960.2734028102586 387.27706406643665 601.2765401773422 534.884952448464 630.957236533528 742.6414695488284 1117.6669874466897 829.5964309799656 901.272117643372 541.8037565798422 851.0408901505934 812.2362999385623 862.0447962507646 742.5533794307999 501.7119825050304 616.8768689841154 792.3228853690607 397.4025866452803 732.4033500574669 763.5141515302175 366.41412419387416 
486.4405047962773 804.1825740884537 715.173969150163 504.78430119773384 960.2734028102586 387.27706406643665 601.2765401773422 534.884952448464 630.957236533528 742.6414695488284 1117.6669874466897 829.5964309799656 901.272117643372 541.8037565798422 851.0408901505934 812.2362999385623 862.0447962507646 742.5533794307999 491.6398202564733 616.8768689841154 792.3228853690607 397.4025866452803 732.4033500574669 763.5141515302175 366.41412419387416 
486.4226021125669 804.1825740884537 715.173969150163 504.78430119773384 960.2734028102586 387.27706406643665 601.2765401773422 534.884952448464 630.957236533528 742.6414695488284 1117.6669874466897 829.5964309799656 901.2721149954987 541.8037565798422 851.0408901505934 812.2362999385623 862.0447962507646 742.5533794307999 490.9109711960864 616.8768689841154 792.3228853690607 397.4025866452803 732.4033500574669 763.5141515302175 366.41412419387416 
486.4226021125669 804.1825740884537 715.173969150163 504.78430119773384 960.2734028102586 387.27706406643665 601.2765401773422 534.884952448464 630.957236533528 742.6414695488284 1117.6669874466897 829.5964309799656 901.2721149474983 541.8037565798422 851.0408901505934 812.2362999385623 862.0447962507646 742.5533794307999 490.2518334487045 616.8768689841154 792.3228814799686 397.4025866452803 732.4033500574669 763.5141515302175 366.41412419387416 
486.4226021125669 804.1825740884537 715.173969150163 504.78430119773384 960.2734028102586 387.27706406643665 601.2765401773422 534.884952448464 630.957236533528 742.6414695488284 1117.6669874466897 829.5964309799656 901.2721149474983 541.8037565798422 851.0408901505934 812.2362999385623 862.0447962507646 742.5533794307999 489.95514706971244 616.8768689841154 792.3228812844732 397.4025866452803 731.9468704777573 763.5141515302175 366.41412419387416 
486.42139692183446 804.1825740884537 715.173969150163 504.78430119773384 960.2734028102586 387.27706406643665 601.2765401773422 534.884952448464 630.957236533528 742.6414695488284 1117.6669874466897 829.5964309799656 901.2721149226536 541.8037565798422 851.0408901505934 812.2362999385623 862.0447962507646 742.5533794307999 489.6637765141122 616.8768689841154 792.3228812844732 397.4025866452803 731.9468704777573 763.5141515302175 366.41412419387416 
486.42055588809035 804.1825740884537 715.173969150163 504.78430119773384 960.2734028102586 387.27706406643665 601.2765401773422 534.884952448464 630.957236533528 742.6414695488284 1117.6669874466897 829.5964309799656 901.2721149226536 541.8037565798422 851.0408901505934 812.2362999385623 862.0447962507646 742.5533794307999 489.51889703217967 616.8768689841154 792.3228812844732 397.4025866452803 731.9468704777573 763.5141515302175 366.41412419387416 
486.4205295833681 804.1825740884537 715.173969150163 504.78430119773384 960.2734028102586 387.27706406643665 601.2765401773422 534.1610202188367 630.957236533528 742.6414695488284 1117.6669874466897 829.5964309799656 901.2721149226536 541.8037565798422 851.0408901505934 812.2362999385623 862.0447962507646 742.5533794307999 489.28498972680336 616.8768689841154 792.3228812682619 397.4025866452803 731.9468704777573 763.5141515302175 366.41412419387416 
486.4201630135749 804.1825740884537 715.173969150163 504.78430119773384 960.2734028102586 387.27706406643665 601.2765401773422 534.0878457593521 630.957236533528 742.6414695488284 1117.6669874466897 829.5964309799656 901.2721149226536 541.8037565798422 851.0408901505934 812.2362999385623 862.0447962507646 742.5533794307999 489.281655301128 616.8768689841154 792.3228812682619 397.4025866452803 731.937733783589 763.5141515302175 366.41412419387416 
486.42011622556356 804.1825740884537 715.173969150163 504.78430119773384 960.2734028102586 387.27706406643665 601.2765401773422 534.079037092009 630.957236533528 742.6414695488284 1117.6669874466897 829.5964309799656 901.2721149226536 541.8037565798422 851.0408901505934 812.2362999385623 862.0447962507646 742.5533794307999 489.2630273357695 616.8768689841154 792.3228812682619 397.4025866452803 731.937733783589 763.5141515302175 366.41412419387416 
486.42011622556356 804.1825740884537 715.173969150163 504.78430119773384 960.2734028102586 387.27706406643665 601.2765401773422 534.0766593529779 630.9572365335275 742.6414695488284 1117.6669874466897 829.5964309799656 901.2721149226536 541.8037565798422 851.0408901505934 812.2362999385623 862.0447962507646 742.5533794307999 489.2628157888639 616.8768689841154 792.322881265366 397.4025866452803 731.937733783589 763.5141515302175 366.41412419387416 
486.4200632606239 804.1825740884537 715.173969150163 504.78430119773384 960.2734028102586 387.27706406643665 601.2765401773422 534.076157737306 630.722711274941 742.6414695488284 1117.6669874466897 829.5964309799656 901.2721149226536 541.8037565798422 851.0408901505934 812.2362999385623 862.0447962507646 742.5533794307999 489.2601131205429 616.8768689841154 792.3228812629477 397.4025866452803 731.937733783589 763.5141515302175 366.41412419387416 
485.97047503074555 804.1825740884537 715.173969150163 504.78430119773384 960.2734028102586 387.27706406643665 601.2765401773422 534.0761236375506 630.2868101486088 742.6414695488284 1117.6669874466897 829.5964309799656 901.2721149226536 541.8037565798422 851.0408901505934 812.2362999385623 862.0447962507646 742.5533794307999 489.25326212212303 616.8768689841154 792.3228812627722 397.4025866452803 731.937733783589 763.5141515302166 366.41412419387416 
485.97047503074555 804.1825740884537 715.173969150163 504.78430119773384 960.2734028102586 387.27706406643665 601.2765401773422 534.0760664404288 630.2868101486088 742.6414695488284 1117.6669874466897 829.5964309799656 901.2721149226536 541.8037565798422 851.0408901505934 812.2362999385623 862.0447962507646 742.5533794307999 489.25326212212303 616.8768689841154 792.3228812627253 397.4025866452803 731.937733783589 763.5141379784995 366.41412419387416 
485.97047503074555 804.1825740884537 715.173969150163 504.78430119773384 960.2734028102586 387.27706406643665 601.2765401773422 534.0760664404288 630.2853467271675 742.6414695488284 1117.6669874466897 829.5964309799656 901.2721149226536 541.8037565798422 851.0408901505934 812.2362999385623 862.0447962507646 742.5533794307999 489.25228426257263 616.8768689841154 792.3228812626671 397.4025866452803 731.937733783589 763.5141379784995 366.41412419387416 
485.97047503074555 804.1825740884537 715.173969150163 504.78430119773384 960.2734028102586 387.27706406643665 601.2765401773422 534.0760661450217 630.2844994142374 742.6414695488284 1117.6669874466897 829.5964309799656 901.2721149226536 541.8037565798422 851.0408901505934 812.2362999385623 862.0447962507646 742.5533794307999 489.25228426257263 616.8768689841154 792.3228812626671 397.4025866452803 731.937733783589 763.5141379784995 366.41412419387416 
485.97047503074555 804.1825740884537 715.173969150163 504.78430119773384 960.2734028102586 387.27706406643665 601.2765401773422 534.0760644981569 630.2796285257045 742.6414695488284 1117.6669874466897 829.5964309799656 901.2721149226536 541.8037565798422 851.0408901505934 812.2362999385623 862.0447962507646 742.5533794307999 489.25228426257263 616.8768689841154 792.3228812626667 397.4025866452803 731.937733783589 763.5141379784995 366.41412419387416 
485.97047503074555 804.1825740884537 715.173969150163 504.78430119773384 960.2734028102586 387.27706406643665 601.2765401773422 534.076060096213 630.2796285257045 742.6414695488284 1117.6669874466897 829.5964309799656 901.2721149226527 541.8037565798422 851.0408901505934 812.2362999385623 862.0447962507646 742.5533794307999 489.2522716780172 616.8768689841154 792.3228806303678 397.4025866452803 731.937733783589 763.5141379784995 366.41412419387416 
485.97047503074555 804.1825740884537 715.173969150163 504.78430119773384 960.2734028102586 387.27706406643665 601.2765401773422 534.0760591813073 630.2796285257045 742.6414695488284 1117.6669874466897 829.5964309799656 901.2721149226527 541.8037565798422 851.0408901505934 812.2362999385623 862.0447962507646 742.5533794307999 489.25223334300154 616.8768689841154 792.3228250212633 397.4025866452803 731.937733783589 763.5141379784995 365.35296574133827 
485.97047503074555 804.1825740884537 715.173969150163 504.78430119773384 960.2734028102586 387.27706406643665 601.2765401773422 534.0760590227674 630.2796285257045 742.6414695488284 1117.6669874466897 829.5964309799656 901.2721149226527 541.8037565798422 851.0408901505934 812.2362999385623 862.0447962507646 742.5533794307999 489.25223334300154 616.8768689841154 792.3228250212633 397.4025866452803 731.937733783589 763.5141379784995 365.1843720991842 
485.97047503074555 804.1825740884537 715.173969150163 504.78430119773384 960.2734028102586 387.27706406643665 601.2765401773422 534.0760589858583 630.2796285257045 742.6414695488284 1117.6669874466897 829.5964309799656 901.2721149226527 541.8037565798422 851.0408901505934 812.2362999385623 862.0447962507646 742.5533794307999 489.2510954489626 616.8768689841154 792.3228250212633 397.4025866452803 731.937733783589 763.5141379784977 365.18185459723964 
485.970203698168 804.1825740884537 715.173969150163 504.78430119773384 960.2734028102586 387.27706406643665 601.2765401773422 534.0760589856404 630.2796285257045 742.6414695488284 1117.6669874466897 829.5964309799656 901.2721149226527 541.8037565798422 851.0408901505934 812.2362999385623 862.0447962507646 742.5533794307999 489.2510954489626 616.8768689841154 792.3228250212633 397.4025866452803 731.937733783589 763.5141379784973 365.18185459723964 
485.97020255203824 804.1825740884537 715.173969150163 504.78430119773384 960.2734028102586 387.27706406643665 601.2765401773422 534.0760589856145 630.2796285257045 742.6414695488284 1117.6669874466897 829.5964309799656 901.2721149226522 541.8037565798422 851.0408901505934 812.2362999385623 862.0447962507646 742.5533794307999 489.25055181646667 616.8768689841154 792.3226784477952 397.4025866452803 731.937733783589 763.5141379784973 365.18124665606274 
485.9702023999648 804.1825740884537 715.173969150163 504.78430119773384 960.2734028102586 387.27706406643665 601.2765401773422 534.0760589852653 630.2790085043171 742.6414695488284 1117.6669874466897 829.5964309799656 901.2721149226522 541.8037565798422 851.0408901505934 812.2362999385623 862.0447962507646 742.5533794307999 489.250430542761 616.8768689841154 792.3226776071479 397.4025866452803 731.937733783589 763.5141379784973 365.18124665606274 
485.9702023891832 804.1825740884537 715.173969150163 504.78430119773384 960.2734028102586 387.27706406643665 601.2765401773422 534.0760589848687 630.2790085043171 742.6414695488284 1117.6669874466897 829.5964309799656 901.2721149226522 541.8037565798422 851.0408901505934 812.2362999385623 862.0447962507646 742.5533794307999 489.2503092772313 616.8768689841154 792.3226773934443 397.4025866452803 731.937733783589 763.5141379784973 365.1158645911719 
485.9702023863101 804.1825740884537 715.173969150163 504.78430119773384 960.2734028102586 387.27706406643665 601.2765401773422 534.0760589847878 630.2790085043171 742.6414695488284 1117.6669874466897 829.5964309799656 901.2721149226522 541.8037565798422 851.0408901505934 812.2362999385623 862.0447962507646 742.5533794307999 489.2503092772313 616.8768689841154 792.3226773002343 397.4025866452803 731.937733783589 763.5141379784968 365.1061884626174 
485.97005500432033 804.1825740884537 715.173969150163 504.78430119773384 960.2734028102586 387.27706406643665 601.2765401773422 534.0760589847878 630.2786057702178 742.6414695488284 1117.6669874466897 829.5964309799656 901.2721149226522 541.8037565798422 851.0408901505934 812.2362999385623 862.0447962507646 742.5533794307999 489.2498774538926 616.8768689841154 792.3226773002343 397.4025866452803 731.937733783589 763.5141379784968 365.1061884626174 
485.97005500432033 804.1825740884537 715.173969150163 504.78430119773384 960.2734028102586 387.27706406643665 601.2765401773422 534.0760589847832 630.278580283049 742.6414695488284 1117.6669874466897 829.5964309799656 901.2721149226522 541.8037565798422 851.0408901505934 812.2362999385623 862.0447962507646 742.5533794307999 489.2498774538926 616.8768689841154 792.3226772919575 397.4025866452803 731.937733783589 763.5141379784968 365.1061884626174 
485.97005500432033 804.1825740884537 715.173969150163 504.78430119773384 960.2734028102586 387.27706406643665 601.2765401773422 534.0760589847832 630.2785798298778 742.6414695488284 1117.6669874466897 829.5964309799656 901.2721149223153 541.8037565798422 851.0408901505934 812.2362999385623 862.0447962507646 742.5533794307999 489.2498177527418 616.8768689841154 792.3226772906937 397.4025866452803 731.937733783589 763.5141379784968 365.10339763430693 
485.97005500432033 804.1825740884537 715.173969150163 504.78430119773384 960.2734028102586 387.27706406643665 601.2765401773422 534.0760589847832 630.2785798298778 742.6414695488284 1117.6669874466897 829.5964309799656 901.2721149223153 541.8037565798422 851.0408901505934 812.2362999385623 862.0447962507646 742.5533794307999 489.2498177527418 616.8768689841154 792.322677290646 397.4025866452803 731.937733783589 763.5141379784964 365.10276964647437 
485.97005500432033 804.1825740884537 715.173969150163 504.78430119773384 960.2734028102586 387.27706406643665 601.2765401773422 534.0760589847832 630.2785796607791 742.6414695488284 1117.6669874466897 829.5964309799656 901.2721149223153 541.8037565798422 851.0408901505934 812.2362999385623 862.0447962507646 742.5533794307999 489.2498177527418 616.8768689841154 792.3226772905259 397.4025866452803 731.937733783589 763.5141379784964 365.10276964647437 
485.97005500432033 804.1825740884537 715.173969150163 504.78430119773384 960.2734028102586 387.27706406643665 601.2765401773422 534.0760589847832 630.2785796607791 742.6414695488284 1117.6669874466897 829.5964309799656 901.2721149223153 541.8037565798422 851.0408901505934 812.2362999385623 862.0447962507646 742.5533794307999 489.2498177527418 616.8768689841154 792.3226772905259 397.4025866452803 731.937733783589 763.5141379784964 365.10268730427015 
485.97005500432033 804.1825740884537 715.173969150163 504.78430119773384 960.2734028102586 387.27706406643665 601.2765401773422 534.0760589847832 630.2785796127555 742.6414695488284 1117.6669874466897 829.5964309799656 901.2721149223153 541.8037565798422 851.0408901505934 812.2362999385623 862.0447962507646 742.5533794307999 489.2498175737546 616.8768689841154 792.322677290525 397.4025866452803 731.937733783589 763.5141379784964 365.10266866388565 
485.97005500432033 804.1825740884537 715.173969150163 504.78430119773384 960.2734028102586 387.27706406643665 601.2765401773422 534.0760589847832 630.2785796127555 742.6414695488284 1117.6669874466897 829.5964309799656 901.2721149223144 541.8037565798422 851.0408901505934 812.2362999385623 862.0447962507646 742.5533794307999 489.2498175737546 616.8768689841154 792.3226772905236 397.4025866452803 731.937733783589 763.5141379784955 365.10266866388565 
485.97005500432033 804.1825740884537 715.173969150163 504.78430119773384 960.2734028102586 387.27706406643665 601.2765401773422 534.0760589847832 630.2785796127555 742.6414695488284 1117.6669874466897 829.5964309799656 901.2721149223144 541.8037565798422 851.0408901505934 812.2362999385623 862.0447962507646 742.5533794307999 489.2498175737546 616.8768689841154 792.3226772905227 397.4025866452803 731.937733783589 763.5141379784955 365.1026682385086 
485.9700550043199 804.1825740884537 715.173969150163 504.78430119773384 960.2734028102586 387.27706406643665 601.2765401773422 534.0760589847832 630.2785796127555 742.6414695488284 1117.6669874466897 829.5964309799656 901.2721149223144 541.8037565798422 851.0408901505934 812.2362999385623 862.0447962507646 742.5533794307999 489.2498175737546 616.8768689841154 792.3226772905223 397.4025866452803 731.937733783589 763.5141379784955 365.1026682146844 
485.9700550043199 804.1825740884537 715.173969150163 504.78430119773384 960.2734028102586 387.27706406643665 601.2765401773422 534.0760589847832 630.2785796127555 742.6414695488284 1117.6669874466897 829.5964309799656 901.2721149223144 541.8037565798422 851.0408901505934 812.2362999385623 862.0447962507646 742.5533794307999 489.24955192117795 616.8768689841154 792.3226772905223 397.4025866452803 731.937733783589 763.5141379784955 365.1026681066942 
485.9700550043199 804.1825740884537 715.173969150163 504.78430119773384 960.2734028102586 387.27706406643665 601.2765401773422 534.0760589847832 630.2785796123917 742.6414695488284 1117.6669874466897 829.5964309799656 901.2721149223139 541.8037565798422 851.0408901505934 812.2362999385623 862.0447962507646 742.5533794307999 489.24955192117795 616.8768689841154 792.3226772905223 397.4025866452803 731.937733783589 763.5141379784955 365.1026681066942 
485.9700550043199 804.1825740884537 715.173969150163 504.78430119773384 960.2734028102586 387.27706406643665 601.2765401773422 534.0760589847832 630.2785796123917 742.6414695488284 1117.6669874466897 829.5964309799656 901.2721149223139 541.8037565798422 851.0408901505934 812.2362999385623 862.0447962507646 742.5533794307999 489.2491777570708 616.8768689841154 792.3226772905223 397.4025866452803 731.937733783589 763.5141379784955 365.1026681066942 
485.9700550043199 804.1825740884537 715.173969150163 504.78430119773384 960.2734028102586 387.27706406643665 601.2765401773422 534.0760589847832 630.2785796123135 742.6414695488284 1117.6669874466897 829.5964309799656 901.2721149223139 541.8037565798422 851.0408901505934 812.2362999385623 862.0447962507646 742.5533794307999 489.2491777570708 616.8768689841154 792.3226772905223 397.4025866452803 731.937733783589 763.5141379784955 365.1026681046628 
485.9700550043199 804.1825740884537 715.173969150163 504.78430119773384 960.2734028102586 387.27706406643665 601.2765401773422 534.0760589847832 630.2785796122744 742.6414695488284 1117.6669874466897 829.5964309799656 901.2721149223139 541.8037565798422 851.0408901505934 812.2362999385623 862.0447962507646 742.5533794307999 489.2491777570708 616.8768689841154 792.3226772905223 397.4025866452803 731.937733783589 763.5141379784955 365.1026681027265 
485.9700550043199 804.1825740884537 715.173969150163 504.78430119773384 960.2734028102586 387.27706406643665 601.2765401773422 534.0760589847832 630.2785796122739 742.6414695488284 1117.6669874466897 829.5964309799656 901.2721149223139 541.8037565798422 851.0408901505934 812.2362999385623 862.0447962507646 742.5533794307999 489.2489943737837 616.8768689841154 792.3226772905223 397.4025866452803 731.937733783589 763.5141379784955 365.10266810262874 
485.9700550043199 804.1825740884537 715.173969150163 504.78430119773384 960.2734028102586 387.27706406643665 601.2765401773422 534.0760589847832 630.2785796122739 742.6414695488284 1117.6669874466897 829.5964309799656 901.2721149223139 541.8037565798422 851.0408901505934 812.2362999385623 862.0447962507646 742.5533794307999 489.2489911374387 616.8768689841154 792.3226772905223 397.4025866452803 731.937733783589 763.5141379784955 365.1026681026151 
485.9700550043199 804.1825740884537 715.173969150163 504.78430119773384 960.2734028102586 387.27706406643665 601.2765401773422 534.0760589847832 630.2785796122716 742.6414695488284 1117.6669874466897 829.5964309799656 901.2721149223139 541.8037565798422 851.0408901505934 812.2362999385623 862.0447962507646 742.5533794307999 489.2489902439993 616.8768689841154 792.3226772905223 397.4025866452803 731.937733783589 763.5141379784955 364.9572401960204 
485.8832589684339 804.1825740884537 715.173969150163 504.78430119773384 960.2734028102586 387.27706406643665 601.2765401773422 534.0760589847832 630.2785796122707 742.6414695488284 1117.6669874466897 829.5964309799656 901.2721149223139 541.8037565798422 851.0408901505934 812.2362999385623 862.0447962507646 742.5533794307999 489.2489902252719 616.8768689841154 792.3226772905223 397.4025866452803 731.937733783589 763.5141379784955 364.86780252983453 
485.8832589684339 804.1825740884537 715.173969150163 504.78430119773384 960.2734028102586 387.27706406643665 601.2765401773422 534.0760589847832 630.2785796122707 742.6414695488284 1117.6669874466897 829.5964309799656 901.2721149223139 541.8037565798422 851.0408901505934 812.2362999385623 862.0447962507646 742.5533794307999 489.24899022214004 616.8768689841154 792.3226772905223 397.4025866452803 731.937733783589 763.5141379784955 364.8678014552115 
485.8832589684339 804.1825740884537 715.173969150163 504.78430119773384 960.2734028102586 387.27706406643665 601.2765401773422 534.0760589847832 630.2785796122694 742.6414695488284 1117.6669874466897 829.5964309799656 901.2721149223139 541.8037565798422 851.0408901505934 812.2362999385623 862.0447962507646 742.5533794307999 489.24899021790407 616.8768689841154 792.3226772905223 397.4025866452803 731.937733783589 763.5141379784955 364.86780115705506 
485.8832589684339 804.1825740884537 715.173969150163 504.78430119773384 960.2734028102586 387.27706406643665 601.2765401773422 534.0760589847832 630.2785796122689 742.6414695488284 1117.6669874466897 829.5964309799656 895.5017629308841 541.8037565798422 851.0408901505934 812.2362999385623 862.0447962507646 742.5533794307999 489.2489902058028 616.8768689841154 792.3226772905223 397.4025866452803 731.937733783589 763.5141379784955 364.86780115548845 
485.8832589684339 804.1825740884537 715.173969150163 504.78430119773384 960.2734028102586 387.27706406643665 601.2765401773422 534.0760589847832 630.2785796122689 742.6414695488284 1117.6669874466897 829.5964309799656 895.5016643122526 541.8037565798422 851.0408901505934 812.2362999385623 862.0447962507646 742.5533794307999 489.2489902006655 616.8768689841154 792.3226772905223 397.4025866452803 731.937733783589 763.5141379784955 364.8678011552638 
485.8832589684339 804.1825740884537 715.173969150163 504.78430119773384 960.2734028102586 387.27706406643665 601.2765401773422 534.0760589847832 630.2785796122689 742.6414695488284 1117.6669874466897 829.5964309799656 895.5016643122526 541.8037565798422 851.0408901505934 812.2362999385623 862.0447962507646 742.5533794307999 489.2489902006082 616.8768689841154 792.3226772905223 397.4025866452803 731.937733783589 763.5141379784955 364.8678011551583 
485.8832589684339 804.1825740884537 715.173969150163 504.78430119773384 960.2734028102586 387.27706406643665 601.2765401773422 534.0760589847832 630.2785796122689 742.6414695488284 1117.6669874466897 829.5964309799656 895.5016643122526 541.8037565798422 851.0408901505934 812.2362999385623 862.0447962507646 742.5533794307999 489.24899020059866 616.8768689841154 792.3226772905223 397.4025866452803 731.937733783589 763.5141379784955 364.8678011551583 
485.8832589684339 804.1825740884537 715.173969150163 504.78430119773384 960.2734028102586 387.27706406643665 601.2765401773422 534.0760589847832 630.2785796122689 742.6414695488284 1117.6669874466897 829.5964309799656 895.5016643122526 541.8037565798422 851.0408901505934 812.2362999385623 862.0447962507646 742.5533794307999 484.69924053535306 616.8768689841154 792.3226772905223 397.4025866452803 731.937733783589 763.5141379784955 364.8678011551583 
485.8832589684339 804.1825740884537 715.173969150163 504.78430119773384 960.2734028102586 387.27706406643665 601.2765401773422 534.0760589847832 630.2785796122689 742.6414695488284 1117.6669874466897 829.5964309799656 895.5016643122526 541.8037565798422 851.0408901505934 812.2362999385623 862.0447962507646 742.5533794307999 484.68911878908693 616.8768689841154 792.3226772905223 397.4025866452803 731.937733783589 763.5141379784955 364.8678011551583 
485.8832589684339 804.1825740884537 715.173969150163 504.78430119773384 960.2734028102586 387.27706406643665 601.2765401773422 534.0760589847832 630.2785796122689 742.6414695488284 1117.6669874466897 829.5964309799656 895.5008649835636 541.8037565798422 851.0408901505934 812.2362999385623 862.0447962507646 742.5533794307999 484.68887527832794 616.8768689841154 792.3226772905223 397.4025866452803 731.937733783589 763.5141379784955 364.8678011551583 
485.8832589684339 804.1825740884537 715.173969150163 504.78430119773384 960.2734028102586 387.27706406643665 601.2765401773422 534.0760589847832 630.2785796122689 742.6414695488284 1117.6669874466897 829.5964309799656 895.5004811814342 541.8037565798422 851.0408901505934 812.2362999385623 862.0447962507646 742.5533794307999 484.68877344349175 616.8768689841154 792.3226772905223 397.4025866452803 731.937733783589 763.5141379784955 364.8678011551583 
485.8832589684339 804.1825740884537 715.173969150163 504.78430119773384 960.2734028102586 387.27706406643665 601.2765401773422 534.0760589847832 630.2785796122689 742.6414695488284 1117.6669874466897 829.5964309799656 895.5003272697604 541.8037565798422 851.0408901505934 812.2362999385623 862.0447962507646 742.5533794307999 484.6887733380545 616.8768689841154 792.3226772905223 397.4025866452803 731.937733783589 763.5141379784955 364.8678011551583 
485.8832589684339 804.1825740884537 715.173969150163 504.78430119773384 960.2734028102586 387.27706406643665 601.2765401773422 534.0760589847832 630.2785796122689 742.6414695488284 1117.6669874466897 829.5964309799656 895.5002737559244 541.8037565798422 851.0408901505934 812.2362999385623 862.0447962507646 742.5533747298059 484.6887733277508 616.8768689841154 792.3226772905223 397.4025866452803 731.937733783589 763.5141379784955 364.8678011551583 
485.8832589684339 804.1825740884537 715.173969150163 504.78430119773384 960.2734028102586 387.27706406643665 601.2765401773422 534.0760589847832 630.2785796122689 742.6414695488284 1117.6669874466897 829.5964309799656 895.5002737559244 541.8037565798422 851.0408901505934 812.2362999385623 862.0447962507646 742.5533747192039 484.6887733277508 616.8768689841154 792.3226772905223 397.4025866452803 729.4022129937371 763.5141379784955 364.8678011551583 
485.8832589684339 804.1825740884537 715.173969150163 504.78430119773384 960.2734028102586 387.27706406643665 601.2765401773422 534.0760589847832 630.2785796122689 742.6414695488284 1117.6669874466897 829.5964309799656 895.5002737559244 541.8037565798422 851.0408901505934 812.2362999385623 862.0447962507646 742.5533747192039 484.6887733276635 616.8768689841154 792.3226772905223 397.4025866452803 728.7111633759664 763.5141379784955 364.43477916218944 
485.8832589684339 804.1825740884537 715.173969150163 503.5169264725246 960.2734028102586 387.27706406643665 601.2765401773422 534.0760589847832 621.2167318159136 742.6414695488284 1117.6669874466897 829.5964309799656 895.5002737559244 541.8037565798422 851.0408901505934 812.2362999385623 862.0447962507646 742.5533747170266 484.6887733276417 616.8768689841154 792.3226772905223 397.4025866452803 728.7111633759664 763.5141379784955 364.4226513120966 
485.8832589684339 804.1825740884537 715.173969150163 503.5169264725246 960.2734028102586 387.27706406643665 601.2765401773422 534.0760589847832 619.9117195286699 742.6414695488284 1117.6669874466897 829.5964309799656 895.5002737559244 541.8037565798422 851.0408901505934 812.2362999385623 862.0447962507646 742.5533747136997 484.6887733276417 616.8768689841154 792.3226772905223 397.4025866452803 728.7108408407412 763.5141379784955 364.41777667606084 
485.8832589684339 804.1825740884537 715.173969150163 503.5169264725246 960.2734028102586 387.27706406643665 601.2765401773422 534.0760589847832 619.0871458765264 742.6414695488284 1117.6669874466897 829.5964309799656 895.5002737559244 541.8037565798422 851.0408901505934 812.2362999385623 862.0447962507646 742.5533747136997 484.68877332763805 616.8768689841154 792.3226772905223 397.4025866452803 728.7104097709648 763.5141379784955 364.41734933781754 
485.88320202552995 804.1825740884537 715.173969150163 503.5169264725246 960.2734028102586 387.27706406643665 601.2765401773422 534.0760589847832 618.9287452677427 742.6414695488284 1117.6669874466897 829.5964309799656 895.5002737559244 541.8037565798422 851.0408901505934 812.2362999385623 862.0447962507646 742.553374713686 484.6887733276358 616.8768689841154 792.3226772905223 397.4025866452803 728.7104097695596 763.5141379784955 364.4167896124054 
485.88320202552995 804.1825740884537 715.173969150163 503.5169264725246 960.2734028102586 387.27706406643665 601.2765401773422 534.0760589847832 618.9107743437812 742.6414695488284 1117.6669874466897 829.5964309799656 895.5002737559244 541.8037565798422 851.0408901505934 812.2362999385623 862.0447962507646 742.553374713686 484.6887733276353 616.8768689841154 792.3226772905223 397.4025866452803 728.7104097695019 763.5141379784955 364.4159988861011 
485.88320202552995 804.1825740884537 715.173969150163 503.5169264725246 960.2734028102586 387.27706406643665 601.2765401773422 534.0760589847832 618.9058761223478 742.6414695488284 1117.6669874466897 829.5964309799656 895.5002737559244 541.8037565798422 851.0408901505934 812.2362999385623 862.0447962507646 742.553374713686 484.6887733276344 616.8768689841154 792.3226772905223 397.4025866452803 728.7104097695019 763.5141379784955 364.415909190795 
485.88320202552995 804.1825740884537 715.173969150163 503.5169264725246 960.2734028102586 387.27706406643665 601.2765401773422 534.0760589847832 618.9033435111583 742.6414695488284 1117.6669874466897 829.5964309799656 895.5002693748829 541.8037565798422 851.0408901505934 812.2362999385623 862.0447962507646 742.5533747136819 484.6887733276344 616.8768689841154 781.1388191695951 397.4025866452803 728.7104097695019 763.5141379784955 364.41521460491003 
485.8831941884255 804.1825740884537 715.173969150163 503.5169264725246 960.2734028102586 387.27706406643665 601.2765401773422 534.0760589847832 618.9028530148162 742.6414695488284 1117.6669874466897 829.5964309799656 895.5002693748829 541.8037565798422 851.0408901505934 812.2362999385623 862.0447962507646 742.5533747136819 484.6887733276344 616.8768689841154 780.9099542140884 397.4025866452803 728.7104097695019 763.5141379784955 364.4151849353989 
485.8831941884255 804.1825740884537 715.173969150163 503.5169264725246 960.2734028102586 387.27706406643665 601.2765401773422 534.0760589847832 618.9028530148162 742.6414695488284 1117.6669874466897 829.5964309799656 895.5002693748829 541.8037565798422 851.0408901505934 812.2362999385623 862.0447962507646 742.5533747136819 484.6887733276344 616.8768689841154 779.983253115764 397.4025866452803 728.7104097695019 763.5141379784955 364.4151849353989 
485.8831941884255 804.1825740884537 715.173969150163 503.5169264725246 960.2734028102586 387.27706406643665 601.2765401773422 534.0760589847832 618.9028216549882 742.6414695488284 1117.6669874466897 829.5964309799656 895.5002693748829 541.8037565798422 851.0408901505934 812.2362999385623 862.0447962507646 742.5533747136819 484.6887733276344 616.8768689841154 779.983253115764 397.4025866452803 728.7104097695014 763.5141379784955 364.4151836748797 
485.883194188425 804.1825740884537 715.173969150163 503.5169264725246 960.2734028102586 387.27706406643665 601.2765401773422 534.0760589847832 618.9028216549882 742.6414695488284 1117.6669874466897 829.5964309799656 895.5002693748829 541.8037565798422 851.0408901505934 812.2362999385623 862.0447962507646 742.5533747136819 484.6887733276344 616.8768689841154 779.9658466098899 397.4025866452803 728.7104097695014 763.5141379784955 364.4151831312847 
485.883194188425 804.1825740884537 715.173969150163 503.5169264725246 960.2734028102586 387.27706406643665 601.2765401773422 534.0760589847832 618.9028186930118 742.6414695488284 1117.6669874466897 829.5964309799656 895.5002693748829 541.8037565798422 851.0408901505934 812.2362999385623 862.0447962507646 742.5533747136819 484.6887733276344 616.8768689841154 779.9647340231795 397.4025866452803 728.7104097695014 763.5141379784955 364.4151830082719 
485.883194188425 804.1825740884537 715.173969150163 503.5169264725246 960.2734028102586 387.27706406643665 601.2765401773422 534.0760589847832 618.902799127537 742.6414695488284 1117.6669874466897 829.5964309799656 895.5002693748829 541.8037565798422 851.0408901505934 812.2362999385623 862.0447962507646 742.5533747136819 484.6887733276344 616.8768689841154 779.9647340231795 397.4025866452803 728.7104097695014 763.5141379784955 364.4151830071942 
485.88319418842366 804.1825740884537 715.173969150163 503.5169264725246 960.2734028102586 387.27706406643665 601.2765401773422 534.0760589847832 618.902799127537 742.6414695488284 1117.6669874466897 829.5964309799656 895.5002693748829 541.8037565798422 851.0408901505934 812.2362999385623 862.0447962507646 742.5533747136819 484.6887733276344 616.8768689841154 779.9644840049991 397.4025866452803 728.7104097695014 763.5141379784955 364.4151830071942 
485.8831941884223 804.1825740884537 715.173969150163 503.5169264725246 960.2734028102586 387.27706406643665 601.2765401773422 534.0760589847832 618.9027990741574 742.6414695488284 1117.6669874466897 829.5964309799656 895.5002693748829 541.8037565798422 851.0408901505934 812.2362999385623 862.0447962507646 742.5533747136819 484.6887733276344 616.8768689841154 779.964201217444 397.4025866452803 728.7104097695014 763.5141379784955 364.4151830071942 
485.8831941884223 804.1825740884537 715.173969150163 503.5169264725246 960.2734028102586 387.27706406643665 601.2765401773422 534.0760589847832 618.9027989661499 741.2082136069348 1117.6669874466897 829.5964309799656 895.5002693748829 541.8037565798422 851.0408901505934 812.2362999385623 862.0447962507646 742.5533747136819 484.6887733276344 616.8768689841154 779.964201217444 397.4025866452803 728.7104097695014 763.5141379784955 364.4151830071901 
485.88319418842184 804.1825740884537 715.173969150163 503.5169264725246 960.2734028102586 387.27706406643665 601.2765401773422 534.0760589847832 618.9027989002861 740.0286618464711 1117.6669874466897 829.5964309799656 895.5002693748829 541.8037565798422 851.0408901505934 812.2362999385623 862.0447962507646 742.5533747136819 484.6887733276344 616.8768689841154 779.9641678283456 397.4025866452803 728.7104097695014 763.5141379784955 364.4151635870189 
485.88319418842184 804.1825740884537 715.173969150163 503.5169264725246 960.2734028102586 387.27706406643665 601.2765401773422 534.0760589847832 618.902554085992 740.0109907992819 1117.6669874466897 829.5964309799656 895.5002693748825 541.8037565798422 851.0408901505934 812.2362999385623 862.0447962507646 742.5533747136819 484.6887733276344 616.8768689841154 779.9641677596142 397.4025866452803 728.7104097695014 763.5141379784955 364.4150500634778 
485.88319418842184 804.1825740884537 715.173969150163 503.5169264725246 960.2734028102586 387.27706406643665 601.2765401773422 534.0760589847832 618.9025484902222 739.9687272537994 1117.6669874466897 829.5964309799656 895.5002693748825 541.8037565798422 851.0408901505934 812.2362999385623 862.0447962507646 742.5533747136819 484.6887733276344 616.8768689841154 779.9641653165609 397.4025866452803 728.7104097695014 763.514135179194 364.4150500634778 
485.8831941884214 804.1825740884537 715.173969150163 503.5169264725246 960.2734028102586 387.27706406643665 601.2765401773422 534.0760589847832 618.9025466974099 739.9155066750682 1117.6669874466897 829.5964309799656 895.5002693748825 541.8037565798422 851.0408901505934 812.2362999385623 862.0447962507646 742.5533747136819 484.6887733276344 616.8768689841154 779.9641644214421 397.4025866452803 728.710409769501 763.514135179194 364.4150500634778 
485.8831941884214 804.1825740884537 715.173969150163 503.5169264725246 960.2734028102586 387.27706406643665 601.2765401773422 534.0760589847832 618.9025464708811 739.9155066750682 1117.6669874466897 829.5964309799656 895.5002693748825 541.8037565798422 851.0408901505934 812.2362999385623 862.0447962507646 742.5533747136819 484.6887733276344 616.8768689841154 779.9641643386549 397.4025866452803 728.710409769501 763.514135179194 364.4150500634778 
485.8831941884214 804.1825740884537 715.173969150163 503.5169264725246 960.2734028102586 387.27706406643665 601.2765401773422 534.0760589847832 618.9025464708811 739.9136541778407 1117.6669874466897 829.5964309799656 895.5002693748825 541.8037565798422 851.0408901505934 812.2362999385623 862.0447962507646 742.5533747136819 484.6887733276344 616.8768689841154 779.9641643382438 397.4025866452803 728.710409769501 763.514135179194 364.4150500634778 
485.8831941884214 804.1825740884537 715.173969150163 503.5169264725246 960.2734028102586 387.27706406643665 601.2765401773422 534.0760589847832 618.9025464415208 739.9136541778407 1117.6669874466897 829.5964309799656 895.5002693748825 541.8037565798422 851.0408901505934 812.2362999385623 862.0447962507646 742.5533747136819 484.6887733276344 616.8768689841154 779.9641643339355 397.4025866452803 728.710409769501 763.514135179194 364.4150500634778 
485.8831941884214 804.1825740884537 715.173969150163 503.5169264725246 960.2734028102586 387.27706406643665 601.2765401773422 534.0760589847832 618.9025464403103 739.9136541778407 1117.6669874466897 829.5964309799656 895.5002693748825 541.8037565798422 851.0408901505934 812.2362999385623 862.0447962507646 742.5533747136819 484.6887733276344 616.8768689841154 779.9641643339355 397.4025866452803 728.710409769501 763.5141351791917 364.4150500634778 
485.8831941884214 804.1825740884537 715.173969150163 503.5169264725246 960.2734028102586 387.27706406643665 601.2765401773422 534.0760589847832 618.9025464392321 739.906332526516 1117.6669874466897 829.5964309799656 895.5002693748825 541.8037565798422 851.0408901505934 812.2362999385623 862.0447962507646 742.5533747136819 484.6887733276344 616.8768689841154 779.964164332323 397.4025866452803 728.710409769501 763.5141351791917 364.4150500634778 
485.8831941884214 804.1825740884537 715.173969150163 503.5169264725246 960.2734028102586 387.27706406643665 601.2765401773422 534.0760589847832 618.9025464390566 739.905941656044 1117.6669874466897 829.5964309799656 895.5002693748825 541.8037565798422 851.0408901505934 812.2362999385623 862.0447962507646 742.5533747136819 484.6887733276344 616.8768689841154 779.9641643276495 397.4025866452803 728.710409769501 763.5141351791917 364.4150500634778 
485.8831941884214 804.1825740884537 715.173969150163 503.5169264725246 960.2734028102586 387.27706406643665 601.2765401773422 534.0760589847832 602.3546915917764 739.9058458207919 1117.6669874466897 829.5964309799656 895.5002693748825 541.8037565798422 851.0408901505934 812.2362999385623 862.0447962507646 742.5533747136819 484.6887733276344 616.8768689841154 779.9641643276486 397.4025866452803 728.710409769501 763.5141351791917 364.4150500634778 
485.8831941884214 804.1825740884537 715.173969150163 503.5169264725246 960.2734028102586 380.52628495151157 601.2765401773422 534.0760589847832 602.2218126359048 739.9058458207919 1117.6669874466897 829.5964309799656 895.5002693748825 541.8037565798422 851.0408901505934 812.2362999385623 862.0447962507646 742.5533747136819 484.6887733276344 616.8768689841154 779.9641643258983 397.4025866452803 728.710409769501 763.5141351791917 364.4150500634778 
485.8831941884214 804.1825740884537 715.173969150163 503.5169264725246 960.2734028102586 380.52628495151157 601.2765401773422 534.0760589847832 602.2048030694477 739.9058458207919 1117.6669874466897 829.5964309799656 895.5002693748825 541.8037565798422 851.0408901505934 812.2362999385623 862.0447962507646 742.5533747136819 484.6887733276344 616.8768689841154 779.9641643258983 397.4025866452803 728.710409769501 763.5141226092683 364.4150500634778 
485.8831941884214 804.1825740884537 715.173969150163 503.5169264725246 960.2734028102586 380.52628350682244 601.2765401773422 534.0760589847832 602.2044064257516 739.9058458207919 1117.6669874466897 829.5964309799656 895.5002693748825 541.8037565798422 851.0408901505934 812.2362999385623 862.0447962507646 742.5533747136819 484.6887733276344 616.8768689841154 779.9641643255009 397.4025866452803 728.710409769501 763.5141226092683 364.4150500634778 
485.8831941884214 804.1825740884537 715.173969150163 503.5169264725246 960.2734028102586 380.52627169712287 601.2765401773422 534.0760589847832 602.2042558295984 739.9058458207919 1117.6669874466897 829.5964309799656 895.5002693748825 541.8037565798422 851.0408901505934 812.2362999385623 862.0447962507646 742.5533747136819 484.6887733276344 616.8768689841154 779.9641643252799 397.4025866452803 728.710409769501 763.5141226092683 364.4150500634778 
485.8831941884214 804.1825740884537 715.173969150163 503.5169264725246 960.2734028102586 380.52627169712287 601.2765401773422 534.0760589847832 602.2041007200428 739.9058458207919 1117.6669874466897 829.5964309799656 895.5002693748825 541.8037565798422 851.0408901505934 812.2362999385623 862.0447962507646 742.5533747136819 484.6887733276344 616.8768689841154 779.9641643252644 397.4025866452803 728.710409769501 763.5141226092683 364.4150500634778 
485.8831941884214 804.1825740884537 715.173969150163 503.5169264725246 960.2734028102586 380.52627142127994 601.2765401773422 534.0760589847832 602.2040139128585 739.9058458207919 1117.6669874466897 829.5964309799656 895.5002693748825 541.8037565798422 851.0408901505934 812.2362999385623 862.0447962507646 742.5533747136819 484.6887733276344 616.8768689841154 779.9641643252571 397.4025866452803 728.710409769501 763.5141226092683 364.4150500634778 
485.8831941884214 804.1825740884537 715.173969150163 503.5169264725246 960.2734028102586 380.52627142127994 601.2765401773422 534.0760589847832 602.2040139128585 739.2313850023147 1117.6669874466897 829.5964309799656 895.5002693748825 541.8037565798422 851.0408901505934 812.2362999385623 862.0447962507646 742.5533747136819 484.6887733276344 616.8768689841154 779.9641643252571 397.4025866452803 728.710409769501 763.5141226092683 364.4150500634778 
485.8831941884214 804.1825740884537 715.173969150163 503.5169264725246 960.2734028102586 380.52627140078494 601.2765401773422 534.0760589847832 602.2039787802319 739.0592400543183 1117.6669874466897 829.5964309799656 895.5002693748825 541.8037565798422 851.0408901505934 812.2362999385623 862.0447962507646 742.5533747136819 484.6887733276344 616.8768689841154 779.9641643252571 397.4025866452803 728.710409769501 763.5141226092683 364.1203261924388 
485.8831941884214 804.1825740884537 715.173969150163 503.5169264725246 960.2734028102586 380.5262713687075 601.2765401773422 534.0760589847832 602.2039787802319 739.0396957196076 1117.6669874466897 829.5964309799656 895.5002693748825 541.8037565798422 851.0408901505934 812.2362999385623 862.0447962507646 742.5533747136819 484.6887733276344 616.8768689841154 779.9641643251352 397.4025866452803 728.710409769501 763.5141226092678 364.1203261924388 
485.8831941884214 804.1825740884537 715.173969150163 503.5169264725246 960.2734028102586 380.52627136788396 601.2765401773422 534.0760589847832 602.2039784196359 739.0388183839332 1117.6669874466897 829.5964309799656 895.5002693748825 541.8037565798422 851.0408901505934 812.2362999385623 862.0447962507646 742.5533747136819 484.6887733276344 616.8768689841154 779.9641643251352 397.4025866452803 728.710409769501 763.514122609266 364.1203261924388 
485.8831941884214 804.1825740884537 715.173969150163 503.5169264725246 960.2734028102586 380.52627136788396 601.2765401773422 534.0760589847832 602.2039783968239 739.037920643138 1117.6669874466897 829.5964309799656 895.5002693748825 541.8037565798422 851.0408901505934 812.2362999385623 862.0447962507646 742.5533747136819 484.6887733276344 616.8768689841154 779.9641643249652 397.4025866452803 728.710409769501 763.514122609266 364.1168865841555 
485.8831941884214 804.1825740884537 715.173969150163 503.5169264725246 960.2734028102586 380.52627136788396 601.2765401773422 534.0760589847832 602.2039783968239 739.0377372051767 1117.6669874466897 829.5964309799656 895.5002693748825 541.8037565798422 851.0408901505934 812.2362999385623 862.0447962507646 742.5533747136819 484.6887733276344 616.8768689841154 779.9641643249643 397.4025866452803 728.710409769501 763.514122609266 364.1168865841555 
485.8831941884214 804.1825740884537 715.173969150163 503.5169264725246 960.2734028102586 380.52627136787214 601.2765401773422 534.0760589847832 602.2039783968239 739.0366498034823 1117.6669874466897 829.5964309799656 895.5002693748825 541.8037565798422 851.0408901505934 811.7549457751275 862.0447962507646 742.5533747136819 484.6887733276344 616.8768689841154 779.9641643249643 397.4025866452803 728.710409769501 763.514122609266 364.1168865841555 
485.8831941884214 804.1825740884537 715.173969150163 503.5169264725246 960.2734028102586 380.52627136785713 601.2765401773422 534.0760589847832 602.2039783952996 739.0340382895752 1117.6669874466897 829.5964309799656 895.5002693748825 541.8037565798422 851.0408901505934 811.754941418103 862.0447962507646 742.5533747136819 484.6887733276344 616.8768689841154 779.9641643249638 397.4025866452803 728.710409769501 763.514122609266 364.1168865841555 
485.8831941884214 804.1825740884537 715.173969150163 503.5169264725246 960.2734028102586 380.52627136785713 601.2765401773422 534.0760589847832 602.2039783946993 739.0340382895752 1117.6669874466897 829.5964309799656 895.5002693748825 541.8037565798422 851.0408901505934 811.7549408651962 862.0447962507646 742.5533747136819 484.6887733276344 616.8768689841154 779.9641643249633 397.4025866452803 728.710409769501 763.5141226092655 364.1151355599786 
485.8831941884214 804.1825740884537 715.173969150163 503.5169264725246 960.2734028102586 380.5262713678567 601.2765401773422 534.0760589847832 602.2039783946889 739.0338409433725 1117.6669874466897 829.5964309799656 895.5002693748825 541.8037565798422 851.0408901505934 811.7549405430004 862.0447962507646 742.5533747136819 484.6887733276344 616.8768689841154 779.9641643249633 397.4025866452803 728.710409769501 763.5141226092655 364.1151355599786 
485.8831941884214 804.1825740884537 715.173969150163 503.5169264725246 960.2734028102586 380.5262713678562 601.2765401773422 534.0760589847832 602.2039783946216 739.0338409433725 1117.6669874466897 829.5964309799656 895.5002693748825 541.8037565798422 851.0408901505934 811.7549405430004 862.0447962507646 742.5533747136819 484.6887733276344 616.8768689841154 779.9641643249629 397.4025866452803 728.710409769501 763.5141226092655 364.1151355599786 
485.8831941884214 804.1825740884537 715.173969150163 503.5169264725246 960.2734028102586 380.5262713678562 601.2765401773422 534.0760589847832 602.2039783946084 739.0338409433725 1117.6669874466897 829.5964309799656 895.5002693748825 541.8037565798422 851.0408901505934 811.7549405407881 862.0447962507646 742.5533747136819 484.6887733276344 616.8768689841154 779.9641643249629 397.4025866452803 728.710409769501 763.5141226092655 364.1151153698552 
485.8831941884214 804.1825740884537 715.173969150163 503.5169264725246 960.2734028102586 380.52627136785577 601.2765401773422 534.0760589847832 602.2039783946084 739.0338409433725 1117.6669874466897 829.5964309799656 895.5002693748825 541.8037565798422 851.0408901505934 811.7549405407453 862.0447962507646 742.5533747136819 484.6887733276344 616.8768689841154 779.9641643249629 397.4025866452803 728.710409769501 763.5141226092655 364.11506839628237 
485.8831941884214 804.1825740884537 715.173969150163 503.5169264725246 960.2734028102586 380.52627136785577 601.2765401773422 534.0760589847832 602.2039783946084 739.0338409433725 1117.6669874466897 829.5964309799656 895.5002693748825 541.8037565798422 851.0408901505934 811.7549405407453 862.0447962507646 742.5533747136819 484.6887733276344 616.8768689841154 779.9641643249629 397.4025866452803 728.710409769501 763.5141226092655 364.11506739437255 
485.7290405735689 804.1825740884537 715.173969150163 503.5169264725246 960.2734028102586 380.52627136785577 601.2765401773422 534.0760589847832 602.2039783946061 739.0338409433725 1117.6669874466897 829.5964309799656 895.5002693748825 541.8037565798422 851.0408901505934 811.7549405407453 862.0447962507646 742.5533747136819 484.6887733276344 616.8768689841154 779.9641643249629 397.4025866452803 728.710409769501 763.5141226092655 364.1150671517512 
485.7290405735689 804.1825740884537 715.173969150163 503.5169264725246 960.2734028102586 380.52627136785577 601.2765401773422 534.0760589847832 602.2039783946061 739.0338409433725 1117.6669874466897 829.5964309799656 895.5002693748825 541.8037565798422 851.0408901505934 811.7549405405857 862.0447962507646 742.5533747136819 484.6887733276344 616.8768689841154 779.9641643249629 397.4025866452803 728.710409769501 763.5141220991554 363.70497368265296 
485.7290405735689 804.1825740884537 715.173969150163 503.5169264725246 960.2734028102586 380.52627136785577 601.2765401773422 534.0760589847832 602.2039783946057 739.0335935851344 1117.6669874466897 829.5964309799656 895.5002693748825 541.8037565798422 851.0408901505934 811.7549405405844 862.0447962507646 742.5533747136819 484.6887733276344 616.8768689841154 779.9641643249629 397.4025866452803 728.710409769501 763.5141220991554 363.70497368265296 
485.7290405735689 804.1825740884537 715.173969150163 503.5169264725246 960.2734028102586 380.52627136785577 601.2765401773422 534.0760589847832 602.2039783946047 739.0335786148889 1117.6669874466897 829.5964309799656 895.5002693748825 541.8037565798422 851.0408901505934 811.7549405405844 862.0447962507646 742.5533747136819 484.6887733276344 616.8768689841154 779.9641643249629 397.4025866452803 728.710409769501 763.5141220991554 363.70497368265296 
485.7290405735689 804.1825740884537 715.173969150163 503.5169264725246 960.2733903337084 380.52627136785577 601.2765401773422 534.0760589847832 602.2039783946038 739.0335746348305 1117.6669874466897 829.5964309799656 895.5002693748825 541.8037565798422 851.0408901505934 811.7549202825339 862.0447962507646 742.5533747136819 484.6887733276344 616.8768689841154 779.9641643249629 397.4025866452803 728.710409769501 763.5141220991554 363.70497368265296 
485.7290405735689 804.1825740884537 715.173969150163 503.5169264725246 960.2733903337084 380.52627136785577 601.2765401773422 534.0760589847832 602.2039783946038 739.0335746348305 1117.6669874466897 829.5964309799656 895.5002693748825 541.8037565798422 851.0408901505934 811.7549191530265 862.0447962507646 742.5533747136819 484.6887733276344 616.8768689841154 779.9641643249629 397.4025866452803 728.710409769501 763.5141220991554 363.70497368265296 
485.7290405735689 804.1825740884537 715.173969150163 503.5169264725246 960.2733903337084 380.52627136785577 601.2765401773422 534.0760589847832 602.2039783946038 739.0335746348305 1117.6669874466897 829.5964309799656 895.5002693748825 541.8037565798422 851.0408901505934 811.7549191349108 862.0447962507646 742.5533747136819 484.6887733276344 616.8768689841154 779.9641643249629 397.4025866452803 728.710409769501 763.5141220991545 363.70497368265296 
485.7290405735689 804.1825740884537 715.173969150163 503.5169264725246 960.2733903337084 380.52627136785577 601.2765401773422 534.0760589847832 602.2039783946038 739.0335742324951 1117.6669874466897 829.5964309799656 895.5002693748825 541.8037565798422 851.0408901505934 811.7549191349108 862.0447962507646 742.5533747136819 484.6887733276344 616.8768689841154 779.9641643249629 397.4025866452803 728.710409769501 763.5141220991545 363.70497368265296 
485.7290405735689 804.1825740884537 715.173969150163 503.5169264725246 960.2733903337084 380.52627136785577 601.2765401773422 534.0760589847832 602.2039783946038 739.0335742268999 1117.6669874466897 829.5964309799656 895.5002693748825 541.8037565798422 851.0408901505934 811.7549191323551 862.0447962507646 742.5533747136819 484.6887733276344 616.8768689841154 779.9641643249629 397.4025866452803 728.710409769501 763.5141220991545 363.70497368265296 
485.7290405735689 804.1825740884537 715.173969150163 503.5169264725246 960.2733903337084 380.52627136785577 601.2765401773422 534.0760589847832 602.2039783946038 739.0335742268999 1117.6669874466897 829.5964309799656 895.5002693748825 541.8037565798422 851.0408901505934 811.7549191315939 862.0447962507646 742.5533747136819 484.6887733276344 616.8768689841154 779.9641643249629 397.4025866452803 728.710409769501 763.5141220991545 363.70497368265296 
485.7290405735689 804.1825740884537 715.173969150163 503.5169264725246 960.2733903337084 380.52627136785577 601.2765401773422 534.0760589847832 602.2039783946038 739.0335742268999 1117.6669874466897 829.5964309799656 895.5002693748825 541.8037565798422 851.0408901505934 811.7549191315939 862.0447962507646 742.5533747136819 484.6887733276344 616.8768689841154 779.9641643249629 397.4025866452803 728.710409769501 763.5141220991545 363.70497368265296 
485.7290405735689 804.1825740884537 715.173969150163 503.5169264725246 960.2733903337084 380.52627136785577 601.2765401773422 534.0760589847832 602.2039783946038 739.0335742259135 1117.6669874466897 829.5964309799656 895.5002693748825 541.8037565798422 851.0408901505934 811.7549191314756 862.0447962507646 742.5533747136819 484.6887733276344 616.8768689841154 779.9641643249629 397.4025866452803 728.710409769501 763.5141220991545 363.70497368265296 
485.7290405735689 804.1825740884537 715.173969150163 503.5169264725246 960.2733903337084 380.52627136785577 601.2765401773422 534.0760589847832 602.2039783946038 739.0335742259135 1117.6669874466897 829.5964309799656 895.5002693748825 541.8037565798422 851.0408901505934 811.7549191314297 862.0447962507646 742.5533747136819 484.6887733276344 616.8768689841154 779.9641643249629 397.4025866452803 728.710409769501 763.5141220991545 363.70497368265296 
485.7290405735689 804.1825740884537 715.173969150163 503.5169264725246 960.2733903337084 380.52627136785577 601.2765401773422 534.0760589847832 602.2039783946038 739.0335742259131 1117.6669874466897 829.5964309799656 895.5002693748825 541.8037565798422 851.0408901505934 811.754919131421 862.0447962507646 742.5533747136819 484.6887733276344 616.8768689841154 779.9641643249629 397.4025866452803 728.710409769501 763.5141220991545 363.70497368265296 
485.7290405735689 804.1825740884537 715.173969150163 503.5169264725246 960.2733903337084 380.52627136785577 601.2765401773422 534.0760589847832 602.2039783946038 739.0335742259131 1117.6669874466897 829.5964309799656 895.5002693748825 541.8037565798422 851.0408901505934 811.7549191314174 862.0447962507646 742.5533747136819 484.6887733276344 616.8768689841154 779.9641643249629 397.39873647521836 728.710409769501 763.5141220991532 363.70497368265296 
485.7290405735689 804.1825740884537 715.173969150163 503.5169264725246 960.2733903337084 380.52627136785577 601.2765401773422 534.0760589847832 602.2039783946038 739.0335742259122 1117.6669874466897 829.5964309799656 895.5002693748825 541.8037565798422 851.0408901505934 811.7549191314147 862.0447962507646 742.5533747136819 484.6887733276344 616.8768689841154 779.9641643249629 397.39873647521836 728.710409769501 763.5141220991532 363.70497368265296 
485.7290405735689 804.1825740884537 715.173969150163 503.5169264725246 960.2733903337084 380.52627136785577 601.2765401773422 534.0760589847832 602.2039783946038 739.0335742259085 1117.6669874466897 829.5964309799656 895.5002693748825 541.8037565798422 851.0408901505934 811.7549191314142 862.0447962507646 742.5533747136819 484.6887733276344 616.8768689841154 771.8221521161149 397.39873647521836 728.710409769501 763.5141220991532 363.70497368265296 
485.7290405735689 804.1825740884537 715.173969150163 503.5169264725246 960.2733903337084 380.52627136785577 601.2765401773422 534.0760589847832 602.2039783946038 739.0335742259085 1117.6669874466897 829.5964309799656 895.5002693748825 541.8037565798422 851.0408901505934 811.7549191314138 862.0447962507646 742.5533747136819 484.6887733276344 616.8768689841154 769.828471739299 397.39873647521836 728.710409769501 763.5141220991532 363.70497368265296 
485.7290405735689 804.1825740884537 715.173969150163 503.5169264725246 960.2733903337084 380.52627136785577 601.2765401773422 534.0760589847832 602.2039783946038 739.0335742259085 1117.6669874466897 829.5964309799656 895.5002693748825 541.8037565798422 851.0408901505934 811.7549191314133 862.0447962507646 742.5533747136819 484.6887733276344 616.8768689841154 768.8283949149509 397.39873647521836 728.710409769501 763.5141220991532 363.70497368265296 
485.7290405735689 804.1825740884537 715.173969150163 503.5169264725246 960.2733903337084 380.52627136785577 601.2765401773422 534.0760589847832 602.2039783946038 739.0335742259085 1117.6669874466897 829.5964309799656 895.5002693748825 541.8037565798422 851.0408901505934 811.7549191314133 862.0447962507646 742.5533747136819 484.6887733276344 616.8768689841154 768.3081376734817 397.39873647521836 728.710409769501 763.5141220991532 363.70497368265296 
485.7290405735689 804.1825740884537 715.173969150163 503.5169264725246 960.2733903337084 380.52627136785577 601.2765401773422 534.0760589847832 602.2039783946038 739.0335742259085 1117.6669874466897 829.5964309799656 895.5002693748825 541.8037565798422 851.0408901505934 811.7549191314133 862.0447962507646 742.5533747136819 484.6887733276344 616.8768689841154 768.2032637764019 397.39873647521836 728.710409769501 763.5141220991532 363.70497368265296 
485.7290405735689 804.1825740884537 715.173969150163 503.5169264725246 960.2733903337084 380.52627136785577 601.2765401773422 534.0760589847832 602.2039783946038 739.0335742259085 1117.6669874466897 829.5964309799656 895.5002693748825 541.8037565798422 851.0408901505934 811.7549191314133 862.0447962507646 742.5533747136819 484.6887733276344 616.8768689841154 768.1896266415574 397.39873647521836 728.710409769501 763.5141220991532 363.70497368265296 
485.7290405735689 804.1825740884537 715.173969150163 503.5169264725246 960.2733903337084 380.52627136785577 601.2765401773422 534.0760589847832 602.2039783946038 739.0335742259085 1117.6669874466897 829.5964309799656 895.5002693748825 541.8037565798422 851.0408901505934 811.7549191314133 862.0447962507646 742.5533747136819 484.6887733276344 616.8768689841154 768.1894674581399 397.39873647521836 728.710409769501 763.5141220991532 363.70497368265296 
485.7290405735689 804.1825740884537 715.173969150163 503.5169264725246 960.2733903337084 380.52627136785577 601.2765401773422 534.0760589847832 602.2039783946038 739.0335742259085 1117.6669874466897 829.5964309799656 895.5002693748825 541.8037565798422 851.0408901505934 811.7549191314133 862.0447962507646 742.5533747136819 484.6887733276344 616.8768689841154 768.1823731319773 397.39873647521836 728.710409769501 763.5141220991532 363.70497368265296 
485.7290405735689 804.1825740884537 715.173969150163 503.5169264725246 960.2733903337084 380.52627136785577 601.2765401773422 534.0760589847832 602.2039783946038 739.0335742259085 1117.6669874466897 829.5964309799656 895.5002693748825 541.8037565798422 851.0408901505934 811.7549191314133 862.0447962507646 742.5533747136819 484.6887733276344 616.8768689841154 768.1822145566862 397.39873647521836 728.710409769501 763.5141220991532 363.70497368265296 
485.7290405735689 804.1825740884537 715.173969150163 503.5169264725246 960.2733903337084 380.52627136785577 601.2765401773422 534.0760589847832 602.2039783946038 739.0335742259085 1117.6669874466897 829.5964309799656 895.5002693748825 541.8037565798422 851.0408901505934 811.7549191314133 862.0447962507646 742.5533747136819 484.6887733276344 616.8768689841154 768.1820512775462 397.39873647521836 728.710409769501 763.5141220991532 363.70497368265296 
485.7290405735689 804.1825740884537 715.173969150163 503.5169264725246 960.2733903337084 380.52627136785577 601.2765401773422 534.0760589847832 602.2039783946038 739.0335742259076 1117.6669874466897 829.5964309799656 895.5002693748825 541.8037565798422 851.0408901505934 811.7549191314133 862.0447962507646 742.5533747136819 484.6887733276344 616.8768689841154 768.1781644932107 397.39873647521836 728.710409769501 763.5141220991532 363.70497368265296 
485.7290405735689 804.1825740884537 715.173969150163 503.5169264725246 960.2733903337084 380.52627136785577 601.2765401773422 534.0760589847832 602.2039783946038 739.0335742259076 1117.6669874466897 829.5964309799656 895.5002693748825 541.8037565798422 851.0408901505934 811.7549191314133 862.0447962507646 742.5533747136819 484.6887733276344 616.8768689841154 768.1771751088486 397.39873647521836 728.710409769501 763.5141220991532 363.70497368265296 
485.7290405735689 804.1825740884537 715.173969150163 503.5169264725246 960.2733903337084 380.52627136785577 601.2765401773422 534.0760589847832 602.2039783946038 739.0335742259076 1117.6669874466897 829.5964309799656 895.5002693748825 541.8037565798422 851.0408901505934 811.7549191314133 862.0447962507646 742.5533747136819 484.6887733276344 616.8768689841154 768.1771450918286 397.39873647521836 728.710409769501 763.5141220991532 363.70497368265296 
485.7290405735689 804.1825740884537 715.173969150163 503.5169264725246 960.2733903337084 380.52627136785577 601.2765401773422 534.0760589847832 602.2039783946038 739.0335742259076 1117.6669874466897 829.5964309799656 895.5002693748825 541.8037565798422 851.0408901505934 811.7549191314133 862.0447962507646 742.5533747136819 484.6887733276344 616.8768689841154 768.1771450918286 397.39873647521836 728.710409769501 763.5141220991532 363.70497368265296 
485.7290405735689 804.1825740884537 715.173969150163 503.5169264725246 960.2733903337084 380.52627136785577 601.2765401773422 534.0760589847832 602.2039783946038 739.0335742259076 1117.6669874466897 829.5964309799656 895.5002693748825 541.8037565798422 851.0408901505934 811.7549191314133 862.0447962507646 742.5533747136819 484.6887733276344 616.8768689841154 768.1770295778269 397.39873647521836 728.710409769501 763.5141220991532 363.70497368265296 
485.7290405735689 804.1825740884537 715.173969150163 503.5169264725246 960.2733903337084 380.52627136785577 601.2765401773422 534.0760589847832 602.2039783946038 739.0335742259076 1117.6669874466897 829.5964309799656 895.5002693748825 541.8037565798422 851.0408901505934 811.7549191314133 862.0447962507646 742.5533747136819 484.6887733276344 616.8768689841154 768.1769959019612 397.39873647521836 728.710409769501 763.5141220991532 363.70497368265296 
485.7290405735689 804.1825740884537 715.173969150163 503.5169264725246 960.2733903337084 380.52627136785577 601.2765401773422 534.0760589847832 602.2039783946038 739.0335742259076 1117.6669874466897 829.5964309799656 895.5002693748825 541.8037565798422 851.0408901505934 811.7549191314133 862.0447962507646 742.5533747136819 484.6887733276344 616.8768689841154 768.1769870217349 397.39873647521836 728.710409769501 763.5141220991532 363.70497368265296 
485.7290405735689 804.1825740884537 715.173969150163 503.5169264725246 960.2733903337084 380.52627136785577 601.2765401773422 534.0760589847832 602.2039783946038 739.0335742259076 1117.6669874466897 829.5964309799656 895.5002693748825 541.8037565798422 851.0408901505934 811.7549191314133 862.0447962507646 742.5533747136819 484.6887733276344 616.8768689841154 768.1769861650546 397.39873647521836 728.710409769501 763.5141220991532 363.70497368265296 
485.7290405735689 804.1825740884537 715.173969150163 503.5169264725246 960.2733903337084 380.52627136785577 601.2765401773422 534.0760589847832 602.2039783946038 739.0335742259076 1117.6669874466897 829.5964309799656 895.5002693748825 541.8037565798422 851.0408901505934 811.7549191314129 862.0447962507646 742.5533747136819 484.6887733276344 616.8768689841154 768.1769861650546 397.39873647521836 728.710409769501 763.5141220991532 363.70497368265296 
485.7290405735689 804.1825740884537 715.173969150163 503.5169264725246 960.2733903337084 380.52627136785577 601.2765401773422 534.0760589847832 602.2039783946038 739.0335742259076 1117.6669874466897 829.5964309799656 895.5002693748825 541.8037565798422 851.0408901505934 811.7549191314129 862.0447962507646 742.5533747136819 484.6887733276344 616.8768689841154 768.1769857076574 397.39873647521836 728.710409769501 763.5141220991532 363.70497368265296 
485.7290405735689 804.1825740884537 715.173969150163 503.5169264725246 960.2733903337084 380.52627136785577 601.2765401773422 534.0760589847832 602.2039783946038 739.0335742259076 1117.6669874466897 829.5964309799656 895.5002693748825 541.8037565798422 851.0408901505934 811.7549191314129 862.0447962507646 742.5533747136819 484.6887733276344 616.8768689841154 768.1769575269086 397.39873647521836 728.710409769501 763.5141220991532 363.70497368265296 
485.7290405735689 804.1825740884537 715.173969150163 503.5169264725246 960.2733903337084 380.52627136785577 601.2765401773422 534.0760589847832 602.2039783946038 739.0335677045646 1117.6669874466897 829.5964309799656 895.5002693748825 541.8037565798422 851.0408901505934 811.7549191314129 862.0447962507646 742.5533747136819 484.6887733276344 616.8768689841154 768.1769575269086 397.39873647521836 728.710409769501 763.5141220991532 363.70497368265296 
485.7290405735689 804.1825740884537 715.173969150163 503.5169264725246 960.2733903337084 380.52627136785577 601.2765401773422 534.0760589847832 602.2039783946038 739.0335677045646 1117.6669874466897 829.5964309799656 895.5002693748825 541.8037565798422 851.0408901505934 811.7549191314129 862.0447962507646 742.5533747136819 484.6887733276344 616.8768689841154 768.1769251426495 397.39873647521836 728.710409769501 763.5141220991532 363.70497368265296 
485.7290405735689 804.1825740884537 715.173969150163 503.5169264725246 960.2733903337084 380.52627136785577 601.2765401773422 534.0760589847832 602.2039783946038 739.0335677045646 1117.6669874466897 829.5964309799656 895.5002693748825 541.8037565798422 851.0408901505934 811.7549191314129 862.0447962507646 742.5533747136819 484.6887733276344 616.8768689841154 768.1769248745313 397.39873647521836 728.710409769501 763.5141220991532 363.70497368265296 
485.7290405735689 804.1825740884537 715.173969150163 503.5169264725246 960.2733903337084 380.52627136785577 601.2765401773422 534.0760589847832 602.2039783946038 739.0335677045646 1117.6669874466897 829.5964309799656 895.5002693748825 541.8037565798422 851.0408901505934 811.7549191314129 862.0447962507646 742.5533747136819 484.6887733276344 616.8768689841154 768.1769245528731 397.39873647521836 728.710409769501 763.5141220991532 363.70497368265296 
485.7290405735689 804.1825740884537 715.173969150163 503.5169264725246 960.2733903337084 380.52627136785577 601.2765401773422 534.0760589847832 602.2039783946038 739.0335677045646 1117.6669874466897 829.5964309799656 895.5002693748825 541.8037565798422 851.0408901505934 811.7549191314129 862.0447962507646 742.5533747136819 484.6887733276344 616.8768689841154 768.1769245528731 397.39873647521836 728.710409769501 763.5141220991532 363.62191628417804 
485.7290405735689 804.1825740884537 715.173969150163 503.5169264725246 960.2733903337084 380.52627136785577 601.2765401773422 534.0760589847832 602.2039783946038 739.0335677045646 1117.6669874466897 829.5964309799656 895.5002693748825 541.8037565798422 851.0408901505934 811.7549191314129 862.0447962507646 742.5533747136819 484.6887733276344 616.8768689841154 768.1769245528731 397.39873647521836 728.710409769501 763.5141220991532 363.62191628417804 
485.7290405735689 804.1825740884537 715.173969150163 503.5169264725246 960.2733903337084 380.52627136785577 601.2765401773422 534.0760589847832 602.2039783946038 739.0335677045641 1117.6669874466897 829.5964309799656 895.5002693748825 541.8037565798422 851.0408901505934 811.7549191314129 862.0447962507646 742.5533747136819 484.6887398841882 616.8768689841154 768.1769239687073 397.39873647521836 728.710409769501 763.5141220991532 363.62191628417804 
485.7290405735689 804.1825740884537 715.173969150163 503.5169264725246 960.2733903337084 380.52627136785577 601.2765401773422 534.0760589847832 602.2039783946038 739.0335677045641 1117.6669874466897 829.5964309799656 895.5002693748825 541.8037565798422 851.0408901505934 811.7549191314129 862.0447962507646 742.5533747136819 484.6887398841882 616.8768689841154 768.1769239687073 397.39873647521836 728.710409769501 763.5141220991532 363.62191628417804 
485.7290405735689 804.1825740884537 715.173969150163 503.5169264725246 960.2733903337084 380.52627136785577 601.2765401773422 534.0760589847832 602.2039783946038 739.0335677045641 1117.6669874466897 829.5964309799656 895.5002693748825 541.8037565798422 851.0408901505934 811.7549191314129 862.0447962507646 742.5533747136819 484.6887398841882 616.8768689841154 768.1769239687073 397.39873647521836 728.710409769501 763.5141220991532 363.62191628417804 
485.7290405735689 804.1825740884537 715.173969150163 503.5169264725246 960.2733903337084 380.52627136785577 601.2765401773422 534.0760589847832 602.2039783946038 739.0335677045641 1117.6669874466897 829.5964309799656 895.5002693748825 541.8037565798422 851.0408901505934 811.7549191314129 862.0447962507646 742.5533747136819 484.6887398841882 616.8768689841154 768.1769239687073 397.39873647521836 728.710409769501 763.5141220991532 363.62191628417804 
485.7290405735689 804.1825740884537 715.173969150163 503.5169264725246 960.2733903337084 380.52627136785577 601.2765401773422 534.0760589847832 602.2039783946038 739.0335677045641 1117.6669874466897 829.5964309799656 895.5002693748825 541.8037565798422 851.0408901505934 811.7549191314129 862.0447962507646 742.5533747136819 484.6887398841882 616.8768689841154 768.1769239687073 397.39873647521836 728.710409769501 763.5141220991532 363.62191628417804 
485.7290405735689 804.1825740884537 715.173969150163 503.5169264725246 960.2733903337084 380.52627136785577 601.2765401773422 534.0760589847832 602.2039783946038 739.0335677045641 1117.6669874466897 829.5964309799656 895.5002693748825 541.8037565798422 851.0408901505934 811.7549191314129 862.0447962507646 742.5533747136819 484.6887398841882 616.8768689841154 768.1769239687073 397.39873647521836 728.710409769501 763.5141220991532 363.62191628417804 
485.7290405735689 804.1825740884537 715.173969150163 503.5169264725246 960.2733903337084 380.52627136785577 601.2765401773422 534.0760589847832 602.2039783946038 739.0335677045641 1117.6669874466897 829.5964309799656 895.5002693748825 541.8037565798422 851.0408901505934 811.7549191314129 862.0447962507646 742.5533747136819 484.6887398841882 616.8768689841154 768.1769238532388 397.39873647521836 728.710409769501 763.5141220991532 363.56000151144235 
485.7290405735689 804.1825740884537 715.173969150163 503.5169264725246 960.2733903337084 380.52627136785577 601.2765401773422 534.0760589847832 602.2039783946038 739.0335677045641 1117.6669874466897 829.5964309799656 895.5002693748825 541.8037565798422 851.0408901505934 811.7549191314129 862.0447962507646 742.5533747136819 484.6887398841882 616.8768689841154 768.1769235628499 397.39873647521836 728.710409769501 763.5141220991532 363.55333259969166 
485.7290405735689 804.1825740884537 715.173969150163 503.5169264725246 960.2733903337084 380.52627136785577 601.2765401773422 534.0760589847832 602.2039783946038 739.0335677045641 1117.6669874466897 829.5964309799656 895.5002693748825 541.8037565798422 851.0408901505934 811.7549191314129 862.0447962507646 742.5533747136819 484.6887398841882 616.8768689841154 768.1769235628499 397.39873647521836 728.710409769501 763.5141220991532 363.55333259969166 
485.7290405735689 804.1825740884537 715.173969150163 503.5169264725246 960.2733903337084 380.52627136785577 601.2765401773422 534.0760589847832 602.2039783946038 739.0335677045641 1117.6669874466897 829.5964309799656 895.5002693748825 541.8037565798422 851.0408901505934 811.7549191314129 862.0447962507646 742.5533747136819 484.6887398841882 616.8768689841154 768.1769235628499 397.39873647521836 728.710409769501 763.5141220991532 363.55228940658753 
485.7290405735689 804.1825740884537 715.173969150163 503.5169264725246 960.2733903337084 380.52627136785577 601.2765401773422 534.0760589847832 602.2039783946038 739.0335677045641 1117.6669874466897 829.5964309799656 895.5002693748825 541.8037565798422 851.0408901505934 811.7549191314129 862.0447962507646 742.5533747136819 484.6887398841882 616.8768689841154 768.1769235628499 397.39873647521836 728.710409769501 763.5141220991532 363.55081638575666 
485.7290405735689 804.1825740884537 715.173969150163 503.5169264725246 960.2733903337084 380.52627136785577 601.2765401773422 534.0760589847832 602.2039783946038 739.0335677045641 1117.6669874466897 829.5964309799656 895.5002693748825 541.8037565798422 851.0408901505934 811.7549191314129 862.0447962507646 742.5533747136819 484.6887398841882 616.8768689841154 768.1769235628499 397.39873647521836 728.710409769501 763.5141220991532 363.55081638575666 
485.7290405735689 804.1825740884537 715.173969150163 503.5169264725246 960.2733903337084 380.52627136785577 601.2765401773422 534.0760589847832 602.2039783946038 739.0335677045641 1117.6669874466897 829.5964309799656 895.5002693748825 541.8037565798422 851.0408901505934 811.7549191314129 862.0447962507646 742.5533747136819 484.6887398841882 616.8768689841154 768.1769235628499 397.39873647521836 728.710409769501 763.5141220991532 363.5508119275082 
485.7290405735689 804.1825740884537 715.173969150163 503.5169264725246 960.2733903337084 380.52627136785577 601.2765401773422 534.0760589847832 602.2039783946038 739.0335677045641 1117.6669874466897 829.5964309799656 895.5002693748825 541.8037565798422 851.0408901505934 811.7549191314129 862.0447962507646 742.5533747136819 484.6887398841882 616.8768689841154 768.1769234855492 397.39873647521836 728.710409769501 763.5141220991532 363.55080746048543 
485.7290405735689 804.1825740884537 715.173969150163 503.5169264725246 960.2733903337084 380.52627136785577 601.2765401773422 534.0760589847832 602.2039783946038 739.0335677045641 1117.6669874466897 829.5964309799656 895.5002693748825 541.8037565798422 851.0408901505934 811.7549191314129 862.0447962507646 742.5533747136819 484.6887398841882 616.8768689841154 768.1769234850171 397.39873647521836 728.710409769501 763.5141220991532 363.55080746048543 
485.7290405735689 804.1825740884537 715.173969150163 503.5169264725246 960.2733903337084 380.52627136785577 601.2765401773422 534.0760589847832 602.2039783946038 739.0335677045641 1117.6669874466897 829.5964309799656 895.5002693748825 541.8037565798422 851.0408901505934 811.7549191314129 862.0447962507646 742.5533747136819 484.6887398841882 616.8768689841154 768.1769234828425 397.39873647521836 728.710409769501 763.5141220991532 363.5508073031174 
485.7290405735689 804.1825740884537 715.173969150163 503.5169264725246 960.2733903337084 380.52627136785577 601.2765401773422 534.0760589847832 602.2039783946038 739.0335677045641 1117.6669874466897 829.5964309799656 895.5002693748825 541.8037565798422 851.0408901505934 811.7549191314129 862.0447962507646 742.5533747136819 484.6887398841882 616.8768689841154 768.176923482767 397.39873647521836 728.710409769501 763.5141220991532 363.5508072078137 
485.7290405735689 804.1825740884537 715.173969150163 496.66382729043926 960.2733903337084 380.52627136785577 601.2765401773422 534.0760589847832 602.2039783946038 739.0335677045641 1117.6669874466897 829.5964309799656 895.5002693748825 541.8037565798422 851.0408901505934 811.7549191314129 862.0447962507646 742.5533747136819 484.6887398841882 616.8768689841154 768.1769234827543 397.39873647521836 728.710409769501 763.5141220991532 363.55080720394517 
485.7290405735689 804.1825740884537 715.173969150163 496.65780505121757 960.2733903337084 380.52627136785577 601.2765401773422 534.0760589847832 602.2039783946038 739.0335677045641 1117.6669874466897 829.5964309799656 895.5002693748825 541.8037565798422 851.0408901505934 811.7549191314129 862.0447962507646 742.5533747136819 484.6887398841882 616.8768689841154 768.1769234827539 397.39873647521836 728.710409769501 763.514112747243 363.55080720343176 
485.7290405735689 804.1825740884537 715.173969150163 496.6469138203511 960.2733903337084 380.52627136785577 601.2765401773422 534.0760589847832 602.2039783946038 739.0335677045641 1117.6669874466897 829.5964309799656 895.5002693748825 541.8037565798422 851.0408901505934 811.7549191314129 862.0447962507646 742.5533747136819 484.6887398841882 616.8768689841154 768.1769234827539 397.39873647521836 728.710409769501 763.514112747243 363.55080720343176 
485.7290405735689 804.1825740884537 715.173969150163 496.64442726423385 960.2733903337084 380.52627136785577 601.2765401773422 534.0760589847832 602.2039783946038 739.0335677045641 1117.6669874466897 829.5964309799656 895.5002693748825 541.8037565798422 851.0408901505934 811.7549191314129 862.0447962507646 742.5533747136819 484.6887398841882 616.8768689841154 768.1769234827534 397.39873647521836 728.710409769501 763.514112747243 363.55080720155365 
485.7290405735689 804.1825740884537 715.173969150163 491.0358760235831 960.2733903337084 380.52627136785577 601.2765401773422 534.0760589847832 602.2039783946038 739.0335677045641 1117.6669874466897 829.5964309799656 895.5002693748825 541.8037565798422 851.0408901505934 811.7549191314129 862.0447962507646 742.5533747136819 484.6887398841882 616.8768689841154 768.1769234827525 397.39873647521836 728.710409769501 763.514112747243 363.5508072015414 
485.7290405735689 804.1825740884537 715.173969150163 488.97427569506044 960.2733903337084 380.52627136785577 601.2765401773422 534.0760589847832 602.2039783946038 739.0335677045641 1117.6669874466897 829.5964309799656 895.5002693748825 541.8037565798422 851.0408901505934 811.7549191314129 862.0447962507646 742.5533747136819 484.6887398841882 616.8768689841154 768.1769234827516 397.39873647521836 728.710409769501 763.514112747243 363.5508072014404 
485.7290405735689 804.1825740884537 715.173969150163 484.04860455752123 960.2733903337084 380.52627136785577 601.2765401773422 534.0760589847832 602.2039783946038 739.0335677045641 1117.6669874466897 829.5964309799656 895.5002693748825 541.8037565798422 851.0408901505934 811.7549191314129 862.0447962507646 742.5533747136819 484.6887398841882 616.8768689841154 768.1769234827516 397.39873647521836 728.710409769501 763.514112747243 363.5508072014404 
485.7290405735689 804.1825740884537 715.173969150163 483.85308943080327 960.2733903337084 380.52627136785577 601.2765401773422 534.0760589847832 602.2039783946038 739.0335677045641 1117.6669874466897 829.5964309799656 895.5002693748825 541.8037565798422 851.0408901505934 811.7549191314129 862.0447962507646 742.5533747136819 484.6887398841882 616.8768689841154 768.1769234827516 397.39873647521836 728.710409769501 763.514112747243 363.5508072014404 
485.7290405735689 804.1825740884537 715.173969150163 483.7446229854977 960.2733903337084 380.52627136785577 601.2765401773422 534.0760589847832 602.2039783946038 739.0335677045641 1117.6669874466897 829.5964309799656 895.5002693748825 541.8037565798422 851.0408901505934 811.7549191314129 862.0447962507646 742.5533747136819 484.6887398841882 616.8768689841154 768.1769234827516 397.39873647521836 728.710409769501 763.514112747243 363.5508072014377 
485.7290405735689 804.1825740884537 715.173969150163 483.6912792303433 960.2733903337084 380.52627136785577 601.2765401773422 534.0760589847832 602.2039783946038 739.0335677045641 1117.6669874466897 829.5964309799656 895.5002693748825 541.8037565798422 851.0408901505934 811.7549191314129 862.0447962507646 742.5533747136819 484.6887398841882 616.8768689841154 768.1769234827516 397.39873647521836 728.710409769501 763.514112747243 363.55080720143496 
485.7290405735689 804.1825740884537 715.173969150163 483.6887510560787 960.2733903337084 380.52627136785577 601.2765401773422 534.0760589847832 602.2039783946038 739.0335677045641 1117.6669874466897 829.5964309799656 895.5002693748825 541.8037565798422 851.0408901505934 811.7549191314129 862.0447962507646 742.5533747136819 484.6887398841882 616.8768689841154 768.1769234827516 397.39873647521836 728.710409769501 763.514112747243 363.5508072014345 
485.7290405735689 804.1825740884537 715.173969150163 483.6869105368587 960.2733903337084 380.52627136785577 601.2765401773422 534.0760589847832 602.2039783946038 739.0335677045641 1117.6669874466897 829.5964309799656 895.5002693748825 541.8037565798422 851.0408901505934 811.7549191314129 862.0447962507646 742.5533747136819 484.6887398841882 616.8768689841154 768.1769234827516 397.39873647521836 728.710409769501 763.514112747243 363.55080720143405 
485.7290405735689 804.1825740884537 715.173969150163 483.6869105368587 960.2733903337084 380.52627136785577 601.2765401773422 534.0760589847832 602.2039783946038 739.0335677045641 1117.6669874466897 829.5964309799656 895.5002693748825 541.8037565798422 851.0408901505934 811.7549191314129 862.0447962507646 742.5533747136819 484.6887398841882 616.8768689841154 768.1769234827516 397.39873647521836 728.710409769501 763.514112747243 363.55080720143405 
485.7290405735689 804.1825740884537 715.173969150163 483.68673166400504 960.2733903337084 380.52627136785577 601.2765401773422 534.0760589847832 602.2039783946038 739.0335677045641 1117.6669874466897 829.5964309799656 895.5002693748825 541.8037565798422 851.0408901505934 811.7549191314129 862.0447962507646 742.5533747136819 484.6887398841882 616.8768689841154 768.1769234827516 397.39873647521836 728.710409769501 763.514112747243 363.55080720143405 
485.7290405735689 804.1825740884537 715.173969150163 483.68673166400504 960.2733903337084 380.52627136785577 601.2765401773422 534.0760589847832 602.2039783946038 739.0335677045641 1117.6669874466897 829.5964309799656 895.5002693748825 541.8037565798422 851.0408901505934 811.7549191314129 862.0447962507646 742.5533747136819 484.68871078893244 616.8768689841154 768.1769234827516 397.39873647521836 728.710409769501 763.514112747243 363.55080720143405 
485.7290405735689 804.1825740884537 715.173969150163 483.6867011150139 960.2733903337084 380.52627136785577 601.2765401773422 534.0760589847832 602.2039783946038 739.0335677045641 1117.6669874466897 829.5964309799656 895.5002693748825 541.8037565798422 851.0408901505934 811.7549191314129 862.0447962507646 742.5533747136819 484.68871078893244 616.8768689841154 768.1769234827516 397.39873647521836 728.710409769501 763.514112747243 363.55080720143405 
485.7290405735689 804.1825740884537 715.173969150163 483.68670051165736 960.2733903337084 380.52627136785577 601.2765401773422 534.0760589847832 602.2039783946038 739.0335677045641 1117.6669874466897 829.5964309799656 895.5002693748825 541.8037565798422 851.0408901505934 811.7549191314129 862.0447962507646 742.5533747136819 484.68871078893244 616.8768689841154 768.1769234827516 397.39873647521836 728.710409769501 763.514112747243 363.55080720143405 
485.7290405735689 804.1825740884537 715.173969150163 483.68659097045565 960.2733903337084 380.52627136785577 601.2765401773422 534.0760589847832 602.2039783946038 739.0335677045641 1117.6669874466897 829.5964309799656 895.5002693748825 541.8037565798422 851.0408901505934 811.7549191314129 862.0447962507646 742.5533747136819 484.68871078893244 616.8768689841154 768.1769234827516 397.39873647521836 728.710409769501 763.514112747243 363.55080720143405 
485.7290405735689 804.1825740884537 715.173969150163 483.68653173853863 960.2733903337084 380.52627136785577 601.2765401773422 534.0760589847832 602.2039783946038 739.0335677045641 1117.6669874466897 829.5964309799656 895.5002693748825 541.8037565798422 851.0408901505934 811.7549191314129 862.0447962507646 742.5533747136819 484.68871078893244 616.8768689841154 768.1769234827516 397.39873647521836 728.710409769501 763.514112747243 363.55080720143405 
485.7290405735689 804.1825740884537 715.173969150163 483.68653173853863 960.2733903337084 380.52627136785577 601.2765401773422 534.0760589847832 602.2039783946038 739.0335677045641 1117.6669874466897 829.5964309799656 895.5002693748825 541.8037565798422 851.0408901505934 811.7549191314129 862.0447962507646 742.5533747136819 484.68871078893244 616.8768689841154 768.1769234827516 397.39873647521836 728.710409769501 763.514112747243 363.55080720143405 
485.7290405735689 804.1825740884537 715.173969150163 483.6865298358621 960.2733903337084 380.52627136785577 601.2765401773422 534.0760589847832 602.2039783946038 739.0335677045641 1117.6669874466897 829.5964309799656 895.5002693748825 541.8037565798422 851.0408901505934 811.7549191314129 862.0447962507646 742.5533747136819 484.68871078893244 616.8768689841154 768.1769234827516 397.39873647521836 728.710409769501 763.514112747243 363.5313901100599 
485.7290405735689 804.1825740884537 715.173969150163 483.68652929097243 960.2733903337084 380.52627136785577 601.2765401773422 534.0760589847832 602.2039783946038 739.0335677045641 1117.6669874466897 829.5964309799656 895.5002693748825 541.8037565798422 851.0408901505934 811.7549191314129 862.0447962507646 742.5533747136819 484.68871078893244 616.8768689841154 768.1769234827516 397.39873647521836 728.710409769501 763.514112747243 363.5313901100599 
485.7290405735689 804.1825740884537 715.173969150163 483.686528662663 960.2733903337084 380.52627136785577 601.2765401773422 534.0760589847832 602.2039783946038 739.0335677045641 1117.6669874466897 829.5964309799656 895.5002693748825 541.8037565798422 851.0408901505934 811.7549191314129 862.0447962507646 742.5533747136819 484.68871078893244 616.8768689841154 768.1769234827516 397.39873647521836 728.710409769501 763.5141127472425 363.5313901100599 
485.7290405735689 804.1825740884537 715.173969150163 483.6865286587681 960.2733903337084 380.52627136785577 601.2765401773422 534.0760589847832 602.2039783946038 739.0335677045641 1117.6669874466897 829.5964309799656 895.5002693748825 541.8037565798422 851.0408901505934 811.7549191314129 862.0447962507646 742.5533747136819 484.68871078893244 616.8768689841154 768.1769234827516 397.39873647521836 728.710409769501 763.5141127472425 363.5313901100599 
485.7290405735689 804.1825740884537 715.173969150163 483.68652864779324 960.2733903337084 380.52627136785577 601.2765401773422 534.0760589847832 602.2039783946038 739.0335677045641 1117.6669874466897 829.5964309799656 895.5002693748825 541.8037565798422 851.0408901505934 811.7549191314129 862.0447962507646 742.5533747136819 484.68871078893153 616.8768689841154 766.9947801795147 397.39873647521836 728.710409769501 763.5141127472425 363.5313901100599 
485.7290405735689 804.1825740884537 715.173969150163 483.6865286468342 960.2733903337084 380.52627136785577 601.2765401773422 534.0760589847832 602.2039783946038 739.0335677045641 1117.6669874466897 829.5964309799656 895.5002693748825 541.8037565798422 851.0408901505934 811.7549191314129 862.0447962507646 742.5533747136819 484.68871078893153 616.8768689841154 766.3752968216104 397.39873647521836 728.710409769501 763.5141127472425 363.5313901100599 
485.7290405735689 804.1825740884537 715.173969150163 483.6865286467705 960.2733903337084 380.52627136785577 601.2765401773422 534.0760589847832 602.2039783946038 739.0335677045641 1117.6669874466897 829.5964309799656 895.5002693748825 541.8037565798422 851.0408901505934 811.7549191314129 862.0447962507646 742.5533747136819 484.68871078893153 616.8768689841154 766.3446515321398 397.39873647521836 728.710409769501 763.5141127472425 363.5313901100599 
485.7290405735689 804.1825740884537 715.173969150163 483.6865286467705 960.2733903337084 380.52627136785577 601.2765401773422 534.0760589847832 602.2039783946038 739.0335677045641 1117.6669874466897 829.5964309799656 895.5002693748825 541.8037565798422 851.0408901505934 811.7549191314129 862.0447962507646 742.5533747136819 484.68871078893153 616.8768689841154 766.3446515321398 397.39873647521836 728.710409769501 763.5141127472425 363.5313901100599 
485.7290405735689 804.1825740884537 715.173969150163 483.6865286467528 960.2733903337084 380.52627136785577 601.2765401773422 534.0760589847832 602.2039783946038 739.0335677045641 1117.6669874466897 829.5964309799656 895.5002693748825 541.8037565798422 851.0408901505934 811.7549191314129 862.0447962507646 742.5533747136819 484.68871078893153 616.8768689841154 766.3446515321398 397.39873647521836 728.710409769501 763.5141127472425 363.5313901100599 
485.7290405735689 804.1825740884537 715.173969150163 483.6865286467528 960.2733903337084 380.52627136785577 601.2765401773422 534.0760589847832 602.2039783946038 739.0335677045641 1117.6669874466897 829.5964309799656 895.5002693748825 541.8037565798422 851.0408901505934 811.7549191314129 862.0447962507646 742.5533747136819 484.68871078893153 616.8768689841154 766.3446263225715 397.39873647521836 728.710409769501 763.5141127472425 363.5313901100599 
485.7290405735689 804.1825740884537 715.173969150163 483.6865286467514 960.2733903337084 380.52627136785577 601.2765401773422 534.0760589847832 602.2039783946038 739.0335677045641 1117.6669874466897 829.5964309799656 895.5002693748825 541.8037565798422 851.0408901505934 811.7549191314129 862.0447962507646 742.5533747136819 484.68871078893153 616.8768689841154 766.3446263225715 397.39873647521836 728.710409769501 763.5141127472425 363.5313901100599 
485.7290405735689 804.1825740884537 715.173969150163 483.68652864675005 960.2733903337084 380.52627136785577 601.2765401773422 534.0760589847832 602.2039783946038 739.0335677045641 1117.6669874466897 829.5964309799656 895.5002693748825 541.8037565798422 851.0408901505934 811.7549191314129 862.0447962507646 742.5533747136819 484.68871078893153 616.8768689841154 766.3446263225715 397.39873647521836 728.710409769501 763.5141127472425 363.5313901100599 
485.7290405735689 804.1825740884537 715.173969150163 483.68652864675005 960.2733903337084 380.52627136785577 601.2765401773422 534.0760589847832 602.2039783946038 739.0335677045641 1117.6669874466897 829.5964309799656 895.5002693748825 541.8037565798422 851.0408901505934 811.7549191314129 862.0447962507646 742.5533747136819 484.68871078893153 616.8768689841154 762.2231112188201 397.39873647521836 728.710409769501 763.5141127472425 363.5313901100599 
485.7290405735689 804.1825740884537 715.173969150163 483.68652864675005 960.2733903337084 380.52627136785577 601.2765401773422 534.0760589847832 602.2039783946038 739.0335677045641 1117.6669874466897 829.5964309799656 895.5002693748825 541.8037565798422 851.0408901505934 811.7549191314129 862.0447962507646 742.5533747136819 484.68871078893153 616.8768689841154 762.1236276216077 397.39873647521836 728.710409769501 763.5141127472425 363.5313901100599 
485.7290405735689 804.1825740884537 715.173969150163 483.68652864675005 960.2733903337084 380.52627136785577 601.2765401773422 534.0760589847832 602.2039783946038 739.0335677045641 1117.6669874466897 829.5964309799656 895.5002693748825 541.8037565798422 851.0408901505934 811.7549191314129 862.0447962507646 742.5533747136819 484.68871078893153 616.8768689841154 762.0981032647201 397.39873647521836 728.7104097695005 763.5141127472425 363.5313901100599 
485.7290405735689 804.1825740884537 715.173969150163 483.6865286467496 960.2733903337084 380.52627136785577 601.2765401773422 534.0760589847832 602.2039783946038 739.0335677045641 1117.6669874466897 829.5964309799656 895.5002693748825 541.8037565798422 851.0408901505934 811.7549191314129 862.0447962507646 742.5533747136819 484.68871078893153 616.8768689841154 762.0914729516371 397.39873647521836 728.7104097695005 763.5141127472425 363.5313901100599 
485.7290405735689 804.1825740884537 715.173969150163 483.6865286467496 960.2733903337084 380.52627136785577 601.2765401773422 534.0760589847832 602.2039783946038 739.0335677045641 1117.6669874466897 829.5964309799656 895.5002693748825 541.8037565798422 851.0408901505934 811.7549191314129 862.0447962507646 742.5533747136819 484.68871078893153 616.8768689841154 762.0870106460261 397.39873647521836 728.7104097695005 763.5141127472425 363.5313901100599 
485.7290405735689 804.1825740884537 715.173969150163 483.6865286467496 960.2733903337084 380.52627136785577 601.2765401773422 534.0760589847832 602.2039783946038 739.0335677045641 1117.6669874466897 829.5964309799656 895.5002693748825 541.8037565798422 851.0408901505934 811.7549191314129 862.0447962507646 742.5533747136819 484.68871078893153 616.8768689841154 762.0863907477169 397.39873647521836 728.7104097695005 763.5141127472425 363.5313901100599 
485.7290405735689 804.1825740884537 715.173969150163 483.6865286467496 960.2733903337084 380.52627136785577 601.2765401773422 534.0760589847832 602.2039783946038 739.0335677045641 1117.6669874466897 829.5964309799656 895.5002693748825 541.8037565798422 851.0408901505934 811.7549191314129 862.0447962507646 742.5533747136819 484.68871078893153 616.8768689841154 762.0863907477169 397.39873647521836 728.7104097695005 763.5141127472425 363.5313901100599 
485.7290405735689 804.1825740884537 715.173969150163 483.6865286467496 960.2733903337084 380.52627136785577 601.2765401773422 534.0760589847832 602.2039783946038 739.0335677045641 1117.6669874466897 829.5964309799656 895.5002693748825 541.8037565798422 851.0408901505934 811.7549191314129 862.0447962507646 742.5533747136819 484.68871078893153 616.8768689841154 762.0863598590317 397.3987347166958 728.7104097695005 763.5141127472425 363.5313901100599 
485.7290405735689 804.1825740884537 715.173969150163 483.6865286467496 960.2733696815139 380.52627136785577 601.2765401773422 534.0760589847832 602.2039783946038 739.0335677045641 1117.6669874466897 829.5964309799656 895.5002693748825 541.8037565798422 851.0408901505934 811.7549191314129 862.0447962507646 742.5533747136819 484.68871078893153 616.8768689841154 762.0849705231053 397.3987347166958 728.7104097695005 763.5141127472425 363.5313901100599 
485.72903866305205 804.1825740884537 715.173969150163 483.6865286467496 960.2733696815139 380.52627136785577 601.2765401773422 534.0760589847832 602.2039783946038 739.0335677045641 1117.6669874466897 829.5964309799656 895.5002693748825 541.8037565798422 851.0408901505934 811.7549191314129 862.0447962507646 742.5533747136819 484.68871078893153 616.8768689841154 762.0849694894646 397.3987347166958 728.7104097695005 763.5141127472425 363.5313901100599 
485.72903866305205 804.1825740884537 715.173969150163 483.6865286467496 960.2733696815139 380.52627136785577 601.2765401773422 534.0760589847832 602.2039783946038 739.0335677045641 1117.6669874466897 829.5964309799656 895.5002693748825 541.8037565798422 851.0408901505934 811.7549191314129 862.0447962507646 742.5533747136819 484.68871078893153 616.8768689841154 762.0849335774392 397.3987347166958 728.7104097695005 763.5141127472425 363.5313901100599 
485.72903866305205 804.1825740884537 715.173969150163 483.6865286467496 960.2733696815139 380.52627136785577 601.2765401773422 534.0760589847832 602.2039783946038 739.0335677045641 1117.6669874466897 829.5964309799656 895.5002693748825 541.8037565798422 851.0408901505934 811.7549191314129 862.0447962507646 742.5533747136819 484.68871078893153 616.8768689841154 762.0849326622019 397.3987347166958 728.7104097695005 763.5141127472425 363.5313901100599 
485.72903866305205 804.1825740884537 715.173969150163 483.6865286467496 960.2733696815139 380.52627136785577 601.2765401773422 534.0760589847832 602.2039783946038 739.0335677045641 1117.6669874466897 829.5964309799656 895.5002693748825 541.8037565798422 851.0408901505934 811.7549191314129 862.0447962507646 742.5533747136819 484.68871078893153 616.8768689841154 762.0849326622019 397.3987347166958 728.7104097695005 763.5141127472425 363.5313901100599 
485.72903866305205 804.1825740884537 715.173969150163 483.6865286467496 960.2733696815139 380.52627136785577 601.2765401773422 534.0760589847832 602.2039783946038 739.0335677045641 1117.6669874466897 829.5964309799656 895.5002693748825 541.8037565798422 851.0408901505934 811.7549191314129 862.0447962507646 742.5533747136819 484.68871078893153 616.8768689841154 762.0849326622019 397.3987347166958 728.7104097695005 763.5141127472425 363.5313901100599 
485.72903866305205 804.1825740884537 715.173969150163 483.6865286467496 960.2733696815117 380.52627136785577 601.2765401773422 534.0760589847832 602.2039783946038 739.0335677045641 1117.6669874466897 829.5964309799656 895.5002693748825 541.8037565798422 851.0408901505934 811.7549191314129 862.0447962507646 742.5533747136819 484.68871078893153 616.8768689841154 762.0849326622019 397.3987347166958 728.7104097695005 763.5141127472425 363.5313901100599 
485.72903866305205 804.1825740884537 715.173969150163 483.6865286467496 960.2733678819213 380.52627136785577 601.2765401773422 534.0760589847832 602.2039783946038 739.0335677045641 1117.6669874466897 829.5964309799656 894.9672630704299 541.8037565798422 851.0408901505934 811.7549191314129 862.0447962507646 742.5533747136819 484.68871078893153 616.8768689841154 762.0849326622019 397.3987347166958 728.7104097695005 763.5141127472425 363.5313901100599 
485.72903866305205 804.1825740884537 715.173969150163 483.6865286467496 960.2733678819213 380.52627136785577 601.2765401773422 534.0760589847832 602.2039783946038 739.0335677045641 1117.6669874466897 829.5964309799656 894.5288065764889 541.8037565798422 851.0408901505934 811.7549191314129 862.0447962507646 742.5533747136819 484.68871078893153 616.8768689841154 762.0849252169164 397.3987347166958 728.7104097695005 763.5141127472425 363.5313901100599 
485.72903866305205 804.1825740884537 715.173969150163 483.6865286467496 960.2733678819213 380.52627136785577 601.2765401773422 534.0760589847832 602.2039783946038 739.0335677045641 1117.6669874466897 829.5964309799656 894.2641694091776 541.8037565798422 851.0408901505934 811.7549191314129 862.0447962507646 742.5533747136819 484.68871078893153 616.8768689841154 760.3150967688871 397.3987347166958 728.7104097695005 763.5141127472425 363.5313901100599 
485.72903866305205 804.1825740884537 715.173969150163 483.6865286467496 960.2733678819213 380.52627136785577 601.2765401773422 534.0760589847832 602.2039783946038 739.0335677045641 1117.6669874466897 829.5964309799656 894.0802816101632 541.8037565798422 851.0408901505934 811.7549191314129 862.0447962507646 742.5533747136819 484.68871078893153 616.8768689841154 760.2436180592849 397.3987347166958 728.7104097695005 763.5141127472425 363.5313901100599 
485.7290386630507 804.1825740884537 715.173969150163 483.6865286467496 960.2733678819213 380.52627136785577 601.2765401773422 534.0760589847832 602.2039783946038 739.0335677045641 1117.6669874466897 829.5964309799656 894.071141409926 541.8037565798422 851.0408901505934 811.7549191314129 862.0447962507646 742.5533747136819 484.68871078893153 616.8768689841154 760.2371164583042 397.3987347166958 728.7104097695005 763.5141127472425 363.5313901100599 
485.7290386630507 804.1825740884537 715.173969150163 483.6865286467496 960.2733678819213 380.52627136785577 601.2765401773422 534.0760589847832 602.2039783946038 739.0335677045641 1117.6669874466897 829.5964309799656 894.0700016373876 541.8037565798422 851.0408901505934 811.7549191314129 862.0447962507646 742.5533747136819 484.68871078893153 616.8768689841154 760.2238792275339 397.3987347166958 728.7104097695005 763.5141127472425 363.5313901100599 
485.7290386630507 804.1825740884537 715.173969150163 483.6865286467496 960.2733678819213 380.52627136785577 601.2765401773422 534.0760589847832 602.2039783946038 739.0335677045641 1117.6669874466897 829.5964309799656 894.0633722577427 541.8037565798422 851.0408901505934 811.7549191314129 862.0447962507646 742.5533747136819 484.68871078893153 616.8768689841154 760.222525860644 397.3987347166958 728.7104097695005 763.5141127472425 363.5313901100599 
485.7290386630507 804.1825740884537 715.173969150163 483.6865286467496 960.2733678819213 380.52627136785577 601.2765401773422 534.0760589847832 602.2039783946038 739.0335677045641 1117.6669874466897 829.5964309799656 894.0631965059256 541.8037565798422 851.0408901505934 811.7549191314129 862.0447962507646 742.5533747136819 484.68871078893153 616.8768689841154 760.2222575817991 397.3987347166958 728.7104097695005 763.5141127472425 363.5313901100599 
485.7290386630507 804.1825740884537 715.173969150163 483.6865286467496 960.2733678819213 380.52627136785577 601.2765401773422 534.0760589847832 602.2039783946038 739.0335677045641 1117.6669874466897 829.5964309799656 894.0631965059256 541.8037565798422 851.0408901505934 811.7549191314129 862.0447962507646 742.5533747136819 484.68871078893153 616.8768689841154 760.2222282989983 397.3987347166958 728.7104097695005 763.5141127472425 363.5313901100599 
485.7290386630507 804.1825740884537 715.173969150163 483.6865286467496 960.2733678819213 380.52627136785577 601.2765401773422 534.0760589847832 602.2039783946038 739.0335677045641 1117.6669874466897 829.5964309799656 894.0631304375943 541.8037565798422 851.0408901505934 811.7549191314129 862.0447962507646 742.5533747136819 484.68871078893153 616.8768689841154 760.222017712832 397.3987347166958 728.7104097695005 763.5141127472425 363.5313901100599 
485.7290386630507 804.1825740884537 715.173969150163 483.6865286467496 960.2733678819213 380.52627136785577 601.2765401773422 534.0760589847832 602.2039783946038 739.0335677045641 1117.6669874466897 829.5964309799656 894.0631246783205 541.8037565798422 851.0408901505934 811.7549191314129 862.0447962507646 742.5533747136819 484.68871078893153 616.8768689841154 760.2219553994441 397.3987347166958 728.7104097695005 763.5141127472425 363.5313901100599 
485.65752933161093 804.1825740884537 715.173969150163 483.68652864674914 960.2733678819213 380.52627136785577 601.2765401773422 534.0760589847832 602.2039783946038 739.029731658452 1117.6669874466897 829.5964309799656 894.0631246588737 541.8037565798422 851.0408901505934 811.7549191314129 862.0447962507646 742.5533747136819 484.68871078893153 616.8768689841154 760.2218370101036 397.3987347166958 728.7104097695005 763.5141127472425 363.5313901100599 
485.65752933161093 804.1825740884537 715.173969150163 483.68652864674914 960.2733678819213 380.52627136785577 601.2765401773422 534.0760589847832 602.2039783946038 739.029731658452 1117.6669874466897 829.5964309799656 894.0631239956092 541.8037565798422 851.0408901505934 811.7549191314129 862.0447962507646 742.5533747136819 484.68871078893153 616.8768689841154 760.2218370101036 397.3987347166958 728.7104097695005 763.5141127472425 363.5313901100599 
485.65752933161093 804.1825740884537 715.173969150163 483.68652864674914 960.2733678819213 380.52627136785577 601.2765401773422 534.0760589847832 602.2039783946038 739.029731658452 1117.6669874466897 829.5964309799656 894.0631239689428 541.8037565798422 851.0408901505934 811.7549191314129 862.0447962507646 742.5533747136819 484.68871078893153 616.8768689841154 760.2218370101036 397.3987347166958 728.7104097695005 763.5141127472425 363.5313901100599 
485.65752933161093 804.1825740884537 715.173969150163 483.68652864674914 960.2733678819213 380.52627136785577 601.2765401773422 534.0760589847832 602.2039783946038 739.029731658452 1117.6669874466897 829.5964309799656 894.0631239671147 541.8037565798422 851.0408901505934 811.7549191314129 862.0447962507646 742.5533747136819 484.68871078893153 616.8768689841154 760.2217758067613 397.3987347166958 728.7104097695005 763.5141127472425 363.5313901100599 
485.65752933161093 804.1825740884537 715.173969150163 483.68652864674914 960.2733678819213 380.52627136785577 601.2765401773422 534.0760589847832 602.2039783946038 739.029731658452 1117.6669874466897 829.5964309799656 894.0631239671147 541.8037565798422 851.0408901505934 811.7549191314129 862.0447962507646 742.5533747136819 484.68871078893153 616.8768689841154 760.2217585094454 397.3987347166958 728.7104097695005 763.5141127472425 363.5313901100599 
485.65752933161093 804.1825740884537 715.173969150163 483.68652864674914 960.2733678819213 380.52627136785577 601.2765401773422 534.0760589847832 602.2039783946038 739.029731658452 1117.6669874466897 829.5964309799656 894.0631239671147 541.8037565798422 851.0408901505934 811.7549191314129 862.0447962507646 742.5533747136819 484.68871078893153 616.8768689841154 760.2217584966284 397.3987347166958 728.7104097695005 763.5141127472425 363.5313901100599 
485.65752933161093 804.1825740884537 715.173969150163 483.68652864674914 960.2733678819213 380.52627136785577 601.2765401773422 534.0760589847832 602.2039783946038 739.029731658452 1117.6669874466897 829.5964309799656 894.0631239645481 541.8037565798422 851.0408901505934 811.7549191314129 862.0447962507646 742.5533747136819 484.68871078893153 616.8768689841154 760.221758224774 397.3987347166958 728.7104097695005 763.5141127472425 363.5313901100599 
485.65752933161093 804.1825740884537 715.173969150163 483.68652864674914 960.2733678819213 380.52627136785577 601.2765401773422 534.0760589847832 602.2039783946038 739.029731658452 1117.6669874466897 829.5964309799656 894.0631239623503 541.8037565798422 851.0408901505934 811.7549191314129 862.0447962507646 742.5533747136819 484.68871078893153 616.8768689841154 760.2217578878553 397.3987347166958 728.7104097695005 763.5141127472425 363.5313901100599 
485.65752933161093 804.1825740884537 715.173969150163 483.68652864674914 960.2733678819213 380.52627136785577 601.2765401773422 534.0760589847832 602.2039783946038 739.029731658452 1117.6669874466897 829.5964309799656 894.0631239623503 541.8037565798422 851.0408901505934 811.7549191314129 862.0447962507646 742.5533747136819 484.68871078893153 616.8768689841154 760.2217578852787 397.3987347166958 728.7104097695005 763.5141127472425 363.5313901100599 
485.65752933161093 804.1825740884537 715.173969150163 483.68652864674914 960.2733678819213 380.52627136785577 601.2765401773422 534.0760589847832 602.2039783946038 739.029731658452 1117.6669874466897 829.5964309799656 891.1882498613395 541.8037565798422 851.0408901505934 811.7549191314129 862.0447962507646 742.5533747136819 484.68871078893153 616.8768689841154 760.2217578594996 397.3987347166958 728.7104097695005 763.5141127472425 363.5313901100599 
485.6062686570772 804.1825740884537 715.173969150163 483.68652864674914 960.2733678819213 380.52627136785577 601.2765401773422 534.0760589847832 602.2039783946038 739.029731658452 1117.6669874466897 829.5964309799656 890.4124867751325 541.8037565798422 851.0408901505934 811.7549191314129 862.0447962507646 742.5533747136819 484.68871078893153 616.8768689841154 760.2217578592354 397.3987347166958 728.7104097695005 763.5141127472425 363.5313901100599 
485.60620956485764 804.1825740884537 715.173969150163 483.68652864674914 960.2733678819213 380.52627136785577 601.2765401773422 534.0760589847832 602.2039783946038 739.029731658452 1117.6669874466897 829.5964309799656 889.3911973009594 541.8037565798422 851.0408901505934 811.7549191314129 862.0447962507646 742.5533747136819 484.68871078893153 616.8768689841154 760.2217578588634 397.3987347166958 728.7104097695005 763.5141127472425 363.5313901100599 
485.60620956485764 804.1825740884537 715.173969150163 483.68652864674914 960.2733678819213 380.52627136785577 601.2765401773422 534.0760589847832 602.2039783946038 739.029731658452 1117.6669874466897 829.5964309799656 888.3699082178805 541.8037565798422 851.0408901505934 811.7549191314129 862.0447962507646 742.5533747136819 484.68871078893153 616.8768689841154 760.2217578588261 397.3987347166958 728.7104097695005 763.5141127472425 363.5313901100599 
485.60620956485764 804.1825740884537 715.173969150163 483.68652864674914 960.2733678819213 380.52627136785577 601.2765401773422 534.0760589847832 602.2039783946038 739.029731658452 1117.6669874466897 829.5964309799656 888.1915606373186 541.8037565798422 851.0408901505934 811.7549191314129 862.0447962507646 742.5533747136819 484.68871078893153 616.8768689841154 760.2217578588243 397.3987347166958 728.7104097695005 763.5141127472425 363.5313901100599 
485.6062095518155 804.1825740884537 715.173969150163 483.68652864674914 960.2733678819213 380.52627136785577 601.2765401773422 534.0760589847832 602.2039783946038 739.029731658452 1117.6669874466897 829.5964309799656 886.0115081737731 541.8037565798422 851.0408901505934 811.7549191314129 862.0447962507646 742.5533747136819 484.68871078893153 616.8768689841154 760.2217578588161 397.3987347166958 728.7104097695005 763.5141127472425 363.5313901100599 
485.60620955043623 804.1825740884537 715.173969150163 483.68652864674914 960.2733678819213 380.52627136785577 601.2765401773422 534.0760589847832 602.2039783946038 739.029731658452 1117.6669874466897 829.5964309799656 885.7440210196337 541.8037565798422 851.0408901505934 811.7549191314129 862.0447962507646 742.5533747136819 484.68871078893153 616.8768689841154 760.2217578588147 397.3987347166958 728.7104097695005 763.5141127472425 363.5313901100599 
485.60620955042305 804.1825740884537 715.173969150163 483.68652864674914 960.2733678819213 380.52627136785577 601.2765401773422 534.0760589847832 602.2039783946038 739.029731658452 1117.6669874466897 829.5964309799656 885.223532843766 541.8037565798422 851.0408901505934 811.7549191314129 862.0447962507646 742.5533747136819 484.68871078893153 616.8768689841154 760.2217578588147 397.3987347166958 728.7104097695005 763.5141127472425 363.5313901100599 
485.5216828712728 804.1825740884537 715.173969150163 483.68652864674914 960.2733678819213 380.52627136785577 601.2765401773422 534.0760589847832 602.2039783946038 739.029731658452 1117.6669874466897 829.5964309799656 885.223532843766 541.8037565798422 851.0408901505934 811.7549191314129 862.0447962507646 742.5533747136819 484.68871078893153 616.8768689841154 760.2217578588147 397.3987347166958 728.7104097695005 763.5141127472425 363.5313901100599 
485.52168133332725 804.1825740884537 715.173969150163 483.68652864674914 960.2733678819213 380.52627136785577 601.2765401773422 534.0760589847832 602.2039783946038 739.029731658452 1117.6669874466897 829.5964309799656 885.223532843766 541.8037565798422 851.0408901505934 811.7549191314129 862.0447962507646 742.5533747136819 484.68871078893153 616.8768689841154 760.2217578588147 397.3987347166958 728.7104097695005 763.5141127472425 363.5313901100599 
485.5216795169058 804.1825740884537 715.173969150163 483.68652864674914 960.2733678819213 380.52627136785577 601.2765401773422 534.0760589847832 602.2039783946038 739.029731658452 1117.6669874466897 829.5964309799656 885.223532843766 541.8037565798422 851.0408901505934 811.7549191314129 862.0447962507646 742.5533747136819 484.68871078893153 616.8768689841154 760.2217578588147 397.3987347166958 728.7104097695005 763.5141127472425 363.5313901100599 
485.5216795139663 804.1825740884537 715.173969150163 483.68652864674914 960.2733678819213 380.52627136785577 601.2765401773422 534.0760589847832 602.2039783946038 739.029731658452 1117.6669874466897 829.5964309799656 885.2227454937088 541.8037565798422 851.0408901505934 811.7549191314129 862.0447962507646 742.5533747136819 484.68871078893153 616.8768689841154 760.2217578588147 397.3987347166958 728.7104097695005 763.5141127472425 363.5313901100599 
485.5216795139663 804.1825740884537 715.173969150163 483.68652864674914 960.2733678819213 380.52627136785577 601.2765401773422 534.0760589847832 602.2039783946038 739.029731658452 1117.6669874466897 829.5964309799656 885.2225179606203 541.8037565798422 851.0408901505934 811.7549191314129 862.0447962507646 742.5533747136819 484.68871078893153 616.8768689841154 760.2217578588147 397.3987347166958 728.7104097695005 763.5141127472425 363.5313901100599 
485.5216795124925 804.1825740884537 715.173969150163 483.68652864674914 960.2733678819213 380.52627136785577 601.2765401773422 534.0760589847832 602.2039783946038 739.029731658452 1117.6669874466897 829.5964309799656 885.2222201249892 541.8037565798422 851.0408901505934 811.7549191314129 862.0447962507646 742.5533747136819 484.68871078893153 616.8768689841154 760.2217578588147 397.3987347166958 728.7104097695005 763.5141127472425 363.5313901100599 
485.5216795124925 804.1825740884537 715.173969150163 483.68652864674914 960.2733678819213 380.52627136785577 601.2765401773422 534.0760589847832 602.2039783946038 739.029731658452 1117.6669874466897 829.5964309799656 885.2222143844683 541.8037565798422 851.0408901505934 811.7549191314129 862.0447962507646 742.5533747136819 484.68871078893153 616.8768689841154 760.2217578588147 397.3987347166958 728.7104097695005 763.5141127472425 363.5313901100599 
485.52167873115104 804.1825740884537 715.173969150163 483.68652864674914 960.2733678819213 380.52627136785577 601.2765401773422 534.0760589847832 602.2039783946038 739.029731658452 1117.6669874466897 829.5964309799656 885.2221959142935 541.8037565798422 851.0408901505934 811.7549191314129 862.0447962507646 742.5533747136819 484.68871078893153 616.8768689841154 760.2217578588147 397.3987347166958 728.7104097695005 763.5141127472425 363.5313901100599 
485.52167873115104 804.1825740884537 715.173969150163 483.68652864674914 960.2733678819213 380.52627136785577 601.2765401773422 534.0760589847832 602.2039783946038 739.029731658452 1117.6669874466897 829.5964309799656 885.2221956666244 541.8037565798422 851.0408901505934 811.7549191314129 862.0447962507646 742.5533747136819 484.68871078893153 616.8768689841154 760.2217578588147 397.3987347166958 728.7104097695005 763.5141127472425 363.5313901100599 
485.52167873115104 804.1825740884537 715.173969150163 483.68652864674914 960.2733678819213 380.52627136785577 601.2765401773422 534.0760589847832 602.2039783946038 739.029731658452 1117.6669874466897 829.5964309799656 885.2221797080228 541.8037565798422 851.0408901505934 811.7549191314129 862.0447962507646 742.5533747136819 484.68871078893153 616.8768689841154 760.2217578588147 397.3987347166958 728.7104097695005 763.5141127472425 363.5313901100599 
485.52167873115104 804.1825740884537 715.173969150163 483.68652864674914 960.2733678819213 380.52627136785577 601.2765401773422 534.0760589847832 602.2039783946038 739.029731658452 1117.6669874466897 829.5964309799656 885.2221696882111 541.8037565798422 851.0408901505934 811.7549191314129 862.0447962507646 742.5533747136819 484.68871078893153 616.8768689841154 760.2217578588147 397.3987347166958 728.7104097695005 763.5141127472425 363.5313901100599 
485.52167873115104 804.1825740884537 715.173969150163 483.68652864674914 960.2733678819213 380.52627136785577 601.2765401773422 534.0760589847832 602.2039783946038 739.029731658452 1117.6669874466897 829.5964309799656 885.2221430980862 541.8037565798422 851.0408901505934 811.7549191314129 862.0447962507646 742.5533747136819 484.68871078893153 616.8768689841154 760.2217578588147 397.3987347166958 728.7104097695005 763.5141127472425 363.5313901100599 
485.52167873115104 804.1825740884537 715.173969150163 483.68652864674914 960.2733678819213 380.52627136785577 601.2765401773422 534.0760589847832 602.2039783946038 739.029731658452 1117.6669874466897 829.5964309799656 885.2221430980862 541.8037565798422 851.0408901505934 811.7549191314129 862.0447962507646 742.5533747136819 484.68871078893153 616.8768689841154 760.2217578588143 397.3987347166958 728.7104097695005 763.5141127472425 363.5313901100599 
485.52167873115104 804.1825740884537 715.173969150163 483.68652864674914 960.2733678819213 380.52627136785577 601.2765401773422 534.0760589847832 602.2039783946038 739.029731658452 1117.6669874466897 829.5964309799656 879.6799424680748 541.8037565798422 851.0408901505934 811.7549191314129 862.0447962507646 742.5533747136819 484.68871078893153 616.8768689841154 760.2217578588143 397.3987347166958 728.7104097695005 763.5141127472425 363.5313901100599 
485.52167873115104 804.1825740884537 715.173969150163 483.68652864674914 960.2733678819213 380.52627136785577 601.2765401773422 534.0760589847832 602.2039783946038 739.029731658452 1117.6669874466897 829.5964309799656 870.7551516598428 541.8037565798422 851.0408901505934 811.7549191314129 862.0447962507646 742.5533747136819 484.68871078893153 616.8768689841154 760.2217578588143 397.3987347166958 728.7104097695005 763.5141127472425 363.5313901100599 
485.52167873115104 804.1825740884537 715.173969150163 483.68652864674914 960.2733678819213 380.52627136785577 601.2765401773422 534.0760589847832 602.2039783946038 739.0296926553256 1117.6669874466897 829.5964309799656 870.0206839091743 541.8037565798422 851.0408901505934 811.7549191314129 862.0447962507646 742.5533747136819 484.68871078893153 616.8768689841154 760.2217578588143 397.3987347166958 728.7104097695005 763.5141127472425 363.5313901100599 
485.52167873115104 804.1825740884537 715.173969150163 483.68652864674914 960.2733678819213 380.52627136785577 601.2765401773422 534.0760589847832 602.2039783946038 739.02969127387 1117.6669874466897 829.5964309799656 868.7328108695692 541.8037565798422 851.0408901505934 811.7549191314129 862.0447962507646 742.5533747136819 484.68871078893153 616.8768689841154 760.2217578588143 397.3987347166958 728.7104097695005 763.5141127472425 363.5313901100599 
485.52167873115104 804.1825740884537 715.173969150163 483.68652864674914 960.2733678819213 380.52627136785577 601.2765401773422 534.0760589847832 602.2039783946038 739.02969127387 1117.6669874466897 829.5964309799656 868.638888086417 541.8037565798422 851.0408901505934 811.7549191314129 862.0447962507646 742.5533747136819 484.68871078893153 616.8768689841154 760.2217578588143 397.3987347166958 728.7104097695005 763.5141127472425 363.5313901100599 
485.52167873115104 804.1825740884537 715.173969150163 483.68652864674914 960.2733678819213 380.52627136785577 601.2765401773422 534.0760589847832 602.2039783946038 739.02969127387 1117.6669874466897 829.5964309799656 868.4391332377709 541.8037565798422 851.0408901505934 811.7549191314129 862.0447962507646 742.5533747136819 484.68871078893153 616.8768689841154 760.2217578588143 397.3987347166958 728.7104097695005 763.5141127472425 363.5313901100599 
485.52167873115104 804.1825740884537 715.173969150163 483.68652864674914 960.2733678819213 380.52627136785577 601.2765401773422 534.0760589847832 602.2039783946038 739.02969127387 1117.6669874466897 829.5964309799656 868.4104285919857 541.8037565798422 851.0408901505934 811.7549191314129 862.0447962507646 742.5533747136819 484.68871078893153 616.8768689841154 760.2217578588143 397.3987347166958 728.7104097695005 763.5141127472425 363.5313901100599 
485.52167873115104 804.1825740884537 715.173969150163 483.68652864674914 960.2733678819213 380.52627136785577 601.2765401773422 534.0760589847832 602.2039783946038 739.02969127387 1117.6669874466897 829.5964309799656 868.4081314132691 541.8037565798422 851.0408901505934 811.7549191314129 862.0447962507646 742.5533747136819 484.68871078893153 616.8768689841154 760.2217578588143 397.3987347166958 728.7104097695005 763.5141127472425 363.5313901100599 
485.52167873115104 804.1825740884537 715.173969150163 483.68652864674914 960.2733678819213 380.52627136785577 601.2765401773422 534.0760589847832 602.2039783946038 739.02969127387 1117.6669874466897 829.5964309799656 868.4081314132691 541.8037565798422 851.0408901505934 811.7549191314129 862.0447962507646 742.5533747136819 484.68871078893153 616.8768689841154 760.2217578588143 397.3987347166958 728.7104097695005 763.5141127472425 363.5313901100599 
485.52167873115104 804.1825740884537 715.173969150163 483.68652864674914 960.2733678819213 380.52627136785577 601.2765401773422 534.0760589847832 602.2039783946038 739.02969127387 1117.6669874466897 829.5964309799656 868.4080609705093 541.8037565798422 851.0408901505934 811.7549191314129 862.0447962507646 742.5533747136819 484.68871078893153 616.8768689841154 760.2217578588143 397.3987347166958 728.7104097695005 763.5141127472425 363.5313901100599 
485.52167873115104 804.1825740884537 715.173969150163 483.68652864674914 960.2733678819213 380.52627136785577 601.2765401773422 534.0760589847832 602.2039783946038 739.02969127387 1117.6669874466897 829.5964309799656 868.4080609705093 541.8037565798422 851.0408901505934 811.7549191314129 862.0447962507646 742.5533747136819 484.68871078893153 616.8768689841154 760.2217578588143 397.3987347166958 728.7104097695005 763.5141127472425 363.5313901100599 
485.52167873115104 804.1825740884537 715.173969150163 483.68652864674914 960.2733678819213 380.52627136785577 601.2765401773422 534.0760589847832 602.2039783946038 739.02969127387 1117.6669874466897 829.5964309799656 868.4080609705093 541.8037565798422 851.0408901505934 811.7549191314129 862.0447962507646 742.5533747136819 484.68871078893153 616.8768689841154 760.2217578588143 397.3987347166958 728.7104097695005 763.5141127472425 363.5313901100599 
485.52167873115104 804.1825740884537 715.173969150163 483.68652864674914 960.2733678819213 380.52627136785577 601.2765401773422 534.0760589847832 602.2039783946038 739.02969127387 1117.6669874466897 829.5964309799656 868.4080609705093 541.8037565798422 851.0408901505934 811.7549191314129 862.0447962507646 742.5533747136819 484.68871078893153 616.8768689841154 760.2217561540779 397.3987347166958 728.7104097695005 763.5141127472425 363.5313901100599 
485.52167873115104 804.1825740884537 715.173969150163 483.68652864674914 960.2733678819213 380.52627136785577 601.2765401773422 534.0760589847832 602.2039783946038 739.02969127387 1117.6669874466897 829.5964309799656 868.4078637438365 541.8037565798422 851.0408901505934 811.7549191314129 862.0447962507646 742.5533747136819 484.68871078893153 616.8768689841154 760.2217561540779 397.3987347166958 728.7104097695005 763.5141127472425 363.5313901100599 
485.52167873115104 804.1825740884537 715.173969150163 483.68652864674914 960.2733678819213 380.52627136785577 601.2765401773422 534.0760589847832 602.2039783946038 739.02969127387 1117.6669874466897 829.5964309799656 861.1960931307922 541.8037565798422 851.0408901505934 811.7549191314129 862.0447962507646 742.5533747136819 484.68871078893153 616.8768689841154 760.2217561540779 397.3987347166958 728.7104097695005 763.5141127472425 363.5313901100599 
485.52167873115104 804.1825740884537 715.173969150163 483.68652864674914 960.2733678819213 380.52627136785577 601.2765401773422 534.0760589847832 602.2039783946038 739.02969127387 1117.6669874466897 829.5964309799656 860.9213328092965 541.8037565798422 851.0408901505934 811.7549191314129 862.0447962507646 742.5533747136819 484.68871078893153 616.8768689841154 760.2217561540779 397.3987347166958 728.7104097695005 763.5141127472425 363.5313901100599 
485.52167873115104 804.1825740884537 715.173969150163 483.68652864674914 960.2733678819213 380.52627136785577 601.2765401773422 534.0760589847832 602.2039783946038 739.02969127387 1117.6669874466897 829.5964309799656 860.7943311153645 541.8037565798422 851.0408901505934 811.7549191314129 862.0447962507646 742.5533747136819 484.68871078893153 616.8768689841154 760.2217561540774 397.3987347166958 728.7104097695005 763.5141127472425 363.5313901100599 
485.52167873115104 804.1825740884537 715.173969150163 483.68652864674914 960.2733678819213 380.52627136785577 601.2765401773422 534.0760589847832 602.2039783946038 739.02969127387 1117.6669874466897 829.5964309799656 860.7907502612138 541.8037565798422 851.0408901505934 811.7549191314129 862.0447962507646 742.5533747136819 484.68871078893153 616.8768689841154 760.2217561540774 397.3987347166958 728.7104097695005 763.5141127472425 363.5313901100599 
485.52167873115104 804.1825740884537 715.173969150163 483.68652864674914 960.2733678819213 380.52627136785577 601.2765401773422 534.0760589847832 602.2039783946038 739.02969127387 1117.6669874466897 829.5964309799656 860.7907502612138 541.8037565798422 851.0408901505934 811.7549191314129 862.0447962507646 742.5533747136819 484.68871078893153 616.8768689841154 760.2217561540774 397.3987347166958 728.7104097695005 763.5141127472425 363.5313901100599 
485.52167873115104 804.1825740884537 715.173969150163 483.68652864674914 960.2733678819213 380.52627136785577 601.2765401773422 534.0760589847832 602.2039783946038 739.02969127387 1117.6669874466897 829.5964309799656 860.7880811377536 541.8037565798422 851.0408901505934 811.7549191314129 862.0447962507646 742.5533747136819 484.68871078893153 616.8768689841154 760.2217561540774 397.3987347166958 728.7104097695005 763.5141127472425 363.5313901100599 
485.52167873115104 804.1825740884537 715.173969150163 483.68652864674914 960.2733678819213 380.52627136785577 601.2765401773422 534.0760589847832 602.2039783946038 739.0296912738695 1117.6669874466897 829.5964309799656 860.7872397249789 541.8037565798422 851.0408901505934 811.7549191314129 862.0447962507646 742.5533747136819 484.68871078893153 616.8768689841154 760.221756154077 397.3987347166958 728.7104097695005 763.5141127472425 363.52434199348545 
485.52167873115104 804.1825740884537 715.173969150163 483.68652864674914 960.2733678819213 380.52627136785577 601.2765401773422 534.0760589847832 602.2039783946038 739.0296912738695 1117.6669874466897 829.5964309799656 860.7872397249789 541.8037565798422 851.0408901505934 811.7549191314129 862.0447962507646 742.5533747136819 484.68871078893153 616.8768689841154 760.221756154077 397.3987347166958 728.7104097695005 763.5141127472425 363.5167564099461 
485.52167873115104 804.1825740884537 715.173969150163 483.68652864674914 960.2733678819213 380.52627136785577 601.2765401773422 534.0760589847832 602.2039783946038 739.0296912738695 1117.6669874466897 829.5964309799656 860.7871722866444 541.8037565798422 851.0408901505934 811.7549191314129 862.0447962507646 742.5533747136819 484.68871078893153 616.8768689841154 760.2217561540765 397.3987347166958 728.7104097695005 763.5141127472425 363.51646493662975 
485.52167873115104 804.1825740884537 715.173969150163 483.68652864674914 960.2733678819213 380.52627136785577 601.2765401773422 534.0760589847832 602.2039783946038 739.0296912738695 1117.6669874466897 829.5964309799656 860.7871722866444 541.8037565798422 851.0408901505934 811.7549191314129 862.0447962507646 742.5533747136819 484.68871078893153 616.8768689841154 760.2217561540765 397.3987347166958 728.7104097695005 763.5141127472425 363.51646493662975 
485.52167873115104 804.1825740884537 715.173969150163 483.68652864674914 960.2733678819213 380.52627136785577 601.2765401773422 534.0760589847832 602.2039783946038 739.0296912738695 1117.6669874466897 829.5964309799656 860.7871722014906 541.8037565798422 851.0408901505934 811.7549191314129 862.0447962507646 742.5533747136819 484.68871078893153 616.8768689841154 760.2217561540765 397.3987347166958 728.7104097695005 763.5141127472425 363.5164026715902 
485.52167873115104 804.1825740884537 715.173969150163 483.68652864674914 960.2733678819213 380.52627136785577 601.2765401773422 534.0760589847832 602.2039783946038 739.0296912738695 1117.6669874466897 829.5964309799656 860.7871722014906 541.8037565798422 851.0408901505934 811.7549191314129 862.0447962507646 742.5533747136819 484.68871078893153 616.8768689841154 760.2217561540765 397.3987347166958 728.7104097695005 763.5141127472425 363.516370729948 
485.52167873115104 804.1825740884537 715.173969150163 483.68652864674914 960.2733678819213 380.52627136785577 601.2765401773422 534.0760589847832 602.2039783946038 739.0296912738695 1117.6669874466897 829.5964309799656 860.7870704289076 541.8037565798422 851.0408901505934 811.7549191314129 862.0447962507646 742.5533747136819 484.68871078893153 616.8768689841154 760.2217561540765 397.3987347166958 728.7104097695005 763.5141127472425 363.5163530488662 
485.52167873115104 804.1825740884537 715.173969150163 483.68652864674914 960.2733678819213 380.52627136785577 601.2765401773422 534.0760589847832 602.2039783946038 739.0296912738695 1117.6669874466897 829.5964309799656 860.7870704289076 541.8037565798422 851.0408901505934 811.7549191314129 862.0447962507646 742.5533747136819 484.68871078893153 616.8768689841154 760.2217561540765 397.3987347166958 728.7104097695005 763.5141127472425 363.5163520336537 
485.52167873115104 804.1825740884537 715.173969150163 483.68652864674914 960.2733678819213 380.52627136785577 601.2765401773422 534.0760589847832 602.2039783946038 739.0296912738695 1117.6669874466897 829.5964309799656 860.7870318868336 541.8037565798422 851.0408901505934 811.7549191314129 862.0447962507646 742.5533747136819 484.68871078893153 616.8768689841154 760.2217561540765 397.3987347166958 728.7104097695005 763.5141127472425 363.516351989128 
485.52167873115104 804.1825740884537 715.173969150163 483.68652864674914 960.2733678819213 380.52627136785577 601.2765401773422 534.0760589847832 602.2039783946038 739.0296912738695 1117.6669874466897 829.5964309799656 860.78703018549 541.8037565798422 851.0408901505934 811.7549191314129 862.0447962507646 742.5533747136819 484.68870968793226 616.8768689841154 760.2217561540765 397.3773611167471 728.7104097695005 763.5141127472425 363.5163519695202 
485.52167873115104 804.1825740884537 715.173969150163 483.68652864674914 960.2733678819213 380.52627136785577 601.2765401773422 534.0760589847832 602.2039783946038 739.0296912738695 1117.6669874466897 829.5964309799656 860.7870262353267 541.8037565798422 851.0408901505934 811.7549191314129 862.0447962507646 742.5533747136819 484.68870968793226 616.8768689841154 760.2217561540765 397.3773611167471 728.7104097695005 763.5141127472425 363.5163519677908 
485.52167873115104 804.1825740884537 715.173969150163 483.68652864674914 960.2733678819213 380.52627136785577 601.2765401773422 534.0760589847832 602.2039783946038 739.0296912738695 1117.6669874466897 829.5964309799656 860.787026082061 541.8037565798422 851.0408901505934 811.7549191314129 862.0447962507646 742.5533747136819 484.68870968793226 616.8768689841154 760.2217561540765 397.3773611167471 728.7104097695005 763.5141127472425 363.5163519677908 
485.52167873115104 804.1825740884537 715.173969150163 483.68652864674914 960.2733678819213 380.52627136785577 601.2765401773422 534.0760589847832 602.2039783946038 739.0296912738695 1117.6669874466897 829.5964309799656 860.787026082061 541.8037565798422 851.0408901505934 811.7549191314129 862.0447962507646 742.5533747136819 484.68870968793226 616.8768689841154 760.2217561540765 397.3773611167471 728.7104097695005 763.5141127472425 363.5163519673183 
485.52167873115104 804.1825740884537 715.173969150163 483.68652864674914 960.2733678819213 380.52627136785577 601.2765401773422 534.0760589847832 602.2039783946038 739.0296912738695 1117.6669874466897 829.5964309799656 860.787026082061 541.8037565798422 851.0408901505934 811.7549191314129 862.0447962507646 742.5533747136819 484.68870779403505 616.8768689841154 760.2217561540765 397.3773611167471 728.7104097695005 763.5141127472425 363.51635196722873 
485.52167873115104 804.1825740884537 715.173969150163 483.68652864674914 960.2733678819213 380.52627136785577 601.2765401773422 534.0760589847832 602.2039783946038 739.0296912738695 1117.6669874466897 829.5964309799656 860.787025822744 541.8037565798422 851.0408901505934 811.7549191314129 862.0447962507646 742.5533747136819 484.68870779403505 616.8768689841154 760.2217561540765 397.3773611167471 728.7104097695005 763.5141127472425 363.51635196722873 
485.52167873115104 804.1825740884537 715.173969150163 483.68652864674914 960.2733678819213 380.52627136785577 601.2765401773422 534.0760589847832 602.2039783946038 739.0296912738695 1117.6669874466897 829.5964309799656 860.787025822744 541.8037565798422 851.0408901505934 811.7549191314129 862.0447962507646 742.5533747136819 484.68870779403505 616.8768689841154 760.2217561540765 397.3773611167471 728.7104097695005 763.5141127472425 363.51635196722737 
485.52167873115104 804.1825740884537 715.173969150163 483.68652864674914 960.2733678819213 380.1983860766004 601.2765401773422 534.0760589847832 602.2039783946038 739.0296912738695 1117.6669874466897 829.5964309799656 860.787025644041 541.8037565798422 851.0408901505934 811.7549191314129 862.0447962507646 742.5533747136819 484.68870779403505 616.8768689841154 760.2217561540765 397.3773611167471 728.7104097695005 763.5141127472425 363.51635196722737 
485.52167873115104 804.1825740884537 715.173969150163 483.68652864674914 960.2733678819213 380.1108238514844 601.2765401773422 534.0760589847832 602.2039783946038 739.0296912738695 1117.6669874466897 829.5964309799656 860.787009792648 541.8037565798422 851.0408901505934 811.7549191314129 862.0447962507646 742.5533747136819 484.68870779403505 616.8768689841154 760.2217561540765 397.3773611167471 728.7104097695005 763.5141127472425 363.51635196722737 
485.52167873115104 804.1825740884537 715.173969150163 483.68652864674914 960.2733678819213 380.1084837130984 601.2765401773422 534.0760589847832 602.2039783946038 739.0296912738695 1117.6669874466897 829.5964309799656 860.787009792648 541.8037565798422 851.0408901505934 811.7549191314129 862.0447962507646 742.5533747136819 484.68870779403505 616.8768689841154 760.2217561540765 397.3773611167471 728.7104097695005 763.5141127472425 363.51635196722737 
485.52167873115104 804.1825740884537 715.173969150163 483.68652864674914 960.2733678819213 380.1084837130984 601.2765401773422 534.0760589847832 602.2039783946038 739.0296912738695 1117.6669874466897 829.5964309799656 860.787009792648 541.8037565798422 851.0408901505934 811.7549191314129 862.0447962507646 742.5533747136819 484.68870779403505 616.8768689841154 760.2217561540765 397.3773611167471 728.7104097695005 763.5141127472425 363.51635196722737 
485.52167873115104 804.1825740884537 715.173969150163 483.68652864674914 960.2733678819213 380.10826013683754 601.2765401773422 534.0760589847832 602.2039783946038 739.0296912738695 1117.6669874466897 829.5964309799656 860.787009792648 541.8037565798422 851.0408901505934 811.7549191314129 862.0447962507646 742.5533747136819 484.68870779403505 616.8768689841154 760.2217561540765 397.3773611167471 728.7104097695005 763.5141127472425 363.51635196722464 
485.52167873115104 804.1825740884537 715.173969150163 483.68652864674914 960.2733678819213 380.10826012898633 601.2765401773422 534.0760589847832 602.2039783946038 739.0296912738695 1117.6669874466897 829.5964309799656 860.787009792648 541.8037565798422 851.0408901505934 811.7549191314129 862.0447962507646 742.5533747136819 484.68870779403505 616.8768689841154 760.2217561540765 397.3773611167471 728.7104097695005 763.5141127472425 363.51635196722464 
485.52167873115104 804.1825740884537 715.173969150163 483.68652864674914 960.2733678819213 380.1082601189146 601.2765401773422 534.0760589847832 602.2039783946038 739.0296912738695 1117.6669874466897 829.5964309799656 860.7870097926475 541.8037565798422 851.0408901505934 811.7549191314129 862.0447962507646 742.5533747136819 484.68870779403505 616.8768689841154 760.2217561540765 397.3773611167471 728.7104097695005 763.5141127472425 363.5163519672078 
485.52167873115104 804.1825740884537 715.173969150163 483.68652864674914 960.2733678819213 380.10826011887184 601.2765401773422 534.0760589847832 602.2039783946038 739.0296912738695 1117.6669874466897 829.5964309799656 860.7870097926475 541.8037565798422 851.0408901505934 811.3206607940037 862.0447962507646 742.5533747136819 484.68870779403505 616.8768689841154 760.2217561540765 397.3773611167471 728.7104097695005 763.5141127472425 363.5163519672078 
485.52167873115104 804.1825740884537 715.173969150163 483.68652864674914 960.2733678819213 380.1082601188691 601.2765401773422 534.0760589847832 602.2039783946038 739.0296912738695 1117.6669874466897 829.5964309799656 860.7870097926475 541.8037565798422 851.0408901505934 810.9434258652677 862.0447962507646 742.5533747136819 484.68870779403505 616.8768689841154 760.2217561540765 397.3773611167471 728.7104097695005 763.5141127472425 363.5163519672078 
485.52167873115104 804.1825740884537 715.173969150163 483.68652864674914 960.2733678819213 380.1082601188691 601.2765401773422 534.0760589847832 602.2039783946038 739.0296912738695 1117.6669874466897 829.5964309799656 860.7870097926475 541.8037565798422 851.0408901505934 810.9098087679927 862.0447962507646 742.5533747136819 484.68870779403505 616.8768689841154 760.2217561540765 397.3773611167471 728.7104097695005 763.5141127472425 363.51635196720736 
485.52167873115104 804.1825740884537 715.173969150163 483.68652864674914 960.2733678819213 380.1082601188691 601.2765401773422 534.0760589847832 602.2039783946038 739.0296912738695 1117.6669874466897 829.5964309799656 860.7870097926475 541.8037565798422 851.0408901505934 810.9078875593746 862.0447962507646 742.5533747136819 484.68870779403505 616.8768689841154 760.2217561540765 397.3773611167471 728.7104097695005 763.5141127472425 363.51635196720736 
485.52167873115104 804.1825740884537 715.173969150163 483.68652864674914 960.2733678819213 380.1082601188691 601.2765401773422 534.0760589847832 602.2039783946038 739.0296912738695 1117.6669874466897 829.5964309799656 859.8486837182109 541.8037565798422 851.0408901505934 810.9078428485082 862.0447962507646 742.5533747136819 484.68870779403505 616.8768689841154 760.2217561540765 397.3773611167471 728.7104097695005 763.5141127472425 363.51635196720736 
485.52167873115104 804.1825740884537 715.173969150163 483.68652864674914 960.2733678819213 380.1082601188691 601.2765401773422 534.0760589847832 602.2039783946038 739.0296912738695 1117.6669874466897 829.5964309799656 859.7530037793326 541.8037565798422 851.0408901505934 810.9069799562312 862.0447962507646 742.5533747136819 484.68870779403505 616.8768689841154 760.2217561540765 397.3773611167471 728.7104097695005 763.5141127472425 363.51635196720736 
485.52167873115104 804.1825740884537 715.173969150163 483.68652864674914 960.2733678819213 380.1082601188691 601.2765401773422 534.0760589847832 602.2039783946038 739.0296912738695 1117.6669874466897 829.5964309799656 859.7530037793326 541.8037565798422 851.0408901505934 810.9035285200807 862.0447962507646 742.5533747136819 484.68870779403505 616.8768689841154 760.2217561540765 397.3773611167471 728.7104097695005 763.5141127472425 363.51635196720736 
485.52167873115104 804.1825740884537 715.173969150163 483.68652864674914 960.2733678819213 380.1082601188691 601.2765401773422 534.0760589847832 602.2039783946038 739.0296912738695 1117.6669874466897 829.5964309799656 859.7530037793326 541.8037565798422 851.0408901505934 810.9035264100298 862.0447962507646 742.5533747136819 484.68870779403505 616.8768689841154 760.2217561540765 397.3773611167471 728.7104097695005 763.5141127472425 363.51635196720736 
485.52167873115104 804.1825740884537 715.173969150163 483.68652864674914 960.2733678819213 380.1082601188691 601.2765401773422 534.0760589847832 602.2039783946038 739.0296912738695 1117.6669874466897 829.5964309799656 859.7500421042819 541.8037565798422 851.0408901505934 810.901081450048 862.0447962507646 742.5533747136819 484.68870779403505 616.8768689841154 760.2217561540765 397.3773611167471 728.7104097695005 763.5141127472425 363.51635196720736 
485.52167873115104 804.1825740884537 715.173969150163 483.68652864674914 960.2733678819213 380.1082601188691 601.2765401773422 534.0760589847832 602.2039783946038 739.0296912738695 1117.6669874466897 829.5964309799656 859.7494896847529 541.8037565798422 851.0408901505934 810.901081450048 862.0447962507646 742.5533747136819 484.68870779403505 616.8768689841154 760.2217561540765 397.3773611167471 728.7104097695005 763.5141127472425 363.51635196720736 
485.52167873115104 804.1825740884537 715.173969150163 483.68652864674914 960.2733678819213 380.1082601188691 601.2765401773422 534.0760589847832 602.2039783946038 739.0296912738695 1117.6669874466897 829.5964309799656 859.7494896847529 541.8037565798422 851.0408901505934 810.9010407129363 862.0447962507646 742.5533747136819 484.68870779403505 616.8768689841154 760.2217561540765 397.3773611167471 728.7104097695005 763.5141127472425 363.51635196720736 
485.52167873115104 804.1825740884537 715.173969150163 483.68652864674914 960.2733678819213 380.1082601188691 601.2765401773422 534.0760589847832 602.2039783946038 739.0296912738695 1117.6669874466897 829.5964309799656 859.7472701948436 541.8037565798422 851.0408901505934 810.9010407129363 862.0447962507646 742.5533747136819 484.68870779403505 616.8768689841154 760.2217561540765 397.3773611167471 728.7104097695005 763.5141127472425 363.51635196720736 
485.52167873115104 804.1825740884537 715.173969150163 483.68652864674914 960.2733678819213 380.1082601188691 601.2765401773422 534.0760589847832 602.2039783946038 739.0296912738695 1117.6669874466897 829.5964309799656 859.737560425694 541.8037565798422 851.0408901505934 810.9010405782892 862.0447962507646 742.5533747136819 484.68870779403505 616.8768689841154 760.2217561540765 397.3773611167471 728.7104097695005 763.5141127472425 363.51635196720736 
485.52167873115104 804.1825740884537 715.173969150163 483.68652864674914 960.2733678819213 380.1082601188691 601.2765401773422 534.0760589847832 602.2039783946038 739.0296912738695 1117.6669874466897 829.5964309799656 859.737560425694 541.8037565798422 851.0408901505934 810.9010405782892 862.0447962507646 742.5533747136819 484.68870779403505 616.8768689841154 760.2217561540765 397.3773611167471 728.7104097695005 763.5141127472425 363.51635196720736 
485.52167873115104 804.1825740884537 715.173969150163 483.68652864674914 960.2733678819213 380.1082601188691 601.2765401773422 534.0760589847832 597.1262854861561 739.0296912738695 1117.6669874466897 829.5964309799656 859.737560425694 541.8037565798422 851.0408901505934 810.9010405782892 862.0447962507646 742.5533747136819 484.68870779403505 616.8768689841154 760.2217561540765 397.3773611167471 728.7104097695005 763.5141127472425 363.51635196720736 
485.52167873115104 804.1825740884537 715.173969150163 483.68652864674914 960.2733678819213 380.1082601188691 601.2765401773422 534.0760589847832 595.8188592020683 739.0296912738695 1117.6669874466897 829.5964309799656 859.737560425694 541.8037565798422 851.0408901505934 810.9010405515196 862.0447962507646 742.5533747136819 484.68870779403505 616.8768689841154 760.2217561540765 397.3773611167471 728.7104097695005 763.5141127472425 363.51635196720736 
485.52167873115104 804.1825740884537 715.173969150163 483.68652864674914 960.2733678819213 380.1082601188691 601.2765401773422 534.0760589847832 594.8878867937319 739.0296912738695 1117.6669874466897 829.5964309799656 859.737560425694 541.8037565798422 851.0408901505934 810.901040549737 862.0447962507646 742.5533747136819 484.68870779403505 616.8768689841154 760.2217561540765 397.3773611167471 728.7104097695005 763.5141127472425 363.51635196720736 
485.52167873115104 804.1825740884537 715.173969150163 483.68652864674914 960.2733678819213 380.1082601188691 601.2765401773422 534.0760589847832 594.4467123241693 739.0296912738695 1117.6669874466897 829.5964309799656 859.737560425694 541.8037565798422 851.0408901505934 810.901040549737 862.0447962507646 742.5533747136819 484.68870779403505 616.8768689841154 760.2217561540765 397.3773611167471 728.7104097695005 763.5141127472425 363.51635196720736 
485.52167873115104 804.1825740884537 715.173969150163 479.5599695537162 960.2733678819213 380.1082601188691 601.2765401773422 534.0760589847832 594.444935726066 739.0296912738695 1117.6669874466897 829.5964309799656 859.7375311102401 541.8037565798422 851.0408901505934 810.901040549737 862.0447962507646 742.5533747136819 484.68870779403505 616.8768689841154 760.2217561540765 397.3773611167471 728.7104097695005 763.5141127472425 363.51635196720736 
485.52167873115104 804.1825740884537 715.173969150163 479.21225439082855 960.2733678819213 380.1082601188691 601.2765401773422 534.0760589847832 594.4448051285385 739.0296912738695 1117.6669874466897 829.5964309799656 859.7375311102401 541.8037565798422 851.0408901505934 810.9010405496697 862.0447962507646 742.5533747136819 484.68870779403505 616.8768689841154 760.2217561540765 397.3773611167471 728.7104097695005 763.5141127472425 363.51635196720736 
485.52167873115104 804.1825740884537 715.173969150163 479.1298070754124 960.2733678819213 380.1082601188691 601.2765401773422 534.0760589847832 594.4448051285385 739.0296912738695 1117.6669874466897 829.5964309799656 859.7375311102401 541.8037565798422 851.0408901505934 810.9010405409776 862.0447962507646 742.5533747136819 484.68870779403505 616.8768689841154 760.2217561540765 397.3773611167471 728.7104097695005 763.5141127472425 363.51635196720736 
485.52167873115104 804.1825740884537 715.173969150163 479.1298070754124 960.2733678819213 380.1082601188691 601.2765401773422 534.0760589847832 594.4442202757482 739.0296912738695 1117.6669874466897 829.5964309799656 859.7374376002645 541.8037565798422 851.0408901505934 810.9010405409776 862.0447962507646 742.5533747136819 484.68870779403505 616.8768689841154 760.2217561540765 397.3773611167471 728.7104097695005 763.5141127472425 363.51635196720736 
485.52167873115104 804.1825740884537 715.173969150163 479.12719421507245 960.2733678819213 380.1082601188691 601.2765401773422 534.0760589847832 594.4440158256089 739.0296912738695 1117.6669874466897 829.5964309799656 859.7374376002645 541.8037565798422 851.0408901505934 810.9010405409776 862.0447962507646 742.5533747136819 484.68870779403505 616.8768689841154 760.2217561540765 397.3773611167471 728.7104097695005 763.5141127472425 363.51635196720736 
485.52167873115104 804.1825740884537 715.173969150163 479.12717392426975 960.2733678819213 380.1082601188691 601.2765401773422 534.0760589847832 594.443886426443 739.0296912738695 1117.6669874466897 829.5964309799656 859.7374376002645 541.8037565798422 851.0408901505934 810.9010405409408 862.0447962507646 742.5533747136819 484.68870779403505 616.8768689841154 760.2217561540765 397.3773611167471 728.7104097695005 763.5141127472425 363.51635196720736 
485.52167873115104 804.1825740884537 715.173969150163 479.12716503336696 960.2733678819213 380.1082601188691 601.2765401773422 534.0760589847832 594.443886426443 739.0296912738695 1117.6669874466897 829.5964309799656 859.7374376002645 541.8037565798422 851.0408901505934 810.9010405409408 862.0447962507646 742.5533747136819 484.68870779403505 616.8768689841154 760.2217561540765 397.3773611167471 728.7104097695005 763.5141127472425 363.51635196720736 
485.52167873115104 804.1825740884537 715.173969150163 479.12716503336696 960.2733678819213 380.1082601188691 601.2765401773422 534.0760589847832 594.4438863460937 739.0296912738695 1117.6669874466897 829.5964309799656 859.7370613879757 541.8037565798422 851.0408901505934 810.9010405409408 862.0447962507646 742.5533747136819 484.68870779403505 616.8768689841154 760.2217561540765 397.3773611167471 728.7104097695005 763.5141127472425 363.51635196720736 
485.52167873115104 804.1825740884537 715.173969150163 479.1238434743236 960.2733678819213 380.1082601188691 601.2765401773422 534.0760589847832 594.4437979114928 739.0296912738695 1117.6669874466897 829.5964309799656 859.7364661052093 541.8037565798422 851.0408901505934 810.9010405409404 862.0447962507646 742.5533747136819 484.68870779403505 616.8768689841154 760.2217561540765 397.3773611167471 728.7104097695005 763.5141127472425 363.51635196720736 
485.52167873115104 804.1825740884537 715.173969150163 479.1224333100795 960.2733678819213 380.1082601188691 601.2765401773422 534.0760589847832 594.4437975087953 739.0296912738695 1117.6669874466897 829.5964309799656 859.7364305663305 541.8037565798422 851.0408901505934 810.9010405409399 862.0447962507646 742.5533747136819 484.68870779403505 616.8768689841154 760.2217561540765 397.3773611167471 728.7104097695005 763.5141127472425 363.51635196720736 
485.52167873115104 804.1825740884537 715.173969150163 479.12191772409824 960.2733678819213 380.1082601188691 601.2765401773422 534.0760589847832 594.4437900748435 739.0296912738695 1117.6669874466897 829.5964309799656 859.7364305663305 541.8037565798422 851.0408901505934 810.9010405408817 862.0447962507646 742.5533747136819 484.68870779403505 616.8768689841154 760.2217561540765 397.3773611167471 728.7104097695005 763.5141127472425 363.51635196720736 
485.52167873115104 804.1825740884537 715.173969150163 479.1219150454622 960.2733678819213 380.1082601188691 601.2765401773422 534.0760589847832 594.4437900748435 739.0296912738695 1117.6669874466897 829.5964309799656 859.7364300877002 541.8037565798422 851.0408901505934 810.9010405408817 862.0447962507646 742.5533747136819 484.68870779403505 616.8768689841154 760.2217561540765 397.3773611167471 728.7104097695005 763.5141127472425 363.51635196720736 
485.52167873115104 804.1825740884537 715.173969150163 479.12191401587916 960.2733678819213 380.1082601188691 601.2765401773422 534.0760589847832 594.4437898177002 739.0296912738695 1117.6669874466897 829.5964309799656 859.7364269192603 541.8037565798422 851.0408901505934 810.9010405408817 862.0447962507646 742.5533747136819 484.68870779403505 616.8768689841154 760.2217561540765 397.3773611167471 728.7104097695005 763.5141127472425 363.51635196720736 
485.52167873115104 804.1825740884537 715.173969150163 479.12189458946796 960.2733678819213 380.1082601188691 601.2765401773422 534.0760589847832 594.4437898073297 739.0296912738695 1117.6669874466897 829.5964309799656 859.736426829847 541.8037565798422 851.0408901505934 810.9010405408771 862.0447962507646 742.5533747136819 484.68870779403505 616.8768689841154 760.2217561540765 397.3773611167471 728.7104097695005 763.5141127472425 363.51635196720736 
485.52167873115104 804.1825740884537 715.173969150163 479.12189058969307 960.2733678819213 380.1082601188691 601.2765401773422 534.0760589847832 594.4437898043225 739.0296912738695 1117.6669874466897 829.5964309799656 859.736426829847 541.8037565798422 851.0408901505934 810.9010405408762 862.0447962507646 742.5533747136819 484.68870779403505 616.8768689841154 760.2217561540765 397.3773611167471 728.7104097695005 763.5141127472425 363.51635196720736 
485.52167873115104 804.1825740884537 715.173969150163 479.1218882818903 960.2733678819213 380.1082601188691 601.2765401773422 534.0760589847832 594.4437898043225 739.0296912738695 1117.6669874466897 829.5964309799656 859.7363050770196 541.8037565798422 851.0408901505934 810.9010405408762 862.0447962507646 742.5533747136819 484.6886991603724 616.8768689841154 760.2217561540765 397.3773611167471 728.7104097695005 763.5141127472425 363.51635196720736 
485.52167873115104 804.1825740884537 715.173969150163 479.12188813729745 960.2733678819213 380.1082601188691 601.2765401773422 534.0760589847832 594.4437898043225 739.0296912738695 1117.6669874466897 829.5964309799656 859.7363050770196 541.8037565798422 851.0408901505934 810.9010405408762 862.0447962507646 742.5533747136819 484.6886991603724 616.8768689841154 760.2217561540765 397.3773611167471 728.7104097695005 763.5141127472425 363.51635196720736 
485.52167873115104 804.1825740884537 715.173969150163 479.1218881322966 960.2733678819213 380.1082601188691 601.2765401773422 534.0760589847832 594.4437898043225 739.0296912738695 1117.6669874466897 829.5964309799656 859.7363050770196 541.8037565798422 851.0408901505934 810.9010405408762 862.0447962507646 742.5533747136819 484.6886991603724 616.8768689841154 760.2217561540765 397.3773611167471 728.7104097695005 763.5141127472425 363.51635196720736 
485.52167873115104 804.1825740884537 715.173969150163 479.12188813034027 960.2733678819213 380.1082601188691 601.2765401773422 534.0760589847832 594.4437898042124 739.0296912738695 1117.6669874466897 829.5964309799656 859.7363050770196 541.8037565798422 851.0408901505934 810.9010405408762 862.0447962507646 742.5533747136819 484.6886991603724 616.8768689841154 760.2217561540765 397.3773611167471 728.7104097695005 763.5141127472425 363.51635196720736 
485.52167873115104 804.1825740884537 715.173969150163 479.12188813034027 960.2733678819213 380.1082601188691 601.2765401773422 534.0760589847832 594.4437898042047 739.0296912738695 1117.6669874466897 829.5964309799656 859.7363050770196 541.8037565798422 851.0408901505934 810.9010405408762 862.0447962507646 742.5533747136819 484.6886991603724 616.8768689841154 760.2217561540765 397.3773611167471 728.7104097695005 763.5141127472425 363.51635196720736 
485.52167873115104 804.1825740884537 715.173969150163 479.12188813034027 960.2733678819213 380.1082601188691 601.2765401773422 534.0760589847832 594.4437898041933 739.0296912738695 1117.6669874466897 829.5964309799656 858.4496134291171 541.8037565798422 851.0408901505934 810.9010405408762 862.0447962507646 742.5533747136819 484.6886991603724 616.8768689841154 760.2217561540765 397.3773611167471 728.7104097695005 763.5141127472425 363.51635196720736 
485.52167873115104 804.1825740884537 715.173969150163 479.1218881242512 960.2733678819213 380.1082601188691 601.2765401773422 534.0760589847832 594.4437897462012 739.0296912738695 1117.6669874466897 829.5964309799656 858.41021390482 541.8037565798422 851.0408901505934 810.9010405408762 862.0447962507646 742.5533747136819 484.6886991603724 616.8768689841154 760.2217561540765 397.3773611167471 728.7104097695005 763.5141127472425 363.51635196720736 
485.52167873115104 804.1825740884537 715.173969150163 479.1218881242512 960.2733678819213 380.1082601188691 601.2765401773422 534.0760589847832 594.4437897462012 739.0296912738695 1117.6669874466897 829.5964309799656 858.3986066699977 541.8037565798422 851.0408901505934 810.9010405408762 862.0447962507646 742.5533747136819 479.0512957643796 616.8768689841154 760.2217561540765 397.3773611167471 728.7104097695005 763.5141127472425 363.51635196720736 
485.52167873115104 804.1825740884537 715.173969150163 479.1218881242512 960.2733678819213 380.1082601188691 601.2765401773422 534.0760589847832 594.4437897462012 739.0296912738695 1117.6669874466897 829.5964309799656 858.3975937226351 541.8037565798422 851.0408901505934 810.9010405408762 862.0447962507646 742.5533747136819 476.73749133471665 616.8768689841154 760.2217561540765 397.3773611167471 728.7104097695005 763.5141127472425 363.51635196720736 
485.52167873115104 804.1825740884537 715.173969150163 479.12188812424483 960.2733678819213 380.1082601188691 601.2765401773422 534.0760589847832 594.4437897462012 739.0296912738695 1117.6669874466897 829.5964309799656 858.3975937226351 541.8037565798422 851.0408901505934 810.9010405408762 862.0447962507646 742.5533747136819 474.9101904263134 616.8768689841154 760.2217561540765 397.3773611167471 728.7104097695005 763.5141127472425 363.51635196720736 
485.52167873115104 804.1825740884537 715.173969150163 479.1218881242439 960.2733678819213 380.1082601188691 601.2765401773422 534.0760589847832 594.4437897462003 739.0296912738695 1117.6669874466897 829.5964309799656 858.396259984775 541.8037565798422 851.0408901505934 810.9010405408762 862.0447962507646 742.5533747136819 474.6695599693162 616.8768689841154 760.2217561540765 397.3773611167471 728.7104097695005 763.5141127472425 363.51635196720736 
485.52167873115104 804.1825740884537 715.173969150163 479.12188812424347 960.2733678819213 380.1082601188691 601.2765401773422 534.0760589847832 594.4437897462003 739.0296912738695 1117.6669874466897 829.5964309799656 858.3960426317344 541.8037565798422 851.0408901505934 810.9010405408762 862.0447962507646 742.5533747136819 474.2899161371861 616.8768689841154 760.2217561540765 397.3773611167471 728.7104097695005 763.5141127472425 363.51635196720736 
485.52167873115104 804.1825740884537 715.173969150163 479.12188812424347 960.2733678819213 380.1082601188691 601.2765401773422 534.0760589847832 594.4437897462003 739.0296912738695 1117.6669874466897 829.5964309799656 858.3960426317344 541.8037565798422 851.0408901505934 810.9010405408762 862.0447962507646 742.5533747136819 474.18525064316964 616.8768689841154 760.2217561540765 397.3773611167471 728.7104097695005 763.5141127472425 363.51635196720736 
485.52167873115104 804.1825740884537 715.173969150163 479.12188812424347 960.2733678819213 380.1082601188691 601.2765401773422 534.0760589847832 594.4437897462003 739.0296912738695 1117.6669874466897 829.5964309799656 858.3960426317344 541.8037565798422 851.0408901505934 810.9010405408762 862.0447962507646 742.5533747136819 474.08002556720703 616.8768689841154 760.2217561540765 397.3773611167471 728.7104097695005 763.5141127472425 363.51635196720736 
485.52167873115104 804.1825740884537 715.173969150163 479.121888124243 960.2733678819213 380.1082601188691 601.2765401773422 534.0760589847832 594.4437897216194 739.0296912738695 1117.6669874466897 829.5964309799656 858.3960426317344 541.8037565798422 851.0408901505934 810.9010405408762 862.0447962507646 742.5533747136819 474.0388340660911 616.8768689841154 760.2217561540765 397.3773611167471 728.7104097695005 763.5141127472425 363.51635196720736 
485.52167873115104 804.1825740884537 714.1826724358912 479.121888124243 960.2733678819213 380.1082601188691 601.2765401773422 534.0760589847832 594.4437897216194 739.0296912738695 1117.6669874466897 829.5964309799656 858.3960426317344 541.8037565798422 851.0408901505934 810.9010405408762 862.0447962507646 742.5533747136819 474.0189161728176 616.8768689841154 760.2217561540765 397.3773611167471 728.7104097695005 763.5141127472425 361.69806221412773 
485.52167873115104 804.1825740884537 714.1826724358912 479.121888124243 960.2733678819213 380.1082601188691 601.2765401773422 534.0760589847832 594.4437897216194 739.0296912738695 1117.6669874466897 829.5964309799656 858.3960426317344 541.8037565798422 851.0408901505934 810.9010405408762 862.0447962507646 742.5533747136819 474.00900535647133 616.8768689841154 760.2217561540765 397.3773611167471 728.7104097695005 763.5141127472425 361.6958554396633 
485.52167873115104 804.1825740884537 714.1826724358912 479.121888124243 960.2733678819213 380.1082601188691 601.2765401773422 534.0760589847832 594.4437897216189 739.0296912738695 1117.6669874466897 829.5964309799656 858.3960426317344 541.8037565798422 851.0408901505934 810.9010405408762 862.0447962507646 742.5533747136819 474.00344193518185 616.8768689841154 760.2217561540765 397.3773611167471 728.7104097695005 763.5141127472425 361.69181969313195 
485.52167873115104 804.1825740884537 714.1826724358912 479.121888124243 960.2733678819213 380.1082601188691 601.2765401773422 534.0760589847832 594.4437897216189 739.0296912738695 1117.6669874466897 829.5964309799656 858.3960315415688 541.8037565798422 851.0408901505934 810.9010405408762 862.0447962507646 742.5533747136819 474.0012490286517 616.8768689841154 760.2217561540765 397.3773611167471 728.7104097695005 763.5141127472425 361.6917995299036 
485.52167873115104 804.1825740884537 714.1826724358912 479.121888124243 960.2733678819213 380.1082601188691 601.2765401773422 534.0760589847832 594.4437897216189 739.0296912738695 1117.6669874466897 829.5964309799656 858.3960315415688 541.8037565798422 851.0408901505934 810.9010405408762 862.0447962507646 742.5533747136819 473.99993079514434 616.8768689841154 760.2217561540765 397.3773611167471 728.7104097695005 763.5141127472425 361.6917836089633 
485.52167873115104 804.1825740884537 714.1826724358912 479.121888124243 960.2733678819213 380.1082601188691 601.2765401773422 534.0760589847832 594.4437897216189 739.0296912738695 1117.6669874466897 829.5964309799656 858.3960315415688 541.8037565798422 851.0408901505934 810.9010405408762 862.0447962507646 742.5533747136819 473.99942241768986 616.8768689841154 760.2217561540765 397.3773611167471 728.7104097695005 763.5141127472425 361.6904952438049 
485.52167873115104 804.1825740884537 714.1826724358912 479.121888124243 960.2733678819213 380.1082601188691 601.2765401773422 534.0760589847832 594.4437897216189 739.0296912738695 1117.6669874466897 829.5964309799656 858.3960315415688 541.8037565798422 851.0408901505934 810.9010405408762 862.0447962507646 742.5533747136819 473.9992967101143 616.8768689841154 760.2217561540765 397.3773611167471 728.7104097695005 763.5141127472425 361.6904952438049 
485.52167873115104 804.1825740884537 714.1826724358912 479.121888124243 960.2733678819213 380.1082601188691 601.2765401773422 534.0760589847832 592.6426593026108 739.0296912738695 1117.6669874466897 829.5964309799656 858.3960315415688 541.2691963413131 851.0408901505934 810.9010405408762 862.0447962507646 742.5533747136819 473.99928796244785 616.8768689841154 760.2217561540765 397.3773611167471 728.7104097695005 763.5141127472425 361.6904952438049 
485.52167873115104 804.1825740884537 714.1826724358912 479.121888124243 960.2733678819213 380.1082601188691 601.2765401773422 534.0760589847832 592.6383832000347 739.0296912738695 1117.6669874466897 829.5964309799656 858.1802336326336 541.2691963413131 851.0408901505934 810.9010405408762 862.0447962507646 742.5533747136819 473.99928498213967 616.8768689841154 760.2217561540765 397.3773611167471 728.7104097695005 763.5141127472425 361.6904952438049 
485.52167873115104 804.1825740884537 714.1826724358912 479.121888124243 960.2733678819213 380.1082601188691 601.2765401773422 534.0760589847832 592.6383649702861 739.0296912738695 1117.6669874466897 829.5964309799656 858.1592509373231 541.2691963413131 851.0408901505934 810.9010405408762 862.0447962507646 742.5533747136819 473.9992838521057 616.8768689841154 760.2217561540765 397.3773611167471 728.7104097695005 763.5141127472425 361.6904952438049 
485.52167873115104 804.1825740884537 714.1826724358912 479.121888124243 960.2733678819213 380.1082601188691 601.2765401773422 534.0760589847832 592.6383366218352 739.0296912738695 1117.6669874466897 829.5964309799656 858.1530708319929 541.2691963413131 851.0408901505934 810.9010405408762 862.0447962507646 742.5533747136819 473.9992838521057 616.8768689841154 760.2217561540765 397.3773611167471 728.7104097695005 763.5141127472425 361.6904952438049 
485.52167873115104 804.1825740884537 714.1826724358912 479.121888124243 960.2733678819213 380.1082601188691 601.2765401773422 534.0760589847832 592.6383365904289 739.0296912738695 1117.6669874466897 829.5964309799656 858.1530708319929 541.2691963413131 851.0408901505934 810.9010405408762 862.0447962507646 742.5533747136819 473.99928385117073 616.8768689841154 760.2217561540765 397.3773611167471 728.7104097695005 763.5141127472425 361.6904952438049 
485.52167873115104 804.1825740884537 714.1826724358912 479.121888124243 960.2733678819213 380.1082601188691 601.2765401773422 534.0760589847832 592.6383365904289 739.0296912738695 1117.6669874466897 829.5964309799656 858.1530708319929 541.2691963413131 851.0408901505934 810.9010405408762 862.0447962507646 742.5533747136819 473.99928380506435 616.8768689841154 760.2217561540765 397.3773611167471 728.7104097695005 763.5141127472425 361.6904952438049 
485.52167873115104 804.1825740884537 714.1826724358912 479.121888124243 960.2733678819213 380.1082601188691 601.2765401773422 534.0760589847832 592.6383365903089 739.0296912738695 1117.6669874466897 829.5964309799656 858.1530708319929 541.2691963413131 851.0408901505934 810.9010405408762 862.0447962507646 742.5533747136819 473.9992838032299 616.8768689841154 760.2217561540765 397.3773611167471 728.7104097695005 763.5141127472425 361.6904952438049 
485.52167873115104 804.1825740884537 714.1826724358912 479.121888124243 960.2733678819213 380.1082601188691 601.2765401773422 534.0760589847832 592.6383365903089 739.0296912738695 1117.6669874466897 829.5964309799656 858.1530708319929 541.2691963413131 851.0408901505934 810.9010405408762 862.0447962507646 742.5533747136819 473.9992838031835 616.8768689841154 760.2217561540765 397.3773611167471 728.7104097695005 763.5141127472425 361.6904952438049 
485.52167873115104 804.1825740884537 714.1826724358912 479.121888124243 960.2733678819213 380.1082601188691 601.2765401773422 534.0760589847832 592.6383365903075 739.0296912738695 1117.6669874466897 829.5964309799656 858.1530708319929 541.2691963413131 851.0408901505934 810.9010405408762 862.0447962507646 742.5533747136819 473.9992838031262 616.8768689841154 760.2217561540765 397.3773611167471 728.7104097695005 763.5141127472425 361.69049524380443 
485.52167873115104 804.1825740884537 714.1826724358912 479.121888124243 960.2733678819213 380.1082601188691 601.2765401773422 534.0760589847832 592.6383365903071 739.0296912738695 1117.6669874466897 829.5964309799656 858.1530708319929 541.2691963413131 848.0686864887884 810.9010405408762 862.0447962507646 742.5533747136819 473.99928380310894 616.8768689841154 760.2217543834568 397.3773611167471 728.7104097695005 763.5141127472425 361.69049524380443 
485.52167873115104 804.1825740884537 714.1826724358912 479.121888124243 960.2733678819213 380.1082601188691 601.2765401773422 534.0760589847832 592.6383365903071 739.0296912738695 1117.6669874466897 829.5964309799656 858.1530708319929 541.2691963413131 848.0631942581786 810.9010405408762 862.0447962507646 742.5533747136819 473.9992838031085 616.8768689841154 760.2217543834568 397.3773611167471 728.7104097695005 763.5141127472425 361.69049524380443 
485.5142718244615 804.1825740884537 714.1826724358912 479.121888124243 960.2733678819213 380.1082601188691 601.2765401773422 534.0760589847832 592.6383365903071 739.0296912738695 1117.6669874466897 829.5964309799656 858.1530708319929 541.2691963413131 848.0631942581786 810.9010405408762 862.0447962507646 742.5533747136819 473.9992838031044 616.8768689841154 760.2217543834568 397.3773611167471 728.7104097695005 763.5141127472425 361.69049524380443 
485.51426659489744 804.1825740884537 714.1826724358912 479.121888124243 960.2733678819213 380.1082601188691 601.2765401773422 534.0760589847832 592.6383365903066 739.0296912738695 1117.6669874466897 829.5964309799656 858.1530708319929 541.2691963413131 848.0496066897413 810.9010405408762 862.0447962507646 742.5533747136819 473.9992838031035 616.8768689841154 760.2217543834568 397.3773611167471 728.7104097695005 763.5141127472425 361.69049524380443 
485.51426659489744 804.1825740884537 714.1826724358912 479.121888124243 960.2733678819213 380.1082601188691 601.2765401773422 534.0760589847832 592.6383365903066 739.0296912738695 1117.6669874466897 829.5964309799656 858.1530708319929 541.2691963413131 848.0206102180778 810.9010405408762 862.0447962507646 742.5533747136819 473.9992838031035 616.8768689841154 759.8684580212512 397.3773611167471 728.7104097695005 763.5141127472425 361.69049524380443 
485.51426641871285 804.1825740884537 714.1826724358912 479.121888124243 960.2733678819213 380.1082601188691 601.2765401773422 534.0760589847832 592.6383365903066 739.0296912738695 1117.6669874466897 829.5964309799656 858.1530708319929 541.2691963413131 848.0187474363624 810.9010405408762 862.0447962507646 742.5533747136819 473.9992838031035 616.8768689841154 759.8321508972413 397.3773611167471 728.7104097695005 763.5141127472425 361.69049524380443 
485.51426620414804 804.1825740884537 714.1826724358912 479.121888124243 960.2733678819213 380.1082601188691 601.2765401773422 534.0760589847832 592.6383365903066 739.0296912738695 1117.6669874466897 829.5964309799656 858.1530708319924 541.2691963413131 847.7759597324539 810.9010405408762 862.0447962507646 742.5533747136819 473.9992838031035 616.8768689841154 759.7391561937175 397.3773611167471 728.7104097695005 763.5141127472425 361.69049524380443 
485.51426619824906 804.1825740884537 714.1826724358912 479.121888124243 960.2733678819213 380.1082601188691 601.2765401773422 534.0760589847832 592.6383365903066 739.0296912738695 1117.6669874466897 829.5964309799656 858.1530708319924 541.2691963413131 847.7746153303242 810.9010405408762 862.0447962507646 742.5533747136819 473.999283803103 616.8768689841154 759.5186679624248 397.3773611167471 728.7104097695005 763.5141127472425 361.69049524380443 
485.51426619824906 804.1825740884537 714.1826724358912 479.121888124243 960.2733678819213 380.1082601188691 601.2765401773422 534.0760589847832 592.6383365903066 739.0296912738695 1117.6669874466897 829.5964309799656 858.1530708319915 541.2691963413131 847.7742634260085 810.9010405408762 862.0447962507646 742.5533747136819 473.999283803103 616.8768689841154 759.5118021024005 397.3773611167471 728.7104097695005 763.5141127472425 361.69049524380443 
485.51426619824906 804.1825740884537 714.1826724358912 479.121888124243 960.2733678819213 380.1082601188691 601.2765401773422 534.0760589847832 592.6383365903066 739.0296912738695 1117.6669874466897 829.5964309799656 858.1530708319915 541.2691963413131 847.7680291755582 810.9010405408762 862.0447962507646 742.5533747136819 473.999283803103 616.8768689841154 759.5118021024005 397.3773611167471 728.7104097695005 763.5141127472425 361.69049524380443 
485.51426619821905 804.1825740884537 714.1826724358912 479.121888124243 960.2733678819213 380.1082601188691 601.2765401773422 534.0760589847832 592.6383365903066 739.0296912738695 1117.6669874466897 829.5964309799656 858.1530708319915 541.2691963413131 847.7576112967081 810.9010405408762 862.0447962507646 742.5533747136819 473.999283803103 616.8768689841154 759.5118021024005 397.3773611167471 728.7104097695005 763.5141127472425 361.69049524380443 
485.51426619821723 804.1825740884537 714.1826724358912 479.121888124243 960.2733678819213 380.1082601188691 601.2765401773422 534.0760589847832 592.6383365903066 739.0296912738695 1117.6669874466897 829.5964309799656 858.1530708319915 541.2691963413131 847.7567387545391 810.9010405408762 862.0447962507646 742.5533747136819 473.999283803103 616.8768689841154 759.5118021024005 397.3773611167471 728.7104097695005 763.5141127472425 361.69049524380443 
485.51426619821723 804.1825740884537 714.1826724358912 479.121888124243 960.2733678819213 380.1082601188691 601.2765401773422 534.0760589847832 592.6383365903066 739.0296912738695 1117.6669874466897 829.5964309799656 858.1530708319915 541.2691963413131 847.7567181593859 810.9010405408762 862.0447962507646 742.5533747136819 473.999283803103 616.8768689841154 759.5118021024005 397.3773611167471 728.7104097695005 763.5141127472425 361.69049524380443 
485.51426619821723 804.1825740884537 714.1826724358912 479.121888124243 960.2733678819213 380.1082601188691 601.2765401773422 534.0760589847832 592.6383365903066 739.0296912738695 1117.6669874466897 829.5964309799656 858.1530708319915 541.2691963413131 847.7563008641632 810.9010405408762 862.0447962507646 742.5533747136819 473.999283803103 616.8768689841154 759.4425275978128 397.3773611167471 728.7104097695005 763.5141127472425 361.69049524380443 
485.51426619821723 804.1825740884537 714.1826724358912 479.121888124243 960.2733678819213 380.1082601188691 601.2765401773422 534.0760589847832 592.6383365903066 739.0296912738695 1117.6669874466897 829.5964309799656 858.1530708319915 541.2691963413131 847.7540342216225 810.9010405408762 862.0447962507646 742.5533747136819 473.999283803103 616.8768689841154 759.3321955808915 397.3773611167471 728.7104097695005 763.5141127472425 361.69049524380443 
485.51426619821723 804.1825740884537 714.1826724358912 479.121888124243 960.2733678819213 380.1082601188691 601.2765401773422 534.0760589847832 592.6383365903066 739.0296912738695 1117.6669874466897 829.5964309799656 858.1530708319915 541.2691963413131 847.753830453953 810.9010405408758 862.0447962507646 742.5533747136819 473.999283803103 616.8768689841154 759.3237795932046 397.3773611167471 728.7104097695005 763.5141127472425 361.69049524380443 
485.51426619821723 804.1825740884537 714.1826724358912 479.121888124243 960.2733678819213 380.1082601188691 601.2765401773422 534.0760589847832 592.6383365903066 739.0296912738695 1117.6669874466897 829.5964309799656 858.1530708319915 541.2691963413131 847.7538209656195 810.9010405408758 862.0447962507646 742.5533747136819 473.999283803103 616.8768689841154 759.3105877178964 397.3773611167471 728.7104097695005 763.5141127472425 361.69049524380443 
485.51426619821723 804.1825740884537 714.1826724358912 479.121888124243 960.2733678819213 380.1082601188691 601.2765401773422 534.0760589847832 592.6383365903066 739.0296912738695 1117.6669874466897 829.5964309799656 858.1529459898047 541.2691963413131 847.7538197461577 810.9010405408758 862.0447962507646 742.5533747136819 473.999283803103 616.8768689841154 759.3105877178964 397.3773611167471 728.7104097695005 763.5141127472425 361.69049524380443 
485.51426619821723 804.1825740884537 714.1826724358912 479.121888124243 960.2733678819213 380.1082601188691 601.2765401773422 534.0760589847832 592.6383365903066 739.0296912738695 1117.6669874466897 829.5964309799656 858.1529459898047 541.2691963413131 847.7538197461577 810.9010405408758 862.0447962507646 742.5533747136819 473.999283803103 616.8768689841154 759.3093599572494 397.3773611167471 728.7104097695005 763.5141127472425 361.69049524380443 
485.51426619821723 804.1825740884537 714.1826724358912 479.121888124243 960.2733678819213 380.1082601188691 601.2765401773422 534.0760589847832 592.6383365903066 739.0296912738695 1117.6669874466897 829.5964309799656 858.1529459898047 541.2691963413131 847.7538196281557 810.9010405408758 862.0447962507646 742.5533747136819 473.999283803103 616.8768689841154 759.3091859595388 397.3773611167471 728.7104097695005 763.5141127472425 361.69049524380443 
485.51426619821723 804.1825740884537 714.1826724358912 479.121888124243 960.2733678819213 380.1082601188691 601.2765401773422 534.0760589847832 592.6383365903066 739.0296912738695 1117.6669874466897 829.5964309799656 858.1529459898047 541.2691963413131 847.753818544681 810.9010405408744 862.0447962507646 742.5533747136819 473.999283803103 616.8768689841154 759.3089981572275 397.3773611167471 728.7104097695005 763.5141127472425 361.69049524380443 
485.51426619821723 804.1825740884537 714.1826724358912 479.121888124243 960.2733678819213 380.1082601188691 601.2765401773422 534.0760589847832 592.6383365903066 739.0296912738695 1117.6669874466897 829.5964309799656 858.1529459898047 541.2691963413131 847.7538184410437 810.9010405408744 862.0447962507646 742.5533747136819 473.999283803103 616.8768689841154 759.3089981572275 397.3773611167471 728.7104097695005 763.5141127472425 361.69049524380443 
485.51426619821723 804.1825740884537 714.1826724358912 479.121888124243 960.2733678819213 380.1082601188691 601.2765401773422 534.0760589847832 590.7908380599856 739.0296912738695 1117.6669874466897 829.5964309799656 858.1529459898047 541.2691963413131 847.7538182891849 810.9010405408744 862.0447962507646 742.5533747136819 473.999283803103 616.8768689841154 759.3089939317506 397.3773611167471 728.7104097695005 763.5141127472425 361.69049524380443 
485.51426619821723 804.1825740884537 714.1826724358912 479.121888124243 960.2733678819213 380.1082601188691 601.2765401773422 534.0760589847832 590.7908380599856 739.0296912738695 1117.6669874466897 829.5964309799656 858.1529459898047 541.2691963413131 847.7538177908382 810.9010405408744 862.0447962507646 742.5533747136819 473.999283803103 616.8768689841154 759.3089939317506 397.3773611167471 728.7104097695005 763.5141127472425 361.69049524380443 
485.51426619821723 804.1825740884537 714.1826724358912 479.121888124243 960.2733678819213 380.1082601188691 601.2765401773422 534.0760589847832 590.7908380599856 739.0296912738695 1117.6669874466897 829.5964309799656 858.1529459898047 541.2691963413131 847.7538177906354 810.9010405408744 862.0447962507646 742.5533747136819 473.999283803103 616.8768689841154 759.3089939317506 397.3773611167471 728.7104097695005 763.5141127472425 361.69049524380443 
485.51426619821723 804.1825740884537 714.1826724358912 479.121888124243 960.2733678819213 380.1082601188691 601.2765401773422 534.0760589847832 590.7908380599856 739.0296912738695 1117.6669874466897 829.5964309799656 858.1529459898047 541.2691963413131 847.7538177906354 810.9010405408744 862.0447962507646 742.5533747136819 473.999283803103 616.8768689841154 759.3089939317506 397.3773611167471 728.7104097695005 763.5141127472425 361.69049524380443 
485.51426619821723 804.1825740884537 714.1826724358912 479.121888124243 960.2733678819213 380.1082601188691 601.2765401773422 534.0760589847832 590.7908380599856 739.0296912738695 1117.6669874466897 829.5964309799656 858.1529459898043 541.2691963413131 847.7538177906354 810.9010405408744 862.0447962507646 742.5533747136819 473.999283803103 616.8768689841154 759.3089939317506 397.3773611167471 728.7104097695005 763.5141127472425 361.69049524380443 
485.51426619821723 804.1825740884537 714.1826724358912 479.121888124243 960.2733678819213 380.1082601188691 601.2765401773422 534.0760589847832 590.7908380599856 739.0296912738695 1117.6669874466897 829.5964309799656 858.1529459898043 541.2691963413131 847.7538177906354 810.9010405408744 862.0447962507646 742.5533747136819 473.999283803103 616.8768689841154 759.308990241369 397.3773611167471 728.7104097695005 763.5141127472425 361.69049524380443 
485.51426619821723 804.1825740884537 714.1826724358912 479.121888124243 960.2733678819213 380.1082601188691 601.2765401773422 534.0760589847832 590.7908380599856 739.0296912738695 1117.6669874466897 829.5964309799656 858.1529459898043 541.2691963413131 847.7538177906354 810.9010405408744 862.0447962507646 742.5533747136819 473.999283803103 616.8768689841154 759.3089899176734 397.3773611167471 728.7104097695005 763.5141127472425 361.69049524380443 
485.51426619821723 804.1825740884537 714.1826724358912 479.121888124243 960.2733678819213 380.1082601188691 601.2765401773422 534.0760589847832 590.7908380599856 739.0296912738695 1117.6669874466897 829.5964309799656 858.1529459898038 541.2691963413131 847.7538177906354 810.9010405408744 862.0447962507646 742.5533747136819 473.999283803103 616.8768689841154 759.3089899070383 397.3773611167471 728.7104097695005 763.5141127472425 361.69049524380443 
485.51426619821723 804.1825740884537 714.1826724358912 479.121888124243 960.2733678819213 380.1082601188691 601.2765401773422 534.0760589847832 590.7908380599856 739.0296912738695 1117.6669874466897 829.5964309799656 858.1529459898038 541.2691963413131 847.7538177906354 810.9010405408744 862.0447962507646 742.5533747136819 473.999283803103 616.8768689841154 759.3089899057277 397.3773611167471 728.7104097695005 763.5141127472425 361.69049524380443 
485.51426619821723 804.1825740884537 714.1826724358912 479.121888124243 960.2733678819213 380.1082601188691 601.2765401773422 534.0760589847832 590.7908380599856 739.0296912738695 1117.6669874466897 829.5964309799656 858.1529459898038 541.2691963413131 847.7538177906354 810.9010405408744 862.0447962507646 742.5533747136819 473.999283803103 616.8768689841154 759.3089898959188 397.3773611167471 728.7104097695005 763.5141127472425 361.69049524380443 
485.51426619821723 804.1825740884537 714.1826724358912 479.121888124243 960.2733678819213 380.1082601188691 601.2765401773422 534.0760589847832 590.7908380599856 739.0296912738695 1117.6669874466897 829.5964309799656 858.1529459898038 541.2691963413131 847.7538177906354 810.9010405408744 862.0447962507646 742.5533747136819 473.999283803103 616.8768689841154 759.3089898933172 397.3773611167471 728.7104097695005 763.5141127472425 361.69049524380443 
485.51426619821723 804.1825740884537 714.1826724358912 479.121888124243 960.2733678819213 380.1082601188691 601.2765401773422 534.0760589847832 590.7908380599856 739.0296912738695 1117.6669874466897 829.5964309799656 858.1529459898038 541.2691963413131 847.7538177854071 810.9010405408744 862.0447962507646 742.5533747136819 473.999283803103 616.8768689841154 759.3089898933172 397.3773611167471 728.7104097695005 763.5141127472425 361.69049524380443 
485.51426619821723 804.1825740884537 714.1826724358912 479.121888124243 960.2733678819213 380.1082601188691 601.2765401773422 534.0760589847832 590.7908380599856 739.0296912738695 1117.6669874466897 829.5964309799656 858.1529459898038 541.2691963413131 847.7538177853603 810.9010405408744 862.0447962507646 742.5533747136819 473.999283803103 616.8768689841154 759.3089898931112 397.3773611167471 728.7104097695005 763.5141127472425 361.69049524380443 
485.51426619821723 804.1825740884537 714.1826724358912 479.121888124243 960.2733678819213 380.1082601188691 601.2765401773422 534.0760589847832 590.7908380599856 739.0296912738695 1117.6669874466897 829.5964309799656 858.1529459898038 541.2691963413131 847.7538177853603 810.9010405408744 862.0447962507646 742.5533747136819 473.999283803103 616.8768689841154 759.3089898931112 397.3773611167471 728.7104097695005 763.5141127472425 361.69049524380443 
485.51426619821723 804.1825740884537 714.1826724358912 479.121888124243 960.2733678819213 380.1082601188691 601.2765401773422 534.0760589847832 590.7908380599856 739.0296912738695 1117.6669874466897 829.5964309799656 858.1529459898038 541.2691963413131 847.7538177853603 810.9010405408744 862.0447962507646 742.5533747136819 473.999283803103 616.8768689841154 759.3089898931034 397.3773611167471 728.7104097695005 763.5141127472425 361.69049524380443 
485.51426619821723 804.1825740884537 714.1826724358912 479.121888124243 960.2733678819213 380.1082601188691 601.2765401773422 534.0760589847832 590.7908380599856 739.0296912738695 1117.6669874466897 829.5964309799656 858.1529459898038 541.2691963413131 847.7538177853603 810.9010405408744 862.0447962507646 742.5533747136819 473.999283803103 616.8768689841154 759.3089898930925 397.3773611167471 728.7104097695005 763.5141127472425 361.69049524380443 
485.51426619821723 804.1825740884537 714.1826724358912 479.121888124243 960.2733678819213 380.1082601188691 601.2765401773422 534.0760589847832 590.7908380599856 739.0296912738695 1117.6669874466897 829.5964309799656 858.1529459898038 541.2691963413131 847.7538177853603 810.9010405408744 862.0447962507646 742.5533747136819 473.999283803103 616.8768689841154 759.3089898930921 397.3773611167471 728.7104097695005 763.5141127472425 361.69049524380443 
485.51426619821723 804.1825740884537 714.1826724358912 479.121888124243 960.2733678819213 380.1082601188691 601.2765401773422 534.0760589847832 590.7908380599856 739.0296912738695 1117.6669874466897 829.5964309799656 858.1529459898038 541.2691963413131 847.7538177853603 810.9010405408744 862.0447962507646 742.5533747136819 473.999283803103 616.8768689841154 759.3089898930916 397.3773611167471 728.7104097695005 763.5141127472425 361.69049524380443 
485.51426619821723 804.1825740884537 714.1826724358912 479.121888124243 960.2733678819213 380.1082601188691 601.2765401773422 534.0760589847832 590.7908380599856 739.0296912738695 1117.6669874466897 829.5964309799656 858.1529459898038 541.2691963413131 847.7538177853603 810.9010405408744 862.0447962507646 742.5533747136819 473.999283803103 616.8768689841154 759.3089898930916 397.3773611167471 728.7104097695005 763.5141127472425 361.69049524380443 
485.51426619821723 804.1825740884537 714.1826724358912 479.121888124243 960.2733678819213 380.1082601188691 601.2765401773422 534.0760589847832 590.7908380599856 739.0296912738695 1117.6669874466897 829.5964309799656 858.1529459898038 541.2691963413131 847.7538177853603 810.9010405408744 862.0447962507646 742.5533747136819 473.999283803103 616.8768689841154 759.3089898930916 397.3773611167471 728.7104097695005 763.5141127472425 361.69049524380443 
485.51426619821723 804.1825740884537 714.1826724358912 479.121888124243 960.2733678819213 380.1082601188691 601.2765401773422 534.0760589847832 590.7908380599856 739.0296912738695 1117.6669874466897 829.5964309799656 858.1529459898038 541.2691963413131 847.7538177853603 810.9010405408744 862.0447962507646 742.5533747136819 473.999283803103 616.8768689841154 759.3089898930916 397.3773611167471 728.7104097695005 763.5141127472425 361.69049524380443 
485.51426619821723 804.1825740884537 714.1826724358912 479.121888124243 960.2733678819213 380.1082601188691 601.2765401773422 534.0760589847832 590.7908380599856 739.0296912738695 1117.6669874466897 829.5964309799656 858.1529459898038 541.2691963413131 847.7538177853603 810.9010405408744 862.0447962507646 742.5533747136819 473.999283803103 616.8768689841154 759.3089898930916 397.3773611167471 728.7104097695005 763.5141127472425 361.69049524380443 
485.51426619821723 804.1825740884537 714.1826724358912 479.121888124243 960.2733678819213 380.1082601188691 601.2765401773422 534.0760589847832 590.7908380599856 739.0296912738695 1117.6669874466897 829.5964309799656 858.1529459898038 541.2691963413131 847.7538177853603 810.9010405408744 862.0447962507646 742.5533747136819 473.999283803103 616.8768689841154 756.325402340296 397.3773611167471 728.7104097695005 763.5141127472425 361.69049524380443 
485.51426619821723 804.1825740884537 714.182670500239 479.121888124243 960.2733678819213 380.1082601188691 601.2765401773422 534.0760589847832 590.7908380599856 739.0296912738695 1117.6669874466897 829.5964309799656 858.1529459898038 541.2691963413131 847.7538177853603 810.9010405408744 862.0447962507646 742.5533747136819 473.999283803103 616.8768689841154 750.4745031712773 397.3773611167471 728.7104097695005 763.5141127472425 361.69049524380443 
485.51426619821723 804.1825740884537 714.1826704996483 479.121888124243 960.2733678819213 380.1082601188691 601.2765401773422 534.0760589847832 590.7908380599856 739.0296912738695 1117.6669874466897 829.5964309799656 858.1529459898038 541.2691963413131 847.7538177853603 810.9010405408744 862.0447962507646 742.5533747136819 473.999283803103 616.8768689841154 750.454759019492 397.3773611167471 728.7104097695005 763.5141127472425 361.69049524380443 
485.51426619821723 804.1825740884537 714.1826704898513 479.121888124243 960.2733678819213 380.1082601188691 601.2765401773422 534.0760589847832 590.7908380599856 739.0296912738695 1117.6669874466897 829.5964309799656 858.1529459898038 541.2691963413131 847.7538177853603 810.9010405408744 862.0447962507646 742.5533747136819 473.999283803103 616.8768689841154 750.4489030439127 397.3773611167471 728.7104097695005 763.5141127472425 361.69049524380443 
485.51426619821723 804.1825740884537 714.1826704872592 479.121888124243 960.2733678819213 380.1082601188691 601.2765401773422 534.0760589847832 590.7908380599856 739.0296912738695 1117.6669874466897 829.5964309799656 858.1529459898038 541.2691963413131 847.7538177853603 810.9010405408744 862.0447962507646 742.5533747136819 473.999283803103 616.8768689841154 750.4487048675755 397.3773611167471 728.7104097695005 763.5141127472425 361.69049524380443 
485.51426619821723 804.1825740884537 714.1826704869741 479.121888124243 960.2733678819213 380.1082601188691 601.2765401773422 534.0760589847832 590.7908380599856 739.0296912738695 1117.6669874466897 829.5964309799656 858.1529459898038 541.2691963413131 847.7538177853603 810.9010405408744 862.0447962507646 742.5533747136819 473.999283803103 616.8768689841154 750.4475591379378 397.3773611167471 728.7104097695005 763.5141127472425 361.679951782251 
485.51426619821723 804.1825740884537 714.1826704869591 479.121888124243 960.2733678819213 380.1082601188691 601.2765401773422 534.0760589847832 590.7908380599856 739.0296912738695 1117.6669874466897 829.5964309799656 858.1529459898038 541.2691963413131 847.7538177853598 810.9010405408744 862.0447962507646 742.5533747136819 473.999283803103 616.8768689841154 750.4474683634339 397.3773611167471 728.7104097695005 763.5141127472425 361.679951782251 
485.51426619821723 804.1825740884537 714.1826704867076 479.121888124243 960.2733678819213 380.1082601188691 601.2765401773422 534.0760589847832 590.7908380599856 739.0296912738695 1116.8753882304372 829.5964309799656 858.1529459898038 541.2691963413131 847.7538177853598 810.9010405408744 862.0447962507646 742.5533747136819 473.999283803103 616.8768689841154 750.4472763234548 397.3773611167471 728.7104097695005 763.5141127472425 361.679951782251 
485.51426619821723 804.1825740884537 714.1826704867076 479.121888124243 960.2733678819213 380.1082601188691 601.2765401773422 534.0760589847832 590.7908380599856 739.0296912738695 1116.8322802266189 829.5964309799656 858.1529459898038 541.2691963413131 847.7538177853598 810.9010405408744 862.0447962507646 742.5533747136819 473.999283803103 616.8768689841154 750.4471748448418 397.3773611167471 728.7104097695005 763.5141127472425 361.679951782251 
485.51426619821723 804.1825740884537 714.1826704867076 479.121888124243 960.2733678819213 380.1082601188691 601.2765401773422 534.0760589847832 590.7908380599856 739.0296912738695 1116.8069435136467 829.5964309799656 858.1529459898038 541.2691963413131 847.7538177853598 810.9010405408744 862.0447962507646 742.5533747136819 473.999283803103 616.8768689841154 750.4471748448418 397.3773611167471 728.7104097695005 763.5141127472425 361.679951782251 
485.51426619821723 804.1825740884537 714.1826704867044 479.121888124243 960.2733678819213 380.1082601188691 601.2765401773422 534.0760589847832 590.7908380599856 739.0296912738695 1116.7537837988502 829.5964309799656 858.1529459898038 541.2691963413131 847.7538177853598 810.9010405408744 862.0447962507646 742.5533747136819 473.999283803103 616.8768689841154 750.4471740891108 397.3773611167471 728.7104097695005 763.5141127472425 361.679951782251 
485.51426619821723 804.1825740884537 714.182670486704 479.121888124243 960.2733678819213 380.1082601188691 601.2765401773422 534.0760589847832 590.7908380599856 739.0296912738695 1116.7522383534806 829.5964309799656 858.1529459898038 541.2691963413131 847.7538177853598 810.9010405408744 862.0447962507646 742.5533747136819 473.999283803103 616.8768689841154 750.4471728537428 397.3773611167471 728.7104097695005 763.5141127472425 361.679951782251 
485.51426619821723 804.1825740884537 714.182670486704 479.121888124243 960.2733678819213 380.1082601188691 601.2765401773422 534.0760589847832 590.7908380599856 739.0296912738695 1116.7516883733597 829.5964309799656 858.1529459898038 541.2691963413131 847.7538177853598 810.9010405408744 862.0447962507646 742.5533747136819 473.999283803103 616.8768689841154 750.4471721693899 397.3773611167471 728.7104097695005 763.5141127472425 361.679951782251 
485.51426619821723 804.1825740884537 714.182670486704 479.121888124243 960.2733678819213 380.1082601188691 601.2765401773422 534.0760589847832 590.7908380599856 739.0296912738695 1116.7516883733597 829.5964309799656 858.1529459898038 541.2691963413131 847.7538177853598 810.9010405408744 862.0447962507646 742.5533747136819 473.999283803103 616.8768689841154 750.4471714952228 397.3773611167471 728.7104097695005 763.5141127472425 361.679951782251 
485.51426619821723 804.1825740884537 714.182670486704 479.121888124243 960.2733678819213 380.1082601188691 601.2765401773422 534.0760589847832 590.7908380599856 739.0296912738695 1116.7516786045799 829.5964309799656 858.1529459898038 541.2691963413131 847.7538177853598 810.9010405408744 862.0447962507646 742.5533747136819 473.999283803103 616.8768689841154 750.4471663305062 397.3773611167471 728.7104097695005 763.5141127472425 361.679951782251 
485.51426619821723 804.1825740884537 714.1826704867035 479.121888124243 960.2733678819213 380.1082601188691 601.2765401773422 534.0760589847832 590.7908380599856 739.0296912738695 1116.7516781106997 829.5964309799656 858.1529459898038 541.2691963413131 847.7538177853598 810.9010405408744 862.0447962507646 742.5533747136819 473.999283803103 616.8768689841154 750.4471663305062 397.3773611167471 728.7104097695005 763.5141127472425 361.679951782251 
485.51426619821723 804.1825740884537 714.1826704867035 479.121888124243 960.2733678819213 380.1082601188691 601.2765401773422 534.0760589847832 590.7908380599856 739.0296912738695 1116.7516781106997 829.5964309799656 858.1529459898038 541.2691963413131 847.7538177853598 810.9010405408744 862.0447962507646 742.5533747136819 473.999283803103 616.8768689841154 750.4471663305062 397.3773611167471 728.7104097695005 763.5141127472425 361.679951782251 
485.51426619821723 804.1825740884537 714.1826704867035 479.121888124243 960.2733678819213 380.1082601188691 601.2765401773422 534.0760589847832 590.7908380599856 739.0296912738695 1116.75167459991 829.5964309799656 858.1529459898038 541.2691963413131 847.7538177853598 810.9010405408744 862.0447962507646 742.5533747136819 473.999283803103 616.8768689841154 750.4471663305062 397.3773611167471 728.7104097695005 763.5141127472425 361.679951782251 
485.51426619821723 804.1825740884537 714.1826704867035 479.121888124243 960.2733678819213 380.1082601188691 601.2765401773422 534.0760589847832 590.7908380599856 739.0296912738695 1116.75167459991 829.5964309799656 858.1529459898038 541.2691963413131 847.7538177853598 810.9010405408744 862.0447962507646 742.5533747136819 473.999283803103 616.8768689841154 750.4471663305062 397.3773611167471 728.7104097695005 763.5141127472425 361.679951782251 
485.51426619821723 804.1825740884537 714.1826704867035 479.121888124243 960.2733678819213 380.1082601188691 601.2765401773422 534.0760589847832 590.7908380599856 739.0296912738695 1116.75167459991 829.5964309799656 858.1529459898038 541.2691963413131 847.7538177853598 810.9010405408744 862.0447962507646 742.5533747136819 473.999283803103 616.8768689841154 750.4471663305062 397.3773611167471 728.7104097695005 763.5141127472425 361.679951782251 
485.51426619821723 804.1825740884537 714.1826704867035 479.121888124243 960.2733678819213 380.1082601188691 601.2765401773422 534.0760589847832 590.7908380599856 739.0296912738695 1116.7516703635165 829.5964309799656 858.1529459898038 541.2691963413131 847.7538177853598 810.9010405408744 862.0447962507646 742.5533747136819 473.999283803103 616.8768689841154 750.4471663305062 397.3773611167471 728.7104097695005 763.5141127472425 361.679951782251 
485.51426619821723 804.1825740884537 714.1826704867035 479.121888124243 960.2733678819213 380.1082601188691 601.2765401773422 534.0760589847832 590.7908380599856 739.0296912738695 1116.7516703396132 829.5964309799656 858.1529459898038 541.2691963413131 847.7538177853598 810.9010405408744 862.0447962507646 742.5533747136819 473.999283803103 616.8768689841154 750.4471663305062 397.3773611167471 728.7104097695005 763.5141127472425 361.679951782251 
485.51426619821723 804.1825740884537 714.1826704867035 479.121888124243 960.2733678819213 380.1082601188691 601.2765401773422 534.0760589847832 590.7908380599856 739.0296912738695 1116.7516703315878 829.5964309799656 858.1529459898038 541.2691963413131 847.7538177853598 810.9010405408744 862.0447962507646 742.5533747136819 473.999283803103 616.8768689841154 750.4471663305062 397.3773611167471 728.7104097695005 763.5141127472425 361.679951782251 
485.51426619821723 804.1825740884537 714.1826704867035 479.121888124243 960.2733678819213 380.1082601188691 601.2765401773422 534.0760589847832 590.7908380599856 739.0296912738695 1116.7516703252122 829.5964309799656 858.1529459898038 541.2691963413131 847.7538177853598 810.9010405408744 862.0447962507646 742.5533747136819 473.999283803103 616.8768689841154 750.4471663305062 397.3773611167471 728.7104097695005 763.5141127472425 361.679951782251 
485.51426619821723 804.1825740884537 714.1826704867035 479.121888124243 960.2733678819213 380.1082601188691 601.2765401773422 534.0760589847832 590.7908380599856 739.0296912738695 1116.7516703224746 829.5964309799656 858.1529459898038 541.2691963413131 847.7538177853598 810.9010405408744 862.0447962507646 742.5533747136819 473.999283803103 616.8768689841154 750.4471663305062 397.3773611167471 728.7104097695005 763.5141127472425 361.679951782251 
485.51426619821723 804.1825740884537 714.1826704867035 479.121888124243 960.2733678819213 380.1082601188691 601.2765401773422 534.0760589847832 590.7908380599856 739.0296912738695 1116.751670321557 829.5964309799656 858.1529459898038 541.2691963413131 847.7538177853598 810.9010405408744 862.0447962507646 742.5533747136819 473.999283803103 616.8768689841154 750.4471663305062 397.3773611167471 728.7104097695005 763.5141127472425 361.679951782251 
485.51426619821723 804.1825740884537 714.1826704867035 479.121888124243 960.2733678819213 380.1082601188691 601.2765401773422 534.0760589847832 590.7908380599856 739.0296912738695 1116.751670321506 829.5964309799656 858.0468181021179 541.2691963413131 847.7538177853598 810.9010405408744 862.0447962507646 742.5533747136819 473.999283803103 616.8768689841154 750.4471663305058 397.3773611167471 728.7104097695005 763.5141127472425 361.679951782251 
485.51426619821723 804.1825740884537 714.1826704867035 479.121888124243 960.2733678819213 380.1082601188691 601.2765401773422 534.0760589847832 590.7908380599856 739.0296912738695 1116.751670321506 829.5964309799656 858.0468181021179 541.2691963413131 847.7538177853598 810.9010405408744 862.0447962507646 742.5533747136819 473.999283803103 616.8768689841154 750.4471663305058 397.3773611167471 728.7104097695005 763.5141127472425 361.679951782251 
485.51426619821723 804.1825740884537 714.1826704867035 479.121888124243 960.2733678819213 380.1082601188691 601.2765401773422 534.0760589847832 590.7908380599856 739.0296912738695 1116.751670321486 829.5964309799656 858.0468181021179 541.2691963413131 847.7538177853598 810.9010405408744 862.0447962507646 742.5533747136819 473.999283803103 616.8768689841154 750.4471663305058 397.3773611167471 728.7104097695005 763.5141127472425 361.679951782251 
485.51426619821723 804.1825740884537 714.1826704867035 479.121888124243 960.2733678819213 380.1082601188691 601.2765401773422 534.0760589847832 590.7908380599856 739.0296912738695 1116.7516703214833 828.2469885409432 858.0468181021179 541.2691963413131 847.7538177853598 810.9010405408744 862.0447962507646 742.5533747136819 473.999283803103 616.8768689841154 750.4471663305058 397.3773611167471 728.7104097695005 763.5141127472425 361.679951782251 
485.51426619821723 804.1825740884537 714.1826704867035 479.121888124243 960.2733678819213 380.1082601188691 601.2765401773422 534.0760589847832 590.7908380599856 739.0296912738695 1116.7516703214833 828.1493270708406 858.0429275788911 541.2691963413131 847.7538177853598 810.9010405408744 862.0447962507646 742.5533747136819 473.999283803103 616.8768689841154 750.4471663305058 397.3773611167471 728.7104097695005 763.5141127472425 361.679951782251 
485.51426619821723 804.1825740884537 714.1826704867035 479.121888124243 960.2733678819213 380.1082601188691 601.2765401773422 534.0760589847832 590.7908380599856 739.0296912738695 1116.7516703214833 828.0866793358296 858.0428814096103 541.2691963413131 847.7538177853598 810.9010405408744 862.0447962507646 742.5533747136819 473.999283803103 616.8768689841154 750.4471663305058 397.3773611167471 728.7104097695005 763.5141127472425 361.679951782251 
485.51426619821723 804.1825740884537 714.1826704867035 479.121888124243 960.2733678819213 380.1082601188691 601.2765401773422 534.0760589847832 590.7908380599856 739.0296912738695 1116.7516703214833 828.0866793358296 858.0428814096103 541.2691963413131 847.7538177853598 810.9010405408744 862.0447962507646 742.5533747136819 473.999283803103 616.8768689841154 750.4471663305058 397.3773611167471 728.7104097695005 763.5141127472425 361.679951782251 
485.51426619821723 804.1825740884537 714.1826704867035 479.121888124243 960.2733678819213 380.1082601188691 601.2765401773422 534.0760589847832 590.7908380599856 739.0296912738695 1116.7516703214833 828.0866793358296 858.0428814096103 541.2691963413131 847.7538177853598 810.9010405408744 862.0447962507646 742.5533747136819 473.999283803103 616.8768689841154 750.4471663305058 397.3773611167471 728.7104097695005 763.5141127472425 361.679951782251 
485.51426619821723 804.1825740884537 714.1826704867035 479.121888124243 960.2733678819213 380.1082601188691 601.2765401773422 534.0760589847832 590.7908380599856 739.0296912738695 1116.7516703214833 820.285866429339 858.0428705534773 541.2691963413131 847.7538177853598 810.9010405408744 862.0447962507646 742.5533747136819 473.999283803103 616.8768689841154 750.4471663305058 397.3773611167471 728.7104097695005 763.5141127472425 361.679951782251 
485.51426619821723 804.1825740884537 714.1826704867035 479.121888124243 960.2733678819213 380.1082601188691 601.2765401773422 534.0760589847832 590.7908380599856 739.0296912738695 1116.7516703214833 819.6122911707089 858.042870209917 541.2691963413131 847.7538177853598 810.9010405408744 862.0447962507646 742.5533747136819 473.999283803103 616.8768689841154 750.4471663305058 397.3773611167471 728.7104097695005 763.5141127472425 361.679951782251 
485.51426619821723 804.1825740884537 714.1826704867035 479.121888124243 960.2733678819213 380.1082601188691 601.2765401773422 534.0760589847832 590.7908380599856 739.0296912738695 1116.7516703214833 819.1902785555949 858.042870035094 541.2691963413131 847.7538177853598 810.5800212589952 862.0447962507646 742.5533747136819 473.999283803103 616.8768689841154 750.4471663305058 397.3773611167471 728.7104097695005 763.5141127472425 361.679951782251 
485.51426619821723 804.1825740884537 714.1826704867035 479.121888124243 960.2733678819213 380.1082601188691 601.2765401773422 534.0760589847832 590.7908380599856 739.0296912738695 1116.7516703214833 816.8642395162988 858.042870035094 541.2691963413131 847.7538177853598 810.0252361776579 862.0447962507646 742.5533747136819 473.999283803103 616.8768689841154 750.4471663305058 397.3773611167471 728.7104097695005 763.5141127472425 361.679951782251 
485.51426619821723 804.1825740884537 714.1826704867035 479.121888124243 960.2733678819213 380.1082601188691 601.2765401773422 534.0760589847832 590.7908380599856 739.0296912738695 1116.7516703214833 815.3651695119183 858.0428700206594 541.2691963413131 847.7538177853598 810.020697138827 862.0447962507646 742.5533747136819 473.999283803103 616.8768689841154 750.4471663305058 397.3773611167471 728.7104097695005 763.5141127472425 361.679951782251 
485.51426619821723 804.1825740884537 714.1826704867035 479.121888124243 960.2733678819213 380.1082601188691 601.2765401773422 534.0760589847832 590.7908380599856 739.0296912738695 1116.7516703214833 814.5003752379648 858.0428700193497 541.2691963413131 847.7538177853598 810.0206169615849 862.0447962507646 742.5533747136819 473.999283803103 616.8768689841154 750.4471663305058 397.3773611167471 728.7104097695005 763.5141127472425 361.679951782251 
485.51426619821723 804.1825740884537 714.1826704867035 479.121888124243 960.2733678819213 380.1082601188691 601.2765401773422 534.0760589847832 590.7908380599856 739.0296912738695 1116.7516703214833 814.1472325885006 858.0428700192815 541.2691963413131 846.422079782762 810.0204590931385 862.0447962507646 742.5533747136819 473.999283803103 616.8768689841154 750.4471663305058 397.3773611167471 728.7104097695005 763.5141127472425 361.679951782251 
485.51426619821723 804.1825740884537 714.1826704867035 479.121888124243 960.2733678819213 380.1082601188691 601.2765401773422 534.0760589847832 590.7908380599856 739.0296912738695 1116.7516703214833 814.1001343589596 858.0428700191696 541.2691963413131 846.422079782762 810.0194854076167 862.0447962507646 742.5533747136819 473.999283803103 616.8768689841154 750.4471663305058 397.3773611167471 728.7104097695005 763.5141127472425 361.679951782251 
485.51426619821723 804.1825740884537 714.1826704867035 479.121888124243 960.2733678819213 380.1082601188691 601.2765401773422 534.0760589847832 590.7908380599856 739.0296912738695 1116.7516703214833 814.0991919175985 858.0428700191596 541.2691963413131 846.422079782762 810.0194854076167 862.0447962507646 742.5533747136819 473.999283803103 616.8768689841154 750.4471663305058 397.3773611167471 728.7104097695005 763.5141127472425 361.679951782251 
485.51426619821723 804.1825740884537 714.1826704867035 479.121888124243 960.2733678819213 380.1082601188691 601.2765401773422 534.0760589847832 590.7908380599856 739.0296912738695 1116.7516703214833 814.0991701330395 858.0428700191596 541.2691963413131 846.422079782762 810.0187248044258 862.0447962507646 742.5533747136819 473.999283803103 616.8768689841154 750.4471663305058 397.3773611167471 728.7104097695005 763.5141127472425 361.679951782251 
485.51426619821723 804.1825740884537 714.1826704867035 479.121888124243 960.2733678819213 380.1082601188691 601.2765401773422 534.0760589847832 590.7908380599856 739.0296912738695 1116.7516703214833 814.0991701330395 858.0428700191524 541.2691963413131 846.422079782762 810.0187248044258 862.0447962507646 742.5533747136819 473.999283803103 616.8768689841154 750.4471663305058 397.3773611167471 728.7104097695005 763.5141127472425 361.679951782251 
485.51426619821723 804.1825740884537 714.1826704867035 479.121888124243 960.2733678819213 380.1082601188691 601.2765401773422 534.0760589847832 590.7908380599856 739.0296912738695 1116.7516703214833 814.0991701330395 858.0428700191515 541.2691963413131 846.422079782762 810.0186208207874 862.0447962507646 742.5533747136819 473.999283803103 616.8768689841154 750.4471663305058 397.3773611167471 728.7104097695005 763.5141127472425 361.679951782251 
485.51426619821723 804.1825740884537 714.1826704867035 479.121888124243 960.2733678819213 380.1082601188691 601.2765401773422 534.0760589847832 590.7908380599856 739.0296912738695 1116.7516703214833 814.0922634010644 858.0428700191515 541.2691963413131 846.422079782762 810.0186208207874 862.0447962507646 742.5533747136819 473.999283803103 616.8768689841154 750.4471663305058 397.3773611167471 728.7104097695005 763.5141127472425 361.679951782251 
485.51426619821723 804.1825740884537 714.1826704867035 479.121888124243 960.2733678819213 380.1082601188691 601.2765401773422 534.0760589847832 590.7908380599856 739.0296912738695 1116.7516703214833 814.0922634010644 858.0428700191478 541.2691963413131 846.422079782762 810.0186208207874 862.0447962507646 742.5533747136819 473.999283803103 616.8768689841154 750.4471663305058 397.3773611167471 728.7104097695005 763.5141127472425 361.679951782251 
485.51426619821723 804.1825740884537 714.1826704867035 479.121888124243 960.2733678819213 380.1082601188691 601.2765401773422 534.0760589847832 590.7908380599856 739.0296912738695 1116.7516703214833 814.0922634010644 858.0428700191469 541.2691963413131 846.422079782762 810.0186208207874 862.0447962507646 742.5533747136819 473.999283803103 616.8768689841154 750.4471663305058 397.3773611167471 728.7104097695005 763.5141127472425 361.679951782251 
485.51426619821723 804.1825740884537 714.1826704867035 479.121888124243 960.2733678819213 380.1082601188691 601.2765401773422 534.0760589847832 590.7908380599856 739.0296912738695 1116.7516703214833 814.0918881579987 858.0428700191469 541.2691963413131 846.422079782762 810.0186208207874 862.0447962507646 742.5533747136819 473.999283803103 616.8768689841154 750.4471663305058 397.3773611167471 728.7104097695005 763.5141127472425 361.679951782251 
485.51426619821723 804.1825740884537 714.1826704867035 479.121888124243 960.2733678819213 380.1082601188691 601.2765401773422 534.0760589847832 590.7908380599856 739.0296912738695 1116.7516703214833 814.0918542207828 858.0428700191469 541.2691963413131 846.422079782762 810.0186208207874 862.0447962507646 742.5533747136819 473.999283803103 616.8768689841154 750.4471663305058 397.3773611167471 728.7104097695005 763.5141127472425 361.679951782251 
485.51426619821723 804.1825740884537 714.1826704867035 479.121888124243 960.2733678819213 380.1082601188691 601.2765401773422 534.0760589847832 590.7908380599856 739.0296912738695 1116.7516703214833 814.0918476268284 858.0428700191469 541.2691963413131 846.422079782762 810.0081620459837 862.0447962507646 742.5533747136819 473.999283803103 616.8768689841154 750.4471663305058 397.3773611167471 728.7104097695005 762.594041026262 361.679951782251 
485.51426619821723 804.1825740884537 714.1826704867035 479.121888124243 960.2733678819213 380.1082601188691 601.2765401773422 534.0760589847832 590.7908380599856 739.0296912738695 1116.7516703214833 814.091847611407 858.0428700191455 541.2691963413131 846.422079782762 810.0081620459837 862.0447962507646 742.5533747136819 473.999283803103 616.8768689841154 750.4471663305058 397.3773611167471 728.7104097695005 761.3450505283708 361.679951782251 
485.51426619821723 804.1825740884537 714.1826704867035 479.121888124243 960.2733678819213 380.1082601188691 601.2765401773422 534.0760589847832 590.7908380599856 739.0296912738695 1116.7516703214833 814.0918475717008 858.0428700191451 541.2691963413131 836.6853792112211 810.0081620459837 862.0447962507646 742.5533747136819 473.999283803103 616.8768689841154 750.4471663305058 397.3773611167471 728.5858293694528 759.7727871112461 361.679951782251 
485.51426619821723 804.1825740884537 714.1826704867035 479.121888124243 960.2733678819213 380.1082601188691 601.2765401773422 534.0760589847832 590.7908380599856 739.0296912738695 1116.7516703214833 814.0918475490644 858.0428700191451 541.2691963413131 836.6605270926161 810.0081620459837 862.0447962507646 742.5533747136819 473.999283803103 616.8768689841154 750.4471663305058 397.3773611167471 725.8584921017637 758.0964448299487 361.679951782251 
485.51426619821723 804.1825740884537 714.1826704867035 479.121888124243 960.2733678819213 380.1082601188691 601.2765401773422 534.0760589847832 590.7908380599856 739.0296912738695 1116.7516703214833 814.0918475490644 858.0428700191451 541.2691963413131 836.636188020032 810.0081620459837 862.0447962507646 742.5533747136819 473.999283803103 616.8768689841154 750.4471663305058 397.3773611167471 725.3575656445819 757.9615395779306 361.673883319781 
485.51426619821723 804.1825740884537 714.1826704867035 479.121888124243 960.2733678819213 380.1082601188691 601.2765401773422 534.0760589847832 590.7908380599856 739.0296912738695 1116.7516703214833 814.0918475356029 858.0428700191451 541.2691963413131 836.6321557735323 810.0081620459837 862.0447962507646 742.5533747136819 473.999283803103 616.8768689841154 750.4471663305058 397.3773611167471 725.1996717059037 755.3122176584352 361.673883319781 
485.51426619821723 804.1825740884537 714.1826704867035 479.121888124243 960.2733678819213 380.1082601188691 601.2765401773422 534.0760589847832 590.7908380599856 739.0296912738695 1116.7516703214833 814.0918475356029 858.0428700191451 541.2691963413131 836.6291940517094 810.0081620459837 862.0447962507646 742.5533747136819 473.999283803103 616.8768689841154 750.4471663305058 397.3773611167471 725.1996717059037 753.7140926839752 361.673883319781 
485.51426619821723 804.1825740884537 714.1826704867035 479.121888124243 960.2733678819213 380.1082601188691 601.2765401773422 534.0760589847832 590.7908380599856 739.0296912738695 1116.7516703214833 814.0918475356029 858.0428700191451 541.2691963413131 836.6288549069468 810.0081620459837 862.0447962507646 742.5533747136819 473.999283803103 616.8768689841154 750.4471663305058 397.3773611167471 725.1996717059037 753.0720466575472 361.66688651025424 
485.51426619821723 804.1825740884537 714.1826704867035 479.121888124243 960.2733678819213 380.1082601188691 601.2765401773422 534.0760589847832 590.7908380599856 739.0296912738695 1116.7516703214833 814.0918475356029 858.0428700191451 541.2691963413131 828.7325859325042 810.0077803646172 862.0447962507646 742.5533747136819 473.999283803103 616.8768689841154 750.4471663305058 397.3773611167471 725.1995782154636 752.3586758555252 361.66688651025424 
485.51426619821723 804.1825740884537 714.1826704867035 479.121888124243 960.2733678819213 380.1082601188691 601.2765401773422 534.0760589847832 590.7908380599856 739.0296912738695 1116.7516703214833 814.0918475356029 858.0428700191451 541.2691963413131 828.6938217833354 810.0077625813319 862.0447962507646 742.5533747136819 473.999283803103 616.8768689841154 750.4471663305058 397.3773611167471 725.1995380620165 751.7988731783917 361.6648922553445 
485.51426619821723 804.1825740884537 714.1826704867035 479.121888124243 960.2733678819213 380.1082601188691 601.2765401773422 534.0760589847832 590.7908380599856 739.0296912738695 1116.7516703214833 814.091847534537 858.0428700191451 541.2691963413131 828.6835058819479 810.0077625813319 862.0447962507646 742.5533747136819 473.999283803103 616.8768689841154 750.4471663305058 397.3773611167471 725.1995279121606 751.39361937794 361.6647883247142 
485.51426619821723 804.1825740884537 714.1826704867035 479.121888124243 960.2733678819213 380.1082601188691 601.2765401773422 534.0760589847832 590.7908380599856 739.0296912738695 1116.7516703214833 814.0918475342332 858.0428700191451 541.2691963413131 828.6835058819479 810.0077625813319 862.0447962507646 742.5533747136819 473.999283803103 616.8768689841154 750.4471663305058 397.3773611167471 725.1995279121606 751.0634840539806 361.66453090498726 
485.51426619821723 804.1825740884537 714.1826704867035 479.121888124243 960.2733678819213 380.1082601188691 601.2765401773422 534.0760589847832 590.7908380599856 739.0296912738695 1116.7516703214833 814.0918475340991 858.0428700191451 541.2691963413131 828.6821135899668 810.0077625813319 862.0447962507646 742.5533747136819 473.999283803103 616.8768689841154 750.4471582798869 397.3773611167471 725.1995245917797 751.0076431747243 361.66442917727727 
485.51426619821723 804.1825740884537 714.1826704867035 479.121888124243 960.2733678819213 380.1082601188691 601.2765401773422 534.0760589847832 590.7908380599856 739.0296912738695 1116.7516703214833 814.0918475340991 858.0428700191451 541.2691963413131 828.681997671712 810.0077625813319 862.0447962507646 742.5533747136819 473.999283803103 616.8768689841154 750.4471582798869 397.3773611167471 725.199524245184 751.006016104308 361.664411169751 
485.51426619821723 804.1825740884537 714.1826704867035 479.121888124243 960.2733678819213 380.1082601188691 601.2765401773422 534.0760589847832 590.7908380599856 738.536793220605 1116.7516703214833 814.0918475340991 858.0428700191451 541.2691963413131 828.6819092057954 810.0077625813319 862.0447962507646 742.5533747136819 473.999283803103 616.8768689841154 750.4471582798869 397.3773611167471 725.199521751178 751.0059850224852 361.66440744757483 
485.51426619821723 804.1825740884537 714.1826704867035 479.121888124243 960.2733678819213 380.1082601188691 601.2765401773422 534.0760589847832 590.7908380599856 738.4458079668293 1116.7516703214833 814.0918475340991 858.0428700191451 541.2691963413131 828.6780714094439 810.0077454711904 862.0447962507646 742.5533747136819 473.999283803103 616.8768689841154 750.4471582798869 397.3773611167471 725.1995215370034 751.0059519354377 361.66440744757483 
485.51426619821723 804.1825740884537 714.1826704867035 479.121888124243 960.2733678819213 380.1082601188691 601.2765401773422 534.0760589847832 590.7908380599856 738.4372890735235 1116.7516703214833 814.0918475340991 858.0428700191451 541.2691963413131 828.6780174235455 810.0077442131633 862.0447962507646 742.5533747136819 473.999283803103 616.8768689841154 750.4471582798869 397.3773611167471 725.1995214924568 750.5631737480521 361.6644072700865 
485.51426619821723 804.1825740884537 714.1826704867035 479.121888124243 960.2733678819213 380.1082601188691 601.2765401773422 534.0760589847832 590.7908380599856 738.4323540029768 1116.7516703214833 814.0918475340991 858.0428700191451 541.2691963413131 828.6778729084217 810.0077442131633 862.0447962507646 742.5533747136819 473.999283803103 616.8768689841154 750.4471582798869 397.3773611167471 725.1995214902108 750.5477055263746 361.66440726793917 
485.51426619821723 804.1825740884537 714.1826704867035 479.121888124243 960.2733678819213 380.1082601188691 601.2765401773422 534.0760589847832 590.7908380599856 738.4323465027906 1116.7516703214833 814.0918475340991 858.0428700191451 541.2691963413131 828.6778281589304 810.0077442131633 862.0447962507646 742.5533747136819 473.999283803103 616.8768689841154 750.4471582798869 397.3773611167471 725.1995214803565 750.5465232719753 361.66440726781093 
485.51426619821723 804.1825740884537 714.1826704867035 479.121888124243 960.2733678819213 380.1082601188691 601.2765401773422 534.0760589847832 590.7908380599856 738.4322372498054 1116.7516703214833 814.0918475340554 858.0428700191451 541.2691963413131 828.6778281453353 810.0077442131633 862.0447962507646 742.5533747136819 473.999283803103 616.8768689841154 750.4471582798869 397.3773611167471 725.1995214803565 750.5462769336946 361.66440726614246 
485.51426619821723 804.1825740884537 714.1826704867035 479.121888124243 960.2733678819213 380.1082601188691 601.2765401773422 534.0760589847832 590.7908380599856 738.4322056999495 1116.7516703214833 814.0918475340554 858.0428700191451 541.2691963413131 828.6778281453353 810.0077442131633 862.0447962507646 742.5533747136819 473.999283803103 616.8768689841154 750.4471582798865 397.3773611167471 725.1995214802255 750.5462769336946 361.6644072657791 
485.51426619821723 804.1825740884537 714.1826704867035 479.121888124243 960.2733678819213 380.1082601188691 601.2765401773422 534.0760589847832 590.7908380599856 738.4322056999495 1116.7516703214833 814.0918475340554 858.0428700191451 541.2691963413131 828.6778279186756 810.0077442131628 862.0447962507646 742.5533747136819 473.999283803103 616.8768689841154 750.4471582798865 397.3773611167471 725.1995214802255 750.5462559847256 361.6644072657791 
485.51426619821723 804.1825740884537 714.1826704867035 479.121888124243 960.2733678819213 380.1082601188691 601.2765401773422 534.0760589847832 590.7908380599856 738.4322036707576 1116.7516703214833 814.0918475340554 858.0428700191451 541.2691963413131 828.6778279186756 810.0077442131628 862.0447962507646 742.5533747136819 473.999283803103 616.8768689841154 750.4471582798865 397.3773611167471 725.1995214802255 750.5462559847256 361.6644072657791 
485.51426619821723 804.1825740884537 714.1826704867035 479.121888124243 960.2733678819213 380.1082601188691 601.2765401773422 534.0760589847832 590.7908380599856 738.4322036704671 1116.7516703214833 814.0918475340554 858.0428700191451 541.2691963413131 828.6778279180103 810.0077442131628 862.0447962507646 742.5533747136819 473.999283803103 616.8768689841154 750.4471582798865 397.3773611167471 725.1995214797298 750.5462462846399 361.6626124638151 
485.51426619821723 804.1825740884537 714.1826704867035 479.121888124243 960.2733678819213 380.1082601188691 601.2765401773422 534.0760589847832 590.7908380599856 738.4322013167853 1116.0872554423431 814.0918475340554 858.0428700191451 541.2691963413131 828.6778279176356 810.0077442131624 862.0447962507646 742.5533747136819 473.999283803103 616.8768689841154 750.4471582798865 397.3773611167471 725.1995214797025 750.5462462846399 361.6594483114568 
485.51426619821723 804.1825740884537 714.1826704867035 479.121888124243 960.2733678819213 380.1082601188691 601.2765401773422 534.0760589847832 590.7908380599856 738.4322013167853 1116.0409645055888 814.0918475340554 858.0428700191451 541.2691963413131 828.6778279176356 810.0077442131624 862.0447962507646 742.5533747136819 473.999283803103 616.8768689841154 750.4471582798865 397.3773611167471 725.1995214796843 750.5462442010985 361.6588148257333 
485.51426619821723 804.1825740884537 714.1826704867035 479.121888124243 960.2733678819213 380.1082601188691 601.2765401773422 534.0760589847832 590.7908380599856 738.4322013167853 1116.0384138393374 814.0918475340554 858.0428700191451 541.2691963413131 828.6778279176356 810.0077442131624 862.0447962507646 742.5533747136819 473.999283803103 616.8768689841154 750.4471582798865 397.3773611167471 725.199521479683 750.5462442010985 361.658385468279 
485.51426619821723 804.1825740884537 714.1826704867035 479.121888124243 960.2733678819213 380.1082601188691 601.2765401773422 534.0760589847832 590.7908380599856 738.4322013167853 1116.0376149284598 814.0918475340554 858.0428700191451 541.2691963413131 828.6778279176356 810.0077442131619 862.0447962507646 742.5533747136819 473.999283803103 616.8768689841154 750.4471582798865 397.3773611167471 725.1995214796825 750.5462442010985 361.6583674286053 
485.51426619821723 804.1825740884537 714.1826704867035 479.121888124243 960.2733678819213 380.1082601188691 601.2765401773422 534.0760589847832 590.7908380599856 738.4322013167853 1116.037460050813 814.0918475340554 858.0428700191451 541.2691963413131 828.6778279176092 810.0077442131619 862.0447962507646 742.5533747136819 473.999283803103 616.8768689841154 750.4471582798865 397.3773611167471 725.1995214796821 750.5462442010985 361.6583660711467 
485.51426619821723 804.1825740884537 714.1826704867035 479.121888124243 960.2733678819213 380.1082601188691 601.2765401773422 534.0760589847832 590.7908380599856 738.4322013167853 1116.0374595472067 814.0918475340554 858.0428700191451 541.2691963413131 828.6778279176092 810.0077442131619 862.0447962507646 742.5533747136819 473.999283803103 616.8768689841154 750.4471582798865 397.3773611167471 725.1995214796807 750.5462442010985 361.6583660711467 
485.51426619821723 804.1825740884537 714.1826704867035 479.121888124243 960.2733678819213 380.1082601188691 601.2765401773422 534.0760589847832 590.7908380599856 738.4322013167853 1116.0374548214768 814.0918475340554 858.0428700191451 541.2691963413131 828.6778279176092 810.0077442131619 862.0447962507646 742.5533747136819 473.999283803103 616.8768689841154 750.4471582798865 397.3773611167471 725.1995214796798 750.5462442010985 361.6582838984077 
485.51426619821723 804.1825740884537 714.1826704867035 479.121888124243 960.2733678819213 380.1082601188691 601.2765401773422 534.0760589847832 590.7908380599856 738.4322013167853 1116.0374544806787 814.0918475340554 858.0428700191451 541.2691963413131 828.6778279176092 810.0077442131619 862.0447962507646 742.5533747136819 473.999283803103 616.8768689841154 750.4471582798865 397.3773611167471 725.1995214796798 750.5462442010985 361.6582838984077 
485.51426619821723 804.1825740884537 714.1826704867035 479.121888124243 960.2733678819213 379.364414307267 601.2765401773422 534.0760589847832 590.7908380599856 738.4322013167853 1116.0374544078181 814.0918475340554 858.0428700191451 541.2691963413131 828.6778279176069 810.0077442131619 862.0447962507646 742.5533747136819 473.999283803103 616.8768689841154 750.4471582798865 397.3773611167471 725.1995214796798 750.5462442010985 361.65827773634373 
485.51426619821723 804.1825740884537 714.1826704867035 479.121888124243 960.2733678819213 379.3644074546969 601.2765401773422 534.0760589847832 590.7908380599856 738.4322013167853 1116.0373053920894 814.0918475340554 858.0428700191451 541.2691963413131 828.6778279176069 810.0077442131619 862.0447962507646 742.5533747136819 473.999283803103 616.8768689841154 750.4471582798865 397.3773611167471 725.1995214796798 750.5462442010985 361.65826694548696 
485.51426619821723 804.1825740884537 714.1826704867035 479.121888124243 960.2733678819213 379.3644074546969 601.2765401773422 534.0760589847832 590.7908380599856 738.4322013167853 1116.0372882697934 814.0918475340554 858.0428700191451 541.2691963413131 828.6778279176065 810.0077442131619 862.0447962507646 742.5533747136819 473.999283803103 616.8768689841154 750.4471582798865 397.3773611167471 725.1995214796798 750.546244201098 361.658185068633 
485.51426619821723 804.1825740884537 714.1826704867035 479.121888124243 960.2733678819213 379.36440664838165 601.2765401773422 534.0760589847832 590.7908380599856 738.4322013167853 1116.0372847834442 814.0918475340554 858.0428700191451 541.2691963413131 828.6778279176065 810.0077442131619 862.0447962507646 742.5533747136819 473.999283803103 616.8768689841154 750.4471582798865 397.3773611167471 725.1995214796798 750.546244201098 361.658185068633 
485.51426619821723 804.1825740884537 714.1826704867035 479.121888124243 960.2733678819213 379.36440656851664 601.2765401773422 534.0760589847832 590.7908380599856 738.4322013167853 1116.0372840976884 814.0918475340554 858.0428700191451 541.2691963413131 828.6778279176065 810.0077442131619 862.0447962507646 742.5533747136819 473.999283803103 616.8768689841154 750.4471582798865 397.3773611167471 725.1995214796798 750.546244201098 361.658185068633 
485.51426619821723 804.1825740884537 714.1826704867035 479.121888124243 960.2733678819213 379.3644065665976 601.2765401773422 534.0760589847832 590.7908380599856 738.4322013167848 1116.0372840976884 814.0918475340554 858.0428700191451 541.2691963413131 828.677827917601 810.0077442131619 862.0447962507646 742.5533747136819 473.999283803103 616.8768689841154 750.4471582798865 397.3773611167471 725.1995214796798 750.546244201098 361.65818506840105 
485.51426619821723 804.1825740884537 714.1826704867035 479.121888124243 960.2733678819213 379.3644065661729 601.2765401773422 534.0760589847832 590.7908380599856 738.4322013167848 1116.0372840976884 814.0918475340554 858.0428700191451 541.2691963413131 828.6778279176006 810.0077442131619 862.0447962507646 742.5533747136819 473.999283803103 616.8768689841154 750.4471582798865 397.3773611167471 725.1995214796798 750.5462442010971 361.65818506840105 
485.51426619821723 804.1825740884537 714.1826704867035 479.121888124243 960.2733678819213 379.3644065661729 601.2765401773422 534.0760589847832 590.7908380599856 738.4322013167848 1116.0372840976884 814.0918475340554 858.0428700191451 541.2691963413131 828.6778279176006 810.0077442131619 862.0447962507646 742.5533747136819 473.999283803103 616.8768689841154 750.4471582798865 397.3773611167471 725.1995214796798 750.5462442010971 361.6581850683615 
485.51426619821723 804.1825740884537 714.1826704867035 479.121888124243 960.2733678819213 379.3644065661729 601.2765401773422 534.0760589847832 590.7908380599856 738.4322013167848 1116.0372840976884 814.0918475340554 858.0428700191451 541.2691963413131 828.6778279176006 810.0077442131619 862.0447962507646 742.5533747136819 473.999283803103 616.8768689841154 750.4471582798865 397.3773611167471 725.1995214796798 750.5462442010971 361.6581850683615 
485.51426619821723 804.1825740884537 714.1826704867035 479.121888124243 960.2733678819213 379.3644065661729 601.2765401773422 534.0760589847832 590.7908380599856 738.4322013167848 1116.0372840976884 814.0918475340554 858.0428700191451 541.2691963413131 828.6778279176006 810.0077430660426 862.0447962507646 742.5533747136819 473.999283803103 616.8768689841154 750.4471582798865 397.3773611167471 725.1995214796798 750.5462442010971 361.6581850683615 
485.51426619821723 804.1825740884537 714.1826704867035 479.121888124243 960.2733678819213 379.3644065661729 601.2765401773422 534.0760589847832 590.7908380599856 738.4322013167848 1116.0372840976884 814.0918475340554 858.0428700191451 541.2691963413131 828.6778279176006 810.0077430660426 862.0447962507646 742.5533747136819 473.999283803103 616.8768689841154 750.4471582798865 397.3773611167471 725.1995214796798 750.5462442010971 361.6581850683551 
485.51426619821723 804.1825740884537 714.1826704867035 479.121888124243 960.2733678819213 379.3644065661729 601.2765401773422 534.0760589847832 590.7908380599856 738.4322013167848 1116.0372840906111 814.0918475340554 858.0428700191451 541.2691963413131 828.6778279176006 810.0077430660426 862.0447962507646 742.5533747136819 473.999283803103 616.8768689841154 750.4471582798865 397.3773611167471 725.1995214796798 750.5462442010971 361.65818506835285 
485.51426619821723 804.1825740884537 714.1826704867035 479.121888124243 960.2733678819213 379.3644065661729 601.2765401773422 534.0760589847832 590.7908380599856 738.4322013167848 1116.0372840906111 814.0918475340554 858.0428700191451 541.2691963413131 828.6778279176006 810.0077430660426 862.0447962507646 742.5533747136819 473.999283803103 616.8768689841154 750.4471582798865 397.3773611167471 725.1995214796798 750.5462442010971 361.6581850683524 
485.51426619821723 804.1825740884537 714.1826704867035 479.121888124243 960.2733678819213 379.3644065661729 601.2765401773422 534.0760589847832 590.7908380599856 738.4322013167848 1116.0372840906111 814.0918475340554 858.0428700191451 541.2691963413131 828.6778279176006 810.0077430660426 862.0447962507646 742.5533747136819 473.999283803103 616.8768689841154 750.4471582798865 397.3773611167471 725.1995214796798 750.2228695649605 361.6581850683524 
485.51426619821723 804.1825740884537 714.1826704867035 479.121888124243 960.2733678819213 379.3644065661729 601.2765401773422 534.0760589847832 590.7908380599856 738.4322013167848 1116.037284090176 814.0918475340554 858.0428700191451 541.2691963413131 828.6778279176006 810.0077430660426 862.0447962507646 742.5533747136819 473.999283803103 616.8768689841154 750.4471582798865 397.3773611167471 725.1995214796798 750.2228695649605 361.6581850683524 
485.51426619821723 804.1825740884537 714.1826704867035 479.121888124243 960.2733678819213 379.3644065661729 601.2765401773422 534.0760589847832 590.7908380599856 738.4322013167848 1116.0372840901618 814.0918475340554 858.0428700191451 541.2691963413131 828.6778279176006 810.0077430660426 862.0447962507646 742.5533747136819 473.999283803103 616.8768689841154 750.4471582798865 397.3773611167471 725.1995214796798 750.2228695649605 361.6581850683524 
485.51426619821723 804.1825740884537 714.1826704867035 479.121888124243 960.2733678819213 379.3644065661724 601.2765401773422 534.0760589847832 590.7908380599856 738.4322013167848 1116.0372840901618 814.0918475340554 858.0428700191451 541.2691963413131 828.6778279176006 810.0077430660422 862.0447962507646 742.5533747136819 473.999283803103 616.8768689841154 750.4471582798865 397.3773611167471 725.1995214796798 750.2228695649605 361.6581850683524 
485.51426619821723 804.1825740884537 714.1826704867035 479.121888124243 960.2733678819213 379.3644065661724 601.2765401773422 534.0760589847832 590.7908380599856 738.4322013167848 1116.0372840901618 814.0918475340554 858.0428700191451 541.2691963413131 828.6778279176006 810.0077430660422 862.0447962507646 742.5533747136819 473.999283803103 616.8768689841154 750.4471582798865 397.3773611167471 725.1995214796798 750.2228695649605 361.6581850683524 
485.51426619821723 804.1825740884537 714.1826704867035 479.121888124243 960.2733678819213 379.3644065661724 601.2765401773422 534.0760589847832 590.7908380599856 738.4322013167848 1116.0372840901437 814.0918475340554 858.0428700191451 541.2691963413131 828.6778279176006 810.0077430660422 862.0447962507646 742.5533747136819 473.999283803103 616.8768689841154 750.4471582798865 397.3773611167471 725.1995214796798 750.2228695649605 361.6581850683524 
485.51426619821723 804.1825740884537 714.1826704867035 479.121888124243 960.2733678819213 379.3644065661724 601.2765401773422 534.0760589847832 590.7908380599856 738.4322013167848 1116.0372840901437 814.0918475340554 858.0428700191451 541.2691963413131 828.6778279176006 810.0077430660422 862.0447962507646 742.5533747136819 473.999283803103 616.8768689841154 750.4471582798865 397.3773611167471 725.1995214796798 750.2228695649605 361.6581850683524 
485.51426619821723 804.1825740884537 714.1826704867035 479.121888124243 960.2733678819213 379.3644065661724 601.2765401773422 534.0760589847832 590.7908380599856 738.4322013167848 1116.0372840901432 814.0918475340554 858.0428700191451 541.2691963413131 828.6778279176006 810.0077430660422 862.0447962507646 742.5533747136819 473.999283803103 616.8768689841154 750.4471582798865 397.3773611167471 725.1995214796798 750.2228695649605 361.6581850683524 
485.51426619821723 804.1825740884537 714.1826704867035 479.121888124243 960.2733678819213 379.3644065661724 601.2765401773422 534.0760589847832 590.7908380599856 738.4322013167848 1116.0372840901432 814.0918475340554 858.0428700191451 541.2691963413131 828.6778279176006 810.0077430660422 862.0447962507646 742.5533747136819 473.999283803103 616.8768689841154 750.4471582798865 397.3773611167471 725.1995214796798 750.2228695649605 361.6581850683524 
485.51426619821723 804.1825740884537 714.1826704867035 479.121888124243 960.2733678819213 379.3644065661724 601.2765401773422 534.0760589847832 590.7908380599856 738.4322013167848 1116.0372840901427 814.0918475340554 858.0428700191451 541.2691963413131 828.6778279176006 810.0077430660422 862.0447962507646 742.5533747136819 473.999283803103 616.8768689841154 750.4471582798865 397.3773611167471 725.1995214796798 750.2228695649605 361.6581850683524 
485.51426619821723 804.1825740884537 714.1826704867035 479.121888124243 960.2733678819213 379.3644065661724 601.2765401773422 534.0760589847832 590.7908380599856 738.4322013167848 1116.0372840901427 814.0918475340554 858.0428700191451 541.2691963413131 828.6778279176006 810.0077430660422 862.0447962507646 742.5533747136819 473.999283803103 616.8768689841154 750.4471582798865 397.3773611167471 723.198661899798 750.2228695649605 361.6581850683524 
485.51426619821723 804.1825740884537 714.1826704867035 479.121888124243 960.2733678819213 379.3644065661724 601.2765401773422 534.0760589847832 590.7908380599856 738.4322013167848 1116.0372840901427 813.7070996839966 858.0428700191451 541.2691963413131 828.6778279176006 810.0077430660422 862.0447962507646 742.5533747136819 473.999283803103 616.8768689841154 750.4471582798865 397.3773611167471 721.1312861822703 750.2228695649605 361.6581850683524 
485.51426619821723 804.1825740884537 714.1826704867035 479.121888124243 960.2733678819213 379.3644065661724 601.2765401773422 534.0760589847832 590.7908380599856 738.432199736938 1116.0372840901427 811.1867035212463 858.0428700191451 541.2691963413131 828.6778279176006 810.0077430660422 862.0447962507646 742.5533747136819 473.999283803103 616.8768689841154 750.4471582798865 397.3773611167471 719.2926739457089 750.2228695649605 361.6581850683524 
485.51426619821723 804.1825740884537 714.1826704867035 479.121888124243 960.2733678819213 379.3644065661724 601.2765401773422 534.0760589847832 590.7908380599856 738.432199736938 1116.0372840901427 811.141799385216 858.0428700191451 541.2691963413131 828.6778279176006 810.0077430660422 862.0447962507646 742.5533747136819 473.999283803103 616.8768689841154 750.4471582798865 397.3773611167471 718.1156449406371 750.2228695649605 361.6581850683524 
485.51426619821723 804.1825740884537 714.1826704867035 479.121888124243 960.2733678819213 379.3644065661724 601.2765401773422 534.0760589847832 590.7908380599856 738.432199736938 1116.0372840901427 810.5900780506126 858.0428700191451 541.2691963413131 828.6778279176006 810.0077430660422 862.0447962507646 742.5533747136819 473.999283803103 616.8768689841154 750.4471582798865 397.3773611167471 716.8483630638716 750.2228695649605 361.6581850683524 
485.51426619821723 804.1825740884537 714.1826704867035 479.121888124243 960.2733678819213 379.3644065661724 601.2765401773422 534.0760589847832 590.7908380599856 738.432199736938 1116.0372840901427 810.5739215025815 858.0428700191451 541.2691963413131 828.6778279176006 810.0077430660422 862.0447962507646 742.5533747136819 473.999283803103 616.8768689841154 750.4471582798865 397.3773611167471 716.3621688195276 750.2228695649605 361.6581850683524 
485.51426619821723 804.1825740884537 714.1826704867035 479.121888124243 960.2733678819213 379.3644065661724 601.2765401773422 534.0760589847832 590.7908380599856 738.432199736938 1116.0372840901427 810.5684541431992 858.0428700191451 541.2691963413131 828.6778279176006 810.0077430660422 862.0447962507646 742.5533747136819 473.999283803103 616.8768689841154 750.4471582798865 397.3773611167471 716.2780710517527 750.2228695649605 361.6581850683524 
485.51426619821723 804.1825740884537 714.1826704867035 479.121888124243 960.2733678819213 379.3644065661724 601.2765401773422 534.0760589847832 590.7908380599856 738.432199736938 1116.0372840901427 810.5684541431992 858.0428700191451 541.2691963413131 828.6778279176006 810.0077430660422 862.0447962507646 742.5533747136819 473.999283803103 616.8768689841154 750.4471582798865 397.3773611167471 716.1095041096423 750.2228695649605 361.6581850683524 
485.51426619821723 804.1825740884537 714.1826704867035 479.121888124243 960.2733678819213 379.3644065661724 601.2765401773422 534.0760589847832 590.7908380599856 738.432199736938 1116.0372840901427 810.5684541431992 858.0428700191451 541.2691963413131 828.6778279176006 810.0077430660422 862.0447962507646 742.5533747136819 473.999283803103 616.8768689841154 750.4471582798865 397.3773611167471 716.0837832822044 750.2228695649605 361.6581850683524 
485.51426619821723 804.1825740884537 714.1826704867035 479.121888124243 960.2733678819213 379.3644065661724 601.2765401773422 534.0760589847832 590.7908380599856 738.432199736938 1116.0372840901427 810.5682957552599 858.0428700191451 541.2691963413131 828.6778279176006 810.0077430660422 862.0447962507646 742.5533747136819 473.999283803103 616.8768689841154 750.4471582798865 397.3773611167471 716.0816688075083 750.2228695649605 361.6581850683524 
485.4964254817787 804.1825740884537 714.1826704867035 479.121888124243 960.2733678819213 379.3644065661724 601.2765401773422 534.0760589847832 590.7908380599856 738.432199736937 1116.0372840901427 810.5682592876842 858.0428700191451 541.2691963413131 828.6778279176006 810.0077430660422 862.0447962507646 742.5533747136819 473.999283803103 616.8768689841154 750.4471582798865 397.3773611167471 713.5154747137558 750.2228695649605 361.6581850683524 
485.4964254817787 804.1825740884537 714.1826704867035 479.121888124243 960.2733678819213 379.3644065661724 601.2765401773422 534.0760589847832 590.7908380599856 738.432199736937 1116.0372840901427 810.5681812374028 858.0428700191451 541.2691963413131 828.6778279176006 810.0077430660422 862.0447962507646 742.5533747136819 473.999283803103 616.8768689841154 750.4471582798865 397.3773611167471 713.4959197537478 750.2228695649605 361.6581850683524 
485.4964254817787 804.1825740884537 714.1826704867035 479.121888124243 960.2733678819213 379.3644065661724 601.2765401773422 534.0760589847832 590.7908380599856 738.432199736937 1115.8849759544973 810.568166143009 858.0428700191451 541.2691963413131 828.6778279176006 810.0077430660422 862.0447962507646 742.5533747136819 473.999283803103 616.8768689841154 750.4471582798865 397.3773611167471 713.4758253662467 750.2228695649605 361.6581850683524 
485.4964254817787 804.1825740884537 714.1826704867035 479.121888124243 960.2733678819213 379.3644065661724 601.2765401773422 534.0760589847832 590.7908380599856 738.432199736937 1115.862553177988 810.5681651085051 858.0428700191451 541.2691963413131 828.6778279176006 810.0077430660422 862.0447962507646 742.5533747136819 473.999283803103 616.8768689841154 750.4471582798865 397.3773611167471 713.4689915085769 750.2228695649605 361.6581850683524 
485.4964254817787 804.1825740884537 714.1826704867035 479.121888124243 960.2733678819213 379.3644065661724 601.2765401773422 534.0760589847832 590.7908380599856 738.432199736937 1115.8585945574268 810.5681499417283 858.0428700191451 541.2691963413131 828.6778279176006 810.0077430660422 862.0447962507646 742.5533747136819 473.999283803103 616.8768689841154 750.4471582798865 397.3773611167471 713.467819334156 750.2228695649605 361.6581850683524 
485.4964254817787 804.1825740884537 714.1826704867035 479.121888124243 960.2733678819213 379.3644065661724 601.2765401773422 534.0760589847832 590.7908380599856 738.432199736937 1115.856666792899 810.5681499417283 858.0428700191451 541.2691963413131 828.6778279176006 810.0077430660422 862.0447962507646 742.5533747136819 473.999283803103 616.8768689841154 750.4471582798865 397.3773611167471 713.463771532056 750.2228695649605 361.6581850683524 
485.4964254817787 804.1825740884537 714.1826704867035 479.121888124243 960.2733678819213 379.3644065661724 601.2765401773422 534.0760589847832 590.7908380599856 738.432199736937 1115.8565720619736 810.5681499417283 858.0428700191451 541.2691963413131 828.6778279176006 810.0077430660422 862.0447962507646 742.5533747136819 473.999283803103 616.8768689841154 750.4471582798865 397.3773611167471 713.4634911292083 750.2228695649605 361.6581850683524 
485.4964254817787 804.1825740884537 714.1826704867035 479.121888124243 960.2733678819213 379.3644065661724 601.2765401773422 534.0760589847832 590.7908380599856 738.432199736937 1115.85507404982 810.5681495765593 858.0428700191451 541.2691963413131 828.6778279176006 810.0077430660422 862.0447962507646 742.5533747136819 473.999283803103 616.8768689841154 750.4471582798865 397.3773611167471 713.4634911292083 750.2228695649605 361.6581850683524 
485.4964254817787 804.1825740884537 714.1826704867035 479.121888124243 960.2733678819213 379.3644065661724 601.2765401773422 534.0760589847832 590.7908380599856 738.432199736937 1115.8547537672434 810.5681495765593 858.0428700191451 541.2691963413131 828.6778279176006 810.0077430660422 862.0447962507646 742.5533747136819 473.999283803103 616.8768689841154 750.4471582798865 397.3773611167471 713.4634067458251 750.2228695649605 361.6581850683524 
485.4964254817787 804.1825740884537 714.1826704867035 479.121888124243 960.2733678819213 379.3644065661724 601.2765401773422 534.0760589847832 590.7908380599856 738.432199736937 1115.8540851798753 810.5681375288495 858.0428700191451 541.2691963413131 828.6778279176006 810.0077430660422 862.0447962507646 742.5533747136819 473.999283803103 616.8768689841154 750.4471582798865 397.3773611167471 713.4634058988167 750.2228695649605 361.6581850683524 
485.4964254817787 804.1825740884537 714.1826704867035 479.121888124243 960.2733678819213 379.3644065661724 601.2765401773422 534.0760589847832 590.7908380599856 738.432199736937 1115.8540668197375 810.5681375288495 858.0428700191451 541.2691963413131 828.6778279176006 810.0077430660422 862.0447962507646 742.5533747136819 473.999283803103 616.8768689841154 750.4471582798865 397.3773611167471 713.4633944307043 750.2228695649605 361.6581850683524 
485.4964254817787 804.1825740884537 714.1826704867035 479.121888124243 960.2733678819213 379.3644065661724 601.2765401773422 534.0760589847832 590.7908380599856 738.432199736937 1115.8540668197375 810.5681375288495 858.0428700191451 541.2691963413131 828.6778279176006 810.0077430660422 862.0447962507646 742.5533747136819 473.999283803103 616.8768689841154 750.4471582798865 397.3773611167471 713.4633886369102 750.2228695649605 361.6581850683524 
485.4964254817787 804.1825740884537 714.1826704867035 479.121888124243 960.2733678819213 377.9242925803969 601.2765401773422 534.0760589847832 590.7908380599856 738.432199736937 1115.8540181139097 810.5681375288495 858.0428700191451 541.2691963413131 828.6778279176006 810.0077430660422 862.0447962507646 742.5533747136819 473.999283803103 616.8768689841154 750.4471582798865 397.3773611167471 713.4633886369102 750.2228695649605 361.6581850683524 
485.4964254817787 804.1825740884537 714.1826704867035 479.121888124243 960.2733678819213 377.92367265767643 601.2765401773422 534.0760589847832 590.7908380599856 738.432199736937 1115.8540181139097 810.5681375288495 858.0428700191451 541.2691963413131 828.6778279176006 810.0077430660422 862.0447962507646 742.5533747136819 473.999283803103 616.8768689841154 750.4471582798865 397.3773611167471 713.4633636151666 750.2228668444063 361.6581850683524 
485.4964254817787 804.1825740884537 714.1826704867035 479.121888124243 960.2733678819213 377.92367265767643 601.2765401773422 534.0760589847832 590.7908380599856 738.432199736937 1115.8540175765474 810.5681375288495 858.0428700191451 541.2691963413131 828.6778279176006 810.0077430660422 862.0447962507646 742.5533747136819 473.999283803103 616.8768689841154 750.4471582798865 397.3773611167471 713.4633636151666 750.2228668444063 361.6581850683524 
485.4964254817787 804.1825740884537 714.1826704867035 479.121888124243 960.2733678819213 377.92346225171923 601.2765401773422 534.0760589847832 590.7908380599856 738.432199736937 1115.853943753983 810.5681375288495 858.0428700191451 541.2691963413131 828.6778279176006 810.0077430660422 862.0447962507646 742.5533747136819 473.999283803103 616.8768689841154 750.4471582798865 397.3773611167471 713.4633611978566 750.2228668444063 361.6581850683524 
485.4964254817787 804.1825740884537 714.1826704867035 479.121888124243 960.2733678819213 377.9234490381168 601.2765401773422 534.0760589847832 590.7908380599856 738.432199736937 1115.6491180528906 810.5681375288495 858.0428700191451 541.2691963413131 828.6778279176006 810.0077430660422 862.0447962507646 742.5533747136819 473.999283803103 616.8768689841154 750.4471582798865 397.3773611167471 713.4633611978566 750.2228668444063 361.6581850683524 
485.4964254817787 804.1825740884537 714.1826704867035 479.121888124243 960.2733678819213 377.9234490381168 601.2765401773422 534.0760589847832 590.7908380599856 738.432199736937 1115.6490647593655 810.5681375288495 858.0428700191451 541.2691963413131 828.6778279176006 810.0077430660422 862.0447962507646 742.5533747136819 473.999283803103 616.8768689841154 750.4471582798865 397.3773611167471 713.4633610124138 750.2228668444063 361.6581850683524 
485.4964254817787 804.1825740884537 714.1826704867035 479.121888124243 960.2733678819213 377.9234490376375 601.2765401773422 534.0760589847832 590.7908380599856 738.432199736937 1115.6405229783022 810.5681375288495 858.0428700191451 541.2691963413131 828.6778279176006 810.0077430660422 862.0447962507646 742.5533747136819 473.999283803103 616.8768689841154 750.4471582798865 397.3773611167471 713.4633610124138 750.2228668444059 361.6581850683524 
485.4964254817787 804.1825740884537 714.1826704867035 479.121888124243 960.2733678819213 377.9234490376375 601.2765401773422 534.0760589847832 590.7908380599856 738.432199736937 1115.6400522190215 810.5681375288495 858.0428700191451 541.2691963413131 828.6778279176006 810.0077430660422 862.0447962507646 742.5533747136819 473.999283803103 616.8768689841154 750.4471582798865 397.3773611167471 713.4633610116925 750.2228668444059 361.6581850683524 
485.4964254817787 804.1825740884537 714.1826704867035 479.121888124243 960.2733678819213 377.9234490376375 601.2765401773422 534.0760589847832 590.7908380599856 738.432199736937 1115.6400522190215 810.5681375288495 858.0428700191451 541.2691963413131 828.6778279176006 810.0077430660422 862.0447962507646 742.5533747136819 473.999283803103 616.8768689841154 749.2372945874863 397.3773611167471 713.4633610107476 750.2228668444059 361.6581850683524 
485.4964254817787 804.1825740884537 714.1826704867035 479.121888124243 960.2733678819213 377.9234490376375 601.2765401773422 534.0760589847832 590.7908380599856 738.432199736937 1115.6378730683018 810.5681375288495 858.0428700191451 541.2691963413131 828.6778279176006 810.0077430660422 862.0447962507646 742.5533747136819 473.999283803103 616.8768689841154 749.0185354348059 397.3773611167471 713.4633605078934 750.2228668444059 361.6581850683524 
485.4964254817787 804.1825740884537 714.1826704867035 479.121888124243 960.2733678819213 377.9234490376375 601.2765401773422 534.0760589847832 590.7908380599856 738.432199736937 1115.6375534848044 810.5681375288495 858.0428700191451 541.2691963413131 828.6778279176006 810.0077430660422 862.0447962507646 742.5533747136819 473.999283803103 616.8768689841154 748.9838297847255 397.3773611167471 713.4633598957193 750.2228668444059 361.6581850683524 
485.4964254817787 804.1825740884537 714.1826704867035 479.121888124243 960.2733678819213 377.9234490376375 601.2765401773422 534.0760589847832 590.7908380599856 738.432199736937 1115.6375534848044 810.5681375288495 858.0428700191451 541.2691963413131 828.6778279176006 810.0077430660422 862.0447962507646 742.5533747136819 473.999283803103 616.8768689841154 748.9709734254552 397.3773611167471 713.4633598957193 748.7322683918983 361.6578172717236 
485.4964254817787 804.1825740884537 714.1826704867035 479.121888124243 960.2733678819213 377.9234490376375 601.2765401773422 534.0760589847832 590.7908380599856 738.432199736937 1115.6374719019745 810.5681375288495 858.0428700191451 541.2691963413131 828.6778279176006 810.0077430660422 862.0447962507646 742.5533747136819 473.999283803103 616.8768689841154 748.965617267575 397.3773611167471 713.4633598957193 748.6512976887911 361.6578172717236 
485.4964254817787 804.1825740884537 714.1826704867035 479.121888124243 960.2733678819213 377.9234490376375 601.2765401773422 534.0760589847832 590.7908380599856 738.432199736937 1115.6374717583067 810.5681375288495 858.0428700191451 541.2691963413131 828.6778279176006 810.0077430660422 862.0447962507646 742.5533747136819 473.999283803103 616.8768689841154 748.965617267575 397.3773611167471 713.4633598957193 748.6393861869201 361.6578172717236 
485.4964254817787 804.1825740884537 714.1826704867035 479.121888124243 960.2733678819213 377.9234490376375 601.2765401773422 534.0760589847832 590.7908380599856 738.432199736937 1115.6372426595094 810.5681375288495 857.9218254358557 541.2691963413131 828.6778279176006 810.0077430660422 862.0447962507646 742.5533747136819 473.999283803103 616.8768689841154 748.9631329209433 397.3773611167471 713.4633598957193 748.6368478805653 361.6578172717236 
485.4964254817787 804.1825740884537 714.1826704867035 479.121888124243 960.2733678819213 377.9234490376375 601.2765401773422 534.0760589847832 590.7908380599856 738.432199736937 1115.6372426595094 810.5681375288495 857.9218254358557 541.2691963413131 828.6778279176006 810.0077430660422 862.0447962507646 742.5533747136819 473.999283803103 616.8768689841154 748.9631329209433 397.3773611167471 713.4633598957193 748.6346782804371 361.6578172717236 
485.4964254817787 804.1825740884537 714.1826704867035 479.121888124243 960.2733678819213 377.92344903763706 601.2765401773422 534.0760589847832 590.7908380599856 738.432199736937 1115.6372426241464 810.5681375288495 857.920512583707 541.2691963413131 828.6778279176006 810.0077430660422 862.0447962507646 742.5533747136819 473.999283803103 616.8768689841154 748.9624145281787 397.3773611167471 713.4633598957193 748.6346782804371 361.6578172717236 
485.4964254817787 804.1825740884537 714.1826704867035 479.121888124243 960.2733678819213 377.92344903763706 601.2765401773422 534.0760589847832 590.7908380599856 738.432199736937 1115.6372375690216 810.5681375288495 857.9204912115802 541.2691963413131 828.6778279176006 810.0077430660422 862.0447962507646 742.5533747136819 473.999283803103 616.8768689841154 748.9623616542158 397.3773611167471 713.4633598957193 748.6321730198342 361.6578172717236 
485.4964254817787 804.1825740884537 714.1826704867035 479.121888124243 960.2733678819213 377.92344903763706 601.2765401773422 534.0760589847832 590.7908380599856 738.432199736937 1115.637236261532 810.5681375288495 857.9202792474453 541.2691963413131 828.6778279176006 810.0077430660422 862.0447962507646 742.5533747136819 473.999283803103 616.8768689841154 748.9623415764308 397.3773611167471 713.4633598957193 748.631648048311 361.6578172717236 
485.4964254817787 804.1825740884537 714.1826704867035 479.121888124243 960.2733678819213 377.92344903763706 601.2765401773422 534.0760589847832 590.7908380599856 738.432199736937 1115.6363965341197 810.5681375288495 857.918510213397 541.2691963413131 828.6778279176006 810.0077430660422 862.0447962507646 742.5533747136819 473.999283803103 616.8768689841154 748.9623337766075 397.3773611167471 713.4633598957193 748.6312813212694 361.6578172717236 
485.4964254817787 804.1825740884537 714.1826704867035 479.121888124243 960.2733678819213 377.92344903763706 601.2765401773422 534.0760589847832 590.7908380599856 738.432199736937 1115.6363904814134 810.5681375288495 857.9177275577799 541.2691963413131 828.6778279176006 810.0077430660422 862.0447962507646 742.5533747136819 473.999283803103 616.8768689841154 748.9623327457202 397.3773611167471 713.4633598957193 748.6312771254761 361.6578172717236 
485.4964254817787 804.1825740884537 714.1826704867035 479.121888124243 960.2733678819213 377.92344903763706 601.2765401773422 534.0760589847832 590.7908380599856 738.432199736937 1115.6360140625402 810.5681375288495 857.9177275577799 541.2691963413131 828.6778279176006 810.0077430660422 862.0447962507646 742.5533747136819 473.999283803103 616.8768689841154 748.9623325829039 397.3773611167471 713.4633598957193 748.6312744527213 361.6578172717236 
485.4964254817787 804.1825740884537 714.1826704867035 479.121888124243 960.2733678819213 377.92344903763706 601.2765401773422 534.0760589847832 590.7908380599856 738.432199736937 1115.6360140625402 810.5681375288495 857.9177275577799 541.2691963413131 828.6778279176006 810.0077430660422 862.0447962507646 742.5533747136819 473.999283803103 616.8768689841154 748.9623325829039 397.3773611167471 713.4633598957193 748.6312736206246 361.6578172717236 
485.4964254817787 804.1825740884537 714.1826704867035 479.121888124243 960.2733678819213 377.92344903763706 601.2765401773422 534.0760589847832 590.7908380599856 738.432199736937 1115.6360140625402 810.5681375288495 857.9177275577799 541.2691963413131 828.6778279176006 810.0077430660422 862.0447962507646 742.5533747136819 473.999283803103 616.8768689841154 748.9623325829039 397.3773611167471 713.4633598957193 748.6312594849423 361.6578172717236 
485.4964254817787 804.1825740884537 714.1826704867035 479.121888124243 960.2733678819213 377.92344903763706 601.2765401773422 534.0760589847832 590.7908380599856 738.432199736937 1115.6360137486763 810.5681375288495 857.9177275577799 541.2691963413131 828.6778279176006 810.0077430660422 862.0447962507646 742.5533747136819 473.999283803103 616.8768689841154 748.9623325646971 397.3773611167471 713.4633598957193 748.6312594849423 361.6578172717236 
485.4964254817787 804.1825740884537 714.1826704867035 479.121888124243 960.2733678819213 377.92344903763706 601.2765401773422 534.0760589847832 590.7908380599856 738.432199736937 1115.636013319865 810.5681375288495 857.9177275577799 541.2691963413131 828.6778279176006 810.0077430660422 862.0447962507646 742.5533747136819 473.999283803103 616.8768689841154 748.9623325626517 397.3773611167471 713.4633598957193 748.631253346779 361.6578172717236 
485.4964254817787 804.1825740884537 714.1826704867035 479.121888124243 960.2733678819213 377.92344903763706 601.2765401773422 534.0760589847832 590.7908380599856 738.432199736937 1115.6360105092504 810.5681375288495 857.9177275577799 541.2691963413131 828.6778279176006 810.0077430660422 862.0447962507646 742.5533747136819 473.999283803103 616.8768689841154 748.962332561563 397.3773611167471 713.4633598957193 748.631253346779 361.6578172717236 
485.4964254817787 804.1825740884537 714.1826704867035 479.121888124243 960.2733678819213 377.92344903763706 601.2765401773422 534.0760589847832 590.7908380599856 738.432199736937 1115.6360105092504 810.5681375288495 857.9177275577799 541.2691963413131 828.6778279176006 810.0077430660422 862.0447962507646 742.5533747136819 473.999283803103 616.8768689841154 748.9623325608559 397.3773611167471 713.4633598957193 748.6311187298925 361.6578172717236 
485.4964254817787 804.1825740884537 714.1826704867035 479.121888124243 960.2733678819213 377.92344903763706 601.2765401773422 534.0760589847832 590.7908380599856 738.432199736937 1115.6358604025913 810.5681375288495 857.9177275577799 541.2691963413131 828.6778279176006 810.0077430660422 862.0447962507646 742.5533747136819 473.999283803103 616.8768689841154 748.9623325603261 397.3773611167471 713.4633598957193 748.6310571373688 361.6578172717236 
485.4964254817787 804.1825740884537 714.1826704867035 479.121888124243 960.2733678819213 377.92344903763706 601.2765401773422 534.0760589847832 590.7908380599856 738.432199736937 1115.6358395196348 810.5681375288495 857.9176872910748 541.2691963413131 828.4311485781996 810.0077430660422 862.0447962507646 742.5533747136819 473.999283803103 616.8768689841154 748.9623325603061 397.3773611167471 713.4633598957193 748.6310571373688 361.6578172717236 
485.4964254817787 804.1825740884537 714.1826704867035 479.121888124243 960.2733678819213 377.92344903763706 601.2765401773422 534.0760589847832 590.7908380599856 738.432199736937 1115.6358330717303 810.5681375288495 857.9174779538853 541.2691963413131 828.3373008091785 810.0077430660422 862.0447962507646 742.5533747136819 473.999283803103 616.8768689841154 748.9623325603061 397.3773611167471 713.4633598957193 748.6310571373688 361.6578172717236 
485.4964254817787 804.1825740884537 714.1826704867035 479.121888124243 960.2733678819213 377.92344903763706 601.2765401773422 534.0760589847832 590.7908380599856 738.432199736937 1115.635831185196 810.5681375288495 857.9174779538853 541.2691963413131 828.3287691373635 810.0077430660422 862.0447962507646 742.5533747136819 473.999283803103 616.8768689841154 748.9623325603043 397.3773611167471 713.4633598957193 748.6309915902202 361.6578172717236 
485.4964254817787 804.1825740884537 714.1826704867035 479.121888124243 960.2733678819213 377.92344903763706 601.2765401773422 534.0760589847832 590.7908380599856 738.432199736937 1115.635830932627 810.5681375288495 857.9174779538853 541.2691963413131 828.3287691373635 810.0077430660422 862.0447962507646 742.5533747136819 473.999283803103 616.8768689841154 748.9623325602961 397.3773611167471 713.4633598957193 748.6309911502999 361.6578172717236 
485.4964254817787 804.1825740884537 714.1826704867035 479.121888124243 960.2733678819213 377.92344903763706 601.2765401773422 534.0760589847832 590.7908380599856 738.432199736937 1115.635830932627 810.5681375288495 857.9174779538853 541.2691963413131 828.3287691373635 810.0077430660422 862.0447962507646 742.5533747136819 473.999283803103 616.8768689841154 748.9623325602952 397.3773611167471 713.4633598957193 748.6309904933537 361.6578172717236 
485.4964254817787 804.1825740884537 714.1826704867035 479.121888124243 960.2733678819213 377.92344903763706 601.2765401773422 534.0760589847832 590.7908380599856 738.432199736937 1115.6358308173485 810.5681375288495 857.9174779538853 541.2691963413131 828.3287691373635 810.0077430660422 862.0447962507646 742.5533747136819 473.999283803103 616.8768689841154 748.9623325602952 397.3773611167471 713.4633598957193 748.6309903913229 361.6578172717236 
485.4964254817787 804.1825740884537 714.1826704867035 479.121888124243 960.2733678819213 377.92344903763706 601.2765401773422 534.0760589847832 590.7908380599856 738.432199736937 1115.6358308098415 810.5681375288495 857.9174779538853 541.2691963413131 828.3287691373635 810.0077430660422 862.0447962507646 742.5533747136819 473.999283803103 616.8768689841154 748.9623325602952 397.3773611167471 713.4633598957193 748.6309903668252 361.6578172717236 
485.4964254817787 804.1825740884537 714.1826704867035 479.121888124243 960.2733678819213 377.92344903763706 601.2765401773422 534.0760589847832 590.7908380599856 738.432199736937 1115.6358308082017 810.5681375288495 857.9174779538853 541.2691963413131 828.3287647972575 810.0077430660422 862.0447962507646 742.5533747136819 473.999283803103 616.8768689841154 748.9623325602952 397.3773611167471 713.4633598957193 748.6309903358456 361.6578172717236 
485.4964254817787 804.1825740884537 714.1826704867035 479.121888124243 960.2733678819213 377.92344903763706 601.2765401773422 534.0760589847832 590.7908380599856 738.432199736937 1115.6358308082017 810.5681375288495 857.9174779538853 541.2691963413131 828.3287647519101 810.0077430660422 862.0447962507646 742.5533747136819 473.999283803103 616.8768689841154 748.9623325602952 397.3773611167471 713.4633598957193 748.6309903318024 361.6578172717236 
485.4964254817787 804.1825740884537 714.1826704867035 479.121888124243 960.2733678819213 377.92344903763706 601.2765401773422 534.0760589847832 590.7908380599856 738.432199736937 1115.6358308062704 810.5681375288495 857.9174779538853 541.2691963413131 828.328764751905 810.0077430660422 862.0447962507646 742.5533747136819 473.999283803103 616.8768689841154 748.9623325602952 397.3773611167471 713.4633598957193 748.6309903310257 361.6578172717236 
485.4964254817787 804.1825740884537 714.1826704867035 479.121888124243 960.2733678819213 377.92344903763706 601.2765401773422 534.0760589847832 590.7908380599856 738.432199736937 1115.6358308062704 810.5681375288495 857.9174779538848 541.2691963413131 828.328764751901 810.0077430660422 862.0447962507646 742.5533747136819 473.999283803103 616.8768689841154 748.9623325602952 397.3773611167471 713.4633598957193 748.6309903310257 361.6578172717236 
485.4964254817787 804.1825740884537 714.1826704867035 479.121888124243 960.2733678819213 377.92344903763706 601.2765401773422 534.0760589847832 590.7908380599856 738.432199736937 1115.6358308062704 810.5681375288495 857.9174779538848 541.2691963413131 828.328764751901 810.0077430660422 862.0447962507646 742.5533747136819 473.999283803103 616.8768689841154 748.9623325602952 397.3773611167471 713.4633598957193 748.6309903309289 361.6578172717236 
485.4964254817787 804.1825740884537 714.1826704867035 479.121888124243 960.2733678819213 377.92344903763706 601.2765401773422 534.0760589847832 590.7908380599856 738.432199736937 1115.6358308053523 810.5681375288495 857.9174779538844 541.2691963413131 828.328764751901 810.0077430660422 862.0447962507646 742.5533747136819 473.999283803103 616.8768689841154 748.9623325602952 397.3773611167471 713.4633598957193 748.6309903308979 361.6578172717236 
485.4964254817787 804.1825740884537 714.1826704867035 479.121888124243 960.2733678819213 377.92344903763706 601.2765401773422 534.0760589847832 590.7908380599856 738.432199736937 1115.6358308053523 810.5681375288495 857.9174484919577 541.2691963413131 828.328764751901 810.0077430660422 862.0447962507646 742.5533747136819 473.999283803103 616.8768689841154 748.9623325602952 397.3773611167471 713.4633598957193 748.6309903308979 361.6578172717236 
485.4964254817787 804.1825740884537 714.1826704867035 479.121888124243 960.2733678819213 377.92344903763706 601.2765401773422 534.0760589847832 590.7908380599856 738.432199736937 1115.6358308053523 810.5681375288495 857.9174484907526 541.2691963413131 828.328764751901 810.0077430660422 862.0447962507646 742.5533747136819 473.999283803103 616.8768689841154 748.9623325602952 397.3773611167471 713.4633598957193 748.6309903308897 361.6578172717236 
485.4964254817787 804.1825740884537 714.1826704867035 479.121888124243 960.2733678819213 377.92344903763706 601.2765401773422 534.0760589847832 590.7908380599856 738.432199736937 1115.6358307352475 810.5681375288495 857.9174483743277 541.2691963413131 828.328764751901 810.0077430660422 862.0447962507646 742.5533747136819 473.999283803103 616.8768689841154 748.9623325602952 397.3773611167471 713.4633598957193 748.6309903308879 361.6578172717236 
485.4964254817787 804.1825740884537 714.1826704867035 479.121888124243 960.2733678819213 377.92344903763706 601.2765401773422 534.0760589847832 590.7908380599856 738.432199736937 1115.6358307352475 810.5681375288495 857.9174483743277 541.2691963413131 828.328764751901 810.0077430660422 862.0447962507646 742.5533747136819 473.999283803103 616.8768689841154 748.9623325602952 397.3773611167471 713.4633598957193 748.630990330887 361.6578172717236 
485.4964254817787 804.1825740884537 714.1826704867035 479.121888124243 960.2733678819213 377.92344903763706 601.2765401773422 534.0760589847832 590.7908380599856 738.432199736937 1115.6358307274727 810.5681375288495 857.9174483743277 541.2691963413131 828.328764751901 810.0077430660422 862.0447962507646 742.5533747136819 473.999283803103 616.8768689841154 748.9623325602952 397.3773611167471 713.4633598957193 748.630990330887 361.6578172717236 
485.4964254817787 804.1825740884537 714.1826704867035 479.121888124243 960.2733678819213 377.92344903763706 601.2765401773422 534.0760589847832 590.7908380599856 738.432199736937 1115.6358307274727 810.5681375288495 857.9174483743277 541.2691963413131 828.328764751901 810.0077430660422 862.0447962507646 742.5533747136819 473.999283803103 616.8768689841154 748.9623325602952 397.3773611167471 713.4633598957193 748.6309903308866 361.6578172717236 
485.4964254817787 804.1825740884537 714.1826704867035 479.121888124243 960.2733678819213 377.92344903763706 601.2765401773422 534.0760589847832 590.7908380599856 738.432199736937 1115.635830726725 810.5681375288495 857.9174483728284 541.2691963413131 828.328764751901 810.0077430660422 862.0447962507646 742.5533747136819 473.999283803103 616.8768689841154 748.9623325602952 397.23013817119227 713.4633598957193 748.6309903308866 361.6578172717236 
485.4964254817787 804.1825740884537 714.1826704867035 479.121888124243 960.2733678819213 377.92344903763706 601.2765401773422 534.0760589847832 590.7908380599856 738.432199736937 1115.6358307263895 810.5681375288495 857.9174483728284 541.2691963413131 828.328764751901 810.0077430660422 862.0447962507646 742.5533747136819 473.999283803103 616.8768689841154 748.9623325602952 396.7270081772763 713.4633598957193 748.6309903308857 361.6578172717236 
485.4964254817787 804.1825740884537 714.1826704867035 479.121888124243 960.2733678819213 377.92344903763706 601.2765401773422 534.0760589847832 590.7908380599856 738.432199736937 1115.6358307263895 810.5681375288495 857.917448372189 541.2691963413131 828.328764751901 810.0077430660422 862.0447962507646 742.5533747136819 473.999283803103 616.8768689841154 748.9623325602952 396.7021716025929 713.4633598957193 748.6309903308857 361.6578172717236 
485.4964254817787 804.1825740884537 714.1826704867035 479.121888124243 960.2733678819213 377.92344903763706 601.2765401773422 534.0760589847832 590.7908380599856 738.432199736937 1115.4601831763475 810.5681375288495 857.9174483721545 541.2691963413131 828.328764751901 810.0077430660422 862.0447962507646 742.5533747136819 473.999283803103 616.8768689841154 748.9623325602952 396.63680392893275 713.4633598957193 748.6309903308857 361.6578172717236 
485.4964254817787 804.1825740884537 714.1826704867035 479.121888124243 960.2733678819213 377.92344903763706 601.2765401773422 534.0760589847832 590.7908380599856 738.432199736937 1115.3936809305605 810.5681375288495 857.9174483721399 541.2691963413131 828.328764751901 810.0077430660422 862.0447962507646 742.5533747136819 473.999283803103 616.8768689841154 748.9623325602952 396.63680392893275 713.4633598957193 748.6309903308857 361.6578172717236 
485.4964254817787 804.1825740884537 714.1826704867035 479.121888124243 960.2733678819213 377.92344903763706 601.2765401773422 534.0760589847832 590.7908380599856 738.432199736937 1115.3851357712656 810.5681375288495 857.9174483721395 541.2691963413131 828.328764751901 810.0077430660422 862.0447962507646 742.5533747136819 473.999283803103 616.8768689841154 748.9623325602952 396.6365013495665 713.4633598957193 748.6309903308857 361.6578172717236 
485.4964254817787 804.1825740884537 714.1826704867035 479.121888124243 960.2733678819213 377.92344903763706 601.2765401773422 534.0760589847832 590.7908380599856 738.432199736937 1115.384918355484 810.5681375288495 857.9174483721376 541.2691963413131 828.328764751901 810.0077430660422 862.0447962507646 742.5533747136819 473.999283803103 616.8768689841154 748.9623325602952 396.6365013495665 713.4633598957193 748.6309903308857 361.6578172717236 
485.4964254817787 804.1825740884537 714.1826704867035 479.121888124243 960.2733678819213 377.92344903763706 601.2765401773422 534.0760589847832 590.7908380599856 738.432199736937 1115.3832032019918 810.5681375288495 857.9174483721376 541.2691963413131 828.328764751901 810.0077430660422 862.0447962507646 742.5533747136819 473.999283803103 616.8768689841154 748.9623325602952 396.63618785917697 713.4633598957193 748.6309903308857 361.6578172717236 
485.4964254817787 804.1825740884537 714.1826704867035 479.121888124243 960.2733678819213 377.92344903763706 601.2765401773422 534.0760589847832 590.7908380599856 738.432199736937 1115.3832000659595 810.5681375288495 857.9174483721376 541.2691963413131 828.328764751901 810.0077430660422 862.0447962507646 742.5533747136819 473.999283803103 616.8768689841154 748.9623325602952 396.6361790951355 713.4633598957193 748.6309903308857 361.6578172717236 
485.4964254817787 804.1825740884537 714.1826704867035 479.121888124243 960.2733678819213 377.92344903763706 601.2765401773422 534.0760589847832 590.7908380599856 738.432199736937 1115.383127960999 810.5681375288495 857.9174483721376 541.2691963413131 828.328764751901 810.0077430660422 862.0447962507646 742.5533747136819 473.999283803103 616.8768689841154 748.9623325602952 396.6361721015146 713.4633598957193 748.6309903308857 361.6578172717236 
485.4964254817787 804.1825740884537 714.1826704867035 479.121888124243 960.2733678819213 377.92344903763706 601.2765401773422 534.0760589847832 590.7908380599856 738.432199736937 1115.3831041537778 810.5681375288495 857.9174483721376 541.2691963413131 828.328764751901 810.0077430660422 862.0447962507646 742.5533747136819 473.999283803103 616.8768689841154 748.9623325602952 396.6361712683365 713.4633598957193 748.6309903308857 361.6578172717236 
485.4964254817787 804.1825740884537 714.1826704867035 479.121888124243 960.2733678819213 377.92344903763706 601.2765401773422 534.0760589847832 590.7908380599856 738.432199736937 1115.3830948484401 810.5681375288495 857.9174483721376 541.2691963413131 828.328764751901 810.0077430660422 862.0447962507646 742.5533747136819 473.999283803103 616.8768689841154 748.9623325602952 396.6361712683365 713.4633598957193 748.6309903308857 361.6578172717236 
485.4964254817787 804.1825740884537 714.1826704867035 479.121888124243 960.2733678819213 377.92344903763706 601.2765401773422 534.0760589847832 590.7908380599856 738.432199736937 1115.3830870666793 810.5681375288495 857.9174483721376 541.2691963413131 828.328764751901 810.0077430660422 862.0447962507646 742.5533747136819 473.999283803103 616.8768689841154 748.9623325602952 396.63617107604205 713.4633598957193 748.6309903308857 361.6578172717236 
485.4964254817787 804.1825740884537 714.1826704867035 479.121888124243 960.2733678819213 377.92344903763706 601.2765401773422 534.0760589847832 590.7908380599856 738.432199736937 1115.3830861907618 810.5681375288495 857.8309633697231 541.2691963413131 828.328764751901 810.0077430660422 862.0447962507646 742.5533747136819 473.999283803103 616.8768689841154 748.9623325602952 396.63617097019323 713.4633598957193 748.6309903308857 361.6578172717236 
485.4964254817787 804.1825740884537 714.1826704867035 479.121888124243 960.2733678819213 377.92344903763706 601.2765401773422 534.0760589847832 590.7908380599856 738.4321887255633 1115.383085757966 810.5681375288495 857.8309633697231 541.2691963413131 828.328764751901 810.0077430660422 862.0447962507646 742.5533747136819 473.999283803103 616.8768689841154 748.9623325602952 396.63617096206053 713.4633598957193 748.6309903308857 361.6578172717236 
485.4964254817787 804.1825740884537 714.1826704867035 479.121888124243 960.2733678819213 377.92344903763706 601.2765401773422 534.0760589847832 590.7908380599856 738.4321887255633 1115.383085757966 810.5681375288495 857.8309633697231 541.2691963413131 828.328764751901 810.0077430660422 862.0447962507646 742.5533747136819 473.999283803103 616.8768689841154 748.9623325602952 396.6361709608718 713.4633598957193 748.6309903308857 361.6578172717236 
485.4964254817787 804.1825740884537 714.1826704867035 479.121888124243 960.2733678819213 377.92344903763706 601.2765401773422 534.0760589847832 590.7908380599856 738.4321887255633 1115.383085746691 810.5681375288495 857.8309633697231 541.2691963413131 828.328764751901 809.8849396842829 862.0447962507646 742.5533747136819 473.999283803103 616.8768689841154 748.9623325602952 396.63617096066264 713.4633598957193 748.6309903308857 361.6578172717236 
485.4964254817787 804.1825740884537 714.1826704867035 479.121888124243 960.2733678819213 377.92344903763706 601.2765401773422 534.0760589847832 590.7908380599856 738.4321887255633 1115.3830857384487 810.5681375288495 857.8309633697231 541.2691963413131 828.328764751901 809.839118418744 862.0447962507646 742.5533747136819 473.999283803103 616.8768689841154 748.9623325602952 396.63617096066264 713.4633598957193 748.6309903308857 361.6578172717236 
485.4964254817787 804.1825740884537 714.1826704867035 479.121888124243 960.2733678819213 377.92344903763706 601.2765401773422 534.0760589847832 590.7908380599856 738.4321887255633 1115.3830857384487 810.5681375288495 857.8309633697231 541.2691963413131 828.328764751901 809.839118418744 862.0447962507646 742.5533747136819 473.999283803103 616.8768689841154 748.9623325602952 396.6361709600833 713.4633598957193 748.6309903308857 361.6578172717236 
485.4964254817787 804.1825740884537 714.1826704867035 479.121888124243 960.2733678819213 377.92344903763706 601.2765401773422 534.0760589847832 590.7908380599856 738.4321887255633 1115.383085736432 810.5681375288495 857.8309633697231 541.2691963413131 828.328764751901 809.832383511557 862.0447962507646 742.5533747136819 473.999283803103 616.8768689841154 748.9623325602952 396.6361709600833 713.4633598957193 748.6309903308857 361.6578172717236 
485.4964254817787 804.1825740884537 714.1826704867035 479.121888124243 960.2733678819213 377.92344903763706 601.2765401773422 534.0760589847832 590.7908380599856 738.4321887255633 1115.3830857347739 810.5681375288495 857.8309633697231 541.2691963413131 828.328764751901 809.8321487499802 862.0447962507646 742.5533747136819 473.999283803103 616.8768689841154 748.9623325602952 396.6361709600833 713.4633598957193 748.6309903308857 361.6578172717236 
485.4964254817787 804.1825740884537 714.1826704867035 479.121888124243 960.2733678819213 377.92344903763706 601.2765401773422 534.0760589847832 590.7908380599856 738.4321887255633 1115.3830857338407 810.5681375288495 857.8309633697231 541.2691963413131 828.328764751901 809.8321026804033 862.0447962507646 742.5533747136819 473.999283803103 616.8768689841154 748.9623325602952 396.6361709600833 713.4633598957193 748.6309903308857 361.6578172717236 
485.4964254817787 804.1825740884537 714.1826704867035 479.121888124243 960.2733678819213 377.92344903763706 601.2765401773422 534.0760589847832 590.7908380599856 738.4321887255633 1115.383085733774 810.5681375288495 857.8309633697231 541.2691963413131 828.328764751901 809.8321026804033 862.0447962507646 742.5533747136819 473.999283803103 616.8768689841154 748.9623325602952 396.63617096008284 713.4633598957193 748.6309903308857 361.6578172717236 
485.4964254817787 804.1825740884537 714.1826704867035 479.121888124243 960.2733678819213 377.92344903763706 601.2765401773422 534.0760589847832 590.7908380599856 738.4321887255633 1115.3830857337716 810.5681375288495 857.8309619218899 541.2691963413131 828.328764751901 809.8321021527813 862.0447962507646 742.5533747136819 473.999283803103 616.8768689841154 748.9623325602952 396.63617096008284 713.4633598957193 748.6309903308857 361.6578172717236 
485.4964254817787 804.1825740884537 711.3162284511022 479.121888124243 960.2733678819213 377.92344903763706 601.2765401773422 534.0760589847832 590.7908380599856 738.4321887255633 1115.3830857337598 810.5681375288495 857.8309619218899 541.2691963413131 828.328764751901 809.8320992557074 862.0447962507646 742.5533747136819 473.999283803103 616.8768689841154 748.9623325602952 396.6361709600824 713.4633598957193 748.6309903308857 361.6578172717236 
485.4964254817787 804.1825740884537 711.2329145437047 479.121888124243 960.2733678819213 377.92344903763706 601.2765401773422 534.0760589847832 590.7908380599856 738.4321887255633 1115.3830857337598 810.5681375288495 857.8309617442164 541.2691963413131 828.328764751901 809.8320985689206 862.0447962507646 742.5533747136819 473.999283803103 616.8768689841154 748.9623325602952 396.6361709600824 713.4633598957193 748.6309903308857 361.6578172717236 
485.4964254817787 804.1825740884537 711.2231843035406 479.121888124243 960.2733678819213 377.92344903763706 601.2765401773422 534.0760589847832 590.7908380599856 738.4321887255633 1115.3830857337598 810.5681375288495 857.8309617442164 541.2691963413131 828.328764751901 809.832098425416 862.0447962507646 742.5533747136819 473.999283803103 616.8768689841154 748.9623325602952 396.6361709600824 713.4633598957193 748.6309903308857 361.6578172717236 
485.4964254817787 804.1825740884537 711.2019010463046 479.121888124243 960.2733678819213 377.92344903763706 601.2765401773422 534.0760589847832 590.7908380599856 738.4321887255633 1115.3830857337598 810.5681375288495 857.8309617442164 541.2691963413131 828.328764751901 809.8320984018405 862.0447962507646 742.5533747136819 473.999283803103 616.8768689841154 748.9623325602952 396.6361709600824 713.4633598957193 748.6309903308857 361.6578172717236 
485.4964254817787 804.1825740884537 711.1840586800463 479.121888124243 960.2733678819213 377.92344903763706 601.2765401773422 534.0760589847832 590.7908380599856 738.4321887255633 1115.3830857337598 810.5681375288495 857.8309617442164 541.2691963413131 828.328764751901 809.832098341727 862.0447962507646 742.5533747136819 473.999283803103 616.8768689841154 748.9623325602952 396.6361709600824 713.4633598957193 748.6309903308857 361.6578172717236 
485.4964254817787 804.1825740884537 711.1821090682552 479.121888124243 960.2733678819213 377.92344903763706 601.2765401773422 534.0760589847832 590.7908380599856 738.4321887255633 1115.3830857337598 810.5681375288495 857.8309617442164 541.2691963413131 828.328764751901 809.8320982587429 862.0447962507646 742.5533747136819 473.999283803103 616.8768689841154 748.9623325602952 396.6361709600824 713.4633598957193 748.6309903308857 361.6578172717236 
485.4964254817787 804.1825740884537 711.1819830577242 479.121888124243 960.2733678819213 377.92344903763706 601.2765401773422 534.0760589847832 590.7908380599856 738.4321887255633 1115.3830857337598 810.5681375288495 857.8309617442164 541.2691963413131 828.328764751901 809.8320982578161 862.0447962507646 742.5533747136819 473.999283803103 616.8768689841154 748.9623325602952 396.6361709600824 713.4633598957193 748.6309903308857 361.6578172717236 
485.4964254817787 804.1825740884537 711.1819830577242 479.121888124243 960.2733678819213 377.92344903763706 601.2765401773422 534.0760589847832 590.7908380599856 738.4321887255633 1115.3830857337598 810.5681375288495 857.8309617442155 541.2691963413131 828.328764751901 809.8320982578161 862.0447962507646 742.5533747136819 473.999283803103 616.8768689841154 748.9623325602952 396.6361709600824 713.4633598957193 748.6309903308857 361.6578172717236 
485.4964254817787 804.1825740884537 711.1819830577242 479.121888124243 960.2733678819213 377.92344903763706 601.2765401773422 534.0760589847832 590.7908380599856 738.4321887255633 1115.3830857337598 810.5681375288495 857.8309020899446 541.2691963413131 828.328764751901 809.8320982578148 862.0447962507646 742.5533747136819 473.999283803103 616.8768689841154 748.9623325602952 396.6361709600824 713.4633598957193 748.6309903308857 361.6578172717236 
485.4964254817787 804.1825740884537 711.1819764937036 479.121888124243 960.2733678819213 377.92344903763706 601.2765401773422 534.0760589847832 590.7908380599856 738.4321887255633 1115.3830857337598 810.5681375288495 857.830811943671 541.2691963413131 828.328764751901 809.8320982578143 862.0447962507646 742.5533747136819 473.999283803103 616.8768689841154 748.9623325602952 396.6361709600824 713.4633598957193 748.6309903308857 361.6578172717236 
485.4964254817787 804.1825740884537 711.1819764937036 479.121888124243 960.2733678819213 377.92344903763706 601.2765401773422 534.0760589847832 590.7908380599856 738.4321887255633 1115.3830857337598 810.5681375288495 857.830811943671 541.2691963413131 828.328764751901 809.8320982578143 862.0447962507646 742.5533747136819 473.999283803103 616.8768689841154 748.9623325602952 396.6361709600824 713.4633598957193 748.6309903308857 361.65520046374195 
485.4964254817787 804.1825740884537 711.1819764937036 479.121888124243 960.2733678819213 377.92344903763706 601.2765401773422 534.0760589847832 590.7908380599856 738.4321887255633 1115.3830857337598 810.5681375288495 857.830811943671 541.2691963413131 828.328764751901 809.8320982560763 862.0447962507646 742.5533747136819 473.999283803103 616.8768689841154 748.9623325602952 396.6361709600824 713.4633598957193 748.6309903308857 361.65520046374195 
485.4964254817787 804.1825740884537 711.181974113963 479.121888124243 960.2733678819213 377.92344903763706 601.2765401773422 534.0760589847832 590.7908380599856 738.4321887255633 1115.3830857337598 810.5681375288495 857.830811943671 541.2691963413131 828.328764751901 809.832098253592 862.0447962507646 742.5533747136819 473.999283803103 616.8768689841154 748.9623325602952 396.6361709600815 713.4633598957193 748.6309903308857 361.65520046374195 
485.4964254817787 804.1825740884537 711.1819730146167 479.121888124243 960.2733678819213 377.92344903763706 601.2765401773422 534.0760589847832 590.7908380599856 738.4321887255633 1115.3830857337598 810.5681375288495 857.830811943671 541.2691963413131 828.328764751901 809.8320982534788 862.0447962507646 742.5533747136819 473.999283803103 616.8768689841154 748.9623325602952 396.6361709600815 713.4633598957193 748.6309903308857 361.6550930807757 
485.4964254817787 804.1825740884537 711.181972992089 479.121888124243 960.2733678819213 377.92344903763706 601.2765401773422 534.0760589847832 590.7908380599856 738.4321887255633 1115.3830857337598 810.5681375288495 857.830811943671 541.2691963413131 828.328764751901 809.8320982534601 862.0447962507646 742.5533747136819 473.999283803103 616.8768689841154 748.9623325602952 396.6361709600815 713.4633598957193 748.6309903308857 361.6550772397177 
485.4964254817787 804.1825740884537 711.181972971628 479.121888124243 960.2733678819213 377.92344903763706 601.2765401773422 534.0760589847832 590.7908380599856 738.4321887255633 1115.3830857337598 810.5681375288495 857.830811943671 541.2691963413131 828.328764751901 809.8320982534574 862.0447962507646 742.5533747136819 473.999283803103 616.8768689841154 748.9623325602952 396.6361709600815 713.4633598957193 748.6309903308857 361.6550772397177 
485.4964254817787 804.1825740884537 711.1819729686149 479.121888124243 960.2733678819213 377.92344903763706 601.2765401773422 534.0760589847832 590.7908380599856 738.4321887255633 1115.3830857337598 810.5681375288495 857.830811943671 541.2691963413131 828.328764751901 809.8320982534556 862.0447962507646 742.5533747136819 473.999283803103 616.8768689841154 748.9623325602952 396.6361709600815 713.4633598957193 748.6309903308857 361.655077033879 
485.4964254817787 804.1825740884537 711.1819729686149 479.121888124243 960.2733678819213 377.92344903763706 601.2765401773422 534.0760589847832 590.7908380599856 738.4321887255633 1115.3830857337598 810.5681375288495 857.8308119436706 541.2691963413131 828.328764751901 809.8320982534556 862.0447962507646 742.5533747136819 473.999283803103 616.8768689841154 748.9623325602952 396.6361709600815 713.4633598957193 748.6309903308857 361.65507694628104 
485.4964254817787 804.1825740884537 711.1819278130711 479.121888124243 960.2733678819213 377.92344903763706 601.2765401773422 534.0760589847832 590.7908380599856 738.4321887255633 1115.3830857337598 810.5681375288495 857.8308119436701 541.2691963413131 828.328764751901 809.8320982534551 862.0447962507646 742.5533747136819 473.999283803103 616.8768689841154 748.9623325602952 396.6361709600815 713.4633598957193 748.6309903308857 361.65507691166795 
485.4964254817787 804.1825740884537 711.1819278130711 479.121888124243 960.2733678819213 377.92344903763706 601.2765401773422 534.0760589847832 590.7908380599856 738.4321887255633 1115.3830857337598 810.5681375288495 857.8308119436701 541.2691963413131 828.328764751901 809.8320982534551 862.0447962507646 742.5533747136819 473.999283803103 616.8768689841154 748.9623325602952 396.6361709600815 713.4633598957193 748.6309903308857 361.6550769080018 
485.4964254817787 804.1825740884537 711.1819278130711 479.121888124243 960.2733678819213 377.92344903763706 601.2765401773422 534.0760589847832 590.7908380599856 738.4321887255633 1115.3830857337598 810.5681375288495 857.8308094561844 541.2691963413131 828.328764751901 809.8320982534551 862.0447962507646 742.5533747136819 473.999283803103 616.8768689841154 748.9623325602952 396.636170960081 713.4633598957193 748.6309903308857 361.6550769071132 
485.4964254817787 804.1825740884537 711.1819278130711 479.121888124243 960.2733678819213 377.92344903763706 601.2765401773422 534.0760589847832 590.7908380599856 738.4321887255633 1115.3830857337598 810.5681375288495 857.8308091618533 541.2691963413131 828.328764751901 809.8320982534551 862.0447962507646 742.5533747136819 473.999283803103 616.8768689841154 748.9623325602952 396.636170960081 713.1707593183428 748.6309903308857 361.65507690709364 
485.4964254817787 804.1825740884537 711.1819278130711 479.121888124243 960.2733678819213 377.92344903763706 601.2765401773422 534.0760589847832 590.7908380599856 738.4321887255633 1115.3830857337598 810.5681375288495 857.8308091618533 541.2691963413131 828.328764751901 809.8320982534551 862.0447962507646 742.5533747136819 473.999283803103 616.8768689841154 748.9623325602952 396.636170960081 713.1707593183428 748.6309903308857 361.65507690709364 
485.4964254817787 804.1825740884537 711.1819278130706 479.121888124243 960.2733678819213 377.92344903763706 601.2765401773422 534.0760589847832 590.7908380599856 738.4321887255633 1115.3830857337598 810.5681375288495 857.8308091618533 541.2691963413131 828.328764751901 809.8320982534551 862.0447962507646 742.5533747136819 473.999283803103 616.8768689841154 748.9623325602952 396.636170960081 713.1707593183428 748.6309903308857 361.6550769069768 
485.4964254817787 804.1825740884537 711.1819278130706 479.121888124243 960.2733678819213 377.92344903763706 601.2765401773422 534.0760589847832 590.7908380599856 738.4321887255633 1115.3830857337598 810.5681375288495 857.8308091559484 541.2691963413131 828.328764751901 809.8320982534551 862.0447962507646 742.5533747136819 473.999283803103 616.8768689841154 748.9623325602952 396.636170960081 713.1707593183428 748.6309903308857 361.65507690695677 
485.4964254817787 804.1825740884537 711.1819278130706 479.121888124243 960.2733678819213 377.92344903763706 601.2765401773422 534.0760589847832 590.7908380599856 738.4321887255633 1115.3830857337598 810.5681375288495 857.8308091559484 541.2691963413131 828.328764751901 809.8320982534551 862.0447962507646 742.5533747136819 473.999283803103 616.8768689841154 748.9623325602952 396.636170960081 713.1707593183428 748.6309903308857 361.65507690694676 
485.4964254817787 804.1825740884537 711.1819278130706 479.121888124243 960.2733678819213 377.92344903763706 601.2765401773422 534.0760589847832 590.7908380599856 738.4321887255633 1115.3830857337598 810.5681375288495 857.8308091559484 541.2691963413131 828.328764751901 809.8320982534551 862.0447962507646 742.5533747136819 473.999283803103 616.8768689841154 748.9623325602952 396.636170960081 713.1707593183428 748.6309903308857 361.65507690694676 
485.4964254817787 804.1825740884537 711.1819278130706 479.121888124243 960.2733678819213 377.92344903763706 601.2765401773422 534.0760589847832 590.7908380599856 738.4321887255633 1115.3830857337598 810.5681375288495 857.8308091559479 541.2691963413131 828.328764751901 809.8320982534551 862.0447962507646 742.5533747136819 473.999283803103 616.8768689841154 748.9623325602952 396.636170960081 713.0734525022262 748.6309903308857 361.65507690694676 
485.4964254817787 804.1825740884537 711.1819278130706 479.121888124243 960.2733678819213 377.92344903763706 601.2765401773422 534.0760589847832 590.7908380599856 738.4321887255633 1115.3830857337598 810.5681375288495 857.8308091559479 541.2691963413131 828.328764751901 809.8320982534551 862.0447962507646 742.5533747136819 473.999283803103 616.8768689841154 748.9623325602952 396.636170960081 713.0734525022262 748.6309903308857 361.6550769069463 
485.4964254817787 804.1825740884537 711.1819278130706 479.121888124243 960.2733678819213 377.92344903763706 601.2765401773422 534.0760589847832 590.7908380599856 738.4321887255633 1115.3830857337598 810.5681375288495 857.8308091550898 541.2691963413131 828.328764751901 809.8320982534551 862.0447962507646 742.5533747136819 473.999283803103 616.8768689841154 748.9623325602952 396.636170960081 713.0734525022262 748.6309903308857 361.6550769069463 
485.4964254817787 804.1825740884537 711.1819278130706 479.121888124243 960.2733678819213 377.92344903763706 601.2765401773422 534.0760589847832 590.7908380599856 738.4321887255633 1115.3830857337598 810.5681375288495 857.8308091550898 541.2691963413131 828.328764751901 809.8320982534551 862.0447962507646 742.5533747136819 473.999283803103 616.8768689841154 748.9623325602952 396.636170960081 713.0734525022262 748.6309903308857 361.6550769069463 
485.4964254817787 804.1825740884537 711.1819278130706 479.121888124243 960.2733678819213 377.92344903763706 601.2765401773422 534.0760589847832 590.7908380599856 738.4321887255633 1115.3830857337598 810.5681375288495 857.8308091550898 541.2691963413131 828.328764751901 809.8320982534551 862.0447962507646 742.5533747136819 473.999283803103 616.8768689841154 748.9623325602952 396.636170960081 713.0734525022262 748.6309903308857 361.6550769069463 
485.4964254817787 804.1825740884537 711.1819278130706 479.121888124243 960.2733678819213 377.92344903763706 601.2765401773422 534.0760589847832 590.7908380599856 738.4321887255633 1115.3830857337598 810.5681375288495 857.8308091550898 541.2691963413131 828.328764751901 809.8320982534551 862.0447962507646 742.5533747136819 473.999283803103 616.8768689841154 748.9623325602952 396.636170960081 713.0734525022262 748.6309903308857 361.6550769069463 
485.4964254817787 804.1825740884537 711.1819278130706 479.121888124243 960.2733678819213 377.92344903763706 601.2765401773422 534.0760589847832 590.7908380599856 738.4321887255633 1115.3830857337598 810.5681375288495 857.8308091550898 541.2691963413131 828.328764751901 809.8320982534551 862.0447962507646 742.5533747136819 473.999283803103 616.8768689841154 748.9623325602952 396.636170960081 712.9451777051854 748.6309903308857 361.6550769069463 
485.4964254817787 804.1825740884537 711.1819278130706 479.121888124243 960.2733678819213 377.92344903763706 601.2765401773422 534.0760589847832 590.7908380599856 738.4321887255633 1115.3830857337598 810.5681375288495 857.8308091550898 541.2691963413131 828.328764751901 809.8320982534551 862.0447962507646 742.5533747136819 473.999283803103 616.8768689841154 748.9623325602952 396.636170960081 712.9451777051854 748.6309903308857 361.6550769069463 
485.4964254817787 804.1825740884537 711.1819278130706 479.121888124243 960.2733678819213 377.92344903763706 601.2765401773422 534.0760589847832 590.7908380599856 738.4321887255633 1115.3830857337598 810.5681375288495 857.8308091550898 541.2691963413131 828.328764751901 809.8320982534551 862.0447962507646 742.5533747136819 473.999283803103 616.8768689841154 748.9623325602952 396.636170960081 712.9451777051854 748.6309903308857 361.6550769069463 
485.4964254817787 804.1825740884537 711.1819278130706 479.121888124243 960.2733678819213 377.92344903763706 601.2765401773422 534.0760589847832 590.7908380599856 738.4321887255633 1115.3830857337598 810.5681375288495 857.8308091550898 541.2691963413131 828.328764751901 809.8320982534551 862.0447962507646 742.5533747136819 473.999283803103 616.8768689841154 748.9623325602952 396.636170960081 712.9451777051854 748.6309903308857 361.6550769069463 
485.4964254817787 804.1825740884537 711.1819278130706 479.121888124243 960.2733678819213 377.92344903763706 601.2765401773422 534.0760589847832 590.7908380599856 738.4321887255633 1115.3830857337598 810.5681375288495 857.7564205564422 541.2691963413131 828.328764751901 809.8320982534551 862.0447962507646 742.5533747136819 473.999283803103 616.8768689841154 748.9623325602952 396.636170960081 712.9451777051854 748.6309903308857 361.6550769069463 
485.4964254817787 804.1825740884537 711.1819278130706 479.121888124243 960.2733678819213 377.92344903763706 601.2765401773422 534.0760589847832 590.7908380599856 738.4321887255633 1115.3830857337598 810.5681375288495 857.7564205564422 541.2691963413131 828.328764751901 809.8320982534551 862.0447962507646 742.5533747136819 473.999283803103 616.8768689841154 748.9623325602952 396.636170960081 712.9451777051854 748.6309903308857 361.6550769069463 
485.4964254817787 804.1825740884537 711.1819278130706 479.121888124243 960.2733678819213 377.92344903763706 601.2765401773422 534.0760589847832 590.7908380599856 738.4321887255633 1115.3830857337598 810.5681375288495 857.7564205564422 541.2691963413131 828.328764751901 809.8320982534551 862.0447962507646 742.5533747136819 473.999283803103 616.8768689841154 748.9623325602952 396.636170960081 712.9451777051854 748.6309903308857 361.6550769069463 
485.4964254817787 804.1825740884537 711.1819278130706 479.121888124243 960.2733678819213 377.92344903763706 601.2765401773422 534.0760589847832 590.7908380599856 738.4321887255633 1115.3830857337598 810.5681375288495 857.7564205564422 541.2691963413131 828.328764751901 809.8320982534551 862.0447962507646 742.5533747136819 473.999283803103 616.8768689841154 748.9623325602952 396.636170960081 712.9451777051854 748.6309903308857 361.6550769069463 
485.4964254817787 804.1825740884537 711.1819278130706 479.121888124243 960.2733678819213 377.92344903763706 601.2765401773422 534.0760589847832 590.7908380599856 738.4321887255633 1115.3830857337598 810.5681375288495 857.7564205564422 541.2691963413131 828.328764751901 809.8320982534551 862.0447962507646 742.5533747136819 473.999283803103 616.8768689841154 748.9623325602952 396.636170960081 712.9451777051854 748.6309903308857 361.6550769069463 
485.4964254817787 804.1825740884537 711.1819278130706 479.121888124243 960.2733678819213 377.92344903763706 601.2765401773422 534.0760589847832 590.7908380599856 738.4321887255633 1115.3830857337598 810.5681375288495 857.7564205564422 541.2691963413131 828.328764751901 809.8320982534551 861.9248641921322 742.5533747136819 473.999283803103 616.8768689841154 748.9623325602952 396.636170960081 712.9451777051854 748.6309903308857 361.6550769069463 
485.4964254817787 804.1825740884537 711.1819278130706 479.121888124243 960.2733678819213 377.92344903763706 601.2765401773422 534.0760589847832 590.7908380599856 738.3337222058581 1115.3830857337598 810.5681375288495 857.7564205564422 541.2691963413131 828.328764751901 809.8320982534551 861.9248641921322 742.5533747136819 473.999283803103 616.8768689841154 748.9623325602952 396.636170960081 712.9451777051854 748.6309903308857 361.6550769069463 
485.4964254817787 804.1825740884537 711.1819278130706 479.121888124243 960.2733678819213 377.92344903763706 601.2765401773422 534.0760589847832 590.7908380599856 738.3337222058581 1115.3830857337598 810.5681375288495 857.7564205564422 541.2691963413131 828.328764751901 809.8320982534551 861.9248641921322 742.5533747136819 473.999283803103 616.8768689841154 748.9623325602952 396.636170960081 712.9451777051854 748.6309903308857 361.6550769069463 
485.4964254817787 804.1825740884537 711.1819278130706 479.121888124243 960.2733678819213 377.92344903763706 601.2765401773422 534.0760589847832 590.7908380599856 738.3337222058581 1115.3830857337598 810.5681375288495 857.7564205564422 541.2691963413131 828.328764751901 809.8320982534551 861.9248641921322 742.5533747136819 473.999283803103 616.8768689841154 748.9623325602952 396.636170960081 712.9451777051854 748.6309903308857 361.6550769069463 
485.4964254817787 804.1825740884537 711.1819203724904 479.121888124243 960.2733678819213 377.92344903763706 601.2765401773422 534.0760589847832 590.7908380599856 738.3337222058581 1115.3830857337598 810.5681375288495 857.7564205564422 541.2691963413131 828.328764751901 809.8320982534551 861.9248641921322 742.5533747136819 473.999283803103 616.8768689841154 748.9623325602952 396.636170960081 712.9451777051854 748.6309903308857 361.6550769069463 
485.4964254817787 804.1825740884537 711.1819203724904 479.121888124243 960.2733678819213 377.92344903763706 601.2765401773422 534.0760589847832 590.7908380599856 738.3337222058581 1115.3830857337598 810.5681375288495 857.7564205564422 541.2691963413131 828.328764751901 809.8320982534551 861.9246943762228 742.5533747136819 473.999283803103 616.8768689841154 748.9623325602952 396.636170960081 712.9451777051854 748.6309903308857 361.6550769069463 
485.4964254817787 804.1825740884537 711.1819203724904 479.121888124243 960.2733678819213 377.92344903763706 601.2765401773422 534.0760589847832 590.7908380599856 738.3337222058581 1115.3830857337598 810.5681375288495 857.7564205564422 541.2691963413131 828.328764751901 809.8320982534551 861.924644927592 742.5533747136819 473.999283803103 616.8768689841154 748.9623325602952 396.636170960081 712.9451777051854 748.6309903308857 361.6550769069463 
485.4964254817787 804.1825740884537 711.1819203724904 479.121888124243 960.2733678819213 377.92344903763706 601.2765401773422 534.0760589847832 590.7908380599856 738.3337222058581 1115.3830857337598 810.5681375288495 857.7564205564422 541.2691963413131 828.328764751901 809.8320982534551 861.9246449231146 742.5533747136819 473.999283803103 616.8768689841154 748.9623325602952 396.636170960081 712.9451777051854 748.6309903308857 361.6550769069463 
485.4964254817787 804.1825740884537 711.1819203724904 479.121888124243 960.2733678819213 377.92344903763706 601.2765401773422 534.0760589847832 590.7908380599856 738.3337222058581 1115.3830857337598 810.5681375288495 857.7564205564422 541.2691963413131 828.328764751901 809.8320982534551 861.9246449231146 742.5533747136819 473.999283803103 616.8768689841154 748.9623325602952 396.636170960081 712.9451777051854 748.6309903308857 361.6550769069463 
485.4964254817787 804.1825740884537 711.1819203724904 479.121888124243 960.2733678819213 377.92344903763706 601.2765401773422 534.0760589847832 590.7908380599856 738.3337222058581 1115.3830857337598 810.5681375288495 857.7564205564422 541.2691963413131 828.328764751901 809.8320982534551 861.9246449231146 742.5533747136819 473.999283803103 616.8768689841154 748.9623325602952 396.636170960081 712.9451777051854 748.6309903308857 361.6550769069463 
485.4964254817787 804.1825740884537 711.1819203724904 479.121888124243 960.2733678819213 377.92344903763706 601.2765401773422 534.0760589847832 590.7908380599856 738.3337222058581 1115.3830857337598 810.5681375288495 857.7564205564422 541.2691963413131 828.328764751901 809.8320982534551 861.9246449231146 742.5533747136819 473.999283803103 616.8768689841154 748.9623325602952 396.636170960081 712.9451777051854 748.6309903308857 361.6550769069463 
485.4964254817787 804.1825740884537 711.1819203724904 479.121888124243 960.2733678819213 377.92344903763706 601.2765401773422 534.0760589847832 590.7908380599856 738.3337222058581 1115.3830857337598 810.5681375288495 857.7564205564422 541.2691963413131 828.328764751901 809.8320982534551 861.9246449231146 742.5533747136819 473.999283803103 616.8768689841154 748.9623325602952 396.636170960081 712.9451777051854 748.6309903308857 361.6550769069463 
485.4964254817787 804.1825740884537 711.1819203724904 479.121888124243 960.2733678819213 377.92344903763706 601.2765401773422 534.0760589847832 590.7908380599856 738.3337222058581 1115.3830857337598 810.5681375288495 857.7564205564422 541.2691963413131 828.328764751901 809.8320982534551 861.9246449231146 742.5533747136819 473.999283803103 616.8768689841154 748.9623325602952 396.636170960081 712.9451777051854 748.6309903308857 361.6550769069463 
485.4964254817787 804.1825740884537 711.1819203724904 479.121888124243 960.2733678819213 377.92344903763706 601.2765401773422 534.0760589847832 590.7908380599856 738.3337222058581 1115.3830857337598 810.5681375288495 857.7564205564422 541.2691963413131 828.328764751901 809.8320982534551 861.9246449231146 742.5533747136819 473.999283803103 616.8768689841154 748.9623325602952 396.636170960081 712.9451777051854 748.6309903308857 361.6550769069463 
485.4964254817787 804.1825740884537 711.1819203724904 479.121888124243 960.2733678819213 377.92344903763706 601.2765401773422 534.0760589847832 590.7908380599856 738.3337222058581 1115.3830857337598 810.5681375288495 857.7564205564422 541.2691963413131 828.328764751901 809.8320982534551 861.9246449231146 742.5533747136819 473.999283803103 616.8768689841154 748.9623325602952 396.636170960081 712.9451777051854 748.6309903308857 361.6550769069463 
485.4964254817787 804.1825740884537 711.1819203724904 479.121888124243 960.2733678819213 377.92344903763706 601.2765401773422 534.0760589847832 590.7908380599856 738.3337222058581 1115.3830857337598 810.5681375288495 857.7564205564422 541.2691963413131 828.328764751901 809.8320982534551 861.9246449231146 742.5533747136819 473.999283803103 616.8768689841154 748.9623325602952 396.636170960081 712.9451777051854 748.6309903308857 361.6550769069463 
485.4964254817787 804.1825740884537 711.1819203724904 479.121888124243 960.2733678819213 377.92344903763706 601.2765401773422 534.0760589847832 590.7908380599856 738.3337222058581 1115.3830857337598 810.5681375288495 857.7564205564422 541.2691963413131 828.328764751901 809.8320982534551 861.9246449231146 742.5533747136819 473.999283803103 616.8768689841154 748.9623325602952 396.636170960081 712.9451777051854 748.6309903308857 361.6550769069463 
485.4964254817787 804.1825740884537 711.1819203724904 479.121888124243 960.2733678819213 377.92344903763706 601.2765401773422 534.0760589847832 590.7908380599856 738.3337222058581 1115.3830857337598 810.5681375288495 857.7564205564422 541.2691963413131 828.328764751901 809.8320982534551 861.9246449231146 742.5533747136819 473.999283803103 616.8768689841154 748.9623325602952 396.636170960081 712.9451777051854 748.6309903308857 361.6550769069463 
485.4964254817787 804.1825740884537 711.1819203724904 479.121888124243 960.2733678819213 377.92344903763706 601.2765401773422 534.0760589847832 590.7908380599856 738.3337222058581 1115.3830857337598 810.5681375288495 857.7564205564422 541.2691963413131 828.328764751901 809.8320982534551 861.9246449231146 742.5533747136819 473.999283803103 616.8768689841154 748.9623325602952 396.636170960081 712.9451777051854 748.6309903308857 361.6550769069463 
485.4964254817787 804.1825740884537 711.1819203724904 479.121888124243 960.2733678819213 377.92344903763706 601.2765401773422 534.0760589847832 590.7908380599856 738.3337222058581 1115.3830857337598 810.5681375288495 857.7564205564422 541.2691963413131 828.328764751901 809.8320982534551 861.9246449231146 742.5533747136819 473.999283803103 616.8768689841154 748.9623325602952 396.636170960081 712.9451777051854 748.6309903308857 361.6550769069463 
485.4964254817787 804.1825740884537 711.1819203724904 479.121888124243 960.2733678819213 377.92344903763706 601.2765401773422 534.0760589847832 590.7908380599856 738.3337222058581 1115.3830857337598 810.5681375288495 857.7564205564422 541.2691963413131 828.328764751901 809.8320982534551 861.9246449231146 742.5533747136819 473.999283803103 616.8768689841154 748.9623325602952 396.636170960081 712.9451777051854 748.6309903308857 361.6550769069463 
485.4964254817787 804.1825740884537 711.1819203724904 479.121888124243 960.2733678819213 377.92344903763706 601.2765401773422 534.0760589847832 590.7908380599856 738.3337222058581 1115.3830857337598 810.5681375288495 857.7564205564422 541.2691963413131 828.328764751901 809.8320982534551 861.9246449231146 742.5533747136819 473.999283803103 616.8768689841154 748.9623325602952 396.636170960081 712.9451777051854 748.6309903308857 361.6550769069463 
485.4964254817787 804.1825740884537 711.1819203724904 479.121888124243 960.2733678819213 377.92344903763706 601.2765401773422 534.0760589847832 590.7908380599856 738.3337222058581 1115.3830857337598 810.5681375288495 857.7564205564422 541.2691963413131 828.328764751901 809.8320982534551 861.9246449231146 742.5533747136819 473.999283803103 616.8768689841154 748.9623325602952 396.636170960081 712.9451777051854 748.6309903308857 361.6550769069463 
485.4964254817787 804.1825740884537 711.1819203724904 479.121888124243 960.2733678819213 377.92344903763706 601.2765401773422 534.0760589847832 590.7908380599856 738.3337222058581 1115.3830857337598 810.5681375288495 857.7564205564422 541.2691963413131 828.328764751901 809.8320982534551 861.9246449231146 742.5533747136819 473.999283803103 616.8768689841154 748.9623325602952 396.636170960081 712.9451777051854 748.6309903308857 361.6550769069463 
485.4964254817787 804.1825740884537 711.1819203724904 479.121888124243 960.2733678819213 377.92344903763706 601.2765401773422 534.0760589847832 590.7908380599856 738.3337222058581 1115.3830857337598 810.5681375288495 857.7564205564422 541.2691963413131 828.328764751901 809.8320982534551 861.9246449231146 742.5533747136819 473.999283803103 616.8768689841154 748.9623325602952 396.636170960081 712.9451777051854 748.6309903308857 361.6550769069463 
485.4964254817787 804.1825740884537 711.1819203724904 479.121888124243 960.2733678819213 377.92344903763706 601.2765401773422 534.0760589847832 590.7908380599856 738.3337222058581 1115.3830857337598 810.5681375288495 857.7564205564422 541.2691963413131 828.328764751901 809.8320982534551 861.9246449231146 742.5533747136819 473.999283803103 616.8768689841154 748.9623325602952 396.636170960081 712.9451777051854 748.6309903308857 361.6550769069463 
485.4964254817787 804.1825740884537 711.1819203724904 479.121888124243 960.2733678819213 377.92344903763706 601.2765401773422 534.0760589847832 590.7908380599856 738.3337222058581 1115.3830857337598 810.5681375288495 857.7564205564422 541.2691963413131 828.328764751901 809.8320982534551 861.9246449231146 742.5533747136819 473.999283803103 616.8768689841154 748.9623325602952 396.636170960081 712.9451777051854 748.6309903308857 361.6550769069463 
485.4964254817787 804.1825740884537 711.1819168842048 479.121888124243 960.2733678819213 377.92344903763706 601.2765401773422 534.0760589847832 590.7908380599856 738.3337222058581 1115.3830857337598 810.5681375288495 857.7564205564422 541.2691963413131 828.328764751901 809.8320982534551 861.9246449231146 742.5533747136819 473.999283803103 616.8768689841154 748.9623325602952 396.636170960081 712.9451777051854 748.6309903308857 361.6550769069463 
485.4964254817787 804.1825740884537 711.1819168842048 479.121888124243 960.2733678819213 377.92344903763706 601.2765401773422 534.0760589847832 590.7908380599856 738.3337222058581 1115.3830857337598 810.5681375288495 857.7564205564422 541.2691963413131 828.328764751901 809.8320982534551 861.9246449231146 742.5533747136819 473.999283803103 616.8768689841154 748.9623325602952 396.636170960081 712.9451777051854 748.6309903308857 361.6550769069463 
485.4964254817787 804.1825740884537 711.1819168842048 479.121888124243 960.2733678819213 377.92344903763706 601.2765401773422 534.0760589847832 590.7908380599856 738.3337222058581 1115.3830857337598 810.5681375288495 857.7564205564422 541.2691963413131 828.328764751901 809.8320982534551 861.9246449231146 742.5533747136819 473.999283803103 616.8768689841154 748.9623325602952 396.636170960081 712.9451777051854 748.6309903308857 361.6550769069463 
