7.022418615779188E8 1.2322021124806121E8 5.310173734719206E8 3.3614081188157156E7 5.391065410245687E8 1.7755388806189978E8 1.4756936540285835E9 6.124507014517696E8 4.1514453582089776E8 7.464741073913811E8 1.7065771188222578E8 8.43480211968712E8 4.4762737999614125E8 2.3966321485754195E8 7.9070964493058E8 2.216955176331765E8 8.23836534590312E7 2.660789611484607E8 1.5251428771160975E8 1.0380090591095248E8 1.6688747391356795E9 2.3736185863518372E7 1.2927983560559998E8 1.8618414882564488E8 1.1766584389905699E8 
5.3264547803243846E8 1.1421798714851417E8 5.014649365032048E8 3.283358512153505E7 5.134602385327707E8 1.6744803537859806E8 8.326874565828159E8 5.925399849736217E8 4.082681930704651E8 7.175852530797529E8 1.5957833921103823E8 4.2926111950217944E8 4.1899330308057886E8 2.3706695249045184E8 6.69218079233764E8 2.197424172705239E8 8.187821938325517E7 2.1810577897686878E8 1.4086449147295618E8 1.0303574210204881E8 1.360744687537754E9 2.1426863028765537E7 8.607043242935315E7 1.8022164577983013E8 1.149624106599918E8 
5.001027917433291E8 1.1249357561660229E8 5.0107426776761514E8 3.1659969139021326E7 5.104192703260698E8 1.6487658602772743E8 7.235252318872497E8 5.887502571990519E8 4.0309984773253053E8 7.068041323683205E8 1.578522709326023E8 4.1303521025371087E8 4.0579340266468364E8 2.3609335631925458E8 5.158108076105569E8 2.1848841622568324E8 8.184809750990294E7 2.1774725339621395E8 1.4059718989941803E8 1.0297840122860925E8 1.0747612088106537E9 2.1044036113672886E7 8.48058160989022E7 1.7950084512684843E8 1.1394713806436747E8 
4.989879904837861E8 1.1246883831642567E8 3.168944959981582E8 3.0971600100730564E7 5.084915476020088E8 1.6456560990722385E8 7.067512455508072E8 4.347441821258683E8 4.0295119260820866E8 7.056845064866253E8 1.5755052161071503E8 4.085513084757819E8 4.0470952064750975E8 2.36067990027712E8 4.9414961351874655E8 2.1847771255389267E8 8.182447172809753E7 2.1772271232175678E8 1.4058953534516472E8 1.0282513618865003E8 9.314468910093848E8 2.0963347646179624E7 8.469128868650244E7 1.7880521763930926E8 1.1377829959413972E8 
4.986646879476888E8 1.1241304164896554E8 2.815006095534766E8 3.09073969624237E7 5.0823796225783896E8 1.6414286893103206E8 5.418327633805565E8 4.1538959793955123E8 2.3869264916787544E8 7.046696266022811E8 1.5752557262304255E8 4.065834660646374E8 4.036637951819769E8 2.36025906497922E8 4.9175881951545566E8 2.184740096160973E8 8.182077307310951E7 1.617892839082086E8 1.405691110417417E8 1.0279848897440128E8 9.207976224159367E8 2.0955190004861016E7 8.45099699973113E7 1.7877561054917532E8 2.533199340786832E7 
4.9853846002405E8 1.1239855173008382E8 2.801359767675019E8 3.0862448114236124E7 5.0821911668722975E8 1.6402343620852563E8 5.3394016663773215E8 4.1064675607881916E8 2.3550500839442784E8 7.034022615264368E8 5.674157267939556E7 4.0607757903733367E8 4.025217853910564E8 2.3600364405763614E8 4.18079368031884E8 2.1847249914326423E8 8.181869438511786E7 1.5742234304584533E8 1.4055762010300535E8 1.0279848897440128E8 7.77004834490646E8 2.093610263258787E7 8.448980641889748E7 1.7870636396491826E8 2.426612513420587E7 
4.985254177978168E8 1.123748922584731E8 2.7996023257165307E8 3.080690436913327E7 5.0820526991996723E8 1.6401771413705933E8 5.330881534179742E8 4.0929942037479645E8 2.3500851435044762E8 7.029677995795375E8 5.0812373189229146E7 4.060437086903812E8 4.0229103032301426E8 2.3599920323142615E8 3.933830491856744E8 2.184715900075496E8 8.181869438511786E7 1.5616794544670972E8 1.4055730561420786E8 1.0279792533348274E8 7.689384479943097E8 2.093610263258787E7 8.448898123801357E7 1.7869485659344977E8 2.4158335675617207E7 
4.9852334191919446E8 3.3515757256385043E7 2.798127463675836E8 3.0790646133075643E7 5.081974578538609E8 1.6393640111735386E8 5.3261801604026455E8 4.092888224276696E8 2.3489832773234737E8 7.019780770247107E8 4.920292620446984E7 3.5939983658795816E8 4.0209820094131655E8 2.359990076081657E8 3.91435685216566E8 2.1847127718090776E8 8.181869438511786E7 1.558032814385817E8 1.4055730561420786E8 1.0279792420847511E8 7.674004406848356E8 2.09359885584499E7 8.448893041439624E7 1.7869350910147926E8 2.41573944368207E7 
4.9852320341053784E8 3.087924879100873E7 2.797113018739033E8 3.078488756087542E7 5.081974578538609E8 1.6393640111735386E8 4.9146215641429156E8 4.092372115221564E8 2.3486659866533557E8 7.019052051374303E8 4.877023402562485E7 2.3965065267259163E8 4.0209561164582825E8 2.3599853366512892E8 3.886144749464007E8 2.1847093173131078E8 8.181869393067835E7 1.5577690701363057E8 8.813668910389923E7 1.0279792417927566E8 7.673005897053576E8 2.0935639950839125E7 8.448859026221633E7 1.7869350910147926E8 2.415735594157154E7 
4.9852318739022255E8 3.010634430146202E7 2.796530032193652E8 3.078349850439188E7 5.081974540549602E8 1.6393537726230225E8 4.6407574896958596E8 4.09131568063043E8 2.348356067192418E8 7.01805796149961E8 4.8654240793992445E7 2.297274656715653E8 4.020887696183741E8 2.359983456605324E8 3.8784168492821836E8 2.1847092350085297E8 8.181869179407623E7 1.557485542842542E8 8.491019414611036E7 1.0279789328856577E8 6.694800500807613E8 2.0934692858214892E7 8.448839804090391E7 1.7869336907696632E8 2.415202732918759E7 
4.345458361050867E8 3.006928389748557E7 2.796419771793059E8 3.078261900164209E7 5.081974262373661E8 1.639349146975999E8 4.5990250678576547E8 4.091309603841872E8 2.3482239015184388E8 7.015677131671696E8 4.861570283698215E7 2.290894933212924E8 4.020870806085491E8 2.3599829535926023E8 3.877696374069177E8 2.184707595755201E8 8.181862342357992E7 1.5574226762448433E8 8.42429739899382E7 1.0279789328856577E8 6.159906694724351E8 2.093465949564692E7 8.448835041219607E7 1.786918943953857E8 2.4151444001629386E7 
4.273366788151927E8 3.0057423190070547E7 2.7963135389203167E8 3.078220223064314E7 5.081972992511424E8 1.6393467407489014E8 4.5974834723092127E8 4.091134431924452E8 2.348214753070453E8 7.015372804579015E8 4.860304192804994E7 2.290797011507205E8 4.020739793136634E8 2.3599828217527995E8 3.5023844849718064E8 2.1847054586116943E8 8.181854746522336E7 1.5573668304222208E8 8.410688505068733E7 1.0279789314240707E8 5.91446093794559E8 2.093429667803314E7 8.448835015650247E7 1.7869146463355708E8 2.4151297049182568E7 
4.270567877482513E8 3.0057423190070547E7 2.7962820822889525E8 1.1416930275569754E7 5.081969331986839E8 1.6393387459894222E8 4.597139110664034E8 4.091132660755943E8 2.3482015550210914E8 7.015308737350379E8 4.85928096105077E7 2.290797011507205E8 4.0206866605732435E8 2.3599826912826264E8 3.442678175089569E8 2.1847054470583045E8 8.181850962020725E7 1.5573401071265936E8 8.404422876387736E7 1.0279789310194434E8 5.845362997581843E8 2.093429667803314E7 8.448834924951036E7 1.786914437988354E8 2.4151028928564496E7 
4.2697351441249454E8 3.0056048260982282E7 2.7962768285622984E8 1.1092451643720938E7 5.0819691252370405E8 1.6393383284448925E8 4.5969198321281564E8 4.0911286679014134E8 2.3481995670870352E8 7.01519934917855E8 4.858777787186019E7 2.2905148168730512E8 4.020641978351867E8 2.3599824590440875E8 3.438174657753427E8 2.184705431497347E8 8.181850563603401E7 1.557339948539403E8 8.402019272648142E7 1.0279789293394054E8 5.844675309397337E8 2.093429667803314E7 8.448834924951036E7 1.786912622548733E8 2.4150944705790635E7 
3.03957408682732E8 3.0056048260982282E7 2.79626759781185E8 1.1073632661003679E7 5.081969118213626E8 1.6393383284448925E8 4.5963931838318694E8 4.091123624746498E8 2.3481983670609787E8 7.015196832622265E8 4.857951304813463E7 2.2904478918138027E8 4.0206373778408647E8 2.3599824590440875E8 3.437007543954797E8 2.184705431497347E8 8.181850561565855E7 1.5573381977396682E8 8.401525909821157E7 1.027978929326448E8 5.840161765123097E8 2.093429667803314E7 8.448834896734735E7 1.7869122429908136E8 2.4150944705790635E7 
2.8527816263314724E8 3.005604731228177E7 2.7962665638146067E8 1.1034377956905749E7 5.0819690895193154E8 1.6393343507653823E8 4.5963931838318694E8 4.091123470391081E8 2.3481983670609787E8 7.015195706412103E8 4.855302774971009E7 2.2904357575628766E8 4.0206269870273674E8 1.280541016349007E8 3.4365840738946116E8 2.1847054251299775E8 8.181850554656202E7 1.5573378154433835E8 8.401489421850961E7 1.0279789292318824E8 5.838757885960969E8 2.093429667803314E7 8.448834884910785E7 1.7869120333180684E8 2.4150912964709684E7 
2.843427532765448E8 3.0055983457807075E7 2.7962665638146067E8 1.103257335045199E7 5.081969089368336E8 1.6393336886034715E8 4.5963861986743253E8 4.0911232554913384E8 2.348197902062585E8 7.015194157178359E8 4.852186227171256E7 2.290434048630787E8 4.0206117227196544E8 1.1339211216593665E8 3.436535121329376E8 2.1847054234842733E8 8.181850554656202E7 1.557336188997576E8 8.401061725861998E7 1.0279789292318824E8 5.838140681714225E8 2.0934294441342037E7 8.448834884910785E7 1.786912017651333E8 2.4150912964709684E7 
2.8385753241813314E8 3.0055983457807075E7 2.7962646992950886E8 1.1032556936343398E7 5.0819690818514585E8 1.6393336060347298E8 4.596385622524554E8 4.091123234023218E8 2.348197902062585E8 7.015194045151109E8 4.850908648155547E7 2.290432799017375E8 4.020607529850743E8 1.1211284530199172E8 3.436459877952343E8 2.1847054234842733E8 8.1818505546322E7 1.557336044832995E8 8.40094763846989E7 1.027978928994379E8 5.837143063811507E8 2.0934294441342037E7 8.448834884749314E7 1.786912017651333E8 2.415091151248832E7 
2.8381807327216995E8 3.0055983457807075E7 2.7962646992950886E8 1.103110862031374E7 5.0819690818514585E8 1.639333605977332E8 4.596377995347629E8 4.0911231822814727E8 2.3481978465065306E8 7.015182089903551E8 4.8508835094242215E7 2.290432799017375E8 4.020606301831029E8 1.1209217995789695E8 3.436446844908005E8 2.1847054224483028E8 8.181850554621348E7 1.5573360339707586E8 8.400930567108756E7 1.027978928994379E8 5.225068079441679E8 2.093429441071849E7 8.448834884490244E7 1.786912017517969E8 2.4150910767173484E7 
2.8381250313874376E8 3.005598311801535E7 2.7962646992950886E8 1.1031060454705037E7 5.0819690813242024E8 1.639333545208857E8 4.5963773574440795E8 4.091123164616432E8 2.3481978423873746E8 7.015166531854239E8 4.850779455811468E7 2.290432799017375E8 4.02060305810599E8 1.1190702418010825E8 3.436435423349651E8 1.6301679053744203E8 8.18185055460681E7 1.5573360339707586E8 8.400867980067736E7 1.0279789289867124E8 5.102584247516994E8 2.093429441071849E7 8.448834884364302E7 1.7869120174747267E8 2.4150910767173484E7 
2.838114812242034E8 3.005589163584052E7 2.796264697772109E8 1.1031060213516066E7 5.0819690778959286E8 1.6393335377730805E8 4.596363236673113E8 4.091123164616432E8 2.3481978420367566E8 7.015095039879841E8 4.850709833619595E7 2.29042891784845E8 4.020602358035354E8 1.1189651356251661E8 3.4364352184324306E8 9.060626426830757E7 8.18185055460681E7 1.5573360260352254E8 8.400867980067736E7 1.0279789289470816E8 5.100172241456411E8 2.0934294408539098E7 8.448834884332737E7 1.7869120174747267E8 2.4150910702121705E7 
2.8381096599883103E8 3.0055879495445292E7 2.7962646886130387E8 1.1031008256310083E7 5.0819690778959286E8 1.639333533640654E8 3.662494672618953E8 4.0911231447545093E8 2.3481978417392763E8 7.015069026646578E8 4.8505779368121326E7 2.2904288505563036E8 4.0205929129626656E8 1.1188956797006598E8 3.43643466963307E8 8.357766019487512E7 8.18185055460681E7 1.5573360231981954E8 8.400867980067736E7 1.0279789289352673E8 5.098064411376143E8 2.0934294360913243E7 8.4488348843053E7 1.7869120174078572E8 2.4150909655372538E7 
2.838103514795085E8 3.0055813127951384E7 2.7962646886130387E8 1.1031007470286312E7 5.081969077842112E8 1.6393335246611178E8 3.5259303667532617E8 4.091123143442246E8 2.3481978414895827E8 7.01505927926041E8 4.8505699913055025E7 2.2904288505563036E8 4.0205840377350754E8 1.1188950236305532E8 3.436433867176485E8 8.352497720245865E7 8.181850553920017E7 1.5573360224056047E8 8.400856216658512E7 1.0279789289352673E8 5.097177783087002E8 2.0934294353282373E7 8.4488348843053E7 1.7869120173618737E8 2.415090964872406E7 
2.8381009067407435E8 3.005580426561212E7 2.7962646886130387E8 1.1030855792409755E7 3.819954553526434E8 1.6393334898539028E8 3.4730964140029967E8 4.091123142127925E8 2.3481978410056946E8 7.015053106108441E8 4.850520428891244E7 1.8467276821514475E8 4.020577186690644E8 1.1188947334952945E8 3.436431785939067E8 8.351447688039817E7 8.181850553920017E7 1.5573360208653578E8 8.400853138846874E7 1.0279789289352673E8 5.096827732470042E8 2.0934294353282373E7 8.448834884304623E7 1.7869120169506016E8 2.4150909630821057E7 
2.838100900167485E8 3.0055804191657763E7 2.7962646880669636E8 1.1030851466574298E7 3.802433000115661E8 1.639333489599257E8 3.472097433936044E8 4.0911231334915084E8 2.3481978410056946E8 7.014991003303186E8 4.850520428891244E7 1.777173871824412E8 4.020559366752541E8 1.1188946956655473E8 3.436431694193023E8 8.346260561092524E7 8.181850553687789E7 1.5573360200530306E8 8.400849594255255E7 1.027978928923474E8 5.0952800269160235E8 2.0934294353282373E7 8.448834884302022E7 1.7869120169133633E8 2.4150909614406694E7 
2.8381008963223594E8 3.0055804191657763E7 2.7962646880087256E8 1.1030851466574298E7 3.796306008253615E8 1.6393334892816493E8 3.470497388997115E8 4.0911231308855593E8 2.3481978410056946E8 7.014973232329471E8 4.850512717701531E7 1.771905269150251E8 4.0205549547214323E8 1.1188946915249951E8 3.436431693035725E8 8.343270615838486E7 8.181850553687789E7 1.5573360195871633E8 8.400848667115653E7 1.027978928923474E8 5.094099696139332E8 2.093429435298531E7 8.448834884302022E7 1.108575412221811E8 2.4150909614406694E7 
2.838100877076443E8 3.0055804176348448E7 2.7962646879906136E8 1.1030851466574298E7 2.919132869140247E8 1.6393334888008434E8 3.46952718103605E8 4.091123128748307E8 2.348197840981273E8 7.014962984428389E8 4.850488752545649E7 1.7718993619949344E8 4.020550567852523E8 1.1188946885138312E8 3.436431693035725E8 8.343151191434054E7 8.181850553678499E7 1.5573360195303857E8 8.400847807096623E7 1.027978928923474E8 5.0940642981201094E8 2.0934294352702796E7 8.448834884302022E7 1.0505858727452178E8 2.4150909614406694E7 
2.8381008517379504E8 3.0055804176348448E7 2.796264687960986E8 1.1030850807028137E7 2.824753603421863E8 1.6393334888008434E8 3.469429735526968E8 4.091123128748307E8 2.3481978408193916E8 7.014929635858257E8 4.850488752545649E7 1.771860417356697E8 4.020545933829044E8 1.1188946881292485E8 3.43643169077466E8 8.34314607455966E7 8.181850553678499E7 1.5573360195303857E8 8.400847715284178E7 1.027978928923474E8 5.09402459055705E8 2.093429435267798E7 8.448834884302022E7 1.0041482245759049E8 2.4150909614406694E7 
2.8381008457972E8 3.005580417087638E7 2.796264687947247E8 1.1030850741313519E7 2.8129475340434545E8 1.6393334887801436E8 3.4694235901797515E8 4.091123128707293E8 2.3481978407285446E8 7.014922247969081E8 4.850486546870164E7 1.771851802196722E8 4.0205386317127275E8 1.1188946878753904E8 3.43643169077466E8 8.34314607455966E7 8.181850553678499E7 1.5573360194249383E8 8.40084771182416E7 1.027978928923249E8 5.093933053618249E8 2.0934294352562707E7 8.448834884302022E7 1.0028550696631025E8 2.4150909613169055E7 
2.8381008383198905E8 3.005580414263395E7 2.7962646879467165E8 1.1030850711171418E7 2.8118493709171844E8 1.6393334886999422E8 3.469412195938002E8 4.091123128482899E8 2.3481978406968918E8 7.014915162033129E8 4.8504864897304974E7 1.7718499604876196E8 4.0205049289634305E8 1.1188946876288149E8 3.436431690573567E8 8.343145901446806E7 8.181850553613518E7 1.557336019423907E8 8.40084771097599E7 1.0279789289229113E8 5.093932834063455E8 2.0934294352244426E7 8.448834884301768E7 1.0021641853125222E8 2.4150909612561096E7 
2.8381008383198905E8 3.005580414183551E7 2.7962646879414237E8 1.1030850711171418E7 2.811793906004967E8 1.639333488688047E8 3.469388153063452E8 4.091123128482899E8 2.3481978406968918E8 7.014906552768681E8 4.85048647291627E7 1.7718496296082085E8 4.020499508241274E8 1.1188946876288149E8 3.436431690571493E8 8.343139341101523E7 8.181850553612666E7 1.557336019386426E8 8.400847709747054E7 1.0279789289229113E8 5.0939230876642203E8 2.0934294352244426E7 8.448834884301768E7 1.0021641853125222E8 2.4150909612561096E7 
2.8381008383027554E8 3.0055804138398774E7 2.796264687685959E8 1.1030850708321856E7 2.8116662409509176E8 1.6393334886863086E8 3.469352873942902E8 4.091123128472214E8 2.3481978406919616E8 7.014880228419839E8 4.850486273971192E7 1.7718480473565707E8 4.020474125838328E8 1.1188946876288149E8 3.4364316905691415E8 8.343139175264522E7 8.181850553612666E7 1.557336019386426E8 8.400847707476805E7 1.0279789289229113E8 5.09390634348127E8 2.093429435223216E7 8.448834884301719E7 1.0021618995446911E8 2.4150909612548884E7 
2.838100837889896E8 3.0055804138398774E7 2.796264687609669E8 1.1030850708321856E7 2.8114118516237915E8 1.6393334886735868E8 3.469352873942902E8 4.0911231284561753E8 2.3481978406908762E8 7.014880228419839E8 4.850486272365672E7 1.7718480473565707E8 4.0204658035986555E8 1.1188946876192027E8 3.43643169055172E8 8.343139175264522E7 8.181850553612666E7 1.557336019379458E8 8.400847707285163E7 1.0279789289229113E8 5.09390634348127E8 2.0934294351904713E7 8.448834884301719E7 1.0021516927617969E8 2.4150909612548884E7 
2.838100837833422E8 3.0055804138382506E7 2.796264687607618E8 1.1030850708321856E7 2.8113708071920174E8 1.6393334886735868E8 3.469331282763998E8 4.0911231284413147E8 2.3481978406901866E8 7.014880200831871E8 4.850486272365672E7 1.7718479517425185E8 4.0204598287145144E8 1.1188946876192027E8 3.436431690508327E8 8.343139017355587E7 8.181850553612666E7 1.5573360193786702E8 8.400847706996965E7 1.0279789289229055E8 5.093902177507553E8 2.0934294351858247E7 8.448834884301719E7 1.002151110740431E8 2.415090961251836E7 
2.8381008376444364E8 3.0055804138382506E7 2.796264687597313E8 1.1030850708321856E7 2.811367469776675E8 1.6393334886093393E8 3.469331187202897E8 4.0911231284340703E8 2.348197840686936E8 7.01488002566638E8 4.850486269774359E7 1.77184793395917E8 4.020452644315343E8 1.1188946876170306E8 3.4364316904962736E8 8.34313890018801E7 8.181850553612666E7 1.5573360193708622E8 8.400847706969032E7 1.0279789289229055E8 5.093896744863546E8 2.0934294351858247E7 8.448834884301719E7 1.00214260537135E8 2.415090961251836E7 
2.838100837637429E8 3.0055804138056707E7 2.7962646874520016E8 1.1030850707677191E7 2.8113473908986163E8 1.6393334886074096E8 3.4693259544633603E8 4.091123128432725E8 2.3481978406844088E8 7.014876784827951E8 4.8504862695863366E7 1.7718479255437666E8 4.020452644315343E8 1.1188946876149713E8 3.43643169048642E8 8.34313890018801E7 8.181850553612666E7 1.557336019366121E8 8.400847706942298E7 1.027978928922902E8 5.0938920846208376E8 2.0934294351858247E7 8.448834884297691E7 1.0021412595827475E8 2.415090961251836E7 
2.838100837434141E8 3.00558041377652E7 2.79626468743799E8 1.1030850707328621E7 2.8113438236740696E8 1.639333488598612E8 3.469323435247476E8 4.0911231283326554E8 2.3481978406844088E8 7.014854141418344E8 4.850486269515695E7 1.7718479247385296E8 4.0204495542835456E8 1.1188946875131552E8 3.43643169047136E8 8.343138874743707E7 8.181850553612666E7 1.55733601936425E8 8.400847706667747E7 1.027978928922902E8 5.0938878633343834E8 2.0934294351841234E7 8.448834884297292E7 1.0021393439875968E8 2.415090961246049E7 
2.838100837419442E8 3.005580413702625E7 2.796264687428978E8 1.1030850706723373E7 2.811343090455839E8 1.639333488598612E8 3.469322341131715E8 4.091123128292978E8 2.3481978406825328E8 5.135971457175821E8 4.850486269515695E7 1.7718479246696708E8 4.020445761140841E8 1.118894687510007E8 3.43643169047136E8 8.343138874743707E7 8.181850553612666E7 1.55733601936425E8 8.400847706649844E7 1.027978928922902E8 5.0938878499732286E8 2.093429435183827E7 8.448834884297292E7 1.0021385264275047E8 2.415090961246049E7 
2.838100837414431E8 3.005580413702625E7 2.796264687425859E8 1.1030850706723373E7 2.811342440827257E8 1.6393334885972998E8 3.4693219781212896E8 4.091123128292978E8 2.3481978406825328E8 5.008240927662941E8 4.850486269515695E7 1.771847913161655E8 4.0204441349585617E8 1.1188946875089738E8 3.436431690470866E8 8.34313887188744E7 8.181850553612441E7 1.557336019364112E8 8.400847706649844E7 1.0279789289229015E8 5.0938878487034655E8 2.0934294351817332E7 8.448834884296812E7 1.0021382350384067E8 2.415090961246049E7 
2.838100837414431E8 3.005580413702625E7 2.7962646874233127E8 1.1030850706723373E7 2.8113412598116934E8 1.6393334885952395E8 3.469313912078583E8 4.0911231282902646E8 2.3481978406825328E8 4.962696140771202E8 4.850486269494287E7 1.771847912986094E8 4.020438146407886E8 1.1188946875076196E8 3.436431690469512E8 8.34313887188744E7 8.181850553612441E7 1.557336019364112E8 8.400847706649844E7 1.0279789289229015E8 5.093887830942107E8 2.0934294351817332E7 8.448834884296812E7 1.002138204919554E8 2.415090961246049E7 
2.838100837414431E8 3.005580413702625E7 2.7962646874233127E8 1.1030850706635272E7 2.811341250086829E8 1.6393334885726056E8 3.4693128715020317E8 4.0911231282902646E8 2.3481978406825328E8 4.956040286453038E8 4.850486269494287E7 1.77184791157797E8 4.020438146407886E8 1.1188946875076196E8 3.436431690464743E8 8.34313887182954E7 8.181850553612441E7 1.557336019359101E8 8.400847706641729E7 1.0279789289229015E8 5.093873827290162E8 2.0934294351816967E7 8.448834884296452E7 1.0021381964782615E8 2.415090961246049E7 
2.838100837412294E8 3.0055804137011424E7 2.7962646874166685E8 1.1030850706635272E7 2.811341186742473E8 1.6393334885684016E8 3.4693128206579936E8 4.0911231282902646E8 2.3481978406825328E8 4.9558341416427696E8 4.850486269494287E7 1.77184791157797E8 4.020434109202233E8 1.1188946875076196E8 3.436431690464678E8 8.34313887182954E7 8.181850553612405E7 1.557336019359101E8 8.40084770663479E7 1.0279789289229015E8 5.093871071578109E8 2.0934294351787142E7 8.448834884296452E7 1.0021381806658679E8 2.415090961246049E7 
2.838100837412294E8 3.005580413700477E7 2.79626468741476E8 1.1030850706628324E7 2.8113411750909746E8 1.6393334885682595E8 3.46931175133278E8 4.0911231282895744E8 2.3481978406642526E8 4.946436768439215E8 4.850486269385504E7 1.771847911525202E8 4.0204336224670047E8 1.1188946875070612E8 3.436431690464678E8 8.343138871781932E7 8.181850553612405E7 1.557336019359101E8 8.40084770663479E7 1.0279789289229015E8 4.869917846947838E8 2.0934294351749E7 8.448834884296452E7 1.0021381749458617E8 2.415090961246049E7 
2.838100837409651E8 3.0055804136988778E7 2.796264687411856E8 1.1030850706506163E7 2.8113411750909746E8 1.6393334885679504E8 3.46931175133278E8 4.0911231282895744E8 2.348197840663607E8 4.945641455532275E8 4.850486269359562E7 1.7718479115047503E8 4.0204319566700184E8 1.1188946875065395E8 3.436431690464678E8 8.343138871781932E7 8.181850553612405E7 1.557336019359101E8 8.40084770663055E7 1.0279789289228985E8 4.825692549298841E8 2.0934294351748124E7 8.448834884295739E7 1.0021381740255417E8 2.415090961246049E7 
2.838100837409651E8 3.005580413694753E7 2.796264687411856E8 1.1030850706506163E7 2.8113411747506595E8 1.6393334885545316E8 3.469311470736799E8 4.091123128287014E8 2.348197840663607E8 4.9452473412659955E8 4.850486269359562E7 1.771847911497078E8 4.020427686116855E8 1.1188946875065328E8 3.436431690464315E8 8.343138871781932E7 8.181850553611204E7 1.557336019359101E8 8.40084770663055E7 1.0279789289228985E8 4.7759892101821804E8 2.093429435165267E7 8.448834884295739E7 1.0021381740255417E8 2.415090961246049E7 
2.838100837409651E8 3.005580413693887E7 2.796264687411856E8 1.103085070645246E7 2.8113411665968966E8 1.6393334885545316E8 3.469311462034088E8 4.0911231282843864E8 2.3481978406588483E8 4.945145801645046E8 4.850486269359562E7 1.7718479114965335E8 4.020426342678387E8 1.1188946875060524E8 3.4364316904620886E8 8.343138871781932E7 8.181850553611201E7 1.5573360193589783E8 8.400847706622575E7 1.0279789289228985E8 4.763803876649311E8 2.0934294351570435E7 8.448834884295739E7 8.949352734712866E7 2.415090961246049E7 
2.8381008374066854E8 3.005580413693887E7 2.7962646874109226E8 1.103085070645246E7 2.811341163214013E8 1.6393334885545316E8 3.469311442206643E8 4.0911231282843864E8 2.3481978406575376E8 4.9451372141628474E8 4.850486269351798E7 1.771847911469518E8 4.020425794440865E8 1.1188946875060524E8 3.4364316904612195E8 8.343138871781932E7 8.181850553611098E7 1.5573360193589783E8 8.400847706605415E7 1.0279789289228985E8 4.705241367302057E8 2.0934294351570435E7 8.448834884295739E7 7.62991671965889E7 2.415090961246049E7 
2.8381008374066854E8 3.005580413693887E7 2.7962646874109226E8 1.1030850706451787E7 2.81134116241035E8 1.6393334885503256E8 3.469311437264661E8 4.0911231282843864E8 2.3481978406539652E8 4.945115997875304E8 4.850486269346538E7 1.771847911469518E8 4.020422684602718E8 1.1188946875060524E8 3.436431690460338E8 8.343138871781932E7 8.181850553611098E7 1.5573360193589765E8 8.400847706605415E7 1.0279789289228979E8 4.593971700129118E8 2.093429435156996E7 8.448834884295736E7 7.592875893892775E7 2.415090961246049E7 
2.838100837406075E8 3.005580413693887E7 2.7962646874096954E8 1.1030850706451787E7 2.8113411624013424E8 1.639333488548853E8 3.469311402283466E8 4.0911231282841057E8 2.3481978406519872E8 4.945106814552669E8 4.850486269234674E7 1.7718479114673653E8 4.020421325142126E8 1.1188946875060524E8 3.436431690460338E8 8.3431388717674E7 8.181850553611098E7 1.5573360193589664E8 8.400847706601693E7 1.0279789289228977E8 4.569752197895198E8 2.093429435156996E7 8.448834884295733E7 7.578675273701783E7 2.415090961246049E7 
2.8381008374058604E8 3.0055804136914294E7 1.408394216686466E8 1.1030850706443384E7 2.81134116239788E8 1.6393334885465226E8 3.469311402283466E8 4.0911231282841057E8 2.3481978406519872E8 4.945106814552669E8 4.8504862692170486E7 1.7718479114673617E8 4.020417706685213E8 1.1188946875060524E8 3.436431690460338E8 4.9137702157131605E7 8.181850553611098E7 1.5573360193573818E8 8.400847706601693E7 1.0279789289228977E8 4.5512233721490353E8 2.093429435156996E7 8.448834884295721E7 7.57624424815054E7 2.415090961246049E7 
2.8381008374042755E8 3.0055804136914294E7 1.1149276710248479E8 1.103085070644024E7 2.811341162347999E8 1.6393334885372856E8 3.469311402283466E8 4.0911231282835877E8 1.6353021695306188E8 4.945106814552669E8 4.8504862691429034E7 1.7718479114673617E8 4.0204175717553675E8 1.1188946875060524E8 3.436431690460305E8 2.9566224508628026E7 8.181850553611098E7 1.5573360193573818E8 8.400847706601693E7 1.0279789289228977E8 4.543437780857472E8 2.093429435156698E7 8.44883488429572E7 7.576110996446992E7 2.415090961246049E7 
2.8381008374042755E8 3.005580413691223E7 1.1121639389700708E8 1.1030850706428654E7 2.8113411622902507E8 1.6393334885372856E8 3.469311402283466E8 4.091123128282971E8 1.6034613650905785E8 4.9451063621615666E8 4.8504862691368565E7 1.7718479114624968E8 4.020413353427712E8 1.1188946875009553E8 3.4364316904601616E8 2.6850968412407376E7 8.181850553611098E7 1.5573360193572628E8 8.400847706601693E7 1.0279789289228976E8 4.5343412043542284E8 2.093429435156698E7 8.448834884295718E7 7.576098444653048E7 2.415090961246049E7 
2.8381008374042755E8 3.005580413691223E7 1.110673106017696E8 1.103085070642705E7 2.8113411621626747E8 1.6393334885372856E8 3.4693114021059453E8 4.0911231282828283E8 1.5961681895068768E8 4.945106144338568E8 4.850486269120374E7 1.7718479114561957E8 4.0204088457686996E8 1.118894687499922E8 3.4364316904591787E8 2.6786831621499356E7 8.181850553611098E7 1.557336019356641E8 8.40084770659737E7 1.0279789289228976E8 4.532415755508022E8 2.093429435156489E7 8.448834884295718E7 7.576073694495256E7 2.415090961246049E7 
2.8381008374042755E8 3.005580413691223E7 1.1103270893074986E8 1.103085070642705E7 2.8113411621487033E8 1.6393334885366282E8 3.4693114021059453E8 4.0911231282828283E8 1.5892277887092656E8 4.945106045535134E8 4.850486269117267E7 1.7718479114551127E8 4.0203909243760395E8 1.1188946874988636E8 3.4364316904591787E8 2.678659964666189E7 8.181850553611098E7 1.557336019356641E8 8.40084770659737E7 1.0279789289228976E8 4.5321254296533126E8 2.093429435156489E7 8.448834884295718E7 7.576052624507053E7 2.415090961246049E7 
2.8381008374042726E8 3.005580413690716E7 1.1103270893074986E8 1.103085070642705E7 2.811341162122536E8 1.6393334885334516E8 3.469311402058066E8 4.0911231282828283E8 1.5892080541563985E8 4.945106028830034E8 4.850486269117267E7 1.7718479114551127E8 4.0203613660348135E8 1.1188946874981372E8 3.4364316904591787E8 2.6779208781799827E7 8.181850553611098E7 1.557336019356639E8 8.40084770659737E7 1.0279789289228976E8 4.531353987071734E8 2.093429435156489E7 8.448834884295718E7 7.576048929864304E7 2.415090961246049E7 
2.838100837403692E8 3.0055804136906773E7 1.1103237635097617E8 1.103085070642705E7 2.811341162122536E8 1.6393334885330018E8 3.469311402058066E8 4.0911231282828283E8 1.5796025728605318E8 4.945104205637272E8 4.850486269114471E7 1.7718479114547676E8 4.020350088499297E8 1.1188946874978346E8 3.4364316904591787E8 2.6779060122923445E7 8.181850553611098E7 1.557336019356623E8 8.400847706594358E7 1.0279789289228976E8 4.5312242065550154E8 2.093429435156489E7 8.448834884295718E7 7.576048929864304E7 2.415090961246049E7 
2.838100837403692E8 3.0055804136905096E7 1.1103219041157466E8 1.1030850706418637E7 2.8113411621196723E8 1.6393334885285914E8 3.469311402057268E8 4.0911231282828003E8 1.5716009318539077E8 4.945103215950172E8 4.850486269113877E7 1.7718479114547676E8 4.020344416298274E8 1.1188946874978346E8 3.436431690459065E8 2.6778778206722774E7 8.181850553611098E7 1.557336019356623E8 8.400847706594358E7 1.0279789289228976E8 4.5312119308035934E8 2.0934294351546362E7 8.448834884295718E7 7.576048876045996E7 2.415090961246049E7 
2.838100837403692E8 3.0055804136905096E7 1.1100812828717649E8 1.1030850706410958E7 2.8113411621196723E8 1.6393334885285622E8 3.469311402057268E8 4.0911231282828003E8 1.570639360256373E8 4.945102961883506E8 4.850486269100619E7 1.7718479114546466E8 4.020344112558967E8 1.1188946874978346E8 3.4364316904589677E8 2.6778745332428213E7 8.181850553611098E7 1.557336019356623E8 8.400847706594358E7 1.0279789289228974E8 4.5311765230755913E8 2.0934294351546362E7 8.448834884295718E7 7.576045975890842E7 2.415090961246049E7 
2.838100837403673E8 3.0055804136905096E7 1.1100688334890538E8 1.1030850706408862E7 2.8113411621196723E8 1.6393334885249257E8 3.469311402057268E8 4.0911231282828003E8 1.5703974058889017E8 4.945102795711812E8 4.850486269100619E7 1.771847911453311E8 4.020343809284036E8 1.1188946874978346E8 3.43643169045895E8 2.677873118610908E7 8.181850553610049E7 1.557336019356623E8 8.400847706594196E7 1.0279789289228974E8 4.5311765230755913E8 2.093429435154559E7 8.448834884295711E7 7.576045975890842E7 2.415090961246049E7 
2.838100837403608E8 3.0055804136905096E7 1.1100618499525307E8 1.103085070640729E7 2.8113411621196723E8 1.639333488524921E8 3.469311402057268E8 4.091123128282636E8 1.5703835881839305E8 4.945102783740923E8 4.850486269095861E7 1.7718479114530736E8 4.020343737611319E8 1.1188946874978346E8 3.43643169045895E8 2.6778724473575275E7 8.181850553610049E7 1.557336019356623E8 8.400847706593151E7 1.0279789289228974E8 4.5311765230755913E8 2.093429435154559E7 8.448834884295711E7 7.57604131360038E7 2.415090961246049E7 
2.8381008374035805E8 3.005580413690506E7 1.1100506099148506E8 1.103085070640729E7 2.8113411621196723E8 1.6393334885229504E8 3.4693114020569986E8 4.0911231282824576E8 1.570375188045228E8 4.945102708932442E8 4.850486269095861E7 1.7718479114530736E8 4.020343737611319E8 1.1188946874978346E8 3.43643169045895E8 2.6778719946990285E7 8.181850553610049E7 1.557336019356623E8 8.400847706584844E7 1.0279789289228974E8 4.5311765230755913E8 2.0934294351544958E7 8.448834884295703E7 7.576038513385603E7 2.415090961246049E7 
2.838100837403566E8 3.0055804136905037E7 1.110050074524965E8 1.103085070640729E7 2.8113411621196723E8 1.6393334885229504E8 3.469311402051729E8 4.091123128282327E8 1.5703727879919183E8 4.9451026875184E8 4.850486269095575E7 1.7718479114530736E8 4.020343571347188E8 1.1188946874978346E8 3.43643169045895E8 2.6778719890976068E7 8.181850553610049E7 1.557336019356623E8 8.400847706578575E7 1.0279789289228974E8 4.5311765119962245E8 2.0934294351532035E7 8.448834884295703E7 7.576036285131678E7 2.415090961246049E7 
2.838100837403566E8 3.0055804136905037E7 1.110050074524965E8 1.103085070640727E7 2.8113411621196723E8 1.6393334885229504E8 3.46931140198507E8 4.091123128282327E8 1.57031849790899E8 4.945102686721811E8 4.8504862690890476E7 1.7718479114519364E8 4.0203433718402475E8 1.1188946874978346E8 3.43643169045895E8 2.677870059907037E7 8.181850553610031E7 1.557336019356623E8 8.400847706577037E7 1.0279789289228974E8 4.28324977242122E8 2.0934294351532035E7 8.448834884295698E7 7.576035420732342E7 2.415090961246049E7 
2.838100837403566E8 3.0055804136905037E7 1.110048051866053E8 1.103085070640727E7 2.811341162118654E8 1.6393334885229492E8 3.4693114019030505E8 4.091123128282327E8 1.570313572753612E8 4.945102651624316E8 2.2187413090810284E7 1.7718479114519364E8 4.0203422066415554E8 1.1188946874978296E8 3.43643169045753E8 2.6778695944561806E7 8.181850553609966E7 1.557336019356623E8 8.400847706577037E7 1.0279789289228974E8 4.2077292804627603E8 2.0934294351532035E7 8.448834884295698E7 7.576035420732342E7 2.415090961246049E7 
2.838100837403566E8 3.0055804136905026E7 1.11004759581614E8 1.103085070640727E7 2.811341162117681E8 1.6393334885220435E8 3.4693114019030505E8 4.091123128282327E8 1.570304942633297E8 4.9451026515939385E8 2.0323794310766563E7 1.7718479114519364E8 4.020342088910265E8 1.1188946874978296E8 3.436431690457462E8 2.6778695944561806E7 8.181850553609966E7 1.557336019356623E8 8.400847706577037E7 1.0279789289228974E8 4.1692830663420516E8 2.0934294351532035E7 8.448834884295698E7 7.576035400443399E7 2.415090961246049E7 
2.838100837403566E8 3.005580413690499E7 1.110046812099225E8 1.103085070640727E7 2.811341162117557E8 1.639333488521809E8 3.4693114019030505E8 4.091123128282327E8 1.5702769900016513E8 4.945102651516707E8 2.019255379292353E7 1.7718479114519075E8 4.020341978437715E8 1.1188946874978265E8 3.4364316904573715E8 2.6778695612112354E7 8.181850553609608E7 1.557336019356623E8 8.400847706577037E7 1.0279789289228974E8 3.9148353350424725E8 2.0934294351532035E7 8.448834884295698E7 7.57603540022728E7 2.415090961246049E7 
2.838100837403566E8 3.005580413690496E7 1.110046812099225E8 1.103085070640723E7 2.8113411621173805E8 1.6393334885193276E8 3.4693114019030505E8 4.091123128282327E8 1.5702707926435372E8 4.945102651460392E8 2.018786737409779E7 1.7718479114519075E8 4.020341971231705E8 1.1188946874978265E8 3.436431690457331E8 2.677869521591941E7 8.181850553609608E7 1.5573360193566102E8 8.400847706577037E7 1.0279789289228974E8 3.683567814670204E8 2.093429435153159E7 8.448834884295698E7 7.57603540022728E7 2.415090961246049E7 
2.838100837403566E8 3.005580413690496E7 1.1100466311225164E8 1.103085070640723E7 2.811341162117302E8 1.6393334885185248E8 3.4693114019030505E8 4.0911231282823265E8 1.5702680989628658E8 4.945102651460392E8 2.0183855199170582E7 1.7718479114519063E8 4.020341962382659E8 1.1188946874978265E8 3.436431690457303E8 2.677869521591941E7 8.181850553609608E7 1.5573360193566102E8 8.400847706577037E7 1.0279789289228974E8 3.625107034456606E8 2.093429435153159E7 8.448834884295698E7 7.576035395903043E7 2.415090961246049E7 
2.838100837403566E8 3.005580413690496E7 1.1100466311225164E8 1.103085070640723E7 2.811341162117282E8 1.6393334885185248E8 3.469311401900102E8 4.0911231282823265E8 1.5702653410432032E8 4.945102651336605E8 2.0183713866716795E7 1.771847911451535E8 4.0203419615660316E8 1.1188946874978195E8 3.4364316904572886E8 2.677869521591941E7 8.181850553609608E7 1.55733601935661E8 8.400847706577037E7 1.0279789289228974E8 3.618494425030835E8 2.093429435153159E7 8.448834884295695E7 7.576035394311498E7 2.415090961246049E7 
2.838100837403566E8 3.005580413690496E7 1.1100465628279123E8 1.103085070640723E7 2.811341162117282E8 1.6393334885185248E8 3.469311401894634E8 4.0911231282823265E8 1.5702631275971672E8 4.945102651246087E8 2.018364554005263E7 1.771847911451535E8 4.0203419615660316E8 1.1188946874978195E8 3.436431690457187E8 2.677869521591941E7 8.181850553609608E7 1.55733601935661E8 8.400847706577037E7 1.0279789289228974E8 3.616842883854691E8 2.093429435153159E7 8.448834884295695E7 7.576035394311498E7 2.415090961246049E7 
2.838100837403566E8 3.005580413690496E7 1.1100465426673785E8 1.103085070640723E7 2.8113411621172506E8 1.6393334885174668E8 3.469311401889618E8 3.425238028406701E8 1.5702626527332434E8 4.945102651246087E8 2.018364036608795E7 1.7718479114514875E8 4.020341957430291E8 1.1188946874978195E8 3.436431690456545E8 2.677869521527365E7 8.181850553609605E7 1.55733601935661E8 8.400847706577037E7 1.0279789289228974E8 3.614936513513772E8 2.093429435153159E7 8.448834884295695E7 7.576035394118764E7 2.415090961246049E7 
2.838100837403566E8 3.005580413690496E7 1.110046532499067E8 1.103085070640723E7 2.811341162117245E8 1.6393334885174668E8 3.469311401889618E8 3.3083763405707103E8 1.570262619525035E8 4.945102651246087E8 2.0183633754770756E7 1.7718479114514875E8 4.0203419574089193E8 1.1188946874978195E8 3.4364316904561037E8 2.6778695214824516E7 8.181850553609605E7 1.55733601935661E8 8.400847706577021E7 1.0279789289228974E8 3.614787846964246E8 2.0934294351531446E7 8.448834884295695E7 7.576035394118764E7 2.415090961246049E7 
2.838100837403566E8 3.0055804136904947E7 1.110046532499067E8 1.103085070640723E7 2.811341162117229E8 1.6393334885160246E8 3.469311401889533E8 3.3047998598536307E8 1.5702624997939342E8 4.945102651237139E8 2.018359456260594E7 1.7718479114514875E8 4.020341957248119E8 1.1188946874978153E8 3.43643169045607E8 2.6778695214824516E7 8.181850553609605E7 1.55733601935661E8 8.400847706577013E7 1.0279789289228974E8 3.614747319282981E8 2.0934294351531446E7 8.448834884295695E7 7.576035394062546E7 2.415090961246049E7 
2.838100837403566E8 3.0055804136904947E7 1.1100465311928917E8 1.103085070640723E7 2.8113411621172243E8 1.6393334885160246E8 3.469311401889533E8 3.3047998598536307E8 1.5702601010427144E8 4.94510265123397E8 2.018356662269718E7 1.7718479114514875E8 4.020341957248119E8 1.1188946874978153E8 3.4364316904543954E8 2.6778695214824516E7 8.181850553609605E7 1.55733601935661E8 8.400847706577002E7 1.0279789289228974E8 3.61473668985713E8 2.0934294351531446E7 8.448834884295695E7 7.576035394034629E7 2.415090961246049E7 
2.838100837403566E8 3.0055804136904947E7 1.1100465309551555E8 1.103085070640723E7 2.811341162117217E8 1.6393334885159504E8 3.4693114018893296E8 3.3044002298022646E8 1.5702516059968838E8 4.945102651223512E8 2.0183562144126937E7 1.7718479114514875E8 4.020341957248119E8 1.1188946874978153E8 3.4364316904543954E8 2.6778695214824516E7 8.181850553609605E7 1.55733601935661E8 8.400847706577002E7 1.0279789289228974E8 3.61473658770094E8 2.0934294351531446E7 8.448834884295695E7 7.576035394034629E7 2.415090961246049E7 
2.838100837403566E8 3.0055804136904947E7 1.1100465309551555E8 1.103085070640723E7 2.8113411621172154E8 1.639333488515182E8 3.469311401888921E8 3.3043984258159536E8 1.5702475575176302E8 4.945102651222675E8 2.0183559372331176E7 1.7718479114514875E8 4.020341956840731E8 1.1188946874978153E8 3.4364316904543954E8 2.6778695214812636E7 8.181850553609605E7 1.55733601935661E8 8.400847706576996E7 1.0279789289228974E8 3.614735395554736E8 2.0934294351531446E7 8.448834884295695E7 7.576035394028509E7 2.415090961246049E7 
2.838100837403566E8 3.0055804136904947E7 1.1100465309551555E8 1.103085070640723E7 2.8113411621172154E8 1.639333488514394E8 3.469311401888921E8 3.304351825016852E8 1.5702453705387962E8 4.945102651222675E8 2.0183559372331176E7 1.7718479114514875E8 4.020341956655939E8 1.1188946874978153E8 3.4364316904543656E8 2.6778695214774765E7 8.181850553609605E7 1.5573360193566093E8 8.400847706576996E7 1.0279789289228974E8 3.614727727271256E8 2.0934294351531442E7 8.448834884295695E7 7.576035394022651E7 2.415090961246049E7 
2.838100837403566E8 3.0055804136904947E7 1.1100465309551555E8 1.103085070640723E7 2.8113411621172124E8 1.639333488513492E8 3.469311401888921E8 3.3043411913167256E8 1.5702443872869033E8 4.945102651222675E8 2.0183559372331176E7 1.7718479114514875E8 4.0203419566397697E8 1.1188946874978153E8 3.4364316904543656E8 2.6778695214774765E7 8.181850553609605E7 1.5573360193566093E8 8.400847706576996E7 1.0279789289228974E8 3.614721661832839E8 2.093429435153142E7 8.448834884295695E7 7.576035394022651E7 2.415090961246049E7 
2.838100837403566E8 3.0055804136904947E7 1.1100465309385903E8 1.103085070640723E7 2.8113411621172124E8 1.639333488513492E8 3.469311401888921E8 3.304331304534982E8 1.570242914477316E8 4.945102651222675E8 2.0183558940808572E7 1.7718479114514875E8 4.020341956624835E8 1.1188946874978153E8 3.436431690453491E8 2.6778695211930055E7 8.181850553609605E7 1.5573360193566093E8 8.400847706576996E7 1.0279789289228974E8 3.614718852739663E8 2.093429435153142E7 8.448834884295695E7 7.576035394018681E7 2.415090961246049E7 
2.838100837403566E8 3.0055804136904947E7 1.1100465309358272E8 1.1030850706407215E7 2.8113411621172124E8 1.6393334885134593E8 3.469311401888921E8 3.304331301724644E8 1.570242891340217E8 4.945102651222675E8 2.0183558878439724E7 1.771847911451464E8 4.0203419566076136E8 1.1188946874978153E8 3.436431690453166E8 2.6778695211930055E7 8.181850553609605E7 1.5573360193566093E8 8.400847706576996E7 1.0279789289228974E8 3.614716834939023E8 2.093429435153142E7 8.448834884295695E7 7.576035394018681E7 2.415090961246049E7 
2.838100837403566E8 3.0055804136904947E7 1.110046530850523E8 1.1030850706407204E7 2.8113411621172124E8 1.6393334885134593E8 3.4693114018889177E8 3.304329848426969E8 1.5702414641100165E8 4.945102651222675E8 2.0183558878439724E7 1.771847911451464E8 4.0203419565928185E8 1.1188946874978153E8 3.436431690453166E8 2.6778695211930055E7 8.181850553609605E7 1.5573360193566093E8 8.400847706576994E7 1.0279789289228974E8 3.6147165753385746E8 2.093429435153142E7 8.448834884295695E7 7.576035394018601E7 2.415090961246049E7 
2.838100837403566E8 3.0055804136904947E7 1.110046530850523E8 1.1030850706407204E7 2.8113411621172124E8 1.6393334885134593E8 3.4693114018889177E8 3.3043297605498326E8 1.570240754771086E8 4.945102651222285E8 2.0183558878439724E7 1.7718479114514574E8 4.0203419564966583E8 1.1188946874978153E8 3.436431690453166E8 2.6778695211930055E7 8.181850553609605E7 1.5573360193566093E8 8.400847706576991E7 1.0279789289228974E8 3.614716036812892E8 2.093429435153139E7 8.448834884295695E7 7.57603539401792E7 2.415090961246049E7 
2.838100837403566E8 3.0055804136904947E7 1.1100465308197871E8 1.1030850706407191E7 2.8113411621172124E8 1.639333488513098E8 3.4693114018889177E8 3.304329725457036E8 1.5702407512330496E8 4.945102651221347E8 2.0183558878439724E7 1.7718479114514574E8 4.020341956488465E8 1.1188946874978153E8 3.436431690453163E8 2.6778695211830504E7 8.181850553609605E7 1.5573360193566093E8 8.400847706576991E7 1.0279789289228974E8 3.614714249223102E8 2.093429435153139E7 8.448834884295695E7 7.5760353940161E7 2.415090961246049E7 
2.838100837403566E8 3.0055804136904947E7 1.1100465308093388E8 1.1030850706407182E7 2.8113411621172124E8 1.639333488510913E8 3.4693114018888783E8 3.3043295366032404E8 1.5702407210781795E8 4.9451026512211156E8 2.0183558875707664E7 1.7718479114514527E8 4.02034195645936E8 1.1188946874978153E8 3.436431690452127E8 2.6778695211830504E7 8.181850553609605E7 1.5573360193566093E8 8.400847706576984E7 1.0279789289228974E8 3.614713430351747E8 2.093429435153139E7 8.448834884295695E7 7.57603539401493E7 2.415090961246049E7 
2.838100837403566E8 3.0055804136904947E7 1.110046530798299E8 1.1030850706407182E7 2.8113411621172124E8 1.639333488510913E8 3.4693114018887055E8 3.3043295109853536E8 1.5702407210781795E8 4.9451026512211156E8 2.018355887454861E7 1.7718479114514446E8 4.02034195645936E8 1.1188946874978153E8 3.436431690452127E8 2.6778695211826533E7 8.181850553609604E7 1.5573360193566093E8 8.400847706576984E7 1.0279789289228974E8 3.614713430351747E8 2.093429435153136E7 8.448834884295695E7 7.576035394014694E7 2.415090961246049E7 
2.838100837403566E8 3.0055804136904947E7 1.1100465307944523E8 1.1030850706407182E7 2.8113411621172124E8 1.6393334885108635E8 3.4693114018887055E8 3.304329330261222E8 1.570240718103791E8 4.9451026512211156E8 2.0183558874520957E7 1.7718479114514446E8 4.0203419564378715E8 1.1188946874978153E8 3.436431690452127E8 2.6778695211826533E7 8.181850553609604E7 1.5573360193566093E8 8.400847706576984E7 1.0279789289228974E8 3.614713286172009E8 2.093429435153135E7 8.448834884295695E7 7.576035394014694E7 2.415090961246049E7 
2.838100837403566E8 3.0055804136904947E7 1.1100465307944523E8 1.1030850706407182E7 2.8113411621172124E8 1.639333488509315E8 3.4693114018886995E8 3.304329330261222E8 1.5702401811907682E8 4.9451026512211156E8 2.0183558874520957E7 1.6958744758535963E8 4.0203419564355856E8 1.1188946874978153E8 3.436431690452127E8 2.677869521179066E7 8.181850553609604E7 1.5573360193566093E8 8.400847706576984E7 1.0279789289228974E8 3.6147132515477365E8 2.093429435153135E7 8.448834884295695E7 7.576035394014694E7 2.415090961246049E7 
2.838100837403566E8 3.0055804136904947E7 1.1100465307944523E8 1.1030850706407182E7 2.8113411621172124E8 1.639333488509315E8 3.469311401888692E8 3.304329328686592E8 1.5702401811907682E8 4.9451026512211156E8 2.0183558874504495E7 1.3659956515806064E8 4.0203419564338565E8 1.1188946874978153E8 3.4364316904519325E8 2.677869521177588E7 8.181850553609604E7 1.5573360193566093E8 8.400847706576984E7 1.0279789289228974E8 3.614713208372244E8 2.093429435153135E7 8.448834884295695E7 7.576035394014694E7 2.415090961246049E7 
2.838100837403566E8 3.0055804136904947E7 1.110046530793933E8 1.1030850706407182E7 2.811341162117212E8 1.6393334885092136E8 3.4693114018886894E8 3.304329328686592E8 1.5702401346508032E8 4.945102651221067E8 2.0183558874464106E7 1.363918611532538E8 4.0203419564338565E8 1.1188946874978153E8 3.4364316904519325E8 2.677869521176832E7 8.181850553609604E7 1.5573360193566093E8 8.400847706576984E7 1.0279789289228974E8 3.614713199564956E8 2.093429435153135E7 8.448834884295695E7 7.576035394014694E7 2.415090961246049E7 
2.838100837403566E8 3.0055804136904947E7 1.1100465307924162E8 1.1030850706407182E7 2.811341162117211E8 1.639333488508433E8 3.4693114018886614E8 3.30432932855753E8 1.5702401346508032E8 4.9451026512210554E8 2.0183558874464106E7 1.3637569056078905E8 4.0203419564338565E8 1.1188946874978147E8 3.4364316904519325E8 2.6778695211746007E7 8.181850553609604E7 1.5573360193566093E8 8.400847706576984E7 1.0279789289228974E8 3.6147131994584113E8 2.093429435153135E7 8.448834884295695E7 7.576035394014694E7 2.415090961246049E7 
2.838100837403566E8 3.0055804136904947E7 1.1100465307914938E8 1.1030850706407182E7 2.811341162117211E8 1.639333488508433E8 3.4693114018886596E8 3.304329328496219E8 1.5702401338734344E8 4.9451026512210554E8 2.0183558874464106E7 1.363751910039813E8 4.0203419564338565E8 1.1188946874978147E8 3.4364316904519325E8 2.6778695211746007E7 8.181850553609604E7 1.5573360193566093E8 8.400847706576984E7 1.0279789289228974E8 3.614713198969016E8 2.093429435153135E7 8.448834884295695E7 7.576035394014694E7 2.415090961246049E7 
2.838100837403566E8 3.0055804136904947E7 1.1100465307914938E8 1.1030850706407182E7 2.811341162117211E8 1.6393334885082725E8 3.4693114018886596E8 3.304329328485683E8 1.5702401330229172E8 4.9451026512210554E8 2.0183558874464106E7 1.3637394484114853E8 4.0203419564338565E8 1.1188946874978147E8 3.4364316904519325E8 2.6778695211746007E7 8.181850553609604E7 1.5573360193566093E8 8.400847706576984E7 1.0279789289228974E8 3.614713198725827E8 2.093429435153135E7 8.448834884295695E7 7.57603539401468E7 2.415090961246049E7 
2.838100837403566E8 3.0055804136904947E7 1.1100465307914938E8 1.1030850706407182E7 2.811341162117211E8 1.6393334885081753E8 3.469311401888656E8 3.3043293284604347E8 1.5702401329518723E8 4.9451026512210554E8 2.0183558874464106E7 1.36372935253996E8 4.0203419564231634E8 1.1188946874978147E8 3.4364316904518366E8 2.6778695211746007E7 8.181850553609604E7 1.5573360193566093E8 8.400847706576984E7 1.0279789289228974E8 3.614713198725827E8 2.093429435153135E7 8.448834884295695E7 7.576035394014445E7 2.415090961246049E7 
2.838100837403566E8 3.0055804136904947E7 1.110046530791189E8 1.1030850706407182E7 2.811341162117211E8 1.639333488507877E8 3.469311401888656E8 3.3043293283198315E8 1.5702401329518723E8 4.945102651221053E8 2.0183558874464106E7 1.363729284130926E8 4.020341956421749E8 1.1188946874978147E8 3.4364316904518366E8 2.6778695211746007E7 8.181850553609604E7 1.5573360193566093E8 8.400847706576984E7 1.0279789289228974E8 3.614713198725827E8 2.093429435153135E7 8.448834884295695E7 7.57603539401402E7 2.415090961246049E7 
2.838100837403566E8 3.0055804136904947E7 1.1100465307881533E8 1.1030850706407182E7 2.811341162117211E8 1.6393334885073796E8 3.46931140188862E8 3.3043293282237434E8 1.570240132858851E8 4.945102651221027E8 2.0183558874464106E7 1.3637284026543352E8 4.0203419564160997E8 1.1188946874978147E8 3.436431690451811E8 2.677869521174512E7 8.181850553609604E7 1.5573360193566093E8 8.400847706576984E7 1.0279789289228974E8 3.61471319860692E8 2.093429435153135E7 8.448834884295695E7 7.576035393996629E7 2.415090961246049E7 
2.838100837403566E8 3.0055804136904947E7 1.1100465307881533E8 1.1030850706407182E7 2.811341162117211E8 1.639333488507207E8 3.46931140188862E8 3.3043293281494516E8 1.570240132858851E8 4.945102651221015E8 2.018355887446368E7 1.3637270781614235E8 4.0203419564153117E8 1.1188946874978147E8 3.436431690451806E8 2.6778695211728167E7 8.181850553609604E7 1.5573360193566093E8 8.400847706576984E7 1.0279789289228974E8 3.61471319860692E8 2.093429435153135E7 8.448834884295695E7 7.576035393978046E7 2.415090961246049E7 
2.838100837403566E8 3.0055804136904947E7 1.110046530788117E8 1.1030850706407182E7 2.811341162117211E8 1.6393334885068285E8 3.46931140188862E8 3.304329327943543E8 1.5702401326691768E8 4.9451026512209195E8 2.018355887446368E7 1.3637260432752E8 4.0203419564153117E8 1.1188946874978147E8 3.436431690451806E8 2.6778695211728167E7 8.181850553609604E7 1.5573360193566093E8 8.400847706576984E7 1.0279789289228974E8 3.61471319860692E8 2.093429435153135E7 8.448834884295695E7 7.576035393978046E7 2.415090961246049E7 
2.838100837403566E8 3.0055804136904947E7 1.110046530788117E8 1.1030850706407182E7 2.811341162117211E8 1.6393334885068285E8 3.46931140188862E8 3.30432932791472E8 1.5702401326691768E8 4.945102651220914E8 2.018355887446368E7 1.3637249716017315E8 4.020341956414986E8 1.1188946874978147E8 3.4364316904518044E8 2.6778695211728167E7 8.181850553609604E7 1.5573360193566093E8 8.400847706576984E7 1.0279789289228974E8 3.614713198585584E8 2.093429435153135E7 8.448834884295695E7 7.576035393978024E7 2.415090961246049E7 
2.838100837403566E8 3.0055804136904947E7 1.110046530788117E8 1.1030850706407182E7 2.811341162117211E8 1.639333488505706E8 3.469311401888614E8 3.30432932791472E8 1.5702401326691768E8 4.945102651220896E8 2.0183558874419227E7 1.363724911812565E8 4.020341956411984E8 1.1188946874978147E8 3.436431690451803E8 2.6778695211724456E7 8.181850553609604E7 1.5573360193566093E8 8.400847706576984E7 1.0279789289228974E8 3.614713198585584E8 2.093429435153135E7 8.448834884295695E7 7.576035393978024E7 2.415090961246049E7 
2.838100837403566E8 3.0055804136904947E7 1.110046530788117E8 1.1030850706407182E7 2.811341162117211E8 1.639333488505631E8 3.469311401888614E8 3.304329327914387E8 1.5702401323617068E8 4.9451026512208724E8 2.0183558874419227E7 1.3637248896509704E8 4.0203419564115494E8 1.1188946874978147E8 3.436431690451802E8 2.6778695211724397E7 8.181850553609604E7 1.5573360193566093E8 8.400847706576984E7 1.0279789289228974E8 3.614713198580926E8 2.093429435153135E7 8.448834884295695E7 7.57603539397551E7 2.415090961246049E7 
2.838100837403566E8 3.0055804136904947E7 1.1100465307880439E8 1.1030850706407182E7 2.811341162117211E8 1.639333488505631E8 3.4693114018886137E8 3.304329327914387E8 1.5702401322689688E8 4.94510265122085E8 2.018355887441742E7 1.3637248874708852E8 4.0203419564115494E8 1.1188946874978147E8 3.436431690451802E8 2.6778695211724322E7 8.181850553609604E7 1.5573360193566093E8 8.400847706576984E7 1.0279789289228974E8 3.614713198580926E8 2.093429435153135E7 8.448834884295695E7 7.57603539397551E7 2.415090961246049E7 
2.8381008374035656E8 3.0055804136904947E7 1.1100465307871374E8 1.1030850706407182E7 2.811341162117211E8 1.639333488504776E8 3.4693114018886137E8 3.304329327914387E8 1.5702401321957362E8 4.94510265122085E8 2.018355887441742E7 1.3637248821434513E8 4.0203419564115494E8 1.1188946874978147E8 3.436431690451802E8 2.6778695211724322E7 8.181850553609604E7 1.5573360193566093E8 8.400847706576984E7 1.0279789289228974E8 3.6147131985776377E8 2.093429435153135E7 8.448834884295695E7 7.57603539397551E7 2.415090961246049E7 
2.8381008374035656E8 3.0055804136904947E7 1.1100465307867633E8 1.1030850706407182E7 2.811341162117211E8 1.6393334885045242E8 3.4693114018886137E8 3.3043293279131997E8 1.5702401321842468E8 4.94510265122085E8 2.018355887441742E7 1.3637248726445347E8 4.0203419564115494E8 1.1188946874978147E8 3.436431690451802E8 2.6778695211724322E7 8.181850553609604E7 1.5573360193566093E8 8.400847706576984E7 1.0279789289228974E8 3.6147131985776377E8 2.093429435153135E7 8.448834884295695E7 7.576035393974735E7 2.415090961246049E7 
2.8381008374035656E8 1.1689023059478767E7 1.1100465307867633E8 1.1030850706407182E7 2.811341162117211E8 1.6393334885045242E8 3.4693114018886137E8 3.3043293279081833E8 1.5702401321500477E8 4.94510265122085E8 2.018355887441742E7 1.3637248726445347E8 4.0203419564101166E8 1.1188946874978147E8 3.4364316904518014E8 2.6778695211724322E7 8.181850553609604E7 1.5573360193566093E8 8.400847706576984E7 1.0279789289228974E8 3.614713198577395E8 2.093429435153135E7 8.448834884295695E7 7.576035393970318E7 2.415090961246049E7 
2.8381008374035656E8 1.0687515500291202E7 1.1100465307867108E8 1.1030850706407182E7 2.811341162117211E8 1.6393334885045242E8 3.4693114018886137E8 3.3043293279081833E8 1.5702401321116725E8 4.94510265122085E8 2.0183558874411732E7 1.3637248726445347E8 4.020341956409891E8 1.1188946874978147E8 3.4364316904518014E8 2.6778695211724315E7 8.181850553609604E7 1.5573360193566093E8 8.400847706576984E7 1.0279789289228974E8 3.614713198577395E8 2.093429435153135E7 8.448834884295695E7 7.576035393970276E7 2.415090961246049E7 
2.8381008374035656E8 1.0687515500291202E7 1.110046530786692E8 1.1030850706407182E7 2.811341162117211E8 1.6393334885045215E8 3.4693114018886137E8 3.3043293279081833E8 1.5702401321116725E8 4.94510265122085E8 2.0183558874410093E7 1.363724851636177E8 4.0203419564097494E8 1.1188946874978147E8 3.4364316904518014E8 2.6778695211724315E7 8.181850553609604E7 1.5573360193566093E8 8.400847706576984E7 1.0279789289228974E8 3.614713198575302E8 2.093429435153135E7 8.448834884295695E7 7.576035393969478E7 2.415090961246049E7 
2.8381008374035656E8 1.0687450920499925E7 1.110046530786692E8 1.1030850706407182E7 2.811341162117211E8 1.6393334885044953E8 3.469311401888613E8 3.3043293279054695E8 1.5702401321116725E8 4.9451026512208486E8 2.0183558874410093E7 1.363724851636177E8 4.0203419564096826E8 1.1188946874978147E8 3.4364316904518014E8 2.67786952117243E7 8.181850553609604E7 1.5573360193566093E8 8.400847706576984E7 1.0279789289228974E8 3.6147131985743815E8 2.093429435153135E7 8.448834884295695E7 7.576035393969445E7 2.415090961246049E7 
2.8381008374035656E8 1.0687406865852708E7 1.110046530786692E8 1.1030850706407182E7 2.811341162117211E8 1.639333488504463E8 3.0676720623632646E8 3.3043293279012185E8 1.570240132102559E8 4.9451026512208486E8 2.0183558874410093E7 1.3637248509414464E8 4.0203419564096826E8 1.1188946874978147E8 3.4364316904518014E8 2.6778695211724244E7 8.181850553609604E7 1.5573360193566093E8 8.400847706576984E7 1.0279789289228974E8 3.6147131985743815E8 2.093429435153135E7 8.448834884295695E7 7.576035393969445E7 2.415090961246049E7 
2.8381008374035656E8 1.0686988829034995E7 1.110046530786692E8 1.1030850706407182E7 2.811341162117211E8 1.639333488504463E8 3.0659708121622044E8 3.3043293279012185E8 1.570240132102559E8 4.9451026512208486E8 2.018355887441009E7 1.3637248509414464E8 4.020341956408775E8 1.1188946874978147E8 3.4364316904518014E8 2.6778695211721454E7 8.181850553609604E7 1.5573360193566093E8 8.400847706576984E7 1.0279789289228974E8 3.6147131985710675E8 2.093429435153135E7 8.448834884295695E7 7.576035393969445E7 2.415090961246049E7 
2.8381008374035656E8 1.0686988829034995E7 1.110046530786692E8 1.1030850706407182E7 2.811341162117211E8 1.639333488504463E8 3.0532381744467235E8 3.3043293279012185E8 1.5702401321009955E8 4.9451026512208486E8 2.0183558874410048E7 1.3637248509137896E8 4.020341956407806E8 1.1188946874978147E8 3.4364316904518014E8 2.6778695211721454E7 8.181850553609604E7 1.5573360193566093E8 8.400847706576984E7 1.0279789289228974E8 3.6147131985710675E8 2.093429435153135E7 8.448834884295695E7 7.576035393969327E7 2.415090961246049E7 
2.8381008374035656E8 1.068698607690576E7 1.1100465307866919E8 1.1030850706407182E7 2.811341162117211E8 1.639333488504463E8 3.0526206788409156E8 3.30432932790075E8 1.570240132099856E8 4.945102651220848E8 2.0183558874410048E7 1.3637248509137896E8 4.020341956407806E8 1.1188946874978147E8 3.4364316904518014E8 2.6778695211721454E7 8.181850553609604E7 1.5573360193566093E8 8.400847706576984E7 1.0279789289228974E8 3.6147131985710675E8 2.093429435153135E7 8.448834884295695E7 7.576035393969327E7 2.415090961246049E7 
2.8381008374035656E8 1.0686977363802036E7 1.1100465307866919E8 1.1030850706407182E7 2.811341162117211E8 1.639333488504463E8 3.0524944913354045E8 3.30432932790075E8 1.570240132099856E8 4.945102651220848E8 2.0183558874410048E7 1.3637248509015602E8 4.020341956407806E8 1.1188946874978147E8 3.4364316904518014E8 2.6778695211721417E7 8.181850553609604E7 1.5573360193566093E8 8.400847706576984E7 1.0279789289228974E8 3.614713198570893E8 2.093429435153135E7 8.448834884295695E7 7.576035393969274E7 2.415090961246049E7 
2.8381008374035656E8 1.0686964786241729E7 1.1100465307866919E8 1.1030850706407182E7 2.811341162117211E8 1.639333488504046E8 3.0524829729321724E8 3.304329327900374E8 1.570240132099856E8 4.945102651220848E8 2.0183558874410048E7 1.3637248509000853E8 4.020341956407806E8 1.1188946874978147E8 3.4364316904518014E8 2.6778695211721417E7 8.181850553609604E7 1.5573360193566093E8 8.400847706576984E7 1.0279789289228974E8 3.614713198570561E8 2.093429435153135E7 8.448834884295695E7 7.576035393968756E7 2.415090961246049E7 
2.8381008374035656E8 1.0686962941288132E7 1.1100465307866913E8 1.1030850706407182E7 2.811341162117211E8 1.639333488504046E8 3.0524765563061523E8 3.304329327900374E8 1.5702401320997304E8 4.945102651220848E8 2.0183558874410048E7 1.3637248508725518E8 4.0203419564078057E8 1.1188946874978147E8 3.436431690451801E8 2.6778695211721417E7 8.181850553609604E7 1.5573360193566093E8 8.400847706576984E7 1.0279789289228974E8 3.614713198570561E8 2.093429435153135E7 8.448834884295695E7 7.576035393968756E7 2.415090961246049E7 
2.8381008374035656E8 1.0686962941288132E7 1.1100465307866907E8 1.1030850706407182E7 2.811341162117211E8 1.639333488503847E8 3.052470694331266E8 3.3043293279002863E8 1.5702401320997304E8 4.945102651220848E8 2.018355887440996E7 1.3637248508268324E8 4.0203419564078057E8 1.1188946874978147E8 3.436431690451801E8 2.6778695211721417E7 8.181850553609604E7 1.5573360193566093E8 8.400847706576984E7 1.0279789289228974E8 3.614713198570559E8 2.093429435153135E7 8.448834884295695E7 7.576035393968756E7 2.415090961246049E7 
2.8381008374035656E8 1.0686962941288132E7 1.1100465307866906E8 1.1030850706407182E7 2.811341162117211E8 1.6393334885030666E8 3.052469855677543E8 3.30432932790014E8 1.570240132099405E8 4.945102651220848E8 2.018355887440904E7 1.3637248507999048E8 4.0203419564078057E8 1.1188946874978147E8 3.436431690451801E8 2.6778695211721417E7 8.181850553609604E7 1.5573360193566093E8 8.400847706576984E7 1.0279789289228974E8 3.614713198570556E8 2.093429435153135E7 8.448834884295695E7 7.576035393968756E7 2.415090961246049E7 
2.8381008374035656E8 1.0686962739178764E7 1.1100465307866903E8 1.1030850706407182E7 2.811341162117211E8 1.639333488502782E8 3.052464325899555E8 3.304329327900135E8 1.5702401320993274E8 4.945102651220848E8 2.018355887440904E7 1.3637248507999048E8 4.0203419564078057E8 1.1188946874978147E8 3.436431690451801E8 2.6778695211721376E7 8.181850553609604E7 1.5573360193566093E8 8.400847706576984E7 1.0279789289228974E8 3.6147131985705537E8 2.093429435153135E7 8.448834884295695E7 7.576035393968756E7 2.415090961246049E7 
2.8381008374035656E8 1.0686961705167077E7 1.1100465307866903E8 1.1030850706407182E7 2.811341162117211E8 1.639333488502782E8 3.052464325899555E8 3.30432932790013E8 1.5702401320993274E8 4.945102651220848E8 2.018355887440904E7 1.3637248507999048E8 4.0203419564078057E8 1.1188946874978147E8 3.436431690451801E8 2.6778695211721376E7 8.181850553609604E7 1.5573360193566093E8 8.400847706576984E7 1.0279789289228974E8 3.6147131985702896E8 2.093429435153135E7 8.448834884295695E7 7.576035393968756E7 2.415090961246049E7 
2.8381008374035656E8 1.0686961616207616E7 1.1100465307866894E8 1.1030850706407182E7 2.811341162117211E8 1.639333488502728E8 3.0524643124674886E8 3.30432932790013E8 1.5702401320993274E8 4.945102651220848E8 2.018355887440904E7 1.3637248507999048E8 4.020341956407538E8 1.1188946874978147E8 3.436431690451801E8 2.6778695211721376E7 8.181850553609604E7 1.5573360193566093E8 8.400847706576984E7 1.0279789289228974E8 3.6147131985700786E8 2.093429435153135E7 8.448834884295695E7 7.576035393968756E7 2.415090961246049E7 
2.8381008374035656E8 1.0686961616207616E7 1.110046530786689E8 1.1030850706407182E7 2.811341162117211E8 1.6393334885023814E8 2.896742200901452E8 3.304329327900126E8 1.5702401320992067E8 4.945102651220848E8 2.018355887440904E7 1.363724850778032E8 4.020341956407522E8 1.1188946874978147E8 3.436431690451801E8 2.6778695211721353E7 8.181850553609604E7 1.5573360193566093E8 8.400847706576984E7 1.0279789289228974E8 3.6147131985700786E8 2.093429435153135E7 8.448834884295695E7 7.576035393968754E7 2.415090961246049E7 
2.8381008374035656E8 1.0686961602446329E7 1.110046530786689E8 1.1030850706407182E7 2.811341162117211E8 1.639333488502297E8 2.869491400143896E8 3.3043293278998256E8 1.5702401320992067E8 4.945102651220848E8 2.018355887440904E7 1.3637248507768852E8 4.0203419564075214E8 1.1188946874978147E8 3.436431690451801E8 2.6778695211721353E7 8.181850553609604E7 1.5573360193566093E8 8.400847706576984E7 1.0279789289228974E8 3.6147131985700786E8 2.093429435153135E7 8.448834884295695E7 7.576035393968754E7 2.415090961246049E7 
2.8381008374035656E8 1.0686961590375545E7 1.110046530786689E8 1.1030850706407182E7 2.811341162117211E8 1.639333488502297E8 2.8629814175266075E8 3.3043293278998256E8 1.5702401320991746E8 4.945102651220848E8 2.018355887440904E7 1.3637248507768852E8 4.020341956407512E8 1.1188946874978147E8 3.436431690451801E8 2.6778695211721353E7 8.181850553609604E7 1.5573360193566093E8 8.400847706576984E7 1.0279789289228974E8 3.6147131985700786E8 2.093429435153135E7 8.448834884295695E7 7.576035393968754E7 2.415090961246049E7 
2.8381008374035656E8 1.0686961590375545E7 1.110046530786689E8 1.1030850706407182E7 2.811341162117211E8 1.639333488502297E8 2.860115445284408E8 3.304329327899823E8 1.570240132099118E8 4.945102651220848E8 2.0183558874409012E7 1.3637248507768852E8 4.020341956407512E8 1.1188946874978147E8 3.436431690451801E8 2.6778695211721353E7 8.181850553609604E7 1.5573360193566093E8 8.400847706576984E7 1.0279789289228974E8 3.614713198570039E8 2.093429435153135E7 8.448834884295695E7 7.576035393968754E7 2.415090961246049E7 
2.8381008374035656E8 1.0686961590078976E7 1.110046530786689E8 1.1030850706407182E7 2.811341162117211E8 1.639333488502295E8 2.859824283334499E8 3.3043293278998226E8 1.570240132099118E8 4.945102651220848E8 2.0183558874409012E7 1.3637248507768852E8 4.020341956407508E8 1.1188946874978147E8 3.436431690451801E8 2.6778695211721353E7 8.181850553609604E7 1.5573360193566093E8 8.400847706576984E7 1.0279789289228974E8 3.614713198570017E8 2.093429435153135E7 8.448834884295695E7 7.576035393968754E7 2.415090961246049E7 
2.8381008374035656E8 1.06869615898475E7 1.110046530786689E8 1.1030850706407182E7 2.811341162117211E8 1.639333488502295E8 2.8595755191844434E8 3.3043293278998226E8 1.570240132099118E8 4.945102651220848E8 2.0183558874409012E7 1.3637248507745448E8 4.0203419564075077E8 1.1188946874978147E8 3.436431690451801E8 2.6778695211721353E7 8.181850553609604E7 1.5573360193566093E8 8.400847706576984E7 1.0279789289228974E8 3.6147131985699356E8 2.093429435153135E7 8.448834884295695E7 7.576035393968754E7 2.415090961246049E7 
2.8381008374035656E8 1.06869615898475E7 1.110046530786689E8 1.1030850706407182E7 2.811341162117211E8 1.639333488502295E8 2.859552142375945E8 3.3043293278998226E8 1.5702401320991087E8 4.945102651220848E8 2.0183558874409012E7 1.3637248507745448E8 4.020341956407506E8 1.1188946874978147E8 3.436431690451801E8 2.6778695211721353E7 8.181850553609604E7 1.5573360193566093E8 8.400847706576984E7 1.0279789289228974E8 3.6147131985699356E8 2.093429435153135E7 8.448834884295695E7 7.576035393968754E7 2.415090961246049E7 
2.8381008374035656E8 1.06869615898475E7 1.110046530786689E8 1.1030850706407182E7 2.811341162117211E8 1.639333488502294E8 2.8595266391748786E8 3.3043293278998226E8 1.5702401320991087E8 4.945102651220848E8 2.0183558874409012E7 1.3637248507745448E8 4.020341956407506E8 1.1188946874978147E8 3.436431690451801E8 2.6778695211721353E7 8.181850553609604E7 1.5573360193566093E8 8.400847706576984E7 1.0279789289228974E8 3.6147131985699356E8 2.093429435153135E7 8.448834884295695E7 7.576035393968754E7 2.415090961246049E7 
2.8381008374035656E8 1.06869615898475E7 1.110046530786689E8 1.1030850706407182E7 2.8113411621172106E8 1.6393334885022935E8 2.859522862504446E8 3.3043293278998226E8 1.5702401320991087E8 4.834340729559E8 2.018355887440901E7 1.3637248507745448E8 4.020341956407506E8 1.1188946874978147E8 3.436431690451801E8 2.6778695211721353E7 8.181850553609604E7 1.5573360193566093E8 8.400847706576984E7 1.0279789289228974E8 3.6147131985699356E8 2.093429435153135E7 8.448834884295695E7 7.576035393968754E7 2.415090961246049E7 
2.8381008374035656E8 1.068696158968894E7 6.17112060386174E7 1.1030850706407182E7 2.8113411621172106E8 1.6393334885022935E8 2.85952183609478E8 3.304329327899822E8 1.5702401320991087E8 4.6872409375769585E8 2.018355887440901E7 1.3637248507745448E8 4.020341956407504E8 1.1188946874978147E8 3.436431690451801E8 2.67786952117213E7 8.181850553609604E7 1.5573360193566093E8 8.400847706576984E7 1.0279789289228974E8 3.6147131985699344E8 2.093429435153135E7 8.448834884295695E7 7.576035393968754E7 2.415090961246049E7 
2.8381008374035656E8 1.0686961589378914E7 6.070529524695376E7 1.1030850706407182E7 2.8113411621172106E8 1.6393334885022935E8 2.859513964925845E8 3.304329327899822E8 1.5702401320991087E8 4.67554731614269E8 2.018355887440901E7 1.3637248507745448E8 4.020341956407504E8 1.1188946874978147E8 3.436431690451801E8 2.67786952117213E7 8.181850553609604E7 1.5573360193566093E8 8.400847706576984E7 1.0279789289228974E8 3.614713198569933E8 2.093429435153135E7 8.448834884295695E7 7.576035393968754E7 2.415090961246049E7 
2.8381008374035656E8 1.0686961589378914E7 6.068189426008265E7 1.1030850706407182E7 2.8113411621172106E8 1.6393334885022867E8 2.8595138631890804E8 3.304329327899822E8 1.5702401320991087E8 4.67554731614269E8 2.0183558874409005E7 1.3637248507745448E8 4.020341956407504E8 1.1188946874978147E8 3.436431690451801E8 2.67786952117213E7 8.181850553609604E7 1.5573360193566093E8 8.400847706576984E7 1.0279789289228974E8 3.614713198569933E8 2.093429435153135E7 8.448834884295695E7 7.576035393968752E7 2.415090961246049E7 
2.8381008374035656E8 1.0686961589378914E7 6.0676661635166034E7 1.1030850706407182E7 2.8113411621172106E8 1.639333488502286E8 2.859513110584029E8 3.304329327899822E8 1.570240132099107E8 4.674967551515781E8 2.0183558874409005E7 1.3637248507745415E8 4.020341956407504E8 1.1188946874978147E8 3.436431690451801E8 2.67786952117213E7 8.181850553609604E7 1.5573360193566093E8 8.400847706576984E7 1.0279789289228974E8 3.6147131985699326E8 2.093429435153135E7 8.448834884295695E7 7.576035393968752E7 2.415090961246049E7 
2.8381008374035656E8 1.0686961589378914E7 6.0673936648006685E7 1.1030850706407182E7 2.8113411621172106E8 1.6393334885022813E8 2.8595119357908744E8 3.304329327899822E8 1.570240132099107E8 3.570839338585954E8 2.0183558874409005E7 1.3637248507745415E8 4.020341956407504E8 1.1188946874978147E8 3.436431690451801E8 2.67786952117213E7 8.181850553609604E7 1.5573360193566093E8 8.400847706576984E7 1.0279789289228974E8 3.614713198569931E8 2.093429435153135E7 8.448834884295695E7 7.576035393968752E7 2.415090961246049E7 
2.8381008374035656E8 1.0686961588276029E7 6.0673936648006685E7 1.1030850706407182E7 2.8113411621172106E8 1.6393334885022813E8 2.8595119357908744E8 3.304329327899821E8 1.570240132099107E8 3.0490545947451985E8 2.0183558874408998E7 1.3637248507745415E8 4.020341956407504E8 1.1188946874978147E8 3.436431690451801E8 2.67786952117213E7 8.181850553609604E7 1.5573360193566093E8 8.400847706576984E7 1.0279789289228974E8 3.6147131985699296E8 2.093429435153135E7 8.448834884295695E7 7.576035393968752E7 2.415090961246049E7 
2.8381008374035656E8 1.0686961588276029E7 6.0673519236373745E7 1.1030850706407182E7 2.8113411621172106E8 1.6393334885022813E8 2.859511935251876E8 3.304329327899821E8 1.570240132099106E8 2.898827861444248E8 2.0183558874408998E7 1.3637248507745415E8 4.020341956407504E8 1.1188946874978147E8 3.436431690451801E8 2.67786952117213E7 8.181850553609604E7 1.5573360193566093E8 8.400847706576984E7 1.0279789289228974E8 3.614713198569927E8 2.093429435153135E7 8.448834884295695E7 7.576035393968752E7 2.415090961246049E7 
2.8381008374035656E8 1.0686961588226141E7 6.067349989027596E7 1.1030850706407182E7 2.8113411621172106E8 1.6393334885022762E8 2.859511928143889E8 3.304329327899821E8 1.5702401320991048E8 2.892239083205393E8 2.0183558874408994E7 1.3637248507745415E8 4.020341956407504E8 1.1188946874978147E8 3.436431690451801E8 2.67786952117213E7 8.181850553609604E7 1.5573360193566093E8 8.400847706576984E7 1.0279789289228974E8 3.614713198569927E8 2.093429435153135E7 8.448834884295695E7 7.57603539396875E7 2.415090961246049E7 
2.8381008374035656E8 1.0686961588226141E7 6.067339689057843E7 1.1030850706407182E7 2.8113411621172106E8 1.6393334885022762E8 2.8595119124805385E8 3.304329327899816E8 1.5702401320991048E8 2.8905885664403415E8 2.0183558874408994E7 1.3637248507745415E8 4.020341956407504E8 1.1188946874978147E8 3.436431690451801E8 2.67786952117213E7 8.181850553609604E7 1.5573360193566093E8 8.400847706576984E7 1.0279789289228974E8 3.614713198569927E8 2.093429435153135E7 8.448834884295695E7 7.57603539396875E7 2.415090961246049E7 
2.8381008374035656E8 1.0686961588226141E7 6.067339689057843E7 1.1030850706407182E7 2.8113411621172106E8 1.6393334885022745E8 2.859511910685972E8 3.304329327899816E8 1.5702401320991048E8 2.8887151669965464E8 2.0183558874408994E7 1.3637248507745376E8 4.020341956407504E8 1.1188946874978147E8 3.436431690451801E8 2.67786952117213E7 8.181850553609604E7 1.5573360193566093E8 8.400847706576984E7 1.0279789289228974E8 3.6147131985699266E8 2.093429435153135E7 8.448834884295695E7 7.57603539396875E7 2.415090961246049E7 
2.8381008374035656E8 1.068696158822411E7 6.067338769632677E7 1.1030850706407182E7 2.8113411621172106E8 1.6393334885022745E8 2.8595119041181874E8 3.304329327899816E8 1.5702401320991048E8 2.8881897686439764E8 2.0183558874408994E7 1.3637248507745376E8 4.020341956407504E8 1.1188946874978147E8 3.436431690451801E8 2.67786952117213E7 8.181850553609604E7 1.5573360193566093E8 8.400847706576984E7 1.0279789289228974E8 3.6147131985699266E8 2.093429435153135E7 8.448834884295695E7 7.57603539396875E7 2.415090961246049E7 
2.8381008374035656E8 1.0686961588187117E7 6.067338769632677E7 1.1030850706407182E7 2.8113411621172106E8 1.6393334885022745E8 2.8595119033482987E8 3.304329327899816E8 1.5702401320991045E8 2.887932536896729E8 2.0183558874408994E7 1.3637248507745376E8 4.020341956407504E8 1.1188946874978147E8 3.436431690451801E8 2.67786952117213E7 8.181850553609604E7 1.5573360193566093E8 8.400847706576984E7 1.0279789289228974E8 3.6147131985699266E8 2.093429435153135E7 8.448834884295695E7 7.57603539396875E7 2.415090961246049E7 
2.8381008374035656E8 1.0686961588178787E7 6.067338525786596E7 1.1030850706407182E7 2.8113411621172106E8 1.639333488502273E8 2.859511903322833E8 3.304329327899816E8 1.570240132099104E8 2.887932536896729E8 2.0183558874408994E7 1.3637248507745346E8 4.020341956407504E8 1.1188946874978147E8 3.436431690451801E8 2.67786952117213E7 8.181850553609604E7 1.5573360193566093E8 8.400847706576984E7 1.0279789289228974E8 3.6147131985699266E8 2.093429435153135E7 8.448834884295695E7 7.57603539396875E7 2.415090961246049E7 
2.8381008374035656E8 1.0686961588178787E7 6.067336841810671E7 1.1030850706407182E7 2.8113411621172106E8 1.6393334885022727E8 2.859511903322833E8 3.304329327899816E8 1.570240132099104E8 2.887865925978056E8 2.0183558874408994E7 1.3637248507745346E8 4.020341956407504E8 1.1188946874978147E8 3.436431690451801E8 2.67786952117213E7 8.181850553609604E7 1.5573360193566093E8 8.400847706576984E7 1.0279789289228974E8 3.6147131985699266E8 2.093429435153135E7 8.448834884295695E7 7.57603539396875E7 2.415090961246049E7 
2.8381008374035656E8 1.0686961588178787E7 6.067336737402012E7 1.1030850706407182E7 2.8113411621172106E8 1.6393334885022727E8 2.859511903302642E8 3.304329327899816E8 1.570240132099104E8 2.887854739477319E8 2.0183558874408994E7 1.3637248507745346E8 4.020341956407504E8 1.1188946874978147E8 3.436431690451801E8 2.67786952117213E7 8.181850553609604E7 1.5573360193566093E8 8.400847706576984E7 1.0279789289228974E8 3.6147131985699266E8 2.093429435153135E7 8.448834884295695E7 7.57603539396875E7 2.415090961246049E7 
2.8381008374035656E8 1.0686961588167965E7 6.06733673695761E7 1.1030850706407182E7 2.8113411621172106E8 1.6393334885022727E8 2.859511902864846E8 3.304329327899816E8 1.5702401320991033E8 2.8878295144438547E8 2.0183558874408994E7 1.363724850774534E8 4.020341956407503E8 1.1188946874978147E8 3.436431690451801E8 2.67786952117213E7 8.181850553609604E7 1.5573360193566093E8 8.400847706576984E7 1.0279789289228974E8 3.6147131985699266E8 2.093429435153135E7 8.448834884295695E7 7.57603539396875E7 2.415090961246049E7 
2.8381008374035656E8 1.0686961588167785E7 6.06733673695761E7 1.1030850706407182E7 2.8113411621172106E8 1.6393334885022718E8 2.8595119025627846E8 3.304329327899816E8 1.5702401320991033E8 2.8878295144438547E8 2.0183558874408994E7 1.363724850774534E8 4.020341956407502E8 1.1188946874978147E8 3.436431690451801E8 2.67786952117213E7 8.181850553609604E7 1.5573360193566093E8 8.400847706576984E7 1.0279789289228974E8 3.6147131985699266E8 2.093429435153135E7 8.448834884295695E7 7.57603539396875E7 2.415090961246049E7 
2.8381008374035656E8 1.0686961588167151E7 6.06733673695761E7 1.1030850706407182E7 2.8113411621172106E8 1.6393334885022718E8 2.8595119025627846E8 3.304329327899816E8 1.5702401320991033E8 2.8878295144438547E8 2.0183558874408994E7 1.363724850774534E8 4.020341956407502E8 1.1188946874978147E8 3.436431690451801E8 2.67786952117213E7 8.181850553609604E7 1.5573360193566093E8 8.400847706576984E7 1.0279789289228974E8 3.6147131985699266E8 2.093429435153135E7 8.448834884295695E7 7.57603539396875E7 2.415090961246049E7 
2.8381008374035656E8 1.068696158816352E7 6.067336736777401E7 1.1030850706407182E7 2.8113411621172106E8 1.6393334885022715E8 2.859511902471145E8 3.304329327899816E8 1.570240132099103E8 2.8878295144438547E8 2.0183558874408994E7 1.363724850774534E8 4.020341956407502E8 1.1188946874978147E8 3.436431690451801E8 2.67786952117213E7 8.181850553609604E7 1.5573360193566093E8 8.400847706576984E7 1.0279789289228974E8 3.6147131985699266E8 2.093429435153135E7 8.448834884295695E7 7.57603539396875E7 2.415090961246049E7 
2.8381008374035656E8 1.0686961588163355E7 6.067336736467131E7 1.1030850706407182E7 2.8113411621172106E8 1.6393334885022715E8 2.859511902471145E8 3.304329327899816E8 1.570240132099103E8 2.8878295144438547E8 2.0183558874408994E7 1.3637248507745337E8 4.020341956407502E8 1.1188946874978147E8 3.436431690451801E8 2.67786952117213E7 8.181850553609604E7 1.5573360193566093E8 8.400847706576984E7 1.0279789289228974E8 3.6147131985699266E8 2.093429435153135E7 8.448834884295695E7 7.57603539396875E7 2.415090961246049E7 
2.8381008374035656E8 1.0686961588163309E7 6.067336736467131E7 1.1030850706407182E7 2.8113411621172106E8 1.6393334885022712E8 2.859511902199665E8 3.304329327899816E8 1.570240132099103E8 2.8878276544869876E8 2.0183558874408994E7 1.3637248507745337E8 4.020341956407502E8 1.1188946874978147E8 3.436431690451801E8 2.67786952117213E7 8.181850553609604E7 1.5573360193566093E8 8.400847706576984E7 1.0279789289228974E8 3.6147131985699266E8 2.093429435153135E7 8.448834884295695E7 7.57603539396875E7 2.415090961246049E7 
2.8381008374035656E8 1.0686961588163309E7 6.067336736467131E7 1.1030850706407182E7 2.8113411621172106E8 1.6393334885022712E8 2.859511902199665E8 3.304329327899816E8 1.570240132099103E8 2.8878273794086504E8 2.0183558874408994E7 1.3637248507745337E8 4.020341956407502E8 1.1188946874978147E8 3.436431690451801E8 2.67786952117213E7 8.181850553609604E7 1.5573360193566093E8 8.400847706576984E7 1.0279789289228974E8 3.6147131985699266E8 2.093429435153135E7 8.448834884295695E7 7.57603539396875E7 2.415090961246049E7 
2.8381008374035656E8 1.0686961588162923E7 6.067336736467131E7 1.1030850706407182E7 2.8113411621172106E8 1.6393334885022712E8 2.859511902076914E8 3.304329327899816E8 1.570240132099103E8 2.8878268814502287E8 2.0183558874408994E7 1.3637248507745337E8 4.020341956407502E8 1.1188946874978147E8 3.436431690451801E8 2.67786952117213E7 8.181850553609604E7 1.5573360193566093E8 8.400847706576984E7 1.0279789289228974E8 3.6147131985699236E8 2.093429435153135E7 8.448834884295695E7 7.57603539396875E7 2.415090961246049E7 
2.8381008374035656E8 1.0686961588162923E7 6.067336736467131E7 1.1030850706407182E7 2.8113411621172106E8 1.6393334885022712E8 2.859511902025524E8 3.304329327899816E8 1.570240132099103E8 2.8878267556223255E8 2.0183558874408994E7 1.3637248507745337E8 4.020341956407502E8 1.1188946874978147E8 3.436431690451801E8 2.67786952117213E7 8.181850553609604E7 1.5573360193566093E8 8.400847706576984E7 1.0279789289228974E8 3.6147131985699236E8 2.093429435153135E7 8.448834884295695E7 7.57603539396875E7 2.415090961246049E7 
2.8381008374035656E8 1.06869615881628E7 6.0673367359391466E7 1.1030850706407182E7 2.8113411621172106E8 1.6393334885022712E8 2.859511902025524E8 3.304329327899816E8 1.570240132099103E8 2.887826736804832E8 2.0183558874408994E7 1.3637248507745337E8 4.020341956407502E8 1.1188946874978147E8 3.436431690451801E8 2.67786952117213E7 8.181850553609604E7 1.5573360193566093E8 8.400847706576984E7 1.0279789289228974E8 3.6147131985699236E8 2.093429435153135E7 8.448834884295695E7 7.57603539396875E7 2.415090961246049E7 
2.8381008374035656E8 1.0686961588162454E7 6.067336735893445E7 1.1030850706407182E7 2.8113411621172106E8 1.6393334885022712E8 2.859511902023654E8 3.304329327899816E8 1.570240132099103E8 2.8878267257752234E8 2.0183558874408994E7 1.3637248507745337E8 4.020341956407502E8 1.1188946874978147E8 3.436431690451801E8 2.67786952117213E7 8.181850553609604E7 1.5573360193566093E8 8.400847706576984E7 1.0279789289228974E8 3.6147131985699236E8 2.093429435153135E7 8.448834884295695E7 7.57603539396875E7 2.415090961246049E7 
2.8381008374035656E8 1.0686961588162124E7 6.0673367355336875E7 1.1030850706407182E7 2.8113411621172106E8 1.6393334885022712E8 2.859511902020338E8 3.304329327899816E8 1.570240132099103E8 2.8878267057839924E8 2.0183558874408994E7 1.3637248507745337E8 4.020341956407502E8 1.1188946874978147E8 3.436431690451801E8 2.67786952117213E7 8.181850553609604E7 1.5573360193566093E8 8.400847706576984E7 1.0279789289228974E8 3.6147131985699236E8 2.093429435153135E7 8.448834884295695E7 7.57603539396875E7 2.415090961246049E7 
2.8381008374035656E8 1.0686961588162106E7 6.067336735030999E7 1.1030850706407182E7 2.8113411621172106E8 1.6393334885022712E8 2.859511902005004E8 3.304329327899816E8 1.570240132099103E8 2.8878267057839924E8 2.0183558874408994E7 1.3637248507745337E8 4.020341956407502E8 1.1188946874978147E8 3.436431690451801E8 2.67786952117213E7 8.181850553609604E7 1.5573360193566093E8 8.400847706576984E7 1.0279789289228974E8 3.6147131985699236E8 2.093429435153135E7 8.448834884295695E7 7.57603539396875E7 2.415090961246049E7 
2.8381008374035656E8 1.0686961588162106E7 6.067336735030999E7 1.1030850706407182E7 2.8113411621172106E8 1.6393334885022712E8 2.859511902001776E8 3.304329327899816E8 1.570240132099103E8 2.8878267057839924E8 2.0183558874408994E7 1.3637248507745305E8 4.020341956407502E8 1.1188946874978147E8 3.436431690451801E8 2.67786952117213E7 8.181850553609604E7 1.5573360193566093E8 8.400847706576984E7 1.0279789289228974E8 3.6147131985699236E8 2.093429435153135E7 8.448834884295695E7 7.57603539396875E7 2.415090961246049E7 
2.8381008374035656E8 1.0686961588162106E7 6.067336735030999E7 1.1030850706407182E7 2.8113411621172106E8 1.6393334885022712E8 2.859511902001776E8 3.304329327899816E8 1.570240132099103E8 2.8878267056407654E8 2.0183558874408994E7 1.3637248507745305E8 4.020341956407502E8 1.1188946874978147E8 3.436431690451801E8 2.67786952117213E7 8.181850553609604E7 1.5573360193566093E8 8.400847706576984E7 1.0279789289228974E8 3.6147131985699236E8 2.093429435153135E7 8.448834884295695E7 7.57603539396875E7 2.415090961246049E7 
2.8381008374035656E8 1.0686961588162098E7 6.067336735030999E7 1.1030850706407182E7 2.8113411621172106E8 1.6393334885022712E8 2.859511902000836E8 3.304329327899816E8 1.570240132099103E8 2.887826705631196E8 2.0183558874408994E7 1.3637248507745305E8 4.020341956407502E8 1.1188946874978147E8 3.436431690451801E8 2.67786952117213E7 8.181850553609604E7 1.5573360193566093E8 8.400847706576984E7 1.0279789289228974E8 3.296487829254472E8 2.093429435153135E7 8.448834884295695E7 7.57603539396875E7 2.415090961246049E7 
2.8381008374035656E8 1.0686961588162098E7 6.0673367350210376E7 1.1030850706407182E7 2.8113411621172106E8 1.6393334885022712E8 2.8595119019985723E8 3.304329327899816E8 1.570240132099103E8 2.887826705591366E8 2.0183558874408994E7 1.3637248507745302E8 4.020341956407502E8 1.1188946874978147E8 3.436431690451801E8 2.67786952117213E7 8.181850553609604E7 1.5573360193566093E8 8.400847706576984E7 1.0279789289228974E8 3.2835551877706635E8 2.093429435153135E7 8.448834884295695E7 7.57603539396875E7 2.415090961246049E7 
2.8381008374035656E8 1.068696158816208E7 6.0673367350210376E7 1.1030850706407182E7 2.8113411621172106E8 1.6393334885022712E8 2.8595119019985723E8 3.304329327899816E8 1.570240132099103E8 2.8878267055460966E8 2.0183558874408994E7 1.3637248507745302E8 4.020341956407502E8 1.1188946874978147E8 3.436431690451801E8 2.67786952117213E7 8.181850553609604E7 1.5573360193566093E8 8.400847706576984E7 1.0279789289228974E8 3.2835551877706635E8 2.093429435153135E7 8.448834884295695E7 7.57603539396875E7 2.415090961246049E7 
2.8381008374035656E8 1.068696158816208E7 6.067336734957557E7 1.1030850706407182E7 2.8113411621172106E8 1.6393334885022703E8 2.8595119019985723E8 3.304329327899816E8 1.570240132099103E8 2.8878267054654175E8 2.0183558874408994E7 1.3637248507745302E8 4.020341956407502E8 1.1188946874978147E8 3.436431690451801E8 2.67786952117213E7 8.181850553609604E7 1.5573360193566093E8 8.400847706576984E7 1.0279789289228974E8 3.2834153534156656E8 2.093429435153135E7 8.448834884295695E7 7.57603539396875E7 2.415090961246049E7 
2.8381008374035656E8 1.0686961588162057E7 6.0673367349506944E7 1.1030850706407182E7 2.8113411621172106E8 1.6393334885022703E8 2.859511901997725E8 3.304329327899816E8 1.570240132099103E8 2.887826705437758E8 2.0183558874408994E7 1.3637248507745302E8 4.020341956407502E8 1.1188946874978147E8 3.436431690451801E8 2.67786952117213E7 8.181850553609604E7 1.5573360193566093E8 8.400847706576984E7 1.0279789289228974E8 3.28339596702084E8 2.093429435153135E7 8.448834884295695E7 7.57603539396875E7 2.415090961246049E7 
2.8381008374035656E8 1.0686961588162057E7 6.067336734948634E7 1.1030850706407182E7 2.8113411621172106E8 1.6393334885022703E8 2.859511901997725E8 3.304329327899816E8 1.570240132099103E8 2.8878267054299235E8 2.0183558874408994E7 1.3637248507745302E8 4.020341956407502E8 1.1188946874978147E8 3.436431690451801E8 2.67786952117213E7 8.181850553609604E7 1.5573360193566093E8 8.400847706576984E7 1.0279789289228974E8 3.28339596702084E8 2.093429435153135E7 8.448834884295695E7 7.57603539396875E7 2.415090961246049E7 
2.8381008374035656E8 1.0686961588162055E7 6.067336734948634E7 1.1030850706407182E7 2.8113411621172106E8 1.6393334885022703E8 2.8595119019966954E8 3.304329327899816E8 1.570240132099103E8 2.887826705418116E8 2.0183558874408994E7 1.3637248507745302E8 4.020341956407502E8 1.1188946874978147E8 3.436431690451801E8 2.67786952117213E7 8.181850553609604E7 1.5573360193566093E8 8.400847706576984E7 1.0279789289228974E8 3.283392108507572E8 2.093429435153135E7 8.448834884295695E7 7.57603539396875E7 2.415090961246049E7 
2.8381008374035656E8 1.0686961588162055E7 6.067336734948634E7 1.1030850706407182E7 2.8113411621172106E8 1.6393334885022703E8 2.859511901994528E8 3.304329327899816E8 1.570240132099103E8 2.887826705398009E8 2.0183558874408994E7 1.3637248507745302E8 4.020341956407502E8 1.1188946874978147E8 3.436431690451801E8 2.67786952117213E7 8.181850553609604E7 1.5573360193566093E8 8.400847706576984E7 1.0279789289228974E8 3.283391875073245E8 2.093429435153135E7 8.448834884295695E7 7.57603539396875E7 2.415090961246049E7 
2.8381008374035656E8 1.0686961588162046E7 6.067336734948634E7 1.1030850706407182E7 2.8113411621172106E8 1.6393334885022703E8 2.859511901994528E8 3.304329327899816E8 1.570240132099103E8 2.8878267053856707E8 2.0183558874408994E7 1.3637248507745302E8 4.020341956407502E8 1.1188946874978147E8 3.436431690451801E8 2.67786952117213E7 8.181850553609604E7 1.5573360193566093E8 8.400847706576984E7 1.0279789289228974E8 3.283391875073245E8 2.093429435153135E7 8.448834884295695E7 7.57603539396875E7 2.415090961246049E7 
2.8381008374035656E8 1.0686961588162046E7 6.06733673494303E7 1.1030850706407182E7 2.8113411621172106E8 1.6393334885022703E8 2.859511901994528E8 3.304329327899816E8 1.570240132099103E8 2.8878267053544515E8 2.0183558874408994E7 1.3637248507745302E8 4.020341956407502E8 1.1188946874978147E8 3.436431690451801E8 2.67786952117213E7 8.181850553609604E7 1.5573360193566093E8 8.400847706576984E7 1.0279789289228974E8 3.283391875073245E8 2.093429435153135E7 8.448834884295695E7 7.57603539396875E7 2.415090961246049E7 
2.8381008374035656E8 1.0686961588162046E7 6.067336734939317E7 1.1030850706407182E7 2.8113411621172106E8 1.6393334885022703E8 2.859511901994528E8 3.304329327899816E8 1.570240132099103E8 2.887826705306267E8 2.0183558874408994E7 1.3637248507745302E8 4.020341956407502E8 1.1188946874978147E8 3.436431690451801E8 2.67786952117213E7 8.181850553609604E7 1.5573360193566093E8 8.400847706576984E7 1.0279789289228974E8 3.283391813874165E8 2.093429435153135E7 8.448834884295695E7 7.57603539396875E7 2.415090961246049E7 
2.601700771932105E8 1.0686961588162044E7 6.067336734939317E7 1.1030850706407182E7 2.8113411621172106E8 1.6393334885022703E8 2.859511901993803E8 3.304329327899816E8 1.570240132099103E8 2.887826705306267E8 2.0183558874408994E7 1.3637248507745302E8 4.020341956407502E8 1.1188946874978147E8 3.436431690451801E8 2.67786952117213E7 8.181850553609604E7 1.5573360193566093E8 8.400847706576984E7 1.0279789289228974E8 3.2833918010224056E8 2.093429435153135E7 8.448834884295695E7 7.57603539396875E7 2.415090961246049E7 
2.5367841444489932E8 1.0686961588162042E7 6.067336734939317E7 1.1030850706407182E7 2.8113411621172106E8 1.6393334885022703E8 2.8595119019928616E8 3.304329327899816E8 1.570240132099103E8 2.887826705306267E8 2.0183558874408994E7 1.3637248507745302E8 4.020341956407502E8 6.871430958785793E7 3.436431690451801E8 2.67786952117213E7 8.181850553609604E7 1.5573360193566093E8 8.400847706576984E7 1.0279789289228974E8 3.2833918010224056E8 2.093429435153135E7 8.448834884295695E7 7.57603539396875E7 2.415090961246049E7 
2.5126852798182136E8 1.0686961588162042E7 6.0673367349377915E7 1.1030850706407182E7 2.8113411621172106E8 1.6393334885022703E8 2.859511901992442E8 3.304329327899816E8 1.570240132099103E8 2.887826705306231E8 2.0183558874408994E7 1.3637248507745302E8 4.020341956407502E8 4.1651849688535415E7 3.436431690451801E8 2.67786952117213E7 8.181850553609604E7 1.5573360193566093E8 8.400847706576984E7 1.0279789289228974E8 3.2833918003375345E8 2.093429435153135E7 8.448834884295695E7 7.57603539396875E7 2.415090961246049E7 
2.510994854283241E8 1.0686961588162042E7 6.067336734937374E7 1.1030850706407182E7 2.8113411621172106E8 1.6393334885022703E8 2.8595119019923913E8 3.304329327899816E8 1.570240132099103E8 2.887826705306231E8 2.0183558874408994E7 1.3637248507745302E8 4.020341956407502E8 4.1432289596713565E7 3.436431690451801E8 2.67786952117213E7 8.181850553609604E7 1.5573360193566093E8 8.400847706576984E7 1.0279789289228974E8 3.283391800304541E8 2.093429435153135E7 8.448834884295695E7 7.57603539396875E7 2.415090961246049E7 
2.5091779141230902E8 1.0686961588162042E7 6.067336734937374E7 1.1030850706407182E7 2.8113411621172106E8 1.6393334885022703E8 2.859511901991813E8 3.304329327899816E8 1.570240132099103E8 2.887826705293901E8 2.0183558874408994E7 1.3637248507745302E8 4.020341956407502E8 4.113821719472786E7 3.436431690451801E8 2.67786952117213E7 8.181850553609604E7 1.5573360193566093E8 8.400847706576984E7 1.0279789289228974E8 3.283391800304541E8 2.093429435153135E7 8.448834884295695E7 7.57603539396875E7 2.415090961246049E7 
2.50914502903109E8 1.0686961588162042E7 6.067336734937224E7 1.1030850706407182E7 2.8113411621172106E8 1.6393334885022703E8 2.85951190199171E8 3.304329327899816E8 1.570240132099103E8 2.887826705293901E8 2.0183558874408994E7 1.3637248507745302E8 4.020341956407502E8 4.089803629696846E7 3.436431690451801E8 2.67786952117213E7 8.181850553609604E7 1.5573360193566093E8 4.069322926186054E7 1.0279789289228974E8 3.283391800304541E8 2.093429435153135E7 8.448834884295695E7 7.57603539396875E7 2.415090961246049E7 
2.509136791010899E8 1.0686961588162042E7 6.067336734935864E7 1.1030850706407182E7 2.8113411621172106E8 1.6393334885022703E8 2.85951190199139E8 3.304329327899816E8 1.570240132099103E8 2.887826705293901E8 2.0183558874408994E7 1.3637248507745302E8 4.020341956407502E8 4.086966698698752E7 3.436431690451801E8 2.67786952117213E7 8.181850553609604E7 1.5573360193566093E8 4.047959037820665E7 1.0279789289228974E8 3.2833918003042424E8 2.093429435153135E7 8.448834884295695E7 7.57603539396875E7 2.415090961246049E7 
2.5090224130474678E8 1.0686961588162042E7 6.067336734935864E7 1.1030850706407182E7 2.8113411621172106E8 1.6393334885022703E8 2.8595119019905144E8 3.304329327899816E8 1.570240132099103E8 2.8878267052933687E8 2.0183558874408994E7 1.3637248507745302E8 4.020341956407502E8 4.083580896365603E7 3.436431690451801E8 2.67786952117213E7 8.181850553609604E7 6.734263168700379E7 4.038706735319806E7 1.0279789289228974E8 3.283391800302864E8 2.093429435153135E7 8.448834884295695E7 7.57603539396875E7 2.415090961246049E7 
2.509018839224583E8 1.0686961588162042E7 6.067336734935449E7 1.1030850706407182E7 2.8113411621172106E8 1.6393334885022703E8 2.8595119019905144E8 3.304329327899816E8 1.570240132099103E8 2.887826705292996E8 2.0183558874408994E7 1.3637248507745302E8 4.020341956407502E8 4.083208994203573E7 3.436431690451801E8 2.67786952117213E7 8.181850553609604E7 6.272599944769988E7 4.036551470475064E7 1.0279789289228974E8 3.2833918002776563E8 2.093429435153135E7 8.448834884295695E7 7.57603539396875E7 2.415090961246049E7 
2.5090135971051514E8 1.0686961588162042E7 6.067336734935449E7 1.1030850706407182E7 2.8113411621172106E8 1.6393334885022703E8 2.8595119019905144E8 3.304329327899816E8 1.570240132099103E8 2.8878267052894217E8 2.0183558874408994E7 1.3637248507745302E8 4.020341956407502E8 4.083208975356332E7 3.436431690451801E8 2.67786952117213E7 8.181850553609604E7 6.230021447741274E7 4.033910024898507E7 1.0279789289228974E8 3.2833918002776563E8 2.093429435153135E7 8.448834884295695E7 7.57603539396875E7 2.415090961246049E7 
2.5090135971051514E8 1.0686961588162042E7 6.067336734935449E7 1.1030850706407182E7 2.8113411621172106E8 1.6393334885022703E8 2.859511901990328E8 3.304329327899816E8 1.570240132099103E8 2.8878267052723205E8 2.0183558874408994E7 1.3637248507745302E8 4.020341956407502E8 4.082987954576751E7 3.436431690451801E8 2.67786952117213E7 8.181850553609604E7 6.158070584074376E7 4.031572058686625E7 1.0279789289228974E8 3.283391800273704E8 2.093429435153135E7 8.448834884295695E7 7.57603539396875E7 2.415090961246049E7 
2.5090134968949246E8 1.0686961588162042E7 6.067336734935449E7 1.1030850706407182E7 2.8113411621172106E8 1.6393334885022703E8 2.859511901990328E8 3.304329327899816E8 1.570240132099103E8 2.887826705264815E8 2.0183558874408994E7 1.3637248507745302E8 4.020341956407502E8 4.082931131631091E7 3.436431690451801E8 2.67786952117213E7 8.181850553609604E7 6.13552037955174E7 4.0310584069625854E7 1.0279789289228974E8 3.283391800273654E8 2.093429435153135E7 8.448834884295695E7 7.57603539396875E7 2.415090961246049E7 
2.509013325485119E8 1.0686961588162042E7 6.067336734935448E7 1.1030850706407182E7 2.8113411621172106E8 1.6393334885022703E8 2.859511901990325E8 3.304329327899816E8 1.570240132099103E8 2.887826705263477E8 2.0183558874408994E7 1.3637248507745302E8 4.020341956407502E8 4.082923867568598E7 3.436431690451801E8 2.67786952117213E7 8.181850553609604E7 6.120420676877019E7 4.030984114319303E7 1.0279789289228974E8 3.283391800273654E8 2.093429435153135E7 8.448834884295695E7 7.57603539396875E7 2.415090961246049E7 
2.5090131697052145E8 1.0686961588162042E7 6.0673367349353634E7 1.1030850706407182E7 2.8113411621172106E8 1.6393334885022703E8 2.8595119019900864E8 3.304329327899816E8 1.570240132099103E8 2.8878267052535707E8 2.0183558874408994E7 1.3637248507745302E8 4.020341956407502E8 4.082899364096419E7 3.436431690451801E8 2.67786952117213E7 8.181850553609604E7 6.115683799205492E7 4.030967571831908E7 1.0279789289228974E8 3.283391800273243E8 2.093429435153135E7 8.448834884295695E7 7.57603539396875E7 2.415090961246049E7 
2.5090131686963475E8 1.0686961588162042E7 6.067336734935287E7 1.1030850706407182E7 2.8113411621172106E8 1.3811122516577137E8 2.85951190198989E8 3.304329327899816E8 1.570240132099103E8 2.8878267052501506E8 2.0183558874408994E7 1.3637248507745302E8 4.020341956407502E8 4.082891169987147E7 3.436431690451801E8 2.67786952117213E7 8.181850553609604E7 6.10867134931682E7 4.030966893440633E7 1.0279789289228974E8 3.283391800273243E8 2.093429435153135E7 8.448834884295695E7 7.57603539396875E7 2.415090961246049E7 
2.5090129162630105E8 1.0686961588162042E7 6.067336734934924E7 1.1030850706407182E7 2.8113411621172106E8 1.244754091432453E8 2.85951190198989E8 3.304329327899816E8 1.570240132099103E8 2.8878267052501506E8 2.0183558874408994E7 1.3637248507745302E8 4.020341956407502E8 4.082886886014536E7 3.436431690451801E8 2.67786952117213E7 8.181850553609604E7 6.099411348888886E7 4.030966893440633E7 1.0279789289228974E8 3.283391800272513E8 2.093429435153135E7 8.448834884295695E7 7.57603539396875E7 2.415090961246049E7 
2.509012821667972E8 1.0686961588162042E7 6.067336734934572E7 1.1030850706407182E7 2.8113411621172106E8 1.1512784306156652E8 2.859511901989849E8 3.304329327899816E8 1.570240132099103E8 2.8878267052472824E8 2.0183558874408994E7 1.3637248507745302E8 4.020341956407502E8 4.082886698106032E7 3.436431690451801E8 2.67786952117213E7 8.181850553609604E7 6.098280390282903E7 4.030966888467155E7 1.0279789289228974E8 3.2833918002724475E8 2.093429435153135E7 8.448834884295695E7 7.57603539396875E7 2.415090961246049E7 
2.5090127773793054E8 1.0686961588162042E7 6.067336734934432E7 1.1030850706407182E7 2.8113411621172106E8 1.1399591571324997E8 2.859511901989849E8 3.304329327899816E8 1.570240132099103E8 2.8878267052437735E8 2.0183558874408994E7 1.3637248507745302E8 4.020341956407502E8 4.082886698106032E7 3.436431690451801E8 2.67786952117213E7 8.181850553609604E7 6.0963588428925894E7 4.030966539174745E7 1.0279789289228974E8 3.2833918002724475E8 2.093429435153135E7 8.448834884295695E7 7.57603539396875E7 2.415090961246049E7 
2.5090127527101642E8 1.0686961588162042E7 6.0673367349343635E7 1.1030850706407182E7 2.8113411621172106E8 1.1276337065384531E8 2.859511901989819E8 3.304329327899816E8 1.570240132099103E8 2.887826705236769E8 2.0183558874408994E7 1.3637248507745302E8 4.020341956407502E8 4.082885712868169E7 3.436431690451801E8 2.67786952117213E7 8.181850553609604E7 6.095549110994148E7 4.0309665124281585E7 1.0279789289228974E8 3.2833918002724475E8 2.093429435153135E7 8.448834884295695E7 7.57603539396875E7 2.415090961246049E7 
2.5090127527101642E8 1.0686961588162042E7 6.067336734934306E7 1.1030850706407182E7 2.8113411621172106E8 1.1246689638715982E8 2.859511901989819E8 3.304329327899816E8 1.570240132099103E8 2.887826705236769E8 2.0183558874408994E7 1.3637248507745302E8 4.020341956407502E8 4.082885645805487E7 3.436431690451801E8 2.67786952117213E7 8.181850553609604E7 6.0954538791764714E7 4.030966005574644E7 1.0279789289228974E8 3.2833918002724475E8 2.093429435153135E7 8.448834884295695E7 7.57603539396875E7 2.415090961246049E7 
2.5090127523903108E8 1.0686961588162042E7 6.067336734934306E7 1.1030850706407182E7 2.8113411621172106E8 1.123747528688498E8 2.859511901989819E8 3.304329327899816E8 1.570240132099103E8 2.887826705236769E8 2.0183558874408994E7 1.3637248507745302E8 4.020341956407502E8 4.0828856091240056E7 3.436431690451801E8 2.67786952117213E7 8.181850553609604E7 6.0954522688923E7 4.030966005574644E7 1.0279789289228974E8 3.283391800272063E8 2.093429435153135E7 8.448834884295695E7 7.57603539396875E7 2.415090961246049E7 
2.5090127523513532E8 1.0686961588162042E7 6.067336734934294E7 1.1030850706407182E7 2.8113411621172106E8 1.1226106860358396E8 2.859511901989807E8 3.304329327899816E8 1.570240132099103E8 2.887826705236769E8 2.0183558874408994E7 1.3637248507745302E8 4.020341956407502E8 4.082885608994577E7 3.436431690451801E8 2.67786952117213E7 8.181850553609604E7 6.095426213075156E7 4.0309659279087745E7 1.0279789289228974E8 3.283391800272063E8 2.093429435153135E7 8.448834884295695E7 7.57603539396875E7 2.415090961246049E7 
2.5090127523513532E8 1.0686961588162042E7 6.067336734934294E7 1.1030850706407182E7 2.8113411621172106E8 1.1219274772780165E8 2.859511901989807E8 3.304329327899816E8 1.570240132099103E8 2.887826705236769E8 2.0183558874408994E7 1.3637248507745302E8 4.020341956407502E8 4.082885605929086E7 3.436431690451801E8 2.67786952117213E7 8.181850553609604E7 6.095421461523767E7 4.0309658745025896E7 1.0279789289228974E8 3.283391800272063E8 2.093429435153135E7 8.448834884295695E7 7.57603539396875E7 2.415090961246049E7 
2.509012751719978E8 1.0686961588162042E7 6.067336734934287E7 1.1030850706407182E7 2.8113411621172106E8 1.1217703853559397E8 2.859511901989807E8 3.304329327899816E8 1.570240132099103E8 2.887826705225337E8 2.0183558874408994E7 1.3637248507745302E8 4.020341956407502E8 4.082885597593784E7 3.436431690451801E8 2.67786952117213E7 8.181850553609604E7 6.095414508986724E7 4.030965871264192E7 1.0279789289228974E8 3.283391800272063E8 2.093429435153135E7 8.448834884295695E7 7.57603539396875E7 2.415090961246049E7 
2.5090127516416916E8 1.0686961588162042E7 6.067336734934287E7 1.1030850706407182E7 2.8113411621172106E8 1.1216241764295517E8 2.859511901989807E8 3.304329327899816E8 1.570240132099103E8 2.887826705225337E8 2.0183558874408994E7 1.3637248507745302E8 4.020341956407502E8 4.082885597593784E7 3.436431690451801E8 2.67786952117213E7 8.181850553609604E7 6.0953898323598616E7 4.0309658545111135E7 1.0279789289228974E8 3.283391800272063E8 2.093429435153135E7 8.448834884295695E7 7.57603539396875E7 2.415090961246049E7 
2.5090127515480596E8 1.0686961588162042E7 6.067336734934287E7 1.1030850706407182E7 2.8113411621172106E8 1.121613300597963E8 2.859511901989806E8 3.304329327899816E8 1.570240132099103E8 2.887826705216838E8 2.0183558874408994E7 1.3637248507745302E8 4.020341956407502E8 4.0828855973881714E7 3.436431690451801E8 2.67786952117213E7 8.181850553609604E7 6.0953898323598616E7 4.0309658545111135E7 1.0279789289228974E8 3.283391800272063E8 2.093429435153135E7 8.448834884295695E7 7.57603539396875E7 2.415090961246049E7 
2.5090127515392008E8 1.0686961588162042E7 6.067336734934287E7 1.1030850706407182E7 2.8113411621172106E8 1.1215967683662514E8 2.859511901989805E8 3.304329327899816E8 1.2838227707779177E8 2.8878267052111E8 2.0183558874408994E7 1.3637248507745302E8 4.020341956407502E8 4.0828855973881714E7 3.436431690451801E8 2.67786952117213E7 8.181850553609604E7 6.0953813826917484E7 4.030965853865476E7 1.0279789289228974E8 3.2833918002720535E8 2.093429435153135E7 8.448834884295695E7 7.57603539396875E7 2.415090961246049E7 
2.509012751510232E8 1.0686961588162042E7 6.067336734934287E7 1.1030850706407182E7 2.8113411621172106E8 1.1215944461101857E8 2.859511901989805E8 3.304329327899816E8 1.2175893809296799E8 2.8878267052021754E8 2.0183558874408994E7 1.3637248507745302E8 4.020341956407502E8 4.0828855973881714E7 3.436431690451801E8 2.67786952117213E7 8.181850553609604E7 6.0953813826917484E7 4.030965853863899E7 1.0279789289228974E8 3.283391800272046E8 2.093429435153135E7 8.448834884295695E7 7.57603539396875E7 2.415090961246049E7 
2.5090127514576504E8 1.0686961588162042E7 6.067336734934287E7 1.1030850706407182E7 2.8113411621172106E8 1.1215944461101857E8 2.859511901989805E8 3.304329327899816E8 1.2112506452361783E8 2.887826705201667E8 2.0183558874408994E7 1.3637248507745302E8 4.020341956407502E8 4.082885597383575E7 3.436431690451801E8 2.67786952117213E7 8.181850553609604E7 6.0953813826917484E7 4.0309658538334556E7 1.0279789289228974E8 3.283391800272046E8 2.093429435153135E7 8.448834884295695E7 7.57603539396875E7 2.415090961246049E7 
2.509012751443626E8 1.0686961588162042E7 6.067336734934287E7 1.1030850706407182E7 2.8113411621172106E8 1.1215944461101857E8 2.8595119019897926E8 3.304329327899816E8 1.2063047423585537E8 2.8878267051942325E8 2.0183558874408994E7 1.3637248507745302E8 4.020341956407502E8 4.08288559737888E7 3.436431690451801E8 2.67786952117213E7 8.181850553609604E7 6.095381323286119E7 4.03096585374483E7 1.0279789289228974E8 3.283391800272046E8 2.093429435153135E7 8.448834884295695E7 7.57603539396875E7 2.415090961246049E7 
2.509012751443626E8 1.0686961588162042E7 6.067336734934287E7 1.1030850706407182E7 2.8113411621172106E8 1.1215936323208445E8 2.8595119019897896E8 3.304329327899816E8 1.2045814741357166E8 2.887826705194074E8 2.0183558874408994E7 1.3637248507745302E8 4.020341956407502E8 4.08288559737888E7 3.436431690451801E8 2.67786952117213E7 8.181850553609604E7 6.095381308076458E7 4.030965853561626E7 1.0279789289228974E8 3.283391800272046E8 2.093429435153135E7 8.448834884295695E7 7.57603539396875E7 2.415090961246049E7 
2.5090127514426658E8 1.0686961588162042E7 6.067336734934287E7 1.1030850706407182E7 2.8113411621172106E8 1.121593530250941E8 2.859511901989785E8 3.304329327899816E8 1.2045774385896991E8 2.8878267051920646E8 2.0183558874408994E7 1.3637248507745302E8 4.020341956407502E8 4.0828855973220654E7 3.436431690451801E8 2.67786952117213E7 8.181850553609604E7 6.095381297183155E7 4.030965853561626E7 1.0279789289228974E8 3.283391800272046E8 2.093429435153135E7 8.448834884295695E7 7.57603539396875E7 2.415090961246049E7 
2.5090127514426658E8 1.0686961588162042E7 6.067336734934287E7 1.1030850706407182E7 2.8113411621172106E8 1.121593490444948E8 2.859511901989785E8 3.304329327899816E8 1.2045039656292605E8 2.887826705187641E8 2.0183558874408994E7 1.3637248507745302E8 4.020341956407502E8 4.082885597311747E7 3.436431690451801E8 2.67786952117213E7 8.181850553609604E7 6.0953812971011296E7 4.030965853561626E7 1.0279789289228974E8 3.283391800272042E8 2.093429435153135E7 8.448834884295695E7 7.57603539396875E7 2.415090961246049E7 
2.5090127514350247E8 1.0686961588162042E7 6.067336734934266E7 1.1030850706407182E7 2.8113411621172106E8 1.121593470332142E8 2.859511901989785E8 3.304329327899816E8 1.2045032447796132E8 2.887826705180624E8 2.0183558874408994E7 1.3637248507745302E8 4.020341956407502E8 4.082885597311747E7 3.436431690451801E8 2.67786952117213E7 8.181850553609604E7 6.095381293648729E7 4.030965853561626E7 1.0279789289228974E8 3.28339180027204E8 2.093429435153135E7 8.448834884295695E7 7.57603539396875E7 2.415090961246049E7 
2.5090127514219517E8 1.0686961588162042E7 6.067336734934266E7 1.1030850706407182E7 2.8113411621172106E8 1.1215934458500586E8 2.859511901989783E8 3.304329327899816E8 1.2044828025078765E8 2.887826705180624E8 2.0183558874408994E7 1.3637248507745302E8 4.020341956407502E8 4.082885597311747E7 3.436431690451801E8 2.67786952117213E7 8.181850553609604E7 6.095381293648729E7 4.030965853561626E7 1.0279789289228974E8 3.28339180027204E8 2.093429435153135E7 8.448834884295695E7 7.57603539396875E7 2.415090961246049E7 
2.5090127514200464E8 1.0686961588162042E7 6.067336734934254E7 1.1030850706407182E7 2.8113411621172106E8 1.1215934400784793E8 2.859511901989783E8 3.304329327899816E8 1.2044782372049831E8 2.887826705180624E8 2.0183558874408994E7 1.3637248507745302E8 4.020341956407502E8 4.082885597311747E7 3.436431690451801E8 2.67786952117213E7 8.181850553609604E7 6.095381293648729E7 4.030965853558821E7 1.0279789289228974E8 3.28339180027204E8 2.093429435153135E7 8.448834884295695E7 7.57603539396875E7 2.415090961246049E7 
2.5090127514200464E8 1.0686961588162042E7 6.067336734934254E7 1.1030850706407182E7 2.8113411621172106E8 1.1215934400285877E8 2.859511901989783E8 3.304329327899816E8 1.2044756611521594E8 2.8878267051691616E8 2.0183558874408994E7 1.3637248507745302E8 4.020341956407502E8 4.082885597311747E7 3.436431690451801E8 2.67786952117213E7 8.181850553609604E7 6.095381293648729E7 4.030965853555229E7 1.0279789289228974E8 3.28339180027204E8 2.093429435153135E7 8.448834884295695E7 7.57603539396875E7 2.415090961246049E7 
2.509012751417747E8 1.0686961588162042E7 6.067336734934254E7 1.1030850706407182E7 2.8113411621172106E8 1.1215934383072713E8 2.8595119019897807E8 3.304329327899816E8 1.2044688904137893E8 2.8878267051691616E8 2.0183558874408994E7 1.3637248507745302E8 4.020341956407502E8 4.082885597311747E7 3.436431690451801E8 2.67786952117213E7 8.181850553609604E7 6.0953812933473974E7 4.030965853555229E7 1.0279789289228974E8 3.283391800272037E8 2.093429435153135E7 8.448834884295695E7 7.57603539396875E7 2.415090961246049E7 
2.5090127514137247E8 1.0686961588162042E7 6.067336734934254E7 1.1030850706407182E7 2.8113411621172106E8 1.1215934383072713E8 2.8595119019897807E8 3.304329327899816E8 1.2044511388595578E8 2.8878267051266414E8 2.0183558874408994E7 1.3637248507745302E8 4.020341956407502E8 4.082885597300652E7 3.436431690451801E8 2.67786952117213E7 8.181850553609604E7 6.095381293333232E7 4.030965853555229E7 1.0279789289228974E8 3.283391800272037E8 2.093429435153135E7 8.448834884295695E7 7.57603539396875E7 2.415090961246049E7 
2.509012751410973E8 1.0686961588162042E7 6.067336734934254E7 1.1030850706407182E7 2.8113411621172106E8 1.1215934383072713E8 2.8595119019897807E8 3.304329327899816E8 1.2044372312950069E8 2.8878267051145124E8 2.0183558874408994E7 1.3637248507745302E8 4.020341956407502E8 4.0828855972989485E7 3.436431690451801E8 2.67786952117213E7 8.181850553609604E7 6.0953812930520535E7 4.030965853553123E7 1.0279789289228974E8 3.283391800272034E8 2.093429435153135E7 8.448834884295695E7 7.57603539396875E7 2.415090961246049E7 
2.509012751410973E8 1.0686961588162042E7 6.067336734934254E7 1.1030850706407182E7 2.8113411621172106E8 1.1215934382504772E8 2.8595119019897807E8 3.304329327899816E8 1.2044155478017923E8 2.8878267050569E8 2.0183558874408994E7 1.3637248507745302E8 4.020341956407502E8 4.0828855972988375E7 3.436431690451801E8 2.67786952117213E7 8.181850553609604E7 6.0953812930506535E7 4.030965853550483E7 1.0279789289228974E8 3.2833918002720326E8 2.093429435153135E7 8.448834884295695E7 7.57603539396875E7 2.415090961246049E7 
2.509012751410973E8 1.0686961588162042E7 6.067336734934252E7 1.1030850706407182E7 2.8113411621172106E8 1.1215934382504772E8 2.8595119019897807E8 3.304329327899816E8 1.2044131112333603E8 2.8878267050544477E8 2.0183558874408994E7 1.3637248507745302E8 4.020341956407502E8 4.0828855972988375E7 3.436431690451801E8 2.67786952117213E7 8.181850553609604E7 6.095381293021992E7 4.030965853549984E7 1.0279789289228974E8 3.283391800272032E8 2.093429435153135E7 8.448834884295695E7 7.57603539396875E7 2.415090961246049E7 
2.509012751410973E8 1.0686961588162042E7 6.067336734934252E7 1.1030850706407182E7 2.8113411621172106E8 1.1215934382504772E8 2.8595119019897807E8 3.304329327899816E8 1.204411857988034E8 2.887826704988009E8 2.0183558874408994E7 1.3637248507745302E8 4.020341956407502E8 4.082885597295053E7 3.436431690451801E8 2.67786952117213E7 8.181850553609604E7 6.095381292931208E7 4.030965853549984E7 1.0279789289228974E8 3.2833918002720314E8 2.093429435153135E7 8.448834884295695E7 7.57603539396875E7 2.415090961246049E7 
2.509012751410973E8 1.0686961588162042E7 6.067336734934252E7 1.1030850706407182E7 2.8113411621172106E8 1.1215934382372676E8 2.8595119019897807E8 3.304329327899816E8 1.2044072047544737E8 2.887826704986618E8 2.0183558874408994E7 1.3637248507745302E8 4.020341956407502E8 4.082885597293692E7 3.436431690451801E8 2.67786952117213E7 8.181850553609604E7 6.095381292931208E7 4.030965853549984E7 1.0279789289228974E8 3.28339180027203E8 2.093429435153135E7 8.448834884295695E7 7.57603539396875E7 2.415090961246049E7 
2.509012751410973E8 1.0686961588162042E7 6.067336734934249E7 1.1030850706407182E7 2.8113411621172106E8 1.121593438237158E8 2.8595119019897807E8 3.304329327899816E8 1.2043954868948767E8 2.8878267049849254E8 2.0183558874408994E7 1.3637248507745302E8 4.020341956407502E8 4.082885597293519E7 3.436431690451801E8 2.67786952117213E7 8.181850553609604E7 6.095381292931208E7 4.030965853549984E7 1.0279789289228974E8 3.283391800272026E8 2.093429435153135E7 8.448834884295695E7 7.57603539396875E7 2.415090961246049E7 
2.5090127514096144E8 1.0686961588162042E7 6.067336734934249E7 1.1030850706407182E7 2.8113411621172106E8 1.1215934382367164E8 2.8595119019897807E8 3.304329327899816E8 1.2043858670786466E8 2.887826704981852E8 2.0183558874408994E7 1.3637248507745302E8 4.020341956407502E8 4.082885597293519E7 3.436431690451801E8 2.67786952117213E7 8.181850553609604E7 6.0953812929172225E7 4.030965853549984E7 1.0279789289228974E8 3.283391800272023E8 2.093429435153135E7 8.448834884295695E7 7.57603539396875E7 2.415090961246049E7 
2.5090127514096144E8 1.0686961588162042E7 6.067336734934249E7 1.1030850706407182E7 2.8113411621172106E8 1.1215934382351467E8 2.8595119019897807E8 3.304329327899816E8 1.2043807222762944E8 2.88782670497686E8 2.0183558874408994E7 1.3637248507745302E8 4.020341956407502E8 4.082885597293519E7 3.436431690451801E8 2.67786952117213E7 8.181850553609604E7 6.0953812929172225E7 4.030965853549984E7 1.0279789289228974E8 3.283391800272023E8 2.093429435153135E7 8.448834884295695E7 7.57603539396875E7 2.415090961246049E7 
2.5090127514096144E8 1.0686961588162042E7 6.067336734934249E7 1.1030850706407182E7 2.8113411621172106E8 1.1215934382351467E8 2.8595119019897807E8 3.304329327899816E8 1.2043684604463576E8 2.887826704974097E8 2.0183558874408994E7 1.3637248507745302E8 4.020341956407502E8 4.082885597291198E7 3.436431690451801E8 2.67786952117213E7 8.181850553609604E7 6.0953812929172225E7 4.030965853548198E7 1.0279789289228974E8 3.283391800272023E8 2.093429435153135E7 8.448834884295695E7 7.57603539396875E7 2.415090961246049E7 
2.5090127514083618E8 1.0686961588162042E7 6.067336734934249E7 1.1030850706407182E7 2.8113411621172106E8 1.1215934382099237E8 2.8595119019897807E8 3.304329327899816E8 1.2043581033634326E8 2.887826704974097E8 2.0183558874408994E7 1.3637248507745302E8 4.020341956407502E8 4.082885597291198E7 3.436431690451801E8 2.67786952117213E7 8.181850553609604E7 6.0953812929028876E7 4.030965853548198E7 1.0279789289228974E8 3.283391800272023E8 2.093429435153135E7 8.448834884295695E7 7.57603539396875E7 2.415090961246049E7 
2.5090127514083618E8 1.068696158816204E7 6.067336734934242E7 1.1030850706407182E7 2.8113411621172106E8 1.1215934381919181E8 2.8595119019897807E8 3.304329327899816E8 1.2043542770685259E8 2.887826704966282E8 2.0183558874408994E7 1.3637248507745302E8 4.020341956407502E8 4.0828855972911805E7 3.436431690451801E8 2.67786952117213E7 8.181850553609604E7 6.0953812929028876E7 4.030965853547365E7 1.0279789289228974E8 3.283391800272023E8 2.093429435153135E7 8.448834884295695E7 7.57603539396875E7 2.415090961246049E7 
2.5090127514083618E8 1.068696158816204E7 6.06733673493424E7 1.1030850706407182E7 2.8113411621172106E8 1.1215934381919181E8 2.8595119019897807E8 3.304329327899816E8 1.2043460819558322E8 2.887826704966282E8 2.0183558874408994E7 1.3637248507745302E8 4.020341956407502E8 4.0828855972911805E7 3.436431690451801E8 2.67786952117213E7 8.181850553609604E7 6.095381292902074E7 4.030965853546629E7 1.0279789289228974E8 3.283391800272023E8 2.093429435153135E7 8.448834884295695E7 7.57603539396875E7 2.415090961246049E7 
2.5090127514083618E8 1.068696158816204E7 6.067336734934237E7 1.1030850706407182E7 2.8113411621172106E8 1.121593438188791E8 2.8595119019897807E8 3.304329327899816E8 1.2043425122377846E8 2.887826704966282E8 2.0183558874408994E7 1.3637248507745302E8 4.020341956407502E8 4.082885597290937E7 3.436431690451801E8 2.67786952117213E7 8.181850553609604E7 6.095381292902074E7 4.030965853546496E7 1.0279789289228974E8 3.2833918002720225E8 2.093429435153135E7 8.448834884295695E7 7.57603539396875E7 2.415090961246049E7 
2.509012751407628E8 1.068696158816204E7 6.067336734934237E7 1.1030850706407182E7 2.8113411621172106E8 1.1215934381568593E8 2.8595119019897807E8 3.304329327899816E8 1.2043271477456453E8 2.887826704958898E8 2.0183558874408994E7 1.3637248507745302E8 4.020341956407502E8 4.082885597290912E7 3.436431690451801E8 2.67786952117213E7 8.181850553609604E7 6.095381292894397E7 4.0309658535463504E7 1.0279789289228974E8 3.2833918002720225E8 2.093429435153135E7 8.448834884295695E7 7.57603539396875E7 2.415090961246049E7 
2.5090127514075965E8 1.068696158816204E7 6.067336734934237E7 1.1030850706407182E7 2.8113411621172106E8 1.1215934381324291E8 2.8595119019897807E8 3.304329327899816E8 1.2043271477456453E8 2.887826704957304E8 2.0183558874408994E7 1.3637248507745302E8 4.020341956407502E8 4.082885597290912E7 3.436431690451801E8 2.67786952117213E7 8.181850553609604E7 6.0953812928920425E7 4.0309658535463504E7 1.0279789289228974E8 3.2833918002720225E8 2.093429435153135E7 8.448834884295695E7 7.57603539396875E7 2.415090961246049E7 
2.5090127514075944E8 1.068696158816204E7 6.067336734934237E7 1.1030850706407182E7 2.8113411621172106E8 1.1215934381254539E8 2.8595119019897807E8 3.304329327899816E8 1.2043266326529023E8 2.887826704957304E8 2.0183558874408994E7 1.3637248507745302E8 4.020341956407502E8 4.0828855972906366E7 3.436431690451801E8 2.67786952117213E7 8.181850553609604E7 6.0953812928919315E7 4.0309658535463504E7 1.0279789289228974E8 3.2833918002720225E8 2.093429435153135E7 8.448834884295695E7 7.57603539396875E7 2.415090961246049E7 
2.5090127514075944E8 1.068696158816204E7 6.067336734934237E7 1.1030850706407182E7 2.8113411621172106E8 1.121593438106194E8 2.8595119019897807E8 3.304329327899816E8 1.2043248819619735E8 2.8878267049572355E8 2.0183558874408994E7 1.3637248507745302E8 4.020341956407502E8 4.0828855972906366E7 3.436431690451801E8 2.67786952117213E7 8.181850553609604E7 6.0953812928919315E7 4.0309658535463504E7 1.0279789289228974E8 3.2833918002720225E8 2.093429435153135E7 8.448834884295695E7 7.57603539396875E7 2.415090961246049E7 
2.5090127514074272E8 1.068696158816204E7 6.067336734934237E7 1.1030850706407182E7 2.8113411621172106E8 1.1215934380990113E8 2.8595119019897807E8 3.304329327899816E8 1.2043244400522831E8 2.887826704957155E8 2.0183558874408994E7 1.3637248507745302E8 4.020341956407502E8 4.0828855972906366E7 3.436431690451801E8 2.67786952117213E7 8.181850553609604E7 6.095381292891867E7 4.03096585354633E7 1.0279789289228974E8 3.2833918002720225E8 2.093429435153135E7 8.448834884295695E7 7.57603539396875E7 2.415090961246049E7 
2.5090127514074272E8 1.068696158816204E7 6.067336734934237E7 1.1030850706407182E7 2.8113411621172106E8 1.121593438093284E8 2.8595119019897807E8 3.304329327899816E8 1.2043244400522831E8 2.887826704957155E8 2.0183558874408994E7 1.3637248507745302E8 4.020341956407502E8 4.082885597290618E7 3.436431690451801E8 2.67786952117213E7 8.181850553609604E7 6.095381292891867E7 4.03096585354633E7 1.0279789289228974E8 3.2833918002720225E8 2.093429435153135E7 8.448834884295695E7 7.57603539396875E7 2.415090961246049E7 
2.5090127514074123E8 1.068696158816204E7 6.067336734934237E7 1.1030850706407182E7 2.8113411621172106E8 1.121593438093284E8 2.8595119019897807E8 3.304329327899816E8 1.2043237460643767E8 2.8878267049570113E8 2.0183558874408994E7 1.3637248507745302E8 4.020341956407502E8 4.082885597290618E7 3.436431690451801E8 2.67786952117213E7 8.181850553609604E7 6.095381292891863E7 4.0309658535463296E7 1.0279789289228974E8 3.2833918002720225E8 2.093429435153135E7 8.448834884295695E7 7.57603539396875E7 2.415090961246049E7 
2.5090127514074123E8 1.068696158816204E7 6.067336734934237E7 1.1030850706407182E7 2.8113411621172106E8 1.121593438093284E8 2.8595119019897807E8 3.304329327899816E8 1.2043234832209383E8 2.887826704953251E8 2.0183558874408994E7 1.3637248507745302E8 4.020341956407502E8 4.082885597290592E7 3.436431690451801E8 2.67786952117213E7 8.181850553609604E7 6.095381292891863E7 4.030965853546305E7 1.0279789289228974E8 3.2833918002720225E8 2.093429435153135E7 8.448834884295695E7 7.57603539396875E7 2.415090961246049E7 
2.5090127514074123E8 1.068696158816204E7 6.067336734934237E7 1.1030850706407182E7 2.8113411621172106E8 1.121593438093284E8 2.8595119019897807E8 3.304329327899816E8 1.2043234319660008E8 2.887826704950612E8 2.0183558874408994E7 1.3637248507745302E8 4.020341956407502E8 4.082885597290592E7 3.436431690451801E8 2.67786952117213E7 8.181850553609604E7 6.09538129289176E7 4.030965853546305E7 1.0279789289228974E8 3.2833918002720225E8 2.093429435153135E7 8.448834884295695E7 7.57603539396875E7 2.415090961246049E7 
2.5090127514074123E8 1.068696158816204E7 6.067336734934237E7 1.1030850706407182E7 2.8113411621172106E8 1.1215934380749902E8 2.8595119019897807E8 3.304329327899816E8 1.2043234319660008E8 2.8878267049447274E8 2.0183558874408994E7 1.3637248507745302E8 4.020341956407502E8 4.082885597290592E7 3.436431690451801E8 2.67786952117213E7 8.181850553609604E7 6.0953812928917065E7 4.030965853546303E7 1.0279789289228974E8 3.2833918002720225E8 2.093429435153135E7 8.448834884295695E7 7.57603539396875E7 2.415090961246049E7 
2.5090127514074123E8 1.068696158816204E7 6.067336734934237E7 1.1030850706407182E7 2.8113411621172106E8 1.1215934380749902E8 2.8595119019897807E8 3.304329327899816E8 1.2043234303298709E8 2.8878267049444884E8 2.0183558874408994E7 1.3637248507745302E8 4.020341956407502E8 4.082885597290592E7 3.436431690451801E8 2.67786952117213E7 8.181850553609604E7 6.0953812928917065E7 4.030965853546298E7 1.0279789289228974E8 3.2833918002720225E8 2.093429435153135E7 8.448834884295695E7 7.57603539396875E7 2.415090961246049E7 
2.5090127514074123E8 1.068696158816204E7 6.067336734934237E7 1.1030850706407182E7 2.8113411621172106E8 1.1215934380749902E8 2.8595119019897807E8 3.304329327899816E8 1.2043234303298709E8 2.8878267049444884E8 2.0183558874408994E7 1.3637248507745302E8 4.020341956407502E8 4.082885597290592E7 3.436431690451801E8 2.67786952117213E7 8.181850553609604E7 6.095381292891703E7 4.030965853546298E7 1.0279789289228974E8 3.2833918002720225E8 2.093429435153135E7 8.448834884295695E7 7.57603539396875E7 2.415090961246049E7 
2.5090127514073634E8 1.068696158816204E7 6.067336734934237E7 1.1030850706407182E7 2.8113411621172106E8 1.1215934380711767E8 2.8595119019897807E8 3.304329327899816E8 1.2043234291214429E8 2.8878267049378735E8 2.0183558874408994E7 1.3637248507745302E8 4.020341956407502E8 4.082885597290592E7 3.436431690451801E8 2.67786952117213E7 8.181850553609604E7 6.095381292891624E7 4.030965853546298E7 1.0279789289228974E8 3.2833918002720225E8 2.093429435153135E7 8.448834884295695E7 7.57603539396875E7 2.415090961246049E7 
2.509012751407362E8 1.068696158816204E7 6.067336734934237E7 1.1030850706407182E7 2.8113411621172106E8 1.1215934380711767E8 2.8595119019897807E8 3.304329327899816E8 1.2043234287540372E8 2.887826704935021E8 2.0183558874408994E7 1.3637248507745302E8 4.020341956407502E8 4.082885597290592E7 3.436431690451801E8 2.67786952117213E7 8.181850553609604E7 6.095381292891624E7 4.030965853546296E7 1.0279789289228974E8 3.2833918002720225E8 2.093429435153135E7 8.448834884295695E7 7.57603539396875E7 2.415090961246049E7 
2.5090127514073563E8 1.068696158816204E7 6.067336734934237E7 1.1030850706407182E7 2.8113411621172106E8 1.1215934380711767E8 2.8595119019897807E8 3.304329327899816E8 1.204323428743856E8 2.8878267049344724E8 2.0183558874408994E7 1.3637248507745302E8 4.020341956407502E8 4.082885597290583E7 3.436431690451801E8 2.67786952117213E7 8.181850553609604E7 6.0953812928916216E7 4.03096585354629E7 1.0279789289228974E8 3.2833918002720225E8 2.093429435153135E7 8.448834884295695E7 7.57603539396875E7 2.415090961246049E7 
2.5090127514073482E8 1.068696158816204E7 6.067336734934237E7 1.1030850706407182E7 2.8113411621172106E8 1.1215934380708128E8 2.8595119019897807E8 3.304329327899816E8 1.2043234287043583E8 2.887826704921588E8 2.0183558874408994E7 1.3637248507745302E8 4.020341956407502E8 4.082885597290583E7 3.436431690451801E8 2.67786952117213E7 8.181850553609604E7 6.095381292891579E7 4.030965853546289E7 1.0279789289228974E8 3.2833918002720225E8 2.093429435153135E7 8.448834884295695E7 7.57603539396875E7 2.415090961246049E7 
2.5090127514073333E8 1.068696158816204E7 6.067336734934237E7 1.1030850706407182E7 2.8113411621172106E8 1.1215934380698155E8 2.8595119019897807E8 3.304329327899816E8 1.2043234286807229E8 2.887826704921588E8 2.0183558874408994E7 1.3637248507745302E8 4.020341956407502E8 4.082885597290583E7 3.436431690451801E8 2.67786952117213E7 8.181850553609604E7 6.095381292891579E7 4.030965853546289E7 1.0279789289228974E8 3.2833918002720225E8 2.093429435153135E7 8.448834884295695E7 7.57603539396875E7 2.415090961246049E7 
2.5090127514073318E8 1.068696158816204E7 6.067336734934237E7 1.1030850706407182E7 2.8113411621172106E8 1.1215934380698155E8 2.8595119019897807E8 3.304329327899816E8 1.2043234281141308E8 2.887826704921506E8 2.0183558874408994E7 1.3637248507745302E8 4.020341956407502E8 4.082885597290583E7 3.436431690451801E8 2.67786952117213E7 8.181850553609604E7 6.095381292891558E7 4.030965853546289E7 1.0279789289228974E8 3.2833918002720225E8 2.093429435153135E7 8.448834884295695E7 7.57603539396875E7 2.415090961246049E7 
2.5090127514073318E8 1.068696158816204E7 6.067336734934237E7 1.1030850706407182E7 2.8113411621172106E8 1.1215934380698155E8 2.8595119019897807E8 3.304329327899816E8 1.2043234279971078E8 2.8878267049211884E8 2.0183558874408994E7 1.3637248507745302E8 4.020341956407502E8 4.082885597290583E7 3.436431690451801E8 2.67786952117213E7 8.181850553609604E7 6.095381292891546E7 4.030965853546289E7 1.0279789289228974E8 3.2833918002720225E8 2.093429435153135E7 8.448834884295695E7 7.57603539396875E7 2.415090961246049E7 
2.5090127514073318E8 1.068696158816204E7 6.067336734934237E7 1.1030850706407182E7 2.8113411621172106E8 1.1215934380697478E8 2.8595119019897807E8 3.304329327899816E8 1.2043234279626817E8 2.8878267049196535E8 2.0183558874408994E7 1.3637248507745302E8 4.020341956407502E8 4.082885597290583E7 3.436431690451801E8 2.67786952117213E7 8.181850553609604E7 6.095381292891543E7 4.030965853546289E7 1.0279789289228974E8 3.2833918002720225E8 2.093429435153135E7 8.448834884295695E7 7.57603539396875E7 2.415090961246049E7 
2.5090127514073318E8 1.068696158816204E7 6.067336734934237E7 1.1030850706407182E7 2.8113411621172106E8 1.1215934380641876E8 2.8595119019897807E8 3.304329327899816E8 1.2043234278849272E8 2.887826704919288E8 2.0183558874408994E7 1.3637248507745302E8 4.020341956407502E8 4.08288559729058E7 3.436431690451801E8 2.67786952117213E7 8.181850553609604E7 6.095381292891543E7 4.030965853546289E7 1.0279789289228974E8 3.2833918002720225E8 2.093429435153135E7 8.448834884295695E7 7.57603539396875E7 2.415090961246049E7 
2.5090127514073312E8 1.068696158816204E7 6.067336734934237E7 1.1030850706407182E7 2.8113411621172106E8 1.1215934380639008E8 2.8595119019897807E8 3.304329327899816E8 1.2043234278849272E8 2.887826704919288E8 2.0183558874408994E7 1.3637248507745302E8 4.020341956407502E8 4.08288559729058E7 3.436431690451801E8 2.67786952117213E7 8.181850553609604E7 6.095381292891543E7 4.030965853546289E7 1.0279789289228974E8 3.2833918002720225E8 2.093429435153135E7 8.448834884295695E7 7.57603539396875E7 2.415090961246049E7 
2.5090127514073312E8 1.068696158816204E7 6.067336734934237E7 1.1030850706407182E7 2.8113411621172106E8 1.1215934380639008E8 2.8595119019897807E8 3.304329327899816E8 1.204323427812204E8 2.887826704919288E8 2.0183558874408994E7 1.3637248507745302E8 4.020341956407502E8 4.0828855972905755E7 3.436431690451801E8 2.67786952117213E7 8.181850553609604E7 6.095381292891543E7 4.030965853546289E7 1.0279789289228974E8 3.2833918002720225E8 2.093429435153135E7 8.448834884295695E7 7.57603539396875E7 2.415090961246049E7 
2.5090127514073312E8 1.068696158816204E7 6.067336734934237E7 1.1030850706407182E7 2.8113411621172106E8 1.121593438049991E8 2.8595119019897807E8 3.304329327899816E8 1.204323427812204E8 2.887826704909317E8 2.0183558874408994E7 1.3637248507745302E8 4.020341956407502E8 4.0828855972905755E7 3.436431690451801E8 2.67786952117213E7 8.181850553609604E7 6.095381292891543E7 4.030965853546289E7 1.0279789289228974E8 3.2833918002720225E8 2.093429435153135E7 8.448834884295695E7 7.57603539396875E7 2.415090961246049E7 
2.5090127514073277E8 1.068696158816204E7 6.067336734934237E7 1.1030850706407182E7 2.8113411621172106E8 1.1215934380492893E8 2.8595119019897807E8 3.304329327899816E8 1.2043234277415286E8 2.887826704909317E8 2.0183558874408994E7 1.3637248507745302E8 4.020341956407502E8 4.0828855972905755E7 3.436431690451801E8 2.67786952117213E7 8.181850553609604E7 6.0953812928915404E7 4.030965853546289E7 1.0279789289228974E8 3.2833918002720225E8 2.093429435153135E7 8.448834884295695E7 7.57603539396875E7 2.415090961246049E7 
2.5090127514073277E8 1.068696158816204E7 6.067336734934237E7 1.1030850706407182E7 2.8113411621172106E8 1.1215934380474779E8 2.8595119019897807E8 3.304329327899816E8 1.2043234277415286E8 2.887826704909317E8 2.0183558874408994E7 1.3637248507745302E8 4.020341956407502E8 4.0828855972905755E7 3.436431690451801E8 2.67786952117213E7 8.181850553609604E7 6.0953812928915404E7 4.030965853546289E7 1.0279789289228974E8 3.2833918002720225E8 2.093429435153135E7 8.448834884295695E7 7.57603539396875E7 2.415090961246049E7 
2.5090127514073277E8 1.068696158816204E7 6.067336734934237E7 1.1030850706407182E7 2.8113411621172106E8 1.1215934380474779E8 2.8595119019897807E8 3.304329327899816E8 1.2043234277331485E8 2.887826704909317E8 2.0183558874408994E7 1.3637248507745302E8 4.020341956407502E8 4.0828855972905755E7 3.436431690451801E8 2.67786952117213E7 8.181850553609604E7 6.0953812928915404E7 4.030965853546289E7 1.0279789289228974E8 3.2833918002720225E8 2.093429435153135E7 8.448834884295695E7 7.57603539396875E7 2.415090961246049E7 
2.5090127514073277E8 1.068696158816204E7 6.067336734934237E7 1.1030850706407182E7 2.8113411621172106E8 1.1215934380474779E8 2.8595119019897807E8 3.304329327899816E8 1.204323427728098E8 2.887826704905539E8 2.0183558874408994E7 1.3637248507745302E8 4.020341956407502E8 4.0828855972905755E7 3.436431690451801E8 2.67786952117213E7 8.181850553609604E7 6.0953812928915404E7 4.030965853546289E7 1.0279789289228974E8 3.2833918002720225E8 2.093429435153135E7 8.448834884295695E7 7.57603539396875E7 2.415090961246049E7 
2.5090127514073277E8 1.068696158816204E7 6.067336734934237E7 1.1030850706407182E7 2.8113411621172106E8 1.1215934380474779E8 2.8595119019897807E8 3.304329327899816E8 1.2043234277253918E8 2.88782670490281E8 2.0183558874408994E7 1.3637248507745302E8 4.020341956407502E8 4.0828855972905755E7 3.436431690451801E8 2.67786952117213E7 8.181850553609604E7 6.0953812928915404E7 4.030965853546289E7 1.0279789289228974E8 3.2833918002720225E8 2.093429435153135E7 8.448834884295695E7 7.57603539396875E7 2.415090961246049E7 
2.5090127514073277E8 1.068696158816204E7 6.067336734934237E7 1.1030850706407182E7 2.8113411621172106E8 1.1215934380464977E8 2.8595119019897807E8 3.304329327899816E8 1.204323427722866E8 2.887826704902797E8 2.0183558874408994E7 1.3637248507745302E8 4.020341956407502E8 4.0828855972905755E7 3.436431690451801E8 2.67786952117213E7 8.181850553609604E7 6.0953812928915404E7 4.030965853546289E7 1.0279789289228974E8 3.2833918002720225E8 2.093429435153135E7 8.448834884295695E7 7.57603539396875E7 2.415090961246049E7 
2.5090127514073277E8 1.068696158816204E7 6.067336734934237E7 1.1030850706407182E7 2.8113411621172106E8 1.1215934380458853E8 2.8595119019897807E8 3.304329327899816E8 1.204323427712923E8 2.88782670490261E8 2.0183558874408994E7 1.3637248507745302E8 4.020341956407502E8 4.0828855972905755E7 3.436431690451801E8 2.67786952117213E7 8.181850553609604E7 6.0953812928915404E7 4.030965853546289E7 1.0279789289228974E8 3.283391800272022E8 2.093429435153135E7 8.448834884295695E7 7.57603539396875E7 2.415090961246049E7 
2.5090127514073277E8 1.068696158816204E7 6.067336734934237E7 1.1030850706407182E7 2.8113411621172106E8 1.1215934380458814E8 2.8595119019897807E8 3.304329327899816E8 1.204323427703327E8 2.88782670490261E8 2.0183558874408994E7 1.3637248507745302E8 4.020341956407502E8 4.0828855972905755E7 3.436431690451801E8 2.67786952117213E7 8.181850553609604E7 6.0953812928915404E7 4.030965853546289E7 1.0279789289228974E8 3.283391800272022E8 2.093429435153135E7 8.448834884295695E7 7.57603539396875E7 2.415090961246049E7 
2.5090127514073277E8 1.068696158816204E7 6.067336734934237E7 1.1030850706407182E7 2.8113411621172106E8 1.1215934380445355E8 2.8595119019897807E8 3.304329327899816E8 1.204323427703327E8 2.8878267049006104E8 2.0183558874408994E7 1.3637248507745302E8 4.020341956407502E8 4.0828855972905755E7 3.436431690451801E8 2.67786952117213E7 8.181850553609604E7 6.0953812928915404E7 4.030965853546289E7 1.0279789289228974E8 3.283391800272022E8 2.093429435153135E7 8.448834884295695E7 7.57603539396875E7 2.415090961246049E7 
2.5090127514073277E8 1.068696158816204E7 6.067336734934237E7 1.1030850706407182E7 2.8113411621172106E8 1.1215934380445355E8 2.8595119019897807E8 3.304329327899816E8 1.204323427703327E8 2.8878267048963743E8 2.0183558874408994E7 1.3637248507745302E8 4.020341956407502E8 4.0828855972905755E7 3.436431690451801E8 2.67786952117213E7 8.181850553609604E7 6.0953812928915404E7 4.030965853546289E7 1.0279789289228974E8 3.283391800272022E8 2.093429435153135E7 8.448834884295695E7 7.57603539396875E7 2.415090961246049E7 
2.5090127514073277E8 1.068696158816204E7 6.067336734934237E7 1.1030850706407182E7 2.8113411621172106E8 1.1215934380445355E8 2.8595119019897807E8 3.304329327899816E8 1.204323427701325E8 2.8878267048963076E8 2.0183558874408994E7 1.3637248507745302E8 4.020341956407502E8 4.0828855972905755E7 3.436431690451801E8 2.67786952117213E7 8.181850553609604E7 6.0953812928915404E7 4.030965853546289E7 1.0279789289228974E8 3.283391800272022E8 2.093429435153135E7 4.101446244806607E7 7.57603539396875E7 2.415090961246049E7 
2.5090127514073277E8 1.068696158816204E7 6.067336734934237E7 1.1030850706407182E7 2.8113411621172106E8 1.1215934380445348E8 2.8595119019897807E8 3.304329327899816E8 1.204323427701325E8 2.8878267048944E8 2.0183558874408994E7 1.3637248507745302E8 4.020341956407502E8 4.0828855972905755E7 3.436431690451801E8 2.67786952117213E7 8.181850553609604E7 6.0953812928915404E7 4.030965853546289E7 1.0279789289228974E8 3.283391800272022E8 2.093429435153135E7 4.0321176854029514E7 7.57603539396875E7 2.415090961246049E7 
2.5090127514073277E8 1.068696158816204E7 6.067336734934237E7 1.1030850706407182E7 2.8113411621172106E8 1.1215934380440716E8 2.8595119019897807E8 3.304329327899816E8 1.204323427701325E8 2.8878267048944E8 2.0183558874408994E7 1.3637248507745302E8 4.020341956407502E8 4.0828855972905755E7 3.436431690451801E8 2.67786952117213E7 8.181850553609604E7 6.0953812928915404E7 4.030965853546289E7 1.0279789289228974E8 3.283391800272021E8 2.093429435153135E7 4.012679390576397E7 7.57603539396875E7 2.415090961246049E7 
2.5090127514073277E8 1.068696158816204E7 6.067336734934237E7 1.1030850706407182E7 2.8113411621172106E8 1.1215934380440716E8 2.8595119019897807E8 3.304329327899816E8 1.2043234277010517E8 2.8878267048943955E8 2.0183558874408994E7 1.3637248507745302E8 4.020341956407502E8 4.0828855972905755E7 3.436431690451801E8 2.67786952117213E7 8.181850553609604E7 6.09538129289154E7 4.030965853546289E7 1.0279789289228974E8 3.283391800272021E8 2.093429435153135E7 4.0069977555584565E7 7.57603539396875E7 2.415090961246049E7 
2.5090127514073277E8 1.068696158816204E7 6.067336734934237E7 1.1030850706407182E7 2.8113411621172106E8 1.1215934380440164E8 2.8595119019897807E8 3.304329327899816E8 1.2043234277009661E8 2.887826704894355E8 2.0183558874408994E7 1.3637248507745302E8 4.020341956407502E8 4.0828855972905755E7 3.436431690451801E8 2.67786952117213E7 8.181850553609604E7 6.09538129289154E7 4.030965853546289E7 1.0279789289228974E8 3.283391800272021E8 2.093429435153135E7 4.0057041904197924E7 7.57603539396875E7 2.415090961246049E7 
2.5090127514073274E8 1.068696158816204E7 6.067336734934237E7 1.1030850706407182E7 2.8113411621172106E8 1.1215934380440164E8 2.8595119019897807E8 3.304329327899816E8 1.2043234276981445E8 2.887826704894355E8 2.0183558874408994E7 1.3637248507745302E8 4.020341956407502E8 4.0828855972905755E7 3.436431690451801E8 2.67786952117213E7 8.181850553609604E7 6.09538129289154E7 4.030965853546289E7 1.0279789289228974E8 3.2833918002720207E8 2.093429435153135E7 3.99881222794576E7 7.57603539396875E7 2.415090961246049E7 
2.5090127514073274E8 1.068696158816204E7 6.067336734934237E7 1.1030850706407182E7 2.8113411621172106E8 1.1215934380440114E8 2.8595119019897807E8 3.304329327899816E8 1.204323427695399E8 2.887826704894355E8 2.0183558874408994E7 1.3637248507745302E8 4.020341956407502E8 4.0828855972905755E7 3.436431690451801E8 2.67786952117213E7 8.181850553609604E7 6.09538129289154E7 4.030965853546289E7 1.0279789289228974E8 3.2833918002720207E8 2.093429435153135E7 3.995793861620066E7 7.57603539396875E7 2.415090961246049E7 
2.5090127514073274E8 1.068696158816204E7 6.067336734934237E7 1.1030850706407182E7 2.8113411621172106E8 1.1215934380439979E8 2.8595119019897807E8 3.304329327899816E8 1.2043234276928793E8 2.887826704894355E8 2.0183558874408994E7 1.3637248507745302E8 4.020341956407502E8 4.0828855972905755E7 3.436431690451801E8 2.67786952117213E7 8.181850553609604E7 6.09538129289154E7 4.030965853546289E7 1.0279789289228974E8 3.1723240615016866E8 2.093429435153135E7 3.993822158042136E7 7.57603539396875E7 2.415090961246049E7 
2.5090127514073274E8 1.068696158816204E7 6.067336734934237E7 1.1030850706407182E7 2.8113411621172106E8 1.1215934380439933E8 2.8595119019897807E8 3.304329327899816E8 1.2043234276904388E8 2.887826704894355E8 2.0183558874408994E7 1.3637248507745302E8 4.020341956407502E8 4.0828855972905755E7 3.436431690451801E8 2.67786952117213E7 8.181850553609604E7 6.09538129289154E7 4.030965853546289E7 1.0279789289228974E8 3.151437302655247E8 2.093429435153135E7 3.993660616525864E7 7.57603539396875E7 2.415090961246049E7 
2.5090127514073274E8 1.068696158816204E7 6.067336734934237E7 1.1030850706407182E7 2.8113411621172106E8 1.1215934380439496E8 2.8595119019897807E8 3.304329327899816E8 1.2043234276904388E8 2.887826704894355E8 2.0183558874408994E7 1.3637248507745302E8 4.020341956407502E8 4.0828855972905755E7 3.436431690451801E8 2.67786952117213E7 8.181850553609604E7 6.09538129289154E7 4.030965853546289E7 1.0279789289228974E8 3.1487708981781924E8 2.093429435153135E7 3.993451188557407E7 7.57603539396875E7 2.415090961246049E7 
2.5090127514073274E8 1.068696158816204E7 6.067336734934237E7 1.1030850706407182E7 2.8113411621172106E8 1.1215934380439496E8 2.8595119019897807E8 3.304329327899816E8 1.2043234276904388E8 2.8878267048941225E8 2.0183558874408994E7 1.3637248507745302E8 4.020341956407502E8 4.0828855972905755E7 3.436431690451801E8 2.67786952117213E7 8.181850553609604E7 6.09538129289154E7 4.030965853546289E7 1.0279789289228974E8 3.148128070948811E8 2.093429435153135E7 3.9934470201389916E7 7.57603539396875E7 2.415090961246049E7 
2.5090127514073274E8 1.068696158816204E7 6.067336734934237E7 1.1030850706407182E7 2.8113411621172106E8 1.1215934380439496E8 2.8595119019897807E8 3.304329327899816E8 1.2043234276863572E8 2.887826704893964E8 2.0183558874408994E7 1.3637248507745302E8 4.020341956407502E8 4.0828855972905755E7 3.436431690451801E8 2.67786952117213E7 8.181850553609604E7 6.09538129289154E7 4.030965853546289E7 1.0279789289228974E8 3.1479168235761434E8 2.093429435153135E7 3.993433271292416E7 7.57603539396875E7 2.415090961246049E7 
2.5090127514073274E8 1.068696158816204E7 6.067336734934237E7 1.1030850706407182E7 2.8113411621172106E8 1.1215934380439496E8 2.8595119019897807E8 3.304329327899816E8 1.2043234276834922E8 2.887826704893964E8 2.0183558874408994E7 1.3637248507745302E8 4.020341956407502E8 4.0828855972905755E7 3.436431690451801E8 2.67786952117213E7 8.181850553609604E7 6.09538129289154E7 4.030965853546289E7 1.0279789289228974E8 3.1475558353966814E8 2.093429435153135E7 3.993429295136783E7 7.57603539396875E7 2.415090961246049E7 
2.5090127514073274E8 1.068696158816204E7 6.067336734934237E7 1.1030850706407182E7 2.8113411621172106E8 1.1215934380439496E8 2.8595119019897807E8 3.304329327899816E8 1.2043234276827367E8 2.887826704893964E8 2.0183558874408994E7 1.3637248507745302E8 4.020341956407502E8 4.0828855972905755E7 3.436431690451801E8 2.67786952117213E7 8.181850553609604E7 6.09538129289154E7 4.030965853546289E7 1.0279789289228974E8 3.1475194692551583E8 2.093429435153135E7 3.9934275404176064E7 7.57603539396875E7 2.415090961246049E7 
2.5090127514073274E8 1.068696158816204E7 6.067336734934237E7 1.1030850706407182E7 2.8113411621172106E8 1.1215934380439454E8 2.8595119019897807E8 3.154921830024813E8 1.204323427682711E8 2.887826704893932E8 2.0183558874408994E7 1.3637248507745302E8 4.020341956407502E8 4.0828855972905755E7 3.436431690451801E8 2.67786952117213E7 8.181850553609604E7 6.09538129289154E7 4.030965853546289E7 1.0279789289228974E8 3.1475148351645976E8 2.093429435153135E7 3.9934275404176064E7 7.57603539396875E7 2.415090961246049E7 
2.5090127514073274E8 1.068696158816204E7 6.067336734934237E7 1.1030850706407182E7 2.8113411621172106E8 1.1215934380439454E8 2.8595119019897807E8 3.1236105838003916E8 1.2043234276822549E8 2.887826704893825E8 2.0183558874408994E7 1.3637248507745302E8 4.020341956407502E8 4.0828855972905755E7 3.436431690451801E8 2.67786952117213E7 8.181850553609604E7 6.09538129289154E7 4.030965853546289E7 1.0279789289228974E8 3.147514758824673E8 2.093429435153135E7 3.993427518387877E7 7.57603539396875E7 2.415090961246049E7 
2.5090127514073274E8 1.068696158816204E7 6.067336734934237E7 1.1030850706407182E7 2.8113411621172106E8 1.1215934380439286E8 2.8595119019897807E8 3.1215866923073125E8 1.2043234276807481E8 2.887826704893825E8 2.0183558874408994E7 1.3637248507745302E8 4.020341956407502E8 4.0828855972905755E7 3.436431690451801E8 2.67786952117213E7 8.181850553609604E7 6.09538129289154E7 4.030965853546289E7 1.0279789289228974E8 3.1475103790047497E8 2.093429435153135E7 3.993414579392162E7 7.57603539396875E7 2.415090961246049E7 
2.5090127514073274E8 1.068696158816204E7 6.067336734934237E7 1.1030850706407182E7 2.8113411621172106E8 1.1215934380439286E8 2.8595119019897807E8 3.121093537229422E8 1.2043234276770526E8 2.887826704893814E8 2.0183558874408994E7 1.3637248507745302E8 4.020341956407502E8 4.0828855972905755E7 3.436431690451801E8 2.67786952117213E7 8.181850553609604E7 6.09538129289154E7 4.030965853546289E7 1.0279789289228974E8 3.1475101012766284E8 2.093429435153135E7 3.9934129392231144E7 7.57603539396875E7 2.415090961246049E7 
2.5090127514073274E8 1.068696158816204E7 6.067336734934237E7 1.1030850706407182E7 2.8113411621172106E8 1.1215934380439286E8 2.8595119019897807E8 3.1210751625526977E8 1.2043234276702519E8 2.887826704893814E8 2.0183558874408994E7 1.3637248507745302E8 4.020341956407502E8 4.0828855972905755E7 3.436431690451801E8 2.67786952117213E7 8.181850553609604E7 6.09538129289154E7 4.030965853546289E7 1.0279789289228974E8 3.1475101012766284E8 2.093429435153135E7 3.9934129392231144E7 7.57603539396875E7 2.415090961246049E7 
2.5090127514073274E8 1.068696158816204E7 6.067336734934237E7 1.1030850706407182E7 2.8113411621172106E8 1.121593438043927E8 2.8595119019897807E8 3.121054552400609E8 1.2043234276675384E8 2.8878267048938054E8 2.0183558874408994E7 1.3637248507745302E8 4.020341956407502E8 4.0828855972905755E7 3.436431690451801E8 2.67786952117213E7 8.181850553609604E7 6.09538129289154E7 4.030965853546289E7 1.0279789289228974E8 3.1475095667584014E8 2.093429435153135E7 3.993412842256379E7 7.57603539396875E7 2.415090961246049E7 
2.5090127514073274E8 1.068696158816204E7 6.067336734934237E7 1.1030850706407182E7 2.8113411621172106E8 1.121593438043927E8 2.8595119019897807E8 3.121054552400609E8 1.2043234276662342E8 2.8878267048938054E8 2.0183558874408994E7 1.3637248507745302E8 4.020341956407502E8 4.0828855972905755E7 3.436431690451801E8 2.67786952117213E7 8.181850553609604E7 6.09538129289154E7 4.030965853546289E7 1.0279789289228974E8 3.1475086307142127E8 2.093429435153135E7 3.993412842080684E7 7.57603539396875E7 2.415090961246049E7 
2.5090127514073274E8 1.068696158816204E7 6.067336734934237E7 1.1030850706407182E7 2.8113411621172106E8 1.121593438043927E8 2.8595119019897807E8 3.121023000622574E8 1.2043234276635446E8 2.8878267048938054E8 2.0183558874408994E7 1.3637248507745302E8 4.020341956407502E8 4.0828855972905755E7 3.436431690451801E8 2.67786952117213E7 8.181850553609604E7 6.09538129289154E7 4.030965853546289E7 1.0279789289228974E8 3.1475086307142127E8 2.093429435153135E7 3.9934128324354485E7 7.57603539396875E7 2.415090961246049E7 
2.5090127514073274E8 1.068696158816204E7 6.067336734934237E7 1.1030850706407182E7 2.8113411621172106E8 1.121593438043927E8 2.8595119019897807E8 2.734735749316079E8 1.2043234276592413E8 2.8878267048938054E8 2.0183558874408994E7 1.3637248507745302E8 4.020341956407502E8 4.0828855972905755E7 3.436431690451801E8 2.67786952117213E7 8.181850553609604E7 6.09538129289154E7 4.030965853546289E7 1.0279789289228974E8 3.1475086297926897E8 2.093429435153135E7 3.9934128324354485E7 7.57603539396875E7 2.415090961246049E7 
2.5090127514073274E8 1.068696158816204E7 6.067336734934237E7 1.1030850706407182E7 2.8113411621172106E8 1.121593438043927E8 2.8595119019897807E8 2.6076727285100675E8 1.2043234276592413E8 2.8878267048938054E8 2.0183558874408994E7 1.3637248507745302E8 4.020341956407502E8 4.0828855972905755E7 3.436431690451801E8 2.67786952117213E7 8.181850553609604E7 6.09538129289154E7 4.030965853546289E7 1.0279789289228974E8 3.1475086294621766E8 2.093429435153135E7 3.993412831946782E7 7.57603539396875E7 2.415090961246049E7 
2.5090127514073274E8 1.068696158816204E7 6.067336734934237E7 1.1030850706407182E7 2.8113411621172106E8 1.1215934380439268E8 2.8595119019897807E8 2.5157432293445423E8 1.2043234276592413E8 2.8878267048938054E8 2.0183558874408994E7 1.3637248507745302E8 4.020341956407502E8 4.0828855972905755E7 3.436431690451801E8 2.67786952117213E7 8.181850553609604E7 6.09538129289154E7 4.030965853546289E7 1.0279789289228974E8 3.1475086291174567E8 2.093429435153135E7 3.9934128304723874E7 7.57603539396875E7 2.415090961246049E7 
2.5090127514073274E8 1.068696158816204E7 6.067336734934237E7 1.1030850706407182E7 2.8113411621172106E8 1.1215934380439268E8 2.8595119019897807E8 2.508119169285458E8 1.2043234276574986E8 2.8878267048938054E8 2.0183558874408994E7 1.3637248507745302E8 4.020341956407502E8 4.0828855972905755E7 3.436431690451801E8 2.67786952117213E7 8.181850553609604E7 6.09538129289154E7 4.030965853546289E7 1.0279789289228974E8 3.1475086286317015E8 2.093429435153135E7 3.993412830425194E7 7.57603539396875E7 2.415090961246049E7 
2.5090127514073274E8 1.068696158816204E7 6.067336734934237E7 1.1030850706407182E7 2.8113411621172106E8 1.1215934380439268E8 2.8595119019897807E8 2.4951029069646338E8 1.2043234276573877E8 2.8878267048938036E8 2.0183558874408994E7 1.3637248507745302E8 4.020341956407502E8 4.0828855972905755E7 3.436431690451801E8 2.67786952117213E7 8.181850553609604E7 6.09538129289154E7 4.030965853546289E7 1.0279789289228974E8 3.1475086286317015E8 2.093429435153135E7 3.993412830425194E7 7.57603539396875E7 2.415090961246049E7 
2.5090127514073274E8 1.068696158816204E7 6.067336734934237E7 1.1030850706407182E7 2.412192312937076E8 1.1215934380439268E8 2.8595119019897807E8 2.4935147764350802E8 1.204323427651125E8 2.8878267048938024E8 2.0183558874408994E7 1.3637248507745302E8 4.020341956407502E8 4.0828855972905755E7 3.436431690451801E8 2.67786952117213E7 8.181850553609604E7 6.09538129289154E7 4.030965853546289E7 1.0279789289228974E8 3.1475086286317015E8 2.093429435153135E7 3.9934128299215384E7 7.57603539396875E7 2.415090961246049E7 
2.5090127514073274E8 1.068696158816204E7 6.067336734934237E7 1.1030850706407182E7 2.3776203127715638E8 1.1215934380439268E8 2.8595119019897807E8 2.4921683811886927E8 1.2043234276397209E8 2.887826704893794E8 2.0183558874408994E7 1.3637248507745302E8 4.020341956407502E8 4.0828855972905755E7 3.436431690451801E8 2.67786952117213E7 8.181850553609604E7 6.09538129289154E7 4.030965853546289E7 1.0279789289228974E8 3.1475086286317015E8 2.093429435153135E7 3.993412828695333E7 7.57603539396875E7 2.415090961246049E7 
2.5090127514073274E8 1.068696158816204E7 6.067336734934237E7 1.1030850706407182E7 2.373589276830882E8 1.1215934380439268E8 2.8595119019897807E8 2.4921373398912406E8 1.204323427635206E8 2.887826704893791E8 2.0183558874408994E7 1.3637248507745302E8 4.020341956407502E8 4.0828855972905755E7 3.436431690451801E8 2.67786952117213E7 8.181850553609604E7 6.09538129289154E7 4.030965853546289E7 1.0279789289228974E8 3.1475086286317015E8 2.093429435153135E7 3.9934128286920875E7 7.57603539396875E7 2.415090961246049E7 
2.5090127514073274E8 1.068696158816204E7 6.067336734934237E7 1.1030850706407182E7 2.3652075331341752E8 1.1215934380439267E8 2.8595119019897807E8 2.491964015413117E8 1.2043234276330695E8 2.887826704893791E8 2.0183558874408994E7 1.3637248507745302E8 4.020341956407502E8 4.0828855972905755E7 3.436431690451801E8 2.67786952117213E7 8.181850553609604E7 6.09538129289154E7 4.030965853546289E7 1.0279789289228974E8 3.1475086286009884E8 2.093429435153135E7 3.993412828338234E7 7.57603539396875E7 2.415090961246049E7 
2.5090127514073274E8 1.068696158816204E7 6.067336734934237E7 1.1030850706407182E7 2.3651267264855E8 1.1215934380439267E8 2.8595119019897807E8 2.49195279963109E8 1.2043234276330695E8 2.887826704893791E8 2.0183558874408994E7 1.3637248507745302E8 4.020341956407502E8 4.0828855972905755E7 3.436431690451801E8 2.67786952117213E7 8.181850553609604E7 6.09538129289154E7 4.030965853546289E7 1.0279789289228974E8 3.1475086286009884E8 2.093429435153135E7 3.993412828224249E7 7.57603539396875E7 2.415090961246049E7 
2.5090127514073274E8 1.068696158816204E7 6.067336734934237E7 1.1030850706407182E7 2.36497132879879E8 1.1215934380439262E8 2.8595119019897807E8 2.4919513957547164E8 1.204323427632876E8 2.88782670489379E8 2.0183558874408994E7 1.3637248507745302E8 4.020341956407502E8 4.0828855972905755E7 3.436431690451801E8 2.67786952117213E7 8.181850553609604E7 6.09538129289154E7 4.030965853546289E7 1.0279789289228974E8 3.147508628599933E8 2.093429435153135E7 3.993412828140104E7 7.57603539396875E7 2.415090961246049E7 
2.5090127514073274E8 1.068696158816204E7 6.067336734934237E7 1.1030850706407182E7 2.3649196759571147E8 1.1215934380439258E8 2.8595119019897807E8 2.4919513957547164E8 1.204323427632876E8 2.88782670489379E8 2.0183558874408994E7 1.3637248507745302E8 4.020341956407502E8 4.0828855972905755E7 3.436431690451801E8 2.67786952117213E7 8.181850553609604E7 6.09538129289154E7 4.030965853546289E7 1.0279789289228974E8 3.147508628595971E8 2.093429435153135E7 3.993412828086087E7 7.57603539396875E7 2.415090961246049E7 
2.5090127514073274E8 1.068696158816204E7 6.067336734934237E7 1.1030850706407182E7 2.364878088660065E8 1.1215934380439258E8 2.8595119019897807E8 2.4919306676527777E8 1.2043234276313357E8 2.88782670489379E8 2.0183558874408994E7 1.3637248507745302E8 4.020341956407502E8 4.0828855972905755E7 3.436431690451801E8 2.67786952117213E7 8.181850553609604E7 6.09538129289154E7 4.030965853546289E7 1.0279789289228974E8 3.147508628593471E8 2.093429435153135E7 3.993412828086087E7 7.57603539396875E7 2.415090961246049E7 
2.5090127514073274E8 1.068696158816204E7 6.067336734934237E7 1.1030850706407182E7 2.3648741171153474E8 1.1215934380439258E8 2.8595119019897807E8 2.4919299663089088E8 1.204323427629395E8 2.88782670489379E8 2.0183558874408994E7 1.3637248507745302E8 4.020341956407502E8 4.0828855972905755E7 3.436431690451801E8 2.67786952117213E7 8.181850553609604E7 6.09538129289154E7 4.030965853546289E7 1.0279789289228974E8 3.1475086285906917E8 2.093429435153135E7 3.993412828084102E7 7.57603539396875E7 2.415090961246049E7 
2.5090127514073274E8 1.068696158816204E7 6.067336734934237E7 1.1030850706407182E7 2.3648468814778042E8 1.1215934380439258E8 2.8595119019897807E8 2.491924329141174E8 1.2043234276292638E8 2.88782670489379E8 2.0183558874408994E7 1.3637248507745302E8 4.020341956407502E8 4.0828855972905755E7 3.436431690451801E8 2.67786952117213E7 8.181850553609604E7 6.09538129289154E7 4.030965853546289E7 1.0279789289228974E8 3.1475086285906917E8 2.093429435153135E7 3.993412828065836E7 7.57603539396875E7 2.415090961246049E7 
2.5090127514073274E8 1.068696158816204E7 6.067336734934237E7 1.1030850706407182E7 2.364842778240698E8 1.1215934380439258E8 2.8595119019897807E8 2.4919236255076227E8 1.2043234276292638E8 2.88782670489379E8 2.0183558874408994E7 1.3637248507745302E8 4.020341956407502E8 4.0828855972905755E7 3.436431690451801E8 2.67786952117213E7 8.181850553609604E7 6.09538129289154E7 4.030965853546289E7 1.0279789289228974E8 3.1475086285906917E8 2.093429435153135E7 3.993412828065836E7 7.57603539396875E7 2.415090961246049E7 
2.5090127514073274E8 1.068696158816204E7 6.067336734934237E7 1.1030850706407182E7 2.3648392569966435E8 1.1215934380439258E8 2.8595119019897807E8 2.4919214445357198E8 1.2043234276292638E8 2.88782670489379E8 2.0183558874408994E7 1.3637248507745302E8 4.020341956407502E8 4.0828855972905755E7 3.436431690451801E8 2.67786952117213E7 8.181850553609604E7 6.09538129289154E7 4.030965853546289E7 1.0279789289228974E8 3.14750862858773E8 2.093429435153135E7 3.993412828036182E7 7.57603539396875E7 2.415090961246049E7 
2.5090127514073274E8 1.068696158816204E7 6.067336734934237E7 1.1030850706407182E7 2.3648391378258684E8 1.1215934380439258E8 2.8595119019897807E8 2.4919214445357198E8 1.2043234276289779E8 2.88782670489379E8 2.0183558874408994E7 1.3637248507745302E8 4.020341956407502E8 4.0828855972905755E7 3.436431690451801E8 2.67786952117213E7 8.181850553609604E7 6.09538129289154E7 4.030965853546289E7 1.0279789289228974E8 3.147508628585545E8 2.093429435153135E7 3.993412827943931E7 7.57603539396875E7 2.415090961246049E7 
2.5090127514073274E8 1.068696158816204E7 6.067336734934237E7 1.1030850706407182E7 2.3648388955081102E8 1.1215934380439258E8 2.8595119019897807E8 2.4919206714318788E8 1.2043234276252167E8 2.88782670489379E8 2.0183558874408994E7 1.3637248507745302E8 4.020341956407502E8 4.0828855972905755E7 3.436431690451801E8 2.67786952117213E7 8.181850553609604E7 6.09538129289154E7 4.030965853546289E7 1.0279789289228974E8 3.147508628585545E8 2.093429435153135E7 3.993412827943931E7 7.57603539396875E7 2.415090961246049E7 
2.5090127514073274E8 1.068696158816204E7 6.067336734934237E7 1.1030850706407182E7 2.3648388748399267E8 1.1215934380439258E8 2.8595119019897807E8 2.4919206714318788E8 1.2043234276212028E8 2.88782670489379E8 2.0183558874408994E7 1.3637248507745302E8 4.020341956407502E8 4.0828855972905755E7 3.436431690451801E8 2.67786952117213E7 8.181850553609604E7 6.09538129289154E7 4.030965853546289E7 1.0279789289228974E8 3.1475086285854316E8 2.093429435153135E7 3.993412827943931E7 7.57603539396875E7 2.415090961246049E7 
2.5090127514073274E8 1.068696158816204E7 6.067336734934237E7 1.1030850706407182E7 2.3648383470631182E8 1.1215934380439258E8 2.8595119019897807E8 2.4919206709610277E8 1.2043234276201953E8 2.88782670489379E8 2.0183558874408994E7 1.3637248507745302E8 4.020341956407502E8 4.0828855972905755E7 3.436431690451801E8 2.67786952117213E7 8.181850553609604E7 6.09538129289154E7 4.030965853546289E7 1.0279789289228974E8 3.1475086285854316E8 2.093429435153135E7 3.993412827938924E7 7.57603539396875E7 2.415090961246049E7 
2.5090127514073274E8 1.068696158816204E7 6.067336734934237E7 1.1030850706407182E7 2.3648378435773626E8 1.1215934380439258E8 2.8595119019897807E8 2.4919206657989657E8 1.2043234276201154E8 2.88782670489379E8 2.0183558874408994E7 1.3637248507745302E8 4.020341956407502E8 4.0828855972905755E7 3.436431690451801E8 2.67786952117213E7 8.181850553609604E7 6.09538129289154E7 4.030965853546289E7 1.0279789289228974E8 3.1475086285854155E8 2.093429435153135E7 3.993412827938231E7 7.57603539396875E7 2.415090961246049E7 
2.5090127514073274E8 1.068696158816204E7 6.067336734934237E7 1.1030850706407182E7 2.3648378435773626E8 1.1215934380439258E8 2.8595119019897807E8 2.4919206606472644E8 1.2043234276200366E8 2.88782670489379E8 2.0183558874408994E7 1.3637248507745302E8 4.020341956407502E8 4.0828855972905755E7 3.436431690451801E8 2.67786952117213E7 8.181850553609604E7 6.09538129289154E7 4.030965853546289E7 1.0279789289228974E8 3.1475086285854125E8 2.093429435153135E7 3.993412827938231E7 7.57603539396875E7 2.415090961246049E7 
2.5090127514073274E8 1.068696158816204E7 6.067336734934237E7 1.1030850706407182E7 2.3648378322647348E8 1.1215934380439258E8 2.8595119019897807E8 2.49192066052541E8 1.2043234276164731E8 2.88782670489379E8 2.0183558874408994E7 1.3637248507745302E8 4.020341956407502E8 4.0828855972905755E7 3.436431690451801E8 2.67786952117213E7 8.181850553609604E7 6.09538129289154E7 4.030965853546289E7 1.0279789289228974E8 3.1475086285854125E8 2.093429435153135E7 3.993412827927796E7 7.57603539396875E7 2.415090961246049E7 
2.5090127514073274E8 1.068696158816204E7 6.067336734934237E7 1.1030850706407182E7 2.3648378021283013E8 1.1215934380439258E8 2.8595119019897807E8 2.491920660430838E8 1.2043234276164731E8 2.88782670489379E8 2.0183558874408994E7 1.3637248507745302E8 4.020341956407502E8 4.0828855972905755E7 3.436431690451801E8 2.67786952117213E7 8.181850553609604E7 6.09538129289154E7 4.030965853546289E7 1.0279789289228974E8 3.147508628585409E8 2.093429435153135E7 3.993412827927796E7 7.57603539396875E7 2.415090961246049E7 
2.5090127514073274E8 1.068696158816204E7 6.067336734934237E7 1.1030850706407182E7 2.3648378021283013E8 1.1215934380439258E8 2.8595119019897807E8 2.4919206602159926E8 1.2043234276164731E8 2.88782670489379E8 2.0183558874408994E7 1.3637248507745302E8 4.020341956407502E8 4.0828855972905755E7 3.436431690451801E8 2.67786952117213E7 8.181850553609604E7 6.09538129289154E7 4.030965853546289E7 1.0279789289228974E8 3.147508628585409E8 2.093429435153135E7 3.993412827926448E7 7.57603539396875E7 2.415090961246049E7 
2.5090127514073274E8 1.068696158816204E7 6.067336734934237E7 1.1030850706407182E7 2.3648378021283013E8 1.1215934380439258E8 2.8595119019897807E8 2.4919206602159926E8 1.2043234276149216E8 2.88782670489379E8 2.0183558874408994E7 1.3637248507745302E8 4.020341956407502E8 4.0828855972905755E7 3.436431690451801E8 2.67786952117213E7 8.181850553609604E7 6.09538129289154E7 4.030965853546289E7 1.0279789289228974E8 3.147508628585333E8 2.093429435153135E7 3.993412827926448E7 7.57603539396875E7 2.415090961246049E7 
2.5090127514073274E8 1.068696158816204E7 6.067336734934237E7 1.1030850706407182E7 2.3648378021283013E8 1.1215934380439258E8 2.8595119019897807E8 2.4919206602159926E8 1.2043234276126973E8 2.88782670489379E8 2.0183558874408994E7 1.3637248507745302E8 4.020341956407502E8 4.0828855972905755E7 3.436431690451801E8 2.67786952117213E7 8.181850553609604E7 6.09538129289154E7 4.030965853546289E7 1.0279789289228974E8 3.1475086285852116E8 2.093429435153135E7 3.993412827926448E7 7.57603539396875E7 2.415090961246049E7 
2.5090127514073274E8 1.068696158816204E7 6.067336734934237E7 1.1030850706407182E7 2.3648378020761952E8 1.1215934380439258E8 2.8595119019897807E8 2.4919206602159926E8 1.2043234275976644E8 2.88782670489379E8 2.0183558874408994E7 1.3637248507745302E8 4.020341956407502E8 4.0828855972905755E7 3.436431690451801E8 2.67786952117213E7 8.181850553609604E7 6.09538129289154E7 4.030965853546289E7 1.0279789289228974E8 3.1475086285852116E8 2.093429435153135E7 3.993412827926448E7 7.57603539396875E7 2.415090961246049E7 
2.5090127514073274E8 1.068696158816204E7 6.067336734934237E7 1.1030850706407182E7 2.3648378020761952E8 1.1215934380439258E8 2.8595119019897807E8 2.491920660212755E8 1.2043234275949018E8 2.88782670489379E8 2.0183558874408994E7 1.3637248507745302E8 4.020341956407502E8 4.0828855972905755E7 3.436431690451801E8 2.67786952117213E7 8.181850553609604E7 6.09538129289154E7 4.030965853546289E7 1.0279789289228974E8 3.1475086285852116E8 2.093429435153135E7 3.993412827926448E7 7.57603539396875E7 2.415090961246049E7 
2.5090127514073274E8 1.068696158816204E7 6.067336734934237E7 1.1030850706407182E7 2.3648378020701304E8 1.1215934380439258E8 2.8595119019897807E8 2.4919206601672414E8 1.2043234275949018E8 2.88782670489379E8 2.0183558874408994E7 1.3637248507745302E8 4.020341956407502E8 4.0828855972905755E7 3.436431690451801E8 2.67786952117213E7 8.181850553609604E7 6.09538129289154E7 4.030965853546289E7 1.0279789289228974E8 3.14750862858521E8 2.093429435153135E7 3.993412827911427E7 7.57603539396875E7 2.415090961246049E7 
2.5090127514073274E8 1.068696158816204E7 6.067336734934237E7 1.1030850706407182E7 2.3648378020627987E8 1.1215934380439258E8 2.8595119019897807E8 2.4919206601608336E8 1.2043234275949018E8 2.88782670489379E8 2.0183558874408994E7 1.3637248507745302E8 4.020341956407502E8 4.0828855972905755E7 3.436431690451801E8 2.67786952117213E7 8.181850553609604E7 6.09538129289154E7 4.030965853546289E7 1.0279789289228974E8 3.14750862858521E8 2.093429435153135E7 3.993412827907863E7 7.57603539396875E7 2.415090961246049E7 
2.5090127514073274E8 1.068696158816204E7 6.067336734934237E7 1.1030850706407182E7 2.3648378020627987E8 1.1215934380439258E8 2.8595119019897807E8 2.4919206601608336E8 1.2043234275949018E8 2.88782670489379E8 2.0183558874408994E7 1.3637248507745302E8 4.020341956407502E8 4.0828855972905755E7 3.436431690451801E8 2.67786952117213E7 8.181850553609604E7 6.09538129289154E7 4.030965853546289E7 1.0279789289228974E8 3.14750862858521E8 2.093429435153135E7 3.9934128279071674E7 7.57603539396875E7 2.415090961246049E7 
2.5090127514073274E8 1.068696158816204E7 6.067336734934237E7 1.1030850706407182E7 2.3648378020625922E8 1.1215934380439258E8 2.8595119019897807E8 2.4919206601574683E8 1.2043234275836416E8 2.88782670489379E8 2.0183558874408994E7 1.3637248507745302E8 4.020341956407502E8 4.0828855972905755E7 3.436431690451801E8 2.67786952117213E7 8.181850553609604E7 6.09538129289154E7 4.030965853546289E7 1.0279789289228974E8 3.14750862858521E8 2.093429435153135E7 3.993412827904866E7 7.57603539396875E7 2.415090961246049E7 
2.5090127514073274E8 1.068696158816204E7 6.067336734934237E7 1.1030850706407182E7 2.3648378018889007E8 1.1215934380439258E8 2.8595119019897807E8 2.4919206601068103E8 1.2043234275836416E8 2.88782670489379E8 2.0183558874408994E7 1.3637248507745302E8 4.020341956407502E8 4.0828855972905755E7 3.436431690451801E8 2.67786952117213E7 8.181850553609604E7 6.09538129289154E7 4.030965853546289E7 1.0279789289228974E8 3.14750862858521E8 2.093429435153135E7 3.993412827904866E7 7.57603539396875E7 2.415090961246049E7 
2.5090127514073274E8 1.068696158816204E7 6.067336734934237E7 1.1030850706407182E7 2.3648378018164602E8 1.1215934380439258E8 2.8595119019897807E8 2.4919206600745615E8 1.2043234275836416E8 2.88782670489379E8 2.0183558874408994E7 1.3637248507745302E8 4.020341956407502E8 4.0828855972905755E7 3.436431690451801E8 2.67786952117213E7 8.181850553609604E7 6.09538129289154E7 4.030965853546289E7 1.0279789289228974E8 3.14750862858521E8 2.093429435153135E7 3.993412827904866E7 7.57603539396875E7 2.415090961246049E7 
2.5090127514073274E8 1.068696158816204E7 6.067336734934237E7 1.1030850706407182E7 2.3648378018020147E8 1.1215934380439258E8 2.8595119019897807E8 2.4919206600597146E8 1.2043234275832811E8 2.88782670489379E8 2.0183558874408994E7 1.3637248507745302E8 4.020341956407502E8 4.0828855972905755E7 3.436431690451801E8 2.67786952117213E7 8.181850553609604E7 6.09538129289154E7 4.030965853546289E7 1.0279789289228974E8 3.14750862858521E8 2.093429435153135E7 3.9934128279044814E7 7.57603539396875E7 2.415090961246049E7 
2.5090127514073274E8 1.068696158816204E7 6.067336734934237E7 1.1030850706407182E7 2.3648378017928278E8 1.1215934380439258E8 2.8595119019897807E8 2.4919206600597146E8 1.2043234275831461E8 2.88782670489379E8 2.0183558874408994E7 1.3637248507745302E8 4.020341956407502E8 4.0828855972905755E7 3.436431690451801E8 2.67786952117213E7 8.181850553609604E7 6.09538129289154E7 4.030965853546289E7 1.0279789289228974E8 3.14750862858521E8 2.093429435153135E7 3.993412827904082E7 7.57603539396875E7 2.415090961246049E7 
2.5090127514073274E8 1.068696158816204E7 6.067336734934237E7 1.1030850706407182E7 2.3648378017894715E8 1.1215934380439258E8 2.8595119019897807E8 2.4919206600597146E8 1.2043234275831461E8 2.88782670489379E8 2.0183558874408994E7 1.3637248507745302E8 4.020341956407502E8 4.0828855972905755E7 3.436431690451801E8 2.67786952117213E7 8.181850553609604E7 6.09538129289154E7 4.030965853546289E7 1.0279789289228974E8 3.1475086285852087E8 2.093429435153135E7 3.993412827904082E7 7.57603539396875E7 2.415090961246049E7 
2.5090127514073274E8 1.068696158816204E7 6.067336734934237E7 1.1030850706407182E7 2.3648378017866734E8 1.1215934380439258E8 2.8595119019897807E8 2.4919206600580493E8 1.2043234275829056E8 2.88782670489379E8 2.0183558874408994E7 1.3637248507745302E8 4.020341956407502E8 4.0828855972905755E7 3.436431690451801E8 2.67786952117213E7 8.181850553609604E7 6.09538129289154E7 4.030965853546289E7 1.0279789289228974E8 3.1475086285852087E8 2.093429435153135E7 3.993412827904073E7 7.57603539396875E7 2.415090961246049E7 
2.5090127514073274E8 1.068696158816204E7 6.067336734934237E7 1.1030850706407182E7 2.3648378017855495E8 1.1215934380439258E8 2.8595119019897807E8 2.4919206600548536E8 1.2043234275817248E8 2.88782670489379E8 2.0183558874408994E7 1.3637248507745302E8 4.020341956407502E8 4.0828855972905755E7 3.436431690451801E8 2.67786952117213E7 8.181850553609604E7 6.09538129289154E7 4.030965853546289E7 1.0279789289228974E8 3.147508628585202E8 2.093429435153135E7 3.993412827903848E7 7.57603539396875E7 2.415090961246049E7 
2.5090127514073274E8 1.068696158816204E7 6.067336734934237E7 1.1030850706407182E7 2.3648378017650738E8 1.1215934380439258E8 2.8595119019897807E8 2.4919206600548536E8 1.204323427581566E8 2.88782670489379E8 2.0183558874408994E7 1.3637248507745302E8 4.020341956407502E8 4.0828855972905755E7 3.436431690451801E8 2.67786952117213E7 8.181850553609604E7 6.09538129289154E7 4.030965853546289E7 1.0279789289228974E8 3.147508628585202E8 2.093429435153135E7 3.993412827903642E7 7.57603539396875E7 2.415090961246049E7 
2.5090127514073274E8 1.068696158816204E7 6.067336734934237E7 1.1030850706407182E7 2.3648378017416874E8 1.1215934380439258E8 2.8595119019897807E8 2.4919206600548536E8 1.2043234275804996E8 2.88782670489379E8 2.0183558874408994E7 1.3637248507745302E8 4.020341956407502E8 4.0828855972905755E7 3.436431690451801E8 2.67786952117213E7 8.181850553609604E7 6.09538129289154E7 4.030965853546289E7 1.0279789289228974E8 3.147508628585202E8 2.093429435153135E7 3.993412827903618E7 7.57603539396875E7 2.415090961246049E7 
2.5090127514073274E8 1.068696158816204E7 6.067336734934237E7 1.1030850706407182E7 2.3648378017416874E8 1.1215934380439258E8 2.8595119019897807E8 2.4919206600547487E8 1.204323427580417E8 2.88782670489379E8 2.0183558874408994E7 1.3637248507745302E8 4.020341956407502E8 4.0828855972905755E7 3.436431690451801E8 2.67786952117213E7 8.181850553609604E7 6.09538129289154E7 4.030965853546289E7 1.0279789289228974E8 3.147508628585201E8 2.093429435153135E7 3.993412827903586E7 7.57603539396875E7 2.415090961246049E7 
2.5090127514073274E8 1.068696158816204E7 6.067336734934237E7 1.1030850706407182E7 2.3648378017416874E8 1.1215934380439258E8 2.8595119019897807E8 2.4919206600546038E8 1.2043234275803663E8 2.88782670489379E8 2.0183558874408994E7 1.3637248507745302E8 4.020341956407502E8 4.0828855972905755E7 3.436431690451801E8 2.67786952117213E7 8.181850553609604E7 6.09538129289154E7 4.030965853546289E7 1.0279789289228974E8 3.147508628585201E8 2.093429435153135E7 3.9934128279032454E7 7.57603539396875E7 2.415090961246049E7 
2.5090127514073274E8 1.068696158816204E7 6.067336734934237E7 1.1030850706407182E7 2.3648378017385307E8 1.1215934380439258E8 2.8595119019897807E8 2.4919206600546038E8 1.2043234275803663E8 2.88782670489379E8 2.0183558874408994E7 1.3637248507745302E8 4.020341956407502E8 4.0828855972905755E7 3.436431690451801E8 2.67786952117213E7 8.181850553609604E7 6.09538129289154E7 4.030965853546289E7 1.0279789289228974E8 3.147508628585201E8 2.093429435153135E7 3.9934128279032454E7 7.57603539396875E7 2.415090961246049E7 
2.5090127514073274E8 1.068696158816204E7 6.067336734934237E7 1.1030850706407182E7 2.3648378017385307E8 1.1215934380439258E8 2.8595119019897807E8 2.4919206600546038E8 1.2043234275793138E8 2.88782670489379E8 2.0183558874408994E7 1.3637248507745302E8 4.020341956407502E8 4.0828855972905755E7 3.436431690451801E8 2.67786952117213E7 8.181850553609604E7 6.09538129289154E7 4.030965853546289E7 1.0279789289228974E8 3.147508628585201E8 2.093429435153135E7 3.9934128279032454E7 7.57603539396875E7 2.415090961246049E7 
2.5090127514073274E8 1.068696158816204E7 6.067336734934237E7 1.1030850706407182E7 2.3648378016959167E8 1.1215934380439258E8 2.8595119019897807E8 2.4919206600546038E8 1.2043234275787665E8 2.88782670489379E8 2.0183558874408994E7 1.3637248507745302E8 4.020341956407502E8 4.0828855972905755E7 3.436431690451801E8 2.67786952117213E7 8.181850553609604E7 6.09538129289154E7 4.030965853546289E7 1.0279789289228974E8 3.147508628585201E8 2.093429435153135E7 3.9934128279032454E7 7.57603539396875E7 2.415090961246049E7 
2.5090127514073274E8 1.068696158816204E7 6.067336734934237E7 1.1030850706407182E7 2.3648378016959167E8 1.1215934380439258E8 2.8595119019897807E8 2.4919206600545967E8 1.2043234275787665E8 2.88782670489379E8 2.0183558874408994E7 1.3637248507745302E8 4.020341956407502E8 4.0828855972905755E7 3.436431690451801E8 2.67786952117213E7 8.181850553609604E7 6.09538129289154E7 4.030965853546289E7 1.0279789289228974E8 3.1475086285852003E8 2.093429435153135E7 3.9934128279032245E7 7.57603539396875E7 2.415090961246049E7 
2.5090127514073274E8 1.068696158816204E7 6.067336734934237E7 1.1030850706407182E7 2.3648378016959167E8 1.1215934380439258E8 2.8595119019897807E8 2.4919206600528687E8 1.2043234275787385E8 2.88782670489379E8 2.0183558874408994E7 1.3637248507745302E8 4.020341956407502E8 4.0828855972905755E7 3.436431690451801E8 2.67786952117213E7 8.181850553609604E7 6.09538129289154E7 4.030965853546289E7 1.0279789289228974E8 3.1475086285852003E8 2.093429435153135E7 3.993412827903132E7 7.57603539396875E7 2.415090961246049E7 
2.5090127514073274E8 1.068696158816204E7 6.067336734934237E7 1.1030850706407182E7 2.3648378016895413E8 1.1215934380439258E8 2.8595119019897807E8 2.4919206600521037E8 1.2043234275787248E8 2.88782670489379E8 2.0183558874408994E7 1.3637248507745302E8 4.020341956407502E8 4.0828855972905755E7 3.436431690451801E8 2.67786952117213E7 8.181850553609604E7 6.09538129289154E7 4.030965853546289E7 1.0279789289228974E8 3.1475086285852003E8 2.093429435153135E7 3.993412827903132E7 7.57603539396875E7 2.415090961246049E7 
2.5090127514073274E8 1.068696158816204E7 6.067336734934237E7 1.1030850706407182E7 2.3648378016895413E8 1.1215934380439258E8 2.8595119019897807E8 2.4919206600517705E8 1.2043234275767581E8 2.88782670489379E8 2.0183558874408994E7 1.3637248507745302E8 4.020341956407502E8 4.0828855972905755E7 3.436431690451801E8 2.67786952117213E7 8.181850553609604E7 6.09538129289154E7 4.030965853546289E7 1.0279789289228974E8 3.1475086285852003E8 2.093429435153135E7 3.9934128279031314E7 7.57603539396875E7 2.415090961246049E7 
2.5090127514073274E8 1.068696158816204E7 6.067336734934237E7 1.1030850706407182E7 2.3648378016888735E8 1.1215934380439258E8 2.8595119019897807E8 2.4919206600517705E8 1.2043234275767581E8 2.88782670489379E8 2.0183558874408994E7 1.3637248507745302E8 4.020341956407502E8 4.0828855972905755E7 3.436431690451801E8 2.67786952117213E7 8.181850553609604E7 6.09538129289154E7 4.030965853546289E7 1.0279789289228974E8 3.1475086285852003E8 2.093429435153135E7 3.993412827903121E7 7.57603539396875E7 2.415090961246049E7 
2.5090127514073274E8 1.068696158816204E7 6.067336734934237E7 1.1030850706407182E7 2.3648378016888735E8 1.1215934380439258E8 2.8595119019897807E8 2.4919206600517705E8 1.2043234275762828E8 2.88782670489379E8 2.0183558874408994E7 1.3637248507745302E8 4.020341956407502E8 4.0828855972905755E7 3.436431690451801E8 2.67786952117213E7 8.181850553609604E7 6.09538129289154E7 4.030965853546289E7 1.0279789289228974E8 3.1475086285852003E8 2.093429435153135E7 3.993412827903121E7 7.57603539396875E7 2.415090961246049E7 
2.5090127514073274E8 1.068696158816204E7 6.067336734934237E7 1.1030850706407182E7 2.3648378016888735E8 1.1215934380439258E8 2.8595119019897807E8 2.491920660051516E8 1.2043234275762828E8 2.88782670489379E8 2.0183558874408994E7 1.3637248507745302E8 4.020341956407502E8 4.0828855972905755E7 3.436431690451801E8 2.67786952117213E7 8.181850553609604E7 6.09538129289154E7 4.030965853546289E7 1.0279789289228974E8 3.1475086285852003E8 2.093429435153135E7 3.993412827903121E7 7.57603539396875E7 2.415090961246049E7 
2.5090127514073274E8 1.068696158816204E7 6.067336734934237E7 1.1030850706407182E7 2.3648378016873527E8 1.1215934380439258E8 2.8595119019897807E8 2.4919206600514427E8 1.2043234275752598E8 2.88782670489379E8 2.0183558874408994E7 1.3637248507745302E8 4.020341956407502E8 4.0828855972905755E7 3.436431690451801E8 2.67786952117213E7 8.181850553609604E7 6.09538129289154E7 4.030965853546289E7 1.0279789289228974E8 3.1475086285852003E8 2.093429435153135E7 3.993412827903121E7 7.57603539396875E7 2.415090961246049E7 
2.5090127514073274E8 1.068696158816204E7 6.067336734934237E7 1.1030850706407182E7 2.3648378016851944E8 1.1215934380439258E8 2.8595119019897807E8 2.491920660051442E8 1.2043234275746082E8 2.88782670489379E8 2.0183558874408994E7 1.3637248507745302E8 4.020341956407502E8 4.0828855972905755E7 3.436431690451801E8 2.67786952117213E7 8.181850553609604E7 6.09538129289154E7 4.030965853546289E7 1.0279789289228974E8 3.1475086285852003E8 2.093429435153135E7 3.99341282790309E7 7.57603539396875E7 2.415090961246049E7 
2.5090127514073274E8 1.068696158816204E7 6.067336734934237E7 1.1030850706407182E7 2.3648378016851944E8 1.1215934380439258E8 2.8595119019897807E8 2.4919206600513947E8 1.2043234275746082E8 2.88782670489379E8 2.0183558874408994E7 1.3637248507745302E8 4.020341956407502E8 4.0828855972905755E7 3.436431690451801E8 2.67786952117213E7 8.181850553609604E7 6.09538129289154E7 4.030965853546289E7 1.0279789289228974E8 3.1475086285852003E8 2.093429435153135E7 3.99341282790309E7 7.57603539396875E7 2.415090961246049E7 
2.5090127514073274E8 1.068696158816204E7 6.067336734934237E7 1.1030850706407182E7 2.3648378016851944E8 1.1215934380439258E8 2.8595119019897807E8 2.491920660051391E8 1.2043234275721441E8 2.88782670489379E8 2.0183558874408994E7 1.3637248507745302E8 4.020341956407502E8 4.0828855972905755E7 3.436431690451801E8 2.67786952117213E7 8.181850553609604E7 6.09538129289154E7 4.030965853546289E7 1.0279789289228974E8 3.1475086285852003E8 2.093429435153135E7 3.99341282790309E7 7.57603539396875E7 2.415090961246049E7 
2.5090127514073274E8 1.068696158816204E7 6.067336734934237E7 1.1030850706407182E7 2.3648378016842884E8 1.1215934380439258E8 2.8595119019897807E8 2.491920660051391E8 1.2043234275721441E8 2.88782670489379E8 2.0183558874408994E7 1.3637248507745302E8 4.020341956407502E8 4.0828855972905755E7 3.436431690451801E8 2.67786952117213E7 8.181850553609604E7 6.09538129289154E7 4.030965853546289E7 1.0279789289228974E8 3.1475086285852003E8 2.093429435153135E7 3.99341282790309E7 7.57603539396875E7 2.415090961246049E7 
2.5090127514073274E8 1.068696158816204E7 6.067336734934237E7 1.1030850706407182E7 2.3648378016842884E8 1.1215934380439258E8 2.8595119019897807E8 2.491920660051391E8 1.2043234275588661E8 2.88782670489379E8 2.0183558874408994E7 1.3637248507745302E8 4.020341956407502E8 4.0828855972905755E7 3.436431690451801E8 2.67786952117213E7 8.181850553609604E7 6.09538129289154E7 4.030965853546289E7 1.0279789289228974E8 3.1475086285852003E8 2.093429435153135E7 3.99341282790309E7 7.57603539396875E7 2.415090961246049E7 
2.5090127514073274E8 1.068696158816204E7 6.067336734934237E7 1.1030850706407182E7 2.3648378016839075E8 1.1215934380439258E8 2.8595119019897807E8 2.4919206600512794E8 1.2043234275588661E8 2.88782670489379E8 2.0183558874408994E7 1.3637248507745302E8 4.020341956407502E8 4.0828855972905755E7 3.436431690451801E8 2.67786952117213E7 8.181850553609604E7 6.09538129289154E7 4.030965853546289E7 1.0279789289228974E8 3.1475086285852003E8 2.093429435153135E7 3.99341282790309E7 7.57603539396875E7 2.415090961246049E7 
2.5090127514073274E8 1.068696158816204E7 6.067336734934237E7 1.1030850706407182E7 2.364837801683688E8 1.1215934380439258E8 2.8595119019897807E8 2.491920660051278E8 1.2043234275588661E8 2.88782670489379E8 2.0183558874408994E7 1.3637248507745302E8 4.020341956407502E8 4.0828855972905755E7 3.436431690451801E8 2.67786952117213E7 8.181850553609604E7 6.09538129289154E7 4.030965853546289E7 1.0279789289228974E8 3.1475086285852003E8 2.093429435153135E7 3.99341282790309E7 7.57603539396875E7 2.415090961246049E7 
2.5090127514073274E8 1.068696158816204E7 6.067336734934237E7 1.1030850706407182E7 2.364837801683688E8 1.1215934380439258E8 2.8595119019897807E8 2.4919206600512695E8 1.2043234275588661E8 2.88782670489379E8 2.0183558874408994E7 1.3637248507745302E8 4.020341956407502E8 4.0828855972905755E7 3.436431690451801E8 2.67786952117213E7 8.181850553609604E7 6.09538129289154E7 4.030965853546289E7 1.0279789289228974E8 3.1475086285852003E8 2.093429435153135E7 3.993412827903086E7 7.57603539396875E7 2.415090961246049E7 
2.5090127514073274E8 1.068696158816204E7 6.067336734934237E7 1.1030850706407182E7 2.364837801683688E8 1.1215934380439258E8 2.8595119019897807E8 2.4919206600512406E8 1.2043234275585076E8 2.88782670489379E8 2.0183558874408994E7 1.3637248507745302E8 4.020341956407502E8 4.0828855972905755E7 3.436431690451801E8 2.67786952117213E7 8.181850553609604E7 6.09538129289154E7 4.030965853546289E7 1.0279789289228974E8 2.9413894824092793E8 2.093429435153135E7 3.993412827903086E7 7.57603539396875E7 2.415090961246049E7 
2.5090127514073274E8 1.068696158816204E7 6.067336734934237E7 1.1030850706407182E7 2.3648378016836503E8 1.1215934380439258E8 2.8595119019897807E8 2.4919206600512406E8 1.2043234275584888E8 2.88782670489379E8 2.0183558874408994E7 1.3637248507745302E8 4.020341956407502E8 4.0828855972905755E7 3.436431690451801E8 2.67786952117213E7 8.181850553609604E7 6.09538129289154E7 4.030965853546289E7 1.0279789289228974E8 2.906714370830718E8 2.093429435153135E7 3.993412827903086E7 7.57603539396875E7 2.415090961246049E7 
2.5090127514073274E8 1.068696158816204E7 6.067336734934237E7 1.1030850706407182E7 2.3648378016836417E8 1.1215934380439258E8 2.8595119019897807E8 2.4919206600512284E8 1.2043234275546044E8 2.88782670489379E8 2.0183558874408994E7 1.3637248507745302E8 4.020341956407502E8 4.0828855972905755E7 3.436431690451801E8 2.67786952117213E7 8.181850553609604E7 6.09538129289154E7 4.030965853546289E7 1.0279789289228974E8 2.8928740924161786E8 2.093429435153135E7 3.993412827903084E7 7.57603539396875E7 2.415090961246049E7 
2.5090127514073274E8 1.068696158816204E7 6.067336734934237E7 1.1030850706407182E7 2.3648378016836035E8 1.1215934380439258E8 2.8595119019897807E8 2.4919206600512263E8 1.2043234275539859E8 2.88782670489379E8 2.0183558874408994E7 1.3637248507745302E8 4.020341956407502E8 4.0828855972905755E7 3.436431690451801E8 2.67786952117213E7 8.181850553609604E7 6.09538129289154E7 4.030965853546289E7 1.0279789289228974E8 2.8921710087834275E8 2.093429435153135E7 3.993412827903084E7 7.57603539396875E7 2.415090961246049E7 
2.3625182896108645E8 1.068696158816204E7 2.7860643771998636E7 1.1030850706407182E7 2.3648378016832307E8 1.1215934380439258E8 2.8595119019897807E8 2.491920660051222E8 1.2043234275539859E8 2.88782670489379E8 2.0183558874408994E7 1.3637248507745302E8 4.020341956407502E8 4.0828855972905755E7 3.436431690451801E8 2.67786952117213E7 8.181850553609604E7 6.09538129289154E7 4.030965853546289E7 1.0279789289228974E8 2.89157219902341E8 2.093429435153135E7 3.993412827903084E7 7.57603539396875E7 2.415090961246049E7 
2.354601142555939E8 1.068696158816204E7 2.7212513594211906E7 1.1030850706407182E7 2.3648378016832307E8 1.1215934380439258E8 2.8595119019897807E8 2.4919206600512207E8 1.2043234275511324E8 2.683547874783233E8 2.0183558874408994E7 1.3637248507745302E8 4.020341956407502E8 4.0828855972905755E7 3.436431690451801E8 2.67786952117213E7 8.181850553609604E7 6.09538129289154E7 4.030965853546289E7 1.0279789289228974E8 2.8911613553724855E8 2.093429435153135E7 3.993412827903084E7 7.57603539396875E7 2.415090961246049E7 
2.340348972921887E8 1.068696158816204E7 2.701095188921853E7 1.1030850706407182E7 2.3648378016832307E8 1.1215934380439258E8 2.8595119019897807E8 2.4919206600512207E8 1.204323427550417E8 2.5587298150768733E8 2.0183558874408994E7 1.3637248507745302E8 4.020341956407502E8 4.0828855972905755E7 3.436431690451801E8 2.67786952117213E7 8.181850553609604E7 6.09538129289154E7 4.030965853546289E7 1.0279789289228974E8 2.891035377544886E8 2.093429435153135E7 3.993412827903083E7 7.57603539396875E7 2.415090961246049E7 
2.3374521442878175E8 1.068696158816204E7 2.7006528080939747E7 1.1030850706407182E7 2.3648378016832307E8 1.1215934380439258E8 2.8595119019897807E8 2.4919206600512207E8 1.2043234275468908E8 2.4805399808209175E8 2.0183558874408994E7 1.3637248507745302E8 4.020341956407502E8 4.0828855972905755E7 3.436431690451801E8 2.67786952117213E7 8.181850553609604E7 6.09538129289154E7 4.030965853546289E7 1.0279789289228974E8 2.891029483388118E8 2.093429435153135E7 3.993412827903083E7 7.57603539396875E7 2.415090961246049E7 
2.3369954827727252E8 1.068696158816204E7 2.7002604390659906E7 1.1030850706407182E7 2.3648378016832307E8 1.1215934380439258E8 2.8595119019897807E8 2.4919206600512183E8 1.2043234275434406E8 2.4521198399214277E8 2.0183558874408994E7 1.3637248507745302E8 4.020341956407502E8 4.0828855972905755E7 3.436431690451801E8 2.67786952117213E7 8.181850553609604E7 6.09538129289154E7 4.030965853546289E7 1.0279789289228974E8 2.8910289370862067E8 2.093429435153135E7 3.993412827903083E7 7.57603539396875E7 2.415090961246049E7 
2.3366357474005434E8 1.068696158816204E7 2.700198554567799E7 1.1030850706407182E7 2.3648378016832307E8 1.1215934380439258E8 2.8595119019897807E8 2.4919206600512156E8 1.2043234275423387E8 2.4461887795069805E8 2.0183558874408994E7 1.3637248507745302E8 4.020341956407502E8 4.0828855972905755E7 3.436431690451801E8 2.67786952117213E7 8.181850553609604E7 6.09538129289154E7 4.030965853546289E7 1.0279789289228974E8 2.8910284311026895E8 2.093429435153135E7 3.993412827903083E7 7.57603539396875E7 2.415090961246049E7 
2.3363369360938907E8 1.068696158816204E7 2.699964724669614E7 1.1030850706407182E7 2.364837801683228E8 1.1215934380439258E8 2.8595119019897807E8 2.4919206600512156E8 1.2043234275423387E8 2.443558245213046E8 2.0183558874408994E7 1.3637248507745302E8 4.020341956407502E8 4.0828855972905755E7 3.436431690451801E8 2.67786952117213E7 8.181850553609604E7 6.09538129289154E7 4.030965853546289E7 1.0279789289228974E8 2.891027661871124E8 2.093429435153135E7 3.993412827903083E7 7.57603539396875E7 2.415090961246049E7 
2.3362688157321337E8 1.068696158816204E7 2.6999468591637213E7 1.1030850706407182E7 2.3648378016832274E8 1.1215934380439258E8 2.8595119019897807E8 2.4919206600512147E8 1.2043234275404638E8 2.4431089646347314E8 2.0183558874408994E7 1.3637248507745302E8 4.020341956407502E8 4.0828855972905755E7 3.436431690451801E8 2.67786952117213E7 8.181850553609604E7 6.09538129289154E7 4.030965853546289E7 1.0279789289228974E8 2.891027559132933E8 2.093429435153135E7 3.993412827903083E7 7.57603539396875E7 2.415090961246049E7 
2.3362688157321337E8 1.068696158816204E7 2.6999318580705047E7 1.1030850706407182E7 2.3648378016832265E8 1.1215934380439258E8 2.8595119019897807E8 2.4919206600512147E8 1.2043234275389716E8 2.4429453910733E8 2.0183558874408994E7 1.3637248507745302E8 4.020341956407502E8 4.0828855972905755E7 3.436431690451801E8 2.67786952117213E7 8.181850553609604E7 6.09538129289154E7 4.030965853546289E7 1.0279789289228974E8 2.891027444822408E8 2.093429435153135E7 3.993412827903083E7 7.57603539396875E7 2.415090961246049E7 
2.3362688157321337E8 1.068696158816204E7 2.6999269277003758E7 1.1030850706407182E7 2.3648378016832265E8 1.1215934380439258E8 2.8595119019897807E8 2.4919206600512147E8 1.2043234275382029E8 2.442876969206898E8 2.0183558874408994E7 1.3637248507745302E8 4.020341956407502E8 4.0828855972905755E7 3.436431690451801E8 2.67786952117213E7 8.181850553609604E7 6.09538129289154E7 4.030965853546289E7 1.0279789289228974E8 2.8910269179796505E8 2.093429435153135E7 3.993412827903083E7 7.57603539396875E7 2.415090961246049E7 
2.3362687121693078E8 1.068696158816204E7 2.6999238857817974E7 1.1030850706407182E7 2.3648378016832232E8 1.1215934380439258E8 2.8595119019897807E8 2.4919206600512144E8 1.2043234275380264E8 2.442856142666595E8 2.0183558874408994E7 1.3637248507745302E8 4.020341956407502E8 4.0828855972905755E7 3.436431690451801E8 2.67786952117213E7 8.181850553609604E7 6.09538129289154E7 4.030965853546289E7 1.0279789289228974E8 2.8910268823698187E8 2.093429435153135E7 3.993412827903083E7 7.57603539396875E7 2.415090961246049E7 
2.3362672093007356E8 1.068696158816204E7 2.6999226979138523E7 1.1030850706407182E7 2.3648378016832048E8 1.1215934380439258E8 2.8595119019897807E8 2.4919206600512144E8 1.2043234275380264E8 2.4428318409886748E8 2.0183558874408994E7 1.3637248507745302E8 4.020341956407502E8 4.0828855972905755E7 3.436431690451801E8 2.67786952117213E7 8.181850553609604E7 6.09538129289154E7 4.030965853546289E7 1.0279789289228974E8 2.89102688179877E8 2.093429435153135E7 3.993412827903083E7 7.57603539396875E7 2.415090961246049E7 
2.3362648636918512E8 1.068696158816204E7 2.6999226979138523E7 1.1030850706407182E7 2.3648378016832036E8 1.1215934380439258E8 2.8595119019897807E8 2.4919206600512144E8 1.204323427537729E8 2.4428262528630182E8 2.0183558874408994E7 1.3637248507745302E8 4.020341956407502E8 4.0828855972905755E7 3.436431690451801E8 2.67786952117213E7 8.181850553609604E7 6.09538129289154E7 4.030965853546289E7 1.0279789289228974E8 2.8910268530939275E8 2.093429435153135E7 3.993412827903083E7 7.57603539396875E7 2.415090961246049E7 
2.3362648636918512E8 1.068696158816204E7 2.699922632277339E7 1.1030850706407182E7 2.3648378016832036E8 6.295452420778641E7 2.8595119019897807E8 2.4919206600512144E8 1.204323427537729E8 2.44282446072616E8 2.0183558874408994E7 1.3637248507745302E8 4.020341956407502E8 4.0828855972905755E7 3.436431690451801E8 2.67786952117213E7 8.181850553609604E7 6.09538129289154E7 4.030965853546289E7 1.0279789289228974E8 2.891026779256521E8 2.093429435153135E7 3.993412827903083E7 7.57603539396875E7 2.415090961246049E7 
2.3362624812879542E8 1.068696158816204E7 2.6999226126447458E7 1.1030850706407182E7 2.3648378016832036E8 6.181271635638302E7 2.8595119019897807E8 2.4919206600512144E8 1.2043234275376059E8 2.44282446072616E8 2.0183558874408994E7 1.3637248507745302E8 4.020341956407502E8 4.0828855972905755E7 3.436431690451801E8 2.67786952117213E7 8.181850553609604E7 6.09538129289154E7 4.030965853546289E7 1.0279789289228974E8 2.8910267785436594E8 2.093429435153135E7 3.993412827903083E7 7.57603539396875E7 2.415090961246049E7 
2.3362605919272554E8 1.068696158816204E7 2.6999225723347474E7 1.1030850706407182E7 2.3648378016832036E8 6.1607635352025956E7 2.8595119019897807E8 2.4919206600512144E8 1.2043234275376059E8 2.44282446072616E8 2.0183558874408994E7 1.3637248507745302E8 4.020341956407502E8 4.0828855972905755E7 3.436431690451801E8 2.67786952117213E7 8.181850553609604E7 6.09538129289154E7 4.030965853546289E7 1.0279789289228974E8 2.8910267777598614E8 2.093429435153135E7 3.993412827903083E7 7.57603539396875E7 2.415090961246049E7 
2.3362605128038734E8 1.068696158816204E7 2.6999225684768524E7 1.1030850706407182E7 2.3648378016832036E8 6.150616531218125E7 2.8595119019897807E8 2.4919206600512144E8 1.2043234275375853E8 2.4428214537869328E8 2.0183558874408994E7 1.3637248507745302E8 4.020341956407502E8 4.0828855972905755E7 3.436431690451801E8 2.67786952117213E7 8.181850553609604E7 6.09538129289154E7 4.030965853546289E7 1.0279789289228974E8 2.891026777292197E8 2.093429435153135E7 3.993412827903083E7 7.57603539396875E7 2.415090961246049E7 
2.3362604847678378E8 1.068696158816204E7 2.6999225494487714E7 1.1030850706407182E7 2.3648378016832036E8 6.147590552984071E7 2.8595119019897807E8 2.4919206600512144E8 1.2043234275375551E8 2.4428206051807356E8 2.0183558874408994E7 1.3637248507745302E8 4.020341956407502E8 4.0828855972905755E7 3.436431690451801E8 2.67786952117213E7 8.181850553609604E7 6.09538129289154E7 4.030965853546289E7 1.0279789289228974E8 2.891026777292197E8 2.093429435153135E7 3.993412827903083E7 7.57603539396875E7 2.415090961246049E7 
2.3362604731382808E8 1.068696158816204E7 2.6999225494426213E7 1.1030850706407182E7 2.3648378016832036E8 6.146866142974131E7 2.8595119019897807E8 2.4919206600512144E8 1.204323427537549E8 2.4428182437683824E8 2.0183558874408994E7 1.3637248507745302E8 4.020341956407502E8 4.0828855972905755E7 3.436431690451801E8 2.67786952117213E7 8.181850553609604E7 6.09538129289154E7 4.030965853546289E7 1.0279789289228974E8 2.8910267771903604E8 2.093429435153135E7 3.993412827903083E7 7.57603539396875E7 2.415090961246049E7 
2.3362604365396878E8 1.068696158816204E7 2.6999225481466003E7 1.1030850706407182E7 2.3648378016832036E8 6.146792924397381E7 2.8595119019897807E8 2.4919206600512144E8 1.2043234275375223E8 2.4428179163452026E8 2.0183558874408994E7 1.3637248507745302E8 4.020341956407502E8 4.0828855972905755E7 3.436431690451801E8 2.67786952117213E7 8.181850553609604E7 6.09538129289154E7 4.030965853546289E7 1.0279789289228974E8 2.8910267768369126E8 2.093429435153135E7 3.993412827903083E7 7.57603539396875E7 2.415090961246049E7 
2.336260420272372E8 1.068696158816204E7 2.6999225481008995E7 1.1030850706407182E7 2.3648378016832036E8 6.1467863851254694E7 2.8595119019897807E8 2.4919206600512144E8 1.2043234275375223E8 2.4428170569454637E8 2.0183558874408994E7 1.3637248507745302E8 4.020341956407502E8 4.0828855972905755E7 3.436431690451801E8 2.67786952117213E7 8.181850553609604E7 6.09538129289154E7 4.030965853546289E7 1.0279789289228974E8 2.8910267768369126E8 2.093429435153135E7 3.993412827903083E7 7.57603539396875E7 2.415090961246049E7 
2.3362604129474923E8 1.068696158816204E7 2.6999225480996598E7 1.1030850706407182E7 2.3648378016832036E8 6.146754225769601E7 2.8595119019897807E8 2.4919206600512144E8 1.2043234275375223E8 2.442815888559981E8 2.0183558874408994E7 1.3637248507745302E8 4.020341956407502E8 4.0828855972905755E7 3.436431690451801E8 2.67786952117213E7 8.181850553609604E7 6.09538129289154E7 4.030965853546289E7 1.0279789289228974E8 2.891026776778678E8 2.093429435153135E7 3.993412827903083E7 7.57603539396875E7 2.415090961246049E7 
2.3362604129474923E8 1.068696158816204E7 2.6999225477333207E7 1.1030850706407182E7 2.3648378016832036E8 6.1467366829990745E7 2.8595119019897807E8 2.4919206600512144E8 1.2043234275375223E8 2.442815808977109E8 2.0183558874408994E7 1.3637248507745302E8 4.020341956407502E8 4.0828855972905755E7 3.436431690451801E8 2.67786952117213E7 8.181850553609604E7 6.09538129289154E7 4.030965853546289E7 1.0279789289228974E8 2.8910267766056246E8 2.093429435153135E7 3.993412827903083E7 7.57603539396875E7 2.415090961246049E7 
2.3362604129474923E8 1.068696158816204E7 2.699922547539399E7 1.1030850706407182E7 2.3648378016832036E8 6.1467366829990745E7 2.8595119019897807E8 2.4919206600512144E8 1.2043234275375223E8 2.442815753703226E8 2.0183558874408994E7 1.3637248507745302E8 4.020341956407502E8 4.0828855972905755E7 3.436431690451801E8 2.67786952117213E7 8.181850553609604E7 6.09538129289154E7 4.030965853546289E7 1.0279789289228974E8 2.8910267766056246E8 2.093429435153135E7 3.993412827903083E7 7.57603539396875E7 2.415090961246049E7 
2.3362604129474923E8 1.068696158816204E7 2.699922547463181E7 1.1030850706407182E7 2.3648378016832036E8 6.1467360809649274E7 2.8595119019897807E8 2.4919206600512144E8 1.2043234275375223E8 2.4428157491743463E8 2.0183558874408994E7 1.3637248507745302E8 4.020341956407502E8 4.0828855972905755E7 3.436431690451801E8 2.67786952117213E7 8.181850553609604E7 6.09538129289154E7 4.030965853546289E7 1.0279789289228974E8 2.8910267766028374E8 2.093429435153135E7 3.993412827903083E7 7.57603539396875E7 2.415090961246049E7 
2.3362604129474923E8 1.068696158816204E7 2.6999225473627843E7 1.1030850706407182E7 2.3648378016832036E8 6.146727465811729E7 2.8595119019897807E8 2.4919206600512144E8 1.2043234275375223E8 2.4428157481789994E8 2.0183558874408994E7 1.3637248507745302E8 4.020341956407502E8 4.0828855972905755E7 3.436431690451801E8 2.67786952117213E7 8.181850553609604E7 6.09538129289154E7 4.030965853546289E7 1.0279789289228974E8 2.8910267766003704E8 2.093429435153135E7 3.993412827903083E7 7.57603539396875E7 2.415090961246049E7 
2.3362604128754416E8 1.068696158816204E7 2.6999225472425256E7 1.1030850706407182E7 2.3648378016832036E8 6.146725983082483E7 2.8595119019897807E8 2.4919206600512144E8 1.2043234275375223E8 2.4428157470920557E8 2.0183558874408994E7 1.3637248507745302E8 4.020341956407502E8 4.0828855972905755E7 3.436431690451801E8 2.67786952117213E7 8.181850553609604E7 6.09538129289154E7 4.030965853546289E7 1.0279789289228974E8 2.8910267766003704E8 2.093429435153135E7 3.993412827903083E7 7.57603539396875E7 2.415090961246049E7 
2.3362604127393958E8 1.068696158816204E7 2.699922547135969E7 1.1030850706407182E7 2.3648378016832036E8 6.146725877587472E7 2.8595119019897807E8 2.4919206600512144E8 1.2043234275375223E8 2.4428157468222794E8 2.0183558874408994E7 1.3637248507745302E8 4.020341956407502E8 4.0828855972905755E7 3.436431690451801E8 2.67786952117213E7 8.181850553609604E7 6.09538129289154E7 4.030965853546289E7 1.0279789289228974E8 2.8910267766003704E8 2.093429435153135E7 3.993412827903083E7 7.57603539396875E7 2.415090961246049E7 
2.3362604125795448E8 1.068696158816204E7 2.699922547135969E7 1.1030850706407182E7 2.3648378016832036E8 6.1467258217661895E7 2.8595119019897807E8 2.4919206600512144E8 1.2043234275375223E8 2.4428157467957655E8 2.0183558874408994E7 1.3637248507745302E8 4.020341956407502E8 4.0828855972905755E7 3.436431690451801E8 2.67786952117213E7 8.181850553609604E7 6.09538129289154E7 4.030965853546289E7 1.0279789289228974E8 2.8910267766003704E8 2.093429435153135E7 3.993412827903083E7 7.57603539396875E7 2.415090961246049E7 
2.336260412568388E8 1.068696158816204E7 2.699922547135969E7 1.1030850706407182E7 2.3648378016832036E8 6.146725816251116E7 2.8595119019897807E8 2.4919206600512144E8 1.2043234275375223E8 2.4428157397531447E8 2.0183558874408994E7 1.3637248507745302E8 4.020341956407502E8 4.0828855972905755E7 3.436431690451801E8 2.67786952117213E7 8.181850553609604E7 6.09538129289154E7 4.030965853546289E7 1.0279789289228974E8 2.8910267766003704E8 2.093429435153135E7 3.993412827903083E7 7.57603539396875E7 2.415090961246049E7 
2.336260412553391E8 1.068696158816204E7 2.699922547134101E7 1.1030850706407182E7 2.3648378016832036E8 6.146725800511421E7 2.8595119019897807E8 2.4919206600512144E8 1.204323427537522E8 2.4428157395613688E8 2.0183558874408994E7 1.3637248507745302E8 4.020341956407502E8 4.0828855972905755E7 3.436431690451801E8 2.67786952117213E7 8.181850553609604E7 6.09538129289154E7 4.030965853546289E7 1.0279789289228974E8 2.8910267766003704E8 2.093429435153135E7 3.993412827903083E7 7.57603539396875E7 2.415090961246049E7 
2.3362604125248897E8 1.068696158816204E7 2.699922547134101E7 1.1030850706407182E7 2.3648378016832036E8 6.14672579892147E7 2.8595119019897807E8 2.4919206600512144E8 1.204323427537522E8 2.4428157395613688E8 2.0183558874408994E7 1.3637248507745302E8 4.020341956407502E8 4.0828855972905755E7 3.436431690451801E8 2.67786952117213E7 8.181850553609604E7 6.09538129289154E7 4.030965853546289E7 1.0279789289228974E8 2.8910267765977246E8 2.093429435153135E7 3.993412827903083E7 7.57603539396875E7 2.415090961246049E7 
2.3362604125248897E8 1.068696158816204E7 2.699922547133049E7 1.1030850706407182E7 2.3648378016832036E8 6.14672579892147E7 2.8595119019897807E8 2.4919206600512144E8 1.204323427537522E8 2.4428157393734315E8 2.0183558874408994E7 1.3637248507745302E8 4.020341956407502E8 4.0828855972905755E7 3.436431690451801E8 2.67786952117213E7 8.181850553609604E7 6.09538129289154E7 4.030965853546289E7 1.0279789289228974E8 2.891026776596692E8 2.093429435153135E7 3.993412827903083E7 7.57603539396875E7 2.415090961246049E7 
2.3362604124950305E8 1.068696158816204E7 2.699922547132829E7 1.1030850706407182E7 2.3648378016832036E8 6.14672579892147E7 2.8595119019897807E8 2.4919206600512144E8 1.204323427537522E8 2.4428157393697917E8 2.0183558874408994E7 1.3637248507745302E8 4.020341956407502E8 4.0828855972905755E7 3.436431690451801E8 2.67786952117213E7 8.181850553609604E7 6.09538129289154E7 4.030965853546289E7 1.0279789289228974E8 2.891026776595099E8 2.093429435153135E7 3.993412827903083E7 7.57603539396875E7 2.415090961246049E7 
2.3362604124742854E8 1.068696158816204E7 2.699922547132829E7 1.1030850706407182E7 2.3648378016832036E8 6.14672579892147E7 2.8595119019897807E8 2.4919206600512144E8 1.204323427537522E8 2.4428157393697917E8 2.0183558874408994E7 1.3637248507745302E8 4.020341956407502E8 4.0828855972905755E7 3.436431690451801E8 2.67786952117213E7 8.181850553609604E7 6.09538129289154E7 4.030965853546289E7 1.0279789289228974E8 2.891026776595099E8 2.093429435153135E7 3.993412827903083E7 7.57603539396875E7 2.415090961246049E7 
2.336260412462502E8 1.068696158816204E7 2.699922547130916E7 1.1030850706407182E7 2.3648378016832036E8 6.14672579892147E7 2.8595119019897807E8 2.4919206600512144E8 1.204323427537522E8 2.442815739359093E8 2.0183558874408994E7 1.3637248507745302E8 4.020341956407502E8 4.0828855972905755E7 3.436431690451801E8 2.67786952117213E7 8.181850553609604E7 6.09538129289154E7 4.030965853546289E7 1.0279789289228974E8 2.891026776594223E8 2.093429435153135E7 3.993412827903083E7 7.57603539396875E7 2.415090961246049E7 
2.336260412462502E8 1.068696158816204E7 2.699922547130916E7 1.1030850706407182E7 2.3648378016832036E8 6.1467257986303926E7 2.8595119019897807E8 2.4919206600512144E8 1.204323427537522E8 2.4428157393400657E8 2.0183558874408994E7 1.3637248507745302E8 4.020341956407502E8 4.0828855972905755E7 3.436431690451801E8 2.67786952117213E7 8.181850553609604E7 6.09538129289154E7 4.030965853546289E7 1.0279789289228974E8 2.891026776594149E8 2.093429435153135E7 3.993412827903083E7 7.57603539396875E7 2.415090961246049E7 
2.336260412461084E8 1.068696158816204E7 2.6999225471308E7 1.1030850706407182E7 2.3648378016832036E8 6.14672579859673E7 2.8595119019897807E8 2.4919206600512144E8 1.204323427537522E8 2.4428157393400657E8 2.0183558874408994E7 1.3637248507745302E8 4.020341956407502E8 4.0828855972905755E7 3.436431690451801E8 2.67786952117213E7 8.181850553609604E7 6.09538129289154E7 4.030965853546289E7 1.0279789289228974E8 2.8910267765934783E8 2.093429435153135E7 3.993412827903083E7 7.57603539396875E7 2.415090961246049E7 
2.3362604124570698E8 1.068696158816204E7 2.699922547128045E7 1.1030850706407182E7 2.3648378016832036E8 6.1467257983807124E7 2.8595119019897807E8 2.4919206600512144E8 1.204323427537522E8 2.4428157393400657E8 2.0183558874408994E7 1.3637248507745302E8 4.020341956407502E8 4.0828855972905755E7 3.436431690451801E8 2.67786952117213E7 8.181850553609604E7 6.09538129289154E7 4.030965853546289E7 1.0279789289228974E8 2.891026776593336E8 2.093429435153135E7 3.993412827903083E7 7.57603539396875E7 2.415090961246049E7 
2.3362604124570698E8 1.068696158816204E7 2.6999225471270774E7 1.1030850706407182E7 2.3648378016832036E8 6.146725798358364E7 2.8595119019897807E8 2.4919206600512144E8 1.204323427537522E8 2.4428157393147877E8 2.0183558874408994E7 1.3637248507745302E8 4.020341956407502E8 4.0828855972905755E7 3.436431690451801E8 2.67786952117213E7 8.181850553609604E7 6.09538129289154E7 4.030965853546289E7 1.0279789289228974E8 2.891026776593211E8 2.093429435153135E7 3.993412827903083E7 7.57603539396875E7 2.415090961246049E7 
2.3362604124568367E8 1.068696158816204E7 2.6999225471270774E7 1.1030850706407182E7 2.3648378016832036E8 6.146725798358364E7 2.8595119019897807E8 2.4919206600512144E8 1.204323427537522E8 2.442815739314557E8 2.0183558874408994E7 1.3637248507745302E8 4.020341956407502E8 4.0828855972905755E7 3.436431690451801E8 2.67786952117213E7 8.181850553609604E7 6.09538129289154E7 4.030965853546289E7 1.0279789289228974E8 2.89102677659301E8 2.093429435153135E7 3.993412827903083E7 7.57603539396875E7 2.415090961246049E7 
2.336260412456507E8 1.068696158816204E7 2.6999225471264914E7 1.1030850706407182E7 2.3648378016832036E8 6.1467257983497605E7 2.8595119019897807E8 2.4919206600512144E8 1.204323427537522E8 2.442815739311016E8 2.0183558874408994E7 1.3637248507745302E8 4.020341956407502E8 4.0828855972905755E7 3.436431690451801E8 2.67786952117213E7 8.181850553609604E7 6.09538129289154E7 4.030965853546289E7 1.0279789289228974E8 2.89102677659301E8 2.093429435153135E7 3.993412827903083E7 7.57603539396875E7 2.415090961246049E7 
2.336260412456507E8 1.068696158816204E7 2.6999225471264914E7 1.1030850706407182E7 2.3648378016832036E8 6.146725798335421E7 2.8595119019897807E8 2.4919206600512144E8 1.204323427537522E8 2.442815739311016E8 2.0183558874408994E7 1.3637248507745302E8 4.020341956407502E8 4.0828855972905755E7 3.436431690451801E8 2.67786952117213E7 8.181850553609604E7 6.09538129289154E7 4.030965853546289E7 1.0279789289228974E8 2.891026776591821E8 2.093429435153135E7 3.993412827903083E7 7.57603539396875E7 2.415090961246049E7 
2.336260412456503E8 1.068696158816204E7 2.699922547125564E7 1.1030850706407182E7 2.3648378016832036E8 6.146725798335421E7 2.8595119019897807E8 2.4919206600512144E8 1.204323427537522E8 2.442815739311016E8 2.0183558874408994E7 1.3637248507745302E8 4.020341956407502E8 4.0828855972905755E7 3.436431690451801E8 2.67786952117213E7 8.181850553609604E7 6.09538129289154E7 4.030965853546289E7 1.0279789289228974E8 2.891026776591821E8 2.093429435153135E7 3.993412827903083E7 7.57603539396875E7 2.415090961246049E7 
2.336260412455601E8 1.068696158816204E7 2.699922547125564E7 1.1030850706407182E7 2.3648378016832036E8 6.146725798328349E7 2.8595119019897807E8 2.4919206600512144E8 1.204323427537522E8 2.4428157393108588E8 2.0183558874408994E7 1.3637248507745302E8 4.020341956407502E8 4.0828855972905755E7 3.436431690451801E8 2.67786952117213E7 8.181850553609604E7 6.09538129289154E7 4.030965853546289E7 1.0279789289228974E8 2.891026776591821E8 2.093429435153135E7 3.993412827903083E7 7.57603539396875E7 2.415090961246049E7 
2.3362604124536735E8 1.068696158816204E7 2.699922547125564E7 1.1030850706407182E7 2.3648378016832036E8 6.146725798325904E7 2.8595119019897807E8 2.4919206600512144E8 1.204323427537522E8 2.442815739307753E8 2.0183558874408994E7 1.3637248507745302E8 4.020341956407502E8 4.0828855972905755E7 3.436431690451801E8 2.67786952117213E7 8.181850553609604E7 6.09538129289154E7 4.030965853546289E7 1.0279789289228974E8 2.891026776591347E8 2.093429435153135E7 3.993412827903083E7 7.57603539396875E7 2.415090961246049E7 
2.3362604124536735E8 1.068696158816204E7 2.6999225471254338E7 1.1030850706407182E7 2.3648378016832036E8 6.146725798320439E7 2.8595119019897807E8 2.4919206600512144E8 1.204323427537522E8 2.442815739307753E8 2.0183558874408994E7 1.3637248507745302E8 4.020341956407502E8 4.0828855972905755E7 3.436431690451801E8 2.67786952117213E7 8.181850553609604E7 6.09538129289154E7 4.030965853546289E7 1.0279789289228974E8 2.891026776591345E8 2.093429435153135E7 3.993412827903083E7 7.57603539396875E7 2.415090961246049E7 
2.3362604124515578E8 1.068696158816204E7 2.6999225471253652E7 1.1030850706407182E7 2.3648378016832036E8 6.146725798317236E7 2.8595119019897807E8 2.4919206600512144E8 1.204323427537522E8 2.442815739303408E8 2.0183558874408994E7 1.3637248507745302E8 4.020341956407502E8 4.0828855972905755E7 3.436431690451801E8 2.67786952117213E7 8.181850553609604E7 6.09538129289154E7 4.030965853546289E7 1.0279789289228974E8 2.891026776591124E8 2.093429435153135E7 3.993412827903083E7 7.57603539396875E7 2.415090961246049E7 
2.336260412451235E8 1.068696158816204E7 2.6999225471253652E7 1.1030850706407182E7 2.3648378016832036E8 6.146725798317236E7 2.8595119019897807E8 2.4919206600512144E8 1.204323427537522E8 2.442815739303408E8 2.0183558874408994E7 1.3637248507745302E8 4.020341956407502E8 4.0828855972905755E7 3.436431690451801E8 2.67786952117213E7 8.181850553609604E7 6.09538129289154E7 4.030965853546289E7 1.0279789289228974E8 2.8910267765911114E8 2.093429435153135E7 3.993412827903083E7 7.57603539396875E7 2.415090961246049E7 
2.336260412451154E8 1.068696158816204E7 2.6999225471253652E7 1.1030850706407182E7 2.3648378016832036E8 6.146725798317236E7 2.8595119019897807E8 2.4919206600512144E8 1.204323427537522E8 2.4428157393030486E8 2.0183558874408994E7 1.3637248507745302E8 4.020341956407502E8 4.0828855972905755E7 3.436431690451801E8 2.67786952117213E7 8.181850553609604E7 6.09538129289154E7 4.030965853546289E7 1.0279789289228974E8 2.8910267765907055E8 2.093429435153135E7 3.993412827903083E7 7.57603539396875E7 2.415090961246049E7 
2.336260412451027E8 1.068696158816204E7 2.6999225471250813E7 1.1030850706407182E7 2.3648378016832036E8 6.146725798314805E7 2.8595119019897807E8 2.4919206600512144E8 1.204323427537522E8 2.4428157393030486E8 2.0183558874408994E7 1.3637248507745302E8 4.020341956407502E8 4.0828855972905755E7 3.436431690451801E8 2.67786952117213E7 8.181850553609604E7 6.09538129289154E7 4.030965853546289E7 1.0279789289228974E8 2.8910267765907055E8 2.093429435153135E7 3.993412827903083E7 7.57603539396875E7 2.415090961246049E7 
2.336260412451027E8 1.068696158816204E7 2.6999225471250694E7 1.1030850706407182E7 2.3648378016832036E8 6.146725798304726E7 2.8595119019897807E8 2.4919206600512144E8 1.204323427537522E8 2.4428157393030486E8 2.0183558874408994E7 1.3637248507745302E8 4.020341956407502E8 4.0828855972905755E7 3.436431690451801E8 2.67786952117213E7 8.181850553609604E7 6.09538129289154E7 4.030965853546289E7 1.0279789289228974E8 2.8910267765907055E8 2.093429435153135E7 3.993412827903083E7 7.57603539396875E7 2.415090961246049E7 
2.3362604124504316E8 1.068696158816204E7 2.6999225471250694E7 1.1030850706407182E7 2.3648378016832036E8 6.146725798304726E7 2.8595119019897807E8 2.4919206600512144E8 1.204323427537522E8 2.4428157393018457E8 2.0183558874408994E7 1.3637248507745302E8 4.020341956407502E8 4.0828855972905755E7 3.436431690451801E8 2.67786952117213E7 8.181850553609604E7 6.09538129289154E7 4.030965853546289E7 1.0279789289228974E8 2.891026776590679E8 2.093429435153135E7 3.993412827903083E7 7.57603539396875E7 2.415090961246049E7 
2.3362604124500564E8 1.068696158816204E7 2.6999225471250694E7 1.1030850706407182E7 2.3648378016832036E8 6.146725798304275E7 2.8595119019897807E8 2.4919206600512144E8 1.204323427537522E8 2.442815739300364E8 2.0183558874408994E7 1.3637248507745302E8 4.020341956407502E8 4.0828855972905755E7 3.436431690451801E8 2.67786952117213E7 8.181850553609604E7 6.09538129289154E7 4.030965853546289E7 1.0279789289228974E8 2.891026776590679E8 2.093429435153135E7 3.993412827903083E7 7.57603539396875E7 2.415090961246049E7 
2.3362604124499515E8 1.068696158816204E7 2.6999225471250694E7 1.1030850706407182E7 2.3648378016832036E8 6.146725798299336E7 2.8595119019897807E8 2.4919206600512144E8 1.204323427537522E8 2.442815739300364E8 2.0183558874408994E7 1.3637248507745302E8 4.020341956407502E8 4.0828855972905755E7 3.436431690451801E8 2.67786952117213E7 8.181850553609604E7 6.09538129289154E7 4.030965853546289E7 1.0279789289228974E8 2.891026776590679E8 2.093429435153135E7 3.993412827903083E7 7.57603539396875E7 2.415090961246049E7 
2.3362604124496838E8 1.068696158816204E7 2.6999225471250694E7 1.1030850706407182E7 2.3648378016832036E8 6.14672579829809E7 2.8595119019897807E8 2.4919206600512144E8 1.204323427537522E8 2.442815739299396E8 2.0183558874408994E7 1.3637248507745302E8 4.020341956407502E8 4.0828855972905755E7 3.436431690451801E8 2.67786952117213E7 8.181850553609604E7 6.09538129289154E7 4.030965853546289E7 1.0279789289228974E8 2.891026776590679E8 2.093429435153135E7 3.993412827903083E7 7.57603539396875E7 2.415090961246049E7 
2.3362604124496838E8 1.068696158816204E7 2.6999225471250694E7 1.1030850706407182E7 2.3648378016832036E8 6.1467257982977174E7 2.8595119019897807E8 2.4919206600512144E8 1.204323427537522E8 2.4428157392993855E8 2.0183558874408994E7 1.3637248507745302E8 4.020341956407502E8 4.0828855972905755E7 3.436431690451801E8 2.67786952117213E7 8.181850553609604E7 6.09538129289154E7 4.030965853546289E7 1.0279789289228974E8 2.891026776590679E8 2.093429435153135E7 3.993412827903083E7 7.57603539396875E7 2.415090961246049E7 
2.3362604124496767E8 1.068696158816204E7 2.6999225471250694E7 1.1030850706407182E7 2.3648378016832036E8 6.1467257982977174E7 2.8595119019897807E8 2.4919206600512144E8 1.204323427537522E8 2.4428157392993855E8 2.0183558874408994E7 1.3637248507745302E8 4.020341956407502E8 4.0828855972905755E7 3.436431690451801E8 2.67786952117213E7 8.181850553609604E7 6.09538129289154E7 4.030965853546289E7 1.0279789289228974E8 2.891026776590679E8 2.093429435153135E7 3.993412827903083E7 7.57603539396875E7 2.415090961246049E7 
2.3362604124496767E8 1.068696158816204E7 2.6999225471250642E7 1.1030850706407182E7 2.3648378016832036E8 6.146725798296485E7 2.8595119019897807E8 2.4919206600512144E8 1.204323427537522E8 2.4428157392993855E8 2.0183558874408994E7 1.3637248507745302E8 4.020341956407502E8 4.0828855972905755E7 3.436431690451801E8 2.67786952117213E7 8.181850553609604E7 6.09538129289154E7 4.030965853546289E7 1.0279789289228974E8 2.891026776590679E8 2.093429435153135E7 3.993412827903083E7 7.57603539396875E7 2.415090961246049E7 
2.3362604124496767E8 1.068696158816204E7 2.6999225471250642E7 1.1030850706407182E7 2.3648378016832036E8 6.146725798295948E7 2.8595119019897807E8 2.4919206600512144E8 1.204323427537522E8 2.4428157392990023E8 2.0183558874408994E7 1.3637248507745302E8 4.020341956407502E8 4.0828855972905755E7 3.436431690451801E8 2.67786952117213E7 8.181850553609604E7 6.09538129289154E7 4.030965853546289E7 1.0279789289228974E8 2.891026776590679E8 2.093429435153135E7 3.993412827903083E7 7.57603539396875E7 2.415090961246049E7 
2.3362604124496767E8 1.068696158816204E7 2.6999225471250642E7 1.1030850706407182E7 2.3648378016832036E8 6.146725798295948E7 2.8595119019897807E8 2.4919206600512144E8 1.204323427537522E8 2.442815739298981E8 2.0183558874408994E7 1.3637248507745302E8 4.020341956407502E8 4.0828855972905755E7 3.436431690451801E8 2.67786952117213E7 8.181850553609604E7 6.09538129289154E7 4.030965853546289E7 1.0279789289228974E8 2.891026776590679E8 2.093429435153135E7 3.993412827903083E7 7.57603539396875E7 2.415090961246049E7 
2.3362604124496287E8 1.068696158816204E7 2.6999225471250642E7 1.1030850706407182E7 2.3648378016832036E8 6.146725798295948E7 2.8595119019897807E8 2.4919206600512144E8 1.204323427537522E8 2.442815739298981E8 2.0183558874408994E7 1.3637248507745302E8 4.020341956407502E8 4.0828855972905755E7 3.436431690451801E8 2.67786952117213E7 8.181850553609604E7 6.09538129289154E7 4.030965853546289E7 1.0279789289228974E8 2.891026776590679E8 2.093429435153135E7 3.993412827903083E7 7.57603539396875E7 2.415090961246049E7 
2.3362604124496287E8 1.068696158816204E7 2.6999225471250616E7 1.1030850706407182E7 2.3648378016832036E8 6.146725798295688E7 2.8595119019897807E8 2.4919206600512144E8 1.204323427537522E8 2.442815739298906E8 2.0183558874408994E7 1.3637248507745302E8 4.020341956407502E8 4.0828855972905755E7 3.436431690451801E8 2.67786952117213E7 8.181850553609604E7 6.09538129289154E7 4.030965853546289E7 1.0279789289228974E8 2.891026776590679E8 2.093429435153135E7 3.993412827903083E7 7.57603539396875E7 2.415090961246049E7 
2.3362604124496287E8 1.068696158816204E7 2.699922547125061E7 1.1030850706407182E7 2.3648378016832036E8 6.146725798295688E7 2.8595119019897807E8 2.4919206600512144E8 1.204323427537522E8 2.442815739298906E8 2.0183558874408994E7 1.3637248507745302E8 4.020341956407502E8 1.0615377288912801E7 3.436431690451801E8 2.67786952117213E7 8.181850553609604E7 6.09538129289154E7 4.030965853546289E7 1.0279789289228974E8 2.891026776590679E8 2.093429435153135E7 3.993412827903083E7 7.57603539396875E7 2.415090961246049E7 
2.3362604124496284E8 1.068696158816204E7 2.699922547125061E7 1.1030850706407182E7 2.3648378016832036E8 6.1467257982956536E7 2.8595119019897807E8 2.4919206600512144E8 1.204323427537522E8 2.4428157392989004E8 2.0183558874408994E7 1.3637248507745302E8 4.020341956407502E8 1.0402483672841715E7 3.436431690451801E8 2.67786952117213E7 8.181850553609604E7 6.09538129289154E7 4.030965853546289E7 1.0279789289228974E8 2.891026776590679E8 2.093429435153135E7 3.993412827903083E7 7.57603539396875E7 2.415090961246049E7 
2.3362604124496284E8 1.068696158816204E7 2.699922547125061E7 1.1030850706407182E7 2.3648378016832036E8 6.1467257982956536E7 2.8595119019897807E8 2.4919206600512144E8 1.204323427537522E8 2.4428157392989004E8 2.0183558874408994E7 1.3637248507745302E8 4.020341956407502E8 1.023060962011425E7 3.436431690451801E8 2.67786952117213E7 8.181850553609604E7 6.09538129289154E7 4.030965853546289E7 1.0279789289228974E8 2.891026776590679E8 2.093429435153135E7 3.993412827903083E7 7.57603539396875E7 2.415090961246049E7 
2.3362604124496284E8 1.068696158816204E7 2.699922547125061E7 1.1030850706407182E7 2.3648378016832036E8 6.1467257982956536E7 2.8595119019897807E8 2.4919206600512144E8 1.204323427537522E8 2.4428157392989004E8 2.0183558874408994E7 1.3637248507745302E8 4.020341956407502E8 1.0212929950985279E7 3.436431690451801E8 2.67786952117213E7 8.181850553609604E7 6.09538129289154E7 4.030965853546289E7 1.0279789289228974E8 2.891026776590679E8 2.093429435153135E7 3.993412827903083E7 7.57603539396875E7 2.415090961246049E7 
2.3362604124496284E8 1.068696158816204E7 2.699922547125061E7 1.1030850706407182E7 2.3648378016832036E8 6.146725798295608E7 2.8595119019897807E8 2.4919206600512144E8 1.204323427537522E8 2.4428157392988947E8 2.0183558874408994E7 1.3637248507745302E8 4.020341956407502E8 1.0203834958424794E7 3.436431690451801E8 2.67786952117213E7 8.181850553609604E7 6.09538129289154E7 4.030965853546289E7 1.0279789289228974E8 2.8910267765906787E8 2.093429435153135E7 3.993412827903083E7 7.57603539396875E7 2.415090961246049E7 
2.3362604124496284E8 1.068696158816204E7 2.699922547125061E7 1.1030850706407182E7 2.3648378016832036E8 6.146725798295608E7 2.8595119019897807E8 2.4919206600512144E8 1.204323427537522E8 2.4428157392988947E8 2.0183558874408994E7 1.3637248507745302E8 4.020341956407502E8 1.0201451516783725E7 3.436431690451801E8 2.67786952117213E7 8.181850553609604E7 6.09538129289154E7 4.030965853546289E7 1.0279789289228974E8 2.8910267765906787E8 2.093429435153135E7 3.993412827903083E7 7.57603539396875E7 2.415090961246049E7 
2.3362604124496284E8 1.068696158816204E7 2.699922547125061E7 1.1030850706407182E7 2.3648378016832036E8 6.146725798295604E7 2.8595119019897807E8 2.4919206600512144E8 1.204323427537522E8 2.4428157392988947E8 2.0183558874408994E7 1.3637248507745302E8 4.020341956407502E8 1.0201417437432494E7 3.436431690451801E8 2.67786952117213E7 8.181850553609604E7 6.09538129289154E7 4.030965853546289E7 1.0279789289228974E8 2.8910267765906787E8 2.093429435153135E7 3.993412827903083E7 7.57603539396875E7 2.415090961246049E7 
2.336260412449622E8 1.068696158816204E7 2.699922547125061E7 1.1030850706407182E7 2.3648378016832036E8 6.146725798295604E7 2.8595119019897807E8 2.4919206600512144E8 1.204323427537522E8 2.4428157392988947E8 2.0183558874408994E7 1.3637248507745302E8 4.020341956407502E8 1.0201270584303608E7 3.436431690451801E8 2.67786952117213E7 8.181850553609604E7 6.09538129289154E7 4.030965853546289E7 1.0279789289228974E8 2.8910267765906787E8 2.093429435153135E7 3.993412827903083E7 7.57603539396875E7 2.415090961246049E7 
2.336260412449622E8 1.068696158816204E7 2.699922547125061E7 1.1030850706407182E7 2.3648378016832036E8 6.146725798295604E7 2.8595119019897807E8 2.4919206600512144E8 1.204323427537522E8 2.4428157392988947E8 2.0183558874408994E7 1.3637248507745302E8 4.020341956407502E8 1.0201247407335795E7 3.436431690451801E8 2.67786952117213E7 8.181850553609604E7 6.09538129289154E7 4.030965853546289E7 1.0279789289228974E8 2.891026776590676E8 2.093429435153135E7 3.993412827903083E7 7.57603539396875E7 2.415090961246049E7 
2.3362604124496216E8 1.068696158816204E7 2.699922547125061E7 1.1030850706407182E7 2.3648378016832036E8 6.14672579829559E7 2.8595119019897807E8 2.4919206600512144E8 1.204323427537522E8 2.4428157392987996E8 2.0183558874408994E7 1.3637248507745302E8 4.020341956407502E8 1.0201246503031993E7 3.436431690451801E8 2.67786952117213E7 8.181850553609604E7 6.09538129289154E7 4.030965853546289E7 1.0279789289228974E8 2.891026776590676E8 2.093429435153135E7 3.993412827903083E7 7.57603539396875E7 2.415090961246049E7 
2.3362604124496213E8 1.068696158816204E7 2.699922547125061E7 1.1030850706407182E7 2.3648378016832036E8 6.1467257982955724E7 2.8595119019897807E8 2.4919206600512144E8 1.204323427537522E8 2.4428157392987996E8 2.0183558874408994E7 1.3637248507745302E8 4.020341956407502E8 1.0201246356938032E7 3.436431690451801E8 2.67786952117213E7 8.181850553609604E7 6.09538129289154E7 4.030965853546289E7 1.0279789289228974E8 2.891026776590676E8 2.093429435153135E7 3.993412827903083E7 7.57603539396875E7 2.415090961246049E7 
2.3362604124496213E8 1.068696158816204E7 2.699922547125061E7 1.1030850706407182E7 2.3648378016832036E8 6.1467257982955605E7 2.8595119019897807E8 2.4919206600512144E8 1.204323427537522E8 2.4428157392987996E8 2.0183558874408994E7 1.3637248507745302E8 4.020341956407502E8 1.020124632820927E7 3.436431690451801E8 2.67786952117213E7 8.181850553609604E7 6.09538129289154E7 4.030965853546289E7 1.0279789289228974E8 2.891026776590676E8 2.093429435153135E7 3.993412827903083E7 7.57603539396875E7 2.415090961246049E7 
2.3362604124496213E8 1.068696158816204E7 2.699922547125061E7 1.1030850706407182E7 2.3648378016832036E8 6.1467257982955605E7 2.8595119019897807E8 2.4919206600512144E8 1.204323427537522E8 2.442815739298795E8 2.0183558874408994E7 1.3637248507745302E8 4.020341956407502E8 1.0201246298896706E7 3.436431690451801E8 2.67786952117213E7 8.181850553609604E7 6.09538129289154E7 4.030965853546289E7 1.0279789289228974E8 2.891026776590676E8 2.093429435153135E7 3.993412827903083E7 7.57603539396875E7 2.415090961246049E7 
2.3362604124496213E8 1.068696158816204E7 2.699922547125061E7 1.1030850706407182E7 2.3648378016832036E8 6.146725798295538E7 2.8595119019897807E8 2.4919206600512144E8 1.204323427537522E8 2.4428157392987868E8 2.0183558874408994E7 1.3637248507745302E8 4.020341956407502E8 1.0201246279079009E7 3.436431690451801E8 2.67786952117213E7 8.181850553609604E7 6.09538129289154E7 4.030965853546289E7 1.0279789289228974E8 2.891026776590676E8 2.093429435153135E7 3.993412827903083E7 7.57603539396875E7 2.415090961246049E7 
2.3362604124496213E8 1.068696158816204E7 2.699922547125061E7 1.1030850706407182E7 2.3648378016832036E8 6.146725798295538E7 2.8595119019897807E8 2.4919206600512144E8 1.204323427537522E8 2.4428157392987868E8 2.0183558874408994E7 1.3637248507745302E8 4.020341956407502E8 1.0201246279079009E7 3.436431690451801E8 2.67786952117213E7 8.181850553609604E7 6.09538129289154E7 4.030965853546289E7 1.0279789289228974E8 2.891026776590676E8 2.093429435153135E7 3.993412827903083E7 7.57603539396875E7 2.415090961246049E7 
2.3362604124495545E8 1.068696158816204E7 2.699922547125061E7 1.1030850706407182E7 2.3648378016832036E8 6.146725798295538E7 2.8595119019897807E8 2.4919206600512144E8 1.204323427537522E8 2.4428157392987868E8 2.0183558874408994E7 1.3637248507745302E8 4.020341956407502E8 1.0201246273683071E7 3.436431690451801E8 2.67786952117213E7 8.181850553609604E7 6.09538129289154E7 4.030965853546289E7 1.0279789289228974E8 2.891026776590676E8 2.093429435153135E7 3.993412827903083E7 7.57603539396875E7 2.415090961246049E7 
2.336260412449554E8 1.068696158816204E7 2.699922547125061E7 1.1030850706407182E7 2.3648378016832036E8 6.146725798295527E7 2.8595119019897807E8 2.4919206600512144E8 1.204323427537522E8 2.4428157392987868E8 2.0183558874408994E7 1.3637248507745302E8 4.020341956407502E8 1.0201246273683071E7 3.436431690451801E8 2.67786952117213E7 8.181850553609604E7 6.09538129289154E7 4.030965853546289E7 1.0279789289228974E8 2.891026776590676E8 2.093429435153135E7 3.993412827903083E7 7.57603539396875E7 2.415090961246049E7 
2.336260412449546E8 1.068696158816204E7 2.699922547125061E7 1.1030850706407182E7 2.3648378016832036E8 6.146725798295527E7 2.8595119019897807E8 2.4919206600512144E8 1.204323427537522E8 2.4428157392987868E8 2.0183558874408994E7 1.3637248507745302E8 4.020341956407502E8 1.0201246273683071E7 3.436431690451801E8 2.67786952117213E7 8.181850553609604E7 6.09538129289154E7 4.030965853546289E7 1.0279789289228974E8 2.891026776590676E8 2.093429435153135E7 3.993412827903083E7 7.57603539396875E7 2.415090961246049E7 
2.336260412449546E8 1.068696158816204E7 2.699922547125061E7 1.1030850706407182E7 2.3648378016832036E8 6.146725798295527E7 2.8595119019897807E8 2.4919206600512144E8 1.204323427537522E8 2.4428157392987868E8 2.0183558874408994E7 1.3637248507745302E8 4.020341956407502E8 1.0201246273683071E7 3.436431690451801E8 2.67786952117213E7 8.181850553609604E7 6.09538129289154E7 4.030965853546289E7 1.0279789289228974E8 2.891026776590676E8 2.093429435153135E7 3.993412827903083E7 7.57603539396875E7 2.415090961246049E7 
2.336260412449546E8 1.068696158816204E7 2.699922547125061E7 1.1030850706407182E7 2.3648378016832036E8 6.146725798295527E7 2.8595119019897807E8 2.4919206600512144E8 1.204323427537522E8 2.4428157392987868E8 2.0183558874408994E7 1.3637248507745302E8 4.020341956407502E8 1.0201246273683071E7 3.436431690451801E8 2.67786952117213E7 8.181850553609604E7 6.09538129289154E7 4.030965853546289E7 1.0279789289228974E8 2.891026776590676E8 2.093429435153135E7 3.993412827903083E7 7.57603539396875E7 2.415090961246049E7 
2.3362604124495426E8 1.068696158816204E7 2.699922547125061E7 1.1030850706407182E7 2.3648378016832036E8 6.1467257982955255E7 2.8595119019897807E8 2.4919206600512144E8 1.204323427537522E8 2.4428157392987868E8 2.0183558874408994E7 1.3637248507745302E8 4.020341956407502E8 1.0201246273681138E7 3.436431690451801E8 2.67786952117213E7 8.181850553609604E7 6.09538129289154E7 4.030965853546289E7 1.0279789289228974E8 2.891026776590676E8 2.093429435153135E7 3.993412827903083E7 7.57603539396875E7 2.415090961246049E7 
2.3362604124495426E8 1.068696158816204E7 2.699922547125061E7 1.1030850706407182E7 2.3648378016832036E8 6.1467257982955255E7 2.8595119019897807E8 2.4919206600512144E8 1.204323427537522E8 2.4428157392987868E8 2.0183558874408994E7 1.3637248507745302E8 4.020341956407502E8 1.0201246273511285E7 3.436431690451801E8 2.67786952117213E7 8.181850553609604E7 6.09538129289154E7 4.030965853546289E7 1.0279789289228974E8 2.891026776590676E8 2.093429435153135E7 3.993412827903083E7 7.57603539396875E7 2.415090961246049E7 
2.3362604124495426E8 1.068696158816204E7 2.699922547125061E7 1.1030850706407182E7 2.3648378016832036E8 6.1467257982955255E7 2.8595119019897807E8 2.4919206600512144E8 1.204323427537522E8 2.4428157392987868E8 2.0183558874408994E7 1.3637248507745302E8 4.020341956407502E8 1.0201246273511285E7 3.436431690451801E8 2.67786952117213E7 8.181850553609604E7 6.09538129289154E7 4.030965853546289E7 1.0279789289228974E8 2.891026776590676E8 2.093429435153135E7 3.993412827903083E7 7.57603539396875E7 2.415090961246049E7 
2.3362604124495417E8 1.068696158816204E7 2.699922547125061E7 1.1030850706407182E7 2.3648378016832036E8 6.146725798295524E7 2.8595119019897807E8 2.4919206600512144E8 1.204323427537522E8 2.4428157392987868E8 2.0183558874408994E7 1.3637248507745302E8 4.020341956407502E8 1.0201246273511285E7 3.436431690451801E8 2.67786952117213E7 8.181850553609604E7 6.09538129289154E7 4.030965853546289E7 1.0279789289228974E8 2.891026776590676E8 2.093429435153135E7 3.993412827903083E7 7.57603539396875E7 2.415090961246049E7 
2.3362604124495417E8 1.068696158816204E7 2.699922547125061E7 1.1030850706407182E7 2.3648378016832036E8 6.146725798295524E7 2.8595119019897807E8 2.4919206600512144E8 1.204323427537522E8 2.4428157392987868E8 2.0183558874408994E7 1.3637248507745302E8 4.020341956407502E8 1.0201246273511285E7 3.436431690451801E8 2.67786952117213E7 8.181850553609604E7 6.09538129289154E7 4.030965853546289E7 1.0279789289228974E8 2.891026776590676E8 2.093429435153135E7 3.993412827903083E7 7.57603539396875E7 2.415090961246049E7 
2.3362604124495417E8 1.068696158816204E7 2.699922547125061E7 1.1030850706407182E7 2.3648378016832036E8 6.146725798295521E7 2.8595119019897807E8 2.4919206600512144E8 1.204323427537522E8 2.4428157392987865E8 2.0183558874408994E7 1.3637248507745302E8 4.020341956407502E8 1.0201246273511285E7 3.436431690451801E8 2.67786952117213E7 8.181850553609604E7 6.09538129289154E7 4.030965853546289E7 1.0279789289228974E8 2.891026776590676E8 2.093429435153135E7 3.993412827903083E7 7.57603539396875E7 1.0737221271973895E7 
2.3362604124495417E8 1.068696158816204E7 2.699922547125061E7 1.1030850706407182E7 2.3648378016832036E8 6.146725798295521E7 2.8595119019897807E8 2.4919206600512144E8 1.204323427537522E8 2.4428157392987862E8 2.0183558874408994E7 1.3637248507745302E8 4.020341956407502E8 1.0201246273507934E7 3.436431690451801E8 2.67786952117213E7 8.181850553609604E7 6.09538129289154E7 4.030965853546289E7 1.0279789289228974E8 2.891026776590676E8 2.093429435153135E7 3.993412827903083E7 7.57603539396875E7 9089456.721674582 
2.3362604124495414E8 1.068696158816204E7 2.699922547125061E7 1.1030850706407182E7 2.3648378016832036E8 6.146725798295521E7 2.8595119019897807E8 2.4919206600512144E8 1.204323427537522E8 2.4428157392987862E8 2.0183558874408994E7 1.3637248507745302E8 4.020341956407502E8 1.0201246273507934E7 3.436431690451801E8 2.67786952117213E7 8.181850553609604E7 6.09538129289154E7 4.030965853546289E7 1.0279789289228974E8 2.891026776590676E8 2.093429435153135E7 3.993412827903083E7 7.57603539396875E7 9059759.618960083 
2.3362604124495414E8 1.068696158816204E7 2.699922547125061E7 1.1030850706407182E7 2.3648378016832036E8 6.146725798295521E7 2.752970042028631E8 2.4919206600512144E8 1.204323427537522E8 2.4428157392987862E8 2.0183558874408994E7 1.3637248507745302E8 4.020341956407502E8 1.0201246273464832E7 3.436431690451801E8 2.67786952117213E7 8.181850553609604E7 6.09538129289154E7 4.030965853546289E7 1.0279789289228974E8 2.891026776590676E8 2.093429435153135E7 3.993412827903083E7 7.57603539396875E7 9058608.01231873 
2.3362604124495414E8 1.068696158816204E7 2.699922547125061E7 1.1030850706407182E7 2.3648378016832036E8 6.146725798295521E7 2.7317976906043154E8 2.4919206600512144E8 1.204323427537522E8 2.4428157392987862E8 2.0183558874408994E7 1.3637248507745302E8 4.020341956407502E8 1.0201246273464832E7 3.436431690451801E8 2.67786952117213E7 8.181850553609604E7 6.09538129289154E7 4.030965853546289E7 1.0279789289228974E8 2.891026776590676E8 2.093429435153135E7 3.993412827903083E7 7.57603539396875E7 9053760.235223634 
2.3362604124495414E8 1.068696158816204E7 2.699922547125061E7 1.1030850706407182E7 2.3648378016832036E8 6.146725798295521E7 2.695027242903646E8 2.4919206600512144E8 1.204323427537522E8 2.4428157392987862E8 2.0183558874408994E7 1.3637248507745302E8 4.020341956407502E8 1.0201246273464832E7 3.436431690451801E8 2.67786952117213E7 8.181850553609604E7 6.09538129289154E7 4.030965853546289E7 1.0279789289228974E8 2.891026776590676E8 2.093429435153135E7 3.993412827903083E7 7.57603539396875E7 9053646.98535711 
2.3362604124495363E8 1.068696158816204E7 2.699922547125061E7 1.1030850706407182E7 2.3648378016832036E8 6.146725798295521E7 2.692253114101405E8 2.4919206600512144E8 1.204323427537522E8 2.4428157392987862E8 2.0183558874408994E7 1.3637248507745302E8 4.020341956407502E8 1.0201246273459774E7 3.436431690451801E8 2.67786952117213E7 8.181850553609604E7 6.09538129289154E7 4.030965853546289E7 1.0279789289228974E8 2.891026776590676E8 2.093429435153135E7 3.993412827903083E7 7.57603539396875E7 9053646.98535711 
2.3362604124495363E8 1.068696158816204E7 2.699922547125061E7 1.1030850706407182E7 2.3648378016832036E8 6.146725798295521E7 2.691189844360902E8 2.4919206600512144E8 1.204323427537522E8 2.4428157392987862E8 2.0183558874408994E7 1.3637248507745302E8 4.020341956407502E8 1.0201246273459774E7 3.436431690451801E8 2.67786952117213E7 8.181850553609604E7 6.09538129289154E7 4.030965853546289E7 1.0279789289228974E8 2.891026776590676E8 2.093429435153135E7 3.993412827903083E7 7.57603539396875E7 9053646.98535711 
2.3362604124495363E8 1.068696158816204E7 2.699922547125061E7 1.1030850706407182E7 2.3648378016832036E8 6.146725798295521E7 2.690829767861629E8 2.4919206600512144E8 1.204323427537522E8 2.4428157392987862E8 2.0183558874408994E7 1.3637248507745302E8 4.020341956407502E8 1.0201246273459774E7 3.436431690451801E8 2.67786952117213E7 8.181850553609604E7 6.09538129289154E7 4.030965853546289E7 1.0279789289228974E8 2.891026776590676E8 2.093429435153135E7 3.993412827903083E7 7.57603539396875E7 9053332.647364182 
2.3362604124495363E8 1.068696158816204E7 2.699922547125061E7 1.1030850706407182E7 2.3648378016832036E8 6.146725798295521E7 2.690829767861629E8 2.4919206600512144E8 1.204323427537522E8 2.4428157392987862E8 2.0183558874408994E7 1.3637248507745302E8 4.020341956407502E8 1.0201246273457639E7 3.436431690451801E8 2.67786952117213E7 8.181850553609604E7 6.09538129289154E7 4.030965853546289E7 1.0279789289228974E8 2.891026776590676E8 2.093429435153135E7 3.993412827903083E7 7.57603539396875E7 9053280.800465025 
2.3362604124495363E8 1.068696158816204E7 2.699922547125061E7 1.1030850706407182E7 2.3648378016832036E8 6.146725798295521E7 2.690817366972226E8 2.4919206600512144E8 1.204323427537522E8 2.4428157392987862E8 2.0183558874408994E7 1.3637248507745302E8 4.020341956407502E8 1.0201246273457412E7 3.436431690451801E8 2.67786952117213E7 8.181850553609604E7 6.09538129289154E7 4.030965853546289E7 1.0279789289228974E8 2.891026776590676E8 2.093429435153135E7 3.993412827903083E7 7.57603539396875E7 9053280.800465025 
2.3362604124495363E8 1.068696158816204E7 2.699922547125061E7 1.1030850706407182E7 2.3648378016832036E8 6.146725798295521E7 2.690812942404229E8 2.4919206600512144E8 1.204323427537522E8 2.4428157392987862E8 2.0183558874408994E7 1.3637248507745302E8 4.020341956407502E8 1.0201246273457412E7 3.436431690451801E8 2.67786952117213E7 8.181850553609604E7 6.09538129289154E7 4.030965853546289E7 1.0279789289228974E8 2.891026776590676E8 2.093429435153135E7 3.993412827903083E7 7.57603539396875E7 9053276.322512139 
2.336260412449535E8 1.068696158816204E7 2.699922547125061E7 1.1030850706407182E7 2.3648378016832036E8 6.146725798295521E7 2.6908127760782206E8 2.4919206600512144E8 1.204323427537522E8 2.4428157392987862E8 2.0183558874408994E7 1.3637248507745302E8 4.020341956407502E8 1.0201246273457412E7 3.436431690451801E8 2.67786952117213E7 8.181850553609604E7 6.09538129289154E7 4.030965853546289E7 1.0279789289228974E8 2.891026776590676E8 2.093429435153135E7 3.993412827903083E7 7.57603539396875E7 9053275.719708031 
2.336260412449535E8 1.068696158816204E7 2.699922547125061E7 1.1030850706407182E7 2.3648378016832036E8 6.146725798295521E7 2.6908126573505014E8 2.4919206600512144E8 1.204323427537522E8 2.4428157392987862E8 2.0183558874408994E7 1.3637248507745302E8 4.020341956407502E8 1.0201246273457412E7 3.436431690451801E8 2.67786952117213E7 8.181850553609604E7 6.09538129289154E7 4.030965853546289E7 1.0279789289228974E8 2.891026776590676E8 2.093429435153135E7 3.993412827903083E7 7.57603539396875E7 9053274.73741103 
2.336260412449535E8 1.068696158816204E7 2.699922547125061E7 1.1030850706407182E7 2.3648378016832036E8 6.146725798295521E7 2.690809608696726E8 2.4919206600512144E8 1.204323427537522E8 2.4428157392987862E8 2.0183558874408994E7 1.3637248507745302E8 4.020341956407502E8 1.0201246273457412E7 3.436431690451801E8 2.67786952117213E7 8.181850553609604E7 6.09538129289154E7 4.030965853546289E7 1.0279789289228974E8 2.891026776590676E8 2.093429435153135E7 3.993412827903083E7 7.57603539396875E7 9053274.526339909 
2.3362604124495345E8 1.068696158816204E7 2.699922547125061E7 1.1030850706407182E7 2.3648378016832036E8 6.146725798295521E7 2.690809374076033E8 2.4919206600512144E8 1.204323427537522E8 2.4428157392987862E8 2.0183558874408994E7 1.3637248507745302E8 4.020341956407502E8 1.0201246273457412E7 3.436431690451801E8 2.67786952117213E7 8.181850553609604E7 6.09538129289154E7 4.030965853546289E7 1.0279789289228974E8 2.891026776590676E8 2.093429435153135E7 3.993412827903083E7 7.57603539396875E7 9053274.455770722 
2.3362604124495345E8 1.068696158816204E7 2.699922547125061E7 1.1030850706407182E7 2.3648378016832036E8 6.146725798295521E7 2.690809163662407E8 2.4919206600512144E8 1.204323427537522E8 2.4428157392987862E8 2.0183558874408994E7 1.3637248507745302E8 4.020341956407502E8 1.0201246273457412E7 3.436431690451801E8 2.67786952117213E7 8.181850553609604E7 6.09538129289154E7 4.030965853546289E7 1.0279789289228974E8 2.891026776590676E8 2.093429435153135E7 3.993412827903083E7 7.57603539396875E7 9053274.346680874 
2.3362604124495345E8 1.068696158816204E7 2.699922547125061E7 1.1030850706407182E7 2.3648378016832036E8 6.146725798295521E7 2.6908079835056645E8 2.4919206600512144E8 1.204323427537522E8 2.4428157392987862E8 2.0183558874408994E7 1.3637248507745302E8 4.020341956407502E8 1.0201246273457397E7 3.436431690451801E8 2.67786952117213E7 8.181850553609604E7 6.09538129289154E7 4.030965853546289E7 1.0279789289228974E8 2.891026776590676E8 2.093429435153135E7 3.993412827903083E7 7.57603539396875E7 9053274.346680874 
2.3362604124495345E8 1.068696158816204E7 2.699922547125061E7 1.1030850706407182E7 2.3648378016832036E8 6.146725798295521E7 2.6908078603518665E8 2.4919206600512144E8 1.204323427537522E8 2.4428157392987862E8 2.0183558874408994E7 1.3637248507745302E8 4.020341956407502E8 1.0201246273457397E7 3.436431690451801E8 2.67786952117213E7 8.181850553609604E7 6.09538129289154E7 4.030965853546289E7 1.0279789289228974E8 2.891026776590676E8 2.093429435153135E7 3.993412827903083E7 7.57603539396875E7 9053274.346680874 
2.3362604124495345E8 1.068696158816204E7 2.699922547125061E7 1.1030850706407182E7 2.3648378016832036E8 6.146725798295521E7 2.690807733633408E8 2.4919206600512144E8 1.204323427537522E8 2.4428157392987862E8 2.0183558874408994E7 1.3637248507745302E8 4.020341956407502E8 1.0201246273457397E7 3.436431690451801E8 2.67786952117213E7 8.181850553609604E7 6.09538129289154E7 4.030965853546289E7 1.0279789289228974E8 2.891026776590676E8 2.093429435153135E7 3.993412827903083E7 7.57603539396875E7 9053274.322643144 
2.3362604124495336E8 1.068696158816204E7 2.699922547125061E7 1.1030850706407182E7 2.3648378016832036E8 6.146725798295521E7 2.6908076581321585E8 2.4919206600512144E8 1.204323427537522E8 2.349193342776112E8 2.0183558874408994E7 1.3637248507745302E8 4.020341956407502E8 1.0201246273457397E7 3.436431690451801E8 2.67786952117213E7 8.181850553609604E7 6.09538129289154E7 4.030965853546289E7 1.0279789289228974E8 2.891026776590676E8 2.093429435153135E7 3.993412827903083E7 7.57603539396875E7 9053274.321035188 
2.3362604124495336E8 1.068696158816204E7 2.699922547125061E7 1.1030850706407182E7 2.3648378016832036E8 6.146725798295521E7 2.690807606972556E8 2.4919206600512144E8 1.204323427537522E8 2.2098240047541758E8 2.0183558874408994E7 1.3637248507745302E8 4.020341956407502E8 1.0201246273457397E7 3.436431690451801E8 2.67786952117213E7 8.181850553609604E7 6.09538129289154E7 4.030965853546289E7 1.0279789289228974E8 2.891026776590676E8 2.093429435153135E7 3.993412827903083E7 7.57603539396875E7 9053274.320506722 
2.3362604124495336E8 1.068696158816204E7 2.699922547125061E7 1.1030850706407182E7 2.3648378016832036E8 6.146725798295521E7 2.690807606972556E8 2.4919206600512144E8 1.204323427537522E8 2.1754317038991466E8 2.0183558874408994E7 1.3637248507745302E8 4.020341956407502E8 1.0201246273457397E7 3.436431690451801E8 2.67786952117213E7 8.181850553609604E7 6.09538129289154E7 4.030965853546289E7 1.0279789289228974E8 2.891026776590676E8 2.093429435153135E7 3.993412827903083E7 7.57603539396875E7 9053274.31450606 
2.3362604124495336E8 1.068696158816204E7 2.699922547125061E7 1.1030850706407182E7 2.3648378016832036E8 6.146725798295521E7 2.6908075951267105E8 2.4919206600512144E8 1.204323427537522E8 2.1661312326284033E8 2.0183558874408994E7 1.3637248507745302E8 4.020341956407502E8 1.0201246273457397E7 3.436431690451801E8 2.67786952117213E7 8.181850553609604E7 6.09538129289154E7 4.030965853546289E7 1.0279789289228974E8 2.891026776590676E8 2.093429435153135E7 3.993412827903083E7 7.57603539396875E7 9053274.310446154 
2.3362604124495336E8 1.068696158816204E7 2.699922547125061E7 1.1030850706407182E7 2.3648378016832036E8 6.146725798295521E7 2.6908075925067264E8 2.4919206600512144E8 1.204323427537522E8 2.157121474651709E8 2.0183558874408994E7 1.3637248507745302E8 4.020341956407502E8 1.0201246273457397E7 3.436431690451801E8 2.67786952117213E7 8.181850553609604E7 6.09538129289154E7 4.030965853546289E7 1.0279789289228974E8 2.891026776590676E8 2.093429435153135E7 3.993412827903083E7 7.57603539396875E7 9053274.30989353 
2.3362604124495336E8 1.068696158816204E7 2.699922547125061E7 1.1030850706407182E7 2.3648378016832036E8 6.146725798295521E7 2.6908075915065485E8 2.4919206600512144E8 1.204323427537522E8 2.1562560910110348E8 2.0183558874408994E7 1.3637248507745302E8 4.020341956407502E8 1.0201246273457397E7 3.436431690451801E8 2.67786952117213E7 8.181850553609604E7 6.09538129289154E7 4.030965853546289E7 1.0279789289228974E8 2.891026776590676E8 2.093429435153135E7 3.993412827903083E7 7.57603539396875E7 9053274.309414215 
2.336260412449533E8 1.068696158816204E7 2.699922547125061E7 1.1030850706407182E7 2.3648378016832036E8 6.146725798295521E7 2.6908075915065485E8 2.4919206600512144E8 1.204323427537522E8 2.1547651871680194E8 2.0183558874408994E7 1.3637248507745302E8 4.020341956407502E8 1.0201246273457397E7 3.436431690451801E8 2.67786952117213E7 8.181850553609604E7 6.09538129289154E7 4.030965853546289E7 1.0279789289228974E8 2.891026776590676E8 2.093429435153135E7 3.993412827903083E7 7.57603539396875E7 9053274.309077939 
2.336260412449533E8 1.068696158816204E7 2.699922547125061E7 1.1030850706407182E7 2.3648378016832036E8 6.146725798295521E7 2.6908075915065485E8 2.4919206600512144E8 1.0108771326282838E8 2.1539863917607233E8 2.0183558874408994E7 1.3637248507745302E8 4.020341956407502E8 1.0201246273457397E7 3.436431690451801E8 1.4396699787417447E7 8.181850553609604E7 6.09538129289154E7 4.030965853546289E7 1.0279789289228974E8 2.891026776590676E8 2.093429435153135E7 3.993412827903083E7 7.57603539396875E7 9053274.308718625 
2.336260412449533E8 1.068696158816204E7 2.699922547125061E7 1.1030850706407182E7 2.3648378016832036E8 6.146725798295521E7 2.6908075910651636E8 2.4919206600512144E8 9.263133729073775E7 2.1538608324549127E8 2.0183558874408994E7 1.3637248507745302E8 4.020341956407502E8 1.0201246273457395E7 3.436431690451801E8 1.3175162769943122E7 8.181850553609604E7 6.09538129289154E7 4.030965853546289E7 1.0279789289228974E8 2.891026776590676E8 2.093429435153135E7 3.993412827903083E7 7.57603539396875E7 9053274.308718625 
2.336260412449533E8 1.068696158816204E7 2.699922547125061E7 1.1030850706407182E7 2.3648378016832036E8 6.146725798295521E7 2.6908075910651636E8 2.4919206600512144E8 8.776166821735317E7 2.153709089120565E8 2.0183558874408994E7 1.3637248507745302E8 4.020341956407502E8 1.0201246273457393E7 3.436431690451801E8 1.312365478609875E7 8.181850553609604E7 6.09538129289154E7 4.030965853546289E7 1.0279789289228974E8 2.891026776590676E8 2.093429435153135E7 3.993412827903083E7 7.57603539396875E7 9053274.30870861 
2.336260412449533E8 1.068696158816204E7 2.699922547125061E7 1.1030850706407182E7 2.3648378016832036E8 6.146725798295521E7 2.6908075910074294E8 2.4919206600512144E8 8.72544811651322E7 2.153709089120565E8 2.0183558874408994E7 1.3637248507745302E8 4.020341956407502E8 1.0201246273457393E7 3.436431690451801E8 1.312365478609875E7 8.181850553609604E7 6.09538129289154E7 4.030965853546289E7 1.0279789289228974E8 2.891026776590676E8 2.093429435153135E7 3.993412827903083E7 7.57603539396875E7 9053274.30823362 
2.336260412449533E8 1.068696158816204E7 2.699922547125061E7 1.1030850706407182E7 2.3648378016832036E8 6.146725798295521E7 2.6908075910074294E8 2.4919206600512144E8 8.696472634928468E7 2.1536639899200115E8 2.0183558874408994E7 1.3637248507745302E8 4.020341956407502E8 1.0201246273457393E7 3.436431690451801E8 1.3120113927690431E7 8.181850553609604E7 6.09538129289154E7 4.030965853546289E7 1.0279789289228974E8 2.891026776590676E8 2.093429435153135E7 3.993412827903083E7 7.57603539396875E7 9053274.308108773 
2.336260412449533E8 1.068696158816204E7 2.699922547125061E7 1.1030850706407182E7 2.3648378016832036E8 6.146725798295521E7 2.690807590875527E8 2.4919206600512144E8 8.673958938158931E7 2.153642352745869E8 2.0183558874408994E7 1.3637248507745302E8 4.020341956407502E8 1.0201246273457393E7 3.436431690451801E8 1.3119613853244893E7 8.181850553609604E7 6.09538129289154E7 4.030965853546289E7 1.0279789289228974E8 2.891026776590676E8 2.093429435153135E7 3.993412827903083E7 7.57603539396875E7 9053274.308108773 
2.336260412449533E8 1.068696158816204E7 2.699922547125061E7 1.1030850706407182E7 2.3648378016832036E8 6.146725798295521E7 2.690807590792153E8 2.4919206600512144E8 8.668483317131984E7 2.1536365928990188E8 2.0183558874408994E7 1.3637248507745302E8 4.020341956407502E8 1.0201246273457393E7 3.436431690451801E8 1.3119613853244893E7 8.181850553609604E7 6.09538129289154E7 7739924.852421239 1.0279789289228974E8 2.891026776590676E8 2.093429435153135E7 3.993412827903083E7 7.57603539396875E7 9053274.308108773 
2.336260412449533E8 1.068696158816204E7 2.699922547125061E7 1.1030850706407182E7 2.3648378016832036E8 6.146725798295521E7 2.690807590772818E8 2.4919206600512144E8 8.667981207982026E7 2.1536149263871846E8 2.0183558874408994E7 1.3637248507745302E8 4.020341956407502E8 1.0201246273457393E7 3.436431690451801E8 1.3119613853244893E7 8.181850553609604E7 6.09538129289154E7 6352927.249059616 1.0279789289228974E8 2.891026776590676E8 2.093429435153135E7 3.993412827903083E7 7.57603539396875E7 9053274.308108773 
2.336260412449533E8 1.068696158816204E7 2.699922547125061E7 1.1030850706407182E7 2.3648378016832036E8 6.146725798295521E7 2.690807590742208E8 2.4919206600512144E8 8.666022229256247E7 2.1535992478809968E8 2.0183558874408994E7 1.3637248507745302E8 4.020341956407502E8 1.0201246273457393E7 3.436431690451801E8 1.3119265990143074E7 8.181850553609604E7 6.09538129289154E7 6153882.666908439 1.0279789289228974E8 2.891026776590676E8 2.093429435153135E7 3.993412827903083E7 7.57603539396875E7 9053274.308108773 
2.336260412449533E8 1.068696158816204E7 2.699922547125061E7 1.1030850706407182E7 2.3648378016832036E8 6.146725798295521E7 2.690807590742208E8 2.4919206600512144E8 8.662484653987896E7 2.1535852895936352E8 2.0183558874408994E7 1.3637248507745302E8 4.020341956407502E8 1.0201246273457393E7 3.436431690451801E8 1.3119260792619392E7 8.181850553609604E7 6.09538129289154E7 6146404.191844088 1.0279789289228974E8 2.891026776590676E8 2.093429435153135E7 3.993412827903083E7 7.57603539396875E7 9053274.308108773 
2.336260412449533E8 1.068696158816204E7 2.699922547125061E7 1.1030850706407182E7 2.3648378016832036E8 6.146725798295521E7 2.6908075907294697E8 2.4919206600512144E8 8.652718516721119E7 2.1535711932916328E8 2.0183558874408994E7 1.3637248507745302E8 4.020341956407502E8 1.0201246273457393E7 3.436431690451801E8 1.3119259649253221E7 8.181850553609604E7 6.09538129289154E7 6023529.959626899 1.0279789289228974E8 2.891026776590676E8 2.093429435153135E7 3.993412827903083E7 7.57603539396875E7 9053274.308104984 
2.336260412449533E8 1.068696158816204E7 2.699922547125061E7 1.1030850706407182E7 2.3648378016832036E8 6.146725798295521E7 2.6908075907255584E8 2.4919206600512144E8 8.652374321914585E7 2.1535451961427823E8 2.0183558874408994E7 1.3637248507745302E8 4.020341956407502E8 1.0201246273457393E7 3.436431690451801E8 1.3119258761995949E7 8.181850553609604E7 6.09538129289154E7 5969093.2988725705 1.0279789289228974E8 2.891026776590676E8 2.093429435153135E7 3.993412827903083E7 7.57603539396875E7 9053274.308103107 
2.336260412449533E8 1.068696158816204E7 2.699922547125061E7 1.1030850706407182E7 2.3648378016832036E8 6.146725798295521E7 2.6908075907238156E8 2.4919206600512144E8 8.651775144595884E7 2.1535341214016214E8 2.0183558874408994E7 1.3637248507745302E8 4.020341956407502E8 1.0201246273457393E7 3.436431690451801E8 1.3119258653468577E7 8.181850553609604E7 6.09538129289154E7 5963533.467718509 1.0279789289228974E8 2.891026776590676E8 2.093429435153135E7 3.993412827903083E7 7.57603539396875E7 9053274.308090255 
2.336260412449533E8 1.068696158816204E7 2.699922547125061E7 1.1030850706407182E7 2.3648378016832036E8 6.146725798295521E7 2.690807590719658E8 2.4919206600512144E8 8.651611342370251E7 2.153516727222601E8 2.0183558874408994E7 1.3637248507745302E8 4.020341956407502E8 1.0201246273457393E7 3.436431690451801E8 1.3119249835893197E7 8.181850553609604E7 6.09538129289154E7 5962526.517995114 1.0279789289228974E8 2.891026776590676E8 2.093429435153135E7 3.993412827903083E7 7.57603539396875E7 9053274.308090255 
2.336260412449533E8 1.068696158816204E7 2.699922547125061E7 1.1030850706407182E7 2.3648378016832036E8 6.146725798295521E7 2.690807590719658E8 2.4919206600512144E8 8.651554742989881E7 2.153514119907894E8 2.0183558874408994E7 1.3637248507745302E8 4.020341956407502E8 1.0201246273457393E7 3.290973163719378E8 1.3119246713533293E7 8.181850553609604E7 6.09538129289154E7 5962414.05398213 1.0279789289228974E8 2.891026776590676E8 2.093429435153135E7 3.993412827903083E7 7.57603539396875E7 9053274.308090255 
2.336260412449533E8 1.068696158816204E7 2.699922547125061E7 1.1030850706407182E7 2.3648378016832036E8 6.146725798295521E7 2.6908075907195467E8 2.4919206600512144E8 8.651285383462954E7 2.1535064560829207E8 2.0183558874408994E7 1.3637248507745302E8 4.020341956407502E8 1.0201246273457393E7 3.1804195539452165E8 1.3119245701372787E7 8.181850553609604E7 6.09538129289154E7 5961999.355735002 1.0279789289228974E8 2.891026776590676E8 2.093429435153135E7 3.993412827903083E7 7.57603539396875E7 9053274.308090255 
2.336260412449533E8 1.068696158816204E7 2.699922547125061E7 1.1030850706407182E7 2.3648378016832036E8 6.146725798295521E7 2.690807590718481E8 2.4919206600512144E8 8.651263992589298E7 2.1534991893284053E8 2.0183558874408994E7 1.3637248507745302E8 4.020341956407502E8 1.0201246273457393E7 3.085125605521511E8 1.3119245701372787E7 8.181850553609604E7 6.09538129289154E7 5961999.355735002 1.0279789289228974E8 2.891026776590676E8 2.093429435153135E7 3.993412827903083E7 7.57603539396875E7 9053274.308090212 
2.336260412449533E8 1.068696158816204E7 2.699922547125061E7 1.1030850706407182E7 2.3648378016832036E8 6.146725798295521E7 2.690807590717729E8 2.4919206600512144E8 8.651180462845252E7 2.153494987466501E8 2.0183558874408994E7 1.3637248507745302E8 4.020341956407502E8 1.0201246273457393E7 3.078640384953546E8 1.3119245701372787E7 8.181850553609604E7 6.09538129289154E7 5961984.815953383 1.0279789289228974E8 2.891026776590676E8 2.093429435153135E7 3.993412827903083E7 7.57603539396875E7 9053274.308090212 
2.336260412449533E8 1.068696158816204E7 2.699922547125061E7 1.1030850706407182E7 2.3648378016832036E8 6.146725798295521E7 2.6908075907164305E8 2.4919206600512144E8 8.651163441989815E7 2.1534933916451177E8 2.0183558874408994E7 1.3637248507745302E8 4.020341956407502E8 1.0201246273457393E7 3.076086068787006E8 1.3119245701073183E7 8.181850553609604E7 6.09538129289154E7 5961965.853074005 1.0279789289228974E8 2.891026776590676E8 2.093429435153135E7 3.993412827903083E7 7.57603539396875E7 9053274.308090182 
2.336260412449533E8 1.068696158816204E7 2.699922547125061E7 1.1030850706407182E7 2.3648378016832036E8 6.146725798295521E7 2.6908075907164305E8 2.4919206600512144E8 8.650994411192743E7 2.1534886225212574E8 2.0183558874408994E7 1.3637248507745302E8 4.020341956407502E8 1.0201246273457393E7 3.076055462334971E8 1.3119245700481722E7 8.181850553609604E7 6.09538129289154E7 5961965.430744447 1.0279789289228974E8 2.891026776590676E8 2.093429435153135E7 3.993412827903083E7 7.57603539396875E7 9053274.308090182 
2.336260412449533E8 1.068696158816204E7 2.699922547125061E7 1.1030850706407182E7 2.3648378016832036E8 6.146725798295521E7 2.6908075907156974E8 2.4919206600512144E8 8.650833331996006E7 2.1534879784838665E8 2.0183558874408994E7 1.3637248507745302E8 4.020341956407502E8 1.0201246273457393E7 3.075821569858248E8 1.3119245604368336E7 8.181850553609604E7 6.09538129289154E7 5961954.782241817 1.0279789289228974E8 2.891026776590676E8 2.093429435153135E7 3.993412827903083E7 7.57603539396875E7 9053274.308090182 
2.336260412449533E8 1.068696158816204E7 2.699922547125061E7 1.1030850706407182E7 2.3648378016832036E8 6.146725798295521E7 2.690807590715101E8 2.4919206600512144E8 8.650831392454141E7 2.15348726121843E8 2.0183558874408994E7 1.3637248507745302E8 4.020341956407502E8 1.0201246273457393E7 3.0755145763614535E8 1.3119245604368336E7 8.181850553609604E7 6.09538129289154E7 5961953.556787707 1.0279789289228974E8 2.891026776590676E8 2.093429435153135E7 3.993412827903083E7 7.57603539396875E7 9053274.308090182 
2.336260412449533E8 1.068696158816204E7 2.699922547125061E7 1.1030850706407182E7 2.3648378016832036E8 6.146725798295521E7 2.690807590715022E8 2.4919206600512144E8 8.650768978243625E7 2.1534871371051177E8 2.0183558874408994E7 1.3637248507745302E8 4.020341956407502E8 1.0201246273457393E7 3.075334922689362E8 1.3119245604368336E7 8.181850553609604E7 6.09538129289154E7 5961953.556787707 1.0279789289228974E8 2.891026776590676E8 2.093429435153135E7 3.993412827903083E7 7.57603539396875E7 9053274.308090182 
2.336260412449533E8 1.068696158816204E7 2.699922547125061E7 1.1030850706407182E7 2.3648378016832036E8 6.146725798295521E7 2.690807590713176E8 2.4919206600512144E8 8.650747097538507E7 2.153486796200321E8 2.0183558874408994E7 1.3637248507745302E8 4.020341956407502E8 1.0201246273457393E7 3.0753163389090174E8 1.3119245602818582E7 8.181850553609604E7 6.09538129289154E7 5961951.905296477 1.0279789289228974E8 2.891026776590676E8 2.093429435153135E7 3.993412827903083E7 7.57603539396875E7 9053274.308090122 
2.336260412449533E8 1.068696158816204E7 2.699922547125061E7 1.1030850706407182E7 2.3648378016832036E8 6.146725798295521E7 2.690807590713176E8 2.4919206600512144E8 8.65074458537779E7 2.153486796200321E8 2.0183558874408994E7 1.3637248507745302E8 4.020341956407502E8 1.0201246273457393E7 3.0753143203126657E8 1.3119245602818582E7 8.181850553609604E7 6.09538129289154E7 5961951.535842177 1.0279789289228974E8 2.891026776590676E8 2.093429435153135E7 3.993412827903083E7 7.57603539396875E7 9053274.308090106 
2.336260412449533E8 1.068696158816204E7 2.699922547125061E7 1.1030850706407182E7 2.3648378016832036E8 6.146725798295521E7 2.690807590713176E8 2.4919206600512144E8 8.650729211950475E7 2.1534867961838844E8 2.0183558874408994E7 1.3637248507745302E8 4.020341956407502E8 1.0201246273457393E7 3.075304201993599E8 1.3119245602818582E7 8.181850553609604E7 6.09538129289154E7 5961951.535842177 1.0279789289228974E8 2.891026776590676E8 2.093429435153135E7 3.993412827903083E7 7.57603539396875E7 9053274.3080901 
2.336260412449533E8 1.068696158816204E7 2.699922547125061E7 1.1030850706407182E7 2.3648378016832036E8 6.146725798295521E7 2.690807590713176E8 2.4919206600512144E8 8.650706367720468E7 2.1534856682938442E8 2.0183558874408994E7 1.3637248507745302E8 4.020341956407502E8 1.0201246273457393E7 3.075303953859756E8 1.3119245602818582E7 8.181850553609604E7 6.09538129289154E7 5961951.530719429 1.0279789289228974E8 2.891026776590676E8 2.093429435153135E7 3.993412827903083E7 7.57603539396875E7 9053274.3080901 
2.336260412449533E8 1.068696158816204E7 2.699922547125061E7 1.1030850706407182E7 2.3648378016832036E8 6.146725798295521E7 2.690807590713176E8 2.4919206600512144E8 8.650692848349787E7 2.153485470670663E8 2.0183558874408994E7 1.3637248507745302E8 4.020341956407502E8 1.0201246273457393E7 3.075285210742375E8 1.3119245601540558E7 8.181850553609604E7 6.09538129289154E7 5961951.514531869 1.0279789289228974E8 2.891026776590676E8 2.093429435153135E7 3.993412827903083E7 7.57603539396875E7 9053274.3080901 
2.336260412449533E8 1.068696158816204E7 2.699922547125061E7 1.1030850706407182E7 2.3648378016832036E8 6.146725798295521E7 2.6908075907131624E8 2.4919206600512144E8 8.650653898056619E7 2.153485470670663E8 2.0183558874408994E7 1.3637248507745302E8 4.020341956407502E8 1.0201246273457393E7 3.075285210742375E8 1.3119245601540558E7 8.181850553609604E7 6.09538129289154E7 5961951.503360802 1.0279789289228974E8 2.891026776590676E8 2.093429435153135E7 3.993412827903083E7 7.57603539396875E7 9053274.308090094 
2.336260412449533E8 1.068696158816204E7 2.699922547125061E7 1.1030850706407182E7 2.3648378016832036E8 6.146725798295521E7 2.69080759071315E8 2.4919206600512144E8 8.650653898056619E7 2.1534854600878996E8 2.0183558874408994E7 1.3637248507745302E8 4.020341956407502E8 1.0201246273457393E7 3.0752803184511364E8 1.3119245601540558E7 8.181850553609604E7 6.09538129289154E7 5961951.490677279 1.0279789289228974E8 2.891026776590676E8 2.093429435153135E7 3.993412827903083E7 7.57603539396875E7 9053274.308090094 
2.336260412449533E8 1.068696158816204E7 2.699922547125061E7 1.1030850706407182E7 2.3648378016832036E8 6.146725798295521E7 2.69080759071315E8 2.4919206600512144E8 8.650647283100735E7 2.153485436820765E8 2.0183558874408994E7 1.3637248507745302E8 4.020341956407502E8 1.0201246273457393E7 3.0752697432626224E8 1.3119245601536687E7 8.181850553609604E7 6.09538129289154E7 5961951.490159166 1.0279789289228974E8 2.891026776590676E8 2.093429435153135E7 3.993412827903083E7 7.57603539396875E7 9053274.308090094 
2.336260412449533E8 1.068696158816204E7 2.699922547125061E7 1.1030850706407182E7 2.3648378016832036E8 6.146725798295521E7 2.690807590713082E8 2.4919206600512144E8 8.650621774536882E7 2.153485436820765E8 2.0183558874408994E7 1.3637248507745302E8 4.020341956407502E8 1.0201246273457393E7 3.0752697432626224E8 1.3119245601536687E7 8.181850553609604E7 6.09538129289154E7 5961951.489878088 1.0279789289228974E8 2.891026776590676E8 2.093429435153135E7 3.993412827903083E7 7.57603539396875E7 9053274.308090094 
2.336260412449533E8 1.068696158816204E7 2.699922547125061E7 1.1030850706407182E7 2.3648378016832036E8 6.146725798295521E7 2.690807590713079E8 2.4919206600512144E8 8.650618448829775E7 2.1534854339628318E8 2.0183558874408994E7 1.3637248507745302E8 4.020341956407502E8 1.0201246273457393E7 3.075269450172702E8 1.3119245601389198E7 8.181850553609604E7 6.09538129289154E7 5961951.489878088 1.0279789289228974E8 2.891026776590676E8 2.093429435153135E7 3.993412827903083E7 7.57603539396875E7 9053274.308090094 
2.336260412449533E8 1.068696158816204E7 2.699922547125061E7 1.1030850706407182E7 2.3648378016832036E8 6.146725798295521E7 2.690807590713079E8 2.4919206600512144E8 8.650608893842784E7 2.1534854110533395E8 2.0183558874408994E7 1.3637248507745302E8 4.020341956407502E8 1.0201246273457393E7 3.0752693806903213E8 1.3119245601348145E7 8.181850553609604E7 6.09538129289154E7 5961951.489248039 1.0279789289228974E8 2.891026776590676E8 2.093429435153135E7 3.993412827903083E7 7.57603539396875E7 9053274.308090094 
2.336260412449533E8 1.068696158816204E7 2.699922547125061E7 1.1030850706407182E7 2.3648378016832036E8 6.146725798295521E7 2.690807590713076E8 2.4919206600512144E8 8.650608893842784E7 2.1534854102174437E8 2.0183558874408994E7 1.3637248507745302E8 4.020341956407502E8 1.0201246273457393E7 3.0752645128434944E8 1.3119245601228477E7 8.181850553609604E7 6.09538129289154E7 5961951.489248039 1.0279789289228974E8 2.891026776590676E8 2.093429435153135E7 3.993412827903083E7 7.57603539396875E7 9053274.308090094 
2.336260412449533E8 1.068696158816204E7 2.699922547125061E7 1.1030850706407182E7 2.3648378016832036E8 6.146725798295521E7 2.690807590713076E8 2.4919206600512144E8 8.65060082413848E7 2.1534854102174437E8 2.0183558874408994E7 1.3637248507745302E8 4.020341956407502E8 1.0201246273457393E7 3.0752635794816583E8 1.3119245601225348E7 8.181850553609604E7 6.09538129289154E7 5961951.487609023 1.0279789289228974E8 2.891026776590676E8 2.093429435153135E7 3.993412827903083E7 7.57603539396875E7 9053274.308090094 
2.336260412449533E8 1.068696158816204E7 2.699922547125061E7 1.1030850706407182E7 2.3648378016832036E8 6.146725798295521E7 2.690807590713076E8 2.4919206600512144E8 8.650598652785636E7 2.1534854101971656E8 2.0183558874408994E7 1.3637248507745302E8 4.020341956407502E8 1.0201246273457393E7 3.0752632089433986E8 1.3119245601160977E7 8.181850553609604E7 6.09538129289154E7 5961951.487353525 1.0279789289228974E8 2.891026776590676E8 2.093429435153135E7 3.993412827903083E7 7.57603539396875E7 9053274.308090094 
2.336260412449533E8 1.068696158816204E7 2.699922547125061E7 1.1030850706407182E7 2.3648378016832036E8 6.146725798295521E7 2.690807590713076E8 2.4919206600512144E8 8.650594382682799E7 2.1534854101521254E8 2.0183558874408994E7 1.3637248507745302E8 4.020341956407502E8 1.0201246273457393E7 3.075263164778984E8 1.3119245601160977E7 8.181850553609604E7 6.09538129289154E7 5961951.486272864 1.0279789289228974E8 2.891026776590676E8 2.093429435153135E7 3.993412827903083E7 7.57603539396875E7 9053274.308090094 
2.336260412449533E8 1.068696158816204E7 2.699922547125061E7 1.1030850706407182E7 2.3648378016832036E8 6.146725798295521E7 2.6908075907130754E8 2.4919206600512144E8 8.650593871947174E7 2.1534854101521254E8 2.0183558874408994E7 1.3637248507745302E8 4.020341956407502E8 1.0201246273457393E7 3.0752630453763574E8 1.3119245601148674E7 8.181850553609604E7 6.09538129289154E7 5961951.485513304 1.0279789289228974E8 2.891026776590676E8 2.093429435153135E7 3.993412827903083E7 7.57603539396875E7 9053274.308090094 
2.336260412449533E8 1.068696158816204E7 2.699922547125061E7 1.1030850706407182E7 2.3648378016832036E8 6.146725798295521E7 2.6908075907130754E8 2.4919206600512144E8 8.65059381017855E7 2.153485410138467E8 2.0183558874408994E7 1.3637248507745302E8 4.020341956407502E8 1.0201246273457393E7 3.0752630356273013E8 1.3119245601148674E7 8.181850553609604E7 6.09538129289154E7 5961951.485118928 1.0279789289228974E8 2.891026776590676E8 2.093429435153135E7 3.993412827903083E7 7.57603539396875E7 9053274.308090094 
2.336260412449533E8 1.068696158816204E7 2.699922547125061E7 1.1030850706407182E7 2.3648378016832036E8 6.146725798295521E7 2.6908075907130754E8 2.4919206600512144E8 8.65059381017855E7 2.153485410087239E8 2.0183558874408994E7 1.3637248507745302E8 4.020341956407502E8 1.0201246273457393E7 3.075262932605512E8 1.3119245601129986E7 8.181850553609604E7 6.09538129289154E7 5961951.484365717 1.0279789289228974E8 2.891026776590676E8 2.093429435153135E7 3.993412827903083E7 7.57603539396875E7 9053274.308090094 
2.336260412449533E8 1.068696158816204E7 2.699922547125061E7 1.1030850706407182E7 2.3648378016832036E8 6.146725798295521E7 2.6908075907130754E8 2.4919206600512144E8 8.65059381017855E7 2.153485410087239E8 2.0183558874408994E7 1.3637248507745302E8 4.020341956407502E8 1.0201246273457393E7 3.075262932605512E8 1.3119245601129986E7 8.181850553609604E7 6.09538129289154E7 5961951.484365717 1.0279789289228974E8 2.891026776590676E8 2.093429435153135E7 3.993412827903083E7 7.57603539396875E7 9053274.308090094 
2.336260412449533E8 1.068696158816204E7 2.699922547125061E7 1.1030850706407182E7 2.3648378016832036E8 6.146725798295521E7 2.6908075907130754E8 2.4919206600512144E8 8.650593806169431E7 2.153485410087239E8 2.0183558874408994E7 1.3637248507745302E8 4.020341956407502E8 1.0201246273457393E7 3.075262921300756E8 1.3119245601129986E7 8.181850553609604E7 6.09538129289154E7 5961951.484294837 1.0279789289228974E8 2.891026776590676E8 2.093429435153135E7 3.993412827903083E7 7.57603539396875E7 9053274.308090094 
2.336260412449533E8 1.068696158816204E7 2.699922547125061E7 1.1030850706407182E7 2.3648378016832036E8 6.146725798295521E7 2.6908075907130754E8 2.4919206600512144E8 8.650593806169431E7 2.1534854100402138E8 2.0183558874408994E7 1.3637248507745302E8 4.020341956407502E8 1.0201246273457393E7 3.075262921300756E8 1.3119245601129986E7 8.181850553609604E7 6.09538129289154E7 5961951.484294837 1.0279789289228974E8 2.891026776590676E8 2.093429435153135E7 3.993412827903083E7 7.57603539396875E7 9053274.308090094 
2.336260412449533E8 1.068696158816204E7 2.699922547125061E7 1.1030850706407182E7 2.3648378016832036E8 6.146725798295521E7 2.6908075907130754E8 2.4919206600512144E8 8.650593806169431E7 2.1534854100363144E8 2.0183558874408994E7 1.3637248507745302E8 4.020341956407502E8 1.0201246273457393E7 3.075262920040587E8 1.3119245601129986E7 8.181850553609604E7 6.09538129289154E7 5961951.484282037 1.0279789289228974E8 2.891026776590676E8 2.093429435153135E7 3.993412827903083E7 7.57603539396875E7 9053274.308090094 
2.336260412449533E8 1.068696158816204E7 2.699922547125061E7 1.1030850706407182E7 2.3648378016832036E8 6.146725798295521E7 2.6908075907130754E8 2.4919206600512144E8 8.6505938054936E7 2.1534854100360927E8 2.0183558874408994E7 1.3637248507745302E8 4.020341956407502E8 1.0201246273457393E7 3.075262917932608E8 1.3119245601129986E7 8.181850553609604E7 6.09538129289154E7 5961951.484282037 1.0279789289228974E8 2.891026776590676E8 2.093429435153135E7 3.993412827903083E7 7.57603539396875E7 9053274.308090094 
2.336260412449533E8 1.068696158816204E7 2.699922547125061E7 1.1030850706407182E7 2.3648378016832036E8 6.146725798295521E7 2.6908075907130754E8 2.4919206600512144E8 8.650593804528043E7 2.1534854100233945E8 2.0183558874408994E7 1.3637248507745302E8 4.020341956407502E8 1.0201246273457393E7 3.075262917932608E8 1.3119245601127954E7 8.181850553609604E7 6.09538129289154E7 5961951.48423671 1.0279789289228974E8 2.891026776590676E8 2.093429435153135E7 3.993412827903083E7 7.57603539396875E7 9053274.308090094 
2.336260412449533E8 1.068696158816204E7 2.699922547125061E7 1.1030850706407182E7 2.3648378016832036E8 6.146725798295521E7 2.6908075907130754E8 2.4919206600512144E8 8.650593804421444E7 2.1534854100160265E8 2.0183558874408994E7 1.3637248507745302E8 4.020341956407502E8 1.0201246273457393E7 3.075262917931472E8 1.3119245601127954E7 8.181850553609604E7 6.09538129289154E7 5961951.48423671 1.0279789289228974E8 2.891026776590676E8 2.093429435153135E7 3.993412827903083E7 7.57603539396875E7 9053274.308090094 
2.336260412449533E8 1.068696158816204E7 2.699922547125061E7 1.1030850706407182E7 2.3648378016832036E8 6.146725798295521E7 2.6908075907130754E8 2.4919206600512144E8 8.650593804042645E7 2.153485410015973E8 2.0183558874408994E7 1.3637248507745302E8 4.020341956407502E8 1.0201246273457393E7 3.0752629179188627E8 1.3119245601127181E7 8.181850553609604E7 6.09538129289154E7 5961951.484223167 1.0279789289228974E8 2.891026776590676E8 2.093429435153135E7 3.993412827903083E7 7.57603539396875E7 9053274.308090094 
2.336260412449533E8 1.068696158816204E7 2.699922547125061E7 1.1030850706407182E7 2.3648378016832036E8 6.146725798295521E7 2.6908075907130754E8 2.4919206600512144E8 8.650593803700174E7 2.153485409991089E8 2.0183558874408994E7 1.3637248507745302E8 4.020341956407502E8 1.0201246273457393E7 3.075262917918193E8 1.3119245601126425E7 8.181850553609604E7 6.09538129289154E7 5961951.484208641 1.0279789289228974E8 2.891026776590676E8 2.093429435153135E7 3.993412827903083E7 7.57603539396875E7 9053274.308090094 
2.336260412449533E8 1.068696158816204E7 2.699922547125061E7 1.1030850706407182E7 2.3648378016832036E8 6.146725798295521E7 2.6908075907130754E8 2.4919206600512144E8 8.650593803700174E7 2.1534854099770445E8 2.0183558874408994E7 1.3637248507745302E8 4.020341956407502E8 1.0201246273457393E7 3.0752629178449196E8 1.3119245601126425E7 8.181850553609604E7 6.09538129289154E7 5961951.484208641 1.0279789289228974E8 2.891026776590676E8 2.093429435153135E7 3.993412827903083E7 7.57603539396875E7 9053274.308090094 
2.336260412449533E8 1.068696158816204E7 2.699922547125061E7 1.1030850706407182E7 2.3648378016832036E8 6.146725798295521E7 2.6908075907130754E8 2.4919206600512144E8 8.650593803622296E7 2.1534854099770445E8 2.0183558874408994E7 1.3637248507745302E8 4.020341956407502E8 1.0201246273457393E7 3.0752629178449196E8 1.3119245601123804E7 8.181850553609604E7 6.09538129289154E7 5961951.484208641 1.0279789289228974E8 2.891026776590676E8 2.093429435153135E7 3.993412827903083E7 7.57603539396875E7 9053274.308090094 
2.336260412449533E8 1.068696158816204E7 2.699922547125061E7 1.1030850706407182E7 2.3648378016832036E8 6.146725798295521E7 2.6908075907130754E8 2.4919206600512144E8 8.650593803482522E7 2.1534854099719805E8 2.0183558874408994E7 1.3637248507745302E8 4.020341956407502E8 1.0201246273457393E7 3.075262917827419E8 1.3119245601078242E7 8.181850553609604E7 6.09538129289154E7 5961951.484181274 1.0279789289228974E8 2.891026776590676E8 2.093429435153135E7 3.993412827903083E7 7.57603539396875E7 9053274.308090094 
2.336260412449533E8 1.068696158816204E7 2.699922547125061E7 1.1030850706407182E7 2.3648378016832036E8 6.146725798295521E7 2.6908075907130754E8 2.4919206600512144E8 8.65059380334155E7 2.1534854099676198E8 2.0183558874408994E7 1.3637248507745302E8 4.020341956407502E8 1.0201246273457393E7 3.0752629178200203E8 1.3119245601078242E7 8.181850553609604E7 6.09538129289154E7 5961951.48417116 1.0279789289228974E8 2.891026776590676E8 2.093429435153135E7 3.993412827903083E7 7.57603539396875E7 9053274.308090094 
2.336260412449533E8 1.068696158816204E7 2.699922547125061E7 1.1030850706407182E7 2.3648378016832036E8 6.146725798295521E7 2.6908075907130754E8 2.4919206600512144E8 8.65059380334155E7 2.1534854099665463E8 2.0183558874408994E7 1.3637248507745302E8 4.020341956407502E8 1.0201246273457393E7 3.0752629178200203E8 1.3119245601078242E7 8.181850553609604E7 6.09538129289154E7 5961951.484166846 1.0279789289228974E8 2.891026776590676E8 2.093429435153135E7 3.993412827903083E7 7.57603539396875E7 9053274.308090094 
2.336260412449533E8 1.068696158816204E7 2.699922547125061E7 1.1030850706407182E7 2.3648378016832036E8 6.146725798295521E7 2.6908075907130754E8 2.4919206600512144E8 8.650593803140019E7 2.1534854099665463E8 2.0183558874408994E7 1.3637248507745302E8 4.020341956407502E8 1.0201246273457393E7 3.0752629178200203E8 1.3119245601072423E7 8.181850553609604E7 6.09538129289154E7 5961951.484166846 1.0279789289228974E8 2.891026776590676E8 2.093429435153135E7 3.993412827903083E7 7.57603539396875E7 9053274.308090094 
2.336260412449533E8 1.068696158816204E7 2.699922547125061E7 1.1030850706407182E7 2.3648378016832036E8 6.146725798295521E7 2.6908075907130754E8 2.4919206600512144E8 8.650593802965523E7 2.1534854099665463E8 2.0183558874408994E7 1.3637248507745302E8 4.020341956407502E8 1.0201246273457393E7 3.0752629178200203E8 1.3119245601072423E7 8.181850553609604E7 6.09538129289154E7 5961951.484160275 1.0279789289228974E8 2.891026776590676E8 2.093429435153135E7 3.993412827903083E7 7.57603539396875E7 9053274.308090094 
2.336260412449533E8 1.068696158816204E7 2.699922547125061E7 1.1030850706407182E7 2.3648378016832036E8 6.146725798295521E7 2.690807590713074E8 2.4919206600512144E8 8.650593802965523E7 2.1534854099621457E8 2.0183558874408994E7 1.3637248507745302E8 4.020341956407502E8 1.0201246273457393E7 3.0752629178200203E8 1.3119245601067187E7 8.181850553609604E7 6.09538129289154E7 5961951.484154157 1.0279789289228974E8 2.891026776590676E8 2.093429435153135E7 3.993412827903083E7 7.57603539396875E7 9053274.308090094 
2.336260412449533E8 1.068696158816204E7 2.699922547125061E7 1.1030850706407182E7 2.3648378016832036E8 6.146725798295521E7 2.690807590713074E8 2.4919206600512144E8 8.650593802948017E7 2.1534854099612436E8 2.0183558874408994E7 1.3637248507745302E8 4.020341956407502E8 1.0201246273457393E7 3.0752629178200203E8 1.3119245601062734E7 8.181850553609604E7 6.09538129289154E7 5961951.484154157 1.0279789289228974E8 2.891026776590676E8 2.093429435153135E7 3.993412827903083E7 7.57603539396875E7 9053274.308090094 
2.336260412449533E8 1.068696158816204E7 2.699922547125061E7 1.1030850706407182E7 2.3648378016832036E8 6.146725798295521E7 2.690807590713074E8 2.4919206600512144E8 8.650593802916004E7 2.1534854099610734E8 2.0183558874408994E7 1.3637248507745302E8 4.020341956407502E8 1.0201246273457393E7 3.0752629178190595E8 1.3119245601062734E7 8.181850553609604E7 6.09538129289154E7 5961951.484152628 1.0279789289228974E8 2.891026776590676E8 2.093429435153135E7 3.993412827903083E7 7.57603539396875E7 9053274.308090094 
2.336260412449533E8 1.068696158816204E7 2.699922547125061E7 1.1030850706407182E7 2.3648378016832036E8 6.146725798295521E7 2.6908075907130736E8 2.4919206600512144E8 8.650593802872387E7 2.1534854099608973E8 2.0183558874408994E7 1.3637248507745302E8 4.020341956407502E8 1.0201246273457393E7 3.0752629178190595E8 1.3119245601062734E7 8.181850553609604E7 6.09538129289154E7 5961951.484151209 1.0279789289228974E8 2.891026776590676E8 2.093429435153135E7 3.993412827903083E7 7.57603539396875E7 9053274.308090094 
2.336260412449533E8 1.068696158816204E7 2.699922547125061E7 1.1030850706407182E7 2.3648378016832036E8 6.146725798295521E7 2.690807590713073E8 2.4919206600512144E8 8.650593802872387E7 2.1534854099608973E8 2.0183558874408994E7 1.3637248507745302E8 4.020341956407502E8 1.0201246273457393E7 3.0752629178190595E8 1.3119245601062734E7 8.181850553609604E7 6.09538129289154E7 5961951.484151209 1.0279789289228974E8 2.891026776590676E8 2.093429435153135E7 3.993412827903083E7 7.57603539396875E7 9053274.308090094 
2.336260412449533E8 1.068696158816204E7 2.699922547125061E7 1.1030850706407182E7 2.3648378016832036E8 6.146725798295521E7 2.690807590713073E8 2.4919206600512144E8 8.650593802872387E7 2.1534854099597225E8 2.0183558874408994E7 1.3637248507745302E8 4.020341956407502E8 1.0201246273457393E7 3.0752629178190595E8 1.3119245601062734E7 8.181850553609604E7 6.09538129289154E7 5961951.484151209 1.0279789289228974E8 2.891026776590676E8 2.093429435153135E7 3.993412827903083E7 7.57603539396875E7 9053274.308090094 
2.336260412449533E8 1.068696158816204E7 2.699922547125061E7 1.1030850706407182E7 2.3648378016832036E8 6.146725798295521E7 2.690807590713073E8 2.4919206600512144E8 8.650593802871388E7 2.1534854099589148E8 2.0183558874408994E7 1.3637248507745302E8 4.020341956407502E8 1.0201246273457393E7 3.0752629178190595E8 1.3119245601062734E7 8.181850553609604E7 6.09538129289154E7 5961951.484151209 1.0279789289228974E8 2.891026776590676E8 2.093429435153135E7 3.993412827903083E7 7.57603539396875E7 9053274.308090094 
2.336260412449533E8 1.068696158816204E7 2.699922547125061E7 1.1030850706407182E7 2.3648378016832036E8 6.146725798295521E7 2.690807590713073E8 2.4919206600512144E8 8.65059380286825E7 2.1534854099582732E8 2.0183558874408994E7 1.3637248507745302E8 4.020341956407502E8 1.0201246273457393E7 3.075262917817844E8 1.3119245601062734E7 8.181850553609604E7 6.09538129289154E7 5961951.484151209 1.0279789289228974E8 2.891026776590676E8 2.093429435153135E7 3.993412827903083E7 7.57603539396875E7 9053274.308090094 
2.336260412449533E8 1.068696158816204E7 2.699922547125061E7 1.1030850706407182E7 2.3648378016832036E8 6.146725798295521E7 2.690807590713073E8 2.4919206600512144E8 8.65059380286825E7 2.1534854099575993E8 2.0183558874408994E7 1.3637248507745302E8 4.020341956407502E8 1.0201246273457393E7 3.075262917817844E8 1.3119245601062734E7 8.181850553609604E7 6.09538129289154E7 5961951.484151209 1.0279789289228974E8 2.891026776590676E8 2.093429435153135E7 3.993412827903083E7 7.57603539396875E7 9053274.308090094 
2.336260412449533E8 1.068696158816204E7 2.699922547125061E7 1.1030850706407182E7 2.3648378016832036E8 6.146725798295521E7 2.690807590713073E8 2.4919206600512144E8 8.650593802865618E7 2.1534854099575993E8 2.0183558874408994E7 1.3637248507745302E8 4.020341956407502E8 1.0201246273457393E7 3.075262917817844E8 1.3119245601062734E7 8.181850553609604E7 6.09538129289154E7 5961951.484151083 1.0279789289228974E8 2.891026776590676E8 2.093429435153135E7 3.993412827903083E7 7.57603539396875E7 9053274.308090094 
2.336260412449533E8 1.068696158816204E7 2.187089476350485E7 1.1030850706407182E7 2.3648378016832036E8 6.146725798295521E7 2.690807590713073E8 2.4919206600512144E8 8.650593802865618E7 2.1534854099573433E8 2.0183558874408994E7 1.3637248507745302E8 4.020341956407502E8 1.0201246273457393E7 3.075262917817844E8 1.3119245601062734E7 8.181850553609604E7 6.09538129289154E7 5961951.4841508055 1.0279789289228974E8 2.891026776590676E8 2.093429435153135E7 3.993412827903083E7 7.57603539396875E7 9053274.308090094 
2.336260412449533E8 1.068696158816204E7 1.4679938054530883E7 1.1030850706407182E7 2.3648378016832036E8 6.146725798295521E7 2.690807590713073E8 2.4919206600512144E8 8.65059380285924E7 2.153485409957182E8 2.0183558874408994E7 1.3637248507745302E8 4.020341956407502E8 1.0201246273457393E7 3.0752629178178406E8 1.3119245601062734E7 8.181850553609604E7 6.09538129289154E7 5961951.4841508055 1.0279789289228974E8 2.891026776590676E8 1.4764889283347303E7 3.993412827903083E7 7.57603539396875E7 9053274.308090094 
2.336260412449533E8 1.068696158816204E7 1.4612541213182112E7 1.1030850706407182E7 2.3648378016832036E8 6.146725798295521E7 2.690807590713073E8 2.4919206600512144E8 8.650593802855153E7 2.153485409955355E8 2.0183558874408994E7 1.3637248507745302E8 4.020341956407502E8 1.0201246273457393E7 3.075262917815891E8 1.3119245601062723E7 8.181850553609604E7 6.09538129289154E7 5961951.484150666 1.0279789289228974E8 2.891026776590676E8 1.392585220340566E7 3.993412827903083E7 7.57603539396875E7 9053274.308090094 
2.336260412449533E8 1.068696158816204E7 1.460419624420516E7 1.1030850706407182E7 2.3648378016832036E8 6.146725798295521E7 2.690807590713073E8 2.4919206600512144E8 8.65059380285243E7 2.153485409955294E8 2.0183558874408994E7 1.3637248507745302E8 4.020341956407502E8 1.0201246273457393E7 3.07526291781341E8 1.3119245601062723E7 8.181850553609604E7 6.09538129289154E7 5961951.484149435 1.0279789289228974E8 2.891026776590676E8 1.3917219481663689E7 3.993412827903083E7 7.57603539396875E7 9053274.308090094 
2.336260412449533E8 1.068696158816204E7 1.4603826002961576E7 1.1030850706407182E7 2.3648378016832036E8 6.146725798295521E7 2.690807590713073E8 2.4919206600512144E8 8.650593802837996E7 2.153485409955294E8 2.0183558874408994E7 1.3637248507745302E8 4.020341956407502E8 1.0201246273457393E7 3.075262917813071E8 1.3119245601062723E7 8.181850553609604E7 6.09538129289154E7 5961951.484149435 1.0279789289228974E8 2.891026776590676E8 1.3898557558923317E7 3.993412827903083E7 7.57603539396875E7 9053274.308090094 
2.336260412449533E8 1.068696158816204E7 1.4603586110714523E7 1.1030850706407182E7 2.3648378016832036E8 6.146725798295521E7 2.690807590713073E8 2.4919206600512144E8 8.650593802836992E7 2.1534854099547833E8 2.0183558874408994E7 1.3637248507745302E8 4.020341956407502E8 1.0201246273457393E7 3.075262917812615E8 1.3119245601062723E7 8.181850553609604E7 6.09538129289154E7 5961951.484149435 1.0279789289228974E8 2.891026776590676E8 1.3888968132116342E7 3.993412827903083E7 7.57603539396875E7 9053274.308090094 
2.336260412449533E8 1.068696158816204E7 1.4603525080467993E7 1.1030850706407182E7 2.3648378016832036E8 6.146725798295521E7 2.690807590713073E8 2.4919206600512144E8 8.650593802836992E7 2.1534854099547833E8 2.0183558874408994E7 1.3637248507745302E8 4.020341956407502E8 1.0201246273457393E7 3.0752629178122425E8 1.3119245601062704E7 8.181850553609604E7 6.09538129289154E7 5961951.484149435 1.0279789289228974E8 2.891026776590676E8 1.3888968132116342E7 3.993412827903083E7 7.57603539396875E7 9053274.308090094 
2.336260412449533E8 1.068696158816204E7 1.4603474820870942E7 1.1030850706407182E7 2.3648378016832036E8 6.146725798295521E7 2.690807590713073E8 2.4919206600512144E8 8.65059380282849E7 2.1534854099547833E8 2.0183558874408994E7 1.3637248507745302E8 4.020341956407502E8 1.0201246273457393E7 3.0752629178122425E8 1.3119245601062704E7 8.181850553609604E7 6.09538129289154E7 5961951.484149435 1.0279789289228974E8 2.891026776590676E8 1.3888652670949513E7 3.993412827903083E7 7.57603539396875E7 9053274.308090094 
2.336260412449533E8 1.068696158816204E7 1.4603451653438747E7 1.1030850706407182E7 2.3648378016832036E8 6.146725798295521E7 2.690807590713073E8 2.4919206600512144E8 8.650593802828467E7 2.153485409954184E8 2.0183558874408994E7 1.3637248507745302E8 4.020341956407502E8 1.0201246273457393E7 3.0752629178122425E8 1.3119245601062704E7 8.181850553609604E7 6.09538129289154E7 5961951.48414942 1.0279789289228974E8 2.891026776590676E8 1.388824393644209E7 3.993412827903083E7 7.57603539396875E7 9053274.308090094 
2.336260412449533E8 1.068696158816204E7 1.4603444447715916E7 1.1030850706407182E7 2.3648378016832036E8 6.146725798295521E7 2.690807590713073E8 2.4919206600512144E8 8.650593802828467E7 2.1534854099538046E8 2.0183558874408994E7 1.3637248507745302E8 4.020341956407502E8 1.0201246273457393E7 3.0752629178122425E8 1.3119245601062704E7 8.181850553609604E7 6.09538129289154E7 5961951.48414942 1.0279789289228974E8 2.891026776590676E8 1.3887952534521079E7 3.993412827903083E7 7.57603539396875E7 9053274.308090094 
2.336260412449533E8 1.068696158816204E7 1.460344339661667E7 1.1030850706407182E7 2.3648378016832036E8 6.146725798295521E7 2.690807590713073E8 2.4919206600512144E8 8.650593802820478E7 2.153485409952712E8 2.0183558874408994E7 1.3637248507745302E8 4.020341956407502E8 1.0201246273457393E7 3.075262917812178E8 1.3119245601062704E7 8.181850553609604E7 6.09538129289154E7 5961951.48414942 1.0279789289228974E8 2.891026776590676E8 1.3887952534521079E7 3.993412827903083E7 7.57603539396875E7 9053274.308090094 
2.336260412449533E8 1.068696158816204E7 1.4603437571275758E7 1.1030850706407182E7 2.3648378016832036E8 6.146725798295521E7 2.690807590713073E8 2.4919206600512144E8 8.650593802820478E7 2.1534854099524277E8 2.0183558874408994E7 1.3637248507745302E8 4.020341956407502E8 1.0201246273457393E7 3.0752629178118646E8 1.3119245601062704E7 8.181850553609604E7 6.09538129289154E7 5961951.48414942 1.0279789289228974E8 2.891026776590676E8 1.3887882951189425E7 3.993412827903083E7 7.57603539396875E7 9053274.308090094 
2.336260412449533E8 1.068696158816204E7 1.4603437527453333E7 1.1030850706407182E7 2.3648378016832036E8 6.146725798295521E7 2.690807590713073E8 2.4919206600512144E8 8.650593802818105E7 2.1534854099519512E8 2.0183558874408994E7 1.3637248507745302E8 3.631922271077398E8 1.0201246273457393E7 3.0752629178117734E8 1.3119245601062696E7 8.181850553609604E7 6.09538129289154E7 5961951.48414942 1.0279789289228974E8 2.891026776590676E8 1.3887864153603869E7 3.993412827903083E7 7.57603539396875E7 9053274.308090094 
2.336260412449533E8 1.068696158816204E7 1.4603435551535795E7 1.1030850706407182E7 2.3648378016832036E8 6.146725798295521E7 2.690807590713073E8 2.4919206600512144E8 8.650593802818105E7 2.1534854099519512E8 2.0183558874408994E7 1.3637248507745302E8 3.522134006611875E8 1.0201246273457393E7 3.075262917811716E8 1.3119245601062696E7 8.181850553609604E7 6.09538129289154E7 5961951.48414942 1.0279789289228974E8 2.891026776590676E8 1.3887733648442708E7 3.993412827903083E7 7.57603539396875E7 9053274.308090094 
2.336260412449533E8 1.068696158816204E7 1.4603434866391735E7 1.1030850706407182E7 2.3648378016832036E8 6.146725798295521E7 2.690807590713073E8 2.4919206600512144E8 8.650593802818105E7 2.153485409951791E8 2.0183558874408994E7 1.3637248507745302E8 3.500694260077852E8 1.0201246273457393E7 3.0752629178115827E8 1.3119245601062696E7 8.181850553609604E7 6.09538129289154E7 5961951.484148694 1.0279789289228974E8 2.891026776590676E8 1.3887728402996555E7 3.993412827903083E7 7.57603539396875E7 9053274.308090094 
2.336260412449533E8 1.068696158816204E7 1.4603434800331961E7 1.1030850706407182E7 2.3648378016832036E8 6.146725798295521E7 2.690807590713073E8 2.4919206600512144E8 8.650593802818105E7 2.153485409951791E8 2.0183558874408994E7 1.3637248507745302E8 3.4931428797741485E8 1.0201246273457393E7 3.0752629178115827E8 1.3119245601062696E7 8.181850553609604E7 6.09538129289154E7 5961951.484148694 1.0279789289228974E8 2.891026776590676E8 1.3887577754773632E7 3.993412827903083E7 7.57603539396875E7 9053274.308090094 
2.336260412449533E8 1.068696158816204E7 1.4603434793099672E7 1.1030850706407182E7 2.3648378016832036E8 6.146725798295521E7 2.690807590713073E8 2.4919206600512144E8 8.650593802818105E7 2.1534854099517867E8 2.0183558874408994E7 1.3637248507745302E8 3.4913088395276934E8 1.0201246273457393E7 3.075262917811582E8 1.3119245601062696E7 8.181850553609604E7 6.09538129289154E7 5961951.484148694 1.0279789289228974E8 2.891026776590676E8 1.388757053938557E7 3.993412827903083E7 7.57603539396875E7 9053274.308090094 
2.336260412449533E8 1.068696158816204E7 1.460343477757078E7 1.1030850706407182E7 2.3648378016832036E8 6.146725798295521E7 2.690807590713073E8 2.4919206600512144E8 8.650593802818105E7 2.1534854099517867E8 2.0183558874408994E7 1.3637248507745302E8 3.490545517194563E8 1.0201246273457393E7 3.075262917811575E8 1.3119245601062696E7 8.181850553609604E7 6.09538129289154E7 5961951.484148694 1.0279789289228974E8 2.891026776590676E8 1.3887570158794902E7 3.993412827903083E7 7.57603539396875E7 9053274.308090094 
2.336260412449533E8 1.068696158816204E7 1.4603434774872562E7 1.1030850706407182E7 2.3648378016832036E8 6.146725798295521E7 2.690807590713073E8 2.4919206600512144E8 8.650593802816E7 2.1534854099517867E8 2.0183558874408994E7 1.3637248507745302E8 3.4902059424476945E8 1.0201246273457393E7 3.075262917811575E8 1.3119245601062696E7 8.181850553609604E7 6.09538129289154E7 5961951.484148694 1.0279789289228974E8 2.891026776590676E8 1.3887570158794902E7 3.993412827903083E7 7.57603539396875E7 9053274.308090094 
2.336260412449533E8 1.068696158816204E7 1.4603434774872562E7 1.1030850706407182E7 2.3648378016832036E8 6.146725798295521E7 2.690807590713073E8 2.4919206600512144E8 8.65059380281462E7 2.1534854099517813E8 2.0183558874408994E7 1.3637248507745302E8 3.489716340835533E8 1.0201246273457393E7 3.0752629178115714E8 1.3119245601062696E7 8.181850553609604E7 6.09538129289154E7 5961951.4841486765 1.0279789289228974E8 2.891026776590676E8 1.3887570094664121E7 3.993412827903083E7 7.57603539396875E7 9053274.308090094 
2.336260412449533E8 1.068696158816204E7 1.4603434774602091E7 1.1030850706407182E7 2.3648378016832036E8 6.146725798295521E7 2.690807590713073E8 2.4919206600512144E8 8.650593802811965E7 2.1534854099517712E8 2.0183558874408994E7 1.3637248507745302E8 3.4896656481499827E8 1.0201246273457393E7 3.0752629178115714E8 1.3119245601062696E7 8.181850553609604E7 6.09538129289154E7 5961951.4841486765 1.0279789289228974E8 2.891026776590676E8 1.3887570094664121E7 3.993412827903083E7 7.57603539396875E7 9053274.308090094 
2.336260412449533E8 1.068696158816204E7 1.4603434774120921E7 1.1030850706407182E7 2.3648378016832036E8 6.146725798295521E7 2.690807590713073E8 2.4919206600512144E8 8.650593802810676E7 2.1534854099517712E8 2.0183558874408994E7 1.3637248507745302E8 3.489631033986711E8 1.0201246273457393E7 3.0752629178112155E8 1.3119245601062696E7 8.181850553609604E7 6.09538129289154E7 5961951.4841486765 1.0279789289228974E8 2.891026776590676E8 1.3887570081989072E7 3.993412827903083E7 7.57603539396875E7 9053274.308090094 
2.336260412449533E8 1.068696158816204E7 1.4603434774120921E7 1.1030850706407182E7 2.3648378016832036E8 6.146725798295521E7 2.690807590713073E8 2.4919206600512144E8 8.650593802810676E7 2.1534854099486417E8 2.0183558874408994E7 1.3637248507745302E8 3.489630609857505E8 1.0201246273457393E7 3.0752629178112155E8 1.3119245601062696E7 8.181850553609604E7 6.09538129289154E7 5961951.4841486765 1.0279789289228974E8 2.891026776590676E8 1.3887570064646691E7 3.993412827903083E7 7.57603539396875E7 9053274.308090094 
2.336260412449533E8 1.068696158816204E7 1.460343477355901E7 1.1030850706407182E7 2.3648378016832036E8 6.146725798295521E7 2.690807590713073E8 2.4919206600512144E8 8.650593802793276E7 2.1534854099485096E8 2.0183558874408994E7 1.3637248507745302E8 3.4896268033937216E8 1.0201246273457393E7 3.0752629178112155E8 1.3119245601062696E7 8.181850553609604E7 6.09538129289154E7 5961951.4841486765 1.0279789289228974E8 2.891026776590676E8 1.3887570064026121E7 3.993412827903083E7 7.57603539396875E7 9053274.308090094 
2.336260412449533E8 1.068696158816204E7 1.4603434769119633E7 1.1030850706407182E7 2.3648378016832036E8 6.146725798295521E7 2.690807590713073E8 2.4919206600512144E8 8.650593802793276E7 2.1534854099485096E8 2.0183558874408994E7 1.3637248507745302E8 3.4896194987919813E8 1.0201246273457393E7 3.0752629178112155E8 1.3119245601062696E7 8.181850553609604E7 6.09538129289154E7 5961951.4841486765 1.0279789289228974E8 2.891026776590676E8 1.3887570064026121E7 3.993412827903083E7 7.57603539396875E7 9053274.308090094 
2.336260412449533E8 1.068696158816204E7 1.4603434768638954E7 1.1030850706407182E7 2.3648378016832036E8 6.146725798295521E7 2.690807590713073E8 2.4919206600512144E8 8.65059380279098E7 2.153485409948466E8 2.0183558874408994E7 1.3637248507745302E8 3.4896163830985135E8 1.0201246273457393E7 3.0752629178112155E8 1.3119245601062696E7 8.181850553609604E7 6.09538129289154E7 5961951.4841486765 1.0279789289228974E8 2.891026776590676E8 1.3887570044064194E7 3.993412827903083E7 7.57603539396875E7 9053274.308090094 
2.336260412449533E8 1.068696158816204E7 1.4603434768167103E7 1.1030850706407182E7 2.3648378016832036E8 6.146725798295521E7 2.690807590713073E8 2.4919206600512144E8 8.650593802790846E7 2.153485409948466E8 2.0183558874408994E7 1.3637248507745302E8 3.4896128909031147E8 1.0201246273457393E7 3.0752629178112155E8 1.3119245601062696E7 8.181850553609604E7 6.09538129289154E7 5961951.4841486765 1.0279789289228974E8 2.891026776590676E8 1.3887570044064194E7 3.993412827903083E7 7.57603539396875E7 9053274.308090094 
2.336260412449533E8 1.068696158816204E7 1.4603434768167103E7 1.1030850706407182E7 2.3648378016832036E8 6.146725798295521E7 2.690807590713073E8 2.4919206600512144E8 8.650593802790846E7 2.153485409948466E8 2.0183558874408994E7 1.3637248507745302E8 3.489612530769387E8 1.0201246273457393E7 3.0752629178111833E8 1.3119245601062696E7 8.181850553609604E7 6.09538129289154E7 5961951.4841486765 1.0279789289228974E8 2.891026776590676E8 1.3887570041295933E7 3.993412827903083E7 7.57603539396875E7 9053274.308090094 
2.336260412449533E8 1.068696158816204E7 1.4603434768167103E7 1.1030850706407182E7 2.3648378016832036E8 6.146725798295521E7 2.690807590713073E8 2.4919206600512144E8 8.650593802790846E7 2.153485409948466E8 2.0183558874408994E7 1.3637248507745302E8 3.489612477993941E8 1.0201246273457393E7 3.075262917811183E8 1.3119245601062696E7 8.181850553609604E7 6.09538129289154E7 5961951.4841486765 1.0279789289228974E8 2.891026776590676E8 1.3887570041295933E7 3.993412827903083E7 4.647617501426951E7 9053274.308090094 
2.336260412449533E8 1.068696158816204E7 1.4603434768167103E7 1.1030850706407182E7 2.3648378016832036E8 6.146725798295521E7 2.690807590713073E8 2.4919206600512144E8 8.650593802790846E7 2.153485409948381E8 2.0183558874408994E7 1.3637248507745302E8 3.489612407869072E8 1.0201246273457393E7 3.075262917811183E8 1.3119245601062696E7 8.181850553609604E7 6.09538129289154E7 5961951.4841486765 1.0279789289228974E8 2.891026776590676E8 1.3887570039164972E7 3.993412827903083E7 4.572373790318518E7 9053274.308090094 
2.336260412449533E8 1.068696158816204E7 1.4603434768137706E7 1.1030850706407182E7 2.3648378016832036E8 6.146725798295521E7 2.690807590713073E8 2.4919206600512144E8 8.650593802790461E7 2.1534854099483693E8 2.0183558874408994E7 1.3637248507745302E8 3.489612344323545E8 1.0201246273457393E7 3.075262917811182E8 1.3119245601062696E7 8.181850553609604E7 6.09538129289154E7 5961951.4841486765 1.0279789289228974E8 2.891026776590676E8 1.3887570038383633E7 3.993412827903083E7 4.5707392471144095E7 9053274.308090094 
2.336260412449533E8 1.068696158816204E7 1.4603434768137706E7 1.1030850706407182E7 2.3648378016832036E8 6.146725798295521E7 2.690807590713073E8 2.4919206600512144E8 8.650593802790461E7 2.1534854099483284E8 2.0183558874408994E7 1.3637248507745302E8 3.4896123422407275E8 1.0201246273457393E7 3.0752629178111804E8 1.3119245601062696E7 8.181850553609604E7 6.09538129289154E7 5961951.4841486765 1.0279789289228974E8 2.891026776590676E8 1.3887570038375048E7 3.993412827903083E7 4.569578331175342E7 9053274.308090094 
2.336260412449533E8 1.068696158816204E7 1.4603434768080328E7 1.1030850706407182E7 2.3648378016832036E8 6.146725798295521E7 2.690807590713073E8 2.4919206600512144E8 8.650593802790461E7 2.1534854099483284E8 2.0183558874408994E7 1.3637248507745302E8 3.4896123422407275E8 1.0201246273457393E7 3.0752629178111804E8 1.3119245601062696E7 8.181850553609604E7 6.09538129289154E7 5961951.4841486765 1.0279789289228974E8 2.891026776590676E8 1.388757003834688E7 3.993412827903083E7 4.5679353873319514E7 9053274.308090094 
2.336260412449533E8 1.068696158816204E7 1.4603434768080065E7 1.1030850706407182E7 2.3648378016832036E8 6.146725798295521E7 2.690807590713073E8 2.4919206600512144E8 8.650593802790377E7 2.1534854099483284E8 2.0183558874408994E7 1.3637248507745302E8 3.489612342191392E8 1.0201246273457393E7 3.0752629178111804E8 1.3119245601062696E7 8.181850553609604E7 6.09538129289154E7 5961951.4841486765 1.0279789289228974E8 2.891026776590676E8 1.3887570038328217E7 3.993412827903083E7 4.5670770012058936E7 9053274.308090094 
2.336260412449533E8 1.068696158816204E7 1.4603434768079275E7 1.1030850706407182E7 2.3648378016832036E8 6.146725798295521E7 2.690807590713073E8 2.4919206600512144E8 8.650593802790377E7 2.1534854099483284E8 2.0183558874408994E7 1.3637248507745302E8 3.4896122869053555E8 1.0201246273457393E7 2.768265543524986E8 1.3119245601062696E7 8.181850553609604E7 6.09538129289154E7 5961951.4841486765 1.0279789289228974E8 2.891026776590676E8 1.3887570038241718E7 3.993412827903083E7 4.5670770012058936E7 9053274.308090094 
2.336260412449533E8 1.068696158816204E7 1.4603434768079275E7 1.1030850706407182E7 2.3648378016832036E8 6.146725798295521E7 2.690807590713073E8 2.4919206600512144E8 8.650593802790253E7 2.1534854099483284E8 2.0183558874408994E7 1.3637248507745302E8 3.489612268462633E8 1.0201246273457393E7 2.7432701776472104E8 1.3119245601062696E7 8.181850553609604E7 6.09538129289154E7 5961951.4841486765 1.0279789289228974E8 2.891026776590676E8 1.38875700381454E7 3.993412827903083E7 4.5669974313388474E7 9053274.308090094 
2.336260412449533E8 1.068696158816204E7 1.4603434768079275E7 1.1030850706407182E7 2.3648378016832036E8 6.146725798295521E7 2.690807590713073E8 2.4919206600512144E8 8.650593802790217E7 2.153485409948325E8 2.0183558874408994E7 1.3637248507745302E8 3.489612268050517E8 1.0201246273457393E7 2.737368161596876E8 1.3119245601062696E7 8.181850553609604E7 6.09538129289154E7 5961951.4841486765 1.0279789289228974E8 2.891026776590676E8 1.38875700381454E7 3.993412827903083E7 4.56697184379728E7 9053274.308090094 
2.336260412449533E8 1.068696158816204E7 1.4603434768079275E7 1.1030850706407182E7 2.3648378016832036E8 6.146725798295521E7 2.690807590713073E8 2.4919206600512144E8 8.650593802790217E7 2.153485409948323E8 2.0183558874408994E7 1.3637248507745302E8 3.4896122680000687E8 1.0201246273457393E7 2.728499777505574E8 1.3119245601062696E7 8.181850553609604E7 6.09538129289154E7 5961951.4841486765 1.0279789289228974E8 2.891026776590676E8 1.3887570038120877E7 3.993412827903083E7 4.566944208203704E7 9053274.308090094 
2.336260412449533E8 1.068696158816204E7 1.4603434768075366E7 1.1030850706407182E7 2.3648378016832036E8 6.146725798295521E7 2.690807590713073E8 2.4919206600512144E8 8.650593802788986E7 2.153485409948321E8 2.0183558874408994E7 1.3637248507745302E8 3.489612267742337E8 1.0201246273457393E7 2.7281537582641345E8 1.3119245601062696E7 8.181850553609604E7 6.09538129289154E7 5961951.4841486765 1.0279789289228974E8 2.891026776590676E8 1.388757003808529E7 3.993412827903083E7 4.5668764042987876E7 9053274.308090094 
2.336260412449533E8 1.068696158816204E7 1.4603434768075366E7 1.1030850706407182E7 2.3648378016832036E8 6.146725798295521E7 2.690807590713073E8 2.4919206600512144E8 8.650593802788593E7 2.15348540994832E8 2.0183558874408994E7 1.3637248507745302E8 3.489612267742337E8 1.0201246273457393E7 2.727365848092744E8 1.3119245601062696E7 8.181850553609604E7 6.09538129289154E7 5961951.4841486765 1.0279789289228974E8 2.891026776590676E8 1.388757003808529E7 3.993412827903083E7 4.566811586693235E7 9053274.308090094 
2.336260412449533E8 1.068696158816204E7 1.4603434768072613E7 1.1030850706407182E7 2.3648378016832036E8 6.146725798295521E7 2.690807590713073E8 2.4919206600512144E8 8.650593802788593E7 2.15348540994832E8 2.0183558874408994E7 1.3637248507745302E8 3.489612267726655E8 1.0201246273457393E7 2.7271287641959995E8 1.3119245601062696E7 8.181850553609604E7 6.09538129289154E7 5961951.4841486765 1.0279789289228974E8 2.7070684897895956E8 1.388757003807124E7 3.993412827903083E7 4.566811586693235E7 9053274.308090094 
2.336260412449533E8 1.068696158816204E7 1.460343476806324E7 1.1030850706407182E7 2.3648378016832036E8 6.146725798295521E7 2.690807590713073E8 2.4919206600512144E8 8.650593802788593E7 2.15348540994832E8 2.0183558874408994E7 1.3637248507745302E8 3.4896122676932883E8 1.0201246273457393E7 2.7265794363705987E8 1.3119245601062696E7 8.181850553609604E7 6.09538129289154E7 5961951.4841486765 1.0279789289228974E8 2.687041768742045E8 1.388757003807124E7 3.993412827903083E7 4.566791857470149E7 9053274.308090094 
2.336260412449533E8 1.068696158816204E7 1.4603434768061332E7 1.1030850706407182E7 2.3648378016832036E8 6.146725798295521E7 2.690807590713073E8 2.4919206600512144E8 8.650593802788362E7 2.15348540994832E8 2.0183558874408994E7 1.3637248507745302E8 3.489612267681269E8 1.0201246273457393E7 2.726248800118028E8 1.3119245601062696E7 8.181850553609604E7 6.09538129289154E7 5961951.4841486765 1.0279789289228974E8 2.6767689652254063E8 1.388757003807124E7 3.993412827903083E7 4.566784716516606E7 9053274.308090094 
2.336260412449533E8 1.068696158816204E7 1.460343476805776E7 1.1030850706407182E7 2.3648378016832036E8 6.146725798295521E7 2.690807590713073E8 2.4919206600512144E8 8.650593802788292E7 2.15348540994832E8 2.0183558874408994E7 1.3637248507745302E8 3.489612267652145E8 1.0201246273457393E7 2.726102628874714E8 1.3119245601062696E7 8.181850553609604E7 6.09538129289154E7 5961951.4841486765 1.0279789289228974E8 2.673941733357945E8 1.388757003802679E7 3.993412827903083E7 4.566784649470435E7 9053274.308090094 
2.336260412449533E8 1.068696158816204E7 1.4603434768054754E7 1.1030850706407182E7 2.3648378016832036E8 6.146725798295521E7 2.690807590713073E8 2.4919206600512144E8 8.6505938027882E7 2.1534854099483195E8 2.0183558874408994E7 1.3637248507745302E8 3.4896122676366633E8 1.0201246273457393E7 2.726102628874714E8 1.3119245601062696E7 8.181850553609604E7 6.09538129289154E7 5961951.4841486765 1.0279789289228974E8 2.673442015143879E8 1.3887570038017627E7 3.993412827903083E7 4.5667719665692024E7 9053274.308090094 
2.336260412449533E8 1.068696158816204E7 1.4603434768048344E7 1.1030850706407182E7 2.3648378016832036E8 6.146725798295521E7 2.690807590713073E8 2.4919206600512144E8 8.6505938027882E7 2.1534854099483195E8 2.0183558874408994E7 1.3637248507745302E8 3.4896122676238817E8 1.0201246273457393E7 2.7260983023591095E8 1.3119245601062696E7 8.181850553609604E7 6.09538129289154E7 5961951.4841486765 1.0279789289228974E8 2.6734409937655094E8 1.3887570038011018E7 3.993412827903083E7 4.5667719665692024E7 9053274.308090094 
2.336260412449533E8 1.068696158816204E7 1.4603434768048344E7 1.1030850706407182E7 2.3648378016832036E8 6.146725798295521E7 2.690807590713073E8 2.4919206600512144E8 8.650593802788168E7 2.1534854099483195E8 2.0183558874408994E7 1.3637248507745302E8 3.4896122676238817E8 1.0201246273457393E7 2.7260896649362767E8 1.3119245601062696E7 8.181850553609604E7 6.09538129289154E7 5961951.4841486765 1.0279789289228974E8 2.6734341114860567E8 1.3887570038011018E7 3.993412827903083E7 4.566771941972229E7 9053274.308090094 
2.336260412449533E8 1.068696158816204E7 1.4603434768046366E7 1.1030850706407182E7 2.3648378016832036E8 6.146725798295521E7 2.690807590713073E8 2.4919206600512144E8 8.650593802788168E7 2.1534854099483195E8 2.0183558874408994E7 1.3637248507745302E8 3.4896122676238817E8 1.0201246273457393E7 2.726082323192975E8 1.3119245601062696E7 8.181850553609604E7 6.09538129289154E7 5961951.4841486765 1.0279789289228974E8 2.6734106894016582E8 1.388757003796921E7 3.993412827903083E7 4.566771938726819E7 9053274.308090094 
2.336260412449533E8 1.068696158816204E7 1.4603434768046163E7 1.1030850706407182E7 2.3648378016832036E8 6.146725798295521E7 2.690807590713073E8 2.4919206600512144E8 8.650593802788168E7 2.1534854099483195E8 2.0183558874408994E7 1.3637248507745302E8 3.4896122676238817E8 1.0201246273457393E7 2.7260820136473477E8 1.3119245601062696E7 8.181850553609604E7 6.09538129289154E7 5961951.4841486765 1.0279789289228974E8 2.6734009267290926E8 1.3887570037963752E7 3.993412827903083E7 4.5667719383575894E7 9053274.308090094 
2.336260412449533E8 1.068696158816204E7 1.4603434768044041E7 1.1030850706407182E7 2.3648378016832036E8 6.146725798295521E7 2.690807590713073E8 2.4919206600512144E8 8.650593802788168E7 2.1534854099483195E8 2.0183558874408994E7 1.3637248507745302E8 3.4896122676234305E8 1.0201246273457393E7 2.72608196978375E8 1.3119245601062696E7 8.181850553609604E7 6.09538129289154E7 5961951.4841486765 1.0279789289228974E8 2.6733933220629627E8 1.3887570037951075E7 3.993412827903083E7 4.5667719383575894E7 9053274.308090094 
2.336260412449533E8 1.068696158816204E7 1.4603434768044041E7 1.1030850706407182E7 2.3648378016832036E8 6.146725798295521E7 2.690807590713073E8 2.4919206600512144E8 8.650593802788168E7 2.1534854099483195E8 2.0183558874408994E7 1.3637248507745302E8 3.4896122676234305E8 1.0201246273457393E7 2.7260819464459455E8 1.3119245601062696E7 8.181850553609604E7 6.09538129289154E7 5961951.4841486765 1.0279789289228974E8 2.6733889631593776E8 1.3887570037951075E7 3.993412827903083E7 4.5667719158931926E7 9053274.308090094 
2.336260412449533E8 1.068696158816204E7 1.4603434768044041E7 1.1030850706407182E7 2.3648378016832036E8 6.146725798295521E7 2.690807590713073E8 2.4919206600512144E8 8.650593802788165E7 2.1534854099483195E8 2.0183558874408994E7 1.3637248507745302E8 3.4896122676227957E8 1.0201246273457393E7 2.7260819464459455E8 1.3119245601062696E7 8.181850553609604E7 6.09538129289154E7 5961951.4841486765 1.0279789289228974E8 2.6733889631593776E8 1.3887570037936622E7 3.993412827903083E7 4.5667719158931926E7 9053274.308090094 
2.336260412449533E8 1.068696158816204E7 1.4603434768044041E7 1.1030850706407182E7 2.3648378016832036E8 6.146725798295521E7 2.690807590713073E8 2.4919206600512144E8 8.650593802788165E7 2.1534854099483195E8 2.0183558874408994E7 1.3637248507745302E8 3.4896122676202446E8 1.0201246273457393E7 2.7260819205793524E8 1.3119245601062696E7 8.181850553609604E7 6.09538129289154E7 5961951.4841486765 1.0279789289228974E8 2.6733852517392033E8 1.3887570037936622E7 3.993412827903083E7 4.566771915874874E7 9053274.308090094 
2.336260412449533E8 1.068696158816204E7 1.4603434768044041E7 1.1030850706407182E7 2.3648378016832036E8 6.146725798295521E7 2.690807590713073E8 2.4919206600512144E8 8.650593802788165E7 2.1534854099483195E8 2.0183558874408994E7 1.3637248507745302E8 3.489612267619811E8 1.0201246273457393E7 2.7260819178522414E8 1.3119245601062696E7 8.181850553609604E7 6.09538129289154E7 5961951.4841486765 1.0279789289228974E8 2.6733815468466863E8 1.3887570037936622E7 3.993412827903083E7 4.5667719154419556E7 9053274.308090094 
2.336260412449533E8 1.068696158816204E7 1.4603434768044041E7 1.1030850706407182E7 2.3648378016832036E8 6.146725798295521E7 2.690807590713073E8 2.4919206600512144E8 8.650593802788164E7 2.1534854099483195E8 2.0183558874408994E7 1.3637248507745302E8 3.489612267619639E8 1.0201246273457393E7 2.7260819152870387E8 1.3119245601062696E7 8.181850553609604E7 6.09538129289154E7 5961951.4841486765 1.0279789289228974E8 2.6733798974706897E8 1.3887570037936622E7 3.993412827903083E7 4.5667719154419556E7 9053274.308090094 
2.336260412449533E8 1.068696158816204E7 1.4603434768043222E7 1.1030850706407182E7 2.3648378016832036E8 6.146725798295521E7 2.690807590713073E8 2.4919206600512144E8 8.650593802788162E7 2.1534854099483195E8 2.0183558874408994E7 1.3637248507745302E8 3.489612267619606E8 1.0201246273457393E7 2.726081905210484E8 1.3119245601062696E7 8.181850553609604E7 6.09538129289154E7 5961951.4841486765 1.0279789289228974E8 2.6733790473856905E8 1.3887570037936622E7 3.993412827903083E7 4.566771915191691E7 9053274.308090094 
2.336260412449533E8 1.068696158816204E7 1.4603434768043129E7 1.1030850706407182E7 2.3648378016832036E8 6.146725798295521E7 2.690807590713073E8 2.4919206600512144E8 8.650593802788162E7 2.1534854099483192E8 2.0183558874408994E7 1.3637248507745302E8 3.489612267616898E8 1.0201246273457393E7 2.726081905210484E8 1.3119245601062696E7 8.181850553609604E7 6.09538129289154E7 5961951.4841486765 1.0279789289228974E8 2.67337808849972E8 1.3887570037936622E7 3.993412827903083E7 4.566771915183628E7 9053274.308090094 
2.336260412449533E8 1.068696158816204E7 1.4603434768043129E7 1.1030850706407182E7 2.3648378016832036E8 6.146725798295521E7 2.690807590713073E8 2.4919206600512144E8 8.650593802788162E7 2.1534854099483192E8 2.0183558874408994E7 1.3637248507745302E8 3.489612267616898E8 1.0201246273457393E7 2.7260819050973E8 1.3119245601062696E7 8.181850553609604E7 6.09538129289154E7 5961951.4841486765 1.0279789289228974E8 2.6733777880358815E8 1.3887570037936622E7 3.993412827903083E7 4.5667719149104126E7 9053274.308090094 
2.336260412449533E8 1.068696158816204E7 1.4603434768043054E7 1.1030850706407182E7 2.3648378016832036E8 6.146725798295521E7 2.690807590713073E8 2.4919206600512144E8 8.650593802788162E7 2.1534854099483192E8 2.0183558874408994E7 1.3637248507745302E8 3.489612267616313E8 1.0201246273457393E7 2.726081905047853E8 1.3119245601062696E7 8.181850553609604E7 6.09538129289154E7 5961951.4841486765 1.0279789289228974E8 2.6733775390265363E8 1.3887570037936622E7 3.993412827903083E7 4.566771914711243E7 9053274.308090094 
2.336260412449533E8 1.068696158816204E7 1.4603434768043054E7 1.1030850706407182E7 2.3648378016832036E8 6.146725798295521E7 2.690807590713073E8 2.4919206600512144E8 8.650593802788162E7 2.1534854099483192E8 2.0183558874408994E7 1.3637248507745302E8 3.489612267616313E8 1.0201246273457393E7 2.726081904909067E8 1.3119245601062696E7 8.181850553609604E7 6.09538129289154E7 5961951.4841486765 1.0279789289228974E8 2.6733774944026992E8 1.3887570037936237E7 3.993412827903083E7 4.566771914696015E7 9053274.308090094 
2.336260412449533E8 1.068696158816204E7 1.4603434768043054E7 1.1030850706407182E7 2.3648378016832036E8 6.146725798295521E7 2.690807590713073E8 2.4919206600512144E8 8.650593802788162E7 2.1534854099483192E8 2.0183558874408994E7 1.3637248507745302E8 3.489612267616313E8 1.0201246273457393E7 2.7260819047832346E8 1.3119245601062696E7 8.181850553609604E7 6.09538129289154E7 5961951.4841486765 1.0279789289228974E8 2.673377405666662E8 1.3887570037936237E7 3.993412827903083E7 4.566771914682475E7 9053274.308090094 
2.336260412449533E8 1.068696158816204E7 1.4603434768043054E7 1.1030850706407182E7 2.3648378016832036E8 6.146725798295521E7 2.690807590713073E8 2.4919206600512144E8 8.650593802788162E7 2.153485409948319E8 2.0183558874408994E7 1.3637248507745302E8 3.489612267616313E8 1.0201246273457393E7 2.7260819047531986E8 1.3119245601062696E7 8.181850553609604E7 6.09538129289154E7 5961951.4841486765 1.0279789289228974E8 2.673377401574452E8 1.388757003793622E7 3.993412827903083E7 4.5667719146822065E7 9053274.308090094 
2.336260412449533E8 1.068696158816204E7 1.4603434768042969E7 1.1030850706407182E7 2.3648378016832036E8 6.146725798295521E7 2.690807590713073E8 2.4919206600512144E8 8.650593802788162E7 2.153485409948319E8 2.0183558874408994E7 1.3637248507745302E8 3.489612267616313E8 1.0201246273457393E7 2.7260819047531986E8 1.3119245601062696E7 8.181850553609604E7 6.09538129289154E7 5961951.4841486765 1.0279789289228974E8 2.673377400705863E8 1.388757003793622E7 3.993412827903083E7 4.5667719146822065E7 9053274.308090094 
2.336260412449533E8 1.068696158816204E7 1.460343476804294E7 1.1030850706407182E7 2.3648378016832036E8 6.146725798295521E7 2.690807590713073E8 2.4919206600512144E8 8.650593802788162E7 2.153485409948319E8 2.0183558874408994E7 1.3637248507745302E8 3.489612267616311E8 1.0201246273457393E7 2.7260819047353053E8 1.3119245601062696E7 8.181850553609604E7 6.09538129289154E7 5961951.4841486765 1.0279789289228974E8 2.6733774007039312E8 1.388757003793622E7 3.993412827903083E7 4.5667719144811146E7 9053274.308090094 
2.336260412449533E8 1.068696158816204E7 1.460343476804294E7 1.1030850706407182E7 2.3648378016832036E8 6.146725798295521E7 2.690807590713073E8 2.4919206600512144E8 8.650593802788162E7 2.153485409948319E8 2.0183558874408994E7 1.3637248507745302E8 3.489612267616084E8 1.0201246273457393E7 2.726081904729561E8 1.3119245601062696E7 8.181850553609604E7 6.09538129289154E7 5961951.4841486765 1.0279789289228974E8 2.673377400653427E8 1.388757003793621E7 3.993412827903083E7 4.5667719143480726E7 9053274.308090094 
2.336260412449533E8 1.068696158816204E7 1.460343476804294E7 1.1030850706407182E7 2.3648378016832036E8 6.146725798295521E7 2.690807590713073E8 2.4919206600512144E8 8.650593802788162E7 2.153485409948319E8 2.0183558874408994E7 1.3637248507745302E8 3.489612267616084E8 1.0201246273457393E7 2.7260819047121686E8 1.3119245601062696E7 8.181850553609604E7 6.09538129289154E7 5961951.4841486765 1.0279789289228974E8 2.673377400582772E8 1.388757003793621E7 3.993412827903083E7 4.5667719143480726E7 9053274.308090094 
2.336260412449533E8 1.068696158816204E7 1.4603434768042933E7 1.1030850706407182E7 2.3648378016832036E8 6.146725798295521E7 2.690807590713073E8 2.4919206600512144E8 8.650593802788162E7 2.153485409948319E8 2.0183558874408994E7 1.3637248507745302E8 3.489612267616084E8 1.0201246273457393E7 2.7260819046898544E8 1.3119245601062696E7 8.181850553609604E7 6.09538129289154E7 5961951.4841486765 1.0279789289228974E8 2.673377400429616E8 1.388757003793621E7 3.993412827903083E7 4.5667719143466264E7 9053274.308090094 
2.336260412449533E8 1.068696158816204E7 1.4603434768042933E7 1.1030850706407182E7 2.3648378016832036E8 6.146725798295521E7 2.690807590713073E8 2.4919206600512144E8 8.650593802788162E7 2.153485409948319E8 2.0183558874408994E7 1.3637248507745302E8 3.489612267615833E8 1.0201246273457393E7 2.7260819046898544E8 1.3119245601062696E7 8.181850553609604E7 6.09538129289154E7 5961951.4841486765 1.0279789289228974E8 2.673377400429616E8 1.388757003793621E7 3.993412827903083E7 4.5667719143466264E7 9053274.308090094 
2.336260412449533E8 1.068696158816204E7 1.4603434768042907E7 1.1030850706407182E7 2.3648378016832036E8 6.146725798295521E7 2.690807590713073E8 2.4919206600512144E8 8.650593802788162E7 2.153485409948319E8 2.0183558874408994E7 1.3637248507745302E8 3.489612267615833E8 1.0201246273457393E7 2.726081904660414E8 1.3119245601062696E7 8.181850553609604E7 6.09538129289154E7 5961951.4841486765 1.0279789289228974E8 2.6733774004156348E8 1.388757003793621E7 3.993412827903083E7 4.5667719143466264E7 9053274.308090094 
2.336260412449533E8 1.068696158816204E7 1.4603434768042907E7 1.1030850706407182E7 2.3648378016832036E8 6.146725798295521E7 2.690807590713073E8 2.4919206600512144E8 8.650593802788162E7 2.153485409948319E8 2.0183558874408994E7 1.3637248507745302E8 3.489612267615833E8 1.0201246273457393E7 2.726081904639259E8 1.3119245601062696E7 8.181850553609604E7 6.09538129289154E7 5961951.4841486765 1.0279789289228974E8 2.6733774003983885E8 1.3887570037936177E7 3.993412827903083E7 4.566771914342772E7 9053274.308090094 
2.336260412449533E8 1.068696158816204E7 1.46034347680429E7 1.1030850706407182E7 2.3648378016832036E8 6.146725798295521E7 2.690807590713073E8 2.4919206600512144E8 8.650593802788162E7 2.153485409948319E8 2.0183558874408994E7 1.3637248507745302E8 3.489612267615833E8 1.0201246273457393E7 2.726081904615122E8 1.3119245601062696E7 8.181850553609604E7 6.09538129289154E7 5961951.4841486765 1.0279789289228974E8 2.6733774003808293E8 1.388757003793616E7 3.993412827903083E7 4.566771914326358E7 9053274.308090094 
2.336260412449533E8 1.068696158816204E7 1.46034347680429E7 1.1030850706407182E7 2.3648378016832036E8 6.146725798295521E7 2.690807590713073E8 2.4919206600512144E8 8.650593802788162E7 2.153485409948319E8 2.0183558874408994E7 1.3637248507745302E8 3.489612267615833E8 1.0201246273457393E7 2.726081904615122E8 1.3119245601062696E7 8.181850553609604E7 6.09538129289154E7 5961951.4841486765 1.0279789289228974E8 2.673377400376422E8 1.3887570037936157E7 3.993412827903083E7 4.566771914326358E7 9053274.308090094 
2.336260412449533E8 1.068696158816204E7 1.4603434768042894E7 1.1030850706407182E7 2.3648378016832036E8 6.146725798295521E7 2.690807590713073E8 2.4919206600512144E8 8.650593802788162E7 2.153485409948319E8 2.0183558874408994E7 1.3637248507745302E8 3.489612267615789E8 1.0201246273457393E7 2.726081904615122E8 1.3119245601062696E7 8.181850553609604E7 6.09538129289154E7 5961951.4841486765 1.0279789289228974E8 2.673377400376422E8 1.3887570037936153E7 3.993412827903083E7 4.566771914326358E7 9053274.308090094 
2.336260412449533E8 1.068696158816204E7 1.4603434768042875E7 1.1030850706407182E7 2.3648378016832036E8 6.146725798295521E7 2.690807590713073E8 2.4919206600512144E8 8.650593802788162E7 2.153485409948319E8 2.0183558874408994E7 1.3637248507745302E8 3.489612267615757E8 1.0201246273457393E7 2.726081904615122E8 1.3119245601062696E7 8.181850553609604E7 6.09538129289154E7 5961951.4841486765 1.0279789289228974E8 2.673377400376422E8 1.3887570037936153E7 3.993412827903083E7 4.566771914325002E7 9053274.308090094 
2.336260412449533E8 1.068696158816204E7 1.4603434768042868E7 1.1030850706407182E7 2.3648378016832036E8 6.146725798295521E7 2.690807590713073E8 2.4919206600512144E8 8.650593802788162E7 2.153485409948319E8 2.0183558874408994E7 1.3637248507745302E8 3.489612267615757E8 1.0201246273457393E7 2.7260819046090835E8 1.3119245601062696E7 8.181850553609604E7 6.09538129289154E7 5961951.4841486765 1.0279789289228974E8 2.673377400368201E8 1.3887570037936144E7 3.993412827903083E7 4.566771914322817E7 9053274.308090094 
2.336260412449533E8 1.068696158816204E7 1.4603434768042866E7 1.1030850706407182E7 2.3648378016832036E8 6.146725798295521E7 2.690807590713073E8 2.4919206600512144E8 8.650593802788162E7 2.153485409948319E8 2.0183558874408994E7 1.3637248507745302E8 3.489612267615757E8 1.0201246273457393E7 2.7260819046090835E8 1.3119245601062696E7 8.181850553609604E7 6.09538129289154E7 5961951.4841486765 1.0279789289228974E8 2.67337740036412E8 1.3887570037936144E7 3.993412827903083E7 4.566771914322613E7 9053274.308090094 
2.336260412449533E8 1.068696158816204E7 1.4603434768042866E7 1.1030850706407182E7 2.3648378016832036E8 6.146725798295521E7 2.690807590713073E8 2.4919206600512144E8 8.650593802788162E7 2.153485409948319E8 2.0183558874408994E7 1.3637248507745302E8 3.4896122676156E8 1.0201246273457393E7 2.726081904608027E8 1.3119245601062696E7 8.181850553609604E7 6.09538129289154E7 5961951.4841486765 1.0279789289228974E8 2.6733774003638187E8 1.3887570037936144E7 3.993412827903083E7 4.566771914321524E7 9053274.308090094 
2.336260412449533E8 1.068696158816204E7 1.4603434768042866E7 1.1030850706407182E7 2.3648378016832036E8 6.146725798295521E7 2.690807590713073E8 2.4919206600512144E8 8.650593802788162E7 2.153485409948319E8 2.0183558874408994E7 1.3637248507745302E8 3.4896122676155895E8 1.0201246273457393E7 2.726081904607517E8 1.3119245601062696E7 8.181850553609604E7 6.09538129289154E7 5961951.4841486765 1.0279789289228974E8 2.6733774003578198E8 1.3887570037936144E7 3.993412827903083E7 4.5667719143214546E7 9053274.308090094 
2.336260412449533E8 1.068696158816204E7 1.4603434768042866E7 1.1030850706407182E7 2.3648378016832036E8 6.146725798295521E7 2.690807590713073E8 2.4919206600512144E8 8.650593802788162E7 2.153485409948319E8 2.0183558874408994E7 1.3637248507745302E8 3.4896122676155895E8 1.0201246273457393E7 2.7260819046058935E8 1.3119245601062696E7 8.181850553609604E7 6.09538129289154E7 5961951.4841486765 1.0279789289228974E8 2.6733774003528383E8 1.3887570037936144E7 3.993412827903083E7 4.5667719143211596E7 9053274.308090094 
2.336260412449533E8 1.068696158816204E7 1.4603434768042866E7 1.1030850706407182E7 2.3648378016832036E8 6.146725798295521E7 2.690807590713073E8 2.4919206600512144E8 8.650593802788162E7 2.153485409948319E8 2.0183558874408994E7 1.3637248507745302E8 3.489612267615588E8 1.0201246273457393E7 2.726081904603167E8 1.3119245601062696E7 8.181850553609604E7 6.09538129289154E7 5961951.4841486765 1.0279789289228974E8 2.6733774003528383E8 1.3887570037936144E7 3.993412827903083E7 4.5667719143211596E7 9053274.308090094 
2.336260412449533E8 1.068696158816204E7 1.4603434768042866E7 1.1030850706407182E7 2.3648378016832036E8 6.146725798295521E7 2.690807590713073E8 2.4919206600512144E8 8.650593802788162E7 2.153485409948319E8 2.0183558874408994E7 1.3637248507745302E8 3.489612267615588E8 1.0201246273457393E7 2.7260819046023375E8 1.3119245601062696E7 8.181850553609604E7 6.09538129289154E7 5961951.4841486765 1.0279789289228974E8 2.6733774003522408E8 1.3887570037936144E7 3.993412827903083E7 4.5667719143211596E7 9053274.308090094 
2.336260412449533E8 1.068696158816204E7 1.4603434768042866E7 1.1030850706407182E7 2.3648378016832036E8 6.146725798295521E7 2.690807590713073E8 2.4919206600512144E8 8.650593802788162E7 2.153485409948319E8 2.0183558874408994E7 1.3637248507745302E8 3.489612267615588E8 1.0201246273457393E7 2.7260819046023375E8 1.3119245601062696E7 8.181850553609604E7 6.09538129289154E7 5961951.4841486765 1.0279789289228974E8 2.6733774003504947E8 1.3887570037936144E7 3.993412827903083E7 4.5667719143211596E7 9053274.308090094 
2.336260412449533E8 1.068696158816204E7 1.4603434768042866E7 1.1030850706407182E7 2.3648378016832036E8 6.146725798295521E7 2.690807590713073E8 2.4919206600512144E8 8.650593802788162E7 2.153485409948319E8 2.0183558874408994E7 1.3637248507745302E8 3.489612267615588E8 1.0201246273457393E7 2.7260819046021664E8 1.3119245601062696E7 8.181850553609604E7 6.09538129289154E7 5961951.4841486765 1.0279789289228974E8 2.6733774003446046E8 1.3887570037936144E7 3.993412827903083E7 4.5667719143211596E7 9053274.308090094 
2.336260412449533E8 1.068696158816204E7 1.4603434768042866E7 1.1030850706407182E7 2.3648378016832036E8 6.146725798295521E7 2.690807590713073E8 2.4919206600512144E8 8.650593802788162E7 2.153485409948319E8 2.0183558874408994E7 1.3637248507745302E8 3.489612267615588E8 1.0201246273457393E7 2.726081904601884E8 1.3119245601062696E7 8.181850553609604E7 6.09538129289154E7 5961951.4841486765 1.0279789289228974E8 2.673377400344255E8 1.3887570037936144E7 3.993412827903083E7 4.5667719143211596E7 9053274.308090094 
2.336260412449533E8 1.068696158816204E7 1.4603434768042866E7 1.1030850706407182E7 2.3648378016832036E8 6.146725798295521E7 2.690807590713073E8 2.4919206600512144E8 8.650593802788162E7 2.153485409948319E8 2.0183558874408994E7 1.3637248507745302E8 3.489612267615588E8 1.0201246273457393E7 2.726081904601745E8 1.3119245601062696E7 8.181850553609604E7 6.09538129289154E7 5961951.4841486765 1.0279789289228974E8 2.673377400344253E8 1.3887570037936144E7 3.993412827903083E7 4.5667719143211596E7 9053274.308090094 
2.336260412449533E8 1.068696158816204E7 1.4603434768042866E7 1.1030850706407182E7 2.3648378016832036E8 6.146725798295521E7 2.690807590713073E8 2.4919206600512144E8 8.650593802788162E7 2.153485409948319E8 2.0183558874408994E7 1.3637248507745302E8 3.489612267615588E8 1.0201246273457393E7 2.726081904601745E8 1.3119245601062696E7 8.181850553609604E7 6.09538129289154E7 5961951.4841486765 1.0279789289228974E8 2.6733774003408596E8 1.3887570037936144E7 3.993412827903083E7 4.5667719143211596E7 9053274.308090094 
2.336260412449533E8 1.068696158816204E7 1.4603434768042866E7 1.1030850706407182E7 2.3648378016832036E8 6.146725798295521E7 2.690807590713073E8 2.4919206600512144E8 8.650593802788162E7 2.153485409948319E8 2.0183558874408994E7 1.3637248507745302E8 3.489612267615588E8 1.0201246273457393E7 2.726081904601745E8 1.3119245601062696E7 8.181850553609604E7 6.09538129289154E7 5961951.4841486765 1.0279789289228974E8 2.6733774003397155E8 1.3887570037936144E7 3.993412827903083E7 4.5667719143211596E7 9053274.308090094 
2.336260412449533E8 1.068696158816204E7 1.4603434768042866E7 1.1030850706407182E7 2.3648378016832036E8 6.146725798295521E7 2.690807590713073E8 2.4919206600512144E8 8.650593802788162E7 2.153485409948319E8 2.0183558874408994E7 1.3637248507745302E8 3.489612267615588E8 1.0201246273457393E7 2.726081904601677E8 1.3119245601062696E7 8.181850553609604E7 6.09538129289154E7 5961951.4841486765 1.0279789289228974E8 2.6733774003397155E8 1.3887570037936144E7 3.993412827903083E7 4.5667719143211596E7 9053274.308090094 
2.336260412449533E8 1.068696158816204E7 1.4603434768042866E7 1.1030850706407182E7 2.3648378016832036E8 6.146725798295521E7 2.690807590713073E8 2.4919206600512144E8 8.650593802788162E7 2.153485409948319E8 2.0183558874408994E7 1.3637248507745302E8 3.489612267615588E8 1.0201246273457393E7 2.726081904601677E8 1.3119245601062696E7 8.181850553609604E7 6.09538129289154E7 5961951.4841486765 1.0279789289228974E8 2.6733774003392854E8 1.3887570037936144E7 3.993412827903083E7 4.5667719143211596E7 9053274.308090094 
2.336260412449533E8 1.068696158816204E7 1.4603434768042866E7 1.1030850706407182E7 2.3648378016832036E8 6.146725798295521E7 2.690807590713073E8 2.4919206600512144E8 8.650593802788162E7 2.153485409948319E8 2.0183558874408994E7 1.3637248507745302E8 3.489612267615588E8 1.0201246273457393E7 2.7260819046016765E8 1.3119245601062696E7 8.181850553609604E7 6.09538129289154E7 5961951.4841486765 1.0279789289228974E8 2.6733774003391683E8 1.3887570037936144E7 3.993412827903083E7 4.5667719143211596E7 9053274.308090094 
2.336260412449533E8 1.068696158816204E7 1.4603434768042866E7 1.1030850706407182E7 2.3648378016832036E8 6.146725798295521E7 2.690807590713073E8 2.4919206600512144E8 8.650593802788162E7 2.153485409948319E8 2.0183558874408994E7 1.3637248507745302E8 3.489612267615588E8 1.0201246273457393E7 2.7260819046016765E8 1.3119245601062696E7 8.181850553609604E7 6.09538129289154E7 5961951.4841486765 1.0279789289228974E8 2.6733774003391683E8 1.3887570037936144E7 3.993412827903083E7 4.5667719143211596E7 9053274.308090094 
2.336260412449533E8 1.068696158816204E7 1.4603434768042866E7 1.1030850706407182E7 2.3648378016832036E8 6.146725798295521E7 2.690807590713073E8 2.4919206600512144E8 8.650593802788162E7 2.153485409948319E8 2.0183558874408994E7 1.3637248507745302E8 3.489612267615588E8 1.0201246273457393E7 2.7260819046016335E8 1.3119245601062696E7 8.181850553609604E7 6.09538129289154E7 5961951.4841486765 1.0279789289228974E8 2.6733774003374505E8 1.3887570037936144E7 3.993412827903083E7 4.5667719143211596E7 9053274.308090094 
2.336260412449533E8 1.068696158816204E7 1.4603434768042866E7 1.1030850706407182E7 2.3648378016832036E8 6.146725798295521E7 2.690807590713073E8 2.4919206600512144E8 8.650593802788162E7 2.153485409948319E8 2.0183558874408994E7 1.3637248507745302E8 3.489612267615588E8 1.0201246273457393E7 2.726081904601632E8 1.3119245601062696E7 8.181850553609604E7 6.09538129289154E7 5961951.4841486765 1.0279789289228974E8 2.6733774003374505E8 1.3887570037936144E7 3.993412827903083E7 4.5667719143211596E7 9053274.308090094 
2.336260412449533E8 1.068696158816204E7 1.4603434768042866E7 1.1030850706407182E7 2.3648378016832036E8 6.146725798295521E7 2.690807590713073E8 2.4919206600512144E8 8.650593802788162E7 2.153485409948319E8 2.0183558874408994E7 1.3637248507745302E8 3.489612267615588E8 1.0201246273457393E7 2.7260819046016306E8 1.3119245601062696E7 8.181850553609604E7 6.09538129289154E7 5961951.4841486765 1.0279789289228974E8 2.6733774003374505E8 1.3887570037936144E7 3.993412827903083E7 4.5667719143211596E7 9053274.308090094 
2.336260412449533E8 1.068696158816204E7 1.4603434768042866E7 1.1030850706407182E7 2.3648378016832036E8 6.146725798295521E7 2.690807590713073E8 2.4919206600512144E8 8.650593802788162E7 2.153485409948319E8 2.0183558874408994E7 1.3637248507745302E8 3.489612267615588E8 1.0201246273457393E7 2.7260819046016026E8 1.3119245601062696E7 8.181850553609604E7 6.09538129289154E7 5961951.4841486765 1.0279789289228974E8 2.6733774003374505E8 1.3887570037936144E7 3.993412827903083E7 4.5667719143211596E7 9053274.308090094 
2.336260412449533E8 1.068696158816204E7 1.4603434768042866E7 1.1030850706407182E7 2.3648378016832036E8 6.146725798295521E7 2.690807590713073E8 2.4919206600512144E8 8.650593802788162E7 2.153485409948319E8 2.0183558874408994E7 1.3637248507745302E8 3.489612267615588E8 1.0201246273457393E7 2.7260819046016026E8 1.3119245601062696E7 8.181850553609604E7 6.09538129289154E7 5961951.4841486765 1.0279789289228974E8 2.6733774003374505E8 1.3887570037936144E7 3.993412827903083E7 4.566771914321127E7 9053274.308090094 
2.336260412449533E8 1.068696158816204E7 1.4603434768042866E7 1.1030850706407182E7 2.3648378016832036E8 6.146725798295521E7 2.690807590713073E8 2.4919206600512144E8 8.650593802788162E7 2.153485409948319E8 2.0183558874408994E7 1.3637248507745302E8 3.489612267615588E8 1.0201246273457393E7 2.7260819046015924E8 1.3119245601062696E7 8.181850553609604E7 6.09538129289154E7 5961951.4841486765 1.0279789289228974E8 2.6733774003366303E8 1.3887570037936144E7 3.993412827903083E7 4.566771914321127E7 9053274.308090094 
2.336260412449533E8 1.068696158816204E7 1.4603434768042866E7 1.1030850706407182E7 2.3648378016832036E8 6.146725798295521E7 2.690807590713073E8 2.4919206600512144E8 8.650593802788162E7 2.153485409948319E8 2.0183558874408994E7 1.3637248507745302E8 3.489612267615588E8 1.0201246273457393E7 2.7260819046015906E8 1.3119245601062696E7 8.181850553609604E7 6.09538129289154E7 5961951.4841486765 1.0279789289228974E8 2.673377400334786E8 1.3887570037936144E7 3.993412827903083E7 4.566771914321076E7 9053274.308090094 
2.336260412449533E8 1.068696158816204E7 1.4603434768042866E7 1.1030850706407182E7 2.3648378016832036E8 6.146725798295521E7 2.690807590713073E8 2.4919206600512144E8 8.650593802788162E7 2.153485409948319E8 2.0183558874408994E7 1.3637248507745302E8 3.489612267615588E8 1.0201246273457393E7 2.726081904601573E8 1.3119245601062696E7 8.181850553609604E7 6.09538129289154E7 5961951.4841486765 1.0279789289228974E8 2.673377400333641E8 1.3887570037936144E7 3.993412827903083E7 4.566771914321076E7 9053274.308090094 
2.336260412449533E8 1.068696158816204E7 1.4603434768042866E7 1.1030850706407182E7 2.3648378016832036E8 6.146725798295521E7 2.690807590713073E8 2.4919206600512144E8 8.650593802788162E7 2.153485409948319E8 2.0183558874408994E7 1.3637248507745302E8 3.489612267615588E8 1.0201246273457393E7 2.726081904601561E8 1.3119245601062696E7 8.181850553609604E7 6.09538129289154E7 5961951.4841486765 1.0279789289228974E8 2.6733774003327906E8 1.3887570037936144E7 3.993412827903083E7 4.566771914321076E7 9053274.308090094 
2.336260412449533E8 1.068696158816204E7 1.4603434768042866E7 1.1030850706407182E7 2.3648378016832036E8 6.146725798295521E7 2.690807590713073E8 2.4919206600512144E8 8.650593802788162E7 2.153485409948319E8 2.0183558874408994E7 1.3637248507745302E8 3.489612267615588E8 1.0201246273457393E7 2.7260819046015584E8 1.3119245601062696E7 8.181850553609604E7 6.09538129289154E7 5961951.4841486765 1.0279789289228974E8 2.6733774003327906E8 1.3887570037936144E7 3.993412827903083E7 4.566771914320821E7 9053274.308090094 
2.336260412449533E8 1.068696158816204E7 1.4603434768042866E7 1.1030850706407182E7 2.3648378016832036E8 6.146725798295521E7 2.690807590713073E8 2.4919206600512144E8 8.650593802788162E7 2.153485409948319E8 2.0183558874408994E7 1.3637248507745302E8 3.489612267615588E8 1.0201246273457393E7 2.7260819046015584E8 1.3119245601062696E7 8.181850553609604E7 6.09538129289154E7 5961951.4841486765 1.0279789289228974E8 2.673377400332078E8 1.3887570037936144E7 3.993412827903083E7 4.566771914320815E7 9053274.308090094 
2.336260412449533E8 1.068696158816204E7 1.4603434768042866E7 1.1030850706407182E7 2.3648378016832036E8 6.146725798295521E7 2.690807590713073E8 2.4919206600512144E8 8.650593802788162E7 2.153485409948319E8 2.0183558874408994E7 1.3637248507745302E8 3.489612267615588E8 1.0201246273457393E7 2.7260819046015584E8 1.3119245601062696E7 8.181850553609604E7 6.09538129289154E7 5961951.4841486765 1.0279789289228974E8 2.6733774003315175E8 1.3887570037936144E7 3.993412827903083E7 4.566771914320795E7 9053274.308090094 
2.336260412449533E8 1.068696158816204E7 1.4603434768042866E7 1.1030850706407182E7 2.3648378016832036E8 6.146725798295521E7 2.690807590713073E8 2.4919206600512144E8 8.650593802788162E7 2.153485409948319E8 2.0183558874408994E7 1.3637248507745302E8 3.489612267615588E8 1.0201246273457393E7 2.7260819046015584E8 1.3119245601062696E7 8.181850553609604E7 6.09538129289154E7 5961951.4841486765 1.0279789289228974E8 2.6733774003315175E8 1.3887570037936144E7 3.993412827903083E7 4.566771914320795E7 9053274.308090094 
2.336260412449533E8 1.068696158816204E7 1.4603434768042866E7 1.1030850706407182E7 2.3648378016832036E8 6.146725798295521E7 2.690807590713073E8 2.4919206600512144E8 8.650593802788162E7 2.153485409948319E8 2.0183558874408994E7 1.3637248507745302E8 3.489612267615588E8 1.0201246273457393E7 2.7260819046015584E8 1.3119245601062696E7 8.181850553609604E7 6.09538129289154E7 5961951.4841486765 1.0279789289228974E8 2.6733774003315175E8 1.3887570037936144E7 3.993412827903083E7 4.566771914320795E7 9053274.308090094 
2.336260412449533E8 1.068696158816204E7 1.4603434768042866E7 1.1030850706407182E7 2.3648378016832036E8 6.146725798295521E7 2.690807590713073E8 2.4919206600512144E8 8.650593802788162E7 2.153485409948319E8 2.0183558874408994E7 1.3637248507745302E8 3.489612267615588E8 1.0201246273457393E7 2.726081904601558E8 1.3119245601062696E7 8.181850553609604E7 6.09538129289154E7 5961951.4841486765 1.0279789289228974E8 2.6733774003305015E8 1.3887570037936144E7 3.993412827903083E7 4.566771914320795E7 9053274.308090094 
2.336260412449533E8 1.068696158816204E7 1.4603434768042866E7 1.1030850706407182E7 2.3648378016832036E8 6.146725798295521E7 2.690807590713073E8 2.4919206600512144E8 8.650593802788162E7 2.153485409948319E8 2.0183558874408994E7 1.3637248507745302E8 3.489612267615588E8 1.0201246273457393E7 2.726081904601558E8 1.3119245601062696E7 8.181850553609604E7 6.09538129289154E7 5961951.4841486765 1.0279789289228974E8 2.673377400327507E8 1.3887570037936144E7 3.993412827903083E7 4.566771914320795E7 9053274.308090094 
2.336260412449533E8 1.068696158816204E7 1.4603434768042866E7 1.1030850706407182E7 2.3648378016832036E8 6.146725798295521E7 2.690807590713073E8 2.4919206600512144E8 8.650593802788162E7 2.153485409948319E8 2.0183558874408994E7 1.3637248507745302E8 3.489612267615588E8 1.0201246273457393E7 2.726081904601557E8 1.3119245601062696E7 8.181850553609604E7 6.09538129289154E7 5961951.4841486765 1.0279789289228974E8 2.673377400326137E8 1.3887570037936144E7 3.993412827903083E7 4.566771914320795E7 9053274.308090094 
2.336260412449533E8 1.068696158816204E7 1.4603434768042866E7 1.1030850706407182E7 2.3648378016832036E8 6.146725798295521E7 2.690807590713073E8 2.4919206600512144E8 8.650593802788162E7 2.153485409948319E8 2.0183558874408994E7 1.3637248507745302E8 3.489612267615588E8 1.0201246273457393E7 2.726081904601557E8 1.3119245601062696E7 8.181850553609604E7 6.09538129289154E7 5961951.4841486765 1.0279789289228974E8 2.673377400326137E8 1.3887570037936144E7 3.993412827903083E7 4.566771914320795E7 9053274.308090094 
2.336260412449533E8 1.068696158816204E7 1.4603434768042866E7 1.1030850706407182E7 2.3648378016832036E8 6.146725798295521E7 2.690807590713073E8 2.4919206600512144E8 8.650593802788162E7 2.153485409948319E8 2.0183558874408994E7 1.3637248507745302E8 3.489612267615588E8 1.0201246273457393E7 2.726081904601556E8 1.3119245601062696E7 8.181850553609604E7 6.09538129289154E7 5961951.4841486765 1.0279789289228974E8 2.673377400326137E8 1.3887570037936144E7 3.993412827903083E7 4.566771914320795E7 9053274.308090094 
2.336260412449533E8 1.068696158816204E7 1.4603434768042866E7 1.1030850706407182E7 2.3648378016832036E8 6.146725798295521E7 2.690807590713073E8 2.4919206600512144E8 8.650593802788162E7 2.153485409948319E8 2.0183558874408994E7 1.3637248507745302E8 3.489612267615588E8 1.0201246273457393E7 2.7260819046015555E8 1.3119245601062696E7 8.181850553609604E7 6.09538129289154E7 5961951.4841486765 1.0279789289228974E8 2.673377400325849E8 1.3887570037936144E7 3.993412827903083E7 4.566771914320787E7 9053274.308090094 
2.336260412449533E8 1.068696158816204E7 1.4603434768042866E7 1.1030850706407182E7 2.3648378016832036E8 6.146725798295521E7 2.690807590713073E8 2.4919206600512144E8 8.650593802788162E7 2.153485409948319E8 2.0183558874408994E7 1.3637248507745302E8 3.489612267615588E8 1.0201246273457393E7 2.7260819046015555E8 1.3119245601062696E7 8.181850553609604E7 6.09538129289154E7 5961951.4841486765 1.0279789289228974E8 2.6733774003258008E8 1.3887570037936144E7 3.993412827903083E7 4.566771914320787E7 9053274.308090094 
2.336260412449533E8 1.068696158816204E7 1.4603434768042866E7 1.1030850706407182E7 2.3648378016832036E8 6.146725798295521E7 2.690807590713073E8 2.4919206600512144E8 8.650593802788162E7 2.153485409948319E8 2.0183558874408994E7 1.3637248507745302E8 3.489612267615588E8 1.0201246273457393E7 2.7260819046015555E8 1.3119245601062696E7 8.181850553609604E7 6.09538129289154E7 5961951.4841486765 1.0279789289228974E8 2.6733774003258008E8 1.3887570037936144E7 3.993412827903083E7 4.5667719143207856E7 9053274.308090094 
2.336260412449533E8 1.068696158816204E7 1.4603434768042866E7 1.1030850706407182E7 2.3648378016832036E8 6.146725798295521E7 2.690807590713073E8 2.4919206600512144E8 8.650593802788162E7 2.153485409948319E8 2.0183558874408994E7 1.3637248507745302E8 3.489612267615588E8 1.0201246273457393E7 2.7260819046015555E8 1.3119245601062696E7 8.181850553609604E7 6.09538129289154E7 5961951.4841486765 1.0279789289228974E8 2.6733774003254423E8 1.3887570037936144E7 3.993412827903083E7 4.5667719143207856E7 9053274.308090094 
2.336260412449533E8 1.068696158816204E7 1.4603434768042866E7 1.1030850706407182E7 2.3648378016832036E8 6.146725798295521E7 2.690807590713073E8 2.4919206600512144E8 8.650593802788162E7 2.153485409948319E8 2.0183558874408994E7 1.3637248507745302E8 3.489612267615588E8 1.0201246273457393E7 2.7260819046015555E8 1.3119245601062696E7 8.181850553609604E7 6.09538129289154E7 5961951.4841486765 1.0279789289228974E8 2.6733774003254423E8 1.3887570037936144E7 3.993412827903083E7 4.5667719143207856E7 9053274.308090094 
2.336260412449533E8 1.068696158816204E7 1.4603434768042866E7 1.1030850706407182E7 2.3648378016832036E8 6.146725798295521E7 2.690807590713073E8 2.4919206600512144E8 8.650593802788162E7 2.153485409948319E8 2.0183558874408994E7 1.3637248507745302E8 3.489612267615588E8 1.0201246273457393E7 2.7260819046015555E8 1.3119245601062696E7 8.181850553609604E7 6.09538129289154E7 5961951.4841486765 1.0279789289228974E8 2.6733774003254423E8 1.3887570037936144E7 3.993412827903083E7 4.5667719143207856E7 9053274.308090094 
2.336260412449533E8 1.068696158816204E7 1.4603434768042866E7 1.1030850706407182E7 2.3648378016832036E8 6.146725798295521E7 2.690807590713073E8 2.4919206600512144E8 8.650593802788162E7 2.153485409948319E8 2.0183558874408994E7 1.3637248507745302E8 3.489612267615588E8 1.0201246273457393E7 2.7260819046015555E8 1.3119245601062696E7 8.181850553609604E7 6.09538129289154E7 5961951.4841486765 1.0279789289228974E8 2.673377400325416E8 1.3887570037936144E7 3.993412827903083E7 4.5667719143207856E7 9053274.308090094 
2.336260412449533E8 1.068696158816204E7 1.4603434768042866E7 1.1030850706407182E7 2.3648378016832036E8 6.146725798295521E7 2.690807590713073E8 2.4919206600512144E8 8.650593802788162E7 2.153485409948319E8 2.0183558874408994E7 1.3637248507745302E8 3.489612267615588E8 1.0201246273457393E7 2.7260819046015555E8 1.3119245601062696E7 8.181850553609604E7 6.09538129289154E7 5961951.4841486765 1.0279789289228974E8 2.673377400325416E8 1.3887570037936144E7 3.993412827903083E7 4.5667719143207856E7 9053274.308090094 
2.336260412449533E8 1.068696158816204E7 1.4603434768042866E7 1.1030850706407182E7 2.3648378016832036E8 6.146725798295521E7 2.690807590713073E8 2.4919206600512144E8 8.650593802788162E7 2.153485409948319E8 2.0183558874408994E7 1.3637248507745302E8 3.489612267615588E8 1.0201246273457393E7 2.7260819046015555E8 1.3119245601062696E7 8.181850553609604E7 6.09538129289154E7 5961951.4841486765 1.0279789289228974E8 2.673377400325416E8 1.3887570037936144E7 3.993412827903083E7 4.5667719143207856E7 9053274.308090094 
2.336260412449533E8 1.068696158816204E7 1.4603434768042866E7 1.1030850706407182E7 2.3648378016832036E8 6.146725798295521E7 2.690807590713073E8 2.4919206600512144E8 8.650593802788162E7 2.153485409948319E8 2.0183558874408994E7 1.3637248507745302E8 3.489612267615588E8 1.0201246273457393E7 2.7260819046015555E8 1.3119245601062696E7 8.181850553609604E7 6.09538129289154E7 5961951.4841486765 1.0279789289228974E8 2.6733774003252614E8 1.3887570037936144E7 3.993412827903083E7 4.5667719143207856E7 9053274.308090094 
2.336260412449533E8 1.068696158816204E7 1.4603434768042866E7 1.1030850706407182E7 2.3648378016832036E8 6.146725798295521E7 2.690807590713073E8 2.4919206600512144E8 8.650593802788162E7 2.153485409948319E8 2.0183558874408994E7 1.3637248507745302E8 3.489612267615588E8 1.0201246273457393E7 2.7260819046015555E8 1.3119245601062696E7 8.181850553609604E7 6.09538129289154E7 5961951.4841486765 1.0279789289228974E8 2.6733774003252593E8 1.3887570037936144E7 3.993412827903083E7 4.5667719143207856E7 9053274.308090094 
2.336260412449533E8 1.068696158816204E7 1.4603434768042866E7 1.1030850706407182E7 2.3648378016832036E8 6.146725798295521E7 2.690807590713073E8 2.4919206600512144E8 8.650593802788162E7 2.153485409948319E8 2.0183558874408994E7 1.3637248507745302E8 3.489612267615588E8 1.0201246273457393E7 2.7260819046015555E8 1.3119245601062696E7 8.181850553609604E7 6.09538129289154E7 5961951.4841486765 1.0279789289228974E8 2.6733774003252545E8 1.3887570037936144E7 3.993412827903083E7 4.5667719143207856E7 9053274.308090094 
2.336260412449533E8 1.068696158816204E7 1.4603434768042866E7 1.1030850706407182E7 2.3648378016832036E8 6.146725798295521E7 2.690807590713073E8 2.4919206600512144E8 8.650593802788162E7 2.153485409948319E8 2.0183558874408994E7 1.3637248507745302E8 3.489612267615588E8 1.0201246273457393E7 2.7260819046015555E8 1.3119245601062696E7 8.181850553609604E7 6.09538129289154E7 5961951.4841486765 1.0279789289228974E8 2.6733774003252545E8 1.3887570037936144E7 3.993412827903083E7 4.5667719143207856E7 9053274.308090094 
2.336260412449533E8 1.068696158816204E7 1.4603434768042866E7 1.1030850706407182E7 2.3648378016832036E8 6.146725798295521E7 2.690807590713073E8 2.4919206600512144E8 8.650593802788162E7 2.153485409948319E8 2.0183558874408994E7 1.3637248507745302E8 3.489612267615588E8 1.0201246273457393E7 2.7260819046015555E8 1.3119245601062696E7 8.181850553609604E7 6.09538129289154E7 5961951.4841486765 1.0279789289228974E8 2.6733774003252438E8 1.3887570037936144E7 3.993412827903083E7 4.5667719143207856E7 9053274.308090094 
2.336260412449533E8 1.068696158816204E7 1.4603434768042866E7 1.1030850706407182E7 2.3648378016832036E8 6.146725798295521E7 2.690807590713073E8 2.4919206600512144E8 8.650593802788162E7 2.153485409948319E8 2.0183558874408994E7 1.3637248507745302E8 3.489612267615588E8 1.0201246273457393E7 2.7260819046015555E8 1.3119245601062696E7 8.181850553609604E7 6.09538129289154E7 5961951.4841486765 1.0279789289228974E8 2.6733774003252438E8 1.3887570037936144E7 3.993412827903083E7 4.5667719143207856E7 9053274.308090094 
2.336260412449533E8 1.068696158816204E7 1.4603434768042866E7 1.1030850706407182E7 2.3648378016832036E8 6.146725798295521E7 2.690807590713073E8 2.4919206600512144E8 8.650593802788162E7 2.153485409948319E8 2.0183558874408994E7 1.3637248507745302E8 3.489612267615588E8 1.0201246273457393E7 2.7260819046015555E8 1.3119245601062696E7 8.181850553609604E7 6.09538129289154E7 5961951.4841486765 1.0279789289228974E8 2.6733774003252438E8 1.3887570037936144E7 3.993412827903083E7 4.5667719143207856E7 9053274.308090094 
2.336260412449533E8 1.068696158816204E7 1.4603434768042866E7 1.1030850706407182E7 2.3648378016832036E8 6.146725798295521E7 2.690807590713073E8 2.4919206600512144E8 8.650593802788162E7 2.153485409948319E8 2.0183558874408994E7 1.3637248507745302E8 3.489612267615588E8 1.0201246273457393E7 2.7260819046015555E8 1.3119245601062696E7 8.181850553609604E7 6.09538129289154E7 5961951.4841486765 1.0279789289228974E8 2.6733774003252438E8 1.3887570037936144E7 3.993412827903083E7 4.5667719143207856E7 9053274.308090094 
2.336260412449533E8 1.068696158816204E7 1.4603434768042866E7 1.1030850706407182E7 2.3648378016832036E8 6.146725798295521E7 2.690807590713073E8 2.4919206600512144E8 8.650593802788162E7 2.153485409948319E8 2.0183558874408994E7 1.3637248507745302E8 3.489612267615588E8 1.0201246273457393E7 2.7260819046015555E8 1.3119245601062696E7 8.181850553609604E7 6.09538129289154E7 5961951.4841486765 1.0279789289228974E8 2.6733774003252438E8 1.3887570037936144E7 3.993412827903083E7 4.5667719143207856E7 9053274.308090094 
2.336260412449533E8 1.068696158816204E7 1.4603434768042866E7 1.1030850706407182E7 2.3648378016832036E8 6.146725798295521E7 2.690807590713073E8 2.4919206600512144E8 8.650593802788162E7 2.153485409948319E8 2.0183558874408994E7 1.3637248507745302E8 3.489612267615588E8 1.0201246273457393E7 2.7260819046015555E8 1.3119245601062696E7 8.181850553609604E7 6.09538129289154E7 5961951.4841486765 1.0279789289228974E8 2.6733774003252438E8 1.3887570037936144E7 3.993412827903083E7 4.5667719143207856E7 9053274.308090094 
2.336260412449533E8 1.068696158816204E7 1.4603434768042866E7 1.1030850706407182E7 2.3648378016832036E8 6.146725798295521E7 2.690807590713073E8 2.4919206600512144E8 8.650593802788162E7 2.153485409948319E8 2.0183558874408994E7 1.3637248507745302E8 3.489612267615588E8 1.0201246273457393E7 2.7260819046015555E8 1.3119245601062696E7 8.181850553609604E7 6.09538129289154E7 5961951.4841486765 1.0279789289228974E8 2.6733774003252274E8 1.3887570037936144E7 3.993412827903083E7 4.5667719143207856E7 9053274.308090094 
2.336260412449533E8 1.068696158816204E7 1.4603434768042866E7 1.1030850706407182E7 2.3648378016832036E8 6.146725798295521E7 2.690807590713073E8 2.4919206600512144E8 8.650593802788162E7 2.153485409948319E8 2.0183558874408994E7 1.3637248507745302E8 3.489612267615588E8 1.0201246273457393E7 2.7260819046015555E8 1.3119245601062696E7 8.181850553609604E7 6.09538129289154E7 5961951.4841486765 1.0279789289228974E8 2.673377400325218E8 1.3887570037936144E7 3.993412827903083E7 4.5667719143207856E7 9053274.308090094 
2.336260412449533E8 1.068696158816204E7 1.4603434768042866E7 1.1030850706407182E7 2.3648378016832036E8 6.146725798295521E7 2.690807590713073E8 2.4919206600512144E8 8.650593802788162E7 2.153485409948319E8 2.0183558874408994E7 1.3637248507745302E8 3.489612267615588E8 1.0201246273457393E7 2.7260819046015555E8 1.3119245601062696E7 8.181850553609604E7 6.09538129289154E7 5961951.4841486765 1.0279789289228974E8 2.6733774003251988E8 1.3887570037936144E7 3.993412827903083E7 4.5667719143207856E7 9053274.308090094 
2.336260412449533E8 1.068696158816204E7 1.4603434768042866E7 1.1030850706407182E7 2.3648378016832036E8 6.146725798295521E7 2.690807590713073E8 2.4919206600512144E8 8.650593802788162E7 2.153485409948319E8 2.0183558874408994E7 1.3637248507745302E8 3.489612267615588E8 1.0201246273457393E7 2.7260819046015555E8 1.3119245601062696E7 8.181850553609604E7 6.09538129289154E7 5961951.4841486765 1.0279789289228974E8 2.6733774003251982E8 1.3887570037936144E7 3.993412827903083E7 4.5667719143207856E7 9053274.308090094 
2.336260412449533E8 1.068696158816204E7 1.4603434768042866E7 1.1030850706407182E7 2.3648378016832036E8 6.146725798295521E7 2.690807590713073E8 2.4919206600512144E8 8.650593802788162E7 2.153485409948319E8 2.0183558874408994E7 1.3637248507745302E8 3.489612267615588E8 1.0201246273457393E7 2.7260819046015555E8 1.3119245601062696E7 8.181850553609604E7 6.09538129289154E7 5961951.4841486765 1.0279789289228974E8 2.6733774003251982E8 1.3887570037936144E7 3.993412827903083E7 4.5667719143207856E7 9053274.308090094 
2.336260412449533E8 1.068696158816204E7 1.4603434768042866E7 1.1030850706407182E7 2.3648378016832036E8 6.146725798295521E7 2.690807590713073E8 2.4919206600512144E8 8.650593802788162E7 2.153485409948319E8 2.0183558874408994E7 1.3637248507745302E8 3.489612267615588E8 1.0201246273457393E7 2.7260819046015555E8 1.3119245601062696E7 8.181850553609604E7 6.09538129289154E7 5961951.4841486765 1.0279789289228974E8 2.6733774003251973E8 1.3887570037936144E7 3.993412827903083E7 4.5667719143207856E7 9053274.308090094 
2.336260412449533E8 1.068696158816204E7 1.4603434768042866E7 1.1030850706407182E7 2.3648378016832036E8 6.146725798295521E7 2.690807590713073E8 2.4919206600512144E8 8.650593802788162E7 2.153485409948319E8 2.0183558874408994E7 1.3637248507745302E8 3.489612267615588E8 1.0201246273457393E7 2.7260819046015555E8 1.3119245601062696E7 8.181850553609604E7 6.09538129289154E7 5961951.4841486765 1.0279789289228974E8 2.673377400325197E8 1.3887570037936144E7 3.993412827903083E7 4.5667719143207856E7 9053274.308090094 
2.336260412449533E8 1.068696158816204E7 1.4603434768042866E7 1.1030850706407182E7 2.3648378016832036E8 6.146725798295521E7 2.690807590713073E8 2.4919206600512144E8 8.650593802788162E7 2.153485409948319E8 2.0183558874408994E7 1.3637248507745302E8 3.489612267615588E8 1.0201246273457393E7 2.7260819046015555E8 1.3119245601062696E7 8.181850553609604E7 6.09538129289154E7 5961951.4841486765 1.0279789289228974E8 2.673377400325197E8 1.3887570037936144E7 3.993412827903083E7 4.5667719143207856E7 9053274.308090094 
2.336260412449533E8 1.068696158816204E7 1.4603434768042866E7 1.1030850706407182E7 2.3648378016832036E8 6.146725798295521E7 2.690807590713073E8 2.4919206600512144E8 8.650593802788162E7 2.153485409948319E8 2.0183558874408994E7 1.3637248507745302E8 3.489612267615588E8 1.0201246273457393E7 2.7260819046015555E8 1.3119245601062696E7 8.181850553609604E7 6.09538129289154E7 5961951.4841486765 1.0279789289228974E8 2.673377400325197E8 1.3887570037936144E7 3.993412827903083E7 4.5667719143207856E7 9053274.308090094 
2.336260412449533E8 1.068696158816204E7 1.4603434768042866E7 1.1030850706407182E7 2.3648378016832036E8 6.146725798295521E7 2.690807590713073E8 2.4919206600512144E8 8.650593802788162E7 2.153485409948319E8 2.0183558874408994E7 1.3637248507745302E8 3.489612267615588E8 1.0201246273457393E7 2.7260819046015555E8 1.3119245601062696E7 8.181850553609604E7 6.09538129289154E7 5961951.4841486765 1.0279789289228974E8 2.673377400325197E8 1.3887570037936144E7 3.993412827903083E7 4.5667719143207856E7 9053274.308090094 
2.336260412449533E8 1.068696158816204E7 1.4603434768042866E7 1.1030850706407182E7 2.3648378016832036E8 6.146725798295521E7 2.690807590713073E8 2.4919206600512144E8 8.650593802788162E7 2.153485409948319E8 2.0183558874408994E7 1.3637248507745302E8 3.489612267615588E8 1.0201246273457393E7 2.7260819046015555E8 1.3119245601062696E7 8.181850553609604E7 6.09538129289154E7 5961951.4841486765 1.0279789289228974E8 2.673377400325197E8 1.3887570037936144E7 3.993412827903083E7 4.5667719143207856E7 9053274.308090094 
2.336260412449533E8 1.068696158816204E7 1.4603434768042866E7 1.1030850706407182E7 2.3648378016832036E8 6.146725798295521E7 2.690807590713073E8 2.4919206600512144E8 8.650593802788162E7 2.153485409948319E8 2.0183558874408994E7 1.3637248507745302E8 3.489612267615588E8 1.0201246273457393E7 2.7260819046015555E8 1.3119245601062696E7 8.181850553609604E7 6.09538129289154E7 5961951.4841486765 1.0279789289228974E8 2.6733774003251964E8 1.3887570037936144E7 3.993412827903083E7 4.5667719143207856E7 9053274.308090094 
2.336260412449533E8 1.068696158816204E7 1.4603434768042866E7 1.1030850706407182E7 2.3648378016832036E8 6.146725798295521E7 2.690807590713073E8 2.4919206600512144E8 8.650593802788162E7 2.153485409948319E8 2.0183558874408994E7 1.3637248507745302E8 3.489612267615588E8 1.0201246273457393E7 2.7260819046015555E8 1.3119245601062696E7 8.181850553609604E7 6.09538129289154E7 5961951.4841486765 1.0279789289228974E8 2.6733774003251964E8 1.3887570037936144E7 3.993412827903083E7 4.5667719143207856E7 9053274.308090094 
2.336260412449533E8 1.068696158816204E7 1.4603434768042866E7 1.1030850706407182E7 2.3648378016832036E8 6.146725798295521E7 2.690807590713073E8 2.4919206600512144E8 8.650593802788162E7 2.153485409948319E8 2.0183558874408994E7 1.3637248507745302E8 3.489612267615588E8 1.0201246273457393E7 2.7260819046015555E8 1.3119245601062696E7 8.181850553609604E7 6.09538129289154E7 5961951.4841486765 1.0279789289228974E8 2.6733774003251964E8 1.3887570037936144E7 3.993412827903083E7 4.5667719143207856E7 9053274.308090094 
2.336260412449533E8 1.068696158816204E7 1.4603434768042866E7 1.1030850706407182E7 2.3648378016832036E8 6.146725798295521E7 2.690807590713073E8 2.4919206600512144E8 8.650593802788162E7 2.153485409948319E8 2.0183558874408994E7 1.3637248507745302E8 3.489612267615588E8 1.0201246273457393E7 2.7260819046015555E8 1.3119245601062696E7 8.181850553609604E7 6.09538129289154E7 5961951.4841486765 1.0279789289228974E8 2.6733774003251964E8 1.3887570037936144E7 3.993412827903083E7 4.5667719143207856E7 9053274.308090094 
2.336260412449533E8 1.068696158816204E7 1.4603434768042866E7 1.1030850706407182E7 2.3648378016832036E8 6.146725798295521E7 2.690807590713073E8 2.4919206600512144E8 8.650593802788162E7 2.153485409948319E8 2.0183558874408994E7 1.3637248507745302E8 3.489612267615588E8 1.0201246273457393E7 2.7260819046015555E8 1.3119245601062696E7 8.181850553609604E7 6.09538129289154E7 5961951.4841486765 1.0279789289228974E8 2.673377400325196E8 1.3887570037936144E7 3.993412827903083E7 4.5667719143207856E7 9053274.308090094 
2.336260412449533E8 1.068696158816204E7 1.4603434768042866E7 1.1030850706407182E7 2.3648378016832036E8 6.146725798295521E7 2.690807590713073E8 2.4919206600512144E8 8.650593802788162E7 2.153485409948319E8 2.0183558874408994E7 1.3637248507745302E8 3.489612267615588E8 1.0201246273457393E7 2.7260819046015555E8 1.3119245601062696E7 8.181850553609604E7 6.09538129289154E7 5961951.4841486765 1.0279789289228974E8 2.673377400325196E8 1.3887570037936144E7 3.993412827903083E7 4.5667719143207856E7 9053274.308090094 
2.336260412449533E8 1.068696158816204E7 1.4603434768042866E7 1.1030850706407182E7 2.3648378016832036E8 6.146725798295521E7 2.690807590713073E8 2.4919206600512144E8 8.650593802788162E7 2.153485409948319E8 2.0183558874408994E7 1.3637248507745302E8 3.489612267615588E8 1.0201246273457393E7 2.7260819046015555E8 1.3119245601062696E7 8.181850553609604E7 6.09538129289154E7 5961951.4841486765 1.0279789289228974E8 2.673377400325196E8 1.3887570037936144E7 3.993412827903083E7 4.5667719143207856E7 9053274.308090094 
2.336260412449533E8 1.068696158816204E7 1.4603434768042866E7 1.1030850706407182E7 2.3648378016832036E8 6.146725798295521E7 2.690807590713073E8 2.4919206600512144E8 8.650593802788162E7 2.153485409948319E8 2.0183558874408994E7 1.3637248507745302E8 3.489612267615588E8 1.0201246273457393E7 2.7260819046015555E8 1.3119245601062696E7 8.181850553609604E7 6.09538129289154E7 5961951.4841486765 1.0279789289228974E8 2.673377400325196E8 1.3887570037936144E7 3.993412827903083E7 4.5667719143207856E7 9053274.308090094 
2.336260412449533E8 1.068696158816204E7 1.4603434768042866E7 1.1030850706407182E7 2.3648378016832036E8 6.146725798295521E7 2.690807590713073E8 2.4919206600512144E8 8.650593802788162E7 2.153485409948319E8 2.0183558874408994E7 1.3637248507745302E8 3.489612267615588E8 1.0201246273457393E7 2.7260819046015555E8 1.3119245601062696E7 8.181850553609604E7 6.09538129289154E7 5961951.4841486765 1.0279789289228974E8 2.673377400325196E8 1.3887570037936144E7 3.993412827903083E7 4.5667719143207856E7 9053274.308090094 
2.336260412449533E8 1.068696158816204E7 1.4603434768042866E7 1.1030850706407182E7 2.3648378016832036E8 6.146725798295521E7 2.690807590713073E8 2.4919206600512144E8 8.650593802788162E7 2.153485409948319E8 2.0183558874408994E7 1.3637248507745302E8 3.489612267615588E8 1.0201246273457393E7 2.7260819046015555E8 1.3119245601062696E7 8.181850553609604E7 6.09538129289154E7 5961951.4841486765 1.0279789289228974E8 2.673377400325196E8 1.3887570037936144E7 3.993412827903083E7 4.5667719143207856E7 9053274.308090094 
2.336260412449533E8 1.068696158816204E7 1.4603434768042866E7 1.1030850706407182E7 2.3648378016832036E8 6.146725798295521E7 2.690807590713073E8 2.4919206600512144E8 8.650593802788162E7 2.153485409948319E8 2.0183558874408994E7 1.3637248507745302E8 3.489612267615588E8 1.0201246273457393E7 2.7260819046015555E8 1.3119245601062696E7 8.181850553609604E7 6.09538129289154E7 5961951.4841486765 1.0279789289228974E8 2.673377400325196E8 1.3887570037936144E7 3.993412827903083E7 4.5667719143207856E7 9053274.308090094 
2.336260412449533E8 1.068696158816204E7 1.4603434768042866E7 1.1030850706407182E7 2.3648378016832036E8 6.146725798295521E7 2.690807590713073E8 2.4919206600512144E8 8.650593802788162E7 2.153485409948319E8 2.0183558874408994E7 1.3637248507745302E8 3.489612267615588E8 1.0201246273457393E7 2.7260819046015555E8 1.3119245601062696E7 8.181850553609604E7 6.09538129289154E7 5961951.4841486765 1.0279789289228974E8 2.673377400325196E8 1.3887570037936144E7 3.993412827903083E7 4.5667719143207856E7 9053274.308090094 
2.336260412449533E8 1.068696158816204E7 1.4603434768042866E7 1.1030850706407182E7 2.3648378016832036E8 6.146725798295521E7 2.690807590713073E8 2.4919206600512144E8 8.650593802788162E7 2.153485409948319E8 2.0183558874408994E7 1.3637248507745302E8 3.489612267615588E8 1.0201246273457393E7 2.7260819046015555E8 1.3119245601062696E7 8.181850553609604E7 6.09538129289154E7 5961951.4841486765 1.0279789289228974E8 2.673377400325196E8 1.3887570037936144E7 3.993412827903083E7 4.5667719143207856E7 9053274.308090094 
2.336260412449533E8 1.068696158816204E7 1.4603434768042866E7 1.1030850706407182E7 2.3648378016832036E8 6.146725798295521E7 2.690807590713073E8 2.4919206600512144E8 8.650593802788162E7 2.153485409948319E8 2.0183558874408994E7 1.3637248507745302E8 3.489612267615588E8 1.0201246273457393E7 2.7260819046015555E8 1.3119245601062696E7 8.181850553609604E7 6.09538129289154E7 5961951.4841486765 1.0279789289228974E8 2.673377400325196E8 1.3887570037936144E7 3.993412827903083E7 4.5667719143207856E7 9053274.308090094 
2.336260412449533E8 1.068696158816204E7 1.4603434768042866E7 1.1030850706407182E7 2.3648378016832036E8 6.146725798295521E7 2.690807590713073E8 2.4919206600512144E8 8.650593802788162E7 2.153485409948319E8 2.0183558874408994E7 1.3637248507745302E8 3.489612267615588E8 1.0201246273457393E7 2.7260819046015555E8 1.3119245601062696E7 8.181850553609604E7 6.09538129289154E7 5961951.4841486765 1.0279789289228974E8 2.673377400325196E8 1.3887570037936144E7 3.993412827903083E7 4.5667719143207856E7 9053274.308090094 
2.336260412449533E8 1.068696158816204E7 1.4603434768042866E7 1.1030850706407182E7 2.3648378016832036E8 6.146725798295521E7 2.690807590713073E8 2.4919206600512144E8 8.650593802788162E7 2.153485409948319E8 2.0183558874408994E7 1.3637248507745302E8 3.489612267615588E8 1.0201246273457393E7 2.7260819046015555E8 1.3119245601062696E7 8.181850553609604E7 6.09538129289154E7 5961951.4841486765 1.0279789289228974E8 2.673377400325196E8 1.3887570037936144E7 3.993412827903083E7 4.5667719143207856E7 9053274.308090094 
2.336260412449533E8 1.068696158816204E7 1.4603434768042866E7 1.1030850706407182E7 2.3648378016832036E8 6.146725798295521E7 2.690807590713073E8 2.4919206600512144E8 8.650593802788162E7 2.153485409948319E8 2.0183558874408994E7 1.3637248507745302E8 3.489612267615588E8 1.0201246273457393E7 2.7260819046015555E8 1.3119245601062696E7 8.181850553609604E7 6.09538129289154E7 5961951.4841486765 1.0279789289228974E8 2.673377400325196E8 1.3887570037936144E7 3.993412827903083E7 4.5667719143207856E7 9053274.308090094 
2.336260412449533E8 1.068696158816204E7 1.4603434768042866E7 1.1030850706407182E7 2.3648378016832036E8 6.146725798295521E7 2.690807590713073E8 2.4919206600512144E8 8.650593802788162E7 2.153485409948319E8 2.0183558874408994E7 1.3637248507745302E8 3.489612267615588E8 1.0201246273457393E7 2.7260819046015555E8 1.3119245601062696E7 8.181850553609604E7 6.09538129289154E7 5961951.4841486765 1.0279789289228974E8 2.673377400325196E8 1.3887570037936144E7 3.993412827903083E7 4.5667719143207856E7 9053274.308090094 
2.336260412449533E8 1.068696158816204E7 1.4603434768042866E7 1.1030850706407182E7 2.3648378016832036E8 6.146725798295521E7 2.690807590713073E8 2.4919206600512144E8 8.650593802788162E7 2.153485409948319E8 2.0183558874408994E7 1.3637248507745302E8 3.489612267615588E8 1.0201246273457393E7 2.7260819046015555E8 1.3119245601062696E7 8.181850553609604E7 6.09538129289154E7 5961951.4841486765 1.0279789289228974E8 2.673377400325196E8 1.3887570037936144E7 3.993412827903083E7 4.5667719143207856E7 9053274.308090094 
2.336260412449533E8 1.068696158816204E7 1.4603434768042866E7 1.1030850706407182E7 2.3648378016832036E8 6.146725798295521E7 2.690807590713073E8 2.4919206600512144E8 8.650593802788162E7 2.153485409948319E8 2.0183558874408994E7 1.3637248507745302E8 3.489612267615588E8 1.0201246273457393E7 2.7260819046015555E8 1.3119245601062696E7 8.181850553609604E7 6.09538129289154E7 5961951.4841486765 1.0279789289228974E8 2.673377400325196E8 1.3887570037936144E7 3.993412827903083E7 4.5667719143207856E7 9053274.308090094 
2.336260412449533E8 1.068696158816204E7 1.4603434768042866E7 1.1030850706407182E7 2.3648378016832036E8 6.146725798295521E7 2.690807590713073E8 2.4919206600512144E8 8.650593802788162E7 2.153485409948319E8 2.0183558874408994E7 1.3637248507745302E8 3.489612267615588E8 1.0201246273457393E7 2.7260819046015555E8 1.3119245601062696E7 8.181850553609604E7 6.09538129289154E7 5961951.4841486765 1.0279789289228974E8 2.673377400325196E8 1.3887570037936144E7 3.993412827903083E7 4.5667719143207856E7 9053274.308090094 
2.336260412449533E8 1.068696158816204E7 1.4603434768042866E7 1.1030850706407182E7 2.3648378016832036E8 6.146725798295521E7 2.690807590713073E8 2.4919206600512144E8 8.650593802788162E7 2.153485409948319E8 2.0183558874408994E7 1.3637248507745302E8 3.489612267615588E8 1.0201246273457393E7 2.7260819046015555E8 1.3119245601062696E7 8.181850553609604E7 6.09538129289154E7 5961951.4841486765 1.0279789289228974E8 2.673377400325196E8 1.3887570037936144E7 3.993412827903083E7 4.5667719143207856E7 9053274.308090094 
2.336260412449533E8 1.068696158816204E7 1.4603434768042866E7 1.1030850706407182E7 2.3648378016832036E8 6.146725798295521E7 2.690807590713073E8 2.4919206600512144E8 8.650593802788162E7 2.153485409948319E8 2.0183558874408994E7 1.3637248507745302E8 3.489612267615588E8 1.0201246273457393E7 2.7260819046015555E8 1.3119245601062696E7 8.181850553609604E7 6.09538129289154E7 5961951.4841486765 1.0279789289228974E8 2.673377400325196E8 1.3887570037936144E7 3.993412827903083E7 4.5667719143207856E7 9053274.308090094 
2.336260412449533E8 1.068696158816204E7 1.4603434768042866E7 1.1030850706407182E7 2.3648378016832036E8 6.146725798295521E7 2.690807590713073E8 2.4919206600512144E8 8.650593802788162E7 2.153485409948319E8 2.0183558874408994E7 1.3637248507745302E8 3.489612267615588E8 1.0201246273457393E7 2.7260819046015555E8 1.3119245601062696E7 8.181850553609604E7 6.09538129289154E7 5961951.4841486765 1.0279789289228974E8 2.673377400325196E8 1.3887570037936144E7 3.993412827903083E7 4.5667719143207856E7 9053274.308090094 
2.336260412449533E8 1.068696158816204E7 1.4603434768042866E7 1.1030850706407182E7 2.3648378016832036E8 6.146725798295521E7 2.690807590713073E8 2.4919206600512144E8 8.650593802788162E7 2.153485409948319E8 2.0183558874408994E7 1.3637248507745302E8 3.489612267615588E8 1.0201246273457393E7 2.7260819046015555E8 1.3119245601062696E7 8.181850553609604E7 6.09538129289154E7 5961951.4841486765 1.0279789289228974E8 2.673377400325196E8 1.3887570037936144E7 3.993412827903083E7 4.5667719143207856E7 9053274.308090094 
2.336260412449533E8 1.068696158816204E7 1.4603434768042866E7 1.1030850706407182E7 2.3648378016832036E8 6.146725798295521E7 2.690807590713073E8 2.4919206600512144E8 8.650593802788162E7 2.153485409948319E8 2.0183558874408994E7 1.3637248507745302E8 3.489612267615588E8 1.0201246273457393E7 2.7260819046015555E8 1.3119245601062696E7 8.181850553609604E7 6.09538129289154E7 5961951.4841486765 1.0279789289228974E8 2.673377400325196E8 1.3887570037936144E7 3.993412827903083E7 4.5667719143207856E7 9053274.308090094 
2.336260412449533E8 1.068696158816204E7 1.4603434768042866E7 1.1030850706407182E7 2.3648378016832036E8 6.146725798295521E7 2.690807590713073E8 2.4919206600512144E8 8.650593802788162E7 2.153485409948319E8 2.0183558874408994E7 1.3637248507745302E8 3.489612267615588E8 1.0201246273457393E7 2.7260819046015555E8 1.3119245601062696E7 8.181850553609604E7 6.09538129289154E7 5961951.4841486765 1.0279789289228974E8 2.673377400325196E8 1.3887570037936144E7 3.993412827903083E7 4.5667719143207856E7 9053274.308090094 
2.336260412449533E8 1.068696158816204E7 1.4603434768042866E7 1.1030850706407182E7 2.3648378016832036E8 6.146725798295521E7 2.690807590713073E8 2.4919206600512144E8 8.650593802788162E7 2.153485409948319E8 2.0183558874408994E7 1.3637248507745302E8 3.489612267615588E8 1.0201246273457393E7 2.7260819046015555E8 1.3119245601062696E7 8.181850553609604E7 6.09538129289154E7 5961951.4841486765 1.0279789289228974E8 2.673377400325196E8 1.3887570037936144E7 3.993412827903083E7 4.5667719143207856E7 9053274.308090094 
2.336260412449533E8 1.068696158816204E7 1.4603434768042866E7 1.1030850706407182E7 2.3648378016832036E8 6.146725798295521E7 2.690807590713073E8 2.4919206600512144E8 8.650593802788162E7 2.153485409948319E8 2.0183558874408994E7 1.3637248507745302E8 3.489612267615588E8 1.0201246273457393E7 2.7260819046015555E8 1.3119245601062696E7 8.181850553609604E7 6.09538129289154E7 5961951.4841486765 1.0279789289228974E8 2.673377400325196E8 1.3887570037936144E7 3.993412827903083E7 4.5667719143207856E7 9053274.308090094 
2.336260412449533E8 1.068696158816204E7 1.4603434768042866E7 1.1030850706407182E7 2.3648378016832036E8 6.146725798295521E7 2.690807590713073E8 2.4919206600512144E8 8.650593802788162E7 2.153485409948319E8 2.0183558874408994E7 1.3637248507745302E8 3.489612267615588E8 1.0201246273457393E7 2.7260819046015555E8 1.3119245601062696E7 8.181850553609604E7 6.09538129289154E7 5961951.4841486765 1.0279789289228974E8 2.673377400325196E8 1.3887570037936144E7 3.993412827903083E7 4.5667719143207856E7 9053274.308090094 
2.336260412449533E8 1.068696158816204E7 1.4603434768042866E7 1.1030850706407182E7 2.3648378016832036E8 6.146725798295521E7 2.690807590713073E8 2.4919206600512144E8 8.650593802788162E7 2.153485409948319E8 2.0183558874408994E7 1.3637248507745302E8 3.489612267615588E8 1.0201246273457393E7 2.7260819046015555E8 1.3119245601062696E7 8.181850553609604E7 6.09538129289154E7 5961951.4841486765 1.0279789289228974E8 2.673377400325196E8 1.3887570037936144E7 3.993412827903083E7 4.5667719143207856E7 9053274.308090094 
2.336260412449533E8 1.068696158816204E7 1.4603434768042866E7 1.1030850706407182E7 2.3648378016832036E8 6.146725798295521E7 2.690807590713073E8 2.4919206600512144E8 8.650593802788162E7 2.153485409948319E8 2.0183558874408994E7 1.3637248507745302E8 3.489612267615588E8 1.0201246273457393E7 2.7260819046015555E8 1.3119245601062696E7 8.181850553609604E7 6.09538129289154E7 5961951.4841486765 1.0279789289228974E8 2.673377400325196E8 1.3887570037936144E7 3.993412827903083E7 4.5667719143207856E7 9053274.308090094 
2.336260412449533E8 1.068696158816204E7 1.4603434768042866E7 1.1030850706407182E7 2.3648378016832036E8 6.146725798295521E7 2.690807590713073E8 2.4919206600512144E8 8.650593802788162E7 2.153485409948319E8 2.0183558874408994E7 1.3637248507745302E8 3.489612267615588E8 1.0201246273457393E7 2.7260819046015555E8 1.3119245601062696E7 8.181850553609604E7 6.09538129289154E7 5961951.4841486765 1.0279789289228974E8 2.673377400325196E8 1.3887570037936144E7 3.993412827903083E7 4.5667719143207856E7 9053274.308090094 
2.336260412449533E8 1.068696158816204E7 1.4603434768042866E7 1.1030850706407182E7 2.3648378016832036E8 6.146725798295521E7 2.690807590713073E8 2.4919206600512144E8 8.650593802788162E7 2.153485409948319E8 2.0183558874408994E7 1.3637248507745302E8 3.489612267615588E8 1.0201246273457393E7 2.7260819046015555E8 1.3119245601062696E7 8.181850553609604E7 6.09538129289154E7 5961951.4841486765 1.0279789289228974E8 2.673377400325196E8 1.3887570037936144E7 3.993412827903083E7 4.5667719143207856E7 9053274.308090094 
2.336260412449533E8 1.068696158816204E7 1.4603434768042866E7 1.1030850706407182E7 2.3648378016832036E8 6.146725798295521E7 2.690807590713073E8 2.4919206600512144E8 8.650593802788162E7 2.153485409948319E8 2.0183558874408994E7 1.3637248507745302E8 3.489612267615588E8 1.0201246273457393E7 2.7260819046015555E8 1.3119245601062696E7 8.181850553609604E7 6.09538129289154E7 5961951.4841486765 1.0279789289228974E8 2.673377400325196E8 1.3887570037936144E7 3.993412827903083E7 4.5667719143207856E7 9053274.308090094 
2.336260412449533E8 1.068696158816204E7 1.4603434768042866E7 1.1030850706407182E7 2.3648378016832036E8 6.146725798295521E7 2.690807590713073E8 2.4919206600512144E8 8.650593802788162E7 2.153485409948319E8 2.0183558874408994E7 1.3637248507745302E8 3.489612267615588E8 1.0201246273457393E7 2.7260819046015555E8 1.3119245601062696E7 8.181850553609604E7 6.09538129289154E7 5961951.4841486765 1.0279789289228974E8 2.673377400325196E8 1.3887570037936144E7 3.993412827903083E7 4.5667719143207856E7 9053274.308090094 
2.336260412449533E8 1.068696158816204E7 1.4603434768042866E7 1.1030850706407182E7 2.3648378016832036E8 6.146725798295521E7 2.690807590713073E8 2.4919206600512144E8 8.650593802788162E7 2.153485409948319E8 2.0183558874408994E7 1.3637248507745302E8 3.489612267615588E8 1.0201246273457393E7 2.7260819046015555E8 1.3119245601062696E7 8.181850553609604E7 6.09538129289154E7 5961951.4841486765 1.0279789289228974E8 2.673377400325196E8 1.3887570037936144E7 3.993412827903083E7 4.5667719143207856E7 9053274.308090094 
2.336260412449533E8 1.068696158816204E7 1.4603434768042866E7 1.1030850706407182E7 2.3648378016832036E8 6.146725798295521E7 2.690807590713073E8 2.4919206600512144E8 8.650593802788162E7 2.153485409948319E8 2.0183558874408994E7 1.3637248507745302E8 3.489612267615588E8 1.0201246273457393E7 2.7260819046015555E8 1.3119245601062696E7 8.181850553609604E7 6.09538129289154E7 5961951.4841486765 1.0279789289228974E8 2.673377400325196E8 1.3887570037936144E7 3.993412827903083E7 4.5667719143207856E7 9053274.308090094 
2.336260412449533E8 1.068696158816204E7 1.4603434768042866E7 1.1030850706407182E7 2.3648378016832036E8 6.146725798295521E7 2.690807590713073E8 2.4919206600512144E8 8.650593802788162E7 2.153485409948319E8 2.0183558874408994E7 1.3637248507745302E8 3.489612267615588E8 1.0201246273457393E7 2.7260819046015555E8 1.3119245601062696E7 8.181850553609604E7 6.09538129289154E7 5961951.4841486765 1.0279789289228974E8 2.673377400325196E8 1.3887570037936144E7 3.993412827903083E7 4.5667719143207856E7 9053274.308090094 
2.336260412449533E8 1.068696158816204E7 1.4603434768042866E7 1.1030850706407182E7 2.3648378016832036E8 6.146725798295521E7 2.690807590713073E8 2.4919206600512144E8 8.650593802788162E7 2.153485409948319E8 2.0183558874408994E7 1.3637248507745302E8 3.489612267615588E8 1.0201246273457393E7 2.7260819046015555E8 1.3119245601062696E7 8.181850553609604E7 6.09538129289154E7 5961951.4841486765 1.0279789289228974E8 2.673377400325196E8 1.3887570037936144E7 3.993412827903083E7 4.5667719143207856E7 9053274.308090094 
2.336260412449533E8 1.068696158816204E7 1.4603434768042866E7 1.1030850706407182E7 2.3648378016832036E8 6.146725798295521E7 2.3889080872061133E8 2.4919206600512144E8 8.650593802788162E7 2.153485409948319E8 2.0183558874408994E7 1.3637248507745302E8 3.489612267615588E8 1.0201246273457393E7 2.7260819046015555E8 1.3119245601062696E7 8.181850553609604E7 6.09538129289154E7 5961951.4841486765 1.0279789289228974E8 2.673377400325196E8 1.3887570037936144E7 3.993412827903083E7 4.5667719143207856E7 9053274.308090094 
2.336260412449533E8 1.068696158816204E7 1.4603434768042866E7 1.1030850706407182E7 2.3648378016832036E8 6.146725798295521E7 2.3831729368431485E8 2.4919206600512144E8 8.650593802788162E7 2.153485409948319E8 2.0183558874408994E7 1.3637248507745302E8 3.489612267615588E8 1.0201246273457393E7 2.7260819046015555E8 1.3119245601062696E7 8.181850553609604E7 6.09538129289154E7 5961951.4841486765 1.0279789289228974E8 2.673377400325196E8 1.3887570037936144E7 3.993412827903083E7 4.5667719143207856E7 9053274.308090094 
2.336260412449533E8 1.068696158816204E7 1.4603434768042866E7 1.1030850706407182E7 2.3648378016832036E8 6.146725798295521E7 2.3667516366699284E8 2.4919206600512144E8 8.650593802788162E7 2.153485409948319E8 2.0183558874408994E7 1.3637248507745302E8 3.489612267615588E8 1.0201246273457393E7 2.7260819046015555E8 1.3119245601062696E7 8.181850553609604E7 6.09538129289154E7 5961951.4841486765 1.0279789289228974E8 2.673377400325196E8 1.3887570037936144E7 3.993412827903083E7 4.5667719143207856E7 9053274.308090094 
2.336260412449533E8 1.068696158816204E7 1.4603434768042866E7 1.1030850706407182E7 2.3648378016832036E8 6.146725798295521E7 2.3567889009878495E8 2.4919206600512144E8 8.650593802788162E7 2.153485409948319E8 2.0183558874408994E7 1.3637248507745302E8 3.489612267615588E8 1.0201246273457393E7 2.7260819046015555E8 1.3119245601062696E7 8.181850553609604E7 6.09538129289154E7 5961951.4841486765 1.0279789289228974E8 2.673377400325196E8 1.3887570037936144E7 3.993412827903083E7 4.5667719143207856E7 9053274.308090094 
2.336260412449533E8 1.068696158816204E7 1.4603434768042866E7 1.1030850706407182E7 2.3648378016832036E8 6.146725798295521E7 2.355490067914914E8 2.4919206600512144E8 8.650593802788162E7 2.153485409948319E8 2.0183558874408994E7 1.3637248507745302E8 3.489612267615588E8 1.0201246273457393E7 2.7260819046015555E8 1.3119245601062696E7 8.181850553609604E7 6.09538129289154E7 5961951.4841486765 1.0279789289228974E8 2.673377400325196E8 1.3887570037936144E7 3.993412827903083E7 4.5667719143207856E7 9053274.308090094 
2.336260412449533E8 1.068696158816204E7 1.4603434768042866E7 1.1030850706407182E7 2.3648378016832036E8 6.146725798295521E7 2.355490067914914E8 2.4919206600512144E8 8.650593802788162E7 2.153485409948319E8 2.0183558874408994E7 1.3637248507745302E8 3.489612267615588E8 1.0201246273457393E7 2.7260819046015555E8 1.3119245601062696E7 8.181850553609604E7 6.09538129289154E7 5961951.4841486765 1.0279789289228974E8 2.673377400325196E8 1.3887570037936144E7 3.993412827903083E7 4.5667719143207856E7 9053274.308090094 
2.336260412449533E8 1.068696158816204E7 1.4603434768042866E7 1.1030850706407182E7 2.3648378016832036E8 6.146725798295521E7 2.3479186123302907E8 2.4919206600512144E8 8.650593802788162E7 2.153485409948319E8 2.0183558874408994E7 1.3637248507745302E8 3.489612267615588E8 1.0201246273457393E7 2.7260819046015555E8 1.3119245601062696E7 8.181850553609604E7 6.09538129289154E7 5961951.4841486765 1.0279789289228974E8 2.673377400325196E8 1.3887570037936144E7 3.993412827903083E7 4.5667719143207856E7 9053274.308090094 
2.336260412449533E8 1.068696158816204E7 1.4603434768042866E7 1.1030850706407182E7 2.3648378016832036E8 6.146725798295521E7 2.3470807737943754E8 2.4919206600512144E8 8.650593802788162E7 2.153485409948319E8 2.0183558874408994E7 1.3637248507745302E8 3.489612267615588E8 1.0201246273457393E7 2.7260819046015555E8 1.3119245601062696E7 8.181850553609604E7 6.09538129289154E7 5961951.4841486765 1.0279789289228974E8 2.673377400325196E8 1.3887570037936144E7 3.993412827903083E7 4.5667719143207856E7 9053274.308090094 
2.336260412449533E8 1.068696158816204E7 1.4603434768042866E7 1.1030850706407182E7 2.3648378016832036E8 6.146725798295521E7 2.3463609411765835E8 2.4919206600512144E8 8.650593802788162E7 2.153485409948319E8 2.0183558874408994E7 1.3637248507745302E8 3.489612267615588E8 1.0201246273457393E7 2.7260819046015555E8 1.3119245601062696E7 8.181850553609604E7 6.09538129289154E7 5961951.4841486765 1.0279789289228974E8 2.673377400325196E8 1.3887570037936144E7 3.993412827903083E7 4.5667719143207856E7 9053274.308090094 
2.336260412449533E8 1.068696158816204E7 1.4603434768042866E7 1.1030850706407182E7 2.3648378016832036E8 6.146725798295521E7 2.3444688622337562E8 2.4919206600512144E8 8.650593802788162E7 2.153485409948319E8 2.0183558874408994E7 1.3637248507745302E8 3.489612267615588E8 1.0201246273457393E7 2.7260819046015555E8 1.3119245601062696E7 8.181850553609604E7 6.09538129289154E7 5961951.4841486765 1.0279789289228974E8 2.673377400325196E8 1.3887570037936144E7 3.993412827903083E7 4.5667719143207856E7 9053274.308090094 
2.336260412449533E8 1.068696158816204E7 1.4603434768042866E7 1.1030850706407182E7 2.3648378016832036E8 6.146725798295521E7 2.3444688622337562E8 2.4919206600512144E8 8.650593802788162E7 2.153485409948319E8 2.0183558874408994E7 1.3637248507745302E8 3.489612267615588E8 1.0201246273457393E7 2.7260819046015555E8 1.3119245601062696E7 8.181850553609604E7 6.09538129289154E7 5961951.4841486765 1.0279789289228974E8 2.673377400325196E8 1.3887570037936144E7 3.993412827903083E7 4.5667719143207856E7 9053274.308090094 
2.336260412449533E8 1.068696158816204E7 1.4603434768042866E7 1.1030850706407182E7 2.3648378016832036E8 6.146725798295521E7 2.3443672824698445E8 2.4919206600512144E8 8.650593802788162E7 2.153485409948319E8 2.0183558874408994E7 1.3637248507745302E8 3.489612267615588E8 1.0201246273457393E7 2.7260819046015555E8 1.3119245601062696E7 8.181850553609604E7 6.09538129289154E7 5961951.4841486765 1.0279789289228974E8 2.673377400325196E8 1.3887570037936144E7 3.993412827903083E7 4.5667719143207856E7 9053274.308090094 
2.336260412449533E8 1.068696158816204E7 1.4603434768042866E7 1.1030850706407182E7 2.3648378016832036E8 6.146725798295521E7 2.343888777053012E8 2.4919206600512144E8 8.650593802788162E7 2.153485409948319E8 2.0183558874408994E7 1.3637248507745302E8 3.489612267615588E8 1.0201246273457393E7 2.7260819046015555E8 1.3119245601062696E7 8.181850553609604E7 6.09538129289154E7 5961951.4841486765 1.0279789289228974E8 2.673377400325196E8 1.3887570037936144E7 3.993412827903083E7 4.5667719143207856E7 9053274.308090094 
2.336260412449533E8 1.068696158816204E7 1.4603434768042866E7 1.1030850706407182E7 2.3648378016832036E8 6.146725798295521E7 2.3438519890954837E8 2.4919206600512144E8 8.650593802788162E7 2.153485409948319E8 2.0183558874408994E7 1.3637248507745302E8 3.489612267615588E8 1.0201246273457393E7 2.7260819046015555E8 1.3119245601062696E7 8.181850553609604E7 6.09538129289154E7 5961951.4841486765 1.0279789289228974E8 2.673377400325196E8 1.3887570037936144E7 3.993412827903083E7 4.5667719143207856E7 9053274.308090094 
2.336260412449533E8 1.068696158816204E7 1.4603434768042866E7 1.1030850706407182E7 2.3648378016832036E8 6.146725798295521E7 2.3438455746103075E8 2.4919206600512144E8 8.650593802788162E7 2.153485409948319E8 2.0183558874408994E7 1.3637248507745302E8 3.489612267615588E8 1.0201246273457393E7 2.7260819046015555E8 1.3119245601062696E7 8.181850553609604E7 6.09538129289154E7 5961951.4841486765 1.0279789289228974E8 2.673377400325196E8 1.3887570037936144E7 3.993412827903083E7 4.5667719143207856E7 9053274.308090094 
2.336260412449533E8 1.068696158816204E7 1.4603434768042866E7 1.1030850706407182E7 2.3648378016832036E8 6.146725798295521E7 2.3438214970559877E8 2.4919206600512144E8 8.650593802788162E7 2.153485409948319E8 2.0183558874408994E7 1.3637248507745302E8 3.489612267615588E8 1.0201246273457393E7 2.7260819046015555E8 1.3119245601062696E7 8.181850553609604E7 6.09538129289154E7 5961951.4841486765 1.0279789289228974E8 2.673377400325196E8 1.3887570037936144E7 3.993412827903083E7 4.5667719143207856E7 9053274.308090094 
2.336260412449533E8 1.068696158816204E7 1.4603434768042866E7 1.1030850706407182E7 2.3648378016832036E8 6.146725798295521E7 2.3438189789496627E8 2.4919206600512144E8 8.650593802788162E7 2.153485409948319E8 2.0183558874408994E7 1.3637248507745302E8 3.489612267615588E8 1.0201246273457393E7 2.7260819046015555E8 1.3119245601062696E7 8.181850553609604E7 6.09538129289154E7 5961951.4841486765 1.0279789289228974E8 2.673377400325196E8 1.3887570037936144E7 3.993412827903083E7 4.5667719143207856E7 9053274.308090094 
2.336260412449533E8 1.068696158816204E7 1.4603434768042866E7 1.1030850706407182E7 2.3648378016832036E8 6.146725798295521E7 2.3438189767519048E8 2.4919206600512144E8 8.650593802788162E7 2.153485409948319E8 2.0183558874408994E7 1.3637248507745302E8 3.489612267615588E8 1.0201246273457393E7 2.7260819046015555E8 1.3119245601062696E7 8.181850553609604E7 6.09538129289154E7 5961951.4841486765 1.0279789289228974E8 2.673377400325196E8 1.3887570037936144E7 3.993412827903083E7 4.5667719143207856E7 9053274.308090094 
2.336260412449533E8 1.068696158816204E7 1.4603434768042866E7 1.1030850706407182E7 2.3648378016832036E8 6.146725798295521E7 2.3438141394256517E8 2.4919206600512144E8 8.650593802788162E7 2.153485409948319E8 2.0183558874408994E7 1.3637248507745302E8 3.489612267615588E8 1.0201246273457393E7 2.7260819046015555E8 1.3119245601062696E7 8.181850553609604E7 6.09538129289154E7 5961951.4841486765 1.0279789289228974E8 2.673377400325196E8 1.3887570037936144E7 3.993412827903083E7 4.5667719143207856E7 9053274.308090094 
2.336260412449533E8 1.068696158816204E7 1.4603434768042866E7 1.1030850706407182E7 2.3648378016832036E8 6.146725798295521E7 2.3438065673887274E8 2.4919206600512144E8 8.650593802788162E7 2.153485409948319E8 2.0183558874408994E7 1.3637248507745302E8 3.489612267615588E8 1.0201246273457393E7 2.7260819046015555E8 1.3119245601062696E7 8.181850553609604E7 6.09538129289154E7 5961951.4841486765 1.0279789289228974E8 2.673377400325196E8 1.3887570037936144E7 3.993412827903083E7 4.5667719143207856E7 9053274.308090094 
2.336260412449533E8 1.068696158816204E7 1.4603434768042866E7 1.1030850706407182E7 2.3648378016832036E8 6.146725798295521E7 2.3438064637590763E8 2.4919206600512144E8 8.650593802788162E7 2.153485409948319E8 2.0183558874408994E7 1.3637248507745302E8 3.489612267615588E8 1.0201246273457393E7 2.7260819046015555E8 1.3119245601062696E7 8.181850553609604E7 6.09538129289154E7 5961951.4841486765 1.0279789289228974E8 2.673377400325196E8 1.3887570037936144E7 3.993412827903083E7 4.5667719143207856E7 9053274.308090094 
2.336260412449533E8 1.068696158816204E7 1.4603434768042866E7 1.1030850706407182E7 2.3648378016832036E8 6.146725798295521E7 2.3438064637590763E8 2.4919206600512144E8 8.650593802788162E7 2.153485409948319E8 2.0183558874408994E7 1.3637248507745302E8 3.489612267615588E8 1.0201246273457393E7 2.7260819046015555E8 1.3119245601062696E7 8.181850553609604E7 6.09538129289154E7 5961951.4841486765 1.0279789289228974E8 2.673377400325196E8 1.3887570037936144E7 3.993412827903083E7 4.5667719143207856E7 9053274.308090094 
2.336260412449533E8 1.068696158816204E7 1.4603434768042866E7 1.1030850706407182E7 2.3648378016832036E8 6.146725798295521E7 2.3437992278920868E8 2.4919206600512144E8 8.650593802788162E7 2.153485409948319E8 2.0183558874408994E7 1.3637248507745302E8 3.489612267615588E8 1.0201246273457393E7 2.7260819046015555E8 1.3119245601062696E7 8.181850553609604E7 6.09538129289154E7 5961951.4841486765 1.0279789289228974E8 2.673377400325196E8 1.3887570037936144E7 3.993412827903083E7 4.5667719143207856E7 9053274.308090094 
2.336260412449533E8 1.068696158816204E7 1.4603434768042866E7 1.1030850706407182E7 2.3648378016832036E8 6.146725798295521E7 2.3437973089200512E8 2.4919206600512144E8 8.650593802788162E7 2.153485409948319E8 2.0183558874408994E7 1.3637248507745302E8 3.489612267615588E8 1.0201246273457393E7 2.7260819046015555E8 1.3119245601062696E7 8.181850553609604E7 6.09538129289154E7 5961951.4841486765 1.0279789289228974E8 2.673377400325196E8 1.3887570037936144E7 3.993412827903083E7 4.5667719143207856E7 9053274.308090094 
2.336260412449533E8 1.068696158816204E7 1.4603434768042866E7 1.1030850706407182E7 2.3648378016832036E8 6.146725798295521E7 2.3437966634093186E8 2.4919206600512144E8 8.650593802788162E7 2.153485409948319E8 2.0183558874408994E7 1.3637248507745302E8 3.489612267615588E8 1.0201246273457393E7 2.7260819046015555E8 1.3119245601062696E7 8.181850553609604E7 6.09538129289154E7 5961951.4841486765 1.0279789289228974E8 2.673377400325196E8 1.3887570037936144E7 3.993412827903083E7 4.5667719143207856E7 9053274.308090094 
2.336260412449533E8 1.068696158816204E7 1.4603434768042866E7 1.1030850706407182E7 2.3648378016832036E8 6.146725798295521E7 2.343796621514117E8 2.4919206600512144E8 8.650593802788162E7 2.153485409948319E8 2.0183558874408994E7 1.3637248507745302E8 3.489612267615588E8 1.0201246273457393E7 2.7260819046015555E8 1.3119245601062696E7 8.181850553609604E7 6.09538129289154E7 5961951.4841486765 1.0279789289228974E8 2.673377400325196E8 1.3887570037936144E7 3.993412827903083E7 4.5667719143207856E7 9053274.308090094 
2.336260412449533E8 1.068696158816204E7 1.4603434768042866E7 1.1030850706407182E7 2.3648378016832036E8 6.146725798295521E7 2.3437963733850548E8 2.4919206600512144E8 8.650593802788162E7 2.153485409948319E8 2.0183558874408994E7 1.3637248507745302E8 3.489612267615588E8 1.0201246273457393E7 2.7260819046015555E8 1.3119245601062696E7 8.181850553609604E7 6.09538129289154E7 5961951.4841486765 1.0279789289228974E8 2.673377400325196E8 1.3887570037936144E7 3.993412827903083E7 4.5667719143207856E7 9053274.308090094 
2.336260412449533E8 1.068696158816204E7 1.4603434768042866E7 1.1030850706407182E7 2.3648378016832036E8 6.146725798295521E7 2.3437960949425757E8 2.4919206600512144E8 8.650593802788162E7 2.153485409948319E8 2.0183558874408994E7 1.3637248507745302E8 3.489612267615588E8 1.0201246273457393E7 2.7260819046015555E8 1.3119245601062696E7 8.181850553609604E7 6.09538129289154E7 5961951.4841486765 1.0279789289228974E8 2.673377400325196E8 1.3887570037936144E7 3.993412827903083E7 4.5667719143207856E7 9053274.308090094 
2.336260412449533E8 1.068696158816204E7 1.4603434768042866E7 1.1030850706407182E7 2.3648378016832036E8 6.146725798295521E7 2.343796093523593E8 2.4919206600512144E8 8.650593802788162E7 2.153485409948319E8 2.0183558874408994E7 1.3637248507745302E8 3.489612267615588E8 1.0201246273457393E7 2.7260819046015555E8 1.3119245601062696E7 8.181850553609604E7 6.09538129289154E7 5961951.4841486765 1.0279789289228974E8 2.673377400325196E8 1.3887570037936144E7 3.993412827903083E7 4.5667719143207856E7 9053274.308090094 
2.336260412449533E8 1.068696158816204E7 1.4603434768042866E7 1.1030850706407182E7 2.3648378016832036E8 6.146725798295521E7 2.343796093523593E8 2.4919206600512144E8 8.650593802788162E7 2.153485409948319E8 2.0183558874408994E7 1.3637248507745302E8 3.489612267615588E8 1.0201246273457393E7 2.7260819046015555E8 1.3119245601062696E7 8.181850553609604E7 6.09538129289154E7 5961951.4841486765 1.0279789289228974E8 2.673377400325196E8 1.3887570037936144E7 3.993412827903083E7 4.5667719143207856E7 9053274.308090094 
2.336260412449533E8 1.068696158816204E7 1.4603434768042866E7 1.1030850706407182E7 2.3648378016832036E8 6.146725798295521E7 2.343796093523593E8 2.4919206600512144E8 8.650593802788162E7 2.153485409948319E8 2.0183558874408994E7 1.3637248507745302E8 3.489612267615588E8 1.0201246273457393E7 2.7260819046015555E8 1.3119245601062696E7 8.181850553609604E7 6.09538129289154E7 5961951.4841486765 1.0279789289228974E8 2.673377400325196E8 1.3887570037936144E7 3.993412827903083E7 4.5667719143207856E7 9053274.308090094 
2.336260412449533E8 1.068696158816204E7 1.4603434768042866E7 1.1030850706407182E7 2.3648378016832036E8 6.146725798295521E7 2.343796093523593E8 2.4919206600512144E8 8.650593802788162E7 2.153485409948319E8 2.0183558874408994E7 1.3637248507745302E8 3.489612267615588E8 1.0201246273457393E7 2.7260819046015555E8 1.3119245601062696E7 8.181850553609604E7 6.09538129289154E7 5961951.4841486765 1.0279789289228974E8 2.673377400325196E8 1.3887570037936144E7 3.993412827903083E7 4.5667719143207856E7 9053274.308090094 
2.336260412449533E8 1.068696158816204E7 1.4603434768042866E7 1.1030850706407182E7 2.3648378016832036E8 6.146725798295521E7 2.3437960934430236E8 2.4919206600512144E8 8.650593802788162E7 2.153485409948319E8 2.0183558874408994E7 1.3637248507745302E8 3.489612267615588E8 1.0201246273457393E7 2.7260819046015555E8 1.3119245601062696E7 8.181850553609604E7 6.09538129289154E7 5961951.4841486765 1.0279789289228974E8 2.673377400325196E8 1.3887570037936144E7 3.993412827903083E7 4.5667719143207856E7 9053274.308090094 
2.336260412449533E8 1.068696158816204E7 1.4603434768042866E7 1.1030850706407182E7 2.3648378016832036E8 6.146725798295521E7 2.3437960931066188E8 2.4919206600512144E8 8.650593802788162E7 2.153485409948319E8 2.0183558874408994E7 1.3637248507745302E8 3.489612267615588E8 1.0201246273457393E7 2.7260819046015555E8 1.3119245601062696E7 8.181850553609604E7 6.09538129289154E7 5961951.4841486765 1.0279789289228974E8 2.673377400325196E8 1.3887570037936144E7 3.993412827903083E7 4.5667719143207856E7 9053274.308090094 
2.336260412449533E8 1.068696158816204E7 1.4603434768042866E7 1.1030850706407182E7 2.3648378016832036E8 6.146725798295521E7 2.343796093000025E8 2.4919206600512144E8 8.650593802788162E7 2.153485409948319E8 2.0183558874408994E7 1.3637248507745302E8 3.489612267615588E8 1.0201246273457393E7 2.7260819046015555E8 1.3119245601062696E7 8.181850553609604E7 6.09538129289154E7 5961951.4841486765 1.0279789289228974E8 2.673377400325196E8 1.3887570037936144E7 3.993412827903083E7 4.5667719143207856E7 9053274.308090094 
2.336260412449533E8 1.068696158816204E7 1.4603434768042866E7 1.1030850706407182E7 2.3648378016832036E8 6.146725798295521E7 2.343796092987003E8 2.4919206600512144E8 8.650593802788162E7 2.153485409948319E8 2.0183558874408994E7 1.3637248507745302E8 3.489612267615588E8 1.0201246273457393E7 2.7260819046015555E8 1.3119245601062696E7 8.181850553609604E7 6.09538129289154E7 5961951.4841486765 1.0279789289228974E8 2.673377400325196E8 1.3887570037936144E7 3.993412827903083E7 4.5667719143207856E7 9053274.308090094 
2.336260412449533E8 1.068696158816204E7 1.4603434768042866E7 1.1030850706407182E7 2.3648378016832036E8 6.146725798295521E7 2.3437960929398265E8 2.4919206600512144E8 8.650593802788162E7 2.153485409948319E8 2.0183558874408994E7 1.3637248507745302E8 3.489612267615588E8 1.0201246273457393E7 2.7260819046015555E8 1.3119245601062696E7 8.181850553609604E7 6.09538129289154E7 5961951.4841486765 1.0279789289228974E8 2.673377400325196E8 1.3887570037936144E7 3.993412827903083E7 4.5667719143207856E7 9053274.308090094 
2.336260412449533E8 1.068696158816204E7 1.4603434768042866E7 1.1030850706407182E7 2.3648378016832036E8 6.146725798295521E7 2.3437960929253024E8 2.4919206600512144E8 8.650593802788162E7 2.153485409948319E8 2.0183558874408994E7 1.3637248507745302E8 3.489612267615588E8 1.0201246273457393E7 2.7260819046015555E8 1.3119245601062696E7 8.181850553609604E7 6.09538129289154E7 5961951.4841486765 1.0279789289228974E8 2.673377400325196E8 1.3887570037936144E7 3.993412827903083E7 4.5667719143207856E7 9053274.308090094 
2.336260412449533E8 1.068696158816204E7 1.4603434768042866E7 1.1030850706407182E7 2.3648378016832036E8 6.146725798295521E7 2.3437960929253024E8 2.4919206600512144E8 8.650593802788162E7 2.153485409948319E8 2.0183558874408994E7 1.3637248507745302E8 3.489612267615588E8 1.0201246273457393E7 2.7260819046015555E8 1.3119245601062696E7 8.181850553609604E7 6.09538129289154E7 5961951.4841486765 1.0279789289228974E8 2.673377400325196E8 1.3887570037936144E7 3.993412827903083E7 4.5667719143207856E7 9053274.308090094 
2.336260412449533E8 1.068696158816204E7 1.4603434768042866E7 1.1030850706407182E7 2.3648378016832036E8 6.146725798295521E7 2.3437960929229894E8 2.4919206600512144E8 8.650593802788162E7 2.153485409948319E8 2.0183558874408994E7 1.3637248507745302E8 3.489612267615588E8 1.0201246273457393E7 2.7260819046015555E8 1.3119245601062696E7 8.181850553609604E7 6.09538129289154E7 5961951.4841486765 1.0279789289228974E8 2.673377400325196E8 1.3887570037936144E7 3.993412827903083E7 4.5667719143207856E7 9053274.308090094 
2.336260412449533E8 1.068696158816204E7 1.4603434768042866E7 1.1030850706407182E7 2.3648378016832036E8 6.146725798295521E7 2.3437960929152972E8 2.4919206600512144E8 8.650593802788162E7 2.153485409948319E8 2.0183558874408994E7 1.3637248507745302E8 3.489612267615588E8 1.0201246273457393E7 2.7260819046015555E8 1.3119245601062696E7 8.181850553609604E7 6.09538129289154E7 5961951.4841486765 1.0279789289228974E8 2.673377400325196E8 1.3887570037936144E7 3.993412827903083E7 4.5667719143207856E7 9053274.308090094 
2.336260412449533E8 1.068696158816204E7 1.4603434768042866E7 1.1030850706407182E7 2.3648378016832036E8 6.146725798295521E7 2.3437960929152972E8 2.4919206600512144E8 8.650593802788162E7 2.153485409948319E8 2.0183558874408994E7 1.3637248507745302E8 3.489612267615588E8 1.0201246273457393E7 2.7260819046015555E8 1.3119245601062696E7 8.181850553609604E7 6.09538129289154E7 5961951.4841486765 1.0279789289228974E8 2.673377400325196E8 1.3887570037936144E7 3.993412827903083E7 4.5667719143207856E7 9053274.308090094 
2.336260412449533E8 1.068696158816204E7 1.4603434768042866E7 1.1030850706407182E7 2.3648378016832036E8 6.146725798295521E7 2.3437960929152972E8 2.4919206600512144E8 8.650593802788162E7 2.153485409948319E8 2.0183558874408994E7 1.3637248507745302E8 3.489612267615588E8 1.0201246273457393E7 2.7260819046015555E8 1.3119245601062696E7 8.181850553609604E7 6.09538129289154E7 5961951.4841486765 1.0279789289228974E8 2.673377400325196E8 1.3887570037936144E7 3.993412827903083E7 4.5667719143207856E7 9053274.308090094 
2.336260412449533E8 1.068696158816204E7 1.4603434768042866E7 1.1030850706407182E7 2.3648378016832036E8 6.146725798295521E7 2.3437960929152972E8 2.4919206600512144E8 8.650593802788162E7 2.153485409948319E8 2.0183558874408994E7 1.3637248507745302E8 3.489612267615588E8 1.0201246273457393E7 2.7260819046015555E8 1.3119245601062696E7 8.181850553609604E7 6.09538129289154E7 5961951.4841486765 1.0279789289228974E8 2.673377400325196E8 1.3887570037936144E7 3.993412827903083E7 4.5667719143207856E7 9053274.308090094 
2.336260412449533E8 1.068696158816204E7 1.4603434768042866E7 1.1030850706407182E7 2.3648378016832036E8 6.146725798295521E7 2.3437960929152972E8 2.4919206600512144E8 8.650593802788162E7 2.153485409948319E8 2.0183558874408994E7 1.3637248507745302E8 3.489612267615588E8 1.0201246273457393E7 2.7260819046015555E8 1.3119245601062696E7 8.181850553609604E7 6.09538129289154E7 5961951.4841486765 1.0279789289228974E8 2.673377400325196E8 1.3887570037936144E7 3.993412827903083E7 4.5667719143207856E7 9053274.308090094 
2.336260412449533E8 1.068696158816204E7 1.4603434768042866E7 1.1030850706407182E7 2.3648378016832036E8 6.146725798295521E7 2.34379609291502E8 2.4919206600512144E8 8.650593802788162E7 2.153485409948319E8 2.0183558874408994E7 1.3637248507745302E8 3.489612267615588E8 1.0201246273457393E7 2.7260819046015555E8 1.3119245601062696E7 8.181850553609604E7 6.09538129289154E7 5961951.4841486765 1.0279789289228974E8 2.673377400325196E8 1.3887570037936144E7 3.993412827903083E7 4.5667719143207856E7 9053274.308090094 
2.336260412449533E8 1.068696158816204E7 1.4603434768042866E7 1.1030850706407182E7 2.3648378016832036E8 6.146725798295521E7 2.34379609291502E8 2.4919206600512144E8 8.650593802788162E7 2.153485409948319E8 2.0183558874408994E7 1.3637248507745302E8 3.489612267615588E8 1.0201246273457393E7 2.7260819046015555E8 1.3119245601062696E7 8.181850553609604E7 6.09538129289154E7 5961951.4841486765 1.0279789289228974E8 2.673377400325196E8 1.3887570037936144E7 3.993412827903083E7 4.5667719143207856E7 9053274.308090094 
2.336260412449533E8 1.068696158816204E7 1.4603434768042866E7 1.1030850706407182E7 2.3648378016832036E8 6.146725798295521E7 2.343796092913582E8 2.4919206600512144E8 8.650593802788162E7 2.153485409948319E8 2.0183558874408994E7 1.3637248507745302E8 3.489612267615588E8 1.0201246273457393E7 2.7260819046015555E8 1.3119245601062696E7 8.181850553609604E7 6.09538129289154E7 5961951.4841486765 1.0279789289228974E8 2.673377400325196E8 1.3887570037936144E7 3.993412827903083E7 4.5667719143207856E7 9053274.308090094 
2.336260412449533E8 1.068696158816204E7 1.4603434768042866E7 1.1030850706407182E7 2.3648378016832036E8 6.146725798295521E7 2.3437960929132748E8 2.4919206600512144E8 8.650593802788162E7 2.153485409948319E8 2.0183558874408994E7 1.3637248507745302E8 3.489612267615588E8 1.0201246273457393E7 2.7260819046015555E8 1.3119245601062696E7 8.181850553609604E7 6.09538129289154E7 5961951.4841486765 1.0279789289228974E8 2.673377400325196E8 1.3887570037936144E7 3.993412827903083E7 4.5667719143207856E7 9053274.308090094 
2.336260412449533E8 1.068696158816204E7 1.4603434768042866E7 1.1030850706407182E7 2.3648378016832036E8 6.146725798295521E7 2.3437960929132748E8 2.4919206600512144E8 8.650593802788162E7 2.153485409948319E8 2.0183558874408994E7 1.3637248507745302E8 3.489612267615588E8 1.0201246273457393E7 2.7260819046015555E8 1.3119245601062696E7 8.181850553609604E7 6.09538129289154E7 5961951.4841486765 1.0279789289228974E8 2.673377400325196E8 1.3887570037936144E7 3.993412827903083E7 4.5667719143207856E7 9053274.308090094 
2.336260412449533E8 1.068696158816204E7 1.4603434768042866E7 1.1030850706407182E7 2.3648378016832036E8 6.146725798295521E7 2.3437960929132468E8 2.4919206600512144E8 8.650593802788162E7 2.153485409948319E8 2.0183558874408994E7 1.3637248507745302E8 3.489612267615588E8 1.0201246273457393E7 2.7260819046015555E8 1.3119245601062696E7 8.181850553609604E7 6.09538129289154E7 5961951.4841486765 1.0279789289228974E8 2.673377400325196E8 1.3887570037936144E7 3.993412827903083E7 4.5667719143207856E7 9053274.308090094 
2.336260412449533E8 1.068696158816204E7 1.4603434768042866E7 1.1030850706407182E7 2.3648378016832036E8 6.146725798295521E7 2.34379609291324E8 2.4919206600512144E8 8.650593802788162E7 2.153485409948319E8 2.0183558874408994E7 1.3637248507745302E8 3.489612267615588E8 1.0201246273457393E7 2.7260819046015555E8 1.3119245601062696E7 8.181850553609604E7 6.09538129289154E7 5961951.4841486765 1.0279789289228974E8 2.673377400325196E8 1.3887570037936144E7 3.993412827903083E7 4.5667719143207856E7 9053274.308090094 
2.336260412449533E8 1.068696158816204E7 1.4603434768042866E7 1.1030850706407182E7 2.3648378016832036E8 6.146725798295521E7 2.34379609291324E8 2.4919206600512144E8 8.650593802788162E7 2.153485409948319E8 2.0183558874408994E7 1.3637248507745302E8 3.489612267615588E8 1.0201246273457393E7 2.7260819046015555E8 1.3119245601062696E7 8.181850553609604E7 6.09538129289154E7 5961951.4841486765 1.0279789289228974E8 2.673377400325196E8 1.3887570037936144E7 3.993412827903083E7 4.5667719143207856E7 9053274.308090094 
2.336260412449533E8 1.068696158816204E7 1.4603434768042866E7 1.1030850706407182E7 2.3648378016832036E8 6.146725798295521E7 2.3437960929120925E8 2.4919206600512144E8 8.650593802788162E7 2.153485409948319E8 2.0183558874408994E7 1.3637248507745302E8 3.489612267615588E8 1.0201246273457393E7 2.7260819046015555E8 1.3119245601062696E7 8.181850553609604E7 6.09538129289154E7 5961951.4841486765 1.0279789289228974E8 2.673377400325196E8 1.3887570037936144E7 3.993412827903083E7 4.5667719143207856E7 9053274.308090094 
2.336260412449533E8 1.068696158816204E7 1.4603434768042866E7 1.1030850706407182E7 2.3648378016832036E8 6.146725798295521E7 2.343796092911984E8 2.4919206600512144E8 8.650593802788162E7 2.153485409948319E8 2.0183558874408994E7 1.3637248507745302E8 3.489612267615588E8 1.0201246273457393E7 2.7260819046015555E8 1.3119245601062696E7 8.181850553609604E7 6.09538129289154E7 5961951.4841486765 1.0279789289228974E8 2.673377400325196E8 1.3887570037936144E7 3.993412827903083E7 4.5667719143207856E7 9053274.308090094 
2.336260412449533E8 1.068696158816204E7 1.4603434768042866E7 1.1030850706407182E7 2.3648378016832036E8 6.146725798295521E7 2.343796092911984E8 2.4919206600512144E8 8.650593802788162E7 2.153485409948319E8 2.0183558874408994E7 1.3637248507745302E8 3.489612267615588E8 1.0201246273457393E7 2.7260819046015555E8 1.3119245601062696E7 8.181850553609604E7 6.09538129289154E7 5961951.4841486765 1.0279789289228974E8 2.673377400325196E8 1.3887570037936144E7 3.993412827903083E7 4.5667719143207856E7 9053274.308090094 
2.336260412449533E8 1.068696158816204E7 1.4603434768042866E7 1.1030850706407182E7 2.3648378016832036E8 6.146725798295521E7 2.343796092911984E8 2.4919206600512144E8 8.650593802788162E7 2.153485409948319E8 2.0183558874408994E7 1.3637248507745302E8 3.489612267615588E8 1.0201246273457393E7 2.7260819046015555E8 1.3119245601062696E7 8.181850553609604E7 6.09538129289154E7 5961951.4841486765 1.0279789289228974E8 2.673377400325196E8 1.3887570037936144E7 3.993412827903083E7 4.5667719143207856E7 9053274.308090094 
2.336260412449533E8 1.068696158816204E7 1.4603434768042866E7 1.1030850706407182E7 2.3648378016832036E8 6.146725798295521E7 2.343796092911984E8 2.4919206600512144E8 8.650593802788162E7 2.153485409948319E8 2.0183558874408994E7 1.3637248507745302E8 3.489612267615588E8 1.0201246273457393E7 2.7260819046015555E8 1.3119245601062696E7 8.181850553609604E7 6.09538129289154E7 5961951.4841486765 1.0279789289228974E8 2.673377400325196E8 1.3887570037936144E7 3.993412827903083E7 4.5667719143207856E7 9053274.308090094 
2.336260412449533E8 1.068696158816204E7 1.4603434768042866E7 1.1030850706407182E7 2.3648378016832036E8 6.146725798295521E7 2.343796092911984E8 2.4919206600512144E8 8.650593802788162E7 2.153485409948319E8 2.0183558874408994E7 1.3637248507745302E8 3.489612267615588E8 1.0201246273457393E7 2.7260819046015555E8 1.3119245601062696E7 8.181850553609604E7 6.09538129289154E7 5961951.4841486765 1.0279789289228974E8 2.673377400325196E8 1.3887570037936144E7 3.993412827903083E7 4.5667719143207856E7 9053274.308090094 
2.336260412449533E8 1.068696158816204E7 1.4603434768042866E7 1.1030850706407182E7 2.3648378016832036E8 6.146725798295521E7 2.3437960929119745E8 2.4919206600512144E8 8.650593802788162E7 2.153485409948319E8 2.0183558874408994E7 1.3637248507745302E8 3.489612267615588E8 1.0201246273457393E7 2.7260819046015555E8 1.3119245601062696E7 8.181850553609604E7 6.09538129289154E7 5961951.4841486765 1.0279789289228974E8 2.673377400325196E8 1.3887570037936144E7 3.993412827903083E7 4.5667719143207856E7 9053274.308090094 
2.336260412449533E8 1.068696158816204E7 1.4603434768042866E7 1.1030850706407182E7 2.3648378016832036E8 6.146725798295521E7 2.3437960929119745E8 2.4919206600512144E8 8.650593802788162E7 2.153485409948319E8 2.0183558874408994E7 1.3637248507745302E8 3.489612267615588E8 1.0201246273457393E7 2.7260819046015555E8 1.3119245601062696E7 8.181850553609604E7 6.09538129289154E7 5961951.4841486765 1.0279789289228974E8 2.673377400325196E8 1.3887570037936144E7 3.993412827903083E7 4.5667719143207856E7 9053274.308090094 
2.336260412449533E8 1.068696158816204E7 1.4603434768042866E7 1.1030850706407182E7 2.3648378016832036E8 6.146725798295521E7 2.3437960929119745E8 2.4919206600512144E8 8.650593802788162E7 2.153485409948319E8 2.0183558874408994E7 1.3637248507745302E8 3.489612267615588E8 1.0201246273457393E7 2.7260819046015555E8 1.3119245601062696E7 8.181850553609604E7 6.09538129289154E7 5961951.4841486765 1.0279789289228974E8 2.673377400325196E8 1.3887570037936144E7 3.993412827903083E7 4.5667719143207856E7 9053274.308090094 
2.336260412449533E8 1.068696158816204E7 1.4603434768042866E7 1.1030850706407182E7 2.3648378016832036E8 6.146725798295521E7 2.3437960929119697E8 2.4919206600512144E8 8.650593802788162E7 2.153485409948319E8 2.0183558874408994E7 1.3637248507745302E8 3.489612267615588E8 1.0201246273457393E7 2.7260819046015555E8 1.3119245601062696E7 8.181850553609604E7 6.09538129289154E7 5961951.4841486765 1.0279789289228974E8 2.673377400325196E8 1.3887570037936144E7 3.993412827903083E7 4.5667719143207856E7 9053274.308090094 
2.336260412449533E8 1.068696158816204E7 1.4603434768042866E7 1.1030850706407182E7 2.3648378016832036E8 6.146725798295521E7 2.3437960929119617E8 2.4919206600512144E8 8.650593802788162E7 2.153485409948319E8 2.0183558874408994E7 1.3637248507745302E8 3.489612267615588E8 1.0201246273457393E7 2.7260819046015555E8 1.3119245601062696E7 8.181850553609604E7 6.09538129289154E7 5961951.4841486765 1.0279789289228974E8 2.673377400325196E8 1.3887570037936144E7 3.993412827903083E7 4.5667719143207856E7 9053274.308090094 
2.336260412449533E8 1.068696158816204E7 1.4603434768042866E7 1.1030850706407182E7 2.3648378016832036E8 6.146725798295521E7 2.3437960929119208E8 2.4919206600512144E8 8.650593802788162E7 2.153485409948319E8 2.0183558874408994E7 1.3637248507745302E8 3.489612267615588E8 1.0201246273457393E7 2.7260819046015555E8 1.3119245601062696E7 8.181850553609604E7 6.09538129289154E7 5961951.4841486765 1.0279789289228974E8 2.673377400325196E8 1.3887570037936144E7 3.993412827903083E7 4.5667719143207856E7 9053274.308090094 
2.336260412449533E8 1.068696158816204E7 1.4603434768042866E7 1.1030850706407182E7 2.3648378016832036E8 6.146725798295521E7 2.3437960929119134E8 2.4919206600512144E8 8.650593802788162E7 2.153485409948319E8 2.0183558874408994E7 1.3637248507745302E8 3.489612267615588E8 1.0201246273457393E7 2.7260819046015555E8 1.3119245601062696E7 8.181850553609604E7 6.09538129289154E7 5961951.4841486765 1.0279789289228974E8 2.673377400325196E8 1.3887570037936144E7 3.993412827903083E7 4.5667719143207856E7 9053274.308090094 
2.336260412449533E8 1.068696158816204E7 1.4603434768042866E7 1.1030850706407182E7 2.3648378016832036E8 6.146725798295521E7 2.343796092911913E8 2.4919206600512144E8 8.650593802788162E7 2.153485409948319E8 2.0183558874408994E7 1.3637248507745302E8 3.489612267615588E8 1.0201246273457393E7 2.7260819046015555E8 1.3119245601062696E7 8.181850553609604E7 6.09538129289154E7 5961951.4841486765 1.0279789289228974E8 2.673377400325196E8 1.3887570037936144E7 3.993412827903083E7 4.5667719143207856E7 9053274.308090094 
2.336260412449533E8 1.068696158816204E7 1.4603434768042866E7 1.1030850706407182E7 2.3648378016832036E8 6.146725798295521E7 2.343796092911913E8 2.4919206600512144E8 8.650593802788162E7 2.153485409948319E8 2.0183558874408994E7 1.3637248507745302E8 3.489612267615588E8 1.0201246273457393E7 2.7260819046015555E8 1.3119245601062696E7 8.181850553609604E7 6.09538129289154E7 5961951.4841486765 1.0279789289228974E8 2.673377400325196E8 1.3887570037936144E7 3.993412827903083E7 4.5667719143207856E7 9053274.308090094 
2.336260412449533E8 1.068696158816204E7 1.4603434768042866E7 1.1030850706407182E7 2.3648378016832036E8 6.146725798295521E7 2.343796092911913E8 2.4919206600512144E8 8.650593802788162E7 2.153485409948319E8 2.0183558874408994E7 1.3637248507745302E8 3.489612267615588E8 1.0201246273457393E7 2.7260819046015555E8 1.3119245601062696E7 8.181850553609604E7 6.09538129289154E7 5961951.4841486765 1.0279789289228974E8 2.673377400325196E8 1.3887570037936144E7 3.993412827903083E7 4.5667719143207856E7 9053274.308090094 
2.336260412449533E8 1.068696158816204E7 1.4603434768042866E7 1.1030850706407182E7 2.3648378016832036E8 6.146725798295521E7 2.343796092911913E8 2.4919206600512144E8 8.650593802788162E7 2.153485409948319E8 2.0183558874408994E7 1.3637248507745302E8 3.489612267615588E8 1.0201246273457393E7 2.7260819046015555E8 1.3119245601062696E7 8.181850553609604E7 6.09538129289154E7 5961951.4841486765 1.0279789289228974E8 2.673377400325196E8 1.3887570037936144E7 3.993412827903083E7 4.5667719143207856E7 9053274.308090094 
2.336260412449533E8 1.068696158816204E7 1.4603434768042866E7 1.1030850706407182E7 2.3648378016832036E8 6.146725798295521E7 2.343796092911913E8 2.4919206600512144E8 8.650593802788162E7 2.153485409948319E8 2.0183558874408994E7 1.3637248507745302E8 3.489612267615588E8 1.0201246273457393E7 2.7260819046015555E8 1.3119245601062696E7 8.181850553609604E7 6.09538129289154E7 5961951.4841486765 1.0279789289228974E8 2.673377400325196E8 1.3887570037936144E7 3.993412827903083E7 4.5667719143207856E7 9053274.308090094 
2.336260412449533E8 1.068696158816204E7 1.4603434768042866E7 1.1030850706407182E7 2.3648378016832036E8 6.146725798295521E7 2.3437960929117298E8 2.4919206600512144E8 8.650593802788162E7 2.153485409948319E8 2.0183558874408994E7 1.3637248507745302E8 3.489612267615588E8 1.0201246273457393E7 2.7260819046015555E8 1.3119245601062696E7 8.181850553609604E7 6.09538129289154E7 5961951.4841486765 1.0279789289228974E8 2.673377400325196E8 1.3887570037936144E7 3.993412827903083E7 4.5667719143207856E7 9053274.308090094 
2.336260412449533E8 1.068696158816204E7 1.4603434768042866E7 1.1030850706407182E7 2.3648378016832036E8 6.146725798295521E7 2.3437960929117298E8 2.4919206600512144E8 8.650593802788162E7 2.153485409948319E8 2.0183558874408994E7 1.3637248507745302E8 3.489612267615588E8 1.0201246273457393E7 2.7260819046015555E8 1.3119245601062696E7 8.181850553609604E7 6.09538129289154E7 5961951.4841486765 1.0279789289228974E8 2.673377400325196E8 1.3887570037936144E7 3.993412827903083E7 4.5667719143207856E7 9053274.308090094 
2.336260412449533E8 1.068696158816204E7 1.4603434768042866E7 1.1030850706407182E7 2.3648378016832036E8 6.146725798295521E7 2.343796092911699E8 2.4919206600512144E8 8.650593802788162E7 2.153485409948319E8 2.0183558874408994E7 1.3637248507745302E8 3.489612267615588E8 1.0201246273457393E7 2.7260819046015555E8 1.3119245601062696E7 8.181850553609604E7 6.09538129289154E7 5961951.4841486765 1.0279789289228974E8 2.673377400325196E8 1.3887570037936144E7 3.993412827903083E7 4.5667719143207856E7 9053274.308090094 
2.336260412449533E8 1.068696158816204E7 1.4603434768042866E7 1.1030850706407182E7 2.3648378016832036E8 6.146725798295521E7 2.343796092911699E8 2.4919206600512144E8 8.650593802788162E7 2.153485409948319E8 2.0183558874408994E7 1.3637248507745302E8 3.489612267615588E8 1.0201246273457393E7 2.7260819046015555E8 1.3119245601062696E7 8.181850553609604E7 6.09538129289154E7 5961951.4841486765 1.0279789289228974E8 2.673377400325196E8 1.3887570037936144E7 3.993412827903083E7 4.5667719143207856E7 9053274.308090094 
2.336260412449533E8 1.068696158816204E7 1.4603434768042866E7 1.1030850706407182E7 2.3648378016832036E8 6.146725798295521E7 2.3437960929116946E8 2.4919206600512144E8 8.650593802788162E7 2.153485409948319E8 2.0183558874408994E7 1.3637248507745302E8 3.489612267615588E8 1.0201246273457393E7 2.7260819046015555E8 1.3119245601062696E7 8.181850553609604E7 6.09538129289154E7 5961951.4841486765 1.0279789289228974E8 2.673377400325196E8 1.3887570037936144E7 3.993412827903083E7 4.5667719143207856E7 9053274.308090094 
2.336260412449533E8 1.068696158816204E7 1.4603434768042866E7 1.1030850706407182E7 2.3648378016832036E8 6.146725798295521E7 2.3437960929116946E8 2.4919206600512144E8 8.650593802788162E7 2.153485409948319E8 2.0183558874408994E7 1.3637248507745302E8 3.489612267615588E8 1.0201246273457393E7 2.7260819046015555E8 1.3119245601062696E7 8.181850553609604E7 6.09538129289154E7 5961951.4841486765 1.0279789289228974E8 2.673377400325196E8 1.3887570037936144E7 3.993412827903083E7 4.5667719143207856E7 9053274.308090094 
2.336260412449533E8 1.068696158816204E7 1.4603434768042866E7 1.1030850706407182E7 2.3648378016832036E8 6.146725798295521E7 2.3437960929116923E8 2.4919206600512144E8 8.650593802788162E7 2.153485409948319E8 2.0183558874408994E7 1.3637248507745302E8 3.489612267615588E8 1.0201246273457393E7 2.7260819046015555E8 1.3119245601062696E7 8.181850553609604E7 6.09538129289154E7 5961951.4841486765 1.0279789289228974E8 2.673377400325196E8 1.3887570037936144E7 3.993412827903083E7 4.5667719143207856E7 9053274.308090094 
2.336260412449533E8 1.068696158816204E7 1.4603434768042866E7 1.1030850706407182E7 2.3648378016832036E8 6.146725798295521E7 2.3437960929116923E8 2.4919206600512144E8 8.650593802788162E7 2.153485409948319E8 2.0183558874408994E7 1.3637248507745302E8 3.489612267615588E8 1.0201246273457393E7 2.7260819046015555E8 1.3119245601062696E7 8.181850553609604E7 6.09538129289154E7 5961951.4841486765 1.0279789289228974E8 2.673377400325196E8 1.3887570037936144E7 3.993412827903083E7 4.5667719143207856E7 9053274.308090094 
2.336260412449533E8 1.068696158816204E7 1.4603434768042866E7 1.1030850706407182E7 2.3648378016832036E8 6.146725798295521E7 2.3437960929116905E8 2.4919206600512144E8 8.650593802788162E7 2.153485409948319E8 2.0183558874408994E7 1.3637248507745302E8 3.489612267615588E8 1.0201246273457393E7 2.7260819046015555E8 1.3119245601062696E7 8.181850553609604E7 6.09538129289154E7 5961951.4841486765 1.0279789289228974E8 2.673377400325196E8 1.3887570037936144E7 3.993412827903083E7 4.5667719143207856E7 9053274.308090094 
2.336260412449533E8 1.068696158816204E7 1.4603434768042866E7 1.1030850706407182E7 2.3648378016832036E8 6.146725798295521E7 2.3437960929116905E8 2.4919206600512144E8 8.650593802788162E7 2.153485409948319E8 2.0183558874408994E7 1.3637248507745302E8 3.489612267615588E8 1.0201246273457393E7 2.7260819046015555E8 1.3119245601062696E7 8.181850553609604E7 6.09538129289154E7 5961951.4841486765 1.0279789289228974E8 2.673377400325196E8 1.3887570037936144E7 3.993412827903083E7 4.5667719143207856E7 9053274.308090094 
2.336260412449533E8 1.068696158816204E7 1.4603434768042866E7 1.1030850706407182E7 2.3648378016832036E8 6.146725798295521E7 2.3437960929116902E8 2.4919206600512144E8 8.650593802788162E7 2.153485409948319E8 2.0183558874408994E7 1.3637248507745302E8 3.489612267615588E8 1.0201246273457393E7 2.7260819046015555E8 1.3119245601062696E7 8.181850553609604E7 6.09538129289154E7 5961951.4841486765 1.0279789289228974E8 2.673377400325196E8 1.3887570037936144E7 3.993412827903083E7 4.5667719143207856E7 9053274.308090094 
2.336260412449533E8 1.068696158816204E7 1.4603434768042866E7 1.1030850706407182E7 2.3648378016832036E8 6.146725798295521E7 2.3437960929116902E8 2.4919206600512144E8 8.650593802788162E7 2.153485409948319E8 2.0183558874408994E7 1.3637248507745302E8 3.489612267615588E8 1.0201246273457393E7 2.7260819046015555E8 1.3119245601062696E7 8.181850553609604E7 6.09538129289154E7 5961951.4841486765 1.0279789289228974E8 2.673377400325196E8 1.3887570037936144E7 3.993412827903083E7 4.5667719143207856E7 9053274.308090094 
2.336260412449533E8 1.068696158816204E7 1.4603434768042866E7 1.1030850706407182E7 2.3648378016832036E8 6.146725798295521E7 2.3437960929116902E8 2.4919206600512144E8 8.650593802788162E7 2.153485409948319E8 2.0183558874408994E7 1.3637248507745302E8 3.489612267615588E8 1.0201246273457393E7 2.7260819046015555E8 1.3119245601062696E7 8.181850553609604E7 6.09538129289154E7 5961951.4841486765 1.0279789289228974E8 2.673377400325196E8 1.3887570037936144E7 3.993412827903083E7 4.5667719143207856E7 9053274.308090094 
2.336260412449533E8 1.068696158816204E7 1.4603434768042866E7 1.1030850706407182E7 2.3648378016832036E8 6.146725798295521E7 2.3437960929116902E8 2.4919206600512144E8 8.650593802788162E7 2.153485409948319E8 2.0183558874408994E7 1.3637248507745302E8 3.489612267615588E8 1.0201246273457393E7 2.7260819046015555E8 1.3119245601062696E7 8.181850553609604E7 6.09538129289154E7 5961951.4841486765 1.0279789289228974E8 2.673377400325196E8 1.3887570037936144E7 3.993412827903083E7 4.5667719143207856E7 9053274.308090094 
2.336260412449533E8 1.068696158816204E7 1.4603434768042866E7 1.1030850706407182E7 2.3648378016832036E8 6.146725798295521E7 2.3437960929116902E8 2.4919206600512144E8 8.650593802788162E7 2.153485409948319E8 2.0183558874408994E7 1.3637248507745302E8 3.489612267615588E8 1.0201246273457393E7 2.7260819046015555E8 1.3119245601062696E7 8.181850553609604E7 6.09538129289154E7 5961951.4841486765 1.0279789289228974E8 2.673377400325196E8 1.3887570037936144E7 3.993412827903083E7 4.5667719143207856E7 9053274.308090094 
2.336260412449533E8 1.068696158816204E7 1.4603434768042866E7 1.1030850706407182E7 2.3648378016832036E8 6.146725798295521E7 2.3437960929116902E8 2.4919206600512144E8 8.650593802788162E7 2.153485409948319E8 2.0183558874408994E7 1.3637248507745302E8 3.489612267615588E8 1.0201246273457393E7 2.7260819046015555E8 1.3119245601062696E7 8.181850553609604E7 6.09538129289154E7 5961951.4841486765 1.0279789289228974E8 2.673377400325196E8 1.3887570037936144E7 3.993412827903083E7 4.5667719143207856E7 9053274.308090094 
2.336260412449533E8 1.068696158816204E7 1.4603434768042866E7 1.1030850706407182E7 2.3648378016832036E8 6.146725798295521E7 2.3437960929116902E8 2.4919206600512144E8 8.650593802788162E7 2.153485409948319E8 2.0183558874408994E7 1.3637248507745302E8 3.489612267615588E8 1.0201246273457393E7 2.7260819046015555E8 1.3119245601062696E7 8.181850553609604E7 6.09538129289154E7 5961951.4841486765 1.0279789289228974E8 2.673377400325196E8 1.3887570037936144E7 3.993412827903083E7 4.5667719143207856E7 9053274.308090094 
2.336260412449533E8 1.068696158816204E7 1.4603434768042866E7 1.1030850706407182E7 2.3648378016832036E8 6.146725798295521E7 2.3437960929116902E8 2.4919206600512144E8 8.650593802788162E7 2.153485409948319E8 2.0183558874408994E7 1.3637248507745302E8 3.489612267615588E8 1.0201246273457393E7 2.7260819046015555E8 1.3119245601062696E7 8.181850553609604E7 6.09538129289154E7 5961951.4841486765 1.0279789289228974E8 2.673377400325196E8 1.3887570037936144E7 3.993412827903083E7 4.5667719143207856E7 9053274.308090094 
2.336260412449533E8 1.068696158816204E7 1.4603434768042866E7 1.1030850706407182E7 2.3648378016832036E8 6.146725798295521E7 2.3437960929116902E8 2.4919206600512144E8 8.650593802788162E7 2.153485409948319E8 2.0183558874408994E7 1.3637248507745302E8 3.489612267615588E8 1.0201246273457393E7 2.7260819046015555E8 1.3119245601062696E7 8.181850553609604E7 6.09538129289154E7 5961951.4841486765 1.0279789289228974E8 2.673377400325196E8 1.3887570037936144E7 3.993412827903083E7 4.5667719143207856E7 9053274.308090094 
2.336260412449533E8 1.068696158816204E7 1.4603434768042866E7 1.1030850706407182E7 2.3648378016832036E8 6.146725798295521E7 2.3437960929116902E8 2.4919206600512144E8 8.650593802788162E7 2.153485409948319E8 2.0183558874408994E7 1.3637248507745302E8 3.489612267615588E8 1.0201246273457393E7 2.7260819046015555E8 1.3119245601062696E7 8.181850553609604E7 6.09538129289154E7 5961951.4841486765 1.0279789289228974E8 2.673377400325196E8 1.3887570037936144E7 3.993412827903083E7 4.5667719143207856E7 9053274.308090094 
2.336260412449533E8 1.068696158816204E7 1.4603434768042866E7 1.1030850706407182E7 2.3648378016832036E8 6.146725798295521E7 2.3437960929116902E8 2.4919206600512144E8 8.650593802788162E7 2.153485409948319E8 2.0183558874408994E7 1.3637248507745302E8 3.489612267615588E8 1.0201246273457393E7 2.7260819046015555E8 1.3119245601062696E7 8.181850553609604E7 6.09538129289154E7 5961951.4841486765 1.0279789289228974E8 2.673377400325196E8 1.3887570037936144E7 3.993412827903083E7 4.5667719143207856E7 9053274.308090094 
2.336260412449533E8 1.068696158816204E7 1.4603434768042866E7 1.1030850706407182E7 2.3648378016832036E8 6.146725798295521E7 2.3437960929116902E8 2.4919206600512144E8 8.650593802788162E7 2.153485409948319E8 2.0183558874408994E7 1.3637248507745302E8 3.489612267615588E8 1.0201246273457393E7 2.7260819046015555E8 1.3119245601062696E7 8.181850553609604E7 6.09538129289154E7 5961951.4841486765 1.0279789289228974E8 2.673377400325196E8 1.3887570037936144E7 3.993412827903083E7 4.5667719143207856E7 9053274.308090094 
2.336260412449533E8 1.068696158816204E7 1.4603434768042866E7 1.1030850706407182E7 2.3648378016832036E8 6.146725798295521E7 2.3437960929116902E8 2.4919206600512144E8 8.650593802788162E7 2.153485409948319E8 2.0183558874408994E7 1.3637248507745302E8 3.489612267615588E8 1.0201246273457393E7 2.7260819046015555E8 1.3119245601062696E7 8.181850553609604E7 6.09538129289154E7 5961951.4841486765 1.0279789289228974E8 2.673377400325196E8 1.3887570037936144E7 3.993412827903083E7 4.5667719143207856E7 9053274.308090094 
2.336260412449533E8 1.068696158816204E7 1.4603434768042866E7 1.1030850706407182E7 2.3648378016832036E8 6.146725798295521E7 2.3437960929116902E8 2.4919206600512144E8 8.650593802788162E7 2.153485409948319E8 2.0183558874408994E7 1.3637248507745302E8 3.489612267615588E8 1.0201246273457393E7 2.7260819046015555E8 1.3119245601062696E7 8.181850553609604E7 6.09538129289154E7 5961951.4841486765 1.0279789289228974E8 2.673377400325196E8 1.3887570037936144E7 3.993412827903083E7 4.5667719143207856E7 9053274.308090094 
2.336260412449533E8 1.068696158816204E7 1.4603434768042866E7 1.1030850706407182E7 2.3648378016832036E8 6.146725798295521E7 2.3437960929116902E8 2.4919206600512144E8 8.650593802788162E7 2.153485409948319E8 2.0183558874408994E7 1.3637248507745302E8 3.489612267615588E8 1.0201246273457393E7 2.7260819046015555E8 1.3119245601062696E7 8.181850553609604E7 6.09538129289154E7 5961951.4841486765 1.0279789289228974E8 2.673377400325196E8 1.3887570037936144E7 3.993412827903083E7 4.5667719143207856E7 9053274.308090094 
2.336260412449533E8 1.068696158816204E7 1.4603434768042866E7 1.1030850706407182E7 2.3648378016832036E8 6.146725798295521E7 2.3437960929116902E8 2.4919206600512144E8 8.650593802788162E7 2.153485409948319E8 2.0183558874408994E7 1.3637248507745302E8 3.489612267615588E8 1.0201246273457393E7 2.7260819046015555E8 1.3119245601062696E7 8.181850553609604E7 6.09538129289154E7 5961951.4841486765 1.0279789289228974E8 2.673377400325196E8 1.3887570037936144E7 3.993412827903083E7 4.5667719143207856E7 9053274.308090094 
2.336260412449533E8 1.068696158816204E7 1.4603434768042866E7 1.1030850706407182E7 2.3648378016832036E8 6.146725798295521E7 2.3437960929116902E8 2.4919206600512144E8 8.650593802788162E7 2.153485409948319E8 2.0183558874408994E7 1.3637248507745302E8 3.489612267615588E8 1.0201246273457393E7 2.7260819046015555E8 1.3119245601062696E7 8.181850553609604E7 6.09538129289154E7 5961951.4841486765 1.0279789289228974E8 2.673377400325196E8 1.3887570037936144E7 3.993412827903083E7 4.5667719143207856E7 9053274.308090094 
2.336260412449533E8 1.068696158816204E7 1.4603434768042866E7 1.1030850706407182E7 2.3648378016832036E8 6.146725798295521E7 2.3437960929116902E8 2.4919206600512144E8 8.650593802788162E7 2.153485409948319E8 2.0183558874408994E7 1.3637248507745302E8 3.489612267615588E8 1.0201246273457393E7 2.7260819046015555E8 1.3119245601062696E7 8.181850553609604E7 6.09538129289154E7 5961951.4841486765 1.0279789289228974E8 2.673377400325196E8 1.3887570037936144E7 3.993412827903083E7 4.5667719143207856E7 9053274.308090094 
2.336260412449533E8 1.068696158816204E7 1.4603434768042866E7 1.1030850706407182E7 2.3648378016832036E8 6.146725798295521E7 2.3437960929116902E8 2.4919206600512144E8 8.650593802788162E7 2.153485409948319E8 2.0183558874408994E7 1.3637248507745302E8 3.489612267615588E8 1.0201246273457393E7 2.7260819046015555E8 1.3119245601062696E7 8.181850553609604E7 6.09538129289154E7 5961951.4841486765 1.0279789289228974E8 2.673377400325196E8 1.3887570037936144E7 3.993412827903083E7 4.5667719143207856E7 9053274.308090094 
2.336260412449533E8 1.068696158816204E7 1.4603434768042866E7 1.1030850706407182E7 2.3648378016832036E8 6.146725798295521E7 2.3437960929116902E8 2.4919206600512144E8 8.650593802788162E7 2.153485409948319E8 2.0183558874408994E7 1.3637248507745302E8 3.489612267615588E8 1.0201246273457393E7 2.7260819046015555E8 1.3119245601062696E7 8.181850553609604E7 6.09538129289154E7 5961951.4841486765 1.0279789289228974E8 2.673377400325196E8 1.3887570037936144E7 3.993412827903083E7 4.5667719143207856E7 9053274.308090094 
2.336260412449533E8 1.068696158816204E7 1.4603434768042866E7 1.1030850706407182E7 2.3648378016832036E8 6.146725798295521E7 2.3437960929116902E8 2.4919206600512144E8 8.650593802788162E7 2.153485409948319E8 2.0183558874408994E7 1.3637248507745302E8 3.489612267615588E8 1.0201246273457393E7 2.7260819046015555E8 1.3119245601062696E7 8.181850553609604E7 6.09538129289154E7 5961951.4841486765 1.0279789289228974E8 2.673377400325196E8 1.3887570037936144E7 3.993412827903083E7 4.5667719143207856E7 9053274.308090094 
2.336260412449533E8 1.068696158816204E7 1.4603434768042866E7 1.1030850706407182E7 2.3648378016832036E8 6.146725798295521E7 2.3437960929116902E8 2.4919206600512144E8 8.650593802788162E7 2.153485409948319E8 2.0183558874408994E7 1.3637248507745302E8 3.489612267615588E8 1.0201246273457393E7 2.7260819046015555E8 1.3119245601062696E7 8.181850553609604E7 6.09538129289154E7 5961951.4841486765 1.0279789289228974E8 2.673377400325196E8 1.3887570037936144E7 3.993412827903083E7 4.5667719143207856E7 9053274.308090094 
2.336260412449533E8 1.068696158816204E7 1.4603434768042866E7 1.1030850706407182E7 2.3648378016832036E8 6.146725798295521E7 2.3437960929116902E8 2.4919206600512144E8 8.650593802788162E7 2.153485409948319E8 2.0183558874408994E7 1.3637248507745302E8 3.489612267615588E8 1.0201246273457393E7 2.7260819046015555E8 1.3119245601062696E7 8.181850553609604E7 6.09538129289154E7 5961951.4841486765 1.0279789289228974E8 2.673377400325196E8 1.3887570037936144E7 3.993412827903083E7 4.5667719143207856E7 9053274.308090094 
2.336260412449533E8 1.068696158816204E7 1.4603434768042866E7 1.1030850706407182E7 2.3648378016832036E8 6.146725798295521E7 2.3437960929116902E8 2.4919206600512144E8 8.650593802788162E7 2.153485409948319E8 2.0183558874408994E7 1.3637248507745302E8 3.489612267615588E8 1.0201246273457393E7 2.7260819046015555E8 1.3119245601062696E7 8.181850553609604E7 6.09538129289154E7 5961951.4841486765 1.0279789289228974E8 2.673377400325196E8 1.3887570037936144E7 3.993412827903083E7 4.5667719143207856E7 9053274.308090094 
2.336260412449533E8 1.068696158816204E7 1.4603434768042866E7 1.1030850706407182E7 2.3648378016832036E8 6.146725798295521E7 2.3437960929116902E8 2.4919206600512144E8 8.650593802788162E7 2.153485409948319E8 2.0183558874408994E7 1.3637248507745302E8 3.489612267615588E8 1.0201246273457393E7 2.7260819046015555E8 1.3119245601062696E7 8.181850553609604E7 6.09538129289154E7 5961951.4841486765 1.0279789289228974E8 2.673377400325196E8 1.3887570037936144E7 3.993412827903083E7 4.5667719143207856E7 9053274.308090094 
2.336260412449533E8 1.068696158816204E7 1.4603434768042866E7 1.1030850706407182E7 2.3648378016832036E8 6.146725798295521E7 2.3437960929116902E8 2.4919206600512144E8 8.650593802788162E7 2.153485409948319E8 2.0183558874408994E7 1.3637248507745302E8 3.489612267615588E8 1.0201246273457393E7 2.7260819046015555E8 1.3119245601062696E7 8.181850553609604E7 6.09538129289154E7 5961951.4841486765 1.0279789289228974E8 2.673377400325196E8 1.3887570037936144E7 3.993412827903083E7 4.5667719143207856E7 9053274.308090094 
2.336260412449533E8 1.068696158816204E7 1.4603434768042866E7 1.1030850706407182E7 2.3648378016832036E8 6.146725798295521E7 2.3437960929116902E8 2.4919206600512144E8 8.650593802788162E7 2.153485409948319E8 2.0183558874408994E7 1.3637248507745302E8 3.489612267615588E8 1.0201246273457393E7 2.7260819046015555E8 1.3119245601062696E7 8.181850553609604E7 6.09538129289154E7 5961951.4841486765 1.0279789289228974E8 2.673377400325196E8 1.3887570037936144E7 3.993412827903083E7 4.5667719143207856E7 9053274.308090094 
2.336260412449533E8 1.068696158816204E7 1.4603434768042866E7 1.1030850706407182E7 2.3648378016832036E8 6.146725798295521E7 2.3437960929116902E8 2.4919206600512144E8 8.650593802788162E7 2.153485409948319E8 2.0183558874408994E7 1.3637248507745302E8 3.489612267615588E8 1.0201246273457393E7 2.7260819046015555E8 1.3119245601062696E7 8.181850553609604E7 6.09538129289154E7 5961951.4841486765 1.0279789289228974E8 2.673377400325196E8 1.3887570037936144E7 3.993412827903083E7 4.5667719143207856E7 9053274.308090094 
2.336260412449533E8 1.068696158816204E7 1.4603434768042866E7 1.1030850706407182E7 2.3648378016832036E8 6.146725798295521E7 2.3437960929116902E8 2.4919206600512144E8 8.650593802788162E7 2.153485409948319E8 2.0183558874408994E7 1.3637248507745302E8 3.489612267615588E8 1.0201246273457393E7 2.7260819046015555E8 1.3119245601062696E7 8.181850553609604E7 6.09538129289154E7 5961951.4841486765 1.0279789289228974E8 2.673377400325196E8 1.3887570037936144E7 3.993412827903083E7 4.5667719143207856E7 9053274.308090094 
2.336260412449533E8 1.068696158816204E7 1.4603434768042866E7 1.1030850706407182E7 2.3648378016832036E8 6.146725798295521E7 2.3437960929116902E8 2.4919206600512144E8 8.650593802788162E7 2.153485409948319E8 2.0183558874408994E7 1.3637248507745302E8 3.489612267615588E8 1.0201246273457393E7 2.7260819046015555E8 1.3119245601062696E7 8.181850553609604E7 6.09538129289154E7 5961951.4841486765 1.0279789289228974E8 2.673377400325196E8 1.3887570037936144E7 3.993412827903083E7 4.5667719143207856E7 9053274.308090094 
2.336260412449533E8 1.068696158816204E7 1.4603434768042866E7 1.1030850706407182E7 2.3648378016832036E8 6.146725798295521E7 2.3437960929116902E8 2.4919206600512144E8 8.650593802788162E7 2.153485409948319E8 2.0183558874408994E7 1.3637248507745302E8 3.489612267615588E8 1.0201246273457393E7 2.7260819046015555E8 1.3119245601062696E7 8.181850553609604E7 6.09538129289154E7 5961951.4841486765 1.0279789289228974E8 2.673377400325196E8 1.3887570037936144E7 3.993412827903083E7 4.5667719143207856E7 9053274.308090094 
2.336260412449533E8 1.068696158816204E7 1.4603434768042866E7 1.1030850706407182E7 2.3648378016832036E8 6.146725798295521E7 2.3437960929116902E8 2.4919206600512144E8 8.650593802788162E7 2.153485409948319E8 2.0183558874408994E7 1.3637248507745302E8 3.489612267615588E8 1.0201246273457393E7 2.7260819046015555E8 1.3119245601062696E7 8.181850553609604E7 6.09538129289154E7 5961951.4841486765 1.0279789289228974E8 2.673377400325196E8 1.3887570037936144E7 3.993412827903083E7 4.5667719143207856E7 9053274.308090094 
2.336260412449533E8 1.068696158816204E7 1.4603434768042866E7 1.1030850706407182E7 2.3648378016832036E8 6.146725798295521E7 2.3437960929116902E8 2.4919206600512144E8 8.650593802788162E7 2.153485409948319E8 2.0183558874408994E7 1.3637248507745302E8 3.489612267615588E8 1.0201246273457393E7 2.7260819046015555E8 1.3119245601062696E7 8.181850553609604E7 6.09538129289154E7 5961951.4841486765 1.0279789289228974E8 2.673377400325196E8 1.3887570037936144E7 3.993412827903083E7 4.5667719143207856E7 9053274.308090094 
2.336260412449533E8 1.068696158816204E7 1.4603434768042866E7 1.1030850706407182E7 2.3648378016832036E8 6.146725798295521E7 2.3437960929116902E8 2.4919206600512144E8 8.650593802788162E7 2.153485409948319E8 2.0183558874408994E7 1.3637248507745302E8 3.489612267615588E8 1.0201246273457393E7 2.7260819046015555E8 1.3119245601062696E7 8.181850553609604E7 6.09538129289154E7 5961951.4841486765 1.0279789289228974E8 2.673377400325196E8 1.3887570037936144E7 3.993412827903083E7 4.5667719143207856E7 9053274.308090094 
2.336260412449533E8 1.068696158816204E7 1.4603434768042866E7 1.1030850706407182E7 2.3648378016832036E8 6.146725798295521E7 2.3437960929116902E8 2.4919206600512144E8 8.650593802788162E7 2.153485409948319E8 2.0183558874408994E7 1.3637248507745302E8 3.489612267615588E8 1.0201246273457393E7 2.7260819046015555E8 1.3119245601062696E7 8.181850553609604E7 6.09538129289154E7 5961951.4841486765 1.0279789289228974E8 2.673377400325196E8 1.3887570037936144E7 3.993412827903083E7 4.5667719143207856E7 9053274.308090094 
2.336260412449533E8 1.068696158816204E7 1.4603434768042866E7 1.1030850706407182E7 2.3648378016832036E8 6.146725798295521E7 2.3437960929116902E8 2.4919206600512144E8 8.650593802788162E7 2.153485409948319E8 2.0183558874408994E7 1.3637248507745302E8 3.489612267615588E8 1.0201246273457393E7 2.7260819046015555E8 1.3119245601062696E7 8.181850553609604E7 6.09538129289154E7 5961951.4841486765 1.0279789289228974E8 2.673377400325196E8 1.3887570037936144E7 3.993412827903083E7 4.5667719143207856E7 9053274.308090094 
2.336260412449533E8 1.068696158816204E7 1.4603434768042866E7 1.1030850706407182E7 2.3648378016832036E8 6.146725798295521E7 2.3437960929116902E8 2.4919206600512144E8 8.650593802788162E7 2.153485409948319E8 2.0183558874408994E7 1.3637248507745302E8 3.489612267615588E8 1.0201246273457393E7 2.7260819046015555E8 1.3119245601062696E7 8.181850553609604E7 6.09538129289154E7 5961951.4841486765 1.0279789289228974E8 2.673377400325196E8 1.3887570037936144E7 3.993412827903083E7 4.5667719143207856E7 9053274.308090094 
2.336260412449533E8 1.068696158816204E7 1.4603434768042866E7 1.1030850706407182E7 2.3648378016832036E8 6.146725798295521E7 2.3437960929116902E8 2.4919206600512144E8 8.650593802788162E7 2.153485409948319E8 2.0183558874408994E7 1.3637248507745302E8 3.489612267615588E8 1.0201246273457393E7 2.7260819046015555E8 1.3119245601062696E7 8.181850553609604E7 6.09538129289154E7 5961951.4841486765 1.0279789289228974E8 2.673377400325196E8 1.3887570037936144E7 3.993412827903083E7 4.5667719143207856E7 9053274.308090094 
2.336260412449533E8 1.068696158816204E7 1.4603434768042866E7 1.1030850706407182E7 2.3648378016832036E8 6.146725798295521E7 2.3437960929116902E8 2.4919206600512144E8 8.650593802788162E7 2.153485409948319E8 2.0183558874408994E7 1.3637248507745302E8 3.489612267615588E8 1.0201246273457393E7 2.7260819046015555E8 1.3119245601062696E7 8.181850553609604E7 6.09538129289154E7 5961951.4841486765 1.0279789289228974E8 2.673377400325196E8 1.3887570037936144E7 3.993412827903083E7 4.5667719143207856E7 9053274.308090094 
2.336260412449533E8 1.068696158816204E7 1.4603434768042866E7 1.1030850706407182E7 2.3648378016832036E8 6.146725798295521E7 2.3437960929116902E8 2.4919206600512144E8 8.650593802788162E7 2.153485409948319E8 2.0183558874408994E7 1.3637248507745302E8 3.489612267615588E8 1.0201246273457393E7 2.7260819046015555E8 1.3119245601062696E7 8.181850553609604E7 6.09538129289154E7 5961951.4841486765 1.0279789289228974E8 2.673377400325196E8 1.3887570037936144E7 3.993412827903083E7 4.5667719143207856E7 9053274.308090094 
2.336260412449533E8 1.068696158816204E7 1.4603434768042866E7 1.1030850706407182E7 2.3648378016832036E8 6.146725798295521E7 2.3437960929116902E8 2.4919206600512144E8 8.650593802788162E7 2.153485409948319E8 2.0183558874408994E7 1.3637248507745302E8 3.489612267615588E8 1.0201246273457393E7 2.7260819046015555E8 1.3119245601062696E7 8.181850553609604E7 6.09538129289154E7 5961951.4841486765 1.0279789289228974E8 2.673377400325196E8 1.3887570037936144E7 3.993412827903083E7 4.5667719143207856E7 9053274.308090094 
2.336260412449533E8 1.068696158816204E7 1.4603434768042866E7 1.1030850706407182E7 2.3648378016832036E8 6.146725798295521E7 2.3437960929116902E8 2.4919206600512144E8 8.650593802788162E7 2.153485409948319E8 2.0183558874408994E7 1.3637248507745302E8 3.489612267615588E8 1.0201246273457393E7 2.7260819046015555E8 1.3119245601062696E7 8.181850553609604E7 6.09538129289154E7 5961951.4841486765 1.0279789289228974E8 2.673377400325196E8 1.3887570037936144E7 3.993412827903083E7 4.5667719143207856E7 9053274.308090094 
2.336260412449533E8 1.068696158816204E7 1.4603434768042866E7 1.1030850706407182E7 2.3648378016832036E8 6.146725798295521E7 2.3437960929116902E8 2.4919206600512144E8 8.650593802788162E7 2.153485409948319E8 2.0183558874408994E7 1.3637248507745302E8 3.489612267615588E8 1.0201246273457393E7 2.7260819046015555E8 1.3119245601062696E7 8.181850553609604E7 6.09538129289154E7 5961951.4841486765 1.0279789289228974E8 2.673377400325196E8 1.3887570037936144E7 3.993412827903083E7 4.5667719143207856E7 9053274.308090094 
2.336260412449533E8 1.068696158816204E7 1.4603434768042866E7 1.1030850706407182E7 2.3648378016832036E8 6.146725798295521E7 2.3437960929116902E8 2.4919206600512144E8 8.650593802788162E7 2.153485409948319E8 2.0183558874408994E7 1.3637248507745302E8 3.489612267615588E8 1.0201246273457393E7 2.7260819046015555E8 1.3119245601062696E7 8.181850553609604E7 6.09538129289154E7 5961951.4841486765 1.0279789289228974E8 2.673377400325196E8 1.3887570037936144E7 3.993412827903083E7 4.5667719143207856E7 9053274.308090094 
2.336260412449533E8 1.068696158816204E7 1.4603434768042866E7 1.1030850706407182E7 2.3648378016832036E8 6.146725798295521E7 2.3437960929116902E8 2.4919206600512144E8 8.650593802788162E7 2.153485409948319E8 2.0183558874408994E7 1.3637248507745302E8 3.489612267615588E8 1.0201246273457393E7 2.7260819046015555E8 1.3119245601062696E7 8.181850553609604E7 6.09538129289154E7 5961951.4841486765 1.0279789289228974E8 2.673377400325196E8 1.3887570037936144E7 3.993412827903083E7 4.5667719143207856E7 9053274.308090094 
2.336260412449533E8 1.068696158816204E7 1.4603434768042866E7 1.1030850706407182E7 2.3648378016832036E8 6.146725798295521E7 2.3437960929116902E8 2.4919206600512144E8 8.650593802788162E7 2.153485409948319E8 2.0183558874408994E7 1.3637248507745302E8 3.489612267615588E8 1.0201246273457393E7 2.7260819046015555E8 1.3119245601062696E7 8.181850553609604E7 6.09538129289154E7 5961951.4841486765 1.0279789289228974E8 2.673377400325196E8 1.3887570037936144E7 3.993412827903083E7 4.5667719143207856E7 9053274.308090094 
2.336260412449533E8 1.068696158816204E7 1.4603434768042866E7 1.1030850706407182E7 2.3648378016832036E8 6.146725798295521E7 2.3437960929116902E8 2.4919206600512144E8 8.650593802788162E7 2.153485409948319E8 2.0183558874408994E7 1.3637248507745302E8 3.489612267615588E8 1.0201246273457393E7 2.7260819046015555E8 1.3119245601062696E7 8.181850553609604E7 6.09538129289154E7 5961951.4841486765 1.0279789289228974E8 2.673377400325196E8 1.3887570037936144E7 3.993412827903083E7 4.5667719143207856E7 9053274.308090094 
2.336260412449533E8 1.068696158816204E7 1.4603434768042866E7 1.1030850706407182E7 2.3648378016832036E8 6.146725798295521E7 2.3437960929116902E8 2.4919206600512144E8 8.650593802788162E7 2.153485409948319E8 2.0183558874408994E7 1.3637248507745302E8 3.489612267615588E8 1.0201246273457393E7 2.7260819046015555E8 1.3119245601062696E7 8.181850553609604E7 6.09538129289154E7 5961951.4841486765 1.0279789289228974E8 2.673377400325196E8 1.3887570037936144E7 3.993412827903083E7 4.5667719143207856E7 9053274.308090094 
2.336260412449533E8 1.068696158816204E7 1.4603434768042866E7 1.1030850706407182E7 2.3648378016832036E8 6.146725798295521E7 2.3437960929116902E8 2.4919206600512144E8 8.650593802788162E7 2.153485409948319E8 2.0183558874408994E7 1.3637248507745302E8 3.489612267615588E8 1.0201246273457393E7 2.7260819046015555E8 1.3119245601062696E7 8.181850553609604E7 6.09538129289154E7 5961951.4841486765 1.0279789289228974E8 2.673377400325196E8 1.3887570037936144E7 3.993412827903083E7 4.5667719143207856E7 9053274.308090094 
2.336260412449533E8 1.068696158816204E7 1.4603434768042866E7 1.1030850706407182E7 2.3648378016832036E8 6.146725798295521E7 2.3437960929116902E8 2.4919206600512144E8 8.650593802788162E7 2.153485409948319E8 2.0183558874408994E7 1.3637248507745302E8 3.489612267615588E8 1.0201246273457393E7 2.7260819046015555E8 1.3119245601062696E7 8.181850553609604E7 6.09538129289154E7 5961951.4841486765 1.0279789289228974E8 2.673377400325196E8 1.3887570037936144E7 3.993412827903083E7 4.5667719143207856E7 9053274.308090094 
2.336260412449533E8 1.068696158816204E7 1.4603434768042866E7 1.1030850706407182E7 2.3648378016832036E8 6.146725798295521E7 2.3437960929116902E8 2.4919206600512144E8 8.650593802788162E7 2.153485409948319E8 2.0183558874408994E7 1.3637248507745302E8 3.489612267615588E8 1.0201246273457393E7 2.7260819046015555E8 1.3119245601062696E7 8.181850553609604E7 6.09538129289154E7 5961951.4841486765 1.0279789289228974E8 2.673377400325196E8 1.3887570037936144E7 3.993412827903083E7 4.5667719143207856E7 9053274.308090094 
2.336260412449533E8 1.068696158816204E7 1.4603434768042866E7 1.1030850706407182E7 2.3648378016832036E8 6.146725798295521E7 2.3437960929116902E8 2.4919206600512144E8 8.650593802788162E7 2.153485409948319E8 2.0183558874408994E7 1.3637248507745302E8 3.489612267615588E8 1.0201246273457393E7 2.7260819046015555E8 1.3119245601062696E7 8.181850553609604E7 6.09538129289154E7 5961951.4841486765 1.0279789289228974E8 2.673377400325196E8 1.3887570037936144E7 3.993412827903083E7 4.5667719143207856E7 9053274.308090094 
2.336260412449533E8 1.068696158816204E7 1.4603434768042866E7 1.1030850706407182E7 2.3648378016832036E8 6.146725798295521E7 2.3437960929116902E8 2.4919206600512144E8 8.650593802788162E7 2.153485409948319E8 2.0183558874408994E7 1.3637248507745302E8 3.489612267615588E8 1.0201246273457393E7 2.7260819046015555E8 1.3119245601062696E7 8.181850553609604E7 6.09538129289154E7 5961951.4841486765 1.0279789289228974E8 2.673377400325196E8 1.3887570037936144E7 3.993412827903083E7 4.5667719143207856E7 9053274.308090094 
2.336260412449533E8 1.068696158816204E7 1.4603434768042866E7 1.1030850706407182E7 2.3648378016832036E8 6.146725798295521E7 2.3437960929116902E8 2.4919206600512144E8 8.650593802788162E7 2.153485409948319E8 2.0183558874408994E7 1.3637248507745302E8 3.489612267615588E8 1.0201246273457393E7 2.7260819046015555E8 1.3119245601062696E7 8.181850553609604E7 6.09538129289154E7 5961951.4841486765 1.0279789289228974E8 2.673377400325196E8 1.3887570037936144E7 3.993412827903083E7 4.5667719143207856E7 9053274.308090094 
2.336260412449533E8 1.068696158816204E7 1.4603434768042866E7 1.1030850706407182E7 2.3648378016832036E8 6.146725798295521E7 2.3437960929116902E8 2.4919206600512144E8 8.650593802788162E7 2.153485409948319E8 2.0183558874408994E7 1.3637248507745302E8 3.489612267615588E8 1.0201246273457393E7 2.7260819046015555E8 1.3119245601062696E7 8.181850553609604E7 6.09538129289154E7 5961951.4841486765 1.0279789289228974E8 2.673377400325196E8 1.3887570037936144E7 3.993412827903083E7 4.5667719143207856E7 9053274.308090094 
2.336260412449533E8 1.068696158816204E7 1.4603434768042866E7 1.1030850706407182E7 2.3648378016832036E8 6.146725798295521E7 2.3437960929116902E8 2.4919206600512144E8 8.650593802788162E7 2.153485409948319E8 2.0183558874408994E7 1.3637248507745302E8 3.489612267615588E8 1.0201246273457393E7 2.7260819046015555E8 1.3119245601062696E7 8.181850553609604E7 6.09538129289154E7 5961951.4841486765 1.0279789289228974E8 2.673377400325196E8 1.3887570037936144E7 3.993412827903083E7 4.5667719143207856E7 9053274.308090094 
2.336260412449533E8 1.068696158816204E7 1.4603434768042866E7 1.1030850706407182E7 2.3648378016832036E8 6.146725798295521E7 2.3437960929116902E8 2.4919206600512144E8 8.650593802788162E7 2.153485409948319E8 2.0183558874408994E7 1.3637248507745302E8 3.489612267615588E8 1.0201246273457393E7 2.7260819046015555E8 1.3119245601062696E7 8.181850553609604E7 6.09538129289154E7 5961951.4841486765 1.0279789289228974E8 2.673377400325196E8 1.3887570037936144E7 3.993412827903083E7 4.5667719143207856E7 9053274.308090094 
2.336260412449533E8 1.068696158816204E7 1.4603434768042866E7 1.1030850706407182E7 2.3648378016832036E8 6.146725798295521E7 2.3437960929116902E8 2.4919206600512144E8 8.650593802788162E7 2.153485409948319E8 2.0183558874408994E7 1.3637248507745302E8 3.489612267615588E8 1.0201246273457393E7 2.7260819046015555E8 1.3119245601062696E7 8.181850553609604E7 6.09538129289154E7 5961951.4841486765 1.0279789289228974E8 2.673377400325196E8 1.3887570037936144E7 3.993412827903083E7 4.5667719143207856E7 9053274.308090094 
2.336260412449533E8 1.068696158816204E7 1.4603434768042866E7 1.1030850706407182E7 2.3648378016832036E8 6.146725798295521E7 2.3437960929116902E8 2.4919206600512144E8 8.650593802788162E7 2.153485409948319E8 2.0183558874408994E7 1.3637248507745302E8 3.489612267615588E8 1.0201246273457393E7 2.7260819046015555E8 1.3119245601062696E7 8.181850553609604E7 6.09538129289154E7 5961951.4841486765 1.0279789289228974E8 2.673377400325196E8 1.3887570037936144E7 3.993412827903083E7 4.5667719143207856E7 9053274.308090094 
2.336260412449533E8 1.068696158816204E7 1.4603434768042866E7 1.1030850706407182E7 2.3648378016832036E8 6.146725798295521E7 2.3437960929116902E8 2.4919206600512144E8 8.650593802788162E7 2.153485409948319E8 2.0183558874408994E7 1.3637248507745302E8 3.489612267615588E8 1.0201246273457393E7 2.7260819046015555E8 1.3119245601062696E7 8.181850553609604E7 6.09538129289154E7 5961951.4841486765 1.0279789289228974E8 2.673377400325196E8 1.3887570037936144E7 3.993412827903083E7 4.5667719143207856E7 9053274.308090094 
2.336260412449533E8 1.068696158816204E7 1.4603434768042866E7 1.1030850706407182E7 2.3648378016832036E8 6.146725798295521E7 2.3437960929116902E8 2.4919206600512144E8 8.650593802788162E7 2.153485409948319E8 2.0183558874408994E7 1.3637248507745302E8 3.489612267615588E8 1.0201246273457393E7 2.7260819046015555E8 1.3119245601062696E7 8.181850553609604E7 6.09538129289154E7 5961951.4841486765 1.0279789289228974E8 2.673377400325196E8 1.3887570037936144E7 3.993412827903083E7 4.5667719143207856E7 9053274.308090094 
2.336260412449533E8 1.068696158816204E7 1.4603434768042866E7 1.1030850706407182E7 2.3648378016832036E8 6.146725798295521E7 2.3437960929116902E8 2.4919206600512144E8 8.650593802788162E7 2.153485409948319E8 2.0183558874408994E7 1.3637248507745302E8 3.489612267615588E8 1.0201246273457393E7 2.7260819046015555E8 1.3119245601062696E7 8.181850553609604E7 6.09538129289154E7 5961951.4841486765 1.0279789289228974E8 2.673377400325196E8 1.3887570037936144E7 3.993412827903083E7 4.5667719143207856E7 9053274.308090094 
2.336260412449533E8 1.068696158816204E7 1.4603434768042866E7 1.1030850706407182E7 2.3648378016832036E8 6.146725798295521E7 2.3437960929116902E8 2.4919206600512144E8 8.650593802788162E7 2.153485409948319E8 2.0183558874408994E7 1.3637248507745302E8 3.489612267615588E8 1.0201246273457393E7 2.7260819046015555E8 1.3119245601062696E7 8.181850553609604E7 6.09538129289154E7 5961951.4841486765 1.0279789289228974E8 2.673377400325196E8 1.3887570037936144E7 3.993412827903083E7 4.5667719143207856E7 9053274.308090094 
2.336260412449533E8 1.068696158816204E7 1.4603434768042866E7 1.1030850706407182E7 2.3648378016832036E8 6.146725798295521E7 2.3437960929116902E8 2.4919206600512144E8 8.650593802788162E7 2.153485409948319E8 2.0183558874408994E7 1.3637248507745302E8 3.489612267615588E8 1.0201246273457393E7 2.7260819046015555E8 1.3119245601062696E7 8.181850553609604E7 6.09538129289154E7 5961951.4841486765 1.0279789289228974E8 2.673377400325196E8 1.3887570037936144E7 3.993412827903083E7 4.5667719143207856E7 9053274.308090094 
2.336260412449533E8 1.068696158816204E7 1.4603434768042866E7 1.1030850706407182E7 2.3648378016832036E8 6.146725798295521E7 2.3437960929116902E8 2.4919206600512144E8 8.650593802788162E7 2.153485409948319E8 2.0183558874408994E7 1.3637248507745302E8 3.489612267615588E8 1.0201246273457393E7 2.7260819046015555E8 1.3119245601062696E7 8.181850553609604E7 6.09538129289154E7 5961951.4841486765 1.0279789289228974E8 2.673377400325196E8 1.3887570037936144E7 3.993412827903083E7 4.5667719143207856E7 9053274.308090094 
2.336260412449533E8 1.068696158816204E7 1.4603434768042866E7 1.1030850706407182E7 2.3648378016832036E8 6.146725798295521E7 2.3437960929116902E8 2.4919206600512144E8 8.650593802788162E7 2.153485409948319E8 2.0183558874408994E7 1.3637248507745302E8 3.489612267615588E8 1.0201246273457393E7 2.7260819046015555E8 1.3119245601062696E7 8.181850553609604E7 6.09538129289154E7 5961951.4841486765 1.0279789289228974E8 2.673377400325196E8 1.3887570037936144E7 3.993412827903083E7 4.5667719143207856E7 9053274.308090094 
2.336260412449533E8 1.068696158816204E7 1.4603434768042866E7 1.1030850706407182E7 2.3648378016832036E8 6.146725798295521E7 2.3437960929116902E8 2.4919206600512144E8 8.650593802788162E7 2.153485409948319E8 2.0183558874408994E7 1.3637248507745302E8 3.489612267615588E8 1.0201246273457393E7 2.7260819046015555E8 1.3119245601062696E7 8.181850553609604E7 6.09538129289154E7 5961951.4841486765 1.0279789289228974E8 2.673377400325196E8 1.3887570037936144E7 3.993412827903083E7 4.5667719143207856E7 9053274.308090094 
2.336260412449533E8 1.068696158816204E7 1.4603434768042866E7 1.1030850706407182E7 2.3648378016832036E8 6.146725798295521E7 2.3437960929116902E8 2.4919206600512144E8 8.650593802788162E7 2.153485409948319E8 2.0183558874408994E7 1.3637248507745302E8 3.489612267615588E8 1.0201246273457393E7 2.7260819046015555E8 1.3119245601062696E7 8.181850553609604E7 6.09538129289154E7 5961951.4841486765 1.0279789289228974E8 2.673377400325196E8 1.3887570037936144E7 3.993412827903083E7 4.5667719143207856E7 9053274.308090094 
2.336260412449533E8 1.068696158816204E7 1.4603434768042866E7 1.1030850706407182E7 2.3648378016832036E8 6.146725798295521E7 2.3437960929116902E8 2.4919206600512144E8 8.650593802788162E7 2.153485409948319E8 2.0183558874408994E7 1.3637248507745302E8 3.489612267615588E8 1.0201246273457393E7 2.7260819046015555E8 1.3119245601062696E7 8.181850553609604E7 6.09538129289154E7 5961951.4841486765 1.0279789289228974E8 2.673377400325196E8 1.3887570037936144E7 3.993412827903083E7 4.5667719143207856E7 9053274.308090094 
2.336260412449533E8 1.068696158816204E7 1.4603434768042866E7 1.1030850706407182E7 2.3648378016832036E8 6.146725798295521E7 2.3437960929116902E8 2.4919206600512144E8 8.650593802788162E7 2.153485409948319E8 2.0183558874408994E7 1.3637248507745302E8 3.489612267615588E8 1.0201246273457393E7 2.7260819046015555E8 1.3119245601062696E7 8.181850553609604E7 6.09538129289154E7 5961951.4841486765 1.0279789289228974E8 2.673377400325196E8 1.3887570037936144E7 3.993412827903083E7 4.5667719143207856E7 9053274.308090094 
2.336260412449533E8 1.068696158816204E7 1.4603434768042866E7 1.1030850706407182E7 2.3648378016832036E8 6.146725798295521E7 2.3437960929116902E8 2.4919206600512144E8 8.650593802788162E7 2.153485409948319E8 2.0183558874408994E7 1.3637248507745302E8 3.489612267615588E8 1.0201246273457393E7 2.7260819046015555E8 1.3119245601062696E7 8.181850553609604E7 6.09538129289154E7 5961951.4841486765 1.0279789289228974E8 2.673377400325196E8 1.3887570037936144E7 3.993412827903083E7 4.5667719143207856E7 9053274.308090094 
2.336260412449533E8 1.068696158816204E7 1.4603434768042866E7 1.1030850706407182E7 2.3648378016832036E8 6.146725798295521E7 2.3437960929116902E8 2.4919206600512144E8 8.650593802788162E7 2.153485409948319E8 2.0183558874408994E7 1.3637248507745302E8 3.489612267615588E8 1.0201246273457393E7 2.7260819046015555E8 1.3119245601062696E7 8.181850553609604E7 6.09538129289154E7 5961951.4841486765 1.0279789289228974E8 2.673377400325196E8 1.3887570037936144E7 3.993412827903083E7 4.5667719143207856E7 9053274.308090094 
2.336260412449533E8 1.068696158816204E7 1.4603434768042866E7 1.1030850706407182E7 2.3648378016832036E8 6.146725798295521E7 2.3437960929116902E8 2.4919206600512144E8 8.650593802788162E7 2.153485409948319E8 2.0183558874408994E7 1.3637248507745302E8 3.489612267615588E8 1.0201246273457393E7 2.7260819046015555E8 1.3119245601062696E7 8.181850553609604E7 6.09538129289154E7 5961951.4841486765 1.0279789289228974E8 2.673377400325196E8 1.3887570037936144E7 3.993412827903083E7 4.5667719143207856E7 9053274.308090094 
2.336260412449533E8 1.068696158816204E7 1.4603434768042866E7 1.1030850706407182E7 2.3648378016832036E8 6.146725798295521E7 2.3437960929116902E8 2.4919206600512144E8 8.650593802788162E7 2.153485409948319E8 2.0183558874408994E7 1.3637248507745302E8 3.489612267615588E8 1.0201246273457393E7 2.7260819046015555E8 1.3119245601062696E7 8.181850553609604E7 6.09538129289154E7 5961951.4841486765 1.0279789289228974E8 2.673377400325196E8 1.3887570037936144E7 3.993412827903083E7 4.5667719143207856E7 9053274.308090094 
2.336260412449533E8 1.068696158816204E7 1.4603434768042866E7 1.1030850706407182E7 2.3648378016832036E8 6.146725798295521E7 2.3437960929116902E8 2.4919206600512144E8 8.650593802788162E7 2.153485409948319E8 2.0183558874408994E7 1.3637248507745302E8 3.489612267615588E8 1.0201246273457393E7 2.7260819046015555E8 1.3119245601062696E7 8.181850553609604E7 6.09538129289154E7 5961951.4841486765 1.0279789289228974E8 2.673377400325196E8 1.3887570037936144E7 3.993412827903083E7 4.5667719143207856E7 9053274.308090094 
2.336260412449533E8 1.068696158816204E7 1.4603434768042866E7 1.1030850706407182E7 2.3648378016832036E8 6.146725798295521E7 2.3437960929116902E8 2.4919206600512144E8 8.650593802788162E7 2.153485409948319E8 2.0183558874408994E7 1.3637248507745302E8 3.489612267615588E8 1.0201246273457393E7 2.7260819046015555E8 1.3119245601062696E7 8.181850553609604E7 6.09538129289154E7 5961951.4841486765 1.0279789289228974E8 2.673377400325196E8 1.3887570037936144E7 3.993412827903083E7 4.5667719143207856E7 9053274.308090094 
2.336260412449533E8 1.068696158816204E7 1.4603434768042866E7 1.1030850706407182E7 2.3648378016832036E8 6.146725798295521E7 2.3437960929116902E8 2.4919206600512144E8 8.650593802788162E7 2.153485409948319E8 2.0183558874408994E7 1.3637248507745302E8 3.489612267615588E8 1.0201246273457393E7 2.7260819046015555E8 1.3119245601062696E7 8.181850553609604E7 6.09538129289154E7 5961951.4841486765 1.0279789289228974E8 2.673377400325196E8 1.3887570037936144E7 3.993412827903083E7 4.5667719143207856E7 9053274.308090094 
2.336260412449533E8 1.068696158816204E7 1.4603434768042866E7 1.1030850706407182E7 2.3648378016832036E8 6.146725798295521E7 2.3437960929116902E8 2.4919206600512144E8 8.650593802788162E7 2.153485409948319E8 2.0183558874408994E7 1.3637248507745302E8 3.489612267615588E8 1.0201246273457393E7 2.7260819046015555E8 1.3119245601062696E7 8.181850553609604E7 6.09538129289154E7 5961951.4841486765 1.0279789289228974E8 2.673377400325196E8 1.3887570037936144E7 3.993412827903083E7 4.5667719143207856E7 9053274.308090094 
2.336260412449533E8 1.068696158816204E7 1.4603434768042866E7 1.1030850706407182E7 2.3648378016832036E8 6.146725798295521E7 2.3437960929116902E8 2.4919206600512144E8 8.650593802788162E7 2.153485409948319E8 2.0183558874408994E7 1.3637248507745302E8 3.489612267615588E8 1.0201246273457393E7 2.7260819046015555E8 1.3119245601062696E7 8.181850553609604E7 6.09538129289154E7 5961951.4841486765 1.0279789289228974E8 2.673377400325196E8 1.3887570037936144E7 3.993412827903083E7 4.5667719143207856E7 9053274.308090094 
2.336260412449533E8 1.068696158816204E7 1.4603434768042866E7 1.1030850706407182E7 2.3648378016832036E8 6.146725798295521E7 2.3437960929116902E8 2.4919206600512144E8 8.650593802788162E7 2.153485409948319E8 2.0183558874408994E7 1.3637248507745302E8 3.489612267615588E8 1.0201246273457393E7 2.7260819046015555E8 1.3119245601062696E7 8.181850553609604E7 6.09538129289154E7 5961951.4841486765 1.0279789289228974E8 2.673377400325196E8 1.3887570037936144E7 3.993412827903083E7 4.5667719143207856E7 9053274.308090094 
2.336260412449533E8 1.068696158816204E7 1.4603434768042866E7 1.1030850706407182E7 2.3648378016832036E8 6.146725798295521E7 2.3437960929116902E8 2.4919206600512144E8 8.650593802788162E7 2.153485409948319E8 2.0183558874408994E7 1.3637248507745302E8 3.489612267615588E8 1.0201246273457393E7 2.7260819046015555E8 1.3119245601062696E7 8.181850553609604E7 6.09538129289154E7 5961951.4841486765 1.0279789289228974E8 2.673377400325196E8 1.3887570037936144E7 3.993412827903083E7 4.5667719143207856E7 9053274.308090094 
2.336260412449533E8 1.068696158816204E7 1.4603434768042866E7 1.1030850706407182E7 2.3648378016832036E8 6.146725798295521E7 2.3437960929116902E8 2.4919206600512144E8 8.650593802788162E7 2.153485409948319E8 2.0183558874408994E7 1.3637248507745302E8 3.489612267615588E8 1.0201246273457393E7 2.7260819046015555E8 1.3119245601062696E7 8.181850553609604E7 6.09538129289154E7 5961951.4841486765 1.0279789289228974E8 2.673377400325196E8 1.3887570037936144E7 3.993412827903083E7 4.5667719143207856E7 9053274.308090094 
2.336260412449533E8 1.068696158816204E7 1.4603434768042866E7 1.1030850706407182E7 2.3648378016832036E8 6.146725798295521E7 2.3437960929116902E8 2.4919206600512144E8 8.650593802788162E7 2.153485409948319E8 2.0183558874408994E7 1.3637248507745302E8 3.489612267615588E8 1.0201246273457393E7 2.7260819046015555E8 1.3119245601062696E7 8.181850553609604E7 6.09538129289154E7 5961951.4841486765 1.0279789289228974E8 2.673377400325196E8 1.3887570037936144E7 3.993412827903083E7 4.5667719143207856E7 9053274.308090094 
2.336260412449533E8 1.068696158816204E7 1.4603434768042866E7 1.1030850706407182E7 2.3648378016832036E8 6.146725798295521E7 2.3437960929116902E8 2.4919206600512144E8 8.650593802788162E7 2.153485409948319E8 2.0183558874408994E7 1.3637248507745302E8 3.135488599096591E8 1.0201246273457393E7 2.7260819046015555E8 1.3119245601062696E7 8.181850553609604E7 6.09538129289154E7 5961951.4841486765 1.0279789289228974E8 2.673377400325196E8 1.3887570037936144E7 3.993412827903083E7 4.5667719143207856E7 9053274.308090094 
2.336260412449533E8 1.068696158816204E7 1.4603434768042866E7 1.1030850706407182E7 2.3648378016832036E8 6.146725798295521E7 2.3437960929116902E8 2.4919206600512144E8 8.650593802788162E7 2.153485409948319E8 2.0183558874408994E7 1.3637248507745302E8 2.8381296715007734E8 1.0201246273457393E7 2.7260819046015555E8 1.3119245601062696E7 8.181850553609604E7 6.09538129289154E7 5961951.4841486765 1.0279789289228974E8 2.673377400325196E8 1.3887570037936144E7 3.993412827903083E7 4.5667719143207856E7 9053274.308090094 
2.336260412449533E8 1.068696158816204E7 1.4603434768042866E7 1.1030850706407182E7 2.3648378016832036E8 6.146725798295521E7 2.3437960929116902E8 2.4919206600512144E8 8.650593802788162E7 2.153485409948319E8 2.0183558874408994E7 1.3637248507745302E8 2.820768042470578E8 1.0201246273457393E7 2.7260819046015555E8 1.3119245601062696E7 8.181850553609604E7 6.09538129289154E7 5961951.4841486765 1.0279789289228974E8 2.673377400325196E8 1.3887570037936144E7 3.993412827903083E7 4.5667719143207856E7 9053274.308090094 
2.336260412449533E8 1.068696158816204E7 1.4603434768042866E7 1.1030850706407182E7 2.3648378016832036E8 6.146725798295521E7 2.3437960929116902E8 2.4919206600512144E8 8.650593802788162E7 2.153485409948319E8 2.0183558874408994E7 1.3637248507745302E8 2.8180577877215445E8 1.0201246273457393E7 2.7260819046015555E8 1.3119245601062696E7 8.181850553609604E7 6.09538129289154E7 5961951.4841486765 1.0279789289228974E8 2.673377400325196E8 1.3887570037936144E7 3.993412827903083E7 4.5667719143207856E7 9053274.308090094 
2.336260412449533E8 1.068696158816204E7 1.4603434768042866E7 1.1030850706407182E7 2.3648378016832036E8 6.146725798295521E7 2.3437960929116902E8 2.4919206600512144E8 8.650593802788162E7 2.153485409948319E8 2.0183558874408994E7 1.3637248507745302E8 2.816899792775044E8 1.0201246273457393E7 2.7260819046015555E8 1.3119245601062696E7 8.181850553609604E7 6.09538129289154E7 5961951.4841486765 1.0279789289228974E8 2.673377400325196E8 1.3887570037936144E7 3.993412827903083E7 4.5667719143207856E7 9053274.308090094 
2.336260412449533E8 1.068696158816204E7 1.4603434768042866E7 1.1030850706407182E7 2.3648378016832036E8 6.146725798295521E7 2.3437960929116902E8 2.4919206600512144E8 8.650593802788162E7 2.153485409948319E8 2.0183558874408994E7 1.3637248507745302E8 2.8159403856869113E8 1.0201246273457393E7 2.7260819046015555E8 1.3119245601062696E7 8.181850553609604E7 6.09538129289154E7 5961951.4841486765 1.0279789289228974E8 2.673377400325196E8 1.3887570037936144E7 3.993412827903083E7 4.5667719143207856E7 9053274.308090094 
2.336260412449533E8 1.068696158816204E7 1.4603434768042866E7 1.1030850706407182E7 2.3648378016832036E8 6.146725798295521E7 2.3437960929116902E8 2.4919206600512144E8 8.650593802788162E7 2.153485409948319E8 2.0183558874408994E7 1.3637248507745302E8 2.8157779745669484E8 1.0201246273457393E7 2.7260819046015555E8 1.3119245601062696E7 8.181850553609604E7 6.09538129289154E7 5961951.4841486765 1.0279789289228974E8 2.673377400325196E8 1.3887570037936144E7 3.993412827903083E7 4.5667719143207856E7 9053274.308090094 
2.336260412449533E8 1.068696158816204E7 1.4603434768042866E7 1.1030850706407182E7 2.3648378016832036E8 6.146725798295521E7 2.3437960929116902E8 2.4919206600512144E8 8.650593802788162E7 2.153485409948319E8 2.0183558874408994E7 1.3637248507745302E8 2.815716335039481E8 1.0201246273457393E7 2.7260819046015555E8 1.3119245601062696E7 8.181850553609604E7 6.09538129289154E7 5961951.4841486765 1.0279789289228974E8 2.673377400325196E8 1.3887570037936144E7 3.993412827903083E7 4.5667719143207856E7 9053274.308090094 
2.336260412449533E8 1.068696158816204E7 1.4603434768042866E7 1.1030850706407182E7 2.3648378016832036E8 6.146725798295521E7 2.3437960929116902E8 2.4919206600512144E8 8.650593802788162E7 2.153485409948319E8 2.0183558874408994E7 1.3637248507745302E8 2.81571578451028E8 1.0201246273457393E7 2.7260819046015555E8 1.3119245601062696E7 8.181850553609604E7 6.09538129289154E7 5961951.4841486765 1.0279789289228974E8 2.673377400325196E8 1.3887570037936144E7 3.993412827903083E7 4.5667719143207856E7 9053274.308090094 
2.336260412449533E8 1.068696158816204E7 1.4603434768042866E7 1.1030850706407182E7 2.3648378016832036E8 6.146725798295521E7 2.3437960929116902E8 2.4919206600512144E8 8.650593802788162E7 2.153485409948319E8 2.0183558874408994E7 1.3637248507745302E8 2.815704787909698E8 1.0201246273457393E7 2.7260819046015555E8 1.3119245601062696E7 8.181850553609604E7 6.09538129289154E7 5961951.4841486765 1.0279789289228974E8 2.673377400325196E8 1.3887570037936144E7 3.993412827903083E7 4.5667719143207856E7 9053274.308090094 
2.336260412449533E8 1.068696158816204E7 1.4603434768042866E7 1.1030850706407182E7 2.3648378016832036E8 6.146725798295521E7 2.3437960929116902E8 2.4919206600512144E8 8.650593802788162E7 2.153485409948319E8 2.0183558874408994E7 1.3637248507745302E8 2.8155312964977306E8 1.0201246273457393E7 2.7260819046015555E8 1.3119245601062696E7 8.181850553609604E7 6.09538129289154E7 5961951.4841486765 1.0279789289228974E8 2.673377400325196E8 1.3887570037936144E7 3.993412827903083E7 4.5667719143207856E7 9053274.308090094 
2.336260412449533E8 1.068696158816204E7 1.4603434768042866E7 1.1030850706407182E7 2.3648378016832036E8 6.146725798295521E7 2.3437960929116902E8 2.4919206600512144E8 8.650593802788162E7 2.153485409948319E8 2.0183558874408994E7 1.3637248507745302E8 2.815481071380444E8 1.0201246273457393E7 2.7260819046015555E8 1.3119245601062696E7 8.181850553609604E7 6.09538129289154E7 5961951.4841486765 1.0279789289228974E8 2.673377400325196E8 1.3887570037936144E7 3.993412827903083E7 4.5667719143207856E7 9053274.308090094 
2.336260412449533E8 1.068696158816204E7 1.4603434768042866E7 1.1030850706407182E7 2.3648378016832036E8 6.146725798295521E7 2.3437960929116902E8 2.4919206600512144E8 8.650593802788162E7 2.153485409948319E8 2.0183558874408994E7 1.3637248507745302E8 2.815451118344649E8 1.0201246273457393E7 2.7260819046015555E8 1.3119245601062696E7 8.181850553609604E7 6.09538129289154E7 5961951.4841486765 1.0279789289228974E8 2.673377400325196E8 1.3887570037936144E7 3.993412827903083E7 4.5667719143207856E7 9053274.308090094 
2.336260412449533E8 1.068696158816204E7 1.4603434768042866E7 1.1030850706407182E7 2.3648378016832036E8 6.146725798295521E7 2.3437960929116902E8 2.4919206600512144E8 8.650593802788162E7 2.153485409948319E8 2.0183558874408994E7 1.3637248507745302E8 2.815427026349771E8 1.0201246273457393E7 2.7260819046015555E8 1.3119245601062696E7 8.181850553609604E7 6.09538129289154E7 5961951.4841486765 1.0279789289228974E8 2.673377400325196E8 1.3887570037936144E7 3.993412827903083E7 4.5667719143207856E7 9053274.308090094 
2.336260412449533E8 1.068696158816204E7 1.4603434768042866E7 1.1030850706407182E7 2.3648378016832036E8 6.146725798295521E7 2.3437960929116902E8 2.4919206600512144E8 8.650593802788162E7 2.153485409948319E8 2.0183558874408994E7 1.3637248507745302E8 2.815417277158178E8 1.0201246273457393E7 2.7260819046015555E8 1.3119245601062696E7 8.181850553609604E7 6.09538129289154E7 5961951.4841486765 1.0279789289228974E8 2.673377400325196E8 1.3887570037936144E7 3.993412827903083E7 4.5667719143207856E7 9053274.308090094 
2.336260412449533E8 1.068696158816204E7 1.4603434768042866E7 1.1030850706407182E7 2.3648378016832036E8 6.146725798295521E7 2.3437960929116902E8 2.4919206600512144E8 8.650593802788162E7 2.153485409948319E8 2.0183558874408994E7 1.3637248507745302E8 2.8153601082563084E8 1.0201246273457393E7 2.7260819046015555E8 1.3119245601062696E7 8.181850553609604E7 6.09538129289154E7 5961951.4841486765 1.0279789289228974E8 2.673377400325196E8 1.3887570037936144E7 3.993412827903083E7 4.5667719143207856E7 9053274.308090094 
2.336260412449533E8 1.068696158816204E7 1.4603434768042866E7 1.1030850706407182E7 2.3648378016832036E8 6.146725798295521E7 2.3437960929116902E8 2.4919206600512144E8 8.650593802788162E7 2.153485409948319E8 2.0183558874408994E7 1.3637248507745302E8 2.815345115282994E8 1.0201246273457393E7 2.7260819046015555E8 1.3119245601062696E7 8.181850553609604E7 6.09538129289154E7 5961951.4841486765 1.0279789289228974E8 2.673377400325196E8 1.3887570037936144E7 3.993412827903083E7 4.5667719143207856E7 9053274.308090094 
2.336260412449533E8 1.068696158816204E7 1.4603434768042866E7 1.1030850706407182E7 2.3648378016832036E8 6.146725798295521E7 2.3437960929116902E8 2.4919206600512144E8 8.650593802788162E7 2.153485409948319E8 2.0183558874408994E7 1.3637248507745302E8 2.8153427025890064E8 1.0201246273457393E7 2.7260819046015555E8 1.3119245601062696E7 8.181850553609604E7 6.09538129289154E7 5961951.4841486765 1.0279789289228974E8 2.673377400325196E8 1.3887570037936144E7 3.993412827903083E7 4.5667719143207856E7 9053274.308090094 
2.336260412449533E8 1.068696158816204E7 1.4603434768042866E7 1.1030850706407182E7 2.3648378016832036E8 6.146725798295521E7 2.3437960929116902E8 2.4919206600512144E8 8.650593802788162E7 2.153485409948319E8 2.0183558874408994E7 1.3637248507745302E8 2.815340699023817E8 1.0201246273457393E7 2.7260819046015555E8 1.3119245601062696E7 8.181850553609604E7 6.09538129289154E7 5961951.4841486765 1.0279789289228974E8 2.673377400325196E8 1.3887570037936144E7 3.993412827903083E7 4.5667719143207856E7 9053274.308090094 
2.336260412449533E8 1.068696158816204E7 1.4603434768042866E7 1.1030850706407182E7 2.3648378016832036E8 6.146725798295521E7 2.3437960929116902E8 2.4919206600512144E8 8.650593802788162E7 2.153485409948319E8 2.0183558874408994E7 1.3637248507745302E8 2.815339165305872E8 1.0201246273457393E7 2.7260819046015555E8 1.3119245601062696E7 8.181850553609604E7 6.09538129289154E7 5961951.4841486765 1.0279789289228974E8 2.673377400325196E8 1.3887570037936144E7 3.993412827903083E7 4.5667719143207856E7 9053274.308090094 
2.336260412449533E8 1.068696158816204E7 1.4603434768042866E7 1.1030850706407182E7 2.3648378016832036E8 6.146725798295521E7 2.3437960929116902E8 2.4919206600512144E8 8.650593802788162E7 2.153485409948319E8 2.0183558874408994E7 1.3637248507745302E8 2.8153384198170614E8 1.0201246273457393E7 2.7260819046015555E8 1.3119245601062696E7 8.181850553609604E7 6.09538129289154E7 5961951.4841486765 1.0279789289228974E8 2.673377400325196E8 1.3887570037936144E7 3.993412827903083E7 4.5667719143207856E7 9053274.308090094 
2.336260412449533E8 1.068696158816204E7 1.4603434768042866E7 1.1030850706407182E7 2.3648378016832036E8 6.146725798295521E7 2.3437960929116902E8 2.4919206600512144E8 8.650593802788162E7 2.153485409948319E8 2.0183558874408994E7 1.3637248507745302E8 2.8153377405292153E8 1.0201246273457393E7 2.7260819046015555E8 1.3119245601062696E7 8.181850553609604E7 6.09538129289154E7 5961951.4841486765 1.0279789289228974E8 2.673377400325196E8 1.3887570037936144E7 3.993412827903083E7 4.5667719143207856E7 9053274.308090094 
2.336260412449533E8 1.068696158816204E7 1.4603434768042866E7 1.1030850706407182E7 2.3648378016832036E8 6.146725798295521E7 2.3437960929116902E8 2.4919206600512144E8 8.650593802788162E7 2.153485409948319E8 2.0183558874408994E7 1.3637248507745302E8 2.8153377405292153E8 1.0201246273457393E7 2.7260819046015555E8 1.3119245601062696E7 8.181850553609604E7 6.09538129289154E7 5961951.4841486765 1.0279789289228974E8 2.673377400325196E8 1.3887570037936144E7 3.993412827903083E7 4.5667719143207856E7 9053274.308090094 
2.336260412449533E8 1.068696158816204E7 1.4603434768042866E7 1.1030850706407182E7 2.3648378016832036E8 6.146725798295521E7 2.3437960929116902E8 2.4919206600512144E8 8.650593802788162E7 2.153485409948319E8 2.0183558874408994E7 1.3637248507745302E8 2.8153374621733296E8 1.0201246273457393E7 2.7260819046015555E8 1.3119245601062696E7 8.181850553609604E7 6.09538129289154E7 5961951.4841486765 1.0279789289228974E8 2.673377400325196E8 1.3887570037936144E7 3.993412827903083E7 4.5667719143207856E7 9053274.308090094 
2.336260412449533E8 1.068696158816204E7 1.4603434768042866E7 1.1030850706407182E7 2.3648378016832036E8 6.146725798295521E7 2.3437960929116902E8 2.4919206600512144E8 8.650593802788162E7 2.153485409948319E8 2.0183558874408994E7 1.3637248507745302E8 2.8153374621733296E8 1.0201246273457393E7 2.7260819046015555E8 1.3119245601062696E7 8.181850553609604E7 6.09538129289154E7 5961951.4841486765 1.0279789289228974E8 2.673377400325196E8 1.3887570037936144E7 3.993412827903083E7 4.5667719143207856E7 9053274.308090094 
2.336260412449533E8 1.068696158816204E7 1.4603434768042866E7 1.1030850706407182E7 2.3648378016832036E8 6.146725798295521E7 2.3437960929116902E8 2.4919206600512144E8 8.650593802788162E7 2.153485409948319E8 2.0183558874408994E7 1.3637248507745302E8 2.8153374576539266E8 1.0201246273457393E7 2.7260819046015555E8 1.3119245601062696E7 8.181850553609604E7 6.09538129289154E7 5961951.4841486765 1.0279789289228974E8 2.673377400325196E8 1.3887570037936144E7 3.993412827903083E7 4.5667719143207856E7 9053274.308090094 
2.336260412449533E8 1.068696158816204E7 1.4603434768042866E7 1.1030850706407182E7 2.3648378016832036E8 6.146725798295521E7 2.3437960929116902E8 2.4919206600512144E8 8.650593802788162E7 2.153485409948319E8 2.0183558874408994E7 1.3637248507745302E8 2.8153374576539266E8 1.0201246273457393E7 2.7260819046015555E8 1.3119245601062696E7 8.181850553609604E7 6.09538129289154E7 5961951.4841486765 1.0279789289228974E8 2.673377400325196E8 1.3887570037936144E7 3.993412827903083E7 4.5667719143207856E7 9053274.308090094 
2.336260412449533E8 1.068696158816204E7 1.4603434768042866E7 1.1030850706407182E7 2.3648378016832036E8 6.146725798295521E7 2.3437960929116902E8 2.4919206600512144E8 8.650593802788162E7 2.153485409948319E8 2.0183558874408994E7 1.3637248507745302E8 2.8153374576539266E8 1.0201246273457393E7 2.7260819046015555E8 1.3119245601062696E7 8.181850553609604E7 6.09538129289154E7 5961951.4841486765 1.0279789289228974E8 2.673377400325196E8 1.3887570037936144E7 3.993412827903083E7 4.5667719143207856E7 9053274.308090094 
2.336260412449533E8 1.068696158816204E7 1.4603434768042866E7 1.1030850706407182E7 2.3648378016832036E8 6.146725798295521E7 2.3437960929116902E8 2.4919206600512144E8 8.650593802788162E7 2.153485409948319E8 2.0183558874408994E7 1.3637248507745302E8 2.8153374576539266E8 1.0201246273457393E7 2.7260819046015555E8 1.3119245601062696E7 8.181850553609604E7 6.09538129289154E7 5961951.4841486765 1.0279789289228974E8 2.673377400325196E8 1.3887570037936144E7 3.993412827903083E7 4.5667719143207856E7 9053274.308090094 
2.336260412449533E8 1.068696158816204E7 1.4603434768042866E7 1.1030850706407182E7 2.3648378016832036E8 6.146725798295521E7 2.3437960929116902E8 2.4919206600512144E8 8.650593802788162E7 2.153485409948319E8 2.0183558874408994E7 1.3637248507745302E8 2.8153374462995094E8 1.0201246273457393E7 2.7260819046015555E8 1.3119245601062696E7 8.181850553609604E7 6.09538129289154E7 5961951.4841486765 1.0279789289228974E8 2.673377400325196E8 1.3887570037936144E7 3.993412827903083E7 4.5667719143207856E7 9053274.308090094 
2.336260412449533E8 1.068696158816204E7 1.4603434768042866E7 1.1030850706407182E7 2.3648378016832036E8 6.146725798295521E7 2.3437960929116902E8 2.4919206600512144E8 8.650593802788162E7 2.153485409948319E8 2.0183558874408994E7 1.3637248507745302E8 2.815337443624923E8 1.0201246273457393E7 2.7260819046015555E8 1.3119245601062696E7 8.181850553609604E7 6.09538129289154E7 5961951.4841486765 1.0279789289228974E8 2.673377400325196E8 1.3887570037936144E7 3.993412827903083E7 4.5667719143207856E7 9053274.308090094 
2.336260412449533E8 1.068696158816204E7 1.4603434768042866E7 1.1030850706407182E7 2.3648378016832036E8 6.146725798295521E7 2.3437960929116902E8 2.4919206600512144E8 8.650593802788162E7 2.153485409948319E8 2.0183558874408994E7 1.3637248507745302E8 2.815337443624923E8 1.0201246273457393E7 2.7260819046015555E8 1.3119245601062696E7 8.181850553609604E7 6.09538129289154E7 5961951.4841486765 1.0279789289228974E8 2.673377400325196E8 1.3887570037936144E7 3.993412827903083E7 4.5667719143207856E7 9053274.308090094 
2.336260412449533E8 1.068696158816204E7 1.4603434768042866E7 1.1030850706407182E7 2.3648378016832036E8 6.146725798295521E7 2.3437960929116902E8 2.4919206600512144E8 8.650593802788162E7 2.153485409948319E8 2.0183558874408994E7 1.3637248507745302E8 2.8153374433909756E8 1.0201246273457393E7 2.7260819046015555E8 1.3119245601062696E7 8.181850553609604E7 6.09538129289154E7 5961951.4841486765 1.0279789289228974E8 2.673377400325196E8 1.3887570037936144E7 3.993412827903083E7 4.5667719143207856E7 9053274.308090094 
2.336260412449533E8 1.068696158816204E7 1.4603434768042866E7 1.1030850706407182E7 2.3648378016832036E8 6.146725798295521E7 2.3437960929116902E8 2.4919206600512144E8 8.650593802788162E7 2.153485409948319E8 2.0183558874408994E7 1.3637248507745302E8 2.815337443351168E8 1.0201246273457393E7 2.7260819046015555E8 1.3119245601062696E7 8.181850553609604E7 6.09538129289154E7 5961951.4841486765 1.0279789289228974E8 2.673377400325196E8 1.3887570037936144E7 3.993412827903083E7 4.5667719143207856E7 9053274.308090094 
2.336260412449533E8 1.068696158816204E7 1.4603434768042866E7 1.1030850706407182E7 2.3648378016832036E8 6.146725798295521E7 2.3437960929116902E8 2.4919206600512144E8 8.650593802788162E7 2.153485409948319E8 2.0183558874408994E7 1.3637248507745302E8 2.815337443351168E8 1.0201246273457393E7 2.7260819046015555E8 1.3119245601062696E7 8.181850553609604E7 6.09538129289154E7 5961951.4841486765 1.0279789289228974E8 2.673377400325196E8 1.3887570037936144E7 3.993412827903083E7 4.5667719143207856E7 9053274.308090094 
2.336260412449533E8 1.068696158816204E7 1.4603434768042866E7 1.1030850706407182E7 2.3648378016832036E8 6.146725798295521E7 2.3437960929116902E8 2.4919206600512144E8 8.650593802788162E7 2.153485409948319E8 2.0183558874408994E7 1.3637248507745302E8 2.815337443351168E8 1.0201246273457393E7 2.7260819046015555E8 1.3119245601062696E7 8.181850553609604E7 6.09538129289154E7 5961951.4841486765 1.0279789289228974E8 2.673377400325196E8 1.3887570037936144E7 3.993412827903083E7 4.5667719143207856E7 9053274.308090094 
2.336260412449533E8 1.068696158816204E7 1.4603434768042866E7 1.1030850706407182E7 2.3648378016832036E8 6.146725798295521E7 2.3437960929116902E8 2.4919206600512144E8 8.650593802788162E7 2.153485409948319E8 2.0183558874408994E7 1.3637248507745302E8 2.815337443351168E8 1.0201246273457393E7 2.7260819046015555E8 1.3119245601062696E7 8.181850553609604E7 6.09538129289154E7 5961951.4841486765 1.0279789289228974E8 2.673377400325196E8 1.3887570037936144E7 3.993412827903083E7 4.5667719143207856E7 9053274.308090094 
2.336260412449533E8 1.068696158816204E7 1.4603434768042866E7 1.1030850706407182E7 2.3648378016832036E8 6.146725798295521E7 2.3437960929116902E8 2.4919206600512144E8 8.650593802788162E7 2.153485409948319E8 2.0183558874408994E7 1.3637248507745302E8 2.8153374433382314E8 1.0201246273457393E7 2.7260819046015555E8 1.3119245601062696E7 8.181850553609604E7 6.09538129289154E7 5961951.4841486765 1.0279789289228974E8 2.673377400325196E8 1.3887570037936144E7 3.993412827903083E7 4.5667719143207856E7 9053274.308090094 
2.336260412449533E8 1.068696158816204E7 1.4603434768042866E7 1.1030850706407182E7 2.3648378016832036E8 6.146725798295521E7 2.3437960929116902E8 2.4919206600512144E8 8.650593802788162E7 2.153485409948319E8 2.0183558874408994E7 1.3637248507745302E8 2.815337443337913E8 1.0201246273457393E7 2.7260819046015555E8 1.3119245601062696E7 8.181850553609604E7 6.09538129289154E7 5961951.4841486765 1.0279789289228974E8 2.673377400325196E8 1.3887570037936144E7 3.993412827903083E7 4.5667719143207856E7 9053274.308090094 
2.336260412449533E8 1.068696158816204E7 1.4603434768042866E7 1.1030850706407182E7 2.3648378016832036E8 6.146725798295521E7 2.3437960929116902E8 2.4919206600512144E8 8.650593802788162E7 2.153485409948319E8 2.0183558874408994E7 1.3637248507745302E8 2.8153374433326465E8 1.0201246273457393E7 2.7260819046015555E8 1.3119245601062696E7 8.181850553609604E7 6.09538129289154E7 5961951.4841486765 1.0279789289228974E8 2.673377400325196E8 1.3887570037936144E7 3.993412827903083E7 4.5667719143207856E7 9053274.308090094 
2.336260412449533E8 1.068696158816204E7 1.4603434768042866E7 1.1030850706407182E7 2.3648378016832036E8 6.146725798295521E7 2.3437960929116902E8 2.4919206600512144E8 8.650593802788162E7 2.153485409948319E8 2.0183558874408994E7 1.3637248507745302E8 2.815337443310417E8 1.0201246273457393E7 2.7260819046015555E8 1.3119245601062696E7 8.181850553609604E7 6.09538129289154E7 5961951.4841486765 1.0279789289228974E8 2.673377400325196E8 1.3887570037936144E7 3.993412827903083E7 4.5667719143207856E7 9053274.308090094 
2.336260412449533E8 1.068696158816204E7 1.4603434768042866E7 1.1030850706407182E7 2.3648378016832036E8 6.146725798295521E7 2.3437960929116902E8 2.4919206600512144E8 8.650593802788162E7 2.153485409948319E8 2.0183558874408994E7 1.3637248507745302E8 2.815337443310417E8 1.0201246273457393E7 2.7260819046015555E8 1.3119245601062696E7 8.181850553609604E7 6.09538129289154E7 5961951.4841486765 1.0279789289228974E8 2.673377400325196E8 1.3887570037936144E7 3.993412827903083E7 4.5667719143207856E7 9053274.308090094 
2.336260412449533E8 1.068696158816204E7 1.4603434768042866E7 1.1030850706407182E7 2.3648378016832036E8 6.146725798295521E7 2.3437960929116902E8 2.4919206600512144E8 8.650593802788162E7 2.153485409948319E8 2.0183558874408994E7 1.3637248507745302E8 2.8153374433083737E8 1.0201246273457393E7 2.7260819046015555E8 1.3119245601062696E7 8.181850553609604E7 6.09538129289154E7 5961951.4841486765 1.0279789289228974E8 2.673377400325196E8 1.3887570037936144E7 3.993412827903083E7 4.5667719143207856E7 9053274.308090094 
2.336260412449533E8 1.068696158816204E7 1.4603434768042866E7 1.1030850706407182E7 2.3648378016832036E8 6.146725798295521E7 2.3437960929116902E8 2.4919206600512144E8 8.650593802788162E7 2.153485409948319E8 2.0183558874408994E7 1.3637248507745302E8 2.8153374433083737E8 1.0201246273457393E7 2.7260819046015555E8 1.3119245601062696E7 8.181850553609604E7 6.09538129289154E7 5961951.4841486765 1.0279789289228974E8 2.673377400325196E8 1.3887570037936144E7 3.993412827903083E7 4.5667719143207856E7 9053274.308090094 
2.336260412449533E8 1.068696158816204E7 1.4603434768042866E7 1.1030850706407182E7 2.3648378016832036E8 6.146725798295521E7 2.3437960929116902E8 2.4919206600512144E8 8.650593802788162E7 2.153485409948319E8 2.0183558874408994E7 1.3637248507745302E8 2.8153374433083737E8 1.0201246273457393E7 2.7260819046015555E8 1.3119245601062696E7 8.181850553609604E7 6.09538129289154E7 5961951.4841486765 1.0279789289228974E8 2.673377400325196E8 1.3887570037936144E7 3.993412827903083E7 4.5667719143207856E7 9053274.308090094 
2.336260412449533E8 1.068696158816204E7 1.4603434768042866E7 1.1030850706407182E7 2.3648378016832036E8 6.146725798295521E7 2.3437960929116902E8 2.4919206600512144E8 8.650593802788162E7 2.153485409948319E8 2.0183558874408994E7 1.3637248507745302E8 2.815337443301711E8 1.0201246273457393E7 2.7260819046015555E8 1.3119245601062696E7 8.181850553609604E7 6.09538129289154E7 5961951.4841486765 1.0279789289228974E8 2.673377400325196E8 1.3887570037936144E7 3.993412827903083E7 4.5667719143207856E7 9053274.308090094 
2.336260412449533E8 1.068696158816204E7 1.4603434768042866E7 1.1030850706407182E7 2.3648378016832036E8 6.146725798295521E7 2.3437960929116902E8 2.4919206600512144E8 8.650593802788162E7 2.153485409948319E8 2.0183558874408994E7 1.3637248507745302E8 2.8153374432989925E8 1.0201246273457393E7 2.7260819046015555E8 1.3119245601062696E7 8.181850553609604E7 6.09538129289154E7 5961951.4841486765 1.0279789289228974E8 2.673377400325196E8 1.3887570037936144E7 3.993412827903083E7 4.5667719143207856E7 9053274.308090094 
2.336260412449533E8 1.068696158816204E7 1.4603434768042866E7 1.1030850706407182E7 2.3648378016832036E8 6.146725798295521E7 2.3437960929116902E8 2.4919206600512144E8 8.650593802788162E7 2.153485409948319E8 2.0183558874408994E7 1.3637248507745302E8 2.8153374432989925E8 1.0201246273457393E7 2.7260819046015555E8 1.3119245601062696E7 8.181850553609604E7 6.09538129289154E7 5961951.4841486765 1.0279789289228974E8 2.673377400325196E8 1.3887570037936144E7 3.993412827903083E7 4.5667719143207856E7 9053274.308090094 
2.336260412449533E8 1.068696158816204E7 1.4603434768042866E7 1.1030850706407182E7 2.3648378016832036E8 6.146725798295521E7 2.3437960929116902E8 2.4919206600512144E8 8.650593802788162E7 2.153485409948319E8 2.0183558874408994E7 1.3637248507745302E8 2.8153374432989925E8 1.0201246273457393E7 2.7260819046015555E8 1.3119245601062696E7 8.181850553609604E7 6.09538129289154E7 5961951.4841486765 1.0279789289228974E8 2.673377400325196E8 1.3887570037936144E7 3.993412827903083E7 4.5667719143207856E7 9053274.308090094 
2.336260412449533E8 1.068696158816204E7 1.4603434768042866E7 1.1030850706407182E7 2.3648378016832036E8 6.146725798295521E7 2.3437960929116902E8 2.4919206600512144E8 8.650593802788162E7 2.153485409948319E8 2.0183558874408994E7 1.3637248507745302E8 2.8153374432989925E8 1.0201246273457393E7 2.7260819046015555E8 1.3119245601062696E7 8.181850553609604E7 6.09538129289154E7 5961951.4841486765 1.0279789289228974E8 2.673377400325196E8 1.3887570037936144E7 3.993412827903083E7 4.5667719143207856E7 9053274.308090094 
2.336260412449533E8 1.068696158816204E7 1.4603434768042866E7 1.1030850706407182E7 2.3648378016832036E8 6.146725798295521E7 2.3437960929116902E8 2.4919206600512144E8 8.650593802788162E7 2.153485409948319E8 2.0183558874408994E7 1.3637248507745302E8 2.815337443298901E8 1.0201246273457393E7 2.7260819046015555E8 1.3119245601062696E7 8.181850553609604E7 6.09538129289154E7 5961951.4841486765 1.0279789289228974E8 2.673377400325196E8 1.3887570037936144E7 3.993412827903083E7 4.5667719143207856E7 9053274.308090094 
2.336260412449533E8 1.068696158816204E7 1.4603434768042866E7 1.1030850706407182E7 2.3648378016832036E8 6.146725798295521E7 2.3437960929116902E8 2.4919206600512144E8 8.650593802788162E7 2.153485409948319E8 2.0183558874408994E7 1.3637248507745302E8 2.815337443298901E8 1.0201246273457393E7 2.7260819046015555E8 1.3119245601062696E7 8.181850553609604E7 6.09538129289154E7 5961951.4841486765 1.0279789289228974E8 2.673377400325196E8 1.3887570037936144E7 3.993412827903083E7 4.5667719143207856E7 9053274.308090094 
2.336260412449533E8 1.068696158816204E7 1.4603434768042866E7 1.1030850706407182E7 2.3648378016832036E8 6.146725798295521E7 2.3437960929116902E8 2.4919206600512144E8 8.650593802788162E7 2.153485409948319E8 2.0183558874408994E7 1.3637248507745302E8 2.8153374432986605E8 1.0201246273457393E7 2.7260819046015555E8 1.3119245601062696E7 8.181850553609604E7 6.09538129289154E7 5961951.4841486765 1.0279789289228974E8 2.673377400325196E8 1.3887570037936144E7 3.993412827903083E7 4.5667719143207856E7 9053274.308090094 
2.336260412449533E8 1.068696158816204E7 1.4603434768042866E7 1.1030850706407182E7 2.3648378016832036E8 6.146725798295521E7 2.3437960929116902E8 2.4919206600512144E8 8.650593802788162E7 2.153485409948319E8 2.0183558874408994E7 1.3637248507745302E8 2.815337443298494E8 1.0201246273457393E7 2.7260819046015555E8 1.3119245601062696E7 8.181850553609604E7 6.09538129289154E7 5961951.4841486765 1.0279789289228974E8 2.673377400325196E8 1.3887570037936144E7 3.993412827903083E7 4.5667719143207856E7 9053274.308090094 
2.336260412449533E8 1.068696158816204E7 1.4603434768042866E7 1.1030850706407182E7 2.3648378016832036E8 6.146725798295521E7 2.3437960929116902E8 2.4919206600512144E8 8.650593802788162E7 2.153485409948319E8 2.0183558874408994E7 1.3637248507745302E8 2.815337443298385E8 1.0201246273457393E7 2.7260819046015555E8 1.3119245601062696E7 8.181850553609604E7 6.09538129289154E7 5961951.4841486765 1.0279789289228974E8 2.673377400325196E8 1.3887570037936144E7 3.993412827903083E7 4.5667719143207856E7 9053274.308090094 
2.336260412449533E8 1.068696158816204E7 1.4603434768042866E7 1.1030850706407182E7 2.3648378016832036E8 6.146725798295521E7 2.3437960929116902E8 2.4919206600512144E8 8.650593802788162E7 2.153485409948319E8 2.0183558874408994E7 1.3637248507745302E8 2.8153374432983387E8 1.0201246273457393E7 2.7260819046015555E8 1.3119245601062696E7 8.181850553609604E7 6.09538129289154E7 5961951.4841486765 1.0279789289228974E8 2.673377400325196E8 1.3887570037936144E7 3.993412827903083E7 4.5667719143207856E7 9053274.308090094 
2.336260412449533E8 1.068696158816204E7 1.4603434768042866E7 1.1030850706407182E7 2.3648378016832036E8 6.146725798295521E7 2.3437960929116902E8 2.4919206600512144E8 8.650593802788162E7 2.153485409948319E8 2.0183558874408994E7 1.3637248507745302E8 2.8153374432983387E8 1.0201246273457393E7 2.7260819046015555E8 1.3119245601062696E7 8.181850553609604E7 6.09538129289154E7 5961951.4841486765 1.0279789289228974E8 2.673377400325196E8 1.3887570037936144E7 3.993412827903083E7 4.5667719143207856E7 9053274.308090094 
2.336260412449533E8 1.068696158816204E7 1.4603434768042866E7 1.1030850706407182E7 2.3648378016832036E8 6.146725798295521E7 2.3437960929116902E8 2.4919206600512144E8 8.650593802788162E7 2.153485409948319E8 2.0183558874408994E7 1.3637248507745302E8 2.815337443298152E8 1.0201246273457393E7 2.7260819046015555E8 1.3119245601062696E7 8.181850553609604E7 6.09538129289154E7 5961951.4841486765 1.0279789289228974E8 2.673377400325196E8 1.3887570037936144E7 3.993412827903083E7 4.5667719143207856E7 9053274.308090094 
2.336260412449533E8 1.068696158816204E7 1.4603434768042866E7 1.1030850706407182E7 2.3648378016832036E8 6.146725798295521E7 2.3437960929116902E8 2.4919206600512144E8 8.650593802788162E7 2.153485409948319E8 2.0183558874408994E7 1.3637248507745302E8 2.81533744329806E8 1.0201246273457393E7 2.7260819046015555E8 1.3119245601062696E7 8.181850553609604E7 6.09538129289154E7 5961951.4841486765 1.0279789289228974E8 2.673377400325196E8 1.3887570037936144E7 3.993412827903083E7 4.5667719143207856E7 9053274.308090094 
2.336260412449533E8 1.068696158816204E7 1.4603434768042866E7 1.1030850706407182E7 2.3648378016832036E8 6.146725798295521E7 2.3437960929116902E8 2.4919206600512144E8 8.650593802788162E7 2.153485409948319E8 2.0183558874408994E7 1.3637248507745302E8 2.815337443298006E8 1.0201246273457393E7 2.7260819046015555E8 1.3119245601062696E7 8.181850553609604E7 6.09538129289154E7 5961951.4841486765 1.0279789289228974E8 2.673377400325196E8 1.3887570037936144E7 3.993412827903083E7 4.5667719143207856E7 9053274.308090094 
2.336260412449533E8 1.068696158816204E7 1.4603434768042866E7 1.1030850706407182E7 2.3648378016832036E8 6.146725798295521E7 2.3437960929116902E8 2.4919206600512144E8 8.650593802788162E7 2.153485409948319E8 2.0183558874408994E7 1.3637248507745302E8 2.815337443298006E8 1.0201246273457393E7 2.7260819046015555E8 1.3119245601062696E7 8.181850553609604E7 6.09538129289154E7 5961951.4841486765 1.0279789289228974E8 2.673377400325196E8 1.3887570037936144E7 3.993412827903083E7 4.5667719143207856E7 9053274.308090094 
2.336260412449533E8 1.068696158816204E7 1.4603434768042866E7 1.1030850706407182E7 2.3648378016832036E8 6.146725798295521E7 2.3437960929116902E8 2.4919206600512144E8 8.650593802788162E7 2.153485409948319E8 2.0183558874408994E7 1.3637248507745302E8 2.815337443298006E8 1.0201246273457393E7 2.7260819046015555E8 1.3119245601062696E7 8.181850553609604E7 6.09538129289154E7 5961951.4841486765 1.0279789289228974E8 2.673377400325196E8 1.3887570037936144E7 3.993412827903083E7 4.5667719143207856E7 9053274.308090094 
2.336260412449533E8 1.068696158816204E7 1.4603434768042866E7 1.1030850706407182E7 2.3648378016832036E8 6.146725798295521E7 2.3437960929116902E8 2.4919206600512144E8 8.650593802788162E7 2.153485409948319E8 2.0183558874408994E7 1.3637248507745302E8 2.815337443298006E8 1.0201246273457393E7 2.7260819046015555E8 1.3119245601062696E7 8.181850553609604E7 6.09538129289154E7 5961951.4841486765 1.0279789289228974E8 2.673377400325196E8 1.3887570037936144E7 3.993412827903083E7 4.5667719143207856E7 9053274.308090094 
2.336260412449533E8 1.068696158816204E7 1.4603434768042866E7 1.1030850706407182E7 2.3648378016832036E8 6.146725798295521E7 2.3437960929116902E8 2.4919206600512144E8 8.650593802788162E7 2.153485409948319E8 2.0183558874408994E7 1.3637248507745302E8 2.8153374432978815E8 1.0201246273457393E7 2.7260819046015555E8 1.3119245601062696E7 8.181850553609604E7 6.09538129289154E7 5961951.4841486765 1.0279789289228974E8 2.673377400325196E8 1.3887570037936144E7 3.993412827903083E7 4.5667719143207856E7 9053274.308090094 
2.336260412449533E8 1.068696158816204E7 1.4603434768042866E7 1.1030850706407182E7 2.3648378016832036E8 6.146725798295521E7 2.3437960929116902E8 2.4919206600512144E8 8.650593802788162E7 2.153485409948319E8 2.0183558874408994E7 1.3637248507745302E8 2.8153374432978815E8 1.0201246273457393E7 2.7260819046015555E8 1.3119245601062696E7 8.181850553609604E7 6.09538129289154E7 5961951.4841486765 1.0279789289228974E8 2.673377400325196E8 1.3887570037936144E7 3.993412827903083E7 4.5667719143207856E7 9053274.308090094 
2.336260412449533E8 1.068696158816204E7 1.4603434768042866E7 1.1030850706407182E7 2.3648378016832036E8 6.146725798295521E7 2.3437960929116902E8 2.4919206600512144E8 8.650593802788162E7 2.153485409948319E8 2.0183558874408994E7 1.3637248507745302E8 2.815337443297877E8 1.0201246273457393E7 2.7260819046015555E8 1.3119245601062696E7 8.181850553609604E7 6.09538129289154E7 5961951.4841486765 1.0279789289228974E8 2.673377400325196E8 1.3887570037936144E7 3.993412827903083E7 4.5667719143207856E7 9053274.308090094 
2.336260412449533E8 1.068696158816204E7 1.4603434768042866E7 1.1030850706407182E7 2.3648378016832036E8 6.146725798295521E7 2.3437960929116902E8 2.4919206600512144E8 8.650593802788162E7 2.153485409948319E8 2.0183558874408994E7 1.3637248507745302E8 2.8153374432978755E8 1.0201246273457393E7 2.7260819046015555E8 1.3119245601062696E7 8.181850553609604E7 6.09538129289154E7 5961951.4841486765 1.0279789289228974E8 2.673377400325196E8 1.3887570037936144E7 3.993412827903083E7 4.5667719143207856E7 9053274.308090094 
2.336260412449533E8 1.068696158816204E7 1.4603434768042866E7 1.1030850706407182E7 2.3648378016832036E8 6.146725798295521E7 2.3437960929116902E8 2.4919206600512144E8 8.650593802788162E7 2.153485409948319E8 2.0183558874408994E7 1.3637248507745302E8 2.8153374432978755E8 1.0201246273457393E7 2.7260819046015555E8 1.3119245601062696E7 8.181850553609604E7 6.09538129289154E7 5961951.4841486765 1.0279789289228974E8 2.673377400325196E8 1.3887570037936144E7 3.993412827903083E7 4.5667719143207856E7 9053274.308090094 
2.336260412449533E8 1.068696158816204E7 1.4603434768042866E7 1.1030850706407182E7 2.3648378016832036E8 6.146725798295521E7 2.3437960929116902E8 2.4919206600512144E8 8.650593802788162E7 2.153485409948319E8 2.0183558874408994E7 1.3637248507745302E8 2.8153374432978755E8 1.0201246273457393E7 2.7260819046015555E8 1.3119245601062696E7 8.181850553609604E7 6.09538129289154E7 5961951.4841486765 1.0279789289228974E8 2.673377400325196E8 1.3887570037936144E7 3.993412827903083E7 4.5667719143207856E7 9053274.308090094 
2.336260412449533E8 1.068696158816204E7 1.4603434768042866E7 1.1030850706407182E7 2.3648378016832036E8 6.146725798295521E7 2.3437960929116902E8 2.4919206600512144E8 8.650593802788162E7 2.153485409948319E8 2.0183558874408994E7 1.3637248507745302E8 2.8153374432978755E8 1.0201246273457393E7 2.7260819046015555E8 1.3119245601062696E7 8.181850553609604E7 6.09538129289154E7 5961951.4841486765 1.0279789289228974E8 2.673377400325196E8 1.3887570037936144E7 3.993412827903083E7 4.5667719143207856E7 9053274.308090094 
2.336260412449533E8 1.068696158816204E7 1.4603434768042866E7 1.1030850706407182E7 2.3648378016832036E8 6.146725798295521E7 2.3437960929116902E8 2.4919206600512144E8 8.650593802788162E7 2.153485409948319E8 2.0183558874408994E7 1.3637248507745302E8 2.8153374432978755E8 1.0201246273457393E7 2.7260819046015555E8 1.3119245601062696E7 8.181850553609604E7 6.09538129289154E7 5961951.4841486765 1.0279789289228974E8 2.673377400325196E8 1.3887570037936144E7 3.993412827903083E7 4.5667719143207856E7 9053274.308090094 
2.336260412449533E8 1.068696158816204E7 1.4603434768042866E7 1.1030850706407182E7 2.3648378016832036E8 6.146725798295521E7 2.3437960929116902E8 2.4919206600512144E8 8.650593802788162E7 2.153485409948319E8 2.0183558874408994E7 1.3637248507745302E8 2.8153374432978624E8 1.0201246273457393E7 2.7260819046015555E8 1.3119245601062696E7 8.181850553609604E7 6.09538129289154E7 5961951.4841486765 1.0279789289228974E8 2.673377400325196E8 1.3887570037936144E7 3.993412827903083E7 4.5667719143207856E7 9053274.308090094 
2.336260412449533E8 1.068696158816204E7 1.4603434768042866E7 1.1030850706407182E7 2.3648378016832036E8 6.146725798295521E7 2.3437960929116902E8 2.4919206600512144E8 8.650593802788162E7 2.153485409948319E8 2.0183558874408994E7 1.3637248507745302E8 2.8153374432978624E8 1.0201246273457393E7 2.7260819046015555E8 1.3119245601062696E7 8.181850553609604E7 6.09538129289154E7 5961951.4841486765 1.0279789289228974E8 2.673377400325196E8 1.3887570037936144E7 3.993412827903083E7 4.5667719143207856E7 9053274.308090094 
2.336260412449533E8 1.068696158816204E7 1.4603434768042866E7 1.1030850706407182E7 2.3648378016832036E8 6.146725798295521E7 2.3437960929116902E8 2.4919206600512144E8 8.650593802788162E7 2.153485409948319E8 2.0183558874408994E7 1.3637248507745302E8 2.8153374432978624E8 1.0201246273457393E7 2.7260819046015555E8 1.3119245601062696E7 8.181850553609604E7 6.09538129289154E7 5961951.4841486765 1.0279789289228974E8 2.673377400325196E8 1.3887570037936144E7 3.993412827903083E7 4.5667719143207856E7 9053274.308090094 
2.336260412449533E8 1.068696158816204E7 1.4603434768042866E7 1.1030850706407182E7 2.3648378016832036E8 6.146725798295521E7 2.3437960929116902E8 2.4919206600512144E8 8.650593802788162E7 2.153485409948319E8 2.0183558874408994E7 1.3637248507745302E8 2.815337443297862E8 1.0201246273457393E7 2.7260819046015555E8 1.3119245601062696E7 8.181850553609604E7 6.09538129289154E7 5961951.4841486765 1.0279789289228974E8 2.673377400325196E8 1.3887570037936144E7 3.993412827903083E7 4.5667719143207856E7 9053274.308090094 
2.336260412449533E8 1.068696158816204E7 1.4603434768042866E7 1.1030850706407182E7 2.3648378016832036E8 6.146725798295521E7 2.3437960929116902E8 2.4919206600512144E8 8.650593802788162E7 2.153485409948319E8 2.0183558874408994E7 1.3637248507745302E8 2.815337443297862E8 1.0201246273457393E7 2.7260819046015555E8 1.3119245601062696E7 8.181850553609604E7 6.09538129289154E7 5961951.4841486765 1.0279789289228974E8 2.673377400325196E8 1.3887570037936144E7 3.993412827903083E7 4.5667719143207856E7 9053274.308090094 
2.336260412449533E8 1.068696158816204E7 1.4603434768042866E7 1.1030850706407182E7 2.3648378016832036E8 6.146725798295521E7 2.3437960929116902E8 2.4919206600512144E8 8.650593802788162E7 2.153485409948319E8 2.0183558874408994E7 1.3637248507745302E8 2.815337443297862E8 1.0201246273457393E7 2.7260819046015555E8 1.3119245601062696E7 8.181850553609604E7 6.09538129289154E7 5961951.4841486765 1.0279789289228974E8 2.673377400325196E8 1.3887570037936144E7 3.993412827903083E7 4.5667719143207856E7 9053274.308090094 
2.336260412449533E8 1.068696158816204E7 1.4603434768042866E7 1.1030850706407182E7 2.3648378016832036E8 6.146725798295521E7 2.3437960929116902E8 2.4919206600512144E8 8.650593802788162E7 2.153485409948319E8 2.0183558874408994E7 1.3637248507745302E8 2.815337443297862E8 1.0201246273457393E7 2.7260819046015555E8 1.3119245601062696E7 8.181850553609604E7 6.09538129289154E7 5961951.4841486765 1.0279789289228974E8 2.673377400325196E8 1.3887570037936144E7 3.993412827903083E7 4.5667719143207856E7 9053274.308090094 
2.336260412449533E8 1.068696158816204E7 1.4603434768042866E7 1.1030850706407182E7 2.3648378016832036E8 6.146725798295521E7 2.3437960929116902E8 2.4919206600512144E8 8.650593802788162E7 2.153485409948319E8 2.0183558874408994E7 1.3637248507745302E8 2.815337443297862E8 1.0201246273457393E7 2.7260819046015555E8 1.3119245601062696E7 8.181850553609604E7 6.09538129289154E7 5961951.4841486765 1.0279789289228974E8 2.673377400325196E8 1.3887570037936144E7 3.993412827903083E7 4.5667719143207856E7 9053274.308090094 
2.336260412449533E8 1.068696158816204E7 1.4603434768042866E7 1.1030850706407182E7 2.3648378016832036E8 6.146725798295521E7 2.3437960929116902E8 2.4919206600512144E8 8.650593802788162E7 2.153485409948319E8 2.0183558874408994E7 1.3637248507745302E8 2.815337443297861E8 1.0201246273457393E7 2.7260819046015555E8 1.3119245601062696E7 8.181850553609604E7 6.09538129289154E7 5961951.4841486765 1.0279789289228974E8 2.673377400325196E8 1.3887570037936144E7 3.993412827903083E7 4.5667719143207856E7 9053274.308090094 
2.336260412449533E8 1.068696158816204E7 1.4603434768042866E7 1.1030850706407182E7 2.3648378016832036E8 6.146725798295521E7 2.3437960929116902E8 2.4919206600512144E8 8.650593802788162E7 2.153485409948319E8 2.0183558874408994E7 1.3637248507745302E8 2.8153374432978594E8 1.0201246273457393E7 2.7260819046015555E8 1.3119245601062696E7 8.181850553609604E7 6.09538129289154E7 5961951.4841486765 1.0279789289228974E8 2.673377400325196E8 1.3887570037936144E7 3.993412827903083E7 4.5667719143207856E7 9053274.308090094 
2.336260412449533E8 1.068696158816204E7 1.4603434768042866E7 1.1030850706407182E7 2.3648378016832036E8 6.146725798295521E7 2.3437960929116902E8 2.4919206600512144E8 8.650593802788162E7 2.153485409948319E8 2.0183558874408994E7 1.3637248507745302E8 2.8153374432978594E8 1.0201246273457393E7 2.7260819046015555E8 1.3119245601062696E7 8.181850553609604E7 6.09538129289154E7 5961951.4841486765 1.0279789289228974E8 2.673377400325196E8 1.3887570037936144E7 3.993412827903083E7 4.5667719143207856E7 9053274.308090094 
2.336260412449533E8 1.068696158816204E7 1.4603434768042866E7 1.1030850706407182E7 2.3648378016832036E8 6.146725798295521E7 2.3437960929116902E8 2.4919206600512144E8 8.650593802788162E7 2.153485409948319E8 2.0183558874408994E7 1.3637248507745302E8 2.8153374432978594E8 1.0201246273457393E7 2.7260819046015555E8 1.3119245601062696E7 8.181850553609604E7 6.09538129289154E7 5961951.4841486765 1.0279789289228974E8 2.673377400325196E8 1.3887570037936144E7 3.993412827903083E7 4.5667719143207856E7 9053274.308090094 
2.336260412449533E8 1.068696158816204E7 1.4603434768042866E7 1.1030850706407182E7 2.3648378016832036E8 6.146725798295521E7 2.3437960929116902E8 2.4919206600512144E8 8.650593802788162E7 2.153485409948319E8 2.0183558874408994E7 1.3637248507745302E8 2.815337443297858E8 1.0201246273457393E7 2.7260819046015555E8 1.3119245601062696E7 8.181850553609604E7 6.09538129289154E7 5961951.4841486765 1.0279789289228974E8 2.673377400325196E8 1.3887570037936144E7 3.993412827903083E7 4.5667719143207856E7 9053274.308090094 
2.336260412449533E8 1.068696158816204E7 1.4603434768042866E7 1.1030850706407182E7 2.3648378016832036E8 6.146725798295521E7 2.3437960929116902E8 2.4919206600512144E8 8.650593802788162E7 2.153485409948319E8 2.0183558874408994E7 1.3637248507745302E8 2.815337443297858E8 1.0201246273457393E7 2.7260819046015555E8 1.3119245601062696E7 8.181850553609604E7 6.09538129289154E7 5961951.4841486765 1.0279789289228974E8 2.673377400325196E8 1.3887570037936144E7 3.993412827903083E7 4.5667719143207856E7 9053274.308090094 
2.336260412449533E8 1.068696158816204E7 1.4603434768042866E7 1.1030850706407182E7 2.3648378016832036E8 6.146725798295521E7 2.3437960929116902E8 2.4919206600512144E8 8.650593802788162E7 2.153485409948319E8 2.0183558874408994E7 1.3637248507745302E8 2.815337443297858E8 1.0201246273457393E7 2.7260819046015555E8 1.3119245601062696E7 8.181850553609604E7 6.09538129289154E7 5961951.4841486765 1.0279789289228974E8 2.673377400325196E8 1.3887570037936144E7 3.993412827903083E7 4.5667719143207856E7 9053274.308090094 
2.336260412449533E8 1.068696158816204E7 1.4603434768042866E7 1.1030850706407182E7 2.3648378016832036E8 6.146725798295521E7 2.3437960929116902E8 2.4919206600512144E8 8.650593802788162E7 2.153485409948319E8 2.0183558874408994E7 1.3637248507745302E8 2.815337443297858E8 1.0201246273457393E7 2.7260819046015555E8 1.3119245601062696E7 8.181850553609604E7 6.09538129289154E7 5961951.4841486765 1.0279789289228974E8 2.673377400325196E8 1.3887570037936144E7 3.993412827903083E7 4.5667719143207856E7 9053274.308090094 
2.336260412449533E8 1.068696158816204E7 1.4603434768042866E7 1.1030850706407182E7 2.3648378016832036E8 6.146725798295521E7 2.3437960929116902E8 2.4919206600512144E8 8.650593802788162E7 2.153485409948319E8 2.0183558874408994E7 1.3637248507745302E8 2.815337443297858E8 1.0201246273457393E7 2.7260819046015555E8 1.3119245601062696E7 8.181850553609604E7 6.09538129289154E7 5961951.4841486765 1.0279789289228974E8 2.673377400325196E8 1.3887570037936144E7 3.993412827903083E7 4.5667719143207856E7 9053274.308090094 
2.336260412449533E8 1.068696158816204E7 1.4603434768042866E7 1.1030850706407182E7 2.3648378016832036E8 6.146725798295521E7 2.3437960929116902E8 2.4919206600512144E8 8.650593802788162E7 2.153485409948319E8 2.0183558874408994E7 1.3637248507745302E8 2.815337443297857E8 1.0201246273457393E7 2.7260819046015555E8 1.3119245601062696E7 8.181850553609604E7 6.09538129289154E7 5961951.4841486765 1.0279789289228974E8 2.673377400325196E8 1.3887570037936144E7 3.993412827903083E7 4.5667719143207856E7 9053274.308090094 
2.336260412449533E8 1.068696158816204E7 1.4603434768042866E7 1.1030850706407182E7 2.3648378016832036E8 6.146725798295521E7 2.3437960929116902E8 2.4919206600512144E8 8.650593802788162E7 2.153485409948319E8 2.0183558874408994E7 1.3637248507745302E8 2.815337443297857E8 1.0201246273457393E7 2.7260819046015555E8 1.3119245601062696E7 8.181850553609604E7 6.09538129289154E7 5961951.4841486765 1.0279789289228974E8 2.673377400325196E8 1.3887570037936144E7 3.993412827903083E7 4.5667719143207856E7 9053274.308090094 
2.336260412449533E8 1.068696158816204E7 1.4603434768042866E7 1.1030850706407182E7 2.3648378016832036E8 6.146725798295521E7 2.3437960929116902E8 2.4919206600512144E8 8.650593802788162E7 2.153485409948319E8 2.0183558874408994E7 1.3637248507745302E8 2.815337443297857E8 1.0201246273457393E7 2.7260819046015555E8 1.3119245601062696E7 8.181850553609604E7 6.09538129289154E7 5961951.4841486765 1.0279789289228974E8 2.673377400325196E8 1.3887570037936144E7 3.993412827903083E7 4.5667719143207856E7 9053274.308090094 
2.336260412449533E8 1.068696158816204E7 1.4603434768042866E7 1.1030850706407182E7 2.3648378016832036E8 6.146725798295521E7 2.3437960929116902E8 2.4919206600512144E8 8.650593802788162E7 2.153485409948319E8 2.0183558874408994E7 1.3637248507745302E8 2.815337443297857E8 1.0201246273457393E7 2.7260819046015555E8 1.3119245601062696E7 8.181850553609604E7 6.09538129289154E7 5961951.4841486765 1.0279789289228974E8 2.673377400325196E8 1.3887570037936144E7 3.993412827903083E7 4.5667719143207856E7 9053274.308090094 
2.336260412449533E8 1.068696158816204E7 1.4603434768042866E7 1.1030850706407182E7 2.3648378016832036E8 6.146725798295521E7 2.3437960929116902E8 2.4919206600512144E8 8.650593802788162E7 2.153485409948319E8 2.0183558874408994E7 1.3637248507745302E8 2.815337443297857E8 1.0201246273457393E7 2.7260819046015555E8 1.3119245601062696E7 8.181850553609604E7 6.09538129289154E7 5961951.4841486765 1.0279789289228974E8 2.673377400325196E8 1.3887570037936144E7 3.993412827903083E7 4.5667719143207856E7 9053274.308090094 
2.336260412449533E8 1.068696158816204E7 1.4603434768042866E7 1.1030850706407182E7 2.3648378016832036E8 6.146725798295521E7 2.3437960929116902E8 2.4919206600512144E8 8.650593802788162E7 2.153485409948319E8 2.0183558874408994E7 1.3637248507745302E8 2.815337443297857E8 1.0201246273457393E7 2.7260819046015555E8 1.3119245601062696E7 8.181850553609604E7 6.09538129289154E7 5961951.4841486765 1.0279789289228974E8 2.673377400325196E8 1.3887570037936144E7 3.993412827903083E7 4.5667719143207856E7 9053274.308090094 
2.336260412449533E8 1.068696158816204E7 1.4603434768042866E7 1.1030850706407182E7 2.3648378016832036E8 6.146725798295521E7 2.3437960929116902E8 2.4919206600512144E8 8.650593802788162E7 2.153485409948319E8 2.0183558874408994E7 1.3637248507745302E8 2.815337443297857E8 1.0201246273457393E7 2.7260819046015555E8 1.3119245601062696E7 8.181850553609604E7 6.09538129289154E7 5961951.4841486765 1.0279789289228974E8 2.673377400325196E8 1.3887570037936144E7 3.993412827903083E7 4.5667719143207856E7 9053274.308090094 
2.336260412449533E8 1.068696158816204E7 1.4603434768042866E7 1.1030850706407182E7 2.3648378016832036E8 6.146725798295521E7 2.3437960929116902E8 2.4919206600512144E8 8.650593802788162E7 2.153485409948319E8 2.0183558874408994E7 1.3637248507745302E8 2.815337443297857E8 1.0201246273457393E7 2.7260819046015555E8 1.3119245601062696E7 8.181850553609604E7 6.09538129289154E7 5961951.4841486765 1.0279789289228974E8 2.673377400325196E8 1.3887570037936144E7 3.993412827903083E7 4.5667719143207856E7 9053274.308090094 
2.336260412449533E8 1.068696158816204E7 1.4603434768042866E7 1.1030850706407182E7 2.3648378016832036E8 6.146725798295521E7 2.3437960929116902E8 2.4919206600512144E8 8.650593802788162E7 2.153485409948319E8 2.0183558874408994E7 1.3637248507745302E8 2.815337443297857E8 1.0201246273457393E7 2.7260819046015555E8 1.3119245601062696E7 8.181850553609604E7 6.09538129289154E7 5961951.4841486765 1.0279789289228974E8 2.673377400325196E8 1.3887570037936144E7 3.993412827903083E7 4.5667719143207856E7 9053274.308090094 
2.336260412449533E8 1.068696158816204E7 1.4603434768042866E7 1.1030850706407182E7 2.3648378016832036E8 6.146725798295521E7 2.3437960929116902E8 2.4919206600512144E8 8.650593802788162E7 2.153485409948319E8 2.0183558874408994E7 1.3637248507745302E8 2.815337443297857E8 1.0201246273457393E7 2.7260819046015555E8 1.3119245601062696E7 8.181850553609604E7 6.09538129289154E7 5961951.4841486765 1.0279789289228974E8 2.673377400325196E8 1.3887570037936144E7 3.993412827903083E7 4.5667719143207856E7 9053274.308090094 
2.336260412449533E8 1.068696158816204E7 1.4603434768042866E7 1.1030850706407182E7 2.3648378016832036E8 6.146725798295521E7 2.3437960929116902E8 2.4919206600512144E8 8.650593802788162E7 2.153485409948319E8 2.0183558874408994E7 1.3637248507745302E8 2.815337443297857E8 1.0201246273457393E7 2.7260819046015555E8 1.3119245601062696E7 8.181850553609604E7 6.09538129289154E7 5961951.4841486765 1.0279789289228974E8 2.673377400325196E8 1.3887570037936144E7 3.993412827903083E7 4.5667719143207856E7 9053274.308090094 
2.336260412449533E8 1.068696158816204E7 1.4603434768042866E7 1.1030850706407182E7 2.3648378016832036E8 6.146725798295521E7 2.3437960929116902E8 2.4919206600512144E8 8.650593802788162E7 2.153485409948319E8 2.0183558874408994E7 1.3637248507745302E8 2.815337443297857E8 1.0201246273457393E7 2.7260819046015555E8 1.3119245601062696E7 8.181850553609604E7 6.09538129289154E7 5961951.4841486765 1.0279789289228974E8 2.673377400325196E8 1.3887570037936144E7 3.993412827903083E7 4.5667719143207856E7 9053274.308090094 
2.336260412449533E8 1.068696158816204E7 1.4603434768042866E7 1.1030850706407182E7 2.3648378016832036E8 6.146725798295521E7 2.3437960929116902E8 2.4919206600512144E8 8.650593802788162E7 2.153485409948319E8 2.0183558874408994E7 1.3637248507745302E8 2.815337443297857E8 1.0201246273457393E7 2.7260819046015555E8 1.3119245601062696E7 8.181850553609604E7 6.09538129289154E7 5961951.4841486765 1.0279789289228974E8 2.673377400325196E8 1.3887570037936144E7 3.993412827903083E7 4.5667719143207856E7 9053274.308090094 
2.336260412449533E8 1.068696158816204E7 1.4603434768042866E7 1.1030850706407182E7 2.3648378016832036E8 6.146725798295521E7 2.3437960929116902E8 2.4919206600512144E8 8.650593802788162E7 2.153485409948319E8 2.0183558874408994E7 1.3637248507745302E8 2.815337443297857E8 1.0201246273457393E7 2.7260819046015555E8 1.3119245601062696E7 8.181850553609604E7 6.09538129289154E7 5961951.4841486765 1.0279789289228974E8 2.673377400325196E8 1.3887570037936144E7 3.993412827903083E7 4.5667719143207856E7 9053274.308090094 
2.336260412449533E8 1.068696158816204E7 1.4603434768042866E7 1.1030850706407182E7 2.3648378016832036E8 6.146725798295521E7 2.3437960929116902E8 2.4919206600512144E8 8.650593802788162E7 2.153485409948319E8 2.0183558874408994E7 1.3637248507745302E8 2.815337443297857E8 1.0201246273457393E7 2.7260819046015555E8 1.3119245601062696E7 8.181850553609604E7 6.09538129289154E7 5961951.4841486765 1.0279789289228974E8 2.673377400325196E8 1.3887570037936144E7 3.993412827903083E7 4.5667719143207856E7 9053274.308090094 
2.336260412449533E8 1.068696158816204E7 1.4603434768042866E7 1.1030850706407182E7 2.3648378016832036E8 6.146725798295521E7 2.3437960929116902E8 2.4919206600512144E8 8.650593802788162E7 2.153485409948319E8 2.0183558874408994E7 1.3637248507745302E8 2.815337443297857E8 1.0201246273457393E7 2.7260819046015555E8 1.3119245601062696E7 8.181850553609604E7 6.09538129289154E7 5961951.4841486765 1.0279789289228974E8 2.673377400325196E8 1.3887570037936144E7 3.993412827903083E7 4.5667719143207856E7 9053274.308090094 
2.336260412449533E8 1.068696158816204E7 1.4603434768042866E7 1.1030850706407182E7 2.3648378016832036E8 6.146725798295521E7 2.3437960929116902E8 2.4919206600512144E8 8.650593802788162E7 2.153485409948319E8 2.0183558874408994E7 1.3637248507745302E8 2.815337443297857E8 1.0201246273457393E7 2.7260819046015555E8 1.3119245601062696E7 8.181850553609604E7 6.09538129289154E7 5961951.4841486765 1.0279789289228974E8 2.673377400325196E8 1.3887570037936144E7 3.993412827903083E7 4.5667719143207856E7 9053274.308090094 
2.336260412449533E8 1.068696158816204E7 1.4603434768042866E7 1.1030850706407182E7 2.3648378016832036E8 6.146725798295521E7 2.3437960929116902E8 2.4919206600512144E8 8.650593802788162E7 2.153485409948319E8 2.0183558874408994E7 1.3637248507745302E8 2.815337443297857E8 1.0201246273457393E7 2.7260819046015555E8 1.3119245601062696E7 8.181850553609604E7 6.09538129289154E7 5961951.4841486765 1.0279789289228974E8 2.673377400325196E8 1.3887570037936144E7 3.993412827903083E7 4.5667719143207856E7 9053274.308090094 
2.336260412449533E8 1.068696158816204E7 1.4603434768042866E7 1.1030850706407182E7 2.3648378016832036E8 6.146725798295521E7 2.3437960929116902E8 2.4919206600512144E8 8.650593802788162E7 2.153485409948319E8 2.0183558874408994E7 1.3637248507745302E8 2.815337443297857E8 1.0201246273457393E7 2.7260819046015555E8 1.3119245601062696E7 8.181850553609604E7 6.09538129289154E7 5961951.4841486765 1.0279789289228974E8 2.673377400325196E8 1.3887570037936144E7 3.993412827903083E7 4.5667719143207856E7 9053274.308090094 
2.336260412449533E8 1.068696158816204E7 1.4603434768042866E7 1.1030850706407182E7 2.3648378016832036E8 6.146725798295521E7 2.3437960929116902E8 2.4919206600512144E8 8.650593802788162E7 2.153485409948319E8 2.0183558874408994E7 1.3637248507745302E8 2.815337443297857E8 1.0201246273457393E7 2.7260819046015555E8 1.3119245601062696E7 8.181850553609604E7 6.09538129289154E7 5961951.4841486765 1.0279789289228974E8 2.673377400325196E8 1.3887570037936144E7 3.993412827903083E7 4.5667719143207856E7 9053274.308090094 
2.336260412449533E8 1.068696158816204E7 1.4603434768042866E7 1.1030850706407182E7 2.3648378016832036E8 6.146725798295521E7 2.3437960929116902E8 2.4919206600512144E8 8.650593802788162E7 2.153485409948319E8 2.0183558874408994E7 1.3637248507745302E8 2.815337443297857E8 1.0201246273457393E7 2.7260819046015555E8 1.3119245601062696E7 8.181850553609604E7 6.09538129289154E7 5961951.4841486765 1.0279789289228974E8 2.673377400325196E8 1.3887570037936144E7 3.993412827903083E7 4.5667719143207856E7 9053274.308090094 
2.336260412449533E8 1.068696158816204E7 1.4603434768042866E7 1.1030850706407182E7 2.3648378016832036E8 6.146725798295521E7 2.3437960929116902E8 2.4919206600512144E8 8.650593802788162E7 2.153485409948319E8 2.0183558874408994E7 1.3637248507745302E8 2.815337443297857E8 1.0201246273457393E7 2.7260819046015555E8 1.3119245601062696E7 8.181850553609604E7 6.09538129289154E7 5961951.4841486765 1.0279789289228974E8 2.673377400325196E8 1.3887570037936144E7 3.993412827903083E7 4.5667719143207856E7 9053274.308090094 
2.336260412449533E8 1.068696158816204E7 1.4603434768042866E7 1.1030850706407182E7 2.3648378016832036E8 6.146725798295521E7 2.3437960929116902E8 2.4919206600512144E8 8.650593802788162E7 2.153485409948319E8 2.0183558874408994E7 1.3637248507745302E8 2.815337443297857E8 1.0201246273457393E7 2.7260819046015555E8 1.3119245601062696E7 8.181850553609604E7 6.09538129289154E7 5961951.4841486765 1.0279789289228974E8 2.673377400325196E8 1.3887570037936144E7 3.993412827903083E7 4.5667719143207856E7 9053274.308090094 
2.336260412449533E8 1.068696158816204E7 1.4603434768042866E7 1.1030850706407182E7 2.3648378016832036E8 6.146725798295521E7 2.3437960929116902E8 2.4919206600512144E8 8.650593802788162E7 2.153485409948319E8 2.0183558874408994E7 1.3637248507745302E8 2.815337443297857E8 1.0201246273457393E7 2.7260819046015555E8 1.3119245601062696E7 8.181850553609604E7 6.09538129289154E7 5961951.4841486765 1.0279789289228974E8 2.673377400325196E8 1.3887570037936144E7 3.993412827903083E7 4.5667719143207856E7 9053274.308090094 
2.336260412449533E8 1.068696158816204E7 1.4603434768042866E7 1.1030850706407182E7 2.3648378016832036E8 6.146725798295521E7 2.3437960929116902E8 2.4919206600512144E8 8.650593802788162E7 2.153485409948319E8 2.0183558874408994E7 1.3637248507745302E8 2.815337443297857E8 1.0201246273457393E7 2.7260819046015555E8 1.3119245601062696E7 8.181850553609604E7 6.09538129289154E7 5961951.4841486765 1.0279789289228974E8 2.673377400325196E8 1.3887570037936144E7 3.993412827903083E7 4.5667719143207856E7 9053274.308090094 
2.336260412449533E8 1.068696158816204E7 1.4603434768042866E7 1.1030850706407182E7 2.3648378016832036E8 6.146725798295521E7 2.3437960929116902E8 2.4919206600512144E8 8.650593802788162E7 2.153485409948319E8 2.0183558874408994E7 1.3637248507745302E8 2.815337443297857E8 1.0201246273457393E7 2.7260819046015555E8 1.3119245601062696E7 8.181850553609604E7 6.09538129289154E7 5961951.4841486765 1.0279789289228974E8 2.673377400325196E8 1.3887570037936144E7 3.993412827903083E7 4.5667719143207856E7 9053274.308090094 
2.336260412449533E8 1.068696158816204E7 1.4603434768042866E7 1.1030850706407182E7 2.3648378016832036E8 6.146725798295521E7 2.3437960929116902E8 2.4919206600512144E8 8.650593802788162E7 2.153485409948319E8 2.0183558874408994E7 1.3637248507745302E8 2.815337443297857E8 1.0201246273457393E7 2.7260819046015555E8 1.3119245601062696E7 8.181850553609604E7 6.09538129289154E7 5961951.4841486765 1.0279789289228974E8 2.673377400325196E8 1.3887570037936144E7 3.993412827903083E7 4.5667719143207856E7 9053274.308090094 
2.336260412449533E8 1.068696158816204E7 1.4603434768042866E7 1.1030850706407182E7 2.3648378016832036E8 6.146725798295521E7 2.3437960929116902E8 2.4919206600512144E8 8.650593802788162E7 2.153485409948319E8 2.0183558874408994E7 1.3637248507745302E8 2.815337443297857E8 1.0201246273457393E7 2.7260819046015555E8 1.3119245601062696E7 8.181850553609604E7 6.09538129289154E7 5961951.4841486765 1.0279789289228974E8 2.673377400325196E8 1.3887570037936144E7 3.993412827903083E7 4.5667719143207856E7 9053274.308090094 
2.336260412449533E8 1.068696158816204E7 1.4603434768042866E7 1.1030850706407182E7 2.3648378016832036E8 6.146725798295521E7 2.3437960929116902E8 2.4919206600512144E8 8.650593802788162E7 2.153485409948319E8 2.0183558874408994E7 1.3637248507745302E8 2.815337443297857E8 1.0201246273457393E7 2.7260819046015555E8 1.3119245601062696E7 8.181850553609604E7 6.09538129289154E7 5961951.4841486765 1.0279789289228974E8 2.673377400325196E8 1.3887570037936144E7 3.993412827903083E7 4.5667719143207856E7 9053274.308090094 
2.336260412449533E8 1.068696158816204E7 1.4603434768042866E7 1.1030850706407182E7 2.3648378016832036E8 6.146725798295521E7 2.3437960929116902E8 2.4919206600512144E8 8.650593802788162E7 2.153485409948319E8 2.0183558874408994E7 1.3637248507745302E8 2.815337443297857E8 1.0201246273457393E7 2.7260819046015555E8 1.3119245601062696E7 8.181850553609604E7 6.09538129289154E7 5961951.4841486765 1.0279789289228974E8 2.673377400325196E8 1.3887570037936144E7 3.993412827903083E7 4.5667719143207856E7 9053274.308090094 
2.336260412449533E8 1.068696158816204E7 1.4603434768042866E7 1.1030850706407182E7 2.3648378016832036E8 6.146725798295521E7 2.3437960929116902E8 2.4919206600512144E8 8.650593802788162E7 2.153485409948319E8 2.0183558874408994E7 1.3637248507745302E8 2.815337443297857E8 1.0201246273457393E7 2.7260819046015555E8 1.3119245601062696E7 8.181850553609604E7 6.09538129289154E7 5961951.4841486765 1.0279789289228974E8 2.673377400325196E8 1.3887570037936144E7 3.993412827903083E7 4.5667719143207856E7 9053274.308090094 
2.336260412449533E8 1.068696158816204E7 1.4603434768042866E7 1.1030850706407182E7 2.3648378016832036E8 6.146725798295521E7 2.3437960929116902E8 2.4919206600512144E8 8.650593802788162E7 2.153485409948319E8 2.0183558874408994E7 1.3637248507745302E8 2.815337443297857E8 1.0201246273457393E7 2.7260819046015555E8 1.3119245601062696E7 8.181850553609604E7 6.09538129289154E7 5961951.4841486765 1.0279789289228974E8 2.673377400325196E8 1.3887570037936144E7 3.993412827903083E7 4.5667719143207856E7 9053274.308090094 
2.336260412449533E8 1.068696158816204E7 1.4603434768042866E7 1.1030850706407182E7 2.3648378016832036E8 6.146725798295521E7 2.3437960929116902E8 2.4919206600512144E8 8.650593802788162E7 2.153485409948319E8 2.0183558874408994E7 1.3637248507745302E8 2.815337443297857E8 1.0201246273457393E7 2.7260819046015555E8 1.3119245601062696E7 8.181850553609604E7 6.09538129289154E7 5961951.4841486765 1.0279789289228974E8 2.673377400325196E8 1.3887570037936144E7 3.993412827903083E7 4.5667719143207856E7 9053274.308090094 
2.336260412449533E8 1.068696158816204E7 1.4603434768042866E7 1.1030850706407182E7 2.3648378016832036E8 6.146725798295521E7 2.3437960929116902E8 2.4919206600512144E8 8.650593802788162E7 2.153485409948319E8 2.0183558874408994E7 1.3637248507745302E8 2.815337443297857E8 1.0201246273457393E7 2.7260819046015555E8 1.3119245601062696E7 8.181850553609604E7 6.09538129289154E7 5961951.4841486765 1.0279789289228974E8 2.673377400325196E8 1.3887570037936144E7 3.993412827903083E7 4.5667719143207856E7 9053274.308090094 
2.336260412449533E8 1.068696158816204E7 1.4603434768042866E7 1.1030850706407182E7 2.3648378016832036E8 6.146725798295521E7 2.3437960929116902E8 2.4919206600512144E8 8.650593802788162E7 2.153485409948319E8 2.0183558874408994E7 1.3637248507745302E8 2.815337443297857E8 1.0201246273457393E7 2.7260819046015555E8 1.3119245601062696E7 8.181850553609604E7 6.09538129289154E7 5961951.4841486765 1.0279789289228974E8 2.673377400325196E8 1.3887570037936144E7 3.993412827903083E7 4.5667719143207856E7 9053274.308090094 
2.336260412449533E8 1.068696158816204E7 1.4603434768042866E7 1.1030850706407182E7 2.3648378016832036E8 6.146725798295521E7 2.3437960929116902E8 2.4919206600512144E8 8.650593802788162E7 2.153485409948319E8 2.0183558874408994E7 1.3637248507745302E8 2.815337443297857E8 1.0201246273457393E7 2.7260819046015555E8 1.3119245601062696E7 8.181850553609604E7 6.09538129289154E7 5961951.4841486765 1.0279789289228974E8 2.673377400325196E8 1.3887570037936144E7 3.993412827903083E7 4.5667719143207856E7 9053274.308090094 
2.336260412449533E8 1.068696158816204E7 1.4603434768042866E7 1.1030850706407182E7 2.3648378016832036E8 6.146725798295521E7 2.3437960929116902E8 2.4919206600512144E8 8.650593802788162E7 2.153485409948319E8 2.0183558874408994E7 1.3637248507745302E8 2.815337443297857E8 1.0201246273457393E7 2.7260819046015555E8 1.3119245601062696E7 8.181850553609604E7 6.09538129289154E7 5961951.4841486765 1.0279789289228974E8 2.673377400325196E8 1.3887570037936144E7 3.993412827903083E7 4.5667719143207856E7 9053274.308090094 
2.336260412449533E8 1.068696158816204E7 1.4603434768042866E7 1.1030850706407182E7 2.3648378016832036E8 6.146725798295521E7 2.3437960929116902E8 2.4919206600512144E8 8.650593802788162E7 2.153485409948319E8 2.0183558874408994E7 1.3637248507745302E8 2.815337443297857E8 1.0201246273457393E7 2.7260819046015555E8 1.3119245601062696E7 8.181850553609604E7 6.09538129289154E7 5961951.4841486765 1.0279789289228974E8 2.673377400325196E8 1.3887570037936144E7 3.993412827903083E7 4.5667719143207856E7 9053274.308090094 
2.336260412449533E8 1.068696158816204E7 1.4603434768042866E7 1.1030850706407182E7 2.3648378016832036E8 6.146725798295521E7 2.3437960929116902E8 2.4919206600512144E8 8.650593802788162E7 2.153485409948319E8 2.0183558874408994E7 1.3637248507745302E8 2.815337443297857E8 1.0201246273457393E7 2.7260819046015555E8 1.3119245601062696E7 8.181850553609604E7 6.09538129289154E7 5961951.4841486765 1.0279789289228974E8 2.673377400325196E8 1.3887570037936144E7 3.993412827903083E7 4.5667719143207856E7 9053274.308090094 
2.336260412449533E8 1.068696158816204E7 1.4603434768042866E7 1.1030850706407182E7 2.3648378016832036E8 6.146725798295521E7 2.3437960929116902E8 2.4919206600512144E8 8.650593802788162E7 2.153485409948319E8 2.0183558874408994E7 1.3637248507745302E8 2.815337443297857E8 1.0201246273457393E7 2.7260819046015555E8 1.3119245601062696E7 8.181850553609604E7 6.09538129289154E7 5961951.4841486765 1.0279789289228974E8 2.673377400325196E8 1.3887570037936144E7 3.993412827903083E7 4.5667719143207856E7 9053274.308090094 
2.336260412449533E8 1.068696158816204E7 1.4603434768042866E7 1.1030850706407182E7 2.3648378016832036E8 6.146725798295521E7 2.3437960929116902E8 2.4919206600512144E8 8.650593802788162E7 2.153485409948319E8 2.0183558874408994E7 1.3637248507745302E8 2.815337443297857E8 1.0201246273457393E7 2.7260819046015555E8 1.3119245601062696E7 8.181850553609604E7 6.09538129289154E7 5961951.4841486765 1.0279789289228974E8 2.673377400325196E8 1.3887570037936144E7 3.993412827903083E7 4.5667719143207856E7 9053274.308090094 
