8.560016589969082E9 343.7513872682166 3.826053108978149E9 6604.715079593414 6603.901218253877 9.549737014466303E9 3.671801901489131E9 1.258846554842782E7 9775.813715618053 5.977908722702417E9 4077.766455172078 4.799334794873301E9 36234.03882328533 36226.95969441067 1.2347836927741583E10 26428.91476292489 26394.6800762446 2.6236904362991005E8 3.002321091857914E8 20484.947879889776 8.293317929336261E9 9.947479087168593E8 6238.505545283346 1.5031800475250425E9 1.1311872321295016E9 
3.4095564245687866E9 343.7513872682166 2.6773728974591756E9 6604.715079593414 6603.901218253877 4.837834696086777E9 1.7711844063691244E9 1.2122457220576525E7 9775.813715618053 1.724910725626185E9 4077.766455172078 1.352984018184593E9 36234.03882328533 36226.95969441067 7.443814509643776E9 26428.91476292489 26394.6800762446 9.784106648336302E7 2.4959929225797957E8 20484.947879889776 1.8494227292574823E9 3.249981624766806E8 6238.505545283346 1.0046388923566669E9 3.3915058934491575E8 
1.066578448233511E9 343.7513872682166 1.866845697765041E9 6604.715079593414 6603.901218253877 3.4924995212494903E9 1.1241012697665982E9 1.2122457220576525E7 9775.813715618053 1.0965313474902189E9 4077.766455172078 1.1190481206976483E9 36234.03882328533 36226.95969441067 3.9616816580006175E9 26428.91476292489 26394.6800762446 5.4333741684199646E7 1.422486332770805E8 20484.947879889776 1.1747858774876115E9 3.249981624766806E8 6238.505545283346 6.975120275291721E8 1.5702450663352785E8 
9.614636536641889E8 343.7513872682166 4.542691700839632E8 6604.715079593414 6603.901218253877 2.6696086416489697E9 7.010407123108144E8 6308543.873996372 9775.813715618053 1.2741691646435046E8 4077.766455172078 3.8210257655967295E8 36234.03882328533 36226.95969441067 1.6882812496081364E9 26428.91476292489 26394.6800762446 1.5659858352543456E7 7.48677233273409E7 20484.947879889776 7.100317318858526E8 7.481591413668613E7 6238.505545283346 3.4285613999597347E8 1.4273433906846592E8 
4.9278264758489454E8 343.7513872682166 4.082070520043788E8 6604.715079593414 6603.901218253877 1.379867892826763E9 3.5744333772496873E8 3734648.7463046885 9775.813715618053 7.927800292671794E7 4077.766455172078 2.0299131185355923E8 36234.03882328533 36226.95969441067 8.499518521867285E8 26428.91476292489 26394.6800762446 1.119516876462114E7 1.7591003734715488E7 20484.947879889776 1.7637070017938334E8 4.816139831505561E7 6238.505545283346 3.012186776811577E8 9.0242279135407E7 
1.914854483366139E8 343.7513872682166 1.1507113142681465E8 6604.715079593414 6603.901218253877 5.573716843933262E8 2.3353697182288912E8 1400459.5373423554 9775.783546447698 7.612549478399388E7 4077.766455172078 1.2996312663200441E8 36234.034142924145 36226.95945931109 5.459061156957828E8 26428.91476292489 26394.6800762446 5742324.045075238 8685469.96756347 20484.947879889776 9.732468099605422E7 2.4365152960458886E7 6238.505545283346 1.0665710937678613E8 8.752753912132457E7 
1.849613204054398E8 343.7513872682166 3.860749500834509E7 6604.715079593414 6603.901218253877 3.415148930046641E8 8.300794681347157E7 512199.9065087459 9775.765775540267 3.9995156206441514E7 4077.7654501163106 1.0305552858335674E8 36234.03331080104 36226.13366351416 4.84317032314951E8 26428.91476292489 26394.6800762446 3566987.6106627 6652695.609361685 20484.947824499173 9.732468099605422E7 2.4307926835789282E7 6238.505545283346 2.855892865900576E7 7.4565666854626E7 
1.3440513341258633E8 343.7513872682166 2.648918217705041E7 6604.715079593414 6603.901218253877 2.8594149950926054E8 2.0079228018393554E7 322014.54341255035 9775.758528176017 3.9995156206441514E7 4077.765449696535 6.468957312227891E7 36234.0235019824 36224.57427330267 2.876235432469934E8 26428.91476292489 26394.6800762446 1250007.786186594 2275775.63463615 20484.947431315482 8.373428375175361E7 8891051.73027194 6238.505545283346 2.855892865900576E7 6.566271765802666E7 
8.424874563391487E7 343.7513872682166 1.3357049887731832E7 6604.7085194300635 6603.883793538781 1.510867175816828E8 9957557.773327783 322014.54341255035 9775.752544048111 1.5019864761773678E7 4077.7630860696736 2.698359415178976E7 36234.023458996984 36224.55553033546 2.3801393367414898E8 26428.91476292489 26394.66638660789 1040965.6056995799 2158791.9503007755 20484.903807494342 3.823057090724197E7 3462999.8645446994 6238.505545283346 1.446139913468619E7 5.7588577194784686E7 
2.2872708926747564E7 343.7513420762739 1.3261106753357818E7 6604.708479925244 6603.868571891801 6.743742314467718E7 9142658.832913505 242882.6192053605 9775.738283593277 9366797.507381923 4077.7629173990745 2.4190460815141946E7 36234.02295941237 36224.510211022374 1.0302564728501962E8 26428.907860280455 26394.66638660789 609654.6466926058 2027267.8018856798 20484.872324907734 2.2035083350749392E7 1550749.688071168 6238.503458081508 1.0463080629061334E7 2.7020065415707897E7 
1.6586743673776457E7 343.7513420762739 7792695.715720989 6604.699017828413 6603.86823880835 2.9333964903390422E7 7863512.742676902 184257.13701292206 9775.728657388852 7468914.646995189 4077.760548207809 1.888810120190543E7 36234.01945613634 36224.34319695054 9.650228887559417E7 26428.865322481986 26394.65591220143 533676.1933906358 1193998.8686951718 20484.80608335832 1.4513207187923219E7 897556.7746468866 6238.500340729842 3944563.624931031 2.5193991225498427E7 
6936499.968557467 343.7513420762739 5162435.060824618 6604.685743337057 6603.866539633775 1.7976683133917462E7 6548699.813497342 80943.15924059502 9775.704976273719 5314947.48821905 4077.75745927975 1.7462373656689435E7 36234.01538019559 36224.31772666244 2.6154601317604367E7 26428.80745303429 26394.65591220143 397076.6371007598 1007300.8071964739 20484.74728033525 9362308.98624565 439378.7900740076 6238.4946277199 2794380.9142904663 1.0953471533613926E7 
5812353.5140322745 343.749645600303 2956026.291341989 6604.670850472292 6603.862468371045 1.0302385594624138E7 1635616.2138587157 62678.38510802816 9775.601986433745 3356271.0888558347 4077.7450530173373 1.1983566455956275E7 36234.01481656236 36224.3140037983 1.1227375074083624E7 26428.783557377545 26394.602467470526 268838.9420094783 425737.92737829016 20484.712955288232 7672926.140768211 401541.99092288205 6238.4941448046775 2608989.5180716435 8553858.807756858 
1507803.8306075407 343.7484348859741 1378810.2348154301 6604.666444004299 6603.859928023845 6400838.570904948 1080917.7176613833 39282.68230244888 9775.56249728932 1194241.3631859696 4077.7418852669853 7144296.317316748 36234.014405483176 36224.28638962086 1.1227375074083624E7 26428.72715481691 26394.588560629367 140150.54415296507 195630.43755466622 20484.712955288232 3889228.874451646 376264.4199148039 6238.489458364656 2089347.1506368173 6534362.2364225 
1082966.621698996 343.74697089424126 425314.3281076349 6604.660801373751 6603.859113683053 3748885.9859875515 439552.728953882 27400.998237121894 9775.56249728932 933711.4307623694 4077.739629776619 3950904.805447065 36234.013123879675 36224.22267427893 6060877.636560172 26428.668543914882 26394.542137969773 85371.5938517829 183639.67329816413 20484.61639228855 2739856.1323362244 360097.6378717315 6238.476442126153 1418536.20493746 4569569.048665547 
788457.8067300542 343.74620317644826 404172.8850907283 6604.656789808325 6603.857379421658 2913299.4157715486 201266.33304996727 19039.796327037275 9775.546293904197 739908.0807889792 4077.738218892151 2286796.0832053814 36234.01311461132 36224.17873321683 6060877.636560172 26428.615688454287 26394.51725071954 81603.32891836109 134610.1342105129 20484.537100604288 2281687.81324947 121911.87859917528 6238.473921350554 804976.9901713136 1886454.9860396604 
236995.02194742044 343.74582703463057 343547.3981531828 6604.6563394372915 6603.856384866575 2835585.8342609955 181122.95901755296 19039.796327037275 9775.528631376954 461626.2209015753 4077.7334441892535 1983502.450644123 36234.01214485932 36224.09776326832 4990022.475291427 26428.459318747446 26394.501109013534 42396.972357290695 87195.54917827329 20484.50578843105 1123039.1045079802 89214.4961717281 6238.469672014641 587988.6357948788 1336489.341331332 
122024.63454941216 343.7450783773413 236987.57014526855 6604.651824954359 6603.850930347884 1686372.292643365 111927.71135024843 15170.349056695615 9775.499610719067 461626.2209015753 4077.727717896404 1272667.885030897 36234.011779116074 36224.02551528682 3098108.1795476153 26428.41079330001 26394.45612584049 42396.972357290695 72129.8557269095 20484.289490878808 581132.287228498 72897.61063769646 6238.460008539139 482308.47382779786 1008837.694757525 
96509.33471520763 343.74480486934044 94830.9054960456 6604.650261091562 6603.834949297779 599252.960181286 106075.38437933984 15119.772022451163 9775.436021772983 224730.97603443536 4077.723199277528 639333.6622333009 36234.01037228702 36224.02265359696 585963.7301399907 26428.376500743656 26394.431393083956 40254.97249784706 59939.36908252101 20484.18417202976 535577.5431143305 41083.856572891826 6238.458317490929 232540.37574353316 607193.2515878223 
76794.62755697042 343.74353024813377 93311.83801044086 6604.649665000083 6603.83328403783 545368.3234600803 78828.22432932735 12943.494707115922 9775.42556921855 72572.8586261322 4077.719391844561 639333.6622333009 36234.00799323087 36223.97539442686 564896.0225670965 26428.248821948946 26394.387763010152 32153.697285592774 50859.720602099056 20484.1575255725 300569.1664216941 41083.856572891826 6238.454877090537 232540.37574353316 381320.33574285224 
58004.9675601046 343.7419222740473 56860.33020458618 6604.647936941482 6603.8279339574565 289290.6507279042 63562.61973949736 11875.359644748465 9775.387783042688 60484.188968056624 4077.716317270314 446862.91064571 36234.00486759834 36223.96444501358 381099.5598278658 26428.18241905639 26394.369636203206 31452.354368970962 49837.66307695327 20484.070746623336 265626.4986537679 26815.64449501015 6238.440040049678 134124.50342762386 275668.9690007603 
39200.446253204915 343.7401198747434 55557.75452142519 6604.647902067315 6603.82063396156 175071.36983825927 53822.89628403122 11441.616211169361 9775.356630362516 60484.188968056624 4077.7122719869494 373237.94353454624 36234.003082529 36223.936940791835 362608.63148145383 26428.13791959549 26394.337206145923 28925.67960732218 38716.035347951525 20484.028044048475 209945.20659286654 24001.96739654867 6238.439603140545 84419.79795626231 158540.71545689856 
13489.696089263583 343.73927466448663 29528.45205397137 6604.6462874152885 6603.818610771791 147843.5106270013 40053.46338098272 11294.126388847708 9775.336406084283 25718.22114054573 4077.703809908362 210833.8104344453 36234.00223220987 36223.913741649696 217956.2803881159 26428.025114412398 26394.26993675482 27711.155246494112 34296.433967231 20483.898635503276 141243.47237548564 19740.132282389306 6238.427893970197 30080.740777014315 124005.94690905415 
8704.176551471912 343.73799799445305 29528.45205397137 6604.641955374732 6603.814667650783 147843.5106270013 21509.62153643469 10908.859401568929 9775.328791144382 25090.518975373885 4077.7020241121154 181329.71251584953 36234.00104726565 36223.878860133955 170057.99797519593 26428.023363459706 26394.26494202714 26558.218106083295 30975.39762342049 20483.791147202457 75753.39152847079 15277.530625946929 6238.423013735661 30080.740777014315 110590.8661907882 
7373.806562254262 343.7350839861051 26005.12093301073 6604.636342287931 6603.813341969798 134985.4123803781 19312.100614476112 10745.950223518596 9775.298630678553 23109.22720832925 4077.699482019977 154008.11310164505 36233.99896691079 36223.7925963906 97013.96299877003 26427.933843173934 26394.25432954037 26417.139087332187 29425.697280479188 20483.78482750091 56626.0738346077 15277.530625946929 6238.4181839986495 30066.051718728962 75454.50732601751 
7373.806562254262 343.7337010360395 20291.360008311913 6604.634127253734 6603.8024319767 85367.38162803657 18801.517458264378 10442.008481196375 9775.263399282749 17919.825712691483 4077.695730935595 112610.31140564576 36233.978728495116 36223.73361635142 58954.07189707272 26427.867075454924 26394.198860076125 26415.258797222923 26431.120037448236 20483.377443024587 46425.89966929814 14056.26009655841 6238.414410733584 26165.718756814764 55065.694045428216 
7200.350083959987 343.7324628410736 15605.732270734065 6604.632578137421 6603.795921844564 30904.262602467654 17384.635088504197 10442.008481196375 9775.203683279393 12314.436685979133 4077.692060991304 103906.5855720928 36233.96120151469 36223.72419827324 57657.77871686956 26427.816473443007 26394.18108005706 26034.545962069486 24993.17470025589 20483.3759639092 30216.203760863846 12530.939306075292 6238.406892970867 23841.1634013343 54265.22957075326 
6463.90776443744 343.73225776290906 15605.732270734065 6604.625966515351 6603.7948189518675 28569.64275593586 16237.577724305702 10396.240245190049 9775.19797712115 8811.79259182916 4077.68851530181 78281.45710286759 36233.915708227294 36223.61045330568 43295.98487531382 26427.785328957725 26394.107888864488 25937.501861411998 23951.339351566006 20483.374838307245 29799.393695019357 11982.973956466745 6238.40039587766 16857.20223953727 42515.66812193503 
5218.241826976742 343.73110415648875 13525.142758354163 6604.62332101877 6603.787908610302 18817.68053765201 14732.238293785227 10336.145264561972 9775.172577799787 7830.981568435391 4077.6881227837803 66981.28873184376 36233.90953727075 36223.51178395791 37302.819476937155 26427.767532345944 26394.036728707088 25793.877742662804 23168.64504638909 20483.24859257503 22383.68147293447 10523.466076772807 6238.395082385284 14875.744605129457 26528.68535117096 
4985.735942255099 343.73110415648875 13448.469116853983 6604.62332101877 6603.785864465818 18817.68053765201 14221.527538376698 10191.162982054519 9775.169659306652 7703.087689247435 4077.68632110806 58450.83681623354 36233.894872078185 36223.487942957436 36332.51118732718 26427.747227736847 26393.97623084747 25761.843874918657 23149.22991074882 20483.190003108757 18904.352890981627 9221.410822373178 6238.3933081847445 10911.37299496382 21604.559641940374 
4244.084397134043 343.73035325017077 12038.923947314772 6604.622369275139 6603.784331082503 11154.224426750561 14045.741489469781 10191.162982054519 9775.077810050669 6155.651428977323 4077.683977810091 57492.72246973921 36233.855444525936 36223.420917163334 36076.7170038328 26427.72132198419 26393.881793439312 25736.502898823062 22984.16729234825 20483.162760860945 15857.322356178665 9167.934148282508 6238.390201375594 10911.37299496382 21604.559641940374 
3912.1921414923154 343.72981868760417 11166.642583567718 6604.619195974444 6603.773996738997 10693.188131781772 13219.024795281885 10153.11069686641 9775.043632309535 5539.956367146514 4077.6797643035525 50747.98389603607 36233.83813072444 36223.27775182166 34956.65153952058 26427.705767017284 26393.87863330036 25667.673609584577 22865.76563462001 20483.04302233614 13978.463938264289 8781.48992538546 6238.381608716636 9431.760900440597 18564.546491481848 
2744.39239752751 343.72938896894766 10388.575825413585 6604.616223133928 6603.771230119238 10291.490177369447 12855.084603382289 10094.179253025804 9774.990027509983 5444.433826329771 4077.679127443218 49824.30185851969 36233.78406951169 36223.15673294614 34028.25895026172 26427.674461446746 26393.669110429764 25667.673609584577 22865.76563462001 20482.98157594876 13234.601424801242 8390.22547814899 6238.377219297725 9178.209757570483 16982.770964986834 
2627.6367675538186 343.72933795500717 9660.144119154984 6604.614707737064 6603.760379335521 7783.604495419888 12731.893644802214 10054.078894309505 9774.9369075928 5444.433826329771 4077.676048129859 47075.034617838566 36233.74885116521 36223.15673294614 31863.166038368625 26427.624547771655 26393.652803081823 25635.761957524355 22476.193526849238 20482.943429690633 12379.197430562022 8058.778459129368 6238.367314234794 8865.09285597 12417.828087920765 
2611.1422422451515 343.7287582138415 9204.794482757103 6604.6116477606765 6603.751337405739 7594.316668948828 12544.98393577793 10050.273203386347 9774.917310308281 5330.838465116769 4077.6749299541843 45402.13188620745 36233.72024665552 36223.09853331383 31863.166038368625 26427.60439583638 26393.651171616813 25597.17733756098 22375.78728020395 20482.858902226024 10892.555326057387 7941.006500682237 6238.3652045641165 8271.473056893781 11652.666587133584 
2502.8247592274392 343.72875578788717 8901.662704153565 6604.606932027004 6603.746690254966 6547.7314370161685 12374.667413619787 10021.473059225487 9774.901618743466 5148.966719099293 4077.6681980238945 42965.83821716273 36233.702108998266 36222.94191758876 31067.341500035473 26427.590702265086 26393.5820929323 25597.17733756098 22313.944826064137 20482.84399423641 10664.875775653349 7606.645970563877 6238.363685410882 7351.876177736953 10194.72016206753 
2377.755954937632 343.7283182582098 8789.250038334974 6604.606679485675 6603.74195247461 5871.9096358547085 12120.962024123333 10018.101171906144 9774.870577097625 4973.497594386696 4077.6574206731766 42847.08767633609 36233.671361906054 36222.79363491069 30350.9078319867 26427.564205448656 26393.50350981274 25567.482785770593 21984.376870881082 20482.82169320344 10504.09036816825 7535.052056055372 6238.357694231824 7130.372765844544 10193.1976560875 
2339.049429891077 343.7279178551487 8275.739200688786 6604.60438553836 6603.73538239587 5710.26664158068 12056.245675215288 9962.963174554669 9774.840360456563 4924.932159577076 4077.653308708159 40651.313551872314 36233.65577533622 36222.749221653874 29832.681152780162 26427.519949935428 26393.49429957131 25540.0921645445 21820.86838861787 20482.786288940242 10040.872875656478 7443.799553435478 6238.351660242373 6982.136736548422 8993.87344588908 
2222.247258137698 343.727473028865 8036.331974272045 6604.603411465565 6603.726056098195 5140.543691990004 11970.509780267446 9962.963174554669 9774.825493261884 4799.090023498566 4077.6504587015716 39951.400738088676 36233.65577533622 36222.58861980156 29552.03855169294 26427.503241352842 26393.481669018824 25505.36039116206 21666.58682808245 20482.763701234326 9914.142628147301 7421.13005480143 6238.341549093026 6558.74592148662 8498.295866678274 
2098.2735317429783 343.72710847210215 7929.769665969048 6604.60254000615 6603.7209084538945 4679.477465185226 11968.266631140616 9952.275102137 9774.818819048269 4729.223139761885 4077.6465651796243 39687.46374341725 36233.65289039802 36222.56582594166 29341.73633800547 26427.445829277964 26393.414474946378 25501.25025579086 21548.071954163395 20482.73356829358 9232.189286283587 7313.705446048436 6238.330080355506 6467.730054903369 8043.848786995184 
1979.2087919357764 343.7266749373314 7804.738432147451 6604.596310322043 6603.712704245264 4679.477465185226 11666.926873917924 9952.275102137 9774.780385185077 4675.16022380375 4077.644375666894 39573.774611460496 36233.59558693416 36222.507100099414 28912.54782688464 26427.405058568493 26393.357382319413 25481.572114945542 21494.2163223815 20482.72466116245 9051.001029599727 7275.022478177663 6238.3252609849615 6316.699166861533 7696.340941636841 
1749.2951651030435 343.7255964180549 7722.34493547119 6604.59116216097 6603.71101185688 4323.166387009217 11612.113441490654 9948.2911264042 9774.775335973474 4575.017077902038 4077.641008710347 38962.293609659544 36233.59099738843 36222.41468810699 28807.855992035835 26427.34560592898 26393.35500011281 25452.001153725178 21418.897118942987 20482.672633701848 8563.78276529358 7239.438813707155 6238.32411522238 6115.235597206013 7559.627418895183 
856.6443218007598 343.7253614165693 7722.34493547119 6604.588183398057 6603.700628857168 4180.368745614095 11579.027691416062 9948.2911264042 9774.77393942836 4525.110085870422 4077.6406817784173 38490.50144092609 36233.58839249769 36222.38013606875 28653.119552114913 26427.331912850375 26393.283204654046 25452.001153725178 21357.647568568405 20482.628072715295 8367.743198562765 7201.589126949802 6238.305590234218 6093.84095330532 7490.623695513881 
856.6443218007598 343.7249822720953 7705.789193820419 6604.581580132086 6603.697605702745 4012.16034249939 11548.549384831107 9941.844530200035 9774.771617830063 4468.09825742557 4077.639046633052 38389.861779599436 36233.5480532442 36222.31720096897 28619.86424168325 26427.28585134987 26393.26572681309 25426.223256865378 21280.265928986017 20482.588556200637 8236.123035207267 7099.109086472086 6238.295174999569 6090.999859554651 7490.623695513881 
700.8439469675166 343.72465994993854 7639.651087596427 6604.5792707979 6603.686227504236 3812.7483238175782 11070.21954212323 9940.628644213106 9774.767053704461 4466.8384709196125 4077.636836734171 37813.89209308469 36233.53225350855 36222.298732191855 28551.03487104019 26427.26514593534 26393.259770886092 25409.39771693795 21185.098954687524 20482.57163026662 7714.556474093397 7076.822355180171 6238.291884607389 5959.2575223909025 7411.6204634629685 
700.4853518580835 343.72342019990333 7574.723178651093 6604.575735536728 6603.679844554722 3566.066246254517 11013.794897626118 9940.628644213106 9774.76453503478 4362.951281189603 4077.630922747646 37712.019385845255 36233.48110607167 36222.223415076 28376.315310381837 26427.258761889538 26393.256585967843 25409.39771693795 21061.115308004253 20482.545624997147 7690.518933110772 7051.141332983374 6238.281142619562 5861.232084305078 7351.147934490509 
695.8753330003397 343.7232247686193 7572.168742027907 6604.57364864438 6603.677410519254 3497.3038456475406 10979.704719475474 9935.670248514114 9774.758911437933 4358.649082887809 4077.6287297648387 37401.07540659402 36233.43050141472 36222.16829459101 28212.008729086654 26427.159227679203 26393.21257323725 25409.39771693795 21049.650426880566 20482.46197429267 7599.3444638711335 7008.0860043844295 6238.270726874145 5852.585956786145 7302.010882791201 
689.927749361902 343.72306306925543 7531.7187578678695 6604.57346761544 6603.674054688912 3401.748148516567 10979.527875137113 9933.136628417476 9774.757684739698 4343.312709857543 4077.626539976016 37312.83436768581 36233.360454029425 36222.10246047283 28160.29812744893 26427.15907006407 26393.18798666044 25408.71593536048 21020.42204406934 20482.40933529065 7477.148423012726 6985.7277729540365 6238.256237911513 5840.6154854949555 7237.844442131409 
650.1560794305624 343.72254592518266 7494.192042492978 6604.57195969649 6603.67104397756 3365.599741323238 10943.991486501642 9933.136628417476 9774.753086144256 4313.8333018884405 4077.6224970090443 37067.30018222779 36233.34290036644 36222.07935197025 27910.754909939416 26427.15907006407 26393.175321190003 25401.183068104958 20868.489311478806 20482.372477366032 7345.9345564693485 6817.9733368047255 6238.249552393892 5678.759600666585 7220.838569125408 
643.4053169751064 343.72235796195946 7491.7422348053715 6604.5700727610665 6603.667750477646 3325.340902356307 10943.991486501642 9929.18151823807 9774.748760958579 4313.8333018884405 4077.621324236903 37006.54193821011 36233.21760253722 36222.04862288635 27719.520274440274 26427.15433296079 26393.14890250656 25398.939741072434 20858.96357280944 20482.339021182383 7332.7570874473895 6747.57742870012 6238.244054910852 5663.370399587253 7200.664156129951 
620.6490135492568 343.7223410386405 7489.136368169056 6604.562139802717 6603.664792191974 3180.083164159436 10942.237273104287 9926.296911796524 9774.74210693437 4298.978682579871 4077.618540576701 36945.412321842996 36233.10857886521 36222.03023183915 27511.226211154975 26427.129101308616 26393.119857365306 25398.14832384758 20688.336680617398 20482.327206118094 7330.310953787477 6655.673494440598 6238.2375856354765 5619.392022755746 7200.664156129951 
613.0889523661397 343.7222663830976 7471.3018295283055 6604.561977060488 6603.664356055757 3119.4166815495328 10919.961664800085 9904.374480987568 9774.730024767669 4293.806973251295 4077.6121354493516 36937.10508876408 36233.10857886521 36221.99587972935 27398.870529342203 26427.105161166266 26393.109499415266 25392.0045986295 20687.969878779386 20482.2849420227 7309.131531691139 6650.208998532753 6238.237578448191 5567.0633015268795 7194.205131504832 
610.9171677337968 343.7221613465583 7466.763537450157 6604.559451340159 6603.66047263879 3077.6129054468756 10914.325700403066 9900.167755041664 9774.723800772472 4292.539498624739 4077.610028086475 36846.05702076211 36233.07224522944 36221.89944233664 27362.284164767734 26427.069870993826 26393.108528547906 25383.781750134556 20687.969878779386 20482.211428977702 7266.288067444926 6644.29919769767 6238.231517168821 5528.424320334811 7176.429629006316 
591.3799984878228 343.722022056932 7445.7416130074125 6604.556111531145 6603.657904909131 3003.452710389105 10904.284958550536 9896.373215201405 9774.710007723908 4285.784045590036 4077.6064468792456 36838.206608817025 36233.02617969066 36221.89635737374 27238.970870119294 26427.062764394916 26393.08383658706 25369.46376804262 20686.001088896224 20482.184422690614 7239.346720245823 6621.313071941532 6238.22587187463 5518.960896114269 7172.792575228319 
591.3799984878228 343.7217159904844 7439.173444949152 6604.554766551873 6603.655597720883 2913.5506063761122 10904.284958550536 9874.935067072556 9774.693799942332 4278.226148810644 4077.603292653088 36769.00911488739 36232.959352094105 36221.8462051005 27105.434164694034 26427.045450659614 26393.08383658706 25364.105850681317 20686.001088896224 20482.184422690614 7204.377910505074 6591.995312271773 6238.2192421562695 5515.525563713018 7169.716140590877 
585.023979923601 343.71953386789005 7439.173444949152 6604.5530909139525 6603.649684627045 2897.1846381536834 10888.68377183751 9869.937928661664 9774.683144888957 4278.226148810644 4077.5972807469734 36745.58771186302 36232.93802811544 36221.83679012316 26906.302100877987 26427.02014756013 26393.077663491844 25360.658037757697 20644.825242788116 20482.180058968926 7132.563399223078 6558.665617529999 6238.210373225154 5515.525563713018 7152.912290777007 
578.0531787005418 343.7174326793988 7439.173444949152 6604.552779876155 6603.646285140663 2811.332503237625 10878.039581061958 9866.190986421256 9774.670923726064 4272.980277318923 4077.582524254469 36705.38150413691 36232.936532309235 36221.797175949374 26894.75612745461 26426.986371970364 26393.04565069578 25354.66592435433 20644.825242788116 20482.1411262411 7088.038701733676 6524.589822914583 6238.204614317235 5515.525563713018 7152.912290777007 
560.1740865195509 343.7063472003765 7426.922705668956 6604.549519975864 6603.642448161486 2752.535429561556 10878.039581061958 9859.239985647671 9774.658470476214 4264.603387413522 4077.5752591437704 36633.78682059223 36232.91440530298 36221.7926299475 26893.835855761485 26426.958557921327 26393.019011230885 25352.022805011493 20636.347765294468 20482.088728270726 7034.32889379498 6524.589822914583 6238.204488628843 5508.069945734634 7148.375625957509 
560.1740865195509 343.7039721801618 7424.113410615591 6604.5480520234105 6603.6334484444105 2745.055909321119 10855.704935895561 9854.408468142014 9774.656260950698 4260.022517362598 4077.570551521306 36602.14501785058 36232.88253518566 36221.71958104327 26769.80955675164 26426.94930524858 26392.977338708883 25347.154322610553 20636.347765294468 20482.055402502483 6897.07852895593 6504.455674884509 6238.1942034357135 5487.938741539817 7142.710461697552 
548.0878981910062 343.7020152268067 7380.105454376049 6604.546754149316 6603.6334484444105 2635.160511746723 10847.030301870158 9850.18634416109 9774.635361833018 4258.667321459834 4077.552022134988 36602.14501785058 36232.882162630056 36221.69613340826 26755.25926651795 26426.938871305083 26392.968481410175 25346.1659972837 20616.23639627307 20482.027546840116 6831.714600175028 6504.455674884509 6238.18474888997 5487.938741539817 7117.98563868059 
548.0878981910062 343.7020152268067 7351.693853384073 6604.546280300558 6603.629374685577 2400.028489359983 10847.030301870158 9850.18634416109 9774.62542672781 4256.330292773999 4077.545073211265 36602.14501785058 36232.833537004364 36221.670489718876 26709.55017516719 26426.92362130054 26392.919580924536 25342.58863930672 20616.23639627307 20481.999430483444 6812.779482775716 6489.775359360533 6238.184673657042 5487.340054724788 7110.572150016838 
548.0878981910062 343.69835481784503 7207.762958378615 6604.541932482212 6603.6269918253165 2317.833350279833 10842.253962327812 9848.337391114055 9774.602954722803 4254.406521310695 4077.5325772758442 36563.39568379437 36232.80306521045 36221.59428052453 26698.73606714581 26426.909226520762 26392.8897065601 25339.421171342707 20616.23639627307 20481.98428964568 6795.594271076585 6482.238146830271 6238.180711345721 5445.299688231871 7109.515310467208 
540.9956818734418 343.69448414912995 7045.475655252354 6604.541074364125 6603.626586626914 2149.5493344954593 10842.253962327812 9846.591301795388 9774.588604904995 4251.152495695182 4077.5325772758442 36563.39568379437 36232.77711011995 36221.551692587804 26680.003284040406 26426.857271979392 26392.86820532254 25329.69024058497 20616.23639627307 20481.97173589104 6795.594271076585 6473.31581379408 6238.170314395483 5444.749283960002 7109.03817882455 
540.9956818734418 343.6920822206439 6955.534339675376 6604.539844897176 6603.6252945598535 2122.3621416144074 10841.932238540423 9845.570328998781 9774.57149664723 4240.530435574416 4077.514499646768 36563.39568379437 36232.75949819494 36221.5191478161 26680.003284040406 26426.855773023148 26392.82988502554 25316.215029624014 20616.23639627307 20481.936954898225 6795.594271076585 6450.995889336249 6238.167627986511 5444.749283960002 7100.5338586696635 
521.6514628082796 343.6898891589451 6949.218165592676 6604.537399965414 6603.623862799824 2084.9213559666614 10838.025685824698 9845.200440976785 9774.562499988586 4236.98302401207 4077.513822405329 36563.39568379437 36232.73483426297 36221.51559668189 26676.237231490253 26426.8421789634 26392.821332143638 25315.080809808773 20616.23639627307 20481.927064245236 6782.069038200604 6446.871468321912 6238.162141895423 5440.6271544325355 7099.070707839881 
521.6514628082796 343.6876597407918 6866.198846903658 6604.534961269753 6603.621527410215 2028.6381839301835 10821.705877404505 9843.817359496448 9774.557420282881 4227.61090058075 4077.5065070942956 36563.39568379437 36232.72185049927 36221.47022146909 26644.077922364748 26426.83041673819 26392.776993750475 25314.00105430703 20613.190181986 20481.919566553213 6764.2432588996135 6443.977148233878 6238.157463676135 5434.063045549488 7082.7834055745225 
510.85083225085737 343.6853464417891 6822.664476644192 6604.530952385332 6603.620507885392 2004.9158467171683 10819.358054555763 9841.774871457428 9774.534434391006 4219.863211082895 4077.5062980515468 36561.310414617205 36232.71569466978 36221.446566413884 26628.75626299529 26426.804069413847 26392.71666397486 25310.485220744235 20605.906666415525 20481.84223278368 6744.824447033865 6433.6829317824695 6238.148982132314 5434.000430327475 7078.866153930903 
510.6312552007216 343.67728462246646 6756.4603199559615 6604.529543220533 6603.61866956927 1938.4919055453947 10814.563815205607 9840.524127259789 9774.519620649677 4215.398376137701 4077.502047109161 36561.310414617205 36232.70516610843 36221.40078539661 26614.825269476663 26426.804000455628 26392.693935472875 25309.616305526466 20590.295180510904 20481.82896850181 6732.555656626065 6433.6829317824695 6238.146492876381 5423.694788334934 7069.576973863728 
509.88352409541994 343.67589901380916 6756.4603199559615 6604.526467192182 6603.617595522236 1878.7017340094712 10812.595776949893 9839.820468312908 9774.496198181945 4203.388100006879 4077.498753529573 36554.41451960489 36232.689054104274 36221.346642650184 26614.383471641977 26426.788225066954 26392.66554539181 25307.676575912406 20588.34854841548 20481.826639364077 6724.199934690601 6433.6829317824695 6238.142885449433 5423.694788334934 7068.771604592712 
505.8360548471137 343.66802539131663 6741.499792786639 6604.521709568273 6603.616844846361 1675.0369135882784 10808.493217592226 9839.57690337464 9774.478355969759 4193.096474265387 4077.4920051571153 36549.760783086625 36232.68107405046 36221.32567194236 26603.17238742748 26426.759843545737 26392.66554539181 25306.185376297413 20578.869738296864 20481.773734477098 6714.2385949720965 6433.6829317824695 6238.135924634509 5409.788341356162 7061.460603262494 
504.57043939660025 343.66756923154185 6741.499792786639 6604.521378588053 6603.613918617227 1489.1610244986296 10800.806189502253 9838.798405226915 9774.459112035589 4184.290297887049 4077.487745217514 36549.760783086625 36232.65410318046 36221.29811620101 26593.799735492204 26426.60442504172 26392.661994149203 25306.090199846098 20566.624280102802 20481.75811976772 6704.772784531627 6433.6829317824695 6238.134541822298 5406.3913765114685 7061.29283497245 
499.9018519221554 343.6646491839804 6718.664563684814 6604.5181146896375 6603.610679004997 1483.184171578997 10793.859605282605 9833.405550166663 9774.436899257238 4183.966809713316 4077.4792324625396 36547.24175393396 36232.644164363446 36221.27453554644 26587.209598983885 26426.43270879439 26392.62504378858 25305.629438780517 20564.571985212242 20481.728016282854 6692.374259438834 6414.233028487464 6238.120847194166 5392.503959427209 7057.48561173696 
499.8526480590501 343.6636992627293 6715.7332693743365 6604.513824837915 6603.610161419983 1438.6625511194197 10784.779071035853 9830.90806819567 9774.421691974962 4179.576620726844 4077.4778257055696 36535.17699114099 36232.633893530765 36221.27330554138 26577.346434894294 26426.391205958265 26392.620883428775 25305.047924095506 20562.17192652454 20481.69555940578 6685.126209360914 6412.547629494071 6238.108179471668 5392.489587004257 7049.741167345774 
496.4749662176953 343.6615315607214 6715.7332693743365 6604.51095245883 6603.6092846893425 1429.7591377864587 10778.384589336882 9829.586940079744 9774.418455976516 4177.640640511941 4077.4660543300743 36534.60152373742 36232.62994035561 36221.24879984368 26570.006925766058 26426.352777484502 26392.604612752715 25304.67623253926 20559.638354115774 20481.68683717909 6683.529234209402 6382.555813300475 6238.103980509145 5385.864022427086 7049.741167345774 
491.058642868481 343.65276106049487 6715.720537785405 6604.50649980947 6603.606735327563 1429.5000358022617 10774.152395377369 9828.875871682583 9774.407561360395 4167.382123895031 4077.46013749545 36530.87976852909 36232.600409279476 36221.24810659006 26560.387497666292 26426.352777484502 26392.563781790497 25304.341764384833 20556.781803312995 20481.64776197953 6677.18418054553 6378.404985315273 6238.097122610421 5382.9284200340635 7048.1477525093105 
488.91264134508106 343.6519545315273 6715.720537785405 6604.505541309736 6603.603798058041 1377.6038740671584 10769.675108634447 9827.167594981003 9774.385271447054 4158.6660478113345 4077.448192798178 36523.42716228341 36232.52023097274 36221.23348196262 26549.728212622173 26426.215993006193 26392.506824269516 25301.84394370247 20556.02236306416 20481.64518092332 6677.18418054553 6361.860340659291 6238.092498360643 5378.503339862096 7043.359742746143 
486.00025553015394 343.648842888389 6701.047232584503 6604.504765178934 6603.603669392945 1367.2508876780585 10763.25981739538 9826.025845271504 9774.366436453825 4153.439623073506 4077.4353752973566 36519.9861950699 36232.52023097274 36221.191405245605 26546.54356725219 26426.185543261698 26392.494967535928 25292.27716495638 20554.61919183207 20481.63661455678 6668.695283028837 6353.378166783197 6238.086561737109 5377.093795996169 7041.398002380367 
482.92732098519264 343.647745612765 6695.525782704967 6604.503857186534 6603.601872026893 1352.8714803194553 10759.199786901228 9823.317374604685 9774.351524246164 4142.7319966946825 4077.4318105990124 36515.64204973791 36232.47599809381 36221.191405245605 26546.54356725219 26426.139638698223 26392.43972722079 25275.788267181622 20553.89340214535 20481.59837530389 6658.465754501537 6347.378023807487 6238.085974675863 5373.409846887598 7037.6363958185375 
482.5393513154713 343.64767969943296 6692.794854551163 6604.502159185664 6603.601010923319 1322.4642143908068 10755.376866877708 9823.317374604685 9774.322438841335 4121.016454076382 4077.423609050269 36513.347951011165 36232.44324148875 36221.17591765456 26546.54356725219 26426.132780684235 26392.4086239253 25242.96332353706 20552.78778617873 20481.306322953278 6655.347084476798 6336.01812960085 6238.079206968471 5370.417954791787 7034.136612685199 
480.6298435979911 343.64568349651313 6692.794854551163 6604.501422502437 6603.599915902547 1321.870477694447 10754.369757932454 9822.499101751455 9774.313849814554 4111.38205352429 4077.4176906358753 36511.14347134068 36232.38860039626 36221.13268708228 26546.54356725219 26426.124221114685 26392.38240272634 25219.8020650225 20551.571157584167 20481.26114536278 6652.239469332723 6326.852811574931 6238.073048466119 5366.401405394367 7034.136612685199 
479.0663094958627 343.645335292543 6676.597627144595 6604.5006351034 6603.598967194871 1305.6971919658963 10752.648807448093 9821.763400893395 9774.305204270624 4107.9253976200025 4077.4166715223855 36507.43656177521 36232.385529429936 36221.1041027641 26533.711828118867 26426.045631483106 26392.37792871356 25198.12458896375 20550.726136699006 20481.17529749819 6630.823761963198 6302.5722196162715 6238.0669321538635 5364.3552841855035 7032.90272302799 
477.54343086786366 343.6437182230361 6666.737386621267 6604.499477003817 6603.598511736887 1298.2871317082959 10748.894173817609 9819.47122807004 9774.28503906727 4107.317495875665 4077.411407808372 36502.11563907438 36232.3817398824 36221.092115471976 26533.711828118867 26426.000134854425 26392.325303839192 25181.07967331514 20549.57076481633 20481.097520271196 6627.424912935772 6294.607513353311 6238.061546569346 5363.4939636677955 7032.302901222798 
476.4294476594491 343.6409370170593 6663.970934092515 6604.497624893432 6603.597757854863 1298.2871317082959 10747.734570663082 9818.486334869718 9774.274265987038 4104.22220956534 4077.408920798698 36501.83082131091 36232.3484349047 36221.068697798575 26523.819253212903 26425.93163865946 26392.285235842064 25166.55057614275 20548.046782618985 20481.03956732845 6619.381244340946 6281.914265555229 6238.060225190063 5355.286654534199 7031.560981260489 
475.01026148242636 343.63657034698235 6661.864921817317 6604.497442334375 6603.594879533962 1297.1171243202862 10734.867085441772 9818.298175461914 9774.262422820913 4101.51185180007 4077.407698317197 36499.488838593956 36232.30843452839 36221.054732276294 26523.78417516893 26425.91805591455 26392.273454454906 25163.325191065265 20547.825474094123 20480.990607659034 6619.381244340946 6277.4888839891855 6238.0565975602985 5353.533484617875 7031.15108898743 
474.1333913367557 343.6102256003046 6657.1942622267325 6604.497101000058 6603.593651361297 1287.162349859599 10732.456007838085 9813.241492727646 9774.187455611953 4099.654702609318 4077.4025398117965 36491.89613469866 36232.26474208962 36221.016026333506 26523.78417516893 26425.90372423997 26392.25693836667 25160.13508778981 20545.340220888007 20480.97442329872 6614.775833972772 6270.287545684862 6238.054512868721 5353.533484617875 7030.430984578123 
472.03117554240544 343.602336797951 6649.305166214373 6604.494544653287 6603.5891908082995 1285.1416776485407 10716.522895804166 9806.057316014107 9774.181237705427 4096.875119684228 4077.4010925072926 36485.181698600274 36232.256436478354 36221.00110195499 26520.392923361946 26425.81954639723 26392.211985731887 25159.841585393544 20545.03328431626 20480.94918131211 6612.564389756599 6268.763689750047 6238.050974139101 5350.260292191939 7030.341807286211 
471.045821289016 343.59097426809194 6648.4276011067695 6604.493296786168 6603.5880689651785 1284.8385367226274 10716.14573203061 9806.057316014107 9774.169158898956 4096.148957742139 4077.39387083955 36483.84804502647 36232.25281440298 36220.972146787135 26517.07407283832 26425.816856393303 26392.11873468159 25159.309847510565 20544.25250070267 20480.907975497787 6606.713157649203 6266.099984986865 6238.050378213439 5350.260292191939 7030.341807286211 
469.57362067788927 343.58243726831574 6647.880544603813 6604.493296786168 6603.587512595921 1283.1679008587398 10699.575177998315 9805.952805608156 9774.157616303133 4095.2877635008062 4077.393616777151 36482.116288975405 36232.24265031497 36220.946453303986 26512.289319054482 26425.79649245396 26392.109720038847 25156.849582168412 20543.687870538928 20480.85099750794 6606.003700853412 6264.186681623226 6238.049807428016 5349.343291848311 7029.332999691405 
468.25690667415324 343.58243726831574 6645.236012920197 6604.492892602189 6603.582145435297 1277.2015191273176 10689.719833139972 9803.322221186469 9774.157616303133 4092.320177265522 4077.390526911956 36481.13256085081 36232.22114533885 36220.91523029014 26509.118032760794 26425.784509565536 26392.10728974578 25152.982045958383 20543.285345553708 20480.82998620438 6599.365435834935 6262.107988674249 6238.04454528566 5348.871526017982 7028.705140379745 
467.2049156946225 343.5816196711371 6644.459769092103 6604.491774562682 6603.580187112221 1272.7620650109884 10686.217296668206 9803.311821728752 9774.131529639015 4090.4156061353797 4077.385096774724 36475.2055123716 36232.182710860536 36220.88808642134 26506.018488164027 26425.76133072443 26392.08182588584 25152.72497148377 20543.229624827516 20480.823205481305 6597.161684431401 6260.527409887013 6238.035575666526 5346.157307302728 7027.380860511947 
466.43566230797455 343.5807249778818 6643.339202146059 6604.491184084098 6603.580187112221 1269.953384967641 10686.217296668206 9802.466480132613 9774.100102837454 4090.0700344743873 4077.37425436189 36470.513033696494 36232.17985506435 36220.83632945919 26504.592898059334 26425.732393787384 26392.072211330767 25151.53578176569 20542.88690964704 20480.79668173322 6595.555631816175 6257.671728477577 6238.030548160597 5346.118322277813 7026.369639845136 
465.5482132983516 343.57555945848753 6641.957842288575 6604.490722341678 6603.574953008329 1262.4784078702514 10683.729062187065 9798.169189600614 9774.086915243448 4088.8542572463493 4077.36892704987 36464.40283281719 36232.17238422545 36220.789064657314 26501.07204674213 26425.70641702599 26392.039649935203 25150.02206606809 20542.8654688587 20480.787288868472 6594.340588088128 6255.882840005906 6238.026403086924 5345.1549407792 7025.704486060593 
465.28441226831296 343.56239575922814 6641.344125050353 6604.489755711081 6603.574836006923 1256.763949424464 10680.192767626864 9798.133639920692 9774.066292821695 4087.6784334743134 4077.350512932612 36455.06182206127 36232.1683952996 36220.789064657314 26498.74352635404 26425.635198149626 26391.976539715262 25149.060622224584 20542.28311962413 20480.78071506665 6593.5813274710845 6254.917460102203 6238.022997859307 5343.984865449682 7024.69629321759 
463.0069220721257 343.56239575922814 6640.891767719615 6604.487004899189 6603.572566815185 1255.4248876376328 10677.353103479432 9797.591327782353 9774.04304658604 4086.7942676086277 4077.3485960969765 36445.20065082459 36232.14654930196 36220.736272563874 26496.2114102284 26425.61793001496 26391.866127386696 25148.14101793951 20542.12185564447 20480.75789524534 6592.14087243983 6253.384851295437 6238.021666450121 5343.6536947115965 7023.505579922712 
462.1328645267238 343.5577050618174 6640.437315530653 6604.486746161606 6603.5715573039715 1253.6501189256105 10676.323838869115 9797.202832437977 9774.004111586035 4086.398417866598 4077.3444797323973 36431.27877306927 36232.13468628635 36220.605363976894 26495.406695625534 26425.591087467998 26391.786001299555 25147.09179752676 20541.534225339572 20480.73869950177 6591.493392055183 6253.380740017722 6238.017233020416 5342.588577489641 7022.149131479298 
461.3573495847372 343.55296812482857 6639.6365212025485 6604.4866330088 6603.570742402671 1247.4297843829745 10674.124954971665 9796.67262294957 9773.997918476462 4086.035146223485 4077.3444634947164 36417.54367577893 36232.127755593 36220.605363976894 26494.45934934594 26425.56066914661 26391.759515769532 25145.948799129907 20541.33576481648 20480.725963598477 6590.1498844063935 6252.685152284132 6238.016810334379 5342.588577489641 7021.172655053997 
460.935143181538 343.5509411688852 6638.825610331445 6604.484836605368 6603.570607978422 1246.6706504040621 10670.874430361211 9796.424826682465 9773.979214920957 4085.60472797528 4077.3355749577895 36403.23639641854 36232.12372708646 36220.58983312755 26493.221003187537 26425.510128121106 26391.59905196311 25145.662102656614 20540.991135601962 20480.69998812783 6589.186452996727 6252.273112521352 6238.014476266086 5342.407636531727 7020.753369005375 
460.633049866321 343.53942875016696 6637.708558254853 6604.483399211722 6603.569805669447 1242.6815433955298 10669.430254002149 9796.20224181201 9773.960043999234 4085.47448301883 4077.3344210022287 36402.61544940949 36232.10231075002 36220.583021614766 26492.389460662616 26425.492940904714 26391.59811215839 25145.087467296693 20540.737534618147 20480.68310500889 6588.714060122716 6252.003985185584 6238.012149578299 5341.702457032932 7019.790803368571 
460.32486123017316 343.53929630566427 6636.734778391418 6604.482982636858 6603.568897684733 1240.745127591616 10669.430254002149 9796.048808858188 9773.956638714546 4085.139931148071 4077.3304012566878 36395.05425471551 36232.07293521693 36220.576867672185 26491.649295042116 26425.437509223964 26391.531214884883 25144.948464631165 20539.113477302213 20480.667304763323 6588.156480612835 6251.210869510276 6238.011143425545 5339.799530827469 7019.136830153864 
460.24663326431414 343.5376580041159 6635.981627329406 6604.480504116498 6603.568832643383 1240.3233579527155 10667.368399614634 9795.556561888257 9773.933124073392 4084.8710773634075 4077.324212240811 36395.045968350314 36232.069861463955 36220.569332269326 26490.702786123195 26425.437509223964 26391.456836461683 25144.539762866967 20535.06064865468 20480.657489914123 6587.2159736337435 6251.152956967453 6238.008727601089 5339.298672166869 7017.178977711941 
459.73648530485616 343.5293164037764 6634.115763851646 6604.4800258874 6603.567843845695 1237.6377377257986 10667.133095853978 9795.556561888257 9773.932397958724 4084.437963015871 4077.3222305053714 36390.480172453295 36232.066606713066 36220.55208724556 26489.93312360976 26425.420586812572 26391.41214770107 25143.6931236465 20522.71632223388 20480.645819529753 6587.101670644887 6251.0556829102 6238.007573513692 5339.198291582981 7013.757663397793 
459.590674090035 343.5229345677519 6627.057217214374 6604.47926779842 6603.567661308966 1234.8138996182033 10664.915159146058 9795.475839810393 9773.926392102603 4084.3023904405263 4077.3171008697755 36390.27888646566 36232.05290954692 36220.531704678666 26488.096300239715 26425.414941905186 26391.403514379934 25143.607916773788 20518.8663602407 20480.62413834719 6586.32901554886 6250.6423309024485 6238.007228043678 5338.219270714366 7013.128443835911 
459.44630619776603 343.51566668075657 6623.980176444201 6604.474880019041 6603.566854767966 1232.9682939433815 10663.613820423932 9795.455987511206 9773.913603343615 4084.15022070537 4077.316574173532 36388.00387202793 36232.04735077546 36220.49253344375 26486.64372290414 26425.36640320047 26391.354984842405 25143.457012528947 20513.390162947177 20480.615016418633 6586.32901554886 6250.439036990179 6238.0052691207975 5337.416902809323 7011.750272924721 
459.2330570694619 343.5115956546715 6621.314015535954 6604.474880019041 6603.566057909976 1232.342355853254 10663.046902175205 9795.226024181626 9773.912062449506 4084.081501585654 4077.3134988375023 36386.93550054401 36232.04119766574 36220.39750833369 26485.571561996483 26425.319938265733 26391.240529266368 25143.126301882254 20513.000221860813 20480.584036269734 6586.049320236812 6250.027293686232 6237.999016104215 5336.023927608897 7011.100695942156 
459.19112514555695 343.509261480614 6619.008766314099 6604.470311013355 6603.565898715602 1229.4763954769842 10662.542737171574 9795.219626143671 9773.881125938655 4083.905057785216 4077.310271050843 36385.06469033653 36232.026112071166 36220.38419640374 26484.826050518088 26425.294289669822 26391.21113249752 25142.73170279832 20511.04997550872 20480.553562105895 6585.596514639208 6249.895093153372 6237.994052786289 5335.054809089713 7010.828317035066 
458.94149755340595 343.5019466758629 6618.792437402594 6604.4693199578005 6603.565557666192 1228.06326363987 10661.761747312827 9795.192517982707 9773.872309392507 4083.803288940253 4077.3076604073804 36384.521771547435 36232.01362279537 36220.37337306223 26484.28440226297 26425.274940805277 26391.149409597634 25142.373335660723 20510.460456186567 20480.537093079227 6585.596514639208 6249.824930763052 6237.988164153579 5334.738955036404 7010.35547279477 
458.92718665461257 343.4978846639474 6618.335399316727 6604.468307906266 6603.564536816232 1225.9369913151513 10661.740591141805 9795.104010644205 9773.866355476788 4083.677099479699 4077.3050675974046 36383.094410447535 36232.00812822782 36220.27398672794 26483.899876779218 26425.230745686134 26391.108291583918 25142.2183109428 20510.078880009656 20480.507227147184 6584.970207944408 6249.5720242201005 6237.9742415673445 5334.576982335992 7010.165194519954 
458.84203440327383 343.4881605065834 6617.536895043251 6604.464037181354 6603.564023006282 1225.2060483694027 10661.447114027089 9794.986755698748 9773.835694594638 4083.509764003974 4077.305038685101 36382.01169494982 36231.999959118744 36220.20243694347 26483.491365437458 26425.205474016802 26391.063306474633 25142.20847076639 20509.30484357669 20480.486928535207 6584.853169326362 6249.467645832034 6237.96795465535 5334.368116645072 7009.998763441334 
458.7979315802413 343.4846990995004 6617.03472993646 6604.463905461864 6603.56378181389 1223.94661928795 10661.164160600252 9794.913620636778 9773.820507475279 4083.406731916165 4077.3016910708584 36380.94913027191 36231.985232858045 36220.18736478405 26482.118263097345 26425.1594420613 26391.0425255601 25141.89929286431 20509.30484357669 20480.467538658442 6584.780352045399 6249.255694177378 6237.962593931049 5333.975770295387 7009.657575190457 
458.7979315802413 343.4806776168248 6616.868398248343 6604.463466216177 6603.5636813833935 1223.2313431564048 10660.96079325506 9794.878313586501 9773.791992600305 4083.3311202833593 4077.300304227493 36380.46141622205 36231.96829904821 36220.163516998575 26480.858492022806 26425.138835672893 26391.03555591914 25141.872185860073 20508.846750961566 20480.445707882955 6584.720243030378 6249.1922902836395 6237.961028758812 5333.2743822220555 7009.480247974085 
458.6304766298938 343.4712219085086 6616.687338140095 6604.453818601216 6603.562767227956 1221.7353059920215 10660.778913838922 9794.835379546445 9773.788791836587 4083.1005122801616 4077.298100700704 36380.15050647777 36231.96270076496 36220.12759973936 26480.83312651973 26425.127842520156 26390.99696869083 25141.70054057808 20508.42711323316 20480.41720247397 6584.513214372703 6249.044378242151 6237.946773097918 5332.461350541853 7009.37079307099 
458.6295578167419 343.4618582236128 6616.395546760629 6604.453172048165 6603.562503336988 1221.4774402921153 10660.30105629263 9794.826986860784 9773.776584432275 4083.096275658936 4077.2924194807547 36378.528613004164 36231.95096785233 36220.09982269008 26480.780283851702 26425.114245730736 26390.88516034932 25141.659500045687 20508.299593350133 20480.408601626255 6584.122453829116 6248.977892786923 6237.939505787665 5331.594886651671 7009.181108746785 
458.5675816612195 343.4618582236128 6615.8835507106305 6604.4506910322225 6603.56118247079 1221.111842111185 10659.862313767504 9794.752841262294 9773.762186720673 4083.0356805106876 4077.2887142237323 36377.86711218178 36231.938276245906 36220.056997582615 26479.90785330574 26425.101688812243 26390.882152374663 25141.552595603556 20508.066721717372 20480.39100548291 6583.87648115184 6248.945985318401 6237.932335528724 5330.45741208685 7009.071112478276 
458.47614962879925 343.4561218565302 6615.849626861596 6604.446806929349 6603.5609118026205 1220.792306872071 10659.201855922915 9794.744745630538 9773.755117670966 4082.982505672695 4077.2874431875007 36376.82775771151 36231.926679940334 36219.94403984553 26479.869700030195 26425.06503100252 26390.84071393212 25141.546676381397 20508.066721717372 20480.38155537568 6583.373904726194 6248.839738513955 6237.928166226697 5329.903283395232 7008.827804091963 
458.41492830569837 343.4453328978234 6615.818363668997 6604.44473996559 6603.560180047051 1220.5272383846477 10658.872940459489 9794.726609319674 9773.742541858224 4082.8524113115345 4077.2855352709676 36376.20355054655 36231.917874945844 36219.94403984553 26479.432475421665 26425.036122765956 26390.82503779193 25141.502385428143 20507.860436741703 20480.37329636776 6582.729875792701 6248.63476200124 6237.9208763962815 5328.384500100155 7008.645186961643 
458.32572939635224 343.4336230763365 6615.66078645296 6604.441369514194 6603.559824242331 1220.1455427218384 10658.236483795832 9794.72111912319 9773.735006714665 4082.767381502149 4077.278771862688 36375.96593763649 36231.91542312165 36219.877248111996 26479.40524785954 26425.029375257644 26390.799743676198 25141.394954130625 20507.755765577866 20480.357518812518 6582.635758021817 6248.63476200124 6237.91602246496 5326.084893778987 7008.445586830363 
458.2210354563515 343.42377242017847 6615.468842475383 6604.441369514194 6603.558998985626 1219.9826415814669 10196.485241476274 9794.702357498725 9773.713544782137 4082.658994902178 4077.2737914605477 36375.11439204388 36231.908125864946 36219.86698970806 26478.882157534194 26425.017582552206 26390.763257896204 25141.37385447058 20507.653490216395 20480.353847233473 6582.150042768572 6248.526141548224 6237.904993611209 5325.33212622212 7008.215110564401 
458.1601636510886 343.4050711389841 6615.457507885238 6604.440142866038 6603.558848933393 1219.7313682828617 10115.09808919212 9794.663715487022 9773.688482932934 4082.4270587098836 4077.264497171698 36374.04780633484 36231.901763569535 36219.86698970806 26478.520592354347 26424.97926952439 26390.721340679305 25141.287667443343 20507.653490216395 20480.34390690932 6582.000443420054 6248.419601279216 6237.902778512768 5323.5158337735775 7007.955970623272 
458.0542854357045 343.38853258445215 6615.43158792572 6604.439608264972 6603.5587917178955 1219.6112124717474 10066.437834477843 9794.632629859216 9773.680162277007 4082.4270243925466 4077.261935822068 36373.8297583229 36231.89589848622 36219.78898719116 26477.935108333808 26424.94983839811 26390.69398342188 25141.222808069262 20507.514303246055 20480.32992048514 6581.331233112515 6248.341664937061 6237.891574775089 5322.941710032745 7007.560134415387 
457.98279910614633 343.3836075080517 6615.3879069764025 6604.438103636687 6603.558362630713 1219.5303545699376 10053.8767388482 9793.821096130778 9773.680162277007 4082.3150928830983 4077.2581161780327 36373.55802714309 36231.886202577145 36219.78898719116 26474.939217438005 26424.927747671492 26390.664833414245 25141.09749231315 20507.514303246055 20480.312252767242 6580.523873691832 6248.255130621005 6237.884788304239 5321.796077934142 7007.497401909262 
457.9319067455424 343.36331311599974 6615.36367141957 6604.435295824087 6603.558103165343 1219.3905830339763 10053.8767388482 9789.597921986793 9773.6650842844 4082.3066864115717 4077.2469171837774 36373.386212418976 36231.884526882415 36219.759832184245 26472.07554135142 26424.891868189647 26390.656281948424 25141.077825436543 20507.384303867926 20480.265988180996 6580.485823275534 6248.251566276402 6237.871356126421 5320.490008698396 7007.38514603043 
457.89240896146157 343.36331311599974 6615.330290172407 6604.433499380072 6603.5576108797395 1219.2402358815912 10049.17257203598 9787.842214067816 9773.654843369457 4082.2245216848205 4077.2345911462635 36373.24073710468 36231.872390314886 36219.75806241714 26471.66942681577 26424.881913593952 26390.589761487678 25140.988793064025 20507.30899280147 20480.258537722504 6579.665885737402 6248.2030254742185 6237.864972690758 5320.079827937581 7007.3073968610315 
457.84969582684425 343.35201105418355 6615.278374599193 6604.429918532209 6603.556563069687 1219.0745354118153 10047.58380348978 9787.391763913034 9773.643951941807 4082.1582647067935 4077.2298414883044 36373.17662172356 36231.86938511117 36219.74950524083 26471.072828445805 26424.865063207377 26390.577082738506 25140.939996435547 20507.265306056015 20480.25479560238 6578.204517802496 6248.131279046926 6237.854790713973 5319.663008951294 7007.262603336389 
457.7761874310145 343.34665057730535 6615.235430337155 6604.426037897377 6603.5563534478915 1219.0162587732884 10041.929475840565 9787.373800984104 9773.637603880474 4082.1108518294022 4077.223349192611 36373.13345045436 36231.869188899815 36219.73697517766 26470.15501978673 26424.859628476435 26390.527327005853 25140.889790664503 20507.183375971246 20480.208797293588 6576.204484995005 6248.067809623025 6237.838104754416 5319.442180525874 7007.207372336266 
457.6093662486203 343.3299926469024 6614.940583850458 6604.426037897377 6603.556075422263 1218.8056557385034 10037.139367752217 9787.352296882049 9773.632727133918 4082.046948460509 4077.217742414381 36372.992482900896 36231.85580963476 36219.698863502446 26469.895062391293 26424.828873725597 26390.475705824458 25140.814059302356 20507.131525939905 20480.20358030878 6575.352261268243 6248.033927428329 6237.824183220699 5319.117363895974 7007.206997856923 
457.5614883734272 343.3261773326544 6614.93493336266 6604.422113486402 6603.555832872954 1218.5137249812378 10035.709393537589 9787.219890956269 9773.622116744189 4082.0181988854392 4077.216398086709 36372.85240628648 36231.833315032294 36219.67939323046 26469.364984186283 26424.750141051893 26390.455138813606 25140.794045315222 20507.104433512366 20480.176569481227 6572.494387270717 6247.867458217795 6237.813204075664 5318.211458575661 7007.160972568219 
457.4336922238467 343.30889491440485 6614.842805371468 6604.4188306729875 6603.5545875130965 1218.4537681193128 10034.173031120732 9787.152838849282 9773.62122568185 4081.9888533899566 4077.213864370802 36372.832159160695 36231.833315032294 36219.646470423395 26469.04018816365 26424.73510163405 26390.410830006735 25140.753234335047 20507.060290083835 20480.129861075995 6565.607749261845 6247.717308343555 6237.801403844326 5316.900002346619 7007.08548983985 
457.3547374441164 343.3077429540949 6614.8031458572095 6604.411522158682 6603.55447907042 1218.4147880507735 10033.017571288967 9786.936023331165 9773.612637162738 4081.963463468388 4077.2073979909783 36372.6404745391 36231.829591513044 36219.60703249199 26468.21444586451 26424.72375214182 26390.393449413223 25140.663287731175 20507.053544608778 20480.090093726318 6557.504185582959 6247.5180017782695 6237.798475985046 5315.873628420301 7006.983877155573 
457.13964765153696 343.25819430752426 6614.7826312705465 6604.406084494209 6603.554257732298 1218.3529639080998 10032.59439812189 9786.729743883563 9773.599808634968 4081.910377686485 4077.2029847987797 36372.610773983484 36231.8202099055 36219.53679487794 26467.26041905955 26424.690877285524 26390.353958663545 25140.592487446465 20507.008856283053 20480.077393663953 6555.037944895417 6247.483289716564 6237.797823589469 5315.848062062343 7006.918595785606 
457.0748607394703 343.2431692249979 6614.716932906751 6604.406084494209 6603.553560514644 1218.197596295322 10031.144488945021 9786.363007402153 9773.592612255241 4081.8742940368693 4077.192697737917 36372.46051853248 36231.817656514126 36219.4701408626 26464.916555302356 26424.675511688572 26390.280788798522 25140.12446122436 20507.00861659726 20479.92431447021 6552.822365396072 6247.299266899971 6237.790870787891 5313.689633967716 7006.839357068089 
456.95589006165756 343.21915719245044 6614.671919768503 6604.404372769779 6603.553095493771 1218.072568359703 10030.898376387939 9786.260075932089 9773.591347807002 4081.8416032041177 4077.182922140256 36372.413878158186 36231.815143157204 36219.401667592465 26464.874824469916 26424.64135052981 26390.174738559617 25135.051184649186 20506.98010235216 20479.913669850903 6545.0739887775935 6247.26666666928 6237.78416438905 5313.372268885124 7006.839357068089 
456.8565134959663 343.17022647641625 6614.665369705813 6604.402408788246 6603.552918289671 1218.0685448433264 10029.787752136814 9786.24778232828 9773.585926640806 4081.8416032041177 4077.171955537897 36372.192266537524 36231.80649156921 36219.34730208753 26464.33566329325 26424.604763580694 26390.15614286156 25129.57772999131 20506.96357939927 20479.91045678659 6538.802987712427 6247.251478609936 6237.780216748424 5311.316026685523 7006.831903156781 
456.7432358254971 343.11670649933717 6614.631293599053 6604.396567546445 6603.552529918637 1218.0685448433264 10029.59108265366 9786.215536723905 9773.581608638735 4081.814318322715 4077.1646651510455 36372.011974079905 36231.80567574031 36219.27156928965 26464.12140405436 26424.58122681252 26390.15614286156 25129.364504646335 20506.95165599961 20479.821117779196 6537.119764077423 6247.167265527706 6237.757325754146 5304.025811226763 7006.761170089965 
456.4521705249822 343.05861650920497 6614.6247458528005 6604.395436039406 6603.551752959399 1217.92476446612 10029.090978191021 9786.11970109598 9773.572991895786 4081.807309342048 4077.159561211376 36371.897985260046 36231.80254291589 36219.0337126704 26460.072798045585 26424.562627671337 26390.10862682502 25128.840502274248 20506.92763761657 20479.787192534437 6534.83097006167 6246.966940445572 6237.756181097773 5292.21546227374 7006.734884530024 
456.0951077697132 343.0527030420012 6614.532977378947 6604.392363986992 6603.5516263323 1217.876179186835 10028.532013271624 9786.100148406978 9773.568574510495 4081.770306541147 4077.153242989046 36371.806457920306 36231.791588851076 36218.998378577235 26459.212292143264 26424.547358067284 26390.073425879207 25128.452139138943 20506.916414182335 20479.683474974827 6533.2925987954295 6246.935568737248 6237.744507348539 5289.003281073425 7006.654412763284 
455.79479826707757 343.0454324117213 6614.519875482986 6604.387424245066 6603.55124863737 1217.856802083861 10028.276796971848 9786.062992006731 9773.568489910871 4081.754640948335 4077.1419580800684 36371.67353119618 36231.78046530745 36218.93589870883 26458.68673834286 26424.50776727424 26390.041782942215 25128.2488464181 20506.895377354664 20479.58541726523 6527.861885687122 6246.87891467565 6237.737476805288 5283.070593947171 7006.619320154423 
455.543647316681 343.01527302085947 6614.463216743344 6604.372245704544 6603.550838973656 1217.8099821571204 10027.722796514925 9786.027692872924 9773.556948480393 4081.7530474834457 4077.1358824968975 36371.43830874121 36231.7749432085 36218.905234327256 26457.671260395855 26424.45665097037 26389.96398031042 25128.150211709442 20506.8862646848 20479.580574868978 6526.557705914217 6246.864484235312 6237.723045030689 5281.985675191427 7006.585527257441 
455.5169858174704 342.96140584471664 6614.357096964308 6604.370466535398 6603.550450566095 1217.7358470196132 10027.360008913787 9785.924830256714 9773.54836164507 4081.739969231028 4077.1358824968975 36371.322760110495 36231.772681090355 36218.88651367753 26457.591391563332 26424.45552733775 26389.955591099988 25127.95816450437 20506.873551769942 20479.57271969344 6525.201015888244 6246.777377043391 6237.699879869783 5278.090667802153 7006.4753850113575 
455.26801273013416 342.9106482156458 6614.29956508197 6604.3621912335375 6603.550338787858 1217.7113653296155 10027.027572830277 9785.905008289208 9773.536346973831 4081.7311694188174 4077.133277913633 36371.140068801695 36231.76055791014 36218.85561078043 26457.426590097457 26424.37186275467 26389.940707009602 25127.803483770807 20506.86577539857 20479.542435299427 6524.975872440677 6246.762029963791 6237.697052799273 5274.8605468044525 7006.458466358767 
454.9535194286161 342.87257939867345 6614.215220561957 6604.3621912335375 6603.549707044505 1217.69748774778 10026.329741425434 9785.87521969408 9773.53187702651 4081.722886051326 4077.1288116160013 36371.06093418835 36231.752041109736 36218.77698019607 26457.22007566577 26424.368631866295 26389.91728573781 25127.770278097192 20506.83811999292 20479.511343400452 6522.407064492682 6246.740641480303 6237.691915095525 5274.5671677929 7006.424199897134 
454.8294975995516 342.8628180106009 6614.214811794662 6604.359191027827 6603.549267857419 1217.6766103706022 10025.731955193 9785.855738618968 9773.523357639679 4081.712889772052 4077.125280397375 36370.86809204456 36231.74280689805 36218.73441222994 26457.008346765495 26424.324170249707 26389.863495342874 25127.770278097192 20506.810001013422 20479.460593381285 6522.067156507928 6246.6453339078635 6237.689973073742 5274.543716365959 7006.393028136617 
454.8054025572119 342.84480856136247 6614.172452155947 6604.351304006157 6603.548867145893 1217.6668251703877 10025.030170253307 9785.749962893176 9773.51549199264 4081.698677597611 4077.121444639077 36370.68329523874 36231.733230624806 36218.68140170408 26456.722484850325 26424.269362972802 26389.820155538913 25127.7101243017 20506.784656206306 20479.436599537916 6521.523309776407 6246.628966669508 6237.685051037562 5272.618553900556 7006.37148419046 
454.29371203973915 342.8232486328475 6614.111350325329 6604.347274463466 6603.548165049475 1217.6543733934182 10024.042442507667 9785.685737403397 9773.51152535278 4081.691155786295 4077.1136605648 36370.588955548345 36231.731122417565 36218.60888167089 26456.623691861034 26424.225482974965 26389.790092210318 25127.66689620141 20506.72922995671 20479.422840672676 6520.4997697453455 6246.531858974485 6237.679786056355 5272.421884552443 7006.370347831526 
454.29371203973915 342.8024860756864 6614.039796514233 6604.343428905404 6603.547983861329 1217.6456452215234 10022.22335837456 9785.612100918517 9773.507873351184 4081.6822250068926 4077.1079701027047 36370.382825998 36231.72728573373 36218.50663288265 26456.594248052992 26424.203884259896 26389.786358631038 25127.57361593354 20506.7156496092 20479.383992559902 6520.225986805342 6246.528491334736 6237.6738731607 5272.076103532564 7006.347329794138 
454.29143266259234 342.7934585348021 6613.985527169985 6604.337630471225 6603.547523375754 1217.634927545118 10018.57012500924 9785.586259824306 9773.492015233418 4081.6714660319267 4077.098799176053 36370.30231777599 36231.72212167971 36218.484624137316 26456.47134415842 26424.160219283633 26389.71964595169 25127.494942930152 20506.702666019082 20479.374905303823 6519.436799624509 6246.473519459102 6237.665341430091 5271.628086260114 7006.332071142748 
454.13271945233646 342.7824909565993 6613.925906821792 6604.3359428545955 6603.547140647583 1217.6269262559476 10017.972389761502 9785.490575087217 9773.483501015633 4081.6704242313917 4077.096074228408 36370.13141483863 36231.71885621674 36218.463213547744 26456.28722966323 26424.08827945362 26389.68524072801 25127.400055411035 20506.692780387522 20479.3300539808 6518.821383176585 6246.445932474676 6237.662239989262 5271.528752137633 7006.320840262861 
454.10255262343753 342.7689162215113 6613.914840287216 6604.335899728948 6603.54696475497 1217.6118190135076 10017.388817642724 9785.48676825875 9773.477827903822 4081.663848958752 4077.0842777360476 36370.01448408709 36231.71513618478 36218.3740515414 26456.111346876824 26424.079861544444 26389.64770038414 25127.381839105932 20506.643084279494 20479.29904189825 6518.591379206374 6246.400252245028 6237.658520593283 5271.124573147145 7006.288484259945 
453.49790764329305 342.7338994280756 6613.590824034379 6604.334048422625 6603.546429067982 1217.6039356348233 10017.17138841999 9785.451708099437 9773.46239106 4081.657653392529 4077.074935878434 36369.694522595026 36231.71255665403 36218.366788098 26455.962886396526 26424.072756434605 26389.589274306236 25127.308623023433 20506.609861850768 20479.29904189825 6518.074929757382 6246.367937788798 6237.654552328505 5270.81505938068 7006.253478021841 
453.1070250074813 342.7316891751382 6613.5767375423075 6604.329017717344 6603.545953463248 1217.5950594381875 10016.398773155173 9785.417451781566 9773.420793562093 4081.6507199337266 4077.0748172133217 36369.32040963025 36231.709611087965 36218.33355975041 26455.85979559776 26424.047649305372 26389.569991135428 25127.30386561471 20506.572259615692 20479.2759816337 6517.213074963262 6246.363314017305 6237.652627601183 5270.697077620972 7006.206103565026 
452.7298715964487 342.7164728749194 6613.402984877774 6604.327868973552 6603.545377926462 1217.5882675391654 10016.372413517354 9785.362838539575 9773.407742395746 4081.635888614037 4077.06738601333 36369.22748292907 36231.704270581795 36218.30514218681 26455.76274866614 26424.034786891316 26389.556919566086 25127.257856707187 20506.52724935301 20479.268785709148 6516.589134782556 6246.327686791233 6237.6437398750295 5270.376011799738 7006.197637587458 
452.1199178236443 342.7164728749194 6613.227055402341 6604.327868973552 6603.545175133721 1217.5823355259367 10016.082669540068 9785.362838539575 9773.400730498877 4081.6333672790233 4077.0599256596943 36369.146763793935 36231.699478958246 36218.27281085093 26455.688849188304 26423.98425537307 26389.523708585257 25127.172573807195 20506.50082321149 20479.237978044242 6516.589134782556 6246.320728158974 6237.642129103628 5269.402526765673 7006.178934013733 
451.8240545714748 342.71085504493226 6613.0938465655145 6604.322211291189 6603.544899228237 1217.5823355259367 10015.904164751317 9785.337956369209 9773.394480568895 4081.620509893176 4077.0555306837496 36368.97712598343 36231.69235486261 36218.27262868452 26455.56789524534 26423.969168010495 26389.471462824462 25127.161759944946 20506.483604632496 20479.218103963467 6516.374365966253 6246.300769777543 6237.639237470515 5269.205140823973 7006.146365646791 
451.3000747205633 342.70648008344483 6613.070715194398 6604.313875925416 6603.544674619476 1217.5783250006798 10015.686291376813 9785.32195838171 9773.378990717585 4081.618752574819 4077.0538281365843 36368.96259933698 36231.69027218659 36218.210501529225 26455.418117064026 26423.952259488156 26389.463562453086 25127.13425845171 20506.457939330427 20479.20702362018 6516.11434853115 6246.250248846282 6237.632436196402 5269.1713306866895 7006.138308737187 
451.19803065587234 342.7063727304253 6612.9763493195505 6604.3129763920015 6603.544480122232 1217.5766149762003 10015.401083657682 9785.32195838171 9773.36785335165 4081.612394256732 4077.0504759440537 36368.76576795379 36231.683997440756 36218.181182500186 26455.308949087488 26423.905749351317 26389.40594066485 25127.102069605084 20506.456325072035 20479.17978288676 6515.630620984748 6246.238728832239 6237.6302044446775 5268.846408415815 7006.129865314437 
450.6893144835367 342.69814667570154 6612.964091928969 6604.309083115713 6603.544268154605 1217.573375046718 10015.243124212699 9785.304145275197 9773.357395140481 4081.606115219238 4077.047588687522 36368.66294059956 36231.68027961614 36218.12684048377 26455.281847346803 26423.89081792982 26389.39201993846 25127.094311517827 20506.435785419177 20479.158731335425 6515.59724470427 6246.18493440138 6237.621091942821 5268.817629155572 7006.114750931614 
450.54305970253745 342.6916578538958 6612.851662704035 6604.3051775016165 6603.54423140013 1217.5705182029405 10015.086266555048 9785.295326260815 9773.351160698638 4081.5920927969646 4077.0408329506063 36368.579437749926 36231.67544510395 36218.046680672414 26455.01101719253 26423.8642281558 26389.391178009053 25127.051149508105 20506.42983111018 20479.145771912175 6515.141884990709 6246.1512952870835 6237.617377690889 5268.731445708726 7006.096558874782 
449.3592928134849 342.6860796308042 6612.780830123851 6604.294408464275 6603.544107970275 1217.5698424631782 10015.022203546572 9785.295326260815 9773.34461389494 4081.5890999115763 4077.039665174343 36368.51033238778 36231.67055059813 36218.023595270235 26454.928635373948 26423.834031327682 26389.373263534722 25127.040902466717 20506.41189556466 20479.13794340627 6514.868133277178 6246.106313097525 6237.614423634922 5268.398513418201 7006.093334085144 
449.05035478915966 342.6831142598726 6612.48658965291 6604.2916325609385 6603.5437233637285 1217.5631333140982 10014.877802563102 9785.27158355245 9773.339057513043 4081.585686722434 4077.0293167748905 36368.40517946571 36231.667429738285 36217.99176628322 26454.856542975594 26423.818157274487 26389.328433125895 25127.02482681159 20506.379936506564 20479.121600721992 6514.750973625339 6246.042114102249 6237.609626715589 5268.203616061613 7006.091043726865 
448.24993489771737 342.67261489439943 6612.4227040542355 6604.29140716483 6603.542927626615 1217.5622027813688 10014.81988536276 9785.255472016455 9773.319226216467 4081.5834914387706 4077.0216445599135 36368.36648248189 36231.66677676864 36217.94919180139 26454.673788446835 26423.795443132738 26389.3234046921 25126.99931871321 20506.376009038442 20479.11151628819 6514.64384652417 6245.9923092927465 6237.603941954856 5267.817415840892 7006.086697626088 
447.20760400314725 342.65843861103076 6612.354553824444 6604.289501054146 6603.542927626615 1217.5589419790122 10014.780754778194 9785.242222277098 9773.317607759924 4081.5784092415643 4077.01387027238 36368.2891810713 36231.66676229304 36217.91239472703 26454.62976504373 26423.7827302107 26389.275465990206 25126.976154642492 20506.370518298318 20479.108247900735 6514.61331405084 6245.977565622458 6237.598945660281 5267.575630693299 7006.073954169135 
446.9176900433399 342.655802370175 6612.291293463223 6604.286980038978 6603.542705201725 1217.5561570960845 10014.699453953148 9785.233626476822 9773.305763958891 4081.57110864922 4077.0096963440574 36368.17099438003 36231.66287607972 36217.868336252024 26454.548021736726 26423.767550102486 26389.246728163573 25126.95875367106 20506.370485354644 20479.092057847425 6514.410149564529 6245.9316536488495 6237.592246898577 5267.142453512785 7006.068612018153 
445.3944575139526 342.6497303966455 6612.221650435201 6604.285068918545 6603.542265484734 1217.5529676843876 10014.615212330484 9785.224269797773 9773.291767166804 4081.57110864922 4077.005860384279 36368.038975173346 36231.66217565656 36217.7430558335 26454.529866930276 26423.710374266237 26389.20853620947 25126.941884770826 20506.358836069834 20479.057790314764 6514.310518387769 6245.868688367379 6237.589618057393 5267.104010715949 7006.020436641858 
443.91674505119454 342.64181172598114 6612.103723451106 6604.284207801217 6603.541922073157 1217.549345353876 10014.608522737795 9785.21565971121 9773.271738799052 4081.5688230296455 4077.004588253718 36367.907059767385 36231.658632802515 36217.71386582837 26454.41330151099 26423.6718183881 26389.163675522937 25126.9194008412 20506.331780894474 20479.054206300734 6514.207045188646 6245.85033797908 6237.585775541257 5266.884864203021 7006.007790927659 
443.7161685163485 342.63454838082225 6612.103723451106 6604.281430691152 6603.541667816779 1217.545062661728 10014.499200180151 9785.212070851458 9773.213418795765 4081.566360759215 4077.0010082040335 36367.79188567834 36231.656086002826 36217.70325929846 26454.39786558078 26423.669820040283 26389.132003055136 25126.908492752882 20506.304637811256 20479.04527256166 6514.179228061011 6245.8284616797855 6237.58056566189 5266.301460804905 7005.985619347757 
443.3555527139597 342.6066564057828 6612.044250872687 6604.279961250503 6603.5415770559375 1217.5404300847995 10014.48600128205 9785.1836760358 9773.196533055678 4081.556601441277 4076.999656948027 36367.67663604827 36231.65504276628 36217.51941120777 26454.296944172507 26423.650090040162 26389.112347587314 25126.876602499546 20506.272639921957 20478.98479166105 6514.051846138289 6245.804647951635 6237.575344343814 5265.953881662269 7005.978604009955 
443.099858869414 342.6003109667545 6611.975507846471 6604.278244403515 6603.541437231144 1217.5358984078553 10014.465143822039 9785.172006514225 9773.16125826378 4081.552959392091 4076.990518631659 36367.406807206935 36231.65346858764 36217.50795975645 26454.276738796216 26423.603966212042 26389.048184257026 25126.872642969956 20506.2190303492 20478.964894573615 6513.97689932148 6245.785728112955 6237.575344343814 5265.768948792996 7005.969650023859 
442.8130755865659 342.59697958848983 6611.971636058732 6604.276809851972 6603.541414253099 1217.5327489628644 10014.446981546722 9785.170309663981 9773.160447072063 4081.548749955671 4076.9876037709073 36367.35182912967 36231.651246904454 36217.48085078619 26454.269158001778 26423.561458971817 26388.967364857333 25126.82993529666 20506.21121114306 20478.898546578388 6513.94461958071 6245.779117093111 6237.570736397893 5265.632920432543 7005.96362652403 
442.225429994239 342.58714573628185 6611.9144727506055 6604.276298390457 6603.5411060608885 1217.5308557364237 10014.394719262325 9785.16909371254 9773.148752218229 4081.5460507081316 4076.985178515197 36367.23763487292 36231.648847887496 36217.451035895654 26454.261174956562 26423.54022569933 26388.955311938866 25126.806559402175 20506.193264406545 20478.88445944053 6513.917029292561 6245.742131668661 6237.563969892401 5265.52861365404 7005.9604583991095 
442.12534350567057 342.5738950683185 6611.903237933754 6604.2750317274995 6603.541046912507 1217.5248960983636 10014.319586331821 9785.157833820418 9773.131528725255 4081.5436890954916 4076.9805079111593 36367.11191428825 36231.648297304375 36217.43075903079 26454.235204107412 26423.522881120814 26388.929328883773 25126.786358449026 20506.170858273817 20478.866407834346 6513.7722038569955 6245.72830680682 6237.559750299995 5265.254166861759 7005.958562394331 
441.695292608375 342.5678791394282 6611.903237933754 6604.273805416999 6603.540737830368 1217.5152185462475 10014.299227013507 9785.157098458414 9773.131329067823 4081.5391949387367 4076.97704704815 36367.10875784974 36231.64638329621 36217.392151359105 26454.19104903512 26423.44018948447 26388.87523937524 25126.75240933554 20506.136696038062 20478.84899343294 6513.764340374369 6245.718314435728 6237.5544424511645 5265.225603577426 7005.95760387319 
441.66193187147223 342.5641603162676 6611.876537625091 6604.269260511226 6603.540699126624 1217.5152185462475 10014.271513819132 9785.13902576132 9773.109395658299 4081.535869694688 4076.9733079222315 36366.99106731001 36231.64133771217 36217.34353487476 26454.14709668036 26423.44018948447 26388.857814529016 25126.745824206213 20506.13168619478 20478.825575831273 6513.663315660601 6245.69606592702 6237.54558483711 5265.175194057634 7005.953641190634 
441.43421227994463 342.5477639842834 6611.839807947929 6604.26605118412 6603.540415104498 1217.514121186547 10014.253128560968 9785.129541990984 9773.09247237799 4081.533359192038 4076.971513146521 36366.97561705582 36231.63448349082 36217.314969433 26454.126378621662 26423.365527747355 26388.84945296531 25126.72971264067 20506.122322536983 20478.805916095942 6513.620254640295 6245.6587010947505 6237.542792194039 5265.047624578141 7005.949135200706 
441.4281341695855 342.5477639842834 6611.810152741559 6604.26098211487 6603.540327779533 1217.5131890960192 10014.215291439568 9785.123157523338 9773.052982429546 4081.53136057127 4076.970063319699 36366.887598780944 36231.630659357856 36217.277877438566 26454.11057205559 26423.34639625462 26388.823345233228 25126.727674833208 20506.103303803233 20478.78682500293 6513.620254640295 6245.644192807331 6237.536997894565 5265.034655732576 7005.948591658698 
441.21442116021353 342.54772099513525 6611.783505704341 6604.26098211487 6603.54020351066 1217.512816495091 10014.21168404615 9785.108624358481 9773.040005512785 4081.529509844824 4076.9672738358113 36366.85114802939 36231.62710823886 36217.22008405855 26454.053985623654 26423.30389660424 26388.805282719324 25126.703717787506 20506.09851829815 20478.775506158567 6513.56564622365 6245.6400677737565 6237.5257405742495 5264.975833826656 7005.942818502845 
441.17088075204856 342.5305196055133 6611.769437269467 6604.2601320670265 6603.539781043893 1217.5102272639615 10014.161632358517 9785.100671277169 9773.032830000178 4081.5242511401784 4076.9635124191645 36366.725452009305 36231.619920355035 36217.22008405855 26454.005669192473 26423.210257545994 26388.771744691323 25126.688318433473 20506.088092774586 20478.756515916513 6513.536190407539 6245.608911874083 6237.520857240003 5264.884763677663 7005.940906810734 
441.02105326764695 342.52476319947755 6611.752884845248 6604.257217581362 6603.539674361891 1217.5079206659898 10014.145643829039 9785.081213466474 9773.014047241579 4081.522300485374 4076.9628110531157 36366.648771929234 36231.61853237327 36217.19690943689 26453.963639155416 26423.160467950427 26388.769035232523 25126.681813565152 20506.071314464472 20478.72904150807 6513.442238220312 6245.602460826149 6237.51096959413 5264.854468550495 7005.935252008523 
440.9063731507033 342.52380323753096 6611.741685766979 6604.2555902096765 6603.539546358781 1217.5051349647938 10014.115196710238 9785.079263475493 9772.99095115376 4081.5183858376076 4076.957870718269 36366.60830231314 36231.61006672694 36217.15134111787 26453.900672062624 26423.12069437949 26388.739317427993 25126.666703817045 20506.06108198179 20478.66787923569 6513.4341468755065 6245.579336372178 6237.498932007629 5264.778607805572 7005.928188173606 
440.90212522438446 342.5176019982355 6611.728971439362 6604.25451855814 6603.539426916514 1217.5034769210724 10014.09441244742 9785.072541751997 9772.974672542232 4081.5163264896146 4076.9565236468316 36366.56812418318 36231.604948714834 36217.10800976675 26453.87019583004 26423.071124688486 26388.725571913237 25126.663073144635 20506.048514213322 20478.64748918598 6513.364626625021 6245.549347317718 6237.486198499004 5264.646386979184 7005.926159737539 
440.67726644422055 342.50739172596354 6611.721970827654 6604.252819836018 6603.539342394816 1217.502964786764 10014.078540497947 9785.066432210135 9772.958648205527 4081.510544594672 4076.9509069313235 36366.48562597738 36231.60328213764 36216.985624976485 26453.860442966932 26423.060638225033 26388.71672321864 25126.648386840137 20506.02175261458 20478.5983056956 6513.2818191270635 6245.533597996552 6237.486198499004 5264.56597517904 7005.92596339012 
440.47654046079424 342.50402156594146 6611.712374760085 6604.252034862887 6603.539195175718 1217.5017590910356 10014.062329183387 9785.06270857048 9772.958648205527 4081.5056523722833 4076.9471063467627 36366.455040949564 36231.59980143761 36216.94029604082 26453.809595331928 26423.012957214964 26388.6867942227 25126.632713159368 20505.997520294048 20478.56210667115 6513.2723857216515 6245.508328624453 6237.476884120663 5264.510865431912 7005.915042477911 
440.3530241500175 342.502049691273 6611.698451269648 6604.249911860803 6603.5391092325635 1217.500112409808 10014.050250230324 9785.056315358714 9772.945195161696 4081.5040828489446 4076.944945055274 36366.39201067341 36231.59980143761 36216.93419758111 26453.76478328588 26422.96791554268 26388.6850683348 25126.618629940727 20505.982123523303 20478.561689128386 6513.241176544009 6245.501859418007 6237.47308926461 5264.510865431912 7005.9095941760315 
440.1135666224832 342.49122727905 6611.685736374569 6604.249072228252 6603.53894067718 1217.4998261541605 10014.018465347173 9785.031624332309 9772.927529869106 4081.498480772124 4076.9428256321316 36366.38384176893 36231.598777884115 36216.89491742661 26453.715316785005 26422.953140928854 26388.625015642447 25126.602528249194 20505.96427210451 20478.501128834887 6513.233573994704 6245.492678117569 6237.443873837432 5264.411993791791 7005.906460426988 
439.9089744982725 342.488083129145 6611.667171591611 6604.248745055341 6603.538843134645 1217.4982884046822 10013.977296478044 9785.022720659834 9772.914753857218 4081.4970095125964 4076.9374688874186 36366.32988492941 36231.5961900281 36216.89061182194 26453.67635855791 26422.94182340878 26388.62222378398 25126.57844801798 20505.950242155326 20478.487263236286 6513.224500736174 6245.4873003711455 6237.443815267259 5264.297367726547 7005.903526371589 
439.7670576864243 342.4799913447489 6611.666499234166 6604.2484222420335 6603.538757328318 1217.4980281239432 10013.961404663109 9785.01007219802 9772.894166056878 4081.4902435155036 4076.9370067496093 36366.24913951836 36231.5904139534 36216.84554968484 26453.66431034883 26422.923657829124 26388.588760698723 25126.55852076941 20505.935114191096 20478.424644645416 6513.2205528262075 6245.469866906413 6237.436476542816 5264.203480801012 7005.900712530221 
439.51115337058263 342.4731273315358 6611.66617025988 6604.247955090106 6603.538600927957 1217.4964385501899 10013.913843697783 9785.008027280906 9772.87712238673 4081.486532204599 4076.9340024403646 36366.16711969536 36231.58776169015 36216.83955660318 26453.62663200207 26422.89806685846 26388.560479365962 25126.554061515628 20505.930221741175 20478.39971793856 6513.201685649779 6245.462498652313 6237.429144661835 5264.136937038672 7005.900629708236 
438.56019595871567 342.47187528492054 6611.661981935957 6604.247907187275 6603.538471278289 1217.4964385501899 10013.882121891691 9784.96570934776 9772.859900974288 4081.4760584554615 4076.930170397738 36366.08671954464 36231.58223548493 36216.81274920787 26453.616472620306 26422.853304001354 26388.529240857526 25126.54807632329 20505.923687410504 20478.312228642793 6513.201685649779 6245.460291336222 6237.418701265943 5264.075508399935 7005.898634190227 
438.56019595871567 342.46134957164327 6611.657120078688 6604.24722206832 6603.538465222677 1217.495319697457 10013.858701827336 9784.96570934776 9772.847626963223 4081.4759557097495 4076.928174690991 36365.97242772105 36231.578890508725 36216.80028304842 26453.588741314692 26422.828203264246 26388.50925263648 25126.541303572132 20505.905574769706 20478.275059877837 6513.18759629408 6245.450024636129 6237.417019106564 5264.07516580212 7005.895279803604 
438.0370556867256 342.4600151889208 6611.653374032335 6604.246783318673 6603.538455145703 1217.4952591606998 10013.836037990312 9784.95084942759 9772.829418687146 4081.472519398332 4076.9253636715857 36365.96703812089 36231.57539125589 36216.784138409486 26453.546653162484 26422.820583771078 26388.501736198443 25126.540432749858 20505.884195381826 20478.26609849535 6513.183949909498 6245.449016461493 6237.415889613796 5264.067290349326 7005.887708778078 
437.6435472115088 342.45190149524797 6611.648825291102 6604.24547105985 6603.538385651393 1217.4948532985663 10013.836037990312 9784.95084942759 9772.818283154584 4081.4668012496295 4076.9205085795966 36365.843956755845 36231.57119051021 36216.753625065554 26453.50489083704 26422.79967886715 26388.44345281968 25126.513768357945 20505.866692013733 20478.2420620556 6513.170270589078 6245.439827425813 6237.412581030573 5264.0183056283995 7005.884824668443 
437.62958408021996 342.45190149524797 6611.639159951557 6604.2416665156525 6603.5383066827535 1217.4947000720476 10013.834715445673 9784.929241464777 9772.813616480631 4081.4613657059563 4076.9183691299113 36365.78260787627 36231.56616510809 36216.7479556555 26453.49372230242 26422.789918612736 26388.383347522253 25126.503859496093 20505.855433246245 20478.206989478367 6513.160180146189 6245.4305808937215 6237.404960457439 5264.005621631506 7005.875074997919 
437.0732430201408 342.4474075050889 6611.631542892759 6604.238751123416 6603.538222613331 1217.4922917695212 10013.821340306415 9784.912303732173 9772.786980873025 4081.4579229583724 4076.9154712443715 36365.77689905298 36231.56554402973 36216.71998180386 26453.462049699472 26422.7796270212 26388.35291539694 25126.48872207009 20505.837881085296 20478.168782842688 6513.153578725949 6245.419877306615 6237.391873555624 5263.985193953332 7005.871178229956 
436.19524592768516 342.4471112011115 6611.622139958174 6604.238751123416 6603.537922347402 1217.492021801686 10013.808360664096 9784.909652808885 9772.779148607595 4081.4531978218147 4076.9147996102693 36365.63612023607 36231.56189298005 36216.71998180386 26453.43713507174 26422.74125378828 26388.33934871719 25126.48683706153 20505.799204872055 20478.154686232105 6513.147044703702 6245.403254250967 6237.390929356189 5263.932933543203 7005.860518647391 
436.11884513144696 342.44598095172205 6611.589776377478 6604.237845920032 6603.537807694666 1217.490648145097 10013.800027871517 9784.836678419975 9772.761989844385 4081.449723190237 4076.9101842151886 36365.56032043175 36231.55489682194 36216.67099039438 26453.414857936372 26422.711529878296 26388.30515382791 25126.471246766567 20505.785319908788 20478.097493986945 6513.135581738418 6245.393281364568 6237.386591022039 5263.8940428148135 7005.857909741899 
435.64938200029906 342.441643122929 6611.588422943361 6604.237091160829 6603.5373952312375 1217.489256010199 10013.792069707104 9784.79526318217 9772.752503724001 4081.4426116130817 4076.905768865867 36365.48294569996 36231.55254691397 36216.657405228485 26453.403708989994 26422.6952609873 26388.267086786575 25126.416499214945 20505.763639262666 20478.082479234577 6513.135305205367 6245.386639421298 6237.384092463431 5263.8473428923 7005.850503584732 
435.1382480770785 342.4386400506928 6611.581361687285 6604.236567188311 6603.536809137152 1217.4887084281559 10013.788189233715 9784.778814657135 9772.720717976243 4081.4377562020145 4076.903546651116 36365.460229120225 36231.552305796075 36216.643493963704 26453.397373307038 26422.68488474924 26388.252634035136 25126.398073602613 20505.75533482104 20478.08069790325 6513.132751477493 6245.375673432586 6237.371185268321 5263.794337906788 7005.8411086511005 
434.9258483848728 342.43551090457686 6611.576670475587 6604.235409601679 6603.536645871275 1217.487950616376 10013.77716179725 9784.752450575028 9772.716438921074 4081.4333644069748 4076.9005709042012 36365.39029769258 36231.54627564532 36216.61843040716 26453.31607342982 26422.681179960295 26388.231360831924 25126.396014145193 20505.750649010788 20478.041960431732 6513.129783736793 6245.364235362649 6237.353617367423 5263.766023104752 7005.823793776752 
434.9152923605659 342.41042779206896 6611.552969925228 6604.232156408271 6603.536549887612 1217.4872908077205 10013.759458755594 9784.744362437048 9772.70167423653 4081.432875782597 4076.8992555244395 36365.23285166078 36231.54168805618 36216.58516633367 26453.29911624072 26422.660122716396 26388.206423924144 25126.374591986583 20505.711310006576 20478.01462837703 6513.129781610365 6245.353474317736 6237.3448463362565 5263.736710699206 7005.81211670316 
434.40357076522105 342.4102655766137 6611.549732342631 6604.231861918744 6603.536352707634 1217.4864689140982 10013.746448675067 9784.71606322757 9772.68886563846 4081.4289135707677 4076.897025457295 36365.030970118554 36231.54168805618 36216.577622819634 26453.26843573083 26422.62569899533 26388.19457311188 25126.359844251874 20505.69703164181 20477.970615016406 6513.12866149372 6245.353175663195 6237.335128740178 5263.727759335398 7005.803377403654 
434.1744199655236 342.40958854374594 6611.530054101693 6604.230984806478 6603.536237230755 1217.486025579411 10013.73942696151 9784.713414549324 9772.677085231002 4081.4283960026423 4076.8944245915254 36364.944649965575 36231.53816415176 36216.55400360175 26453.224480350607 26422.606732949353 26388.171755424915 25126.338092098595 20505.67699142382 20477.953045107468 6513.124496666728 6245.350499256334 6237.329224427504 5263.698031530219 7005.780913620358 
433.38026881029145 342.3891776379128 6611.527503609246 6604.229194473356 6603.536060591765 1217.4858702622892 10013.729427006998 9784.69425889726 9772.653784687664 4081.4278233388213 4076.8939620207602 36364.941594281205 36231.53816415176 36216.53125736166 26453.217533325558 26422.5975239627 26388.138308293404 25126.302983737725 20505.642997324398 20477.935054722548 6513.124164854276 6245.341491184833 6237.3259586580125 5263.670449966225 7005.761979533696 
433.38026881029145 342.379459063442 6611.481887995036 6604.228165151637 6603.535874843414 1217.4853636371677 10013.719758391606 9784.64792297216 9772.62384349074 4081.42439897902 4076.8934160307626 36364.85866843908 36231.53755791339 36216.45287933936 26453.1998706881 26422.575269405537 26388.12836681284 25126.28307517353 20505.62480168467 20477.905548540315 6513.122696529312 6245.339370780729 6237.31442367609 5263.654918492801 7005.749761563224 
433.05691314097294 342.36440025860384 6611.465497738825 6604.227611696682 6603.5356926431905 1217.4847494745914 10013.69703699212 9784.639278059427 9772.61311543221 4081.4161150213567 4076.8913034735797 36364.80471717056 36231.535300255884 36216.431842199345 26453.179445660135 26422.569813733262 26388.111185547943 25126.27902903151 20505.62480168467 20477.885226203703 6513.122654486864 6245.338234900208 6237.303942372872 5263.640884235452 7005.749761563224 
432.67154602247797 342.36440025860384 6611.450775521296 6604.226526769573 6603.535583087121 1217.4833996650905 10013.683881331035 9784.613155859051 9772.58482660293 4081.415407036201 4076.890695700691 36364.78440943587 36231.53336976371 36216.42099989558 26453.16312207136 26422.553377490265 26388.072029175913 25126.24285031404 20505.591197126247 20477.85024828895 6513.121613018497 6245.321428818294 6237.30178330521 5263.634662365831 7005.7437867708395 
432.2411104036314 342.35069897128756 6611.4464729559595 6604.225572192857 6603.5351941349345 1217.4829907479357 10013.683881331035 9784.592974092046 9772.556956557366 4081.4133892445243 4076.88928774588 36364.70341074899 36231.52926843291 36216.3970076864 26453.133426331966 26422.528896118707 26388.046572087092 25126.225729278463 20505.581915723025 20477.7942614877 6513.121393356124 6245.29745775593 6237.29828662242 5263.6093954527505 7005.74147335306 
431.9954488407102 342.3489405218793 6611.424623458067 6604.22401367228 6603.535157779057 1217.4824605172207 10013.682186568882 9784.57848586243 9772.551432714385 4081.3991325396346 4076.8877542722184 36364.65097670788 36231.5284387034 36216.39080134775 26453.123513064675 26422.509574619264 26388.033477849076 25126.212266734274 20505.57148397256 20477.78695662154 6513.120826301986 6245.29745775593 6237.290355729675 5263.599966188488 7005.730670180248 
431.24735858331724 342.31855445230394 6611.416057352562 6604.222515176198 6603.534979734542 1217.4821085203212 10013.671223549405 9784.567995624175 9772.532878875707 4081.3958081256296 4076.8871511487177 36364.54862014483 36231.52672591403 36216.3220280025 26453.10067548565 26422.454973443033 26388.016439591815 25126.187684793123 20505.486486879243 20477.76100998964 6513.12011296766 6245.290337788853 6237.285852242724 5263.5940465519125 7005.723005691982 
430.9835483470458 342.3163047589401 6611.412144106024 6604.221930418797 6603.534937101035 1217.4814995380325 10013.656564028197 9784.564607726767 9772.499285730293 4081.394814942666 4076.8866787120087 36364.47964137349 36231.52448058966 36216.3064627421 26453.083008451835 26422.42133536794 26387.950119260677 25126.186227336602 20505.47350214392 20477.743326475895 6513.12011296766 6245.275268548544 6237.285852242724 5263.5825441311745 7005.704664556615 
430.8828523710272 342.3103096424911 6611.4041848295155 6604.214046363419 6603.534699886243 1217.4810426373679 10013.651117251968 9784.546471164876 9772.491762437636 4081.3845992372117 4076.8855052448016 36364.43613650866 36231.52409258124 36216.302438471714 26453.07391556484 26422.420278390455 26387.933411544323 25126.165167957326 20505.43086166291 20477.736993494822 6513.119652007738 6245.270741359099 6237.28357648822 5263.567031046952 7005.704664556615 
430.8426040983277 342.3099039885433 6611.389377242027 6604.213236711742 6603.534633807356 1217.4739110630753 10013.641931246984 9784.53983426801 9772.45463423564 4081.3804858524327 4076.884883530194 36364.393318322975 36231.52080833736 36216.284649107525 26453.07055257624 26422.396652032607 26387.924025446307 25126.143065854558 20505.396296753075 20477.735458140014 6513.1192057505905 6245.2553243137445 6237.280430073858 5263.5488345106805 7005.68976927183 
430.07161996206173 342.30552947937645 6611.386860886366 6604.210799356939 6603.5345895340515 1217.4723143380834 10013.626152063582 9784.538354577504 9772.444032030031 4081.3758795390077 4076.882814143657 36364.33691181535 36231.51699256782 36216.26924095366 26453.045040983965 26422.396652032607 26387.887803386235 25126.10749971566 20505.366146707685 20477.69338326412 6513.118293128579 6245.244910573503 6237.277074240313 5263.528922058116 7005.6846695716085 
429.69762109686167 342.29907248503173 6611.380827849831 6604.2102557523895 6603.534490852113 1217.4702570722338 10013.611319904541 9784.536906434725 9772.414028183395 4081.360300035263 4076.882499155231 36364.25643689057 36231.51602952585 36216.258695009645 26453.03342427106 26422.377196415495 26387.871508566317 25126.09722061477 20505.260232653283 20477.67057457083 6513.116956444198 6245.222281085111 6237.274317147653 5263.508316571878 7005.663978988388 
429.28280871542665 342.2972340752183 6611.374110355515 6604.208697653313 6603.534422942591 1217.468823507268 10013.600051060404 9784.52892411632 9772.405922291797 4081.3570186701745 4076.881413578808 36364.21028451402 36231.509257254984 36216.235537717 26453.001044581135 26422.369898275472 26387.871508566317 25126.060661228545 20505.162930490333 20477.669352918612 6513.106530624927 6245.220467810803 6237.253327646964 5263.498462260099 7005.6527646772465 
428.9262584427099 342.29221537253716 6611.373944406255 6604.207714824218 6603.534275418475 1217.4676340816272 10013.583408333481 9784.525094319479 9772.383037729765 4081.351432646432 4076.879979576547 36364.07284656395 36231.50822207539 36216.22737913062 26452.958282242573 26422.360484062636 26387.858793819403 25126.02838177639 20505.129195375972 20477.59841114196 6513.101146823668 6245.21713811576 6237.244588943265 5263.4909930033 7005.63892505118 
428.46187865125194 342.28881311936584 6611.365860846035 6604.206246491676 6603.534062283304 1217.4667540514092 10013.572686754223 9784.51690732837 9772.364535298213 4081.3388291552446 4076.876273545383 36363.91039572953 36231.50645518493 36216.17756232495 26452.92601043076 26422.353882723823 26387.838103764487 25126.00810809009 20505.129195375972 20477.548581604515 6513.091517819484 6245.207382215529 6237.238412221517 5263.4902920899285 7005.629435152714 
428.08390557650796 342.281043723875 6611.359397638217 6604.204302141494 6603.534062283304 1217.4654890284683 10013.55900827342 9784.497957991045 9772.3418641806 4081.3221795825357 4076.874837236257 36363.869556435355 36231.50436542815 36216.15193330696 26452.888162891086 26422.339792755858 26387.747579124898 25125.973620045657 20505.004082138526 20477.54016403109 6513.084300888307 6245.198709694712 6237.232489512634 5263.488019294963 7005.608085599184 
427.2453823917217 342.279671993457 6611.355035312769 6604.20118069918 6603.534058114931 1217.4631619771653 10013.554637448315 9784.496883358039 9772.333171536957 4081.3128036181497 4076.871503803224 36363.730467622074 36231.500552837904 36216.10863571724 26452.885929946562 26422.337435883095 26387.69247833415 24565.285512651582 20504.962789034067 20477.505164221362 6513.080776830987 6245.1911169239065 6237.224109670465 5263.48107811857 7005.6011702925625 
426.7143233311731 342.2739861162777 6611.340940543511 6604.201151032976 6603.533982222585 1217.4615360054368 10013.549686759241 9784.496790602774 9772.319021669735 4081.3050816285377 4076.8706659233394 36363.715007758605 36231.49887659317 36216.08296596858 26452.849478765525 26422.326616689625 26387.692279700008 24537.09054215048 20504.962789034067 20477.50450546751 6513.0642136121805 6245.185719405446 6237.212542669155 5263.478239456207 7005.58015371347 
426.3169500892636 342.2628353194857 6611.335523779717 6604.198721328881 6603.533876844253 1217.4606831754268 10013.544783175761 9784.487575576692 9772.31879233014 4081.3031385836694 4076.865585341233 36363.70952921832 36231.495621039976 36216.073997555985 26452.786910611925 26422.31642117372 26387.631910271844 24520.48606417811 20504.928633879594 20477.4905257143 6513.061148870232 6245.165999302984 6237.200881313106 5263.468517563868 7005.551056019511 
425.8295762893322 342.2482367135731 6611.319584185956 6604.197324839331 6603.533768848705 1217.459270456693 10013.536137908963 9784.484680638709 9772.310899186832 4081.294786272455 4076.8652865281674 36363.455790911445 36231.493704956825 36216.00177672501 26452.7540157626 26422.300936248554 26387.59818632042 24496.69222239414 20504.85338792282 20477.462726459165 6513.054200575456 6245.156407520859 6237.1942558108 5263.466915483692 7005.548364676 
425.0353894658324 342.24634980136625 6611.302614920875 6604.195783945772 6603.533584996196 1217.4576812295854 10013.534267469762 9784.484026716891 9772.285154472444 4081.2924021462877 4076.8578398119826 36363.181943384705 36231.486283747785 36215.972425864864 26452.7485792164 26422.26232849985 26387.582330173307 24491.609940372084 20504.78889867081 20477.462726459165 6513.051028533349 6245.143833488667 6237.17841842925 5263.453257368658 7005.5216683955805 
424.92229402781095 342.2343423447319 6611.296271083612 6604.186721034608 6603.533523015127 1217.4567091187928 10013.5330256792 9784.482736777018 9772.276669333734 4081.292215030222 4076.845921250261 36363.09387952335 36231.48601633307 36215.96943727031 26452.720757423274 26422.246586186033 26387.550699156556 24480.73749016008 20504.71302987483 20477.436098692167 6513.02821097165 6245.084034869163 6237.169471912845 5263.447026368296 7005.510047633996 
424.7778675444306 342.2308872759302 6611.279500468847 6604.184679751961 6603.533437365106 1217.45621480087 10013.526553520403 9784.474493605077 9772.273348307168 4081.2843368746107 4076.8408102888307 36363.0311139592 36231.48491490225 36215.91019070222 26452.70321189163 26422.226139440347 26387.544634628484 24476.770158771244 20504.696004924048 20477.40215965472 6513.021122248292 6245.079937119271 6237.165949275437 5263.4385322346725 7005.503613237437 
423.7215685162096 342.2263879430534 6611.268127557272 6604.179788257052 6603.533339338015 1217.4548967011779 10013.52109383232 9784.470843841602 9772.261516516375 4081.283510619075 4076.8398544714228 36362.91870297074 36231.48308269507 36215.87947604066 26452.673917709217 26422.204687502457 26387.53275496851 24473.943818611308 20504.66541227246 20477.363033594276 6513.017187660085 6245.066951676808 6237.155459766677 5263.426008642113 7005.479763346557 
423.3956793725463 342.2180867439588 6611.258037539801 6604.177006263838 6603.533242115874 1217.4537898607573 10013.520175352724 9784.464834880067 9772.235919604444 4081.2814515794425 4076.838062865465 36362.74778604381 36231.47794457721 36215.865610845736 26452.64846179589 26422.17742216986 26387.51660127224 24470.910749435614 20504.568840660093 20477.30760713998 6513.005742686755 6245.053405937414 6237.154678526915 5263.425498931092 7005.464653053223 
422.3208329324377 342.21257314054924 6611.250366013815 6604.174019025518 6603.533133304268 1217.4522404528925 10013.517822863381 9784.462450313844 9772.231138291225 4081.2782759929196 4076.8352653855345 36362.68953609767 36231.47667781292 36215.79901811654 26452.611181573873 26422.158917225395 26387.471019234956 24457.417550365073 20504.51699748561 20477.285014929115 6512.983048628351 6245.050766986971 6237.136409822149 5263.420373584579 7005.452708324974 
420.88735622050126 342.2068617350292 6611.240922436576 6604.172141789426 6603.532955953642 1217.4517024111838 10013.50969031074 9784.458381139571 9772.203225294583 4081.2764740872562 4076.830411823281 36362.657908293026 36231.47402999188 36215.731035081044 26452.530135425834 26422.082540669366 26387.445497049954 24454.965367287103 20504.353190909107 20477.24306883667 6512.980293415157 6245.03498300919 6237.135872222598 5263.420373584579 7005.430599674259 
399.9101812477902 342.2068617350292 6611.222719225737 6604.171073191399 6603.532768117982 1217.4501572699974 10013.505791414747 9784.432698622106 9772.196381397502 4081.26595825402 4076.8283412932396 36362.657908293026 36231.47204188392 36215.73069147883 26452.500424517886 26421.98175431109 26387.435877971315 24451.905261131375 20504.229568593237 20477.18502915859 6512.971201586287 6245.022910360003 6237.121484286603 5263.410799019904 7005.4292679143855 
398.2035516208216 342.2020676721738 6611.213669680084 6604.167733068757 6603.532493258831 1217.4497414587504 10013.5037318861 9784.417938833225 9772.180724618012 4081.262204700347 4076.8249000152746 36362.62743535959 36231.47140435665 36215.628625587844 26452.453304097933 26421.953107437745 26387.417047891653 24451.368245679052 20504.208350621964 20477.15505205647 6512.961593967316 6245.017482118448 6237.115643402834 5263.407834663463 7005.417244286704 
389.6868989477032 342.1979910463392 6611.20425377842 6604.166377878156 6603.532391687808 1217.4491151925254 10013.50023426029 9784.413445269014 9772.162736750703 4081.259483564014 4076.823217766364 36362.54580686997 36231.46710919807 36215.5891235621 26452.41835316035 26421.914755525635 26387.40462095639 24450.072904819724 20504.192098781652 20477.148350643183 6512.952849309893 6245.008910562037 6237.106616298293 5263.402204130096 7005.403775029066 
388.59470384112774 342.1885119177264 6611.197820175331 6604.163114565932 6603.532314812702 1217.4482711857336 10013.46618828141 9784.395837845814 9772.162508372388 4081.2563633753853 4076.82023941025 36362.46752655246 36231.46604103944 36215.55870410992 26452.351197860105 26421.861170382705 26387.37672201317 24447.81145434623 20504.109996487565 20477.109066191966 6512.950543076908 6244.9966110590985 6237.097341696119 5263.3978471349 7005.398556127817 
386.729375441347 342.1818884837194 6611.18985614773 6604.161668888548 6603.532112524212 1217.4450258427382 10013.457511959494 9784.39293693385 9772.145814583753 4081.252150756918 4076.8174961356563 36362.386763336035 36231.46131852897 36215.500556305284 26452.330858666643 26421.851781103218 26387.374510169477 24444.086128848532 20504.086114509108 20477.091608547802 6512.935215465863 6244.990881411776 6237.097341696119 5263.396624918943 7005.386767183572 
383.39516326079547 342.1761792792231 6611.1797754555955 6604.161077067956 6603.532107819807 1217.4438116849824 10013.436881745498 9784.384012122538 9772.140951612835 4081.246079570852 4076.8142961745607 36362.17718630867 36231.46111144298 36215.4719734515 26452.280894130305 26421.83347887495 26387.366225191723 24443.685422687577 20504.051291814285 20477.089550871136 6512.931932236792 6244.989456759807 6237.086996719929 5263.393419729349 7005.386684228768 
378.79560618389723 342.17549772581765 6611.17904632179 6604.1609980197345 6603.532029453919 1217.4223454748962 10013.429385565425 9784.381840142074 9772.127540326523 4081.237640416107 4076.8127576646693 36362.017148121886 36231.4550831197 36215.386743404866 26452.24995202748 26421.732359491816 26387.34562087841 24443.374411582005 20504.000997200168 20477.071363450104 6512.9265578263785 6244.977947233139 6237.081037342892 5263.38881743803 7005.3772292581725 
377.3099913419935 342.1647550656958 6611.173095155034 6604.160097882065 6603.531915023691 1217.418699124994 10013.413412745822 9784.36793769424 9772.121887601937 4081.23666700611 4076.8111066725696 36361.719761906825 36231.45336128877 36215.362912087214 26452.16862628462 26421.520594942696 26387.331027731638 24442.5423660695 20503.98097849225 20477.070593872395 6512.92214278958 6244.977947233139 6237.064699338599 5263.382881454177 7005.37539106761 
376.9755245479096 342.1542616420429 6611.166102472058 6604.15927944749 6603.5318728214 1217.411607190726 10013.384676830994 9784.355192983672 9772.117265896895 4081.2326391916577 4076.8098077081922 36361.691486384014 36231.448296889175 36215.26252500303 26452.11577033692 26421.520594942696 26387.323785204575 24441.696952464004 20503.95267786285 20477.05253061339 6512.9189737091065 6244.966700192619 6237.050305026957 5263.378731995462 7005.37220474664 
376.6221323407199 342.14473113649456 6611.155767070709 6604.1586884233775 6603.53185282758 1217.410272650749 10013.343663430831 9784.344719647135 9772.116564103457 4081.225433336417 4076.8063359496764 36361.50417172325 36231.4468121818 36215.26252500303 26452.051879328432 26421.50364060666 26387.30128925538 24441.11336261977 20503.95104789166 20477.04590075424 6512.912673853176 6244.963201170729 6237.045282418465 5263.371439838911 7005.366451210159 
376.2307720346896 342.1407411439461 6611.15534033792 6604.157952379175 6603.531776884316 1217.4071921677896 10013.343572725778 9784.339249481285 9772.111940943243 4081.2234995052413 4076.804740270377 36361.292908418065 36231.437566030334 36215.16059563742 26451.976083907324 26421.442874475935 26387.282585478522 24440.59182927557 20503.91563438672 20477.03001645534 6512.905254075843 6244.958165500623 6237.028373488224 5263.367054529301 7005.363026837706 
376.1222817987118 342.1407411439461 6611.150878931133 6604.157591676675 6603.531691984934 1217.405892481359 10013.334668018133 9784.298564045663 9772.106403563837 4081.216874773754 4076.8040326592745 36361.15547586727 36231.437560960665 36215.106454946086 26451.92723322367 26421.426393192072 26387.280129414983 24440.002432816338 20503.909743972617 20477.018575203736 6512.9043410727345 6244.948989484169 6237.026713935346 5263.362397859205 7005.36136068304 
375.71935320025295 342.1392908605203 6611.129115666548 6604.157421965383 6603.531287096672 1217.4020334031302 10013.325375531364 9784.2912370654 9772.094597343092 4081.2022169673673 4076.801948519176 36360.95448799572 36231.432705108025 36215.093801471274 26451.86338530638 26421.36451705932 26387.24510363084 24439.70113657017 20503.86989181192 20476.979999590585 6512.901256325656 6244.93738223606 6237.018484092965 5263.361262108977 7005.354695934073 
375.3983244630765 342.1362187562379 6611.11796336418 6604.156835056588 6603.531227236487 1217.398523067328 10013.316504358247 9784.269933797666 9772.092724384036 4081.1962396674844 4076.801568524641 36360.91520675679 36231.4296041202 36215.02850694038 26451.796788242853 26421.3375268767 26387.240162415917 24439.370603722105 20503.869362131256 20476.957688655973 6512.899624003129 6244.928000938482 6237.009104525085 5263.35753030301 7005.343311806242 
374.66753292818703 342.1319181210649 6611.1101398455585 6604.15626758033 6603.53114860763 1217.3967873386505 10013.3048381999 9784.25481957931 9772.083623466373 4081.193513578566 4076.8008687589136 36360.80809336606 36231.42871238501 36215.012456213255 26451.796788242853 26421.135388618633 26387.23262551959 24439.238424469473 20503.845574938903 20476.937492720448 6512.896127637328 6244.913746725598 6236.982167252661 5263.355806947245 7005.3396951003815 
374.66753292818703 342.1287081509913 6611.1101398455585 6604.155959732943 6603.531084589348 1217.393911292906 10013.290780333547 9784.244877263813 9772.079236628131 4081.1883791590044 4076.7994978200095 36360.66005452694 36231.42245391301 36214.97309974681 26451.796788242853 26421.012803167152 26387.204931666398 24439.0629140159 20503.798909414953 20476.902642274534 6512.89451980404 6244.904422302587 6236.982167252661 5263.353086577735 7005.3377551907215 
374.31634997170863 342.1247778937977 6611.092641735827 6604.155371343194 6603.5310816253395 1217.3938315088744 10013.281242207244 9784.218569691617 9772.07313328037 4081.1812820386203 4076.799253146395 36360.39913143641 36231.419162834216 36214.90451111046 26451.758895084356 26420.872560646316 26387.201503784414 24438.917463494705 20503.769473686414 20476.872923777206 6512.8896661385525 6244.898403461214 6236.968770088037 5263.346672862132 7005.331061739726 
374.22864280075123 342.1193287277242 6611.0913636305795 6604.155099967156 6603.530967117236 1217.3931710914085 10013.273374708153 9784.207302493447 9772.064674043511 4081.179614107298 4076.798294438735 36360.26980665427 36231.41701033161 36214.90243004505 26451.730507975724 26420.86437872571 26387.187692663018 24438.754033787936 20503.72222971479 20476.86212014027 6512.886983154897 6244.890613451512 6236.9558153828275 5263.335246900242 7005.321994156628 
374.0773304624106 342.1099594481002 6611.07821421946 6604.154999262225 6603.530906831572 1217.3917471344498 10013.269177636235 9784.207133445798 9772.056149439359 4081.1773938501246 4076.7966797066692 36360.14470515069 36231.409196286164 36214.827410009784 26451.692314067044 26420.716173562636 26387.163855006023 24438.623226067077 20503.71097804831 20476.837469179336 6512.882561590734 6244.890483076009 6236.933726580114 5263.331758324644 7005.312766689007 
374.0360723375736 342.1023832542912 6611.0642105768575 6604.154945628325 6603.530869977138 1217.3906592079857 10013.256120369788 9784.201633231916 9772.053558867268 4081.166933251805 4076.7966797066692 36360.093024247224 36231.40771437959 36214.82536540814 26451.676890228526 26420.713361595335 26387.133751887184 24438.623226067077 20503.670692659885 20476.816889633857 6512.877351758603 6244.88512182294 6236.931238262406 5263.324762458373 7005.300251162138 
373.8782850376365 342.1021474635377 6611.037384956123 6604.15470905687 6603.5307755867525 1217.3900605480676 10013.248913631545 9784.1725331918 9772.048615495565 4081.151878863325 4076.7954005605716 36359.882868203946 36231.405542410605 36214.79943150031 26451.5986370378 26420.592155672326 26387.113059389245 24438.553493938318 20503.58888356205 20476.80864802114 6512.870924384091 6244.877954347247 6236.927859739078 5263.318910849444 7005.2981000463515 
373.783210578207 342.09061678490116 6611.024289188116 6604.154560031361 6603.5307315733635 1217.3888099633377 10013.248103325173 9784.172230182226 9772.043606145771 4081.1455629798565 4076.793189268863 36359.75235350172 36231.404318884226 36214.78174068575 26451.5986370378 26420.54038633853 26387.098785113678 24438.524237365677 20503.557996787258 20476.77168160317 6512.866760386078 6244.870747969921 6236.92576742845 5263.314688528184 7005.283541028659 
373.6726214340804 342.079721497483 6611.019311290229 6604.153967776219 6603.530590449375 1217.3878762895788 10013.220146872127 9784.139606323059 9772.03380030854 4081.1318536158005 4076.788576470284 36359.67772884125 36231.40250856298 36214.75665715693 26451.591043961147 26420.50000459021 26387.061072398068 24438.45794631909 20503.553768823207 20476.77060964181 6512.860104279883 6244.858399678041 6236.921307201071 5263.312805523824 7005.2762796529605 
373.4198188433479 342.0795448757656 6611.011629857891 6604.153965540964 6603.530539471758 1217.385064483522 10013.220146872127 9784.132676644645 9772.016418150597 4081.1292767431314 4076.7846391562753 36359.40685632771 36231.39974796356 36214.69594897851 26451.488384880973 26420.445225453244 26387.061072398068 24438.42754306592 20503.52624011289 20476.738288852594 6512.85238264741 6244.837530210423 6236.917129613028 5263.311343237958 7005.266185442417 
373.31324465890293 342.07364317766474 6610.98782907989 6604.153907627988 6603.530462757332 1217.3845127584127 10013.205079673124 9784.118003959287 9772.013948250431 4081.1217298346655 4076.777430232366 36359.368274955465 36231.399577341996 36214.680005737595 26451.48631511128 26420.373496292457 26387.043767125528 24438.261151377978 20503.49108347071 20476.72990164924 6512.832768935506 6244.833239513326 6236.911932570735 5263.301722816203 7005.256297695814 
373.22959781263125 342.06796448018895 6610.986794482539 6604.153907627988 6603.530344900962 1217.3828611905687 10013.201315721908 9784.110786946065 9772.011812179026 4081.1170065343367 4076.7681786523644 36359.24359828901 36231.39927009141 36214.668932021734 26451.474428367594 26420.25409003773 26387.034818452026 24438.261151377978 20503.47568424658 20476.71182090674 6512.819097540568 6244.8306336676005 6236.900562776559 5263.292824822574 7005.249074647456 
373.20412675251805 342.062120716771 6610.971943652225 6604.153729887723 6603.5303438389365 1217.3813812006033 10013.193027965111 9784.103658500937 9772.003635666197 4081.1165915333377 4076.763975329468 36359.002418767595 36231.39784413794 36214.65446059645 26451.439470301477 26420.188209538726 26387.03457519745 24438.250839217268 20503.465546148058 20476.707385694557 6512.815906389542 6244.822741853401 6236.890693918386 5263.288594460283 7005.239441422311 
373.20412675251805 342.0523424456769 6610.966026607979 6604.152103061608 6603.530242845616 1217.3804612576337 10013.17772714855 9784.09215486328 9772.001369774935 4081.1149380764946 4076.7574816746474 36358.88678519681 36231.396793907035 36214.638282051994 26451.42766322258 26420.087379091416 26386.987187819894 24438.139244531754 20503.374235798015 20476.688984321147 6512.814257783492 6244.820502136106 6236.876567112187 5263.2702273804825 7005.239441422311 
373.1755355052378 342.0238026007755 6610.953356606127 6604.15132960797 6603.530137979165 1217.3790772649372 10013.159846514804 9784.08484688985 9771.994580701094 4081.113458455691 4076.7544093870038 36358.75220210166 36231.39673489805 36214.62858024066 26451.39620004041 26420.01766652649 26386.968330526932 24438.088727215152 20503.307754455174 20476.650392778716 6512.811331463406 6244.7937251981 6236.876218373857 5263.26621763458 7005.234760589319 
373.14109861999145 342.0191296397684 6610.943957723611 6604.151061253745 6603.530047487844 1217.3782398447165 10013.157309853093 9784.080144905358 9771.990501223283 4081.109041680421 4076.754327679235 36358.57743548226 36231.39586768976 36214.59304354083 26451.3787185265 26419.904482083715 26386.958121708572 24438.0845887855 20503.303644451924 20476.621529029908 6512.797888134125 6244.7831126683395 6236.86549096797 5263.261421876774 7005.224081533324 
373.1260963743655 342.01369029080365 6610.933442864045 6604.150314355808 6603.529904428166 1217.3722783243938 10013.139670553346 9784.077772144226 9771.984836975267 4081.1061807275946 4076.7513428584243 36358.213213193 36231.3938161523 36214.58382558114 26451.349643642083 26419.882540720064 26386.927626185367 24438.06255314165 20503.19177612928 20476.57892649367 6512.797633795365 6244.7780239505655 6236.8554566635685 5263.257672247652 7005.222435080825 
373.1214985364286 342.0096279402301 6610.925936306298 6604.149948089645 6603.52981743667 1217.3674007366026 10013.114155416513 9784.063805741891 9771.973847418685 4081.104092580458 4076.7472136800716 36358.14443669232 36231.39193296948 36214.55605887957 26451.336943420003 26419.837226130603 26386.91601133214 24438.028599380257 20503.157364345305 20476.55573461147 6512.793035869601 6244.7717293955975 6236.852020097576 5263.247018155118 7005.21780126542 
373.09575865444754 342.00864853685493 6610.925503143258 6604.149138999454 6603.529714835624 1217.3660329437548 10013.103130729174 9784.04962309523 9771.942890360104 4081.103038133144 4076.740899861101 36358.12524241614 36231.39067427795 36214.52876429792 26451.31589299672 26419.784527809334 26386.89517692591 24437.997596203742 20503.115496005365 20476.52689536001 6512.7919511058835 6244.761750066943 6236.837515488341 5263.240963418248 7005.213850295986 
373.0943759993529 341.997434574218 6610.90995940413 6604.148722321361 6603.529646461799 1217.3653830847943 10013.09435814155 9784.03825190068 9771.940763287317 4081.1003631056647 4076.737729209285 36358.033820468125 36231.389037979345 36214.48755271478 26451.288974493964 26419.784231143127 26386.865439181565 24437.88158372915 20503.054580392338 20476.51642209227 6512.786437854318 6244.756073119346 6236.826748116803 5263.237159861963 7005.209330626652 
373.0899462838454 341.99660216254256 6610.9001182240145 6604.148273825366 6603.529626431618 1217.360979441954 10013.09157052983 9784.035171723408 9771.920348477965 4081.0993035757665 4076.7310913114034 36357.71546886955 36231.38787235758 36214.45991928137 26451.257748597127 26419.762475155483 26386.852681769695 24437.860483844626 20503.009194293525 20476.511828834315 6512.784891497327 6244.748510866917 6236.813694991654 5263.235099318736 7005.20407081319 
373.08020241663166 341.99368046655763 6610.899449898236 6604.147950381527 6603.529590145598 1217.35618578298 10013.089045775025 9784.02543207511 9771.912572784837 4081.0969998235087 4076.7260297820885 36357.470165197636 36231.387181576225 36214.42715038898 26451.106101486625 26419.7068165823 26386.846741032452 24437.85316455134 20502.971088472103 20476.479205594474 6512.775211507119 6244.739354539695 6236.809573779924 5263.230617663671 7005.199361706405 
373.0697721686388 341.99102637474607 6610.885352128849 6604.146776425728 6603.5295408005895 1217.3455144581771 10013.080298262632 9784.018341712661 9771.88399050652 4081.0943746164794 4076.7220497917206 36357.14658588395 36231.38705545525 36214.35049462343 26451.027256056936 26419.63666766459 26386.818750189937 24437.820221880633 20502.971088472103 20476.444408845382 6512.775106205917 6244.734502774919 6236.807189627541 5263.229888680105 7005.196544277987 
373.0626023322818 341.9851546991381 6610.88094284088 6604.146776425728 6603.529522510778 1217.3429120793267 10013.076031496155 9784.004829013369 9771.864165091209 4081.0941231292363 4076.7184845902557 36356.95664283344 36231.38650061364 36214.31594003861 26451.005965248387 26419.62830599434 26386.80697990321 24437.81784016162 20502.895235228603 20476.422245006823 6512.773897828298 6244.730454395238 6236.802399361027 5263.22616128793 7005.190165414691 
373.06191709718973 341.9723592901173 6610.87549979791 6604.146256932621 6603.529498196964 1217.338642404687 10013.066256897908 9783.993728628657 9771.859191095844 4081.0905310296366 4076.7181274090235 36356.68064871021 36231.385956275255 36214.26213803629 26450.92947979129 26419.613424658604 26386.800312517476 24437.79968323632 20502.83732972418 20476.39828340515 6512.772719776403 6244.726422349019 6236.7853144058 5263.222269058622 7005.18345739158 
373.05914691925227 341.9652463806999 6610.867974626904 6604.146192267771 6603.529459378695 1217.331687625429 10013.063081146953 9783.99034837172 9771.8453713657 4081.089248606084 4076.7140239788005 36356.66775256524 36231.3852510976 36214.22717473612 26450.81076733604 26419.553905882367 26386.784015222103 24437.790142313566 20502.789468006074 20476.3435532462 6512.771190494381 6244.723918532973 6236.768073635682 5263.221126893775 7005.178900991788 
373.05872070490295 341.95981740744037 6610.856157831719 6604.145497554745 6603.529379532615 1217.3235603223666 10013.051754309716 9783.985221626051 9771.840590177779 4081.088299360026 4076.699310959124 36356.58410833769 36231.38329025486 36214.1896019588 26450.809315172293 26419.54094711449 26386.771087455705 24437.775345386435 20502.761449506317 20476.340066030967 6512.76083001567 6244.721202164844 6236.759530980549 5263.220140332933 7005.17362111016 
373.055889190422 341.95906409256077 6610.856157831719 6604.145078867197 6603.529213916292 1217.308647266722 10013.028744983401 9783.97546066361 9771.83283178824 4081.0852587410327 4076.6952140540834 36356.57405980311 36231.38287072589 36214.159708030325 26450.6933412181 26419.50152969048 26386.752514201013 24437.760494132624 20502.756474567028 20476.28613259217 6512.757041903265 6244.711830356263 6236.756553878777 5263.216106051278 7005.1663535624575 
373.0461964488277 341.9567734125601 6610.848519907753 6604.144533632554 6603.529213916292 1217.2962362611252 10013.019610372497 9783.964247587923 9771.814062636498 4081.0825201140615 4076.6837112297744 36356.389557712086 36231.38211947775 36214.1436066459 26450.60998315842 26419.492022721075 26386.737735565945 24437.721232404936 20502.720893429083 20476.26592072773 6512.753419290056 6244.696302216033 6236.751713910177 5263.214062756946 7005.165830324018 
373.04341395426945 341.9567537851565 6610.839379724308 6604.143760774552 6603.529033110034 1217.2828499078896 10013.013230862492 9783.961350517138 9771.812724914062 4081.0808229041622 4076.662921701569 36356.27699781048 36231.3779575163 36214.1264508755 26450.54425883476 26419.441280031682 26386.71639692628 24437.675664085935 20502.70433075688 20476.254552270897 6512.750160063616 6244.684512079545 6236.747967248818 5263.207421346454 7005.158524210698 
373.04272876312757 341.9532139055891 6610.836545036084 6604.143212943083 6603.529003359225 1217.2804308702225 10012.99488193509 9783.959542064837 9771.791135256848 4081.079948262125 4076.6501384002468 36356.09614382726 36231.37434339484 36214.054002991004 26450.284570261803 26419.411253864255 26386.700778522238 24437.661541747446 20502.669191036977 20476.234054705834 6512.740859605546 6244.674438831983 6236.743352302974 5263.2014513400645 7005.142162849268 
373.0381830739834 341.9497814868755 6610.822432678218 6604.141448587359 6603.528741991293 1217.2644058840415 10012.990459435714 9783.953666888572 9771.780759597912 4081.078395808059 4076.632159601163 36356.02252670767 36231.37303852104 36214.05302094878 26450.241191343008 26419.408336543424 26386.672687702012 24437.6188559975 20502.65639071981 20476.21553214052 6512.738865675125 6244.67177374433 6236.737571497357 5263.196921397548 7005.138864253158 
373.037537317603 341.94649858351 6610.81555698923 6604.140684774873 6603.528553650185 1217.2514607944458 10012.983298779794 9783.947492182135 9771.771369940783 4081.075934628807 4076.613216256763 36355.895567919615 36231.37126149314 36214.00259211557 26450.241016637676 26419.397519346276 26386.658877480895 24437.61077366381 20502.602140851635 20476.194062930543 6512.734943045548 6244.666681103448 6236.734633049605 5263.192523631696 7005.135555083256 
373.0337528743196 341.944009094929 6610.810444400944 6604.140384722072 6603.528375402442 1217.2443924135764 10012.971831234629 9783.93559522262 9771.76894795035 4081.0745394116148 4076.5904774964674 36355.731778141475 36231.3705304157 36213.98847152635 26450.173173806892 26419.36565583777 26386.6565732495 24437.578368607 20502.56844028673 20476.177437613245 6512.727942642162 6244.656489696398 6236.7336752761485 5263.18754485751 7005.131700998207 
373.031829130663 341.9416370556953 6610.795409409765 6604.139301364047 6603.527898869515 1217.2383151506178 10012.961864256173 9783.923152726391 9771.749577518858 4081.070509563615 4076.5856284486435 36355.56795633667 36231.370343529874 36213.949440237215 26450.132653374232 26419.347623854854 26386.65335469628 24437.523732822898 20502.55832937298 20476.16924709708 6512.720851362443 6244.631265711164 6236.729902125948 5263.177513532489 7005.129398762121 
373.0303328497562 341.94016355760186 6610.789026259249 6604.139088472251 6603.527729806414 1217.2204089262027 10012.957603300174 9783.918836857607 9771.74104844214 4081.070171726764 4076.5805973613296 36355.404882436706 36231.366838998816 36213.86712915384 26450.12733647201 26419.32458423746 26386.605187144272 24437.51349144773 20502.537255737887 20476.16285958252 6512.716251710568 6244.6182999393495 6236.725021832696 5263.175794659288 7005.128296994284 
373.0251583152228 341.93922226871837 6610.7714790955715 6604.138247022027 6603.5277288514135 1217.2119237921784 10012.953286018803 9783.915004877177 9771.738849048097 4081.0670361242537 4076.5711296783747 36355.24916473578 36231.364848759054 36213.80380325939 26450.04475737029 26419.30701014707 26386.5843165957 24437.489010934907 20502.525806461992 20476.141866671634 6512.711453391776 6244.609051702936 6236.721429943477 5263.172168757562 7005.125736349932 
373.0235617096632 341.93637402307945 6610.769114504235 6604.137834807936 6603.527654522489 1217.1952315959597 10012.950739033162 9783.90578059952 9771.733283064425 4081.066095914568 4076.5657475527732 36354.96928145577 36231.362284138275 36213.77591821491 26450.014710235515 26419.277434913845 26386.573206228106 24437.46660097875 20502.510690094008 20476.11797373681 6512.711327022242 6244.60846637566 6236.71945217697 5263.167242558923 7005.124612392025 
373.02153293251877 341.9342061927009 6610.755998489427 6604.137536917754 6603.527471341927 1217.1952315959597 10012.937259053675 9783.902120903258 9771.713148921033 4081.064927104453 4076.5585804020957 36354.93204207517 36231.359792984964 36213.74644535902 26449.944616348992 26419.266398819753 26386.545427954723 24437.443151405023 20502.4812323185 20476.091400863337 6512.711072561061 6244.593665625007 6236.716526720094 5263.15405932463 7005.116222604236 
373.02061788229025 341.9329856492384 6610.7537851700545 6604.136857988431 6603.527331138059 1217.1845218129429 10012.922927336083 9783.898843606792 9771.708051057933 4081.061722416278 4076.5527343524955 36354.75094814067 36231.35549918815 36213.721355395945 26449.941658036285 26419.185437956065 26386.523407040346 24437.421272783766 20502.469385329772 20476.038845522973 6512.703887543374 6244.585257713906 6236.716109633764 5263.149076888785 7005.113595117213 
373.01975883565774 341.93005476671874 6610.74878935098 6604.136193641203 6603.527256294225 1217.1711885669583 10012.903324668949 9783.88693734774 9771.703919258363 4081.061722416278 4076.546232926252 36354.65855201029 36231.353826734485 36213.70815053318 26449.854605369437 26419.123608466034 26386.51237607988 24437.38791047467 20502.43811771745 20475.99840697957 6512.701306930033 6244.580050525319 6236.705898194847 5263.1459778748895 7005.110060988192 
373.0189404320204 341.9297811513336 6610.74878935098 6604.135549431681 6603.527029681449 1217.1649269679028 10012.896280824012 9783.878349191862 9771.696928192601 4081.060664648712 4076.540860731954 36354.494955085596 36231.35174336385 36213.686834994194 26449.805182229917 26419.087100521636 26386.460620098835 24437.36986275306 20502.421073855054 20475.93120437322 6512.693488840659 6244.572538720297 6236.69934319397 5263.143056073191 7005.107407033651 
373.0184349053668 341.9282099351833 6610.735356493467 6604.135031417976 6603.526951410502 1217.158459821855 10012.891528661734 9783.873311072639 9771.68882240088 4081.0594770457483 4076.5366803475936 36354.44024984088 36231.348773465535 36213.68478506419 26449.731273459292 26419.068389468102 26386.44397469294 24437.348332832462 20502.398760693428 20475.89344434954 6512.692399654987 6244.568100982536 6236.6955992413805 5263.136990097593 7005.10360191174 
373.01817948755047 341.9220692419044 6610.725288412677 6604.134348154601 6603.526827533171 1217.1523518302915 10012.877072935615 9783.86686026171 9771.67545966736 4081.0572456512 4076.534417592403 36354.29337706659 36231.3473669047 36213.64041258083 26449.72783021732 26419.02025538956 26386.44397469294 24437.294856239445 20502.386611661655 20475.848364695714 6512.6859883535135 6244.558796907984 6236.690038233048 5263.128396903996 7005.100475318459 
373.0175841617727 341.9195874964812 6610.724236702651 6604.133480018534 6603.52678174018 1217.1353770586134 10012.869892405624 9783.861286174812 9771.67545966736 4081.056614856968 4076.534057137027 36354.16382777276 36231.346078654686 36213.61465193604 26449.663674427717 26418.987286258252 26386.421490289118 24437.245699789233 20502.36386123179 20475.778520678563 6512.68058780374 6244.549360011567 6236.689543108101 5263.113433036913 7005.098298179462 
373.0168525944471 341.9160702687491 6610.71904181733 6604.133213105497 6603.526603213467 1217.1032783012042 10012.866742879974 9783.849997864916 9771.649493594981 4081.0525567674467 4076.5327249889206 36353.818877469304 36231.34307065566 36213.60305263468 26449.615399990125 26418.98246262447 26386.379459339627 24437.221780374242 20502.35136163705 20475.765139875526 6512.678245622873 6244.543337602647 6236.677233944316 5263.113433036913 7005.095030374876 
373.01678116666835 341.91481154769235 6610.712209653096 6604.132465411878 6603.5265393738655 1217.0836877435931 10012.85682107696 9783.838433162891 9771.640261383309 4081.051378680324 4076.527966807318 36353.6087163171 36231.34242159186 36213.58259519987 26449.60437246222 26418.970553160205 26386.368447459776 24437.19805880104 20502.334753199848 20475.75740031909 6512.676865839989 6244.536766849183 6236.674375872333 5263.10633420691 7005.084841200376 
373.0153975628814 341.9124160444844 6610.70974924404 6604.132082092192 6603.526415537059 1217.0360829099413 10012.832772309037 9783.823440201573 9771.63480023379 4081.0470973861156 4076.5256385684816 36353.10017388603 36231.34142793237 36213.524810765404 26449.53895867679 26418.933430400466 26386.34381463709 24437.177944741266 20502.328449110435 20475.724353202735 6512.670957994316 6244.533697956422 6236.673309494379 5263.097180096032 7005.081499590266 
373.0151761836114 341.9117243760379 6610.703068792227 6604.131368233053 6603.526216826175 1217.0360829099413 10012.826333727946 9783.822707730593 9771.63103787171 4081.045011758424 4076.5247542242832 36353.08775356369 36231.34089381987 36213.498165790406 26449.52138066323 26418.907508729437 26386.341850600988 24437.116269465674 20502.29817078175 20475.717731583514 6512.6653823345405 6244.520448797398 6236.670433714112 5263.080459898682 7005.079460715733 
373.01391141099793 341.9102933490856 6610.693433422138 6604.131014352442 6603.526133162407 1217.0121254642395 10012.816235747072 9783.801462935719 9771.617875466807 4081.0425086223786 4076.521252686667 36352.88050306291 36231.33970817033 36213.41998944615 26449.47432990231 26418.876704526945 26386.29641196455 24437.091898792172 20502.29817078175 20475.71430537253 6512.664745587634 6244.5202035485645 6236.6665040490825 5263.0518294392805 7005.078119267582 
373.0133711531282 341.9087874309894 6610.684164941739 6604.130796685279 6603.526093154377 1217.0120592622093 10012.810407897445 9783.797132694699 9771.6085205715 4081.0416223567963 4076.520044033672 36352.66193470664 36231.33937864204 36213.387561653486 26449.458318292975 26418.84133415381 26386.29464365241 24437.086186048124 20502.249402674843 20475.699186268448 6512.65877648387 6244.511048521494 6236.659258701772 5263.0518294392805 7005.074046058358 
373.01291168673924 341.9077318407092 6610.678296394948 6604.130563444811 6603.5259738874465 1217.0018303341408 10012.804134603306 9783.781697973694 9771.602131528454 4081.0379118834353 4076.517574964889 36352.249770075294 36231.33903804209 36213.35362277436 26449.428449287803 26418.820972356334 26386.26487681202 24437.066728207417 20502.240153973642 20475.6870011769 6512.648197690668 6244.502990533092 6236.655218703901 5263.050937951283 7005.066007104035 
373.0124091422656 341.9015776876472 6610.673414191521 6604.130563444811 6603.525851193501 1216.999876428289 10012.788833206489 9783.77903068912 9771.597958718941 4081.034715493861 4076.5150181280605 36351.625981609286 36231.338611215964 36213.34000912665 26449.381113609335 26418.808585646835 26386.248995633156 24437.057074833636 20502.206524124314 20475.677260086235 6512.63335130612 6244.49657333547 6236.650133509609 5263.044845324824 7005.056928296033 
373.0115759831949 341.894220556502 6610.6711978668145 6604.129810617057 6603.525773173082 1216.9758872121465 10012.784240354826 9783.765036479677 9771.592689119378 4081.030586284076 4076.5084760532445 36350.327451544596 36231.33807102931 36213.32194771245 26449.28415303198 26418.7757644665 26386.161974336574 24436.962177415575 20502.204444741634 20475.67228011049 6512.61600925686 6244.490285020376 6236.649624638464 5263.043122227965 7005.056163896199 
373.01140890641227 341.89240720188855 6610.657007518164 6604.129463027616 6603.525677870131 1216.9758872121465 10012.780024475293 9783.762130422907 9771.585664754006 4081.024590917147 4076.504916120257 36350.324953815965 36231.336953637205 36213.30719014004 26449.26829008857 26418.72617188607 26386.115382424225 24436.918587271473 20502.15843986894 20475.652429206264 6512.598283417616 6244.481153312019 6236.645271605349 5263.036274301253 7005.04470867405 
373.01114080752404 341.88777324069224 6610.643910251811 6604.12922609339 6603.5254635994315 1216.9750366838389 10012.780024475293 9783.75343555883 9771.577580531579 4081.009940087317 4076.503063937369 36350.20191809203 36231.33580435674 36213.27171092627 26449.239167514763 26418.68062309023 26386.08461111636 24436.878776811238 20502.132549523096 20475.641471667223 6512.573649702709 6244.474597713067 6236.6428978769945 5263.029851330568 7005.034851336328 
373.01086199655083 341.8857132108192 6610.632720356275 6604.128365662477 6603.525391637033 1216.9630821700875 10012.774296602876 9783.751274257422 9771.576168415635 4080.999916591418 4076.5022153575883 36349.9888737774 36231.33557684869 36213.27057733265 26449.217897756567 26418.68062309023 26386.064630541794 24436.839389134002 20502.060876026775 20475.61275376837 6512.56337749962 6244.470165478352 6236.635346407629 5263.025217765061 7005.022721698704 
373.0106422060351 341.8806636899544 6610.624461881528 6604.127362379936 6603.52523411954 1216.9490144593515 10012.768156353477 9783.748358222696 9771.564198665334 4080.9889361274254 4076.499455944194 36349.90502042375 36231.33547792863 36213.26466710282 26449.196874921854 26418.642345824348 26386.017140229273 24436.77780561033 20502.05473729735 20475.60520469741 6512.55645022882 6244.463923750144 6236.633798597007 5263.019541913852 7005.022559753084 
373.00917926019156 341.87587040172775 6610.618935374951 6604.127358915433 6603.525156621374 1216.938449489373 10012.76169854385 9783.742850087634 9771.551937069911 4080.9801799660418 4076.49529471237 36349.58987654933 36231.33486323318 36213.19693011264 26449.191653283662 26418.627087816643 26385.998840323937 24436.767520318564 20502.032736598067 20475.585849543426 6512.545652915085 6244.460908092621 6236.633309139465 5263.01630487852 7005.007545178187 
373.0084954317724 341.87254101653593 6610.60980548811 6604.126580828291 6603.5250559414635 1216.9232665157647 10012.755733431239 9783.735401016711 9771.54972886886 4080.978350258789 4076.49529471237 36349.25203207839 36231.33393754448 36213.17547284012 26449.155790421566 26418.615157602366 26385.98145072011 24436.752416967192 20502.001457159287 20475.563816123467 6512.537291533123 6244.447578979417 6236.632538583076 5263.016000333325 7005.001052832158 
373.007982382067 341.87096669804555 6610.599077743171 6604.1259729128205 6603.5248979405715 1216.9118115022675 10012.748416306256 9783.725976702168 9771.529242346754 4080.974580193145 4076.4906694325928 36349.0721843341 36231.33290681201 36213.15928490407 26449.125070992184 26418.57582515825 26385.966610314867 24436.73608367593 20501.98297635261 20475.53037558645 6512.506674315405 6244.435340807342 6236.630705162627 5263.014018687242 7004.995103140576 
373.0078391080274 341.8674381535825 6610.582281328756 6604.1257208522475 6603.524747762096 1216.9018473221795 10012.745506718527 9783.713118241789 9771.526618312315 4080.96972242227 4076.486367463327 36348.954679542636 36231.33259433419 36213.09947451724 26449.059004108603 26418.571264833383 26385.928874455083 24436.654932937825 20501.963737903618 20475.515850037656 6512.496992850115 6244.428958816914 6236.62392858261 5263.012455911259 7004.989704041229 
373.0076401590145 341.8652961480575 6610.57436215428 6604.125398517675 6603.524626899047 1216.8910301742335 10012.730808288361 9783.709190862934 9771.505628448367 4080.9694082193537 4076.4841184054258 36348.78523033473 36231.3323457095 36213.09263973857 26448.942949446613 26418.5489126584 26385.918344539637 24436.633673990433 20501.89068973689 20475.488312649857 6512.470774441553 6244.421958290906 6236.618721412517 5263.008786552914 7004.984765862953 
373.0073315028769 341.86450424704344 6610.571216982355 6604.124879852897 6603.52453664907 1216.8869428624002 10012.706440140384 9783.702479548045 9771.50096823852 4080.9648729675964 4076.479686935524 36348.75628206516 36231.331714008826 36213.09263973857 26448.88515856361 26418.54225057833 26385.912370373262 24436.620544021862 20501.852035168995 20475.439928006017 6512.463639756967 6244.421233476847 6236.609056028103 5263.002742916157 7004.97360948761 
373.00684725020756 341.8619057612875 6610.555174758243 6604.124741551642 6603.524343021042 1216.8790261138847 10012.693005393365 9783.695328991513 9771.49532858363 4080.9636653688267 4076.4704714204627 36348.170635917406 36231.33161906607 36213.07215575115 26448.821597307586 26418.494712113836 26385.88115141126 24436.528985922403 20501.81560963602 20475.42523569796 6512.4589153356355 6244.402066113906 6236.607218175292 5262.998333711235 7004.970814575878 
373.0066174419874 341.8551637763553 6610.5444067468625 6604.124027289344 6603.524267655157 1216.8711994489986 10012.68908119876 9783.693999634115 9771.487791464886 4080.961087290045 4076.461566242353 36347.974472623784 36231.330796519345 36213.0363992745 26448.755342036206 26418.436829141203 26385.87616256583 24436.450638857143 20501.77259221232 20475.38781101669 6512.453218668854 6244.387786975571 6236.595129736134 5262.992866881865 7004.960797454472 
373.0064939321471 341.8465660824261 6610.495398481523 6604.1240044766855 6603.524246132249 1216.8537366575592 10012.678008785391 9783.690291200468 9771.471144666957 4080.96084277273 4076.453450270761 36347.8646063526 36231.33066302902 36213.009120961375 26448.749667258126 26418.382815289533 26385.81023610758 24436.401576407505 20501.746827730713 20475.362004963477 6512.448467203623 6244.36963457909 6236.5935801010755 5262.987275394849 7004.954796266238 
373.0061158960041 341.8439115600213 6610.477232139493 6604.120867706197 6603.524058479789 1216.8450647610034 10012.67019269161 9783.685855360134 9771.456286903722 4080.95864969821 4076.4339729006115 36347.79797821972 36231.329992522806 36212.94397188481 26448.744395560054 26418.35983599578 26385.75407380502 24436.354934895935 20501.73085419822 20475.338147651524 6512.444686684958 6244.358277516689 6236.586580410377 5262.982185092298 7004.95054803594 
373.0053479513508 341.82947668599945 6610.441842122094 6604.120396008733 6603.5239830355185 1216.8334833230356 10012.665056852553 9783.68104063295 9771.451012582236 4080.9519807753195 4076.4321006494174 36347.78171963766 36231.32919169993 36212.89988086965 26448.681992903337 26418.28921943756 26385.724684685138 24436.346031739216 20501.7058375333 20475.30264280988 6512.4432471193295 6244.333208032269 6236.586580410377 5262.977821767226 7004.943359948025 
373.005171524404 341.82716929564344 6610.429167191229 6604.119374444421 6603.52387680988 1216.8273734809536 10012.636501473457 9783.672845586729 9771.447859083124 4080.946056196368 4076.4240973950054 36347.64773250112 36231.32910726777 36212.81758140486 26448.659923650448 26418.28921943756 26385.683086218596 24436.33278507352 20501.674044510994 20475.285946624273 6512.439196214089 6244.326957130667 6236.580599855928 5262.974453693175 7004.935776263934 
373.00501930443806 341.82306741624325 6610.409402299079 6604.119240260524 6603.523738421815 1216.8216122808062 10012.620476938673 9783.672845586729 9771.433100477494 4080.944684110038 4076.4137505009076 36347.363336764975 36231.32822714614 36212.79199829179 26448.634013670366 26418.2080561704 26385.66144181175 24436.3184958498 20501.66859260279 20475.27977815843 6512.438166291322 6244.322288297022 6236.578483276072 5262.971528091725 7004.923740843737 
373.00485687784703 341.8083710472765 6610.3986113619185 6604.1188358739955 6603.523598359957 1216.800171537593 10012.620476938673 9783.669111482626 9771.425780218484 4080.939753618819 4076.4115323420374 36347.2192211074 36231.327936756556 36212.74667731186 26448.584959851265 26418.180637726073 26385.6314745783 24436.287382776674 20501.646692128656 20475.27630374498 6512.4360931318215 6244.319378555204 6236.575399617809 5262.970582266544 7004.918434633972 
373.00410710995766 341.8068018204949 6610.377386890708 6604.118021486674 6603.523467871709 1216.7942792603226 10012.611540213566 9783.668828905411 9771.425744672648 4080.9368158585294 4076.409232547441 36346.66175834798 36231.326822304305 36212.711622003175 26448.536558974472 26418.10063677353 26385.572680851732 24436.27916894461 20501.62678729012 20475.257934483234 6512.431235916666 6244.309212889024 6236.571092457838 5262.9665920935095 7004.915309336926 
373.0040264076247 341.80394464333335 6610.340804940422 6604.117896078219 6603.523229203599 1216.7800485008165 10012.579242376527 9783.668184208616 9771.4127953195 4080.931702816807 4076.408847982434 36346.30565987536 36231.32540585293 36212.67265089721 26448.526768801396 26418.06025534996 26385.534017444028 24436.238686589193 20501.611495154335 20475.239121272592 6512.4273481539185 6244.301862016386 6236.566881430633 5262.965358819822 7004.900859433588 
373.003346218906 341.8019486525857 6610.318687829136 6604.117584108808 6603.523204965533 1216.7673717891093 10012.567501135365 9783.664949683793 9771.405104740272 4080.930651595215 4076.4008910029997 36345.5814485156 36231.32540585293 36212.604332754985 26448.50599710454 26418.04535120271 26385.473858154295 24436.207859278802 20501.602290484767 20475.22949775646 6512.423802264871 6244.286893239094 6236.563190826282 5262.96384331887 7004.900859433588 
373.0032043615074 341.796043047133 6610.285767857645 6604.117325834628 6603.523133873944 1216.76728313489 10012.555955219344 9783.653835932813 9771.387751345903 4080.9235669059226 4076.4008910029997 36345.123078242024 36231.32380487519 36212.594794072036 26448.495439856822 26417.96296234275 26385.391141540247 24436.16807451962 20501.582759531066 20475.20708483103 6512.412488520639 6244.277347710312 6236.560172162923 5262.961643462674 7004.894512716337 
373.00292613076545 341.79029801380057 6610.251781367176 6604.11720528013 6603.523125134329 1216.749747251144 10012.53365669105 9783.649504924366 9771.368821887461 4080.9235490777637 4076.3949523138735 36344.92548213308 36231.3235699989 36212.49086046266 26448.49481119527 26417.962942965656 26385.387319352132 24436.135812670393 20501.564643781338 20475.185840392383 6512.372649376715 6244.269509086994 6236.556987613492 5262.956942229302 7004.880978283414 
373.0027019244451 341.7900595446931 6610.226805659628 6604.117071863189 6603.523059575693 1216.7371226050418 10012.521610870232 9783.630988074658 9771.328597332205 4080.9174798683407 4076.390405683237 36344.13952870432 36231.32316831646 36212.46878742515 26448.461717977953 26417.933587080348 26385.307914670684 24436.112619113992 20501.555041696283 20475.17893345556 6512.356599214047 6244.255131274259 6236.555677922844 5262.950279560771 7004.876106829808 
373.0021290121756 341.78719217969524 6610.206922232519 6604.116761800293 6603.522839127083 1216.7309824457384 10012.500250830646 9783.625052735222 9771.300085611316 4080.9095987743567 4076.3855434541683 36343.75932171918 36231.32233322774 36212.43530876441 26448.442198577603 26417.912079337762 26385.2544527318 24436.09590902133 20501.536828808687 20475.163875504655 6512.349815054852 6244.224167349945 6236.551646219598 5262.94899285951 7004.868377570703 
373.00184149570987 341.7834898165329 6610.190235988038 6604.115963741392 6603.522701716554 1216.7260254145122 10012.499528204593 9783.616543608045 9771.293623984557 4080.9087943347868 4076.3786224951773 36337.57209078521 36231.32230555087 36212.37753837639 26448.403761920064 26417.87544751435 26385.17069437338 24436.072405138675 20501.521996616084 20475.161410389894 6512.344499163689 6244.223578351179 6236.550466381219 5262.947186069079 7004.852099743563 
373.0017439745834 341.783072958395 6610.16031937531 6604.115790888728 6603.522591859056 1216.7223844214413 10012.47930244481 9783.610803405252 9771.287961386595 4080.9023235191653 4076.3771082910225 36335.34157250071 36231.321351005354 36212.330476410825 26448.40320453944 26417.86640905068 26385.123557765146 24436.041634672485 20501.504076928057 20475.134572540723 6512.332722432639 6244.210076640205 6236.548710834441 5262.942850051289 7004.85110175244 
373.0013223513738 341.7789553484297 6610.142416641077 6604.115502246193 6603.5225401781645 1216.6992356252322 10012.431778465327 9783.604118982534 9771.283209444731 4080.9014992922757 4076.370767683181 36331.67844333708 36231.32096852872 36212.269282169684 26448.371944214672 26417.805579364984 26385.123557765146 24436.017878861912 20501.481199077083 20475.126650620714 6512.327971275135 6244.193964182046 6236.545605919844 5262.9404379820235 7004.841038450544 
373.00093957346326 341.7729427891345 6610.134082677006 6604.114688246495 6603.5225355064795 1216.6959616194908 10012.42333288032 9783.602359284834 9771.263608768506 4080.8966171044876 4076.366937908566 36322.17507646812 36231.32039284223 36212.250801407485 26448.368666431597 26417.717736490034 26385.101958628613 24435.998218354445 20501.47869878932 20475.08422537468 6512.323850173186 6244.193964182046 6236.541906045948 5262.938106052534 7004.832014398251 
373.0003341107265 341.7723180212156 6610.117181853167 6604.1142926389675 6603.52247893497 1216.6929156945098 10012.401631186083 9783.586596344723 9771.217085665361 4080.894408916095 4076.3656212177966 36314.89132849471 36231.31921952519 36212.223912313384 26448.347685078745 26417.70596477144 26385.07789239373 24435.989935633115 20501.475989988197 20475.079961159325 6512.308848810298 6244.191248924724 6236.5409570210195 5262.934050779312 7004.824076037454 
372.99967858980494 341.7689021162107 6610.1052285518645 6604.113887286675 6603.5224065485745 1216.679971785195 10012.39839948116 9783.581329655095 9771.208881737426 4080.889824510965 4076.3608597616258 36306.72478686635 36231.318809292025 36212.14615687334 26448.320076549946 26417.66700053738 26385.07003581734 24435.983333205146 20501.464483526335 20475.04932220487 6512.3041805387775 6244.1674529140555 6236.537424676622 5262.933496673126 7004.816758145087 
372.9994943405859 341.7684176025348 6610.095351164759 6604.113697551765 6603.52239819056 1216.671320086626 10012.39527071569 9783.561120593473 9771.190346096768 4080.888764950412 4076.3541709315105 36296.010864229 36231.31860853971 36212.1170275463 26448.29969044677 26417.602442817195 26385.050890911556 24435.97931945589 20501.444215405998 20474.986009290693 6512.300067340584 6244.15782470284 6236.534052379342 5262.931039981155 7004.8035653971965 
372.99855594867313 341.76522832446994 6610.070606578443 6604.113187945451 6603.522351124314 1216.6678523073806 10012.363735472669 9783.55901384181 9771.182499338789 4080.8848008932737 4076.353669208558 36288.73049878831 36231.3182382321 36212.09045602195 26448.27134955871 26417.49181748512 26385.035234113777 24435.972056617273 20501.436997408095 20474.95778965961 6512.292302343421 6244.150674814128 6236.518985179562 5262.929127818496 7004.8035653971965 
372.99834901852705 341.7632337322693 6610.027926112539 6604.112978149332 6603.522184819837 1216.661152924884 10012.348404681632 9783.557256379787 9771.173809805994 4080.8843534348644 4076.3493603261577 36280.91776419372 36231.317464613596 36212.06797411964 26448.250860690492 26417.434655343695 26385.010173038125 24435.960580147574 20501.414054314213 20474.929470492723 6512.284653823948 6244.146110102459 6236.497176571895 5262.927875467848 7004.789988899378 
372.9981213148858 341.7594984794241 6610.027926112539 6604.112739395924 6603.5220751683755 1216.6539535798956 10012.332742059229 9783.553475938379 9771.133902409707 4080.878451088958 4076.3463812019363 36279.01620086071 36231.316251205695 36212.04610886728 26448.20947455753 26417.316016293604 26384.996690248212 24435.953450147717 20501.387718753376 20474.894759238276 6512.276518313314 6244.135498321523 6236.497013742172 5262.9246288545455 7004.7848906817235 
372.9976021443738 341.7540157647279 6610.027452989722 6604.112412021903 6603.522049614638 1216.6490870585567 10012.304617122798 9783.546552643398 9771.132140760821 4080.874146356622 4076.342487420049 36274.31510500464 36231.31580332624 36212.02395456557 26448.16734740406 26417.22010096333 26384.992051654317 24435.9318560105 20501.357032779677 20474.867763238235 6512.264827471679 6244.135498321523 6236.495865869753 5262.922945045345 7004.773477424747 
372.99743666530276 341.7508013511406 6610.019906701552 6604.112355981742 6603.521945924151 1216.6364790536227 10012.248842918412 9783.543755935183 9771.125352451234 4080.8679266870104 4076.339815952525 36272.980205035754 36231.31533962289 36211.989266647 26448.164653467313 26417.12204505476 26384.97438950199 24435.93036802996 20501.33943616611 20474.86412633512 6512.246791565637 6244.129758540665 6236.483886045626 5262.920011404814 7004.76986197404 
372.9969742098581 341.7483496142004 6609.989970280804 6604.1121928777175 6603.521890772556 1216.6252876910694 10012.242489568096 9783.542181908348 9771.082371630042 4080.8664031944845 4076.3358935856395 36271.039512878226 36231.31512220217 36211.95804166483 26448.115390877152 26417.0386419192 26384.957214948485 24435.919102442083 20501.337722824966 20474.79766379932 6512.245239924197 6244.123670925437 6236.478909827657 5262.917633026761 7004.768032884291 
372.99672045062675 341.74601919576435 6609.962416603892 6604.11218457618 6603.521814199524 1216.5929956843906 10012.241198432337 9783.536466061425 9771.053398297172 4080.86331066656 4076.334515572882 36269.35163332667 36231.314066640865 36211.93634963977 26448.059760753393 26416.922720783994 26384.95662650537 24435.905277068414 20501.299469483543 20474.761545489382 6512.243108181112 6244.121910665197 6236.466607918679 5262.917633026761 7004.761156235469 
372.9961519668218 341.73805058125913 6609.961009988818 6604.112089345485 6603.52174592311 1216.5405996284699 10012.23019011029 9783.530483679873 9771.036697458298 4080.863117665158 4076.328655661906 36267.8746446505 36231.31306442223 36211.906365846975 26447.871933445076 26416.863732630478 26384.941755181517 24435.90108447931 20501.249181791718 20474.639927420358 6512.242274731076 6244.116589381512 6236.453586495832 5262.914820546023 7004.757935776157 
372.9957891190468 341.7379408268175 6609.938118541546 6604.111932349434 6603.521611486237 1216.5324643553245 10012.220847722358 9783.521831472097 9771.020345694487 4080.863117665158 4076.3278973979413 36267.705974956094 36231.3127258151 36211.90015041479 26447.871933445076 26416.770720495184 26384.924055679454 24435.88518028025 20501.233937525038 20474.611659252703 6512.234330801468 6244.114060736713 6236.446069964678 5262.912972199091 7004.7495455815115 
372.9955710008194 341.7350000893621 6609.938118541546 6604.111526807796 6603.5215003242165 1216.5315402403085 10012.212362191907 9783.516573175988 9771.013847031612 4080.861756661501 4076.325355889202 36267.705974956094 36231.312324239574 36211.85739912792 26447.84140196486 26416.770720495184 26384.90363906783 24435.876505963402 20501.22309052622 20474.59463292144 6512.232292282845 6244.111256974003 6236.442908208443 5262.906896487565 7004.746968340132 
372.9954456562373 341.7327215611044 6609.927749616099 6604.111296064643 6603.521441613508 1216.481507560863 10012.199962076531 9783.512450648255 9771.005522715315 4080.859785343431 4076.3234065248716 36267.39284446726 36231.31212010603 36211.82275289204 26447.82277198029 26416.724372041477 26384.894559371925 24435.872315410827 20501.198364940436 20474.552841404184 6512.232292282845 6244.098118075622 6236.427358573022 5262.901171386764 7004.742209254397 
372.9953314747745 341.7305628382453 6609.910977044342 6604.111182842619 6603.521390560798 1216.4679818327545 10012.19926062593 9783.49885826016 9770.946196578394 4080.8581551926272 4076.320623404 36267.01131301866 36231.31201025295 36211.814745473035 26447.760978808 26416.450518729267 26384.851741760147 24435.848825476733 20501.18048809782 20474.48358794632 6512.229891532114 6244.0888632735605 6236.426822826564 5262.899488502492 7004.739712330565 
372.994927463262 341.7287706582367 6609.894702847807 6604.110959047476 6603.521266595875 1216.429134172838 10012.19457247059 9783.482040464412 9770.946196578394 4080.851278061604 4076.3163556853124 36266.3023108297 36231.31150036317 36211.806695890176 26447.72772515639 26416.399573877967 26384.835492702732 24435.848374192145 20501.1723571454 20474.45494867206 6512.226476182037 6244.078860925809 6236.420665396338 5262.891000854583 7004.737153584794 
372.99472452646273 341.71659188571994 6609.894702847807 6604.110666196886 6603.521242994219 1216.4108596902615 10012.177220103755 9783.466385247011 9770.8842629856 4080.849445626379 4076.3131162895297 36266.11861447357 36231.31140936976 36211.795689621795 26447.659318931106 26416.305790210892 26384.82971558263 24435.811518387076 20501.144693751365 20474.45274981209 6512.222370913292 6244.0745004288065 6236.407134563693 5262.889772148029 7004.735216441655 
372.99445263936946 341.7074395246177 6609.888912257683 6604.110585506273 6603.521102615311 1216.3925251182281 10012.130576078065 9783.445472330248 9770.867050933824 4080.8452216840706 4076.309096947414 36265.49885535609 36231.31120623011 36211.7837353231 26447.59477555706 26416.226545026188 26384.81619659678 24435.811518387076 20501.133950724794 20474.434939092538 6512.220443706221 6244.066795298476 6236.399931590518 5262.884932695529 7004.731107755124 
372.99430496490277 341.7034901147856 6609.881564702219 6604.110530604909 6603.520918633328 1216.3556683180204 10012.115224399879 9783.422096521104 9770.858228967527 4080.8425582249265 4076.3069119056363 36264.91483738879 36231.31101911032 36211.763884969914 26447.553670341644 26416.167133268667 26384.788735861737 24435.796980782266 20501.1135662659 20474.419408252725 6512.217282227115 6244.058726031464 6236.378426436123 5262.88320041157 7004.726487220229 
372.9942528014783 341.70029277382105 6609.876852991568 6604.110419560001 6603.520889750348 1216.3270695435522 10012.115224399879 9783.416316146697 9770.822518608982 4080.8386938777585 4076.303866335131 36264.57316139901 36231.31071114127 36211.74280428949 26447.52366547436 26416.10859586427 26384.76777285662 24435.782721032323 20501.089185221965 20474.375597283575 6512.216096798464 6244.05583657618 6236.3666374093245 5262.8788841721325 7004.721403808506 
372.9938406291549 341.6917402925644 6609.865675405168 6604.109858451944 6603.520563086525 1216.278241229008 10012.082594533646 9783.414686202046 9770.803215808002 4080.832999139284 4076.303278926436 36264.37969608793 36231.31047551004 36211.70416783069 26447.44072781569 26416.002977097625 26384.761629633875 24435.750563936825 20501.081070926015 20474.36187626328 6512.211660912866 6244.052526290275 6236.359230512067 5262.87572189832 7004.720846850767 
372.99380250601143 341.68553141592747 6609.856150323549 6604.10972977469 6603.52052496876 1216.278241229008 10012.075183912246 9783.391439314684 9770.792187717394 4080.8308767965154 4076.2985979737387 36264.248929007685 36231.31019558852 36211.68459498173 26447.362376061123 26415.765878236907 26384.75551967567 24435.714572403995 20501.059585156316 20474.352771304017 6512.207886566385 6244.040285189531 6236.352042324831 5262.873667873909 7004.713759818565 
372.9931933085038 341.68341803657086 6609.841135666885 6604.1089069959 6603.520173342809 1216.253961814687 10012.055203099691 9783.384385894835 9770.774865239935 4080.82810035526 4076.2982111994424 36264.10159542422 36231.30949777765 36211.64151135363 26447.332446436678 26415.69814304789 26384.722320265795 24435.710447040565 20501.035391031397 20474.337327443147 6512.204388558904 6244.03283301801 6236.352042324831 5262.871298084868 7004.709239373849 
372.99239651666403 341.6776192454179 6609.838757841916 6604.108728384293 6603.520138358263 1216.1988130481213 10012.04895143928 9783.382982595826 9770.766635521612 4080.822133782145 4076.2938642679337 36263.46768287154 36231.30931062171 36211.62384618188 26447.29690615593 26415.62469787157 26384.710543396122 24435.6978449103 20501.01782795348 20474.325281089245 6512.201661666623 6244.024137939003 6236.333828735735 5262.870934310883 7004.694436170448 
372.9903062153953 341.6688932292543 6609.823916316408 6604.107985031382 6603.520060565515 1216.1813972416394 10012.03068185733 9783.368197492995 9770.748954438866 4080.8199002764704 4076.291281750746 36263.139072063 36231.30831532242 36211.61552657037 26447.210845361384 26415.589971750967 26384.648103686788 24435.67653288804 20500.984314391055 20474.29679043033 6512.198861449268 6244.01371939277 6236.31610815142 5262.866776790409 7004.692711266594 
372.9849682765457 341.6666009210269 6609.823114130091 6604.107658543194 6603.519880484255 1216.1610809699046 10012.018153135487 9783.365823356775 9770.747242037405 4080.8151292096245 4076.287987595795 36263.139072063 36231.30793265696 36211.569729846415 26447.164504223958 26415.5195422365 26384.62524876928 24435.66550219309 20500.967652562314 20474.28456126401 6512.192455722486 6244.008899805367 6236.296725864096 5262.857780165286 7004.68415977455 
372.9429995054179 341.6641798945641 6609.812446780084 6604.107544133748 6603.51974904308 1216.1544672278606 10012.00941038845 9783.351227920202 9770.730850270547 4080.806684263398 4076.286638724274 36262.62059970807 36231.30716531902 36211.54310687048 26447.1337773989 26415.433989133402 26384.59401730041 24435.604645092044 20500.942216289415 20474.25263194352 6512.189229046283 6244.008837572952 6236.283403034608 5262.850984123779 7004.68415977455 
372.77628113924516 341.6603182663114 6609.79150331923 6604.107275272248 6603.519667398329 1216.143298107043 10011.992120401093 9783.319434118413 9770.72835638596 4080.8042643384815 4076.284114821671 36261.99712781252 36231.30659008514 36211.51871570093 26447.098569011963 26415.421889606634 26384.531241782148 24435.580443610972 20500.904637029184 20474.24567600712 6512.18754010451 6244.005590619951 6236.283153491659 5262.849381729437 7004.684133234072 
371.99540504987 341.65817257405706 6609.78177286918 6604.107089098034 6603.519614396072 1216.1316952577426 10011.9890031153 9783.296646567127 9770.72302791648 4080.8031183741878 4076.2806898299023 36261.882251957075 36231.30623351168 36211.49363065727 26447.056769785602 26415.384197679643 26384.49277058582 24435.579322617534 20500.87020907517 20474.239860148555 6512.184229347428 6244.001159264911 6236.262432984371 5262.841542942228 7004.681638947011 
366.57711390741724 341.6550628086893 6609.779191122436 6604.106651560236 6603.519552760518 1216.1148274059042 10011.980371432 9783.273521553649 9770.71953983821 4080.800615327964 4076.2762129569483 36261.75292976313 36231.30617647353 36211.490414613 26447.00740941033 26415.35140212097 26384.476243283774 24435.579322617534 20500.852907341512 20474.229013342512 6512.180446131806 6243.991363123718 6236.253898089459 5262.838120701107 7004.671650191096 
365.12131026488896 341.65190848544466 6609.773977777023 6604.106563416107 6603.519514393484 1216.1031748923706 10011.971018773165 9783.243214522605 9770.717650533055 4080.797846746047 4076.2711461051213 36261.2496362548 36231.30599717993 36211.47368774393 26446.996463048363 26415.291834453852 26384.45384507348 24435.569918003486 20500.845856254993 20474.21248830993 6512.179144867478 6243.975166170359 6236.251731612112 5262.833802946947 7004.668022800046 
364.2894863492288 341.6495280369368 6609.760337757604 6604.106397216187 6603.51945932961 1216.0923136762867 10011.970995258212 9783.207235957863 9770.7083380184 4080.79517901672 4076.268490603241 36260.58050236665 36231.30583107351 36211.45610456692 26446.996439255796 26415.23995508103 26384.406491302885 24435.561727436532 20500.828523501525 20474.19597952285 6512.178167832179 6243.967058129026 6236.243552175603 5262.8320298725275 7004.664314201904 
363.924278924947 341.6474541029097 6609.755990844397 6604.106101696709 6603.519361496766 1216.0782763438056 10011.965066734898 9783.167678913842 9770.704519233353 4080.7942652920156 4076.265082081869 36260.50534668549 36231.305712273905 36211.42055737985 26446.973021523438 26415.205267103833 26384.345411246217 24435.503337472823 20500.813666505455 20474.163643088094 6512.175945422942 6243.949432526322 6236.234939739685 5262.828925110571 7004.664073645388 
362.243242238706 341.64665525824194 6609.743033351139 6604.1038321324995 6603.519330157635 1216.0730781192356 10011.961846768843 9783.1170940505 9770.688024288327 4080.788788127 4076.262629622941 36260.44824319776 36231.304654124586 36211.38262776948 26446.952975242883 26415.182697468717 26384.274103242136 24435.470333343674 20500.77066172047 20474.14387001264 6512.175882469609 6243.937466622287 6236.218677809623 5262.823602686119 7004.645951720482 
361.93610275823676 341.64576327835175 6609.737264116871 6604.098309030097 6603.519291425207 1216.0529778081273 10011.960591183977 9783.090375797941 9770.67147929129 4080.7876716747414 4076.255589355498 36260.05755560513 36231.30462556682 36211.3643367212 26446.934923863904 26415.12121064708 26384.242646656443 24435.397952688247 20500.743827394163 20474.11080476426 6512.172611392615 6243.919208798164 6236.218677809623 5262.822699000658 7004.645737777173 
360.9801277516153 341.6449522694079 6609.728699267603 6604.09765862551 6603.519193068526 1216.0373675724195 10011.958004789569 9783.066167499577 9770.638742122985 4080.785342355771 4076.250708469861 36260.035660331996 36231.30399680672 36211.35535983121 26446.90783114015 26415.075747487524 26384.22869832465 24435.359382853836 20500.7288802967 20474.08023027919 6512.168416996773 6243.90819555946 6236.210275374127 5262.819905874408 7004.625312175685 
359.56311720088934 341.64241790539086 6609.7110025904185 6604.0964666003 6603.519193068526 1216.0322640632248 10011.951245008553 9783.026515755737 9770.63513895256 4080.7834335292882 4076.2471481272187 36259.93728392909 36231.30375576922 36211.35377952493 26446.857416853818 26415.023342856122 26384.22537611228 24435.3114553218 20500.69151092598 20474.030813145302 6512.166385152195 6243.888872928987 6236.1977883047075 5262.816346435302 7004.622003791392 
358.8702253485558 341.6403368262868 6609.705315149112 6604.095536009587 6603.519154061573 1216.0120398324657 10011.949580471855 9783.025042700943 9770.618375564727 4080.780973257719 4076.243970357942 36259.72924132539 36231.30326971476 36211.35377952493 26446.83705737619 26414.99038364033 26384.171821546053 24435.288739538886 20500.681007355546 20474.023002356444 6512.164596001934 6243.883209869836 6236.194383596081 5262.8140219367515 7004.615142181932 
358.3271059651829 341.6393512796874 6609.705315149112 6604.094456892861 6603.519061365568 1216.004285272189 10011.947940105818 9782.994865008204 9770.604038884594 4080.7744947458186 4076.229652247038 36259.54642283734 36231.303049438684 36211.33634440749 26446.826616719423 26414.967361952375 26384.162096394026 24435.237288958913 20500.655004163174 20474.019367904686 6512.161154467082 6243.879368693968 6236.19344496692 5262.810797808365 7004.599591720174 
358.1494309547047 341.6358510731593 6609.700649004127 6604.092849401816 6603.518823906475 1215.9977248922519 10011.944573243429 9782.98559072605 9770.583777274582 4080.767652151324 4076.22179476199 36259.41297073804 36231.302957293214 36211.315877285364 26446.820588521427 26414.955414669133 26384.11479773577 24435.22938792915 20500.64874236653 20474.0051197366 6512.15784420287 6243.848640471448 6236.191112118727 5262.807174526787 7004.59855193234 
357.99569791019894 341.63165211671844 6609.688073924141 6604.092280367898 6603.518710254214 1215.9940619420659 10011.942072414688 9782.945100472312 9770.573675599866 4080.756033258078 4076.21633596681 36259.394092625276 36231.302666629985 36211.23233964881 26446.77883056561 26414.889042330607 26383.97605488015 24435.194968231728 20500.633765784354 20474.003247497854 6512.152454763377 6243.848640471448 6236.187810697259 5262.80112062504 7004.596628200139 
357.3971481649455 341.6261955656082 6609.681968580408 6604.090975296487 6603.518710254214 1215.9868632156831 10011.920256908945 9782.935479119567 9770.558999244815 4080.75290156964 4076.2109821103622 36259.19669649809 36231.30265778818 36211.23233964881 26446.746451230927 26414.850730310325 26383.951311951267 24435.18516423198 20500.596775471007 20473.984288105035 6512.146356531475 6243.838640549546 6236.18642865509 5262.797030617861 7004.591108318757 
357.3971481649455 341.6225565626555 6609.672368144605 6604.089900790208 6603.518595800005 1215.9837642024095 10011.910809883737 9782.925822032299 9770.543022024098 4080.7524733762593 4076.2066044714784 36259.15953290147 36231.30206542592 36211.211200024 26446.729624892854 26414.828187442927 26383.908019675062 24435.17401343578 20500.57883389996 20473.96677817829 6512.143549733124 6243.825003917285 6236.18307721007 5262.796094015852 7004.590829991033 
356.5035098905994 341.6219749011266 6609.666505086858 6604.088815298154 6603.518539847356 1215.975830375518 10011.901833047663 9782.912413410448 9770.528655785905 4080.7457532107446 4076.2039289432178 36259.01131907751 36231.30181307593 36211.19524595872 26446.67801197141 26414.821206927245 26383.85915146856 24435.1685393317 20500.558947088444 20473.96677817829 6512.13906140729 6243.810340010787 6236.176554949156 5262.794502753324 7004.587146783328 
356.1851495222029 341.6197972773484 6609.657310523477 6604.088120441723 6603.5183071385045 1215.9693099964338 10011.894057789812 9782.908932105966 9770.518519700889 4080.739134030795 4076.1962124919337 36258.93280915136 36231.30117951401 36211.17310663453 26446.669967495567 26414.79694436138 26383.85007297893 24435.146909688814 20500.55257034606 20473.955304330153 6512.13749441212 6243.8028855885805 6236.173695586304 5262.790629951781 7004.583722257175 
355.2330872622904 341.6185718153215 6609.642040593112 6604.086501382505 6603.518248417664 1215.965005183618 10011.890134153044 9782.892539976076 9770.506276086173 4080.73260792138 4076.194510703226 36258.89691985953 36231.30066918929 36211.1575816033 26446.636581724975 26414.703366348735 26383.779824819576 24435.133526410253 20500.534596635127 20473.943126463033 6512.131501610204 6243.792161988183 6236.169199597681 5262.7858824925315 7004.581869688269 
355.13579076527276 341.6164277092839 6609.633622421464 6604.08643041311 6603.518173578768 1215.9517344985152 10011.882712190465 9782.876634507922 9770.499673271293 4080.72884610467 4076.1890846807946 36258.7716460788 36231.3002086828 36211.14564773403 26446.494452395295 26414.67787244684 26383.757658880157 24435.113705700292 20500.513880678758 20473.92847646009 6512.131137390809 6243.787746290664 6236.162114508639 5262.784081622261 7004.5776613916805 
354.9587305752011 341.6105201498542 6609.633622421464 6604.08633668079 6603.5178568864685 1215.9479666183956 10011.881179521199 9782.872081666117 9770.488193368376 4080.7227538752404 4076.1853817550927 36258.68165845655 36231.29995932293 36211.128269278925 26446.478129813313 26414.666680892566 26383.749027928625 24435.087695991057 20500.513762251878 20473.927858624513 6512.128944115652 6243.777871819816 6236.150146070761 5262.778407088574 7004.576733133103 
354.01673683502395 341.6099039260255 6609.624938656639 6604.085723919765 6603.517792607579 1215.9445365829388 10011.871306675499 9782.870659131328 9770.47940883754 4080.7164551740907 4076.1825385030897 36258.68165845655 36231.29994151015 36211.10632854049 26446.447573113022 26414.663063972705 26383.70803860226 24435.061394278968 20500.480424095345 20473.89392418438 6512.1265180641685 6243.770984847567 6236.144297027086 5262.773954708506 7004.571653280174 
353.9166912293499 341.6048406268528 6609.618960758887 6604.084258738067 6603.5177061448085 1215.93389860846 10011.844909381954 9782.848367846886 9770.461819349073 4080.710415150136 4076.17911412764 36258.647343985875 36231.298891495586 36211.0576513724 26446.442121199936 26414.629520907612 26383.66432181462 24435.056890283024 20500.473532903845 20473.873325937704 6512.1249831568375 6243.766008723192 6236.142527577778 5262.7624827921645 7004.566919492478 
353.23563768910617 341.5998871623178 6609.607554657445 6604.083956870592 6603.517472607392 1215.9173289845048 10011.841554001006 9782.84758017593 9770.458044356152 4080.710415150136 4076.1737066102114 36258.62077640832 36231.298891495586 36210.95239307808 26446.4346962297 26414.605435824233 26383.627717177715 24435.04864368601 20500.425039911526 20473.859625716024 6512.119760506991 6243.747495190726 6236.136620059353 5262.7610267613245 7004.564408694798 
352.7662016698473 341.59424737518657 6609.6021626019465 6604.083368315086 6603.517422342505 1215.8937806888785 10011.837981919987 9782.818498380173 9770.450636278385 4080.70585442581 4076.173392726272 36258.58516940665 36231.29877545966 36210.95190973805 26446.37155908279 26414.559241292405 26383.59480265856 24435.037227976252 20500.363497952407 20473.85735840295 6512.115722087871 6243.744698502948 6236.128380821912 5262.7463321701825 7004.562966821635 
352.0541652642478 341.58641668056634 6609.599110584641 6604.082951584415 6603.517372066131 1215.8805488068838 10011.831069322967 9782.817762542567 9770.444821503013 4080.7004412197402 4076.1706999748812 36258.53045575166 36231.298529957 36210.90724585044 26446.369692880526 26414.556719356562 26383.592604964047 24435.01923648254 20500.342224923606 20473.854247552954 6512.11252756006 6243.739349394259 6236.126067252243 5262.745765135907 7004.555451447659 
351.9993574712214 341.58641668056634 6609.595781054712 6604.082425143093 6603.517174325745 1215.8738736939276 10011.830012265631 9782.80567679471 9770.43268985707 4080.7004412197402 4076.168689758717 36258.52127016979 36231.29828541025 36210.886945766375 26446.312641386867 26414.555357682468 26383.560711277245 24435.015369420325 20500.32567819564 20473.836321633185 6512.10612307118 6243.726611117283 6236.121527413609 5262.743945772871 7004.548569311419 
351.83901430595506 341.58634157995834 6609.591693279639 6604.082146684861 6603.517138650187 1215.8655818552133 10011.816820510228 9782.804452557602 9770.429084339452 4080.7004412197402 4076.1640182185192 36258.471212632016 36231.29808895092 36210.850921192854 26446.272533289128 26414.5344023115 26383.54518946514 24435.003695717154 20500.275920957796 20473.831390778367 6512.102968368391 6243.717052238253 6236.118906859656 5262.738717076543 7004.542130434951 
351.8090243230074 341.58129294819673 6609.585163827919 6604.081011576923 6603.517032749847 1215.8595847645238 10011.813331208426 9782.764147505262 9770.407770114452 4080.6947239316487 4076.159659101012 36258.46143231722 36231.297905747124 36210.81128917211 26446.20543317139 26414.517528875378 26383.51811617486 24434.998307603484 20500.26468898304 20473.80539472175 6512.09712591039 6243.703196942808 6236.117668466225 5262.733056756968 7004.540061787213 
351.6969172364825 341.5723429571474 6609.5814470016585 6604.080863970562 6603.5168921408585 1215.8546418437063 10011.804861533301 9782.7415626269 9770.38530555477 4080.6944982773675 4076.1523606287265 36258.436199058575 36231.297650932174 36210.80416414447 26446.160284222595 26414.50943048855 26383.504109535228 24434.986032108634 20500.226900924397 20473.790032022327 6512.096319942981 6243.700239322091 6236.115849841017 5262.723931448797 7004.535389356852 
351.6239940733608 341.5711310325644 6609.578123976924 6604.080787143004 6603.516821426144 1215.8521542495055 10011.804180798446 9782.740836717745 9770.379741795537 4080.6922477375338 4076.150801535983 36258.429677247135 36231.29727222691 36210.783266294 26446.13468658954 26414.479704949175 26383.47958010119 24434.973594928626 20500.20237863555 20473.758029979657 6512.090553076977 6243.688737488154 6236.111242377568 5262.7237951913785 7004.5283045356955 
351.54593139894587 341.56957958579005 6609.57394250384 6604.080361908464 6603.51677349467 1215.8419386602532 10011.797272476528 9782.732387139618 9770.372306004041 4080.6886924067676 4076.1495980979007 36258.3926342778 36231.2968418467 36210.760550140396 26446.12531777142 26414.471314363916 26383.46248165002 24434.962634469786 20500.193269017906 20473.713085305582 6512.087831178131 6243.666993573376 6236.103675445333 5262.7188910345685 7004.513073262475 
351.4744072415683 341.5628069632953 6609.563809364808 6604.0796321488515 6603.516566728339 1215.8335458156753 10011.79280899363 9782.707423645608 9770.368999580924 4080.6847382087 4076.144433018915 36258.32109658735 36231.2968418467 36210.71132531004 26446.04469364127 26414.446374467145 26383.44455991428 24434.957397143702 20500.154970887437 20473.683417840166 6512.084527475802 6243.659064328513 6236.103149104605 5262.715273151698 7004.509952502591 
351.46064482879615 341.5596148289203 6609.5623185529685 6604.079409363163 6603.516375272413 1215.8257796605553 10011.78750175993 9782.68975004819 9770.364371099859 4080.6834526273024 4076.141584437226 36258.24983820377 36231.29650068265 36210.68092389514 26446.009038675333 26414.41869059011 26383.421749991176 24434.95587230144 20500.146696842225 20473.66021317211 6512.078102952824 6243.6512447189225 6236.099084635751 5262.708274050198 7004.49687500342 
351.42848153849286 341.5563461160591 6609.557683314079 6604.079233531587 6603.516375272413 1215.8054578748952 10011.774532876412 9782.654905508973 9770.338186020928 4080.6804774080465 4076.1399006342326 36258.234396362415 36231.296388636576 36210.51889784049 26445.960731054958 26414.41869059011 26383.403344576247 24434.936375821664 20500.144200527775 20473.646637577393 6512.069443008615 6243.650101073604 6236.085507184567 5262.702223016338 7004.490730566566 
351.3926195824606 341.5481304638115 6609.540696608844 6604.078790454458 6603.516257755747 1215.7806256529216 10011.770636368574 9782.641980402437 9770.330745905994 4080.6766131335753 4076.138380689914 36258.220239692644 36231.29594025535 36210.43046183465 26445.928200021714 26414.41231244122 26383.387275803463 24434.926104221096 20500.093531745617 20473.623338795573 6512.069443008615 6243.649398965675 6236.080745389274 5262.694946510378 7004.483957439104 
351.3907529884741 341.54628241862633 6609.5353373246735 6604.078276075597 6603.5162182618 1215.7760134806276 10011.759064021164 9782.60789701672 9770.310636235754 4080.6757790266274 4076.134400949586 36258.19998724677 36231.29583885709 36210.39027421934 26445.89320149478 26414.404824411988 26383.354013227865 24434.926104221096 20500.03331548853 20473.616704059776 6512.062033012972 6243.632017435718 6236.077584297935 5262.68930488638 7004.476305384029 
351.34761257708897 341.5393560761222 6609.527222433017 6604.078210935893 6603.516099345619 1215.7709116995866 10011.729291169833 9782.607671165862 9770.300086490079 4080.6686169948925 4076.129977757263 36258.135007089186 36231.29537237419 36210.29392181569 26445.827615765644 26414.377208389353 26383.324945812114 24434.92205089986 20500.025897714284 20473.60821053209 6512.049425780135 6243.629523516012 6236.074621821945 5262.682224653265 7004.467932727097 
351.33312907227287 341.535687009351 6609.524506222844 6604.077820436998 6603.515978174753 1215.7642792347287 10011.701611173994 9782.58807147245 9770.276407389385 4080.664331378467 4076.1274653681076 36258.12116732478 36231.2953320425 36210.18753287914 26445.822582632118 26414.366624569124 26383.313379228995 24434.91713438014 20500.004673078005 20473.60347667699 6512.048887822851 6243.615722977717 6236.063324306685 5262.676869094117 7004.451640611411 
351.3162985451895 341.52963462972843 6609.518471883828 6604.077379195736 6603.515876618093 1215.748011002861 10011.686471844921 9782.553512883318 9770.272292894264 4080.659455607305 4076.1251153591375 36258.10707306902 36231.295034859446 36210.06947914184 26445.80918516005 26414.352653018068 26383.294300186335 24434.903680425406 20499.99750007218 20473.602456684264 6512.03775761747 6243.596251728304 6236.053518907303 5262.667463830026 7004.4469336633665 
351.28191931669244 341.5248072723334 6609.517515878474 6604.0765688639785 6603.515643607359 1215.74464154188 10011.676174715645 9782.547526048396 9770.26866434036 4080.653066810848 4076.1225284755665 36258.09729400925 36231.29491885547 36209.9952022575 26445.764474161795 26414.312796899645 26383.271912551187 24434.898243510142 20499.945188158606 20473.59804778068 6512.033033743443 6243.589070514462 6236.042510298943 5262.659749193428 7004.441385296217 
351.2539407924655 341.5153277298725 6609.51291526999 6604.075785368625 6603.5155742214565 1215.742362896719 10011.661280824106 9782.547526048396 9770.249410845387 4080.6510016024204 4076.1202964445274 36258.090062639734 36231.29472606233 36209.91707569543 26445.751047237663 26414.29534821494 26383.225421988154 24434.871433472734 20499.939930384397 20473.59304580651 6512.027024635554 6243.566935063659 6236.035760563349 5262.657661467575 7004.427872816454 
351.2470145390962 341.5130082223179 6609.502277808662 6604.075189424555 6603.515456710063 1215.7350991546637 10011.647953166532 9782.546764919876 9770.239557936775 4080.649847059987 4076.1120269009025 36258.02336330353 36231.29459590191 36209.855486832086 26445.73205058791 26414.217044134013 26383.205837974987 24434.842005397186 20499.934124158233 20473.584400167583 6512.020519487765 6243.555734687365 6236.023184184449 5262.650772788517 7004.419123349471 
351.2373877919663 341.5091335389907 6609.489612200418 6604.074441989407 6603.515352320532 1215.7295826147097 10011.639630977217 9782.538761267002 9770.225243890052 4080.648273300608 4076.1119970435666 36257.96460407106 36231.29439158993 36209.82452610541 26445.710981900815 26414.208656004375 26383.07744924278 24434.83118137713 20499.90521733496 20473.578758640746 6512.016727419763 6243.555622383336 6236.017614043847 5262.646930782631 7004.411579102578 
351.2255806777198 341.50890489178846 6609.484671812567 6604.074274384237 6603.515217256035 1215.7241689447642 10011.633801052098 9782.525684448266 9770.217022474906 4080.6448052010946 4076.1014965206814 36257.96460407106 36231.29415036537 36209.696344428434 26445.710019413855 26414.18625637257 26383.015411163495 24434.820725401136 20499.888990554977 20473.573043446104 6512.0097085061825 6243.5403390736965 6236.00937861525 5262.644840103887 7004.411329618204 
351.2205741522989 341.5068160806695 6609.4739639105 6604.074055216934 6603.515192059427 1215.7069263617677 10011.598251741656 9782.517344083546 9770.206224528449 4080.6389216988227 4076.099523398261 36257.932485786085 36231.294116286874 36209.68270746851 26445.70407692382 26414.14068850913 26382.97355337111 24434.795162110862 20499.874122090307 20473.566350462253 6512.0073270065495 6243.533934827171 6235.967479408843 5262.641079060267 7004.3989334429425 
351.20979296900623 341.50488617871406 6609.4684770664135 6604.07386444782 6603.515164635949 1215.6939016410133 10011.584379577953 9782.504237054905 9770.200816328841 4080.63597009559 4076.0903485955887 36257.92617406067 36231.293858233264 36209.65422861054 26445.692630997426 26414.136814784924 26382.897407164815 24434.74940137585 20499.85014461757 20473.563517336836 6512.000198118634 6243.524720109865 6235.966921272846 5262.632597055124 7004.394306825352 
351.2069387201718 341.50353744206996 6609.457014485499 6604.073380289932 6603.515045788895 1215.6729909665842 10011.568391870665 9782.500486372974 9770.195317652962 4080.6262804750513 4076.086304143604 36257.91108961975 36231.29357466909 36209.609496905396 26445.667295918396 26414.082083496778 26382.81467985339 24434.667144269515 20499.84944459253 20473.55640517184 6511.996955701514 6243.510267280732 6235.957448574108 5262.63180808769 7004.390223337552 
351.19740238604004 341.49926960093967 6609.452872452329 6604.073212780142 6603.514951056044 1215.6667389924073 10011.55869336571 9782.490663279304 9770.18651606704 4080.625887222057 4076.0831864056963 36257.87700070706 36231.293224600224 36209.56139877224 26445.654584170665 26414.067930329387 26382.787225846285 24434.667144269515 20499.818795803003 20473.543385159333 6511.994997582429 6243.491328676024 6235.949008808946 5262.6239910159475 7004.378672854262 
351.1973705830201 341.496981034496 6609.446482134841 6604.073005030643 6603.514805815845 1215.623977203326 10011.540914186951 9782.475973813647 9770.173958126514 4080.6208985146877 4076.072012361631 36257.868314189436 36231.29298238564 36209.52378590516 26445.637163817806 26414.050150945317 26382.776417447072 24434.63320057569 20499.779416679212 20473.537414576473 6511.992128936828 6243.49130233167 6235.932257469026 5262.62320919722 7004.3768639510745 
351.191068152689 341.49543951575583 6609.441897532176 6604.072701138043 6603.51469235481 1215.6185200166647 10011.528923442542 9782.461960988798 9770.17167672128 4080.614116252009 4076.0701515330984 36257.817214716015 36231.29219093365 36209.502680747886 26445.626826249132 26414.050150945317 26382.767190538543 24434.63320057569 20499.731478286507 20473.535246342028 6511.988193686223 6243.480222798967 6235.931443921033 5262.614292404339 7004.36975654528 
351.183604799294 341.49027978969934 6609.433433527768 6604.072274688153 6603.514673649165 1215.6152550050065 10011.484366692395 9782.45381971121 9770.153046707332 4080.6035467940737 4076.0651181824214 36257.79381296945 36231.29120570595 36209.457104309644 26445.59024747128 26414.019404667637 26382.746948391727 24434.606950341593 20499.658572626922 20473.505807119705 6511.983496365608 6243.466668621955 6235.906618010949 5262.613109149149 7004.368421893596 
351.18329062351586 341.4850435835933 6609.427863200357 6604.072094386861 6603.51463488192 1215.6067983065404 10011.467137009264 9782.433980920567 9770.136608286984 4080.596102035339 4076.060374694328 36257.77837461886 36231.290540661445 36209.44312365815 26445.580945613794 26414.01145348915 26382.7069416787 24434.598696529065 20499.645963595638 20473.503779273753 6511.980799646 6243.466668621955 6235.902828781851 5262.608402400885 7004.343348881099 
351.1615657307177 341.4843066438989 6609.422227146975 6604.071865571493 6603.514552224221 1215.603387795055 10011.461348705334 9782.430537158652 9770.135525664515 4080.5919304286426 4076.058013045995 36257.75467940142 36231.29036677466 36209.42602125106 26445.53940855226 26413.98224568852 26382.6996724831 24434.568298278245 20499.612582684702 20473.482394821865 6511.976073414806 6243.466668621955 6235.893932347114 5262.6055138016445 7004.338899618426 
351.0547455617025 341.4797880548433 6609.414253986355 6604.071450528778 6603.514456615869 1215.5958616737475 10011.44992676003 9782.430537158652 9770.13012950954 4080.5881101369214 4076.052515602847 36257.72828049035 36231.28953854838 36209.4140956316 26445.51065376247 26413.94449540083 26382.66771200597 24434.56770345475 20499.597456947224 20473.459475620777 6511.970608619436 6243.457784682484 6235.88761347303 5262.599811652353 7004.331399096132 
350.5689320003171 341.47698376080166 6609.396831341439 6604.071315789005 6603.514437365924 1215.5779763623896 10011.43869760741 9782.421023540077 9770.10010127662 4080.5831797120627 4076.047365861011 36257.70425986825 36231.28860111206 36209.39304804226 26445.50002255479 26413.918228588394 26382.66051615479 24434.50934510729 20499.583537165454 20473.43297994332 6511.961332567361 6243.451023015713 6235.886535317074 5262.591906688363 7004.323133258737 
349.6016504433221 341.4739995966688 6609.393406226215 6604.070988008982 6603.514378707102 1215.5648812232348 10011.424075679988 9782.412875503935 9770.082440262033 4080.582809327506 4076.0446818671608 36257.70425986825 36231.28810652634 36209.377844395465 26445.48312373051 26413.89503687335 26382.657693653244 24434.440729394293 20499.577043640016 20473.397793498538 6511.952296415295 6243.4427884253755 6235.880564096163 5262.585263583429 7004.320193587082 
349.3609109385811 341.4698258494634 6609.390650031836 6604.070515366979 6603.514345721264 1215.555051162296 10011.405220561277 9782.403041851667 9770.077896793693 4080.5761639346947 4076.04032144298 36257.68730317855 36231.28810652634 36209.35207316725 26445.47985994434 26413.883919920863 26382.656580717954 24434.384853678548 20499.512837333266 20473.366681417134 6511.947831106213 6243.435128996624 6235.877167564287 5262.583324305821 7004.314349435517 
349.3398590173508 341.46672801685054 6609.385256536295 6604.070263200034 6603.514291466694 1215.5251254015247 10011.404578737216 9782.397159375882 9770.063349828617 4080.575578195597 4076.0379815015285 36257.66731018369 36231.28744866527 36209.31282499385 26445.46346553421 26413.878132940095 26382.64336795042 24434.34346144659 20499.490890426434 20473.360658038742 6511.9451131600135 6243.43345345521 6235.875655026528 5262.582274839669 7004.309597717673 
349.1860155538643 341.4569622829508 6609.3807968758665 6604.069803496415 6603.514196546194 1215.485140642245 10011.383174479948 9782.389800958355 9770.05337964774 4080.5682161691066 4076.0322420799366 36257.64151607913 36231.28714066632 36209.22368960441 26445.442706609585 26413.873788930476 26382.611349839168 24434.279782193607 20499.484080595612 20473.351139286497 6511.936250720749 6243.429899379757 6235.862932799314 5262.561834112362 7004.303795091004 
349.11381061549446 341.4552497887523 6609.380653258228 6604.069163116934 6603.514143830485 1215.4262844705827 10011.376566556879 9782.373155636093 9770.04050036369 4080.5644050829833 4076.0303347297977 36257.606565058064 36231.286980596786 36209.20233849247 26445.433225479395 26413.855700646553 26382.569032541196 24434.188315077186 20499.454681974814 20473.343926719706 6511.931856620022 6243.424555818391 6235.861402391361 5262.551010769707 7004.301456433257 
349.02470734678855 341.4521231614867 6609.375924731909 6604.068922003432 6603.514124893753 1215.420182676064 10011.372360773348 9782.364282856723 9770.031062278043 4080.561833868798 4076.027574683566 36257.58072844012 36231.28667230714 36209.119764722265 26445.420108156046 26413.848765590734 26382.516398020744 24434.17948786933 20499.450969695576 20473.32615066911 6511.927382101479 6243.414141019759 6235.852650643169 5262.539652904158 7004.292708961744 
348.9415538357712 341.45085864482417 6609.374364084947 6604.0680862596955 6603.514115895302 1215.4193672060774 10011.366125609777 9782.362480472546 9770.028453635417 4080.5600916380126 4076.023591755791 36257.50715556471 36231.28658493622 36208.99189152825 26445.41573088252 26413.844429268513 26382.47002039734 24434.151399120452 20499.412990508954 20473.316346692674 6511.922979509137 6243.409313394239 6235.8456176692225 5262.533616013055 7004.28517673054 
348.8933694808336 341.44938985956674 6609.367044451903 6604.067516571579 6603.514060204455 1215.390163022611 10011.357168823452 9782.357868387555 9770.01559611765 4080.5552684503928 4076.017897221436 36257.44580494895 36231.28591776231 36208.97970287301 26445.34096522049 26413.83544621274 26382.433848763245 24434.086970243865 20499.411799473346 20473.306379162957 6511.9142166628835 6243.406267590156 6235.8376954205205 5262.524548630636 7004.283936080619 
348.8624788253085 341.448094782686 6609.366457683148 6604.066295476177 6603.514019325708 1215.3794864534093 10011.34962292464 9782.357868387555 9770.008076931668 4080.554691411926 4076.0116378097664 36257.40628097868 36231.285843613325 36208.9068617146 26445.324767289225 26413.8194589371 26382.387226014147 24434.084678617557 20499.394609453568 20473.302872231514 6511.910432428979 6243.399680588287 6235.8356255729 5262.521686200949 7004.270761354735 
348.76588644826825 341.4453099193313 6609.362991621654 6604.066081109392 6603.513985212369 1215.3789270388452 10011.33762511978 9782.355170122417 9769.99734802442 4080.5532326236607 4076.0116327674677 36257.38867561865 36231.28576394906 36208.87733202292 26445.305936582386 26413.807865400966 26382.36798820346 24434.051449389553 20499.349244426794 20473.28817884453 6511.907210158207 6243.391410403498 6235.833663645659 5262.514493617569 7004.264113652505 
348.6013739134271 341.4440627213653 6609.353228636536 6604.065188940685 6603.513915952651 1215.3436881309262 10011.329553236297 9782.333173320672 9769.98453595539 4080.55210272981 4076.009190092009 36257.35139301726 36231.28546506222 36208.80824687704 26445.28500471676 26413.7070439643 26382.34140093964 24434.018774112734 20499.32184271827 20473.252374215503 6511.900981242719 6243.384470927633 6235.824297434628 5262.511972618749 7004.260981581749 
348.5589898796511 341.4420724017698 6609.342948728196 6604.064916777779 6603.513841170427 1215.334935879508 10011.329036343484 9782.327884494043 9769.981521111169 4080.5483742553824 4076.007201118022 36257.34692204908 36231.28520564621 36208.796277822505 26445.21711224353 26413.646181431566 26382.296145837627 24433.972499120206 20499.30724310917 20473.24351096284 6511.897668155615 6243.381988544605 6235.820361846433 5262.496033048975 7004.260212077152 
348.44448576373634 341.44055905692676 6609.342842531579 6604.064518234645 6603.513657112577 1215.3091639673366 10011.32270117966 9782.327627949404 9769.972832610878 4080.547803201962 4076.005013084883 36257.31145820275 36231.28503162183 36208.71706953459 26445.206364334957 26413.630255028573 26382.274022138234 24433.922444190393 20499.261759251614 20473.23905942239 6511.89030485678 6243.3753209994575 6235.819555172933 5262.496033048975 7004.253496069661 
348.3702626074016 341.43962849284935 6609.341397637815 6604.063170072703 6603.513518878167 1215.3055653365768 10011.31945912429 9782.3186429441 9769.968195378728 4080.546577132458 4075.9993465528296 36257.291479800675 36231.28470731728 36208.70001553699 26445.18584619907 26413.585846211776 26382.254120176516 24433.914717112333 20499.248806099593 20473.20314994608 6511.877181700561 6243.366937772148 6235.817291355541 5262.478418298405 7004.2491092782675 
348.361319529718 341.4376513502052 6609.330106478355 6604.061990513204 6603.513331317369 1215.290799930859 10011.312848544614 9782.299615456253 9769.957784918308 4080.5452487670445 4075.9993003420786 36257.279739824495 36231.28419773224 36208.657283920795 26445.14339105162 26413.566578673293 26382.17654805287 24433.9090453377 20499.21232218424 20473.18507712855 6511.854657980821 6243.363147829467 6235.814897743066 5262.474373836965 7004.242250805812 
348.3078304583494 341.435987731732 6609.327407915267 6604.061447388768 6603.513238162015 1215.2821399780719 10011.311299742443 9782.281098889853 9769.947233383808 4080.5439887357206 4075.9953339225203 36257.257147732365 36231.28400818644 36208.64114924395 26445.109294057693 26413.56339601099 26382.17654805287 24433.88513136802 20499.20547975656 20473.167685701967 6511.846357379776 6243.358326044018 6235.813847037788 5262.468821258051 7004.24163486197 
348.2424654660915 341.43593881746347 6609.316611276649 6604.061055908207 6603.513222991683 1215.2782708196237 10011.302859156702 9782.272963763342 9769.938781664587 4080.5430371357616 4075.990699073026 36257.24041969941 36231.283833688176 36208.614757086405 26445.08703027453 26413.53710834576 26382.145007206942 24433.871935971027 20499.19372096746 20473.16303838861 6511.8366541444275 6243.353611543629 6235.810949963617 5262.467473505806 7004.240311035843 
348.2393726838943 341.4335985497373 6609.314306417313 6604.06088035985 6603.51314675732 1215.2739901454615 10011.29093667208 9782.271745808433 9769.934403002533 4080.541976645063 4075.9865168282795 36257.22333574299 36231.28375375371 36208.59365802145 26445.05699457752 26413.499148978142 26382.10407056988 24433.86835094626 20499.171674635047 20473.145008081578 6511.830702493169 6243.3450584175425 6235.80994120397 5262.464051799688 7004.237603939084 
348.1867820523389 341.43018762296515 6609.303969609726 6604.060290047289 6603.513133679716 1215.252054047317 10011.28094695985 9782.260420869154 9769.926104565164 4080.5381803913315 4075.9821183959903 36257.192977872495 36231.28356985398 36208.585011511175 26445.03269851471 26413.479933543767 26382.039014014576 24433.844940258157 20499.16579804309 20473.110281196048 6511.820767391849 6243.3406982965735 6235.807086111532 5262.4587290588615 7004.235175204707 
348.1818690652526 341.42890719077695 6609.285751046909 6604.05953314941 6603.513112061283 1215.2484332725217 10011.270187300297 9782.24977474203 9769.918754116867 4080.5375399065388 4075.9807536431745 36257.185284901716 36231.283463757936 36208.58344747348 26445.009689287624 26413.479933543767 26381.963154114845 24433.83751962239 20499.155278674643 20473.10341926996 6511.818076007485 6243.323697756724 6235.804824531137 5262.456558461808 7004.233228230212 
348.0925147010021 341.4271504708124 6609.280594238517 6604.059063265725 6603.513029355756 1215.2240114462138 10011.26694927343 9782.24485422782 9769.91440855244 4080.537020497517 4075.9778398187755 36257.16161537197 36231.283375816005 36208.50939244432 26444.97700829185 26413.466328090566 26381.8588101834 24433.826390686787 20499.146286387895 20473.058402251718 6511.8157858716295 6243.3174367985675 6235.800625176233 5262.4507489692405 7004.230060229394 
348.0737466204614 341.42431708335266 6609.273980466746 6604.059006744913 6603.512995597539 1215.215985507426 10011.25930155265 9782.244482072692 9769.91440855244 4080.5328298401546 4075.9747234033794 36257.131460845136 36231.283124062255 36208.50260783196 26444.958199458437 26413.42097027058 26381.79655179308 24433.772332227996 20499.141956312433 20473.03679605995 6511.811542233121 6243.298674562033 6235.789044380029 5262.446075740875 7004.227717252388 
348.0652099457852 341.42244428255435 6609.2689147783085 6604.058531463826 6603.512967350528 1215.214622029007 10011.24835665234 9782.23102599128 9769.908293706445 4080.5299219066364 4075.9722648820407 36257.12095572175 36231.28291439172 36208.390741391224 26444.908577954884 26413.325122004255 26381.773968362653 24433.76113515161 20499.11786346427 20473.02265036712 6511.811352442031 6243.287352161404 6235.789044380029 5262.44567393127 7004.226518842563 
347.97454438567024 341.4211133839726 6609.266967423188 6604.05825652683 6603.512889376051 1215.193141432017 10011.23710290657 9782.223842299394 9769.905180752121 4080.5261827808663 4075.9632366304213 36257.101035613676 36231.282626227105 36208.381770700085 26444.89830944705 26413.290588184784 26381.721138912802 24433.715603326684 20499.111077468366 20473.02159889184 6511.8054386445265 6243.283396822558 6235.782532278188 5262.442416681886 7004.225225979142 
347.96213477194806 341.4153128799421 6609.255940811241 6604.058132668909 6603.5128735582675 1215.1856953023853 10011.231181895912 9782.223440122763 9769.901179170844 4080.52151912931 4075.9590197164143 36257.09095672414 36231.28259812342 36208.32259278641 26444.883758605352 26413.258025593175 26381.711981320703 24433.704693402287 20499.100056790103 20473.002741830307 6511.7992430320355 6243.277638278149 6235.7801202500705 5262.439840267744 7004.217828740999 
347.8962863982497 341.4131222466385 6609.251448386992 6604.057760730482 6603.512734305034 1215.1748249960383 10011.22659672048 9782.214334825083 9769.88904760773 4080.516096668194 4075.956067319612 36257.08547468446 36231.28242740525 36208.28916830281 26444.822674061386 26413.219822852676 26381.683240021204 24433.692573666904 20499.07732607808 20472.967699505087 6511.795647903338 6243.25727683901 6235.774507014373 5262.424491007014 7004.210087148367 
347.8437390749432 341.4127854595008 6609.240839348391 6604.0576257044895 6603.512722151461 1215.1491290470694 10011.206101739117 9782.214334825083 9769.885785157958 4080.515908210713 4075.9469608540294 36257.06111584906 36231.281913742416 36208.25866813508 26444.79288852002 26413.17263573731 26381.651782556957 24433.660561838347 20499.06770867046 20472.955393130575 6511.788094792607 6243.255621403907 6235.769885522088 5262.41097501556 7004.203961155403 
347.8437390749432 341.41063844760583 6609.237134809906 6604.057252854225 6603.512649586968 1215.146793163623 10011.187700436929 9782.199244919011 9769.876719677075 4080.512189855868 4075.945468617181 36257.06085404426 36231.28189786489 36208.194388798824 26444.775095503417 26413.09893083091 26381.636930603257 24433.650640925265 20499.06033144904 20472.93848600602 6511.779792936497 6243.248595809405 6235.765865751322 5262.4049437783715 7004.1887446113615 
347.7617582202795 341.4067978517294 6609.228254959724 6604.057079358935 6603.512528677828 1215.1435163975975 10011.181810700205 9782.191804895878 9769.872389471793 4080.50514629636 4075.9372196992153 36257.04061224875 36231.2816773576 36208.179225390966 26444.75471718663 26413.076521041938 26381.608526867527 24433.638005199005 20499.04130451565 20472.892934812728 6511.7772247217945 6243.240182647919 6235.765511570474 5262.372688368396 7004.185175671504 
347.7235100333605 341.4067329303796 6609.218977424058 6604.05678850559 6603.51244816771 1215.1390740136617 10011.170295449972 9782.190030903108 9769.86572253305 4080.5047410784173 4075.9267418304544 36257.03203659122 36231.2816585433 36208.065792037734 26444.738243293174 26413.047098860075 26381.58337184008 24433.624488783993 20499.033220019945 20472.887332962895 6511.772913566806 6243.229093131653 6235.757943142715 5262.360489460495 7004.1780241246815 
347.6827840512003 341.4054862957141 6609.218977424058 6604.056323706498 6603.512369621729 1215.115965093576 10011.131386552745 9782.16554873662 9769.858434250362 4080.5020546182886 4075.9219925918605 36257.02520754542 36231.281559668096 36207.98714974294 26444.674380860495 26413.029134387605 26381.570423089204 24433.607923345797 20499.00899590706 20472.882057395287 6511.766165782991 6243.210385911844 6235.751376306539 5262.344679742052 7004.174400491018 
347.6608536384342 341.4041373331802 6609.20453586442 6604.056193354843 6603.512313681764 1215.1010617993788 10011.120245993752 9782.152986093017 9769.852994813778 4080.497773207051 4075.914883516334 36257.00270368986 36231.281405347574 36207.870047696975 26444.65985932658 26412.975546617505 26381.56840460066 24433.601887578836 20498.99488461222 20472.873695884344 6511.764932811856 6243.20263135015 6235.748865046972 5262.342335607605 7004.170525512243 
347.59103566237195 341.4007547259014 6609.196757600846 6604.055401304104 6603.512272820786 1215.0953761501478 10011.101626817075 9782.114467935933 9769.84656439865 4080.4932031809694 4075.9102120048365 36256.99539385042 36231.281153019954 36207.84132683373 26444.630526391968 26412.925411547254 26381.54716226855 24433.583734838812 20498.975162806586 20472.867265669363 6511.754620399767 6243.196827855604 6235.7441000934 5262.324725286512 7004.1650622551715 
347.57843702422133 341.3995121202929 6609.190129248716 6604.05489967235 6603.512073679735 1215.0888752834076 10011.101626817075 9782.089213147707 9769.842927931966 4080.4877212861866 4075.906575308607 36256.98899294235 36231.2807869944 36207.75349449615 26444.577209701987 26412.86466525742 26381.53714557765 24433.54890653277 20498.9738533781 20472.8361057052 6511.750399138526 6243.192212524307 6235.742562779964 5262.308644330384 7004.160830039995 
347.5493012758561 341.39661149911217 6609.180379480101 6604.054621440288 6603.512000626439 1215.085590531644 10011.072212752328 9782.070555710054 9769.835944307883 4080.4846699914942 4075.906102660856 36256.97707275375 36231.28059970377 36207.70449179739 26444.51870306533 26412.8263155215 26381.527259014492 24433.513154558314 20498.964487503454 20472.80333058384 6511.7418725212865 6243.182636654636 6235.738991900821 5262.302012596926 7004.156790310539 
347.52396366147445 341.3956610802345 6609.175634376881 6604.053089165199 6603.511795806001 1215.079184538146 10010.994248217317 9782.06610177246 9769.825701426798 4080.477550586076 4075.902499458386 36256.96894276913 36231.28055035569 36207.68932130613 26444.50405457671 26412.798177154342 26381.469463108697 24433.460947442156 20498.94992488553 20472.796338662425 6511.740977181919 6243.170104088366 6235.735670838032 5262.274966459904 7004.155064505998 
347.51801975635203 341.3956452386117 6609.1611780029625 6604.052684575929 6603.511730864996 1215.0598496822254 10010.96319698501 9782.054499173484 9769.82072271995 4080.470985569502 4075.8995954055563 36256.961074643106 36231.28029376604 36207.63683310452 26444.46023137844 26412.77312999214 26381.431401587422 24433.460947442156 20498.9449288953 20472.78693187624 6511.73473587783 6243.162756111406 6235.726013406163 5262.274966459904 7004.146798339743 
347.49825392994626 341.3940017692221 6609.142489951984 6604.052249567623 6603.511577431177 1215.0564043160593 10010.955082944833 9782.03025374904 9769.808911022552 4080.467043065588 4075.895679315673 36256.94601325008 36231.27975893356 36207.620072028636 26444.414885283877 26412.76874475725 26381.39906405372 24433.412878036335 20498.92938129682 20472.769566412207 6511.730655503549 6243.150901228088 6235.723110628547 5262.271869242286 7004.14535575734 
347.48917799075434 341.39230941310416 6609.132866946026 6604.052112471137 6603.511488515157 1215.0556212248566 10010.934450793735 9782.011545913627 9769.805542444074 4080.4624692421185 4075.895679315673 36256.94479205384 36231.27942662511 36207.592388827194 26444.397095430322 26412.76433399926 26381.305028972627 24433.39850035626 20498.924316194916 20472.76290013904 6511.727288153577 6243.131094175025 6235.710940923081 5262.2575805687175 7004.134663619392 
347.4749294436315 341.38913893785207 6609.099715729739 6604.051710735813 6603.511412927502 1215.05222165341 10010.934450793735 9781.982080683303 9769.790892083733 4080.460724051073 4075.8939789802744 36256.93278190745 36231.27888027883 36207.44457849665 26444.37378208292 26412.749895806683 26381.217087163357 24433.36781080328 20498.912707684147 20472.741215664777 6511.720812925439 6243.125881665471 6235.687673064255 5262.2363403574145 7004.124460206949 
347.4717055050005 341.38771165797925 6609.099684361194 6604.050927961224 6603.51124194892 1215.0440162332147 10010.934450793735 9781.974624277615 9769.78942514975 4080.4565793144666 4075.8922887988283 36256.8456325972 36231.2785750586 36207.36587478529 26444.36998809072 26412.725026771088 26381.20747154254 24433.349147834902 20498.898439313016 20472.72271932166 6511.713369551498 6243.113084307555 6235.677441516902 5262.220511338907 7004.122155419474 
347.4627865668658 341.387686309959 6609.091679755296 6604.050344736371 6603.511210806513 1215.039841279926 10010.901893947217 9781.95785455579 9769.782965457041 4080.449570863623 4075.890529351571 36256.71874293523 36231.27841895097 36207.282031670766 26444.362612798097 26412.724071615736 26381.11342807146 24433.336398249518 20498.873685827642 20472.715701396468 6511.706397656028 6243.104463991597 6235.665363168855 5262.2064228996105 7004.11705260618 
347.4561554793686 341.38555965547016 6609.091679755296 6604.050322462308 6603.511101306959 1215.039373304257 10010.897684645957 9781.95785455579 9769.766576236154 4080.4481971657697 4075.889404740492 36256.6884900044 36231.27830593627 36207.184793393986 26444.354327702844 26412.701934763787 26381.091695401094 24433.31714951005 20498.846297041306 20472.712050961803 6511.701448326519 6243.100236403078 6235.66351107228 5262.196141173556 7004.110862008492 
347.4491418596913 341.38412134003147 6609.080861113591 6604.049608315435 6603.511078152149 1215.0341010191783 10010.86858584292 9781.942713836565 9769.7620506862 4080.4418329696546 4075.8862265873304 36256.63235044911 36231.27782030378 36207.09302877431 26444.33830036742 26412.687087086655 26381.05149728674 24433.3106393969 20498.812850024762 20472.684191688524 6511.69046341463 6243.080239277893 6235.645700377011 5262.189127921672 7004.110092557117 
347.43558539898004 341.38273147440555 6609.0705971469615 6604.049159706583 6603.51103872793 1215.0301639611462 10010.842966253487 9781.939364254384 9769.750068184718 4080.4365609677316 4075.8836449638084 36256.57873480871 36231.27731763588 36207.09302877431 26444.32188156161 26412.66863072326 26381.01970097631 24433.244827638944 20498.812057301446 20472.660601603417 6511.69046341463 6243.072180122185 6235.634481740749 5262.185370245622 7004.105705242868 
347.43354491575724 341.38041762043895 6609.063473251708 6604.048420745841 6603.510939028099 1215.0254039476513 10010.825052183325 9781.922805909691 9769.736389413838 4080.434689792415 4075.8824529362337 36256.55067084272 36231.27704162841 36207.04313366251 26444.292592872964 26412.630374213066 26380.959016024244 24433.240655271882 20498.801674946957 20472.640625206524 6511.689078416449 6243.053589794215 6235.618235272247 5262.175865587429 7004.097004776211 
347.43138760738566 341.37878080829364 6609.060409718652 6604.048160746957 6603.510872599043 1215.0244188202223 10010.742789459007 9781.907645060088 9769.722996391081 4080.419873367062 4075.8805996266365 36256.51906342673 36231.27692896431 36207.03808844031 26444.249980138087 26412.623009119794 26380.93926808833 24433.213930636757 20498.77002754202 20472.600144118573 6511.679002841293 6243.0409736018955 6235.592242958628 5262.166875461877 7004.088617124404 
347.42728937221636 341.37624662529424 6609.051820283554 6604.047866371199 6603.510851115393 1215.0134504036332 10010.74184298354 9781.904926771871 9769.710733614871 4080.4143233898194 4075.878361320516 36256.50062504374 36231.276747036274 36206.96741096128 26444.19928589457 26412.616649938587 26380.889134221336 24433.163058175774 20498.74003438432 20472.594279472058 6511.671970852487 6243.019960756881 6235.574942787878 5262.165584958532 7004.07821694308 
347.4237602226988 341.37561353483215 6609.045661538227 6604.047258290271 6603.510763373539 1215.006032854234 10010.694763867754 9781.899063847039 9769.710733614871 4080.413805477576 4075.8716188126527 36256.48134911292 36231.276474665516 36206.95449446697 26444.173662899724 26412.576627756433 26380.766828672764 24433.158550061326 20498.727441497198 20472.558109429723 6511.662300423219 6243.017741082686 6235.572250309876 5262.16097554785 7004.069888396549 
347.4185412074826 341.3736304782151 6609.0318217626045 6604.046715348628 6603.510681541797 1214.951948403269 10010.636327629642 9781.871110280188 9769.701344897123 4080.410486557692 4075.857867816422 36256.47345418395 36231.27620356244 36206.93022923558 26444.134756440842 26412.5446484998 26380.766828672764 24433.13910965043 20498.699715579267 20472.523728066786 6511.66013037532 6243.013637320135 6235.553403246681 5262.157760004392 7004.059245613622 
347.41766159944837 341.37160061116583 6609.023101123456 6604.046620963595 6603.510638119349 1214.9304955397147 10010.631367356678 9781.864884835057 9769.696217716815 4080.4081127947593 4075.839410743465 36256.4602462955 36231.27601253258 36206.900660156694 26444.054518020497 26412.5446484998 26380.715799874542 24433.134665315007 20498.6564050595 20472.521495183526 6511.649810527394 6242.9976049290535 6235.5439156994535 5262.155841697989 7004.056981432284 
347.4157944620956 341.3704246471077 6609.017732899704 6604.04651685816 6603.510443687293 1214.9253166000576 10010.606687549025 9781.854161796246 9769.69600751861 4080.4048626774465 4075.828374726487 36256.38250832622 36231.27577596069 36206.880177581865 26444.047763848965 26412.509990753235 26380.621056904267 24433.10354778745 20498.63627595478 20472.514920186677 6511.623522850404 6242.98697889645 6235.528864257981 5262.152842090734 7004.030334533851 
347.4109183217897 341.3688124414589 6609.014918195392 6604.045191363176 6603.510339179436 1214.8871633920926 10010.595728308072 9781.840131827463 9769.688693168562 4080.402820919434 4075.826503453227 36256.32550847176 36231.275482824356 36206.84603866959 26444.008116845416 26412.48804293996 26380.613557269488 24433.062160010664 20498.611093723488 20472.501049157658 6511.609791575692 6242.981840304759 6235.510939532939 5262.149425387059 7004.0100138294 
347.40887567252435 341.3676688627338 6609.007974510065 6604.045150690624 6603.510209169855 1214.8703584954505 10010.5724906824 9781.813823225122 9769.685870806072 4080.3970189220017 4075.817666723544 36256.30645970059 36231.27530258117 36206.79930399485 26443.981944860945 26412.434635249865 26380.60181903832 24433.020616943257 20498.572562839137 20472.475444039326 6511.599756276913 6242.970273756219 6235.503720925853 5262.14274570758 7003.989468470561 
347.40740372815344 341.36642572888195 6609.005712513098 6604.045027892917 6603.510209169855 1214.833687057102 10010.553296500691 9781.813515900583 9769.680902482252 4080.3970189220017 4075.8098657208957 36256.292761773395 36231.274980202914 36206.79838313222 26443.972300690122 26412.41075937802 26380.569239513294 24432.984483229953 20498.555163279678 20472.460593668035 6511.593459139286 6242.959842885236 6235.499455079737 5262.137533651141 7003.9836466860925 
347.4068771833008 341.365344188162 6608.994039130628 6604.04481825393 6603.5100763785085 1214.8294163303608 10010.528613116103 9781.779903462575 9769.6795931301 4080.3938551990304 4075.804022278575 36256.25129000689 36231.27482418818 36206.784780966584 26443.94745348234 26412.405415253987 26380.522019231055 24432.942877569996 20498.531675194976 20472.422651993933 6511.593459139286 6242.959280878792 6235.477969831829 5262.1336738755335 7003.9741109386705 
347.4059638506144 341.3626643992743 6608.981767886045 6604.044533961284 6603.510076147879 1214.8032957428259 10010.504965960201 9781.75583517476 9769.673771336626 4080.3869147720106 4075.8007180665627 36256.22641411438 36231.274374198234 36206.783298784925 26443.92106849531 26412.374019107978 26380.457116471625 24432.9167991905 20498.460932721715 20472.3910517285 6511.593164136245 6242.946031046843 6235.475398591405 5262.125978165982 7003.968199181629 
347.4022279778776 341.3617296930329 6608.970679972136 6604.044415343534 6603.509930387408 1214.7847480408968 10010.494521922688 9781.75210785163 9769.669276833883 4080.3777776061943 4075.7931871838928 36256.21714044286 36231.27419551797 36206.7641314243 26443.910312813372 26412.341386803204 26380.447080340105 24432.906184529904 20498.434901870725 20472.347487706345 6511.581488475455 6242.941988500519 6235.451489565603 5262.115141649078 7003.963088076187 
347.4009723489294 341.3614133451367 6608.964591020188 6604.04412759912 6603.509745947063 1214.7589520222682 10010.491640916489 9781.729113213847 9769.66482579854 4080.3762617235516 4075.788236527137 36256.1733151533 36231.27399186103 36206.743312661696 26443.829077656246 26412.308204186123 26380.391847412484 24432.892117889558 20498.385259847324 20472.343800947398 6511.576576402342 6242.9320436218895 6235.436886587614 5262.113362269149 7003.9547524123955 
347.3996066798063 341.35762423688675 6608.962322971568 6604.043889504409 6603.509552338882 1214.7452101091158 10010.480950255424 9781.707498415964 9769.662483706155 4080.374227157785 4075.7857499676848 36256.15567947715 36231.27336463607 36206.73873477455 26443.739860727066 26412.28387644083 26380.366955860314 24432.879268521043 20498.371775237167 20472.313837680507 6511.567134501357 6242.926991222855 6235.428673095877 5262.111046084525 7003.947847370739 
347.3968874288548 341.3572271120297 6608.954974125507 6604.0436627355575 6603.509452113654 1214.7014137729761 10010.464171676436 9781.69058328205 9769.624906871935 4080.3676502754033 4075.7838207241475 36256.10505127219 36231.27290292216 36206.66648992643 26443.717905313544 26412.245439741713 26380.291289335877 24432.86086849272 20498.357692411668 20472.265439914627 6511.559013385568 6242.9218712937745 6235.412306067995 5262.109401416647 7003.947062200223 
347.3955192815356 341.35586034538005 6608.948248810218 6604.043551691116 6603.509362098423 1214.6661436917784 10010.447069550868 9781.681412853386 9769.6222708527 4080.3653399737887 4075.7806784931745 36256.06116271437 36231.27272716718 36206.64433636245 26443.694954160434 26412.200025267794 26380.26806210088 24432.86086849272 20498.325676818153 20472.239324339676 6511.552560618625 6242.920195349534 6235.402158033793 5262.108793327292 7003.939024314632 
347.3955192815356 341.35359847030963 6608.9403833066945 6604.0432169501555 6603.509342868403 1214.647173124603 10010.439940512979 9781.668625467511 9769.621595729483 4080.358008746305 4075.773571261897 36256.04963336178 36231.27236620509 36206.61383748605 26443.654202311962 26412.200025267794 26380.23496452658 24432.85377730492 20498.32418063759 20472.228259186933 6511.538923633168 6242.912168862196 6235.386498712904 5262.105646731703 7003.930825446492 
347.3946687561436 341.349788350135 6608.927808935906 6604.042873483635 6603.509280477655 1214.6356812147678 10010.411263801141 9781.662179365345 9769.615962775231 4080.355526620151 4075.765892501957 36256.00408900684 36231.27230655426 36206.552474234406 26443.621979952066 26412.145917733003 26380.1616596241 24432.838983844853 20498.29657287637 20472.18755526763 6511.526733978574 6242.911841379756 6235.377207383322 5262.104474228217 7003.92429335276 
347.39336072349715 341.3480533702009 6608.9262059991315 6604.042682626268 6603.509190835702 1214.6322093428698 10010.40082793839 9781.639500580808 9769.613485090464 4080.3505811799414 4075.7588301919704 36255.942838261464 36231.27189703906 36206.505964802505 26443.621979952066 26412.086580777686 26380.125934478652 24432.834268666087 20498.28654551284 20472.17276037862 6511.5154119036315 6242.90506780001 6235.376917953122 5262.098249445756 7003.9169492835135 
347.39191246559994 341.34445638228317 6608.92251900298 6604.04237635417 6603.50916302582 1214.624063219234 10010.394983298665 9781.624113594067 9769.604387721241 4080.3426747135545 4075.754836215625 36255.91606127959 36231.27129522705 36206.500142180725 26443.608916233807 26412.03441304225 26380.101773406583 24432.811652717875 20498.276692133277 20472.109948265737 6511.50040758853 6242.903686585307 6235.374434960489 5262.09700821544 7003.913148511419 
347.3907842970568 341.34445638228317 6608.9194022279635 6604.041016267285 6603.509144378202 1214.5979985042968 10010.36159641091 9781.613146455986 9769.602722387446 4080.335505285384 4075.7521877221443 36255.744681327924 36231.27103329083 36206.45056071441 26443.595215379923 26412.022630569772 26380.080022888917 24432.775485211365 20498.257343603393 20472.039353819287 6511.484867828505 6242.901005045224 6235.369386843139 5262.095650397446 7003.90334234635 
347.3896897755924 341.34124276309194 6608.913727183928 6604.040113265628 6603.509108388164 1214.5843486616004 10010.345211675198 9781.605280268097 9769.598275976947 4080.318305782812 4075.747932549175 36255.71941551822 36231.27081724433 36206.400909993295 26443.585775372427 26411.97553641213 26380.075015544364 24432.763869278628 20498.24435258151 20472.039003570702 6511.484867828505 6242.894518202433 6235.363434183569 5262.092838982771 7003.897591925906 
347.38866570412574 341.34119727642246 6608.896805331892 6604.0398087338945 6603.509082180824 1214.5550748038995 10010.333690091285 9781.601830511852 9769.590661612709 4080.3114763561534 4075.7458845285764 36255.69103919298 36231.2706685416 36206.3094697928 26443.562024369425 26411.947305680493 26380.063433268107 24432.734524572694 20498.22605545268 20472.015675239865 6511.484536978282 6242.890494902814 6235.356981779092 5262.083659845549 7003.89197911241 
347.38633932608377 341.3371019351903 6608.885976812993 6604.039056446783 6603.509056401656 1214.5299508737735 10010.316757209184 9781.583457974735 9769.568648739501 4080.3044805748123 4075.742174771054 36255.65532399199 36231.27021998859 36206.2436876473 26443.545425763663 26411.936814933557 26380.019041180738 24432.719585793733 20498.19122409136 20471.88651417123 6511.47988330443 6242.881616188933 6235.352770253071 5262.083659845549 7003.888783082435 
347.38566064563224 341.33470553540474 6608.8826614524105 6604.038530530522 6603.509007711579 1214.52654112977 10010.292077433636 9781.580750085483 9769.561869740459 4080.303530358591 4075.734121982394 36255.596058789764 36231.269925059765 36206.19623770258 26443.528149858055 26411.906428882627 26380.00579049175 24432.692724635122 20498.17780773455 20471.881761456458 6511.473897489158 6242.863567244053 6235.346284312408 5262.078639979015 7003.881186520519 
347.38503578217114 341.3336100434949 6608.864136579778 6604.036767480893 6603.508981676605 1214.5034484534326 10010.292077433636 9781.577940619434 9769.551684806136 4080.2862388790236 4075.7316264604005 36255.523621638466 36231.26968401514 36206.18683404731 26443.48668538393 26411.86620507892 26379.985243274266 24432.686055725942 20498.17264813951 20471.846937396644 6511.47317354202 6242.84586492185 6235.344436896071 5262.077144044022 7003.8691599171 
347.3844704202754 341.3333823710416 6608.85502392315 6604.035455795322 6603.508942447173 1214.4821213029072 10010.260681519358 9781.565847460717 9769.534935428643 4080.268096162583 4075.730663200232 36255.479059509285 36231.269246802935 36206.16002518482 26443.48516014441 26411.847539320348 26379.964118619646 24432.633092834683 20498.147437125637 20471.835080324203 6511.468620159788 6242.845142955156 6235.321178898943 5262.073506418961 7003.859145643033 
347.3844704202754 341.3326556307868 6608.8421834047995 6604.034879266283 6603.5089220528735 1214.4794794208738 10010.241651426997 9781.557761792963 9769.529627085989 4080.2509247714006 4075.72331045987 36255.42334624494 36231.26797393115 36206.07212174454 26443.478282188844 26411.828027964315 26379.926390961187 24432.623654821746 20498.103289749342 20471.81671743356 6511.458997766485 6242.831337829611 6235.320397063672 5262.071046167396 7003.847620816672 
347.3833525690809 341.33238188993346 6608.817298016416 6604.03318424462 6603.508907615198 1214.46767741874 10010.225166410613 9781.55601903518 9769.523880901505 4080.250222282006 4075.7193301009975 36255.38077046318 36231.26784471038 36206.03913813289 26443.45950767184 26411.80665680873 26379.896456221635 24432.59647051917 20498.10190440578 20471.8000665666 6511.455592647107 6242.8295978517035 6235.319495078902 5262.062833888064 6637.261867973296 
347.38212248016407 341.33199139524004 6608.809412480735 6604.032961004847 6603.508902366002 1214.4547573941254 10010.200712250644 9781.54805037 9769.51163517329 4080.235612958776 4075.716069014612 36255.24631184597 36231.26726502129 36206.02004164986 26443.45329284678 26411.80665680873 26379.874469266433 24432.583305134813 20498.063120222727 20471.791736826024 6511.448066832491 6242.822099528555 6235.31485253489 5262.061362980883 6627.875942331068 
347.3811878536967 341.33127559088985 6608.801609331667 6604.0323182466045 6603.508835075006 1214.447006606083 10010.194784852702 9781.545221248874 9769.502453831923 4080.2316611530086 4075.7147852030485 36255.18749595369 36231.267029309674 36205.95512815226 26443.4491186338 26411.797814446993 26379.855694658087 24432.54926845045 20498.01244842834 20471.765733636432 6511.437061528545 6242.818127802143 6235.299827469188 5262.057055840529 6585.316465660089 
347.37937260879266 341.3304144253657 6608.797365782815 6604.032124243035 6603.508784191962 1214.4340065854776 10010.194784852702 9781.53557325347 9769.497980580085 4080.225288978546 4075.712931340513 36255.11064083942 36231.266465307934 36205.914311389955 26443.444567966944 26411.777604014886 26379.82203023061 24432.525622595556 20497.95824525608 20471.745180282753 6511.4324620506895 6242.814999713215 6235.298200334281 5262.055605653205 6585.316465660089 
347.3787462587434 341.33012591166903 6608.778873867795 6604.0316103326795 6603.508736772615 1214.424619375377 10010.181561258458 9781.533826906345 9769.48101403651 4080.22202921816 4075.7094172540556 36255.009262439446 36231.26584996022 36205.88667448461 26443.435860332924 26411.735492409458 26379.82203023061 24432.502226422184 20497.945761427112 20471.72286511166 6511.421520801106 6242.806679772018 6235.29156055207 5262.054204350596 6583.798070828289 
347.3776405335425 341.32949603757606 6608.764427687915 6604.030470859005 6603.5086466887915 1214.3992098352896 10010.179748055882 9781.525075499245 9769.470541672747 4080.214991364579 4075.707384923304 36254.89577518446 36231.265660618636 36205.86245166741 26443.424811221397 26411.68617294664 26379.81701476656 24432.458436500154 20497.91855394476 20471.701222619366 6511.414646458918 6242.798350771788 6235.280303593841 5262.045883653093 6579.697845046529 
347.3774499039416 341.3292053793821 6608.760861177307 6604.030149118724 6603.5085012743875 1214.3658273312408 10010.17665841734 9781.521701084066 9769.463813997238 4080.2021843237726 4075.7057728285326 36254.8855415451 36231.265275606784 36205.83107775592 26443.358168600927 26411.68617294664 26379.794357697494 24432.454912066565 20497.91216010852 20471.692250201817 6511.411718882155 6242.795280234136 6235.277194180857 5262.04431555135 6571.795006046739 
347.3766484864075 341.3287260427219 6608.756077655036 6604.030149118724 6603.508395828831 1214.3471748579477 10010.171760022931 9781.51551304595 9769.450070022565 4080.2021843237726 4075.7033646890322 36254.80370798132 36231.265207661316 36205.79709311161 26443.328141019527 26411.677614524466 26379.77046494445 24432.437480720026 20497.889179510676 20471.676454313638 6511.407150979757 6242.790641268422 6235.2690487711625 5262.043418693408 6571.569868039879 
347.37599572545014 341.3284106659039 6608.7410545368575 6604.029755024852 6603.508306784501 1214.3307798797023 10010.162926805373 9781.51551304595 9769.435906683493 4080.1914562392885 4075.697382130208 36254.74017502396 36231.26444174964 36205.76514413959 26443.281441375057 26411.659979859076 26379.734972175254 24432.420033630577 20497.853921712805 20471.653228219748 6511.400617116537 6242.788245165059 6235.2690487711625 5262.039241241973 6564.49441815369 
347.37529592910687 341.3280503957883 6608.729575695525 6604.029398017471 6603.508228281728 1214.2955924526464 10010.156367967702 9781.508552151254 9769.415565986237 4080.183729593802 4075.6958299960006 36254.68185237326 36231.26444174964 36205.7433938575 26443.265019776838 26411.64241904667 26379.67891038384 24432.3967343137 20497.828770453583 20471.64168266139 6511.3943161674 6242.786044744627 6235.263919185546 5262.035821279459 6552.308460292602 
347.375280580286 341.32773046882585 6608.715181593043 6604.029063557366 6603.5082095464895 1214.2768930836337 10010.14961971701 9781.507880951442 9769.40395067686 4080.1733838794044 4075.689585231161 36254.65434140054 36231.26383686773 36205.68445854952 26443.23726130426 26411.620517014475 26379.665781727104 24432.37667148413 20497.775397478777 20471.632912322777 6511.38902382 6242.783576456496 6235.253575642133 5262.032166374259 6550.670104443837 
347.37483306334616 341.32723761528405 6608.702617031174 6604.029043589534 6603.508057411281 1214.270940921274 10010.14065111404 9781.50305987639 9769.398912388624 4080.1698982976195 4075.686165240162 36254.57249094111 36231.26365685826 36205.64321408942 26443.209952894566 26411.600502022677 26379.64720417842 24432.35054654122 20497.73786762131 20471.602134219484 6511.377676689571 6242.779235168784 6235.245834493335 5262.0308770416505 6546.839665839212 
347.37466616621555 341.32678465073286 6608.695370477622 6604.028676433156 6603.5079848508885 1214.2656893371577 10010.10706978711 9781.499738124125 9769.374249321832 4080.1600515482132 4075.682537642111 36254.45773750278 36231.2632295225 36205.57628765946 26443.17093610778 26411.579564727854 26379.62456171434 24432.33425487501 20497.6758112935 20471.59352581635 6511.377604475015 6242.7761461580185 6235.2377796702385 5262.02948105556 6543.699567420862 
347.37441518161927 341.3266856262662 6608.689117134413 6604.028514649019 6603.507897284058 1214.2413026503637 10010.085836921699 9781.495537043404 9769.359636595935 4080.1553566477396 4075.6806633922943 36254.45685094274 36231.263013563184 36205.45190497994 26443.14832340388 26411.545956045178 26379.612880440545 24432.324148427906 20497.621783114188 20471.576265378742 6511.3748537843085 6242.768384158406 6235.229498946027 5262.026188814924 6539.723383215413 
347.3742118937387 341.32592312656516 6608.681848691526 6604.027890513321 6603.507783353924 1214.2150113058105 10010.074675509542 9781.4917841793 9769.345161421308 4080.1525626152197 4075.6794705019784 36254.36991496574 36231.2628062939 36205.42138773081 26443.134664574824 26411.52933050057 26379.599425788838 24432.302398748907 20497.593299999204 20471.57187576239 6511.369234333633 6242.760739389631 6235.22415333904 5262.020563759117 6537.784754870536 
347.37374205190326 341.32548472167036 6608.668647357857 6604.027714805825 6603.507746268462 1214.1448648910564 10010.057975284053 9781.486018462892 9769.335355157118 4080.147579989911 4075.675021816406 36254.294890741745 36231.26245089365 36205.33060289746 26443.095129333797 26411.50196956905 26379.568522009322 24432.272363276577 20497.581237225004 20471.563253092416 6511.360655026594 6242.760696498934 6235.223565007908 5262.018599105803 6536.036997476996 
347.37320285628743 341.3253603822827 6608.6634637724155 6604.026953071612 6603.507634898139 1214.1247137218643 10010.041428436381 9781.478486787331 9769.32865693679 4080.1470958493856 4075.6721273547055 36254.26308434485 36231.262357920416 36205.276046901454 26443.075686489872 26411.450615504873 26379.56661338945 24432.23959926192 20497.5270321724 20471.543954552828 6511.352022142248 6242.755998190584 6235.20976497608 5262.014668918674 6535.197678473703 
347.3729452455466 341.32476293572245 6608.660693155638 6604.026361344433 6603.507633983169 1214.0931107288138 10010.016563023302 9781.47621328499 9769.319948177446 4080.1470958493856 4075.6697932214793 36254.203265456315 36231.262053385326 36205.230149660696 26443.067026820416 26411.431715259376 26379.55906566037 24432.20853187141 20497.513606690096 20471.539253140847 6511.341495610613 6242.735703740484 6235.1985692794815 5262.012058898199 6534.659000604885 
347.3726541317883 341.32376214085457 6608.654906485842 6604.026087203738 6603.507500260909 1214.051112184955 10010.014876822512 9781.464950686193 9769.314631302193 4080.140691874476 4075.664474536554 36254.079019711724 36231.26177459809 36205.09307438156 26443.044544074924 26411.392479094797 26379.526805270034 24432.165235377994 20497.4852862591 20471.520545526233 6511.337251660362 6242.7344645214025 6235.197346784746 5262.008797812923 6534.122878172239 
347.37236068936795 341.3236555243195 6608.647208147654 6604.025690770666 6603.507284127303 1214.0151400206614 10010.002271643285 9781.448053026046 9769.300200291022 4080.129515099956 4075.656758698895 36254.02683700531 36231.261711205334 36205.08096259744 26443.008349171785 26411.36967019806 26379.501434157475 24432.126391591264 20497.414063165445 20471.502195576577 6511.324076619199 6242.7271356608835 6235.188860380193 5262.004568374879 6533.5853389727845 
347.37205091158694 341.3215099127044 6608.6360269145125 6604.02552906775 6603.507040921971 1214.0145970967178 10009.98963697488 9781.442409018182 9769.275367236009 4080.129515099956 4075.6543476431007 36253.903784281705 36231.26161274963 36205.04107682429 26442.996765222328 26411.311918705233 26379.471877949778 24432.04475046596 20497.38435578267 20471.48738348053 6511.31891367629 6242.721475392053 6235.180218978157 5262.003369867893 6533.370580423338 
347.37205091158694 341.32136818705135 6608.622981824403 6604.025421778088 6603.506891014996 1213.954414226153 10009.98614131665 9781.437604268333 9769.273516127892 4080.1248365693373 4075.6493811930577 36253.84994133878 36231.26134604779 36204.974122456384 26442.936535506677 26411.249384409664 26379.423039989833 24432.04475046596 20497.325674482858 20471.45691997192 6511.306105059937 6242.7207215842955 6235.178463174534 5261.999303259928 6532.752619226753 
347.3715816007675 341.3202181793815 6608.6133031630025 6604.025169039141 6603.506746354122 1213.954414226153 10009.952091438645 9781.422089862555 9769.264787156408 4080.1181384455995 4075.647546683529 36253.73286107138 36231.26113871528 36204.91155950035 26442.877297432835 26411.22929649407 26379.364429512454 24432.01197600958 20497.325674482858 20471.42209921074 6511.301993773629 6242.710897158593 6235.174448772369 5261.998309839682 6532.589570369342 
347.3712472415382 341.3193807038324 6608.6090839200515 6604.024890892742 6603.506640065226 1213.9209161634326 10009.937635367267 9781.414610701988 9769.240447512579 4080.1176481002676 4075.6436173778557 36253.68783133285 36231.26101062208 36204.887448210866 26442.848612176414 26411.150700061993 26379.2301919729 24432.009044153547 20497.273944171055 20471.42209921074 6511.292916289275 6242.706934035368 6235.155159596467 5261.998309839682 6532.387254989063 
347.370695914811 341.3181138285977 6608.606510600056 6604.024365196902 6603.506340027379 1213.905021466122 10009.93398823981 9781.40833322572 9769.231889057004 4080.113807676612 4075.6343191808664 36253.60767892431 36231.260889581565 36204.887448210866 26442.80508112815 26411.13997321447 26379.20145180868 24431.998800237547 20497.26281896446 20471.38997725185 6511.284674588117 6242.703135915764 6235.150733425461 5261.994670757475 6532.07558232201 
347.37052629709547 341.3179966288892 6608.60100499046 6604.023782641296 6603.506332026421 1213.9015268155217 10009.923341777027 9781.408243407124 9769.230185039996 4080.1121527796795 4075.626719895965 36253.59100359197 36231.2604769647 36204.82916434521 26442.79593914456 26411.13997321447 26379.132786400536 24431.954186723277 20497.219338591192 20471.375819073386 6511.265900301813 6242.699285552833 6235.138135105502 5261.993427525538 6531.897061046779 
347.3701486838406 341.31723049427774 6608.590994176477 6604.023639362429 6603.506289219007 1213.867236414415 10009.920306448257 9781.401775497317 9769.2226090477 4080.10995935099 4075.622481895831 36253.50674030116 36231.259934176756 36204.771555231346 26442.772118118857 26411.094676639994 26379.066749032954 24431.882106549732 20497.212960742378 20471.359066013305 6511.252713823632 6242.69363885092 6235.135533589682 5261.989641130469 6531.823470768146 
347.3698845567342 341.3155653615704 6608.580942759212 6604.0233561815185 6603.506199484209 1213.8217526837984 10009.91102770509 9781.398397137693 9769.21522940099 4080.107518281102 4075.620678231382 36253.43667022631 36231.259543586864 36204.730827953856 26442.756523002517 26411.08188765002 26379.020102833525 24431.83284232888 20497.17613355348 20471.3329462777 6511.237708557801 6242.678920143382 6235.125664247026 5261.984341685011 6531.342368481942 
347.36967425953435 341.31531613221864 6608.579136646467 6604.02331716741 6603.506119026245 1213.8165510725426 10009.899414477793 9781.395728144884 9769.21043804526 4080.1047476474996 4075.6156354182876 36253.43415245492 36231.25926622409 36204.70777817856 26442.741115352528 26411.065734170075 26378.99748954338 24431.82168635655 20497.16308668784 20471.315935065966 6511.237326260373 6242.677546601135 6235.120586802012 5261.984158601416 6531.273725791944 
347.3692895593931 341.3140161295846 6608.5723467038315 6604.023292003522 6603.506081291141 1213.8113199064455 10009.892082320777 9781.385552988884 9769.196564915435 4080.102153031169 4075.6016616533107 36253.36684538893 36231.258653368255 36204.68153914457 26442.704811622025 26411.01509674631 26378.976317390334 24431.790761738725 20497.14492252907 20471.310651897693 6511.223253920829 6242.672060833933 6235.115522152851 5261.972080080662 6531.1949606571 
347.36919740305575 341.31288024688547 6608.567966684919 6604.02316663756 6603.505954960756 1213.7672016910947 10009.88338109364 9781.379271532032 9769.191703268118 4080.09976659073 4075.5967731447445 36253.27571688198 36231.257385499135 36204.649135826265 26442.693421957796 26410.950426311276 26378.93841394464 24431.773291187335 20497.103431169555 20471.282228388467 6511.21043509015 6242.668349649227 6235.1065673206085 5261.970600195211 6531.044633106199 
347.369154556804 341.31255913453606 6608.564566159755 6604.022792707949 6603.505916860645 1213.7652975237093 10009.876859661155 9781.3645848939 9769.182679830292 4080.0945956826017 4075.591387371427 36253.26238194151 36231.25675561261 36204.5919266484 26442.67862403793 26410.90597024671 26378.92537916419 24431.757732743616 20497.073180289866 20471.264590036735 6511.21043509015 6242.668315253618 6235.096825012343 5261.967760084346 6531.044633106199 
347.3689184710938 341.3124074031616 6608.559021539668 6604.022657350803 6603.505856421073 1213.7395113286893 10009.865470037343 9781.359641673032 9769.169602116086 4080.086216269282 4075.588089417266 36253.2126793589 36231.256430389236 36204.52245114174 26442.666855297568 26410.88661100629 26378.860641704796 24431.73406587917 20497.043818720464 20471.246164001954 6511.191303193424 6242.667820278617 6235.080751774254 5261.965622138116 6531.018287833783 
347.36869490656613 341.31186476129324 6608.546297230281 6604.022288084303 6603.50571282387 1213.7260070871862 10009.856338355841 9781.347692551193 9769.154322794711 4080.0777838451195 4075.572852084748 36253.17914035303 36231.25535378606 36204.46921761289 26442.61696735194 26410.86741978378 26378.80397999312 24431.707279111706 20497.02980936777 20471.225854679902 6511.176709320861 6242.666882989414 6235.075980481298 5261.962426620652 6530.995878464839 
347.3684869869003 341.30994308794743 6608.542732748014 6604.022097632367 6603.505674212776 1213.7114847594898 10009.850591542196 9781.343073478909 9769.14462990412 4080.0709770983276 4075.565135372949 36253.1088158708 36231.25292917771 36204.45032634406 26442.53350701281 26410.825925569225 26378.786067012283 24431.67334569998 20496.980285491198 20471.21189927315 6511.170970409054 6242.660251983024 6235.070120585675 5261.9548348848375 6530.93563745577 
347.3682417057514 341.3065186630952 6608.529584918298 6604.022046484258 6603.505618557743 1213.697187605228 10009.844623500761 9781.293623403446 9769.136715709885 4080.0703651469166 4075.5606457178055 36252.95079033603 36231.250685940286 36204.31396064563 26442.51522325286 26410.79768815107 26378.777913807276 24431.657308178503 20496.980285491198 20471.20023911507 6511.164771254285 6242.657041384525 6235.062938233389 5261.950911675181 6530.392367640552 
347.36799365315983 341.3044170302528 6608.526099365678 6604.021933593552 6603.505559326277 1213.6907402722554 10009.841094738971 9781.28512395552 9769.130032761066 4080.068881731485 4075.549261497492 36252.9265630869 36231.25026840909 36204.279244411475 26442.50050960845 26410.79751524804 26378.750266742678 24431.617943050387 20496.968221684943 20471.155062059766 6511.15471390364 6242.654770835515 6235.051896435234 5261.945069551234 6529.943898423397 
347.36743015870616 341.30369853153843 6608.523338045872 6604.021693383073 6603.505521213582 1213.6669346411254 10009.837601813308 9781.268938351517 9769.127322546787 4080.0646711364097 4075.5487935160636 36252.88415898941 36231.24819062886 36204.263523110836 26442.459750508227 26410.766986670966 26378.74730583738 24431.594218024835 20496.950040755957 20471.11355420809 6511.151978927411 6242.649537643947 6235.051896435234 5261.9404587725185 6529.701699862167 
347.3670456757327 341.30196943186183 6608.517640103271 6604.021590328648 6603.505411337251 1213.6640356606995 10009.824616652582 9781.252245870191 9769.112491093174 4080.0323860613516 4075.539415122894 36252.861984673844 36231.247007974904 36204.14328912537 26442.394006907783 26410.73755353332 26378.709108536776 24431.56935756419 20496.915773682267 20471.110548879922 6511.145787604273 6242.640337271328 6235.043509295382 5261.940145128038 6529.500990814362 
347.36600829463555 341.30140159913435 6608.509916390691 6604.021119468417 6603.505386540322 1213.652380076751 10009.813650059807 9781.247678141148 9769.105728168679 4080.0197203669522 4075.5363908037134 36252.77807976127 36231.24608845173 36204.10334877617 26442.33279914177 26410.70754567436 26378.693964141825 24431.56307212629 20496.912356684777 20471.100070390912 6511.133620236822 6242.623350605046 6235.0374612580035 5261.935545054654 6529.403572948363 
347.3659727976028 341.3007277443219 6608.506776940566 6604.0206540816 6603.505357238367 1213.650458128187 10009.801051525976 9781.23594631247 9769.098392742686 4080.013071971938 4075.5338300638414 36252.73035952955 36231.243802304256 36203.98596920066 26442.31738572563 26410.661785275595 26378.693964141825 24431.53026705187 20496.883521283245 20471.093535054493 6511.117123857843 6242.621773548389 6235.033917571813 5261.927967687949 6529.365483339155 
347.3652553650952 341.2994885071171 6608.505085130969 6604.020200929652 6603.505275015883 1213.6429476219232 10009.798209799266 9781.23225489706 9769.095431001942 4080.010204451133 4075.5311600604336 36252.703848783865 36231.24265691493 36203.98596920066 26442.299207960343 26410.6518725584 26378.66314106234 24431.497441147403 20496.882471465036 20471.082365733608 6511.107911854891 6242.616928089076 6235.028422896796 5261.92491559603 6529.354491101381 
347.364416200847 341.29912898103703 6608.501027371603 6604.020064193182 6603.505128952407 1213.638927912095 10009.783347996958 9781.222317084344 9769.073803550567 4080.007124329428 4075.5239835690845 36252.66679732372 36231.24162275478 36203.95962224254 26442.261467892204 26410.6277752529 26378.63221769048 24431.470631774177 20496.867087327846 20471.070891999643 6511.097551247972 6242.594428591194 6235.026257185166 5261.919204525794 6529.270501912502 
347.3641171479328 341.2979384673149 6608.496664806637 6604.019600962374 6603.505068624121 1213.6340417784095 10009.762531060156 9781.217562040636 9769.055231831046 4079.993012007403 4075.517208613939 36252.64693702913 36231.24098443598 36203.91722986221 26442.23776855073 26410.596469243017 26378.626519511596 24431.42071814787 20496.85989527254 20471.054568797186 6511.089119374185 6242.592312458626 6235.002655875126 5261.9113019889055 6529.243116540981 
347.36330079418303 341.2973134488884 6608.493928184853 6604.01948489212 6603.505058590163 1213.6260888617699 10009.76048087872 9781.209621693164 9769.053557190311 4079.991151404376 4075.509539575851 36252.60825240678 36231.24025455039 36203.85894424211 26442.22131630827 26410.556178653398 26378.612496640355 24431.41624237851 20496.84213660362 20471.046254062447 6511.08179898329 6242.582792737398 6234.996039911655 5261.900639529266 6529.212829365955 
347.36292377820155 341.2962481477107 6608.485932880059 6604.0192619793215 6603.504955048354 1213.621410783806 10009.747364433051 9781.200031252405 9769.036526747217 4079.983864528799 4075.5017234556944 36252.597030120975 36231.23965047792 36203.77836915399 26442.181073924312 26410.508622776 26378.59809316999 24431.40392722251 20496.839378499542 20471.027293997053 6511.0771609604235 6242.577743767674 6234.9957902313245 5261.874237786216 6529.187159444084 
347.361773134724 341.29521640661324 6608.476136987476 6604.0191847997585 6603.50487799667 1213.6026524676495 10009.74653414456 9781.192302693858 9769.030519543445 4079.980092982347 4075.499418464735 36252.52191315655 36231.23937175692 36203.77150978798 26442.1274055353 26410.453240949595 26378.579137102774 24431.370119758798 20496.81922178451 20471.026719378628 6511.064976587784 6242.559747042665 6234.987085160553 5261.870860431077 6529.161973013998 
347.3607293810378 341.29390665866663 6608.473847365674 6604.01902771028 6603.504870957315 1213.5971248606347 10009.741128140875 9781.171707133108 9769.005413522309 4079.9726967288407 4075.4951965087566 36252.51502126966 36231.237192369736 36203.73219065991 26442.08894999778 26410.448448676347 26378.56866657405 24431.339541837533 20496.78903593171 20470.983166799786 6511.059469631973 6242.534595642601 6234.979190850965 5261.870009327423 6529.145522240521 
347.36049246899256 341.2936321273273 6608.467238300368 6604.018927219084 6603.504779319135 1213.5665587889407 10009.734803113051 9781.153941356215 9768.99630416581 4079.9673464474017 4075.4912967032196 36252.49438670357 36231.23663945095 36203.7022410639 26442.081125252043 26410.43279881712 26378.548252319095 24431.320088859 20496.778042689864 20470.98063598965 6511.047046174046 6242.501758573984 6234.979190850965 5261.863796545243 6529.12880297955 
347.35922881813144 341.2930319752172 6608.464097587219 6604.0186646046695 6603.50469190234 1213.5522879387918 10009.728797566886 9781.102897917257 9768.990544576433 4079.967229527674 4075.4860272238093 36252.4704142833 36231.23474238923 36203.64411841947 26441.98330466183 26410.37527607834 26378.54179725323 24431.295845714434 20496.75889841093 20470.97062599791 6511.044632685381 6242.494705683038 6234.972701805232 5261.86060865887 6529.121488758778 
347.35899984272214 341.292857084577 6608.460344706246 6604.018655155481 6603.504609230674 1213.528163454038 10009.72011417796 9781.06068699127 9768.98809748514 4079.960874219538 4075.4815767505925 36252.41716193236 36231.23390507306 36203.61345171193 26441.97438329221 26410.3693988169 26378.516961064954 24431.24804996817 20496.729373442035 20470.946276003546 6511.038491916343 6242.488371957362 6234.967296147144 5261.85487260778 6529.109432168735 
347.3583228987511 341.2924842131497 6608.4572252467715 6604.018446610273 6603.50455674102 1213.5064948578752 10009.672326639537 9781.06068699127 9768.97813787544 4079.9478712728087 4075.4808145121333 36252.404776645686 36231.23174941753 36203.59317327748 26441.96927332489 26410.279503939295 26378.51634549044 24431.236400331363 20496.703990290844 20470.93260439939 6511.032752592853 6242.449046739506 6234.961996644651 5261.851639866636 6529.096217993019 
347.358118071817 341.2910551487241 6608.454853583121 6604.018381204386 6603.5045028676695 1213.4853197083166 10009.666607232986 9781.048397763101 9768.97619340661 4079.933858090453 4075.470515033152 36252.38769796116 36231.231115672206 36203.587236761916 26441.940506137005 26410.213165364992 26378.47405900905 24431.21959529329 20496.695821185924 20470.921747169436 6511.032136033339 6242.420904706675 6234.9514032990555 5261.838508862385 6529.093571054201 
347.35755600926154 341.28869364991306 6608.435314312631 6604.018061713358 6603.504409151119 1213.483889808741 10009.653686833726 9781.006588044835 9768.972066996012 4079.924353110173 4075.4629289131362 36252.341138538395 36231.23018455908 36203.566555679085 26441.92203441864 26410.197395072293 26378.45184093496 24431.179932682448 20496.67546607567 20470.907700136362 6511.019123671656 6242.402825030638 6234.950649627087 5261.834130251233 6529.088034144413 
347.35672621916297 341.287869525971 6608.4346785363705 6604.017831036592 6603.504337067988 1213.470061277726 10009.643522657607 9781.00110999684 9768.963232436348 4079.9179731881695 4075.4627367316825 36252.333195579966 36231.2288929572 36203.511924074846 26441.875811671056 26410.17279602002 26378.438529714087 24431.15778027882 20496.641911606395 20470.88463388685 6511.0186132899635 6242.387871416555 6234.944926904821 5261.820793898037 6529.086799332623 
347.35621126767023 341.287869525971 6608.43200677104 6604.017320443106 6603.504279405672 1213.4513421009092 10009.626689981244 9780.933717113541 9768.953422730756 4079.9024525531768 4075.4547520567266 36252.313561128154 36231.228453674994 36203.493017405395 26441.795088341787 26410.145957448767 26378.409328062902 24431.128762218654 20496.60472852662 20470.858582883422 6511.013814913276 6242.370693440994 6234.93749494718 5261.817513971792 6529.078338228921 
347.35469108249026 341.2863272246657 6608.42619767287 6604.017319900843 6603.50422204072 1213.4395644091364 10009.620222108988 9780.918328130643 9768.93942325074 4079.898335976891 4075.4494453778043 36252.31300266821 36231.22818861029 36203.46396865118 26441.763693786743 26410.128694967625 26378.38957347056 24431.10050440241 20496.583609348254 20470.85762925072 6511.008232752241 6242.336755398982 6234.936009678249 5261.809165423618 6529.074591106171 
347.3542665550633 341.28460992425903 6608.419977842054 6604.0165994764675 6603.503990987476 1213.4268617339544 10009.609208199126 9780.902733658939 9768.925888717617 4079.893510195994 4075.4476385312337 36252.24253245371 36231.228061495225 36203.40882584573 26441.74856674162 26410.07086398625 26378.37830516925 24431.055914713517 20496.571360215818 20470.839601320542 6511.000530477312 6242.321439910231 6234.931260745429 5261.796388378299 6529.070939320132 
347.35412039210314 341.28226785072593 6608.419439549967 6604.016290534645 6603.503882580979 1213.35808240922 10009.59089674993 9780.887963690406 9768.907429252637 4079.8921670633626 4075.4432647460035 36252.19483569802 36231.22783573687 36203.40275253146 26441.73126258619 26410.060408148507 26378.36403523642 24431.052483988802 20496.544615967618 20470.828587866286 6510.998176473013 6242.299907726364 6234.926423230362 5261.785920150872 6529.066333347899 
347.3540718796223 341.2816196931326 6608.414005461333 6604.015724205417 6603.503825914236 1213.1581077029928 10009.580691940117 9780.875852807036 9768.871434284953 4079.887160206925 4075.4340666698536 36252.15148514038 36231.22722040122 36203.33182221206 26441.672662601388 26409.975295640983 26378.32667541167 24431.029483862563 20496.536924154636 20470.800904607207 6510.994201914845 6242.256162667645 6234.922257329006 5261.766218370135 6529.0635234966385 
347.35338093789323 341.2807380154982 6608.405628249482 6604.015597118509 6603.503750256276 1213.1316886340169 10009.574083135913 9780.855797961589 9768.854508725888 4079.872846800925 4075.428307245679 36252.12300731419 36231.22649634217 36203.29953693828 26441.647546071992 26409.952667589856 26378.317487965534 24430.974104252782 20496.5109302554 20470.79378260484 6510.992359551964 6242.23399940011 6234.914501602902 5261.7576604966025 6529.0606629345675 
347.3523067476626 341.2777335387468 6608.405102915825 6604.015297580865 6603.503600255332 1213.0428303956874 10009.571314533228 9780.852119978403 9768.811642235227 4079.8704366425027 4075.427443714083 36252.10677695521 36231.22619737176 36203.25211900097 26441.6066603392 26409.92478777427 26378.29248865874 24430.95327309705 20496.46554989923 20470.77424976666 6510.9863819010625 6242.228974445671 6234.913635354473 5261.755351427487 6529.056982454331 
347.3520541922576 341.27708776145846 6608.4022216721 6604.014318728498 6603.503542627226 1212.9666583066955 10009.556991441086 9780.83082436335 9768.792120189755 4079.8686773658164 4075.4261860508113 36252.1001957669 36231.22561983448 36203.23364861202 26441.58288175758 26409.855312233263 26378.2488627119 24430.95327309705 20496.43241650706 20470.758679477818 6510.977391955993 6242.214323481086 6234.904823456174 5261.750234942743 6529.053571708917 
347.3519677066779 341.2770129112414 6608.399944292364 6604.013042451212 6603.503458739149 1212.9132415284193 10009.549824040701 9780.826438590448 9768.787116127347 4079.8613723369835 4075.4220039740176 36252.06032880829 36231.225368633175 36203.20260415233 26441.560756250365 26409.82257234834 26378.211943960665 24430.923743468564 20496.30595468205 20470.74538805268 6510.964032131343 6242.190422192839 6234.899241279984 5261.747464291981 6529.051585611785 
347.3513568408748 341.2744439614453 6608.3939293926915 6604.01256931444 6603.503382222167 1212.872405007081 10009.537609787256 9780.819049209122 9768.73082539276 4079.8603971775647 4075.416627919589 36252.03511315522 36231.22501284435 36203.13346108731 26441.520747081293 26409.766948769106 26378.153327007676 24430.887891932995 20496.283651109246 20470.722507312366 6510.960559753396 6242.183538290781 6234.894669898617 5261.745488005281 6529.042993509211 
347.3506047099213 341.27372935861445 6608.390727413758 6604.011985782218 6603.503176817712 1212.8283562812726 10009.526599966435 9780.800395699429 9768.713999221147 4079.8570058849327 4075.414482225864 36252.0075472324 36231.22449780761 36203.08946136375 26441.50842178153 26409.702404042273 26378.10092814932 24430.871663870417 20496.21993611968 20470.68222327441 6510.959066542716 6242.180022899357 6234.891113040476 5261.719280616399 6529.040110632428 
347.3503301563869 341.27301356778344 6608.388634416938 6604.01121472118 6603.502907956392 1212.827459978856 10009.51968012361 9780.792179631893 9768.702305874698 4079.8570058849327 4075.4126459935414 36251.98299138596 36231.22362671834 36202.97267736719 26441.457706002475 26409.646140734872 26378.075372994917 24430.85692946694 20496.20407747219 20470.638989329516 6510.948675114177 6242.160302040266 6234.888882823514 5261.710907606071 6529.032857399921 
347.3500831533984 341.27199898469075 6608.383897021093 6604.01121472118 6603.5028476923635 1212.7582464471134 10009.51395823855 9780.788316867194 9768.693957839001 4079.850992096559 4075.4080690951523 36251.94318565619 36231.22279153942 36202.94139533891 26441.443178856425 26409.604948736134 26377.987152476668 24430.81275860871 20496.189791075783 20470.638989329516 6510.946573353054 6242.159109846601 6234.887970741664 5261.704681292633 6529.028922502722 
347.34956793513766 341.2718109865327 6608.380403422245 6604.0111889786285 6603.50281123727 1212.7074009391008 10009.507476800463 9780.773160962022 9768.674173520398 4079.8450587150746 4075.4077932681957 36251.8938676216 36231.221785724614 36202.8662263351 26441.43839655498 26409.57114049952 26377.957094511905 24430.8007175878 20496.137310779857 20470.61548407326 6510.93208382228 6242.152585427212 6234.884400712199 5261.699130135622 6529.027690944669 
347.34942218849665 341.27118875867836 6608.360021788379 6604.01102000741 6603.502714422444 1212.6962747628527 10009.499693934826 9780.770789478796 9768.659975664503 4079.8399527163756 4075.4070524393655 36251.89058447485 36231.22126832777 36202.85275499792 26441.418138858207 26409.546659531636 26377.937461643225 24430.77849913827 20496.12624550383 20470.57340924726 6510.919656077267 6242.1413217896425 6234.881697234163 5261.691993361869 6529.0225958359115 
347.34922498836795 341.2703397505511 6608.35716738434 6604.0105123780595 6603.502547377492 1212.6843495990433 10009.48915202965 9780.764390201579 9768.640366396323 4079.8376641572722 4075.405543635353 36251.86862017488 36231.22051133306 36202.79700621837 26441.346463512265 26409.425228213342 26377.921055959392 24430.77058105034 20496.089815414543 20470.559869501827 6510.916400457458 6242.136165264656 6234.879169538909 5261.686663260621 6529.021593820892 
347.34873611121475 341.27012411995656 6608.3482479550075 6604.010296301399 6603.50250861832 1212.6625585845527 10009.488192063383 9780.758863945815 9768.619020241009 4079.833095284297 4075.4048722042917 36251.84659932458 36231.218805149634 36202.68365642583 26441.345914052665 26409.384334334518 26377.906651938534 24430.74187987652 20496.060616909486 20470.541932539625 6510.914986159149 6242.132177919559 6234.87630171642 5261.681901235291 6529.019162687586 
347.34873611121475 341.2681559804739 6608.344003559998 6604.01025719437 6603.502453672134 1212.6504155034313 10009.486901709708 9780.752336083304 9768.609735094946 4079.832029654668 4075.4021548668507 36251.82361551249 36231.21840169682 36202.6068147951 26441.31127245544 26409.338424729765 26377.889275343605 24430.722654737307 20496.036941903334 20470.521896137707 6510.914297124503 6242.125220690061 6234.863661872307 5261.675927695857 6529.016420536196 
347.3483939706812 341.2680571202229 6608.339217861437 6604.010004917307 6603.502413581902 1212.6199757403629 10009.474741554317 9780.75088060962 9768.60375625948 4079.8282326573244 4075.4015106174293 36251.793198531086 36231.21682438125 36202.565078429114 26441.30239435196 26409.3264737245 26377.85823859753 24430.715228254117 20496.012114627618 20470.51154640636 6510.912997200648 6242.114033716527 6234.85797986187 5261.672686304205 6529.01466445285 
347.348298865252 341.2660631276326 6608.326487199149 6604.009825652387 6603.502328191534 1212.5814398973016 10009.46739256154 9780.74591327962 9768.603162200607 4079.8234492969277 4075.3938851760795 36251.75201714351 36231.21618701952 36202.55539685431 26441.289890298445 26409.296838747214 26377.84426606036 24430.65962149465 20495.976660689154 20470.504627021248 6510.903861823978 6242.109284525872 6234.847114776336 5261.668496769443 6529.012832898412 
347.3479693490508 341.2642888256803 6608.311969005899 6604.008949184136 6603.5023057781755 1212.5537988022656 10009.46041602765 9780.737951000452 9768.580174033865 4079.8129783456734 4075.3912552391703 36251.72725721769 36231.2155047575 36202.50641335267 26441.261621006295 26409.244732598334 26377.837698185598 24430.65438405672 20495.967400281137 20470.495372261073 6510.902620447029 6242.102106740794 6234.837593227743 5261.655533168029 6529.011161825591 
347.34766014138313 341.26345233703614 6608.306584651618 6604.008372450849 6603.5022666657605 1212.5229914007555 10009.438374929276 9780.724848566768 9768.560659570752 4079.8104968923717 4075.380297631311 36251.678591010204 36231.214665718624 36202.467385215874 26441.194562746594 26409.148108119072 26377.821447566548 24430.635241164062 20495.941460103382 20470.474037376964 6510.902620447029 6242.09993252195 6234.826528066945 5261.651335180398 6529.009189968089 
347.347584673033 341.2608512880495 6608.288841724859 6604.007681636271 6603.502150161307 1212.4526891594041 10009.391546850225 9780.714518906507 9768.556221627625 4079.8070918584544 4075.377342413025 36251.62922052644 36231.21298090267 36202.38460944308 26441.129851082 26409.14198410161 26377.810243197393 24430.633424537307 20495.935196203078 20470.469976735723 6510.899138926556 6242.09703429892 6234.821303170767 5261.651237376701 6529.005508510563 
347.3474878891552 341.2590723895405 6608.2822458712835 6604.007393591562 6603.502105700425 1212.4245803055564 10009.370134589777 9780.702839087433 9768.54100428685 4079.795193796537 4075.3620928573873 36251.61575414618 36231.21108936557 36202.37660588079 26441.124661144575 26409.093079404473 26377.79571029974 24430.620036941604 20495.914685555486 20470.46346506671 6510.893909146251 6242.089009851215 6234.817830501586 5261.647076209968 6529.0015109023125 
347.346891366951 341.2581786124715 6608.271909489476 6604.006858548123 6603.502081140823 1212.4081557300124 10009.3504408321 9780.689138056545 9768.510248827892 4079.7939046380798 4075.3610951614355 36251.58314675772 36231.208472246566 36202.34559208126 26441.047543725927 26409.015985069414 26377.7852247427 24430.602646216346 20495.899440094163 20470.452222102904 6510.889708135914 6242.0730714006195 6234.804853660453 5261.640214226591 6528.9794724490885 
347.3466185899131 341.25646405026737 6608.249016228942 6604.0066132047905 6603.502054282306 1212.4081557300124 10009.334587844853 9780.679211646238 9768.49087999286 4079.789683070261 4075.3480668792554 36251.5503781463 36231.208120123265 36202.265185159995 26441.028118505757 26409.015398103656 26377.747056878452 24430.569612299987 20495.89747019745 20470.445388740507 6510.87521282638 6242.06920132899 6234.792614992123 5261.635290624023 6528.96742069253 
347.34644511538636 341.25502000523625 6608.243634988062 6604.006229136879 6603.501895540537 1212.3677944953506 10009.324704689287 9780.665384801436 9768.483627576386 4079.7809896489625 4075.346644821244 36251.498876715035 36231.20722112579 36202.21360759495 26440.921401705546 26409.014320496735 26377.705863720566 24430.55554732398 20495.876852826514 20470.42727635883 6510.863626187551 6242.061245002206 6234.788034823421 5261.634625134974 6528.961689398738 
347.3458803625158 341.25386471003594 6608.22729331304 6604.005814737679 6603.501889226357 1212.3462123925428 10009.303122315183 9780.661566580386 9768.4813975398 4079.7800967693975 4075.338503667237 36251.476802733305 36231.2050824527 36202.17751962884 26440.86622540477 26408.987924942092 26377.686409231348 24430.54218416356 20495.84485883041 20470.423893880677 6510.847814771503 6242.056735630633 6234.782980815491 5261.631896769729 6528.95787958074 
347.34569132450406 341.25172022286256 6608.222403230233 6604.005757772731 6603.501827073732 1212.324927210425 10009.284254436172 9780.655020196844 9768.480101902527 4079.7764965005317 4075.331292686331 36251.447117707896 36231.20337767057 36202.17357192618 26440.844122081777 26408.962666773754 26377.6318074371 24430.528458464105 20495.844196953618 20470.41396852492 6510.8422467536475 6242.040930469979 6234.782272108341 5261.6301720051415 6528.931872495977 
347.3455395409719 341.25067554982434 6608.207241677422 6604.005678244635 6603.5017993521815 1212.3050330922852 10009.260788999094 9780.652317557197 9768.472263438412 4079.758042596629 4075.3304001458237 36251.42086520703 36231.20225476939 36202.12462364886 26440.75588602247 26408.94524196779 26377.63124950544 24430.514592072224 20495.813985374636 20470.409249979653 6510.838280687283 6242.036551328918 6234.77300178754 5261.629217071495 6528.92841626048 
347.3448453213018 341.24779091446 6608.175097884393 6604.005408826042 6603.501786454725 1212.2789758222202 10009.260788999094 9780.649777568051 9768.471221954427 4079.758042596629 4075.3238479521133 36251.37059341848 36231.20083026291 36202.057078019774 26440.75588602247 26408.90927386496 26377.583235717255 24430.496153835455 20495.77532188693 20470.39493984579 6510.836394639338 6242.027947867894 6234.77300178754 5261.622126001092 6528.912871571785 
347.34473108753946 341.24711504999414 6608.171124639812 6604.004869259886 6603.501711684193 1212.2789758222202 10009.244211507636 9780.646948920315 9768.464866514687 4079.750827060265 4075.3160326374145 36251.30666956432 36231.19980404072 36202.013565482586 26440.682903807752 26408.876497545098 26377.550366776617 24430.468823389103 20495.762330698493 20470.38108071134 6510.820866732446 6242.023392467445 6234.763992391875 5261.617302899846 6528.886184928117 
347.3435090985827 341.24579499317883 6608.160622672795 6604.004705771081 6603.501638040491 1212.2616638246154 10009.231151938631 9780.642705061839 9768.460773708593 4079.747726767411 4075.3002186440553 36251.22908061913 36231.199674688054 36201.947651265 26440.669107258236 26408.860568607088 26377.550048618486 24430.41252512082 20495.738555737866 20470.36142250432 6510.809568413146 6242.014375662268 6234.756268279591 5261.6118242591265 6528.880571832652 
347.34349008066874 341.2431085709991 6608.158916205085 6604.004325583399 6603.501613815712 1212.2486874749807 10009.228010977711 9780.63555365808 9768.456784273129 4079.734337152702 4075.291992662833 36251.186338120664 36231.198618203896 36201.89818141866 26440.6673972074 26408.860568607088 26377.528355256556 24430.403265093875 20495.7258921881 20470.334788290333 6510.790588637184 6242.007111860065 6234.753253760476 5261.6095149111525 6528.872558782175 
347.34344687397424 341.2402104910004 6608.152067181328 6604.0030046404245 6603.501595111989 1212.234610982187 10009.209738511332 9780.63390890787 9768.444801113983 4079.7100208603442 4075.284844781597 36251.14157557852 36231.19623439767 36201.83877522531 26440.60311160204 26408.786919839535 26377.501350350532 24430.386253423192 20495.697298357976 20470.327347993334 6510.775575213861 6242.0003527205945 6234.749103402989 5261.607114317345 6528.85197442291 
347.34309661238467 341.23758867520405 6608.14336373729 6604.0030046404245 6603.501522063096 1212.225677546171 10009.18400325738 9780.619023951549 9768.441643539702 4079.7088593130666 4075.2728235022305 36251.101629461904 36231.19473823522 36201.820442264456 26440.596920938566 26408.757709229914 26377.48993230985 24430.372241903853 20495.664836633758 20470.278236040067 6510.7340611789805 6241.994058229279 6234.744968468268 5261.605359523924 6528.823431782654 
347.34285004415074 341.23353742936615 6608.128968111948 6604.002692640325 6603.501477459191 1212.219870416552 10009.177471721358 9780.610259679817 9768.440298441958 4079.7057430057066 4075.268240658962 36251.045475617626 36231.19473413546 36201.769846639705 26440.55054200655 26408.675762090643 26377.466672702005 24430.369241692235 20495.64374815326 20470.228028380836 6510.721037664794 6241.990769571061 6234.736743752706 5261.602056569342 6528.806244429704 
347.34255609971297 341.23191527895756 6608.114517801249 6604.002680706088 6603.501445407826 1212.2082961543742 10009.163727003914 9780.592692038994 9768.435682794036 4079.7007563676634 4075.2488052242297 36250.97681141056 36231.193885222456 36201.66534644924 26440.533642072343 26408.65552150397 26377.43909591655 24430.34450980574 20495.629684728316 20470.21287204116 6510.674390523305 6241.981832798309 6234.725933401235 5261.595600743261 6528.791793805251 
347.3421520578754 341.2261799861876 6608.107221288163 6604.002203917381 6603.501371114798 1212.1857922944673 10009.156380935428 9780.58026014048 9768.433836084854 4079.6938725734235 4075.242953814479 36250.92605302402 36231.192369815086 36201.64085977231 26440.453778655497 26408.613805470806 26377.428600437463 24430.33984012176 20495.60471443103 20470.198313144756 6510.6694898545775 6241.980451262362 6234.723097125308 5261.592243915977 6528.771435617788 
347.34143521002534 341.2261799861876 6608.087077111185 6604.002023318703 6603.501305112215 1212.1827871357173 10009.120565632229 9780.565127255733 9768.431927958292 4079.6864951466487 4075.2380636294365 36250.88953467013 36231.19038556634 36201.62383918807 26440.37890620939 26408.57833137677 26377.374904942055 24430.325312851994 20495.5910431684 20470.173888608162 6510.647239361135 6241.977169029748 6234.717747082783 5261.587352497716 6528.760936363199 
347.3412668917297 341.22604980571396 6608.078498365225 6604.0018290032385 6603.501207936811 1212.177812275233 10009.117347965679 9780.558018527507 9768.424821710314 4079.6765390506425 4075.2344551421083 36250.868814044436 36231.18992839831 36201.56637702808 26440.34127942186 26408.54219155551 26377.325274486455 24430.288006176947 20495.56849511134 20470.162366706892 6510.645127856586 6241.969996609414 6234.715785917645 5261.579429412134 6528.749259798671 
347.3408952592872 341.22533378237335 6608.068608177897 6604.001596371067 6603.501104173611 1212.177812275233 10009.068520547286 9780.554645330436 9768.422526088183 4079.669465339687 4075.2344551421083 36250.85826712841 36231.18934929258 36201.5448812932 26440.34127942186 26408.49252138604 26377.235755379694 24430.24269808612 20495.5158528085 20470.14442868731 6510.641138564528 6241.967163386728 6234.704784694306 5261.573732467581 6528.734607977489 
347.34017979754617 341.2235029045189 6608.060080098212 6604.001266494987 6603.501087968594 1212.1651513194556 10009.018649770731 9780.542102627423 9768.416922062479 4079.669465339687 4075.22355921662 36250.80913087263 36231.18560386377 36201.541566654625 26440.254181095468 26408.46522755132 26377.194889087725 24430.211432216413 20495.50008257788 20470.131415252512 6510.637949966144 6241.962125329992 6234.704474440449 5261.545920203918 6528.731896523348 
347.3399971634258 341.2223883019417 6608.058732829495 6604.000644865216 6603.501053933096 1212.1647493468581 10009.00825739463 9780.539713379358 9768.393647921308 4079.656551747925 4075.212107974863 36250.782297581725 36231.18174155895 36201.508697543555 26440.211532779467 26408.45933987623 26377.14359601616 24430.17157591924 20495.46525586359 20470.11762621285 6510.62727338407 6241.958340606225 6234.701759365697 5261.540811067063 6528.727278683448 
347.3399406669223 341.2212824289054 6608.054956800767 6604.000450464408 6603.501024348932 1212.155440829426 10009.00773609077 9780.526342866298 9768.373743213615 4079.6472469127402 4075.20991778755 36250.67793708222 36231.17771886332 36201.489007191434 26440.167299561705 26408.427836941424 26377.12889329393 24430.16933623792 20495.452293883623 20470.116740513953 6510.612095715291 6241.954977170137 6234.7000363718835 5261.539074547901 6528.714491024945 
347.3396640232636 341.2201892542196 6608.045127124039 6604.000086019367 6603.501010620536 1212.1507952882475 10008.97139072817 9780.506995210602 9768.351584890448 4079.640703621233 4075.2082341582027 36250.60697758025 36231.173204998275 36201.473266336456 26440.115232797016 26408.387373457477 26377.08717181524 24430.140664886276 20495.423553961635 20470.113003404305 6510.589342067643 6241.946594827432 6234.699187200243 5261.527632769575 6528.696564605517 
347.33944692853265 341.2186680380378 6608.034236556217 6603.999945411369 6603.500971503563 1212.143896703221 10008.970089954008 9780.50637280553 9768.342122259583 4079.631485050324 4075.2026764383136 36250.467496096935 36231.16851158829 36201.409509878045 26440.100765695883 26408.367222860492 26377.082299844682 24430.124453377375 20495.3795505796 20470.086905508335 6510.589342067643 6241.93353372485 6234.697107172799 5261.52171234639 6528.69156312975 
347.3385711096257 341.21749059957324 6608.020184176026 6603.9997799107 6603.500949785452 1212.1380542348052 10008.935668125416 9780.494844697276 9768.318191952365 4079.62604871475 4075.2006590106157 36250.418052049776 36231.16704206384 36201.36054740128 26440.08984440202 26408.33959998436 26377.039016162827 24430.116633907233 20495.348775597555 20470.07072002177 6510.5782518997075 6241.929969320589 6234.690978394931 5261.506498240014 6528.678096865709 
347.33846771001845 341.21443498796225 6608.019531892117 6603.999276824573 6603.500926237163 1212.129484930073 10008.92204920129 9780.477312420311 9768.310877092303 4079.622381760857 4075.198846858815 36250.31282125601 36231.15473957162 36201.31229930148 26440.011038389937 26408.31687099325 26376.971129810772 24430.106635871387 20495.335438852253 20470.04786228654 6510.57515777161 6241.924926597606 6234.689529638583 5261.500910629794 6528.678096865709 
347.33830055389035 341.2142668943179 6608.008208338627 6603.999019221017 6603.500877093976 1212.126865966462 10008.916794792714 9780.467504012451 9768.298322894816 4079.6141531962294 4075.194889119879 36250.28443740587 36231.14887464353 36201.18896579841 26439.999674966675 26408.278704312073 26376.944529891945 24430.066390469758 20495.313773718844 20470.03956009762 6510.571486503585 6241.9217906174 6234.681359067728 5261.495786801868 6528.666931578648 
347.33798304744937 341.2107062637583 6608.005887154791 6603.999019221017 6603.500779234409 1212.12563344297 10008.89773271809 9780.459040950655 9768.281317724235 4079.6069312035306 4075.1924517344087 36250.19005338044 36231.135152931405 36201.07765670485 26439.935569235582 26408.230154647965 26376.926592409483 24430.05301627733 20495.299603474003 20470.008139848254 6510.5643541802265 6241.916694117155 6234.678482908749 5261.491915204084 6528.656409292561 
347.3376773778309 341.21047441248766 6607.98834930043 6603.998774123557 6603.500743444476 1212.121801076229 10008.883755310804 9780.45766339033 9768.24373996795 4079.6028862782987 4075.189516355371 36250.16998909464 36231.1338473937 36201.032083101665 26439.89789614056 26408.185111233797 26376.897697855606 24430.037013500365 20495.23893396725 20469.99935097455 6510.559955746586 6241.913796858346 6234.6763173129375 5261.486237887851 6528.654094642867 
347.3372553394845 341.2088162492423 6607.982566032157 6603.998593526129 6603.500678757972 1212.117356828012 10008.867924867136 9780.444505778414 9768.208929424567 4079.5928490852475 4075.1858196132753 36250.1047196518 36231.11165264267 36200.92086459007 26439.783547689804 26408.183339058745 26376.864921160326 24429.974296585562 20495.223720109847 20469.987132554455 6510.544375465322 6241.910360948566 6234.670931013412 5261.483874207725 6528.646724886788 
347.3370689882229 341.20690224930104 6607.98024893936 6603.998288828636 6603.500526590781 1212.106376472761 10008.842220089906 9780.437103200049 9768.191020141807 4079.5904026879625 4075.18128720807 36249.940912802755 36231.103259512216 36200.881518596405 26439.64607437125 26408.09189504872 26376.856984879418 24429.92752976332 20495.214111456502 20469.983233868832 6510.543553658807 6241.902594079285 6234.669402349251 5261.472546897933 6528.629895023855 
347.3370274656518 341.2039707355484 6607.971870729803 6603.998156999964 6603.500356543388 1212.1027165029595 10008.842220089906 9780.424886498604 9768.146805193348 4079.58373380557 4075.178646772656 36249.88665215378 36231.10307021971 36200.75097552514 26439.64607437125 26408.05553027061 26376.80824110952 24429.893610277137 20495.166106975055 20469.975898553595 6510.53046189226 6241.9007486638875 6234.66795873855 5261.457941403018 6528.629895023855 
347.33559441284865 341.1999241864737 6607.959557387805 6603.997937691668 6603.500249111225 1212.0956618771984 10008.832149118036 9780.417743690725 9768.137767069544 4079.580626665813 4075.1765002826514 36249.66237005186 36231.058406551696 36200.75097552514 26439.59672394641 26408.009701817162 26376.793174806036 24429.83893179198 20495.15303942308 20469.95095591503 6510.528654469126 6241.897246320296 6234.666229008521 5261.455468995729 6528.627024826634 
347.33503276728106 341.19721765134136 6607.938516594185 6603.997668300389 6603.500174716314 1212.090928091744 10008.79766093776 9780.407914443547 9768.126639234855 4079.571843198665 4075.170761577121 36249.63168108323 36231.030867661415 36200.63783445301 26439.55747340914 26408.008248538605 26376.74598945571 24429.805302260276 20495.15157569053 20469.947557524403 6510.51709987605 6241.884934837704 6234.662062796021 5261.450829828916 6528.619015450896 
347.33474870675354 341.19721765134136 6607.932024175641 6603.997665710688 6603.500142210269 1212.082097324117 10008.785528210581 9780.400830835562 9768.103394877966 4079.5703406606444 4075.162740935859 36249.519240390095 36230.98616576269 36200.49290621398 26439.523141791167 26407.932195616027 26376.684837273533 24429.783639947396 20495.112861585578 20469.934272687216 6510.513691025496 6241.87696710737 6234.654750028911 5261.445527425108 6528.613924167895 
347.33437432273286 341.19523163213444 6607.926941532966 6603.997506889438 6603.5000090049325 1212.080409088605 10008.781356916874 9780.391704534184 9768.101840953015 4079.5483102518792 4075.1590921957795 36249.510254217785 36230.93406471064 36200.46550775376 26439.482188968967 26407.87366900151 26376.672607453136 24429.748794241787 20495.107095847787 20469.9042441795 6510.507147495604 6241.874874084302 6234.64933797967 5261.437374827078 6528.605588969546 
347.3342663160197 341.1920115609614 6607.912997871561 6603.997439027658 6603.499931876455 1212.0701363953021 10008.71974956441 9780.347338757923 9768.0912688011 4079.5426977394827 4075.1516539772274 36249.443149100065 36230.84237436995 36200.41575294026 26439.446503357434 26407.841750979147 26376.63904484788 24429.713603666878 20495.086454038257 20469.888152238556 6510.502643470609 6241.86590811791 6234.635801316254 5261.4307121604415 6528.600755332538 
347.33354404034344 341.1877978087034 6607.881326456363 6603.997285627712 6603.499916300941 1212.0646775785976 10008.705610414814 9780.325897560911 9768.071785995988 4079.5373198492425 4075.1421058891347 36249.4242207516 36230.77848997099 36200.38918085012 26439.410316193997 26407.81914159769 26376.628678183737 24429.648553344185 20495.053423596022 20469.87956947536 6510.498007698363 6241.865319671976 6234.631674807645 5261.415992639335 6528.585819363983 
347.3333521229597 341.1865074484076 6607.879310471833 6603.997222326237 6603.499861878846 1212.0529702970807 10008.673196906106 9780.32384137048 9768.057589325845 4079.5277766376585 4075.1388712940434 36249.36319200099 36230.73860073451 36200.38307612039 26439.383407061796 26407.781369087435 26376.595208056326 24429.62652492987 20495.052299753297 20469.85795250337 6510.490413480267 6241.8576919741845 6234.6256882932585 5261.405947427376 6528.564930878513 
347.33198605909274 341.18399554962934 6607.860044034725 6603.996865960882 6603.49981132157 1212.0463943680047 10008.596106946405 9780.305517043618 9768.056078004105 4079.5200524750744 4075.1386512991603 36249.351168874055 36230.70513684713 36200.289416408 26439.29324641649 26407.777246094876 26376.595208056326 24429.597187589396 20495.043602163492 20469.817146279187 6510.485696910551 6241.846569851975 6234.623564828419 5261.4052715980515 6528.529794366533 
347.3317074444851 341.18239279661725 6607.855579505405 6603.996730047376 6603.499725865525 1212.0281859477986 10008.582557123174 9780.283490440635 9768.011452331431 4079.517811946669 4075.132820113118 36249.311107164365 36230.55704047582 36200.28279985018 26439.262039082398 26407.753883158002 26376.555901437147 24429.580653472614 20495.022880422235 20469.80186609293 6510.4841360906385 6241.845131943899 6234.62032412713 5261.401087440362 6528.522845356141 
347.33108286992547 341.18056447163235 6607.839993820593 6603.996619290788 6603.4996919878695 1212.0164897915952 10008.558928152468 9780.283162335272 9767.998889082439 4079.514679238069 4075.132105531946 36249.28578670099 36230.51519415743 36200.26371271387 26439.197690586607 26407.735694386138 26376.500830430905 24429.56645807586 20495.021759205196 20469.777799428 6510.475831328206 6241.837674669665 6234.614542393437 5261.396897680422 6528.508762762359 
347.3303134821076 341.1798397579262 6607.837560885675 6603.99641333984 6603.499542897786 1212.009961101809 10008.548341486821 9780.281303181348 9767.993752728504 4079.5122632186403 4075.13191498991 36249.21693763794 36230.454156127606 36200.19131864064 26439.188705831075 26407.712772276354 26376.466703020713 24429.538526598757 20494.992649325643 20469.748412648816 6510.464043628834 6241.821743213198 6234.596984268839 5261.38329731808 6528.504263957361 
347.32987598773593 341.17945731741634 6607.833938538577 6603.996369458608 6603.499426535284 1212.006371319882 10008.539676373608 9780.268432561748 9767.992236672686 4079.5024345514175 4075.118879515685 36249.17005907778 36230.37610598243 36200.151834745266 26439.164221390194 26407.66690272108 26376.333176965716 24429.510796751718 20494.963179227747 20469.737988278812 6510.461582939448 6241.804223917328 6234.596034004955 5261.375805074032 6528.496162459137 
347.3298511071939 341.1790150099946 6607.831219629412 6603.99621098446 6603.499366344903 1212.0013413125107 10008.51970100271 9780.265970931634 9767.9793384504 4079.4999463854174 4075.113606861546 36249.118547409984 36230.337287593284 36200.10300564076 26439.14297432961 26407.625169656752 26376.31673992971 24429.484948870555 20494.95687529046 20469.670417905232 6510.452103900805 6241.803628945406 6234.59253097658 5261.37130622715 6528.483964367644 
347.3295972823587 341.1786251357021 6607.821788993971 6603.995945454497 6603.499357637267 1211.9889182600837 10008.515820117422 9780.251844236207 9767.959261836007 4079.496076631318 4075.112947999696 36249.086021428484 36230.19357257496 36200.075456729355 26439.107155840287 26407.61141598587 26376.244238025807 24429.420339908567 20494.89872829859 20469.629466672097 6510.443116545639 6241.798315169934 6234.58819599187 5261.357742930523 6528.47891209942 
347.32907967505776 341.17492825023896 6607.809707951365 6603.995499981681 6603.499253242777 1211.9779451339245 10008.510859405462 9780.237105768994 9767.939480883917 4079.48892204377 4075.1102653134194 36249.037356212655 36230.186844562224 36200.0295495087 26439.08263737486 26407.602658807227 26376.193733307628 24429.407835710426 20494.875611580566 20469.618317521712 6510.433773905653 6241.79062070726 6234.582422100947 5261.35738735329 6528.470928985035 
347.32852891244806 341.17420857706475 6607.804554930423 6603.994496458479 6603.499214534061 1211.965814247426 10008.493673871035 9780.235162449253 9767.924509606839 4079.480707597756 4075.106107262891 36249.00022669959 36230.079439381894 36199.99488851111 26439.067982495122 26407.521622960227 26376.190880920418 24429.271213161606 20494.851022849136 20469.61622813359 6510.425664724879 6241.779782560006 6234.582223009106 5261.352769495991 6528.46963194327 
347.3281603481523 341.17215026589656 6607.800150690209 6603.993887873188 6603.49913171362 1211.953977952368 10008.474563985366 9780.222886183114 9767.894408859704 4079.4752844854665 4075.104223208804 36248.967940391165 36230.04424757372 36199.98680843168 26439.03326290368 26407.49919289796 26376.184784837722 24429.15526364641 20494.827473406207 20469.608108961693 6510.418406737086 6241.776691865395 6234.569920745765 5261.3507334930255 6528.455361319548 
347.32742980378134 341.1707985814819 6607.795239444496 6603.9931013335945 6603.499053515718 1211.9233831871838 10008.474555148932 9780.203692196676 9767.890523950535 4079.468125862316 4075.104223208804 36248.9108466818 36230.014190478876 36199.94396962421 26439.000413399794 26407.467080559014 26376.15161722091 24428.969636946014 20494.794357314502 20469.590813280945 6510.412824089027 6241.767250269509 6234.555650215983 5261.348304519678 6528.453016701937 
347.32649308920895 341.1697793635358 6607.793586991614 6603.992867627121 6603.498872482507 1211.907321245083 10008.464716282004 9780.187469930757 9767.886494495682 4079.465921975154 4075.100822202935 36248.86257593074 36229.947767829646 36199.92606005396 26438.95743416158 26407.433569155106 26376.143505936412 24428.958298332338 20494.768842526864 20469.584284713772 6510.408867862815 6241.763187341874 6234.534359956058 5261.342537951828 6528.446212323812 
347.32639411157515 341.16831677796813 6607.786240573549 6603.992499548769 6603.498847897415 1211.879382081841 10008.446558739732 9780.18024670116 9767.885419247039 4079.4628232951854 4075.096759986651 36248.85169808022 36229.92908520103 36199.88438699619 26438.95618988132 26407.37248777217 26376.101933380978 24428.791785254285 20494.731025735175 20469.548075435916 6510.3971402563275 6241.758335519543 6234.527997469518 5261.3382823457005 6528.43336888344 
347.3262015773448 341.1676872184387 6607.78233021627 6603.991783722152 6603.498771844141 1211.8721855791373 10008.432500095467 9780.170859940066 9767.873762096528 4079.4583453435753 4075.095116624385 36248.82342393985 36229.81309589512 36199.85669075153 26438.88919596227 26407.365319205932 26376.0503229503 24428.76495603509 20494.724971935044 20469.548075435916 6510.39092671066 6241.749243112526 6234.503936499429 5261.336146461992 6528.43336888344 
347.32559771447586 341.1639908485272 6607.773350958585 6603.991274804568 6603.498747930077 1211.8657207074557 10008.431538093546 9780.152326619445 9767.86536061832 4079.4574426861163 4075.0930987956654 36248.804946479264 36229.755462842295 36199.79959450968 26438.888109757427 26407.33268214805 26376.003698045897 24428.75090750266 20494.67923939094 20469.516209814436 6510.381192807231 6241.732123416919 6234.493564164134 5261.333157688877 6528.426217652278 
347.32524520997663 341.1632955891382 6607.767214338707 6603.991059228574 6603.498389522908 1211.8499958503212 10008.413579240112 9780.1476122619 9767.85696773651 4079.4507389362952 4075.082191021699 36248.79599399521 36229.70714489698 36199.764630777754 26438.875977947624 26407.331627924596 26375.968371215953 24428.594892486813 20494.677429028445 20469.485519889266 6510.376246958336 6241.732123416919 6234.4772710405 5261.318455524906 6528.426194556964 
347.3249463734546 341.1626345432446 6607.758288457949 6603.990278885576 6603.498297807601 1211.846905041889 10008.378594941318 9780.136416690628 9767.851555185935 4079.4467211314113 4075.0785682801034 36248.73847089369 36229.61927565017 36199.73989716538 26438.85645860722 26407.298448331654 26375.920214384078 24428.594892486813 20494.64048159331 20469.472557975278 6510.375808334033 6241.713023805617 6234.464812607078 5261.316598395226 6528.420202896275 
347.3242950195213 341.16138718973207 6607.75774907388 6603.9897219706845 6603.49821007059 1211.834634255143 10008.352186777089 9780.136241713104 9767.832846919755 4079.4443438338767 4075.0692375281224 36248.72195774678 36229.54381565942 36199.71866241545 26438.83580379807 26407.271485803652 26375.900075135447 24428.51852451159 20494.639265528047 20469.458350601835 6510.373376242174 6241.703404485047 6234.457584755414 5261.309032324184 6528.419682457453 
347.3238743675954 341.1598818748546 6607.750799495442 6603.989087279304 6603.498084687347 1211.8212910030916 10008.343588282467 9780.128651248051 9767.830821532683 4079.436076033887 4075.058867733953 36248.68777046754 36229.5318675676 36199.628933645465 26438.831413315744 26407.231903751454 26375.87920415176 24428.48943396613 20494.6228841134 20469.453692579224 6510.368775739599 6241.675561267379 6234.448493638161 5261.305654999211 6528.411562802741 
347.3232111946868 341.1598441762735 6607.742684556073 6603.988882761378 6603.498020899399 1211.8110010573919 10008.341071962557 9780.12660265181 9767.820008742307 4079.434580549547 4075.053471086301 36248.663413550865 36229.4062948807 36199.586848145875 26438.821127182964 26407.204483592894 26375.867300471484 24428.4194673027 20494.60795317533 20469.436535867917 6510.367157048974 6241.675561267379 6234.448493638161 5261.301631151972 6528.405657178065 
347.32313362295963 341.1583925487705 6607.7286038764705 6603.988561346179 6603.49787880558 1211.7996313151834 10008.323892820048 9780.115652189987 9767.817941021789 4079.4264571066033 4075.0515840770004 36248.65212519009 36229.394699957404 36199.56955931206 26438.81904800014 26407.19013203461 26375.809972912582 24428.389079191566 20494.597975785146 20469.416248999118 6510.364726060787 6241.663830906686 6234.438150928809 5261.293067277431 6528.3991776347 
347.3227301229863 341.1566398362356 6607.725895474182 6603.987958325673 6603.497790010624 1211.7996313151834 10008.320072376182 9780.114677537384 9767.798838570156 4079.415002100335 4075.0451623519166 36248.56815310051 36229.34956356614 36199.47970153172 26438.816488023334 26407.19013203461 26375.7689031367 24428.35551108881 20494.57848533255 20469.403352887613 6510.360365844272 6241.654623152326 6234.437726601348 5261.286053440656 6528.397713544631 
347.32234170325364 341.15585526131144 6607.720787985233 6603.987630714295 6603.4977039036285 1211.7950541482105 10008.31299962519 9780.111550754884 9767.797422108386 4079.4147999907455 4075.0391921213413 36248.542750623914 36229.338325671626 36199.46522422266 26438.803202011808 26407.167142453123 26375.723335397848 24428.345431789578 20494.54612999378 20469.377885027065 6510.350106541561 6241.642524063695 6234.4286403974575 5261.272396806262 6528.393601595282 
347.3221723192521 341.1545837500696 6607.712393200697 6603.98746719492 6603.497678329399 1211.7681145753277 10008.302097929578 9780.107930741035 9767.78604533594 4079.408470914026 4075.037505844487 36248.4865609955 36229.32611142514 36199.444301417294 26438.792891573692 26407.160845882572 26375.715103271126 24428.29107792712 20494.537165900034 20469.33091959671 6510.336299547806 6241.640937388455 6234.42804002233 5261.272396806262 6528.388902601758 
347.32174475357897 341.1519005333146 6607.696911188498 6603.9869023973015 6603.497596172438 1211.7335033090794 10008.292626929328 9780.098378887475 9767.784495700751 4079.4046575274924 4075.031775277381 36248.4865609955 36229.26158533528 36199.41906308076 26438.78786368928 26407.12404970024 26375.661418916818 24428.289283764614 20494.531332205574 20469.33056691905 6510.329137778534 6241.625477546395 6234.419751807091 5261.270076650186 6528.38401970192 
347.3213601867096 341.1511452300588 6607.691790185798 6603.986437435946 6603.497581189178 1211.6905864632008 10008.282767712375 9780.096210760556 9767.783039487183 4079.4030790229353 4075.016706620205 36248.46226706462 36229.22257626308 36199.32759793154 26438.7436323122 26407.078585928837 26375.64856575332 24428.26575005073 20494.510872414587 20469.29287734223 6510.316951502635 6241.605038150466 6234.419356573607 5261.254207457025 6528.380609923325 
347.32126994948726 341.15079206538076 6607.683619330876 6603.986136091148 6603.49754329453 1211.6660039902258 10008.278130205472 9780.092317725863 9767.768310039704 4079.3965324714427 4075.015267803051 36248.44097417055 36229.12172247197 36199.322447760875 26438.73282604874 26407.078585928837 26375.587148976283 24428.236392520623 20494.510029549972 20469.280640454712 6510.3099196747235 6241.595890905018 6234.4108883210165 5261.248057042902 6528.377360232529 
347.32103226547224 341.1498165141884 6607.676245065701 6603.985451073674 6603.49751632697 1211.6583510197706 10008.257267933566 9780.089593165605 9767.763209456725 4079.3964115002236 4075.014146182144 36248.36725217626 36229.10426677064 36199.26522080341 26438.724436606826 26407.048883973126 26375.56254204201 24428.214614743945 20494.498869422412 20469.273870614274 6510.296766534643 6241.5830681343805 6234.403212902806 5261.24449846968 6528.369560408791 
347.32091153068814 341.1479156546766 6607.6723277669635 6603.985379318365 6603.497447857992 1211.6464988430557 10008.25337921945 9780.085713382767 9767.752375350457 4079.3868789710214 4075.011778561461 36248.35231159367 36229.06463590227 36199.2306184276 26438.70456388406 26407.030168341826 26375.4957811489 24428.145220791597 20494.487854523213 20469.248818700282 6510.290705967462 6241.57998218846 6234.401949493216 5261.243735432038 6528.365664125479 
347.3205498767247 341.14758237917545 6607.664168526468 6603.985164788849 6603.497406936873 1211.6383808121382 10008.25337921945 9780.081351830828 9767.743593449117 4079.375750880011 4075.003927080277 36248.302198123674 36228.95052278403 36199.22223109208 26438.6740654418 26407.019954645635 26375.4136858195 24428.10123868375 20494.46298795891 20469.245464365293 6510.270111227252 6241.568852371211 6234.394898373886 5261.238027098888 6528.357873138613 
347.3203801234165 341.14723690848996 6607.648516437373 6603.985056024354 6603.497265791202 1211.6234023927636 10008.237364744453 9780.080891992086 9767.738834825876 4079.3693162347054 4075.0016350108035 36248.274006450025 36228.83742534715 36199.18852815674 26438.662427453215 26407.00816488449 26375.39142861258 24428.04774647026 20494.461993744422 20469.22429895769 6510.252363995281 6241.544785730744 6234.381075821698 5261.238027098888 6528.357063537617 
347.31998631874876 341.14656804317065 6607.6342494264 6603.984559093766 6603.497220448609 1211.6234023927636 10008.215255976886 9780.074960095126 9767.726626652406 4079.365558945654 4074.9973675798246 36248.26300442276 36228.81854582499 36199.12335409682 26438.648621588323 26406.97680730521 26375.381682476174 24427.99466563649 20494.444613875738 20469.218833623017 6510.251408812407 6241.544361481783 6234.371926548726 5261.233427316501 6528.348855638199 
347.3196668817045 341.1464251701075 6607.616386351878 6603.984559093766 6603.4971800161275 1211.60937195605 10008.203013507427 9780.06511328257 9767.724784393713 4079.354913352163 4074.989913432868 36248.23627915301 36228.76278029152 36199.08099347409 26438.644441011125 26406.95771442285 26375.308977122007 24427.99044703889 20494.440494185827 20469.16690858867 6510.2333124361385 6241.537320541352 6234.371926548726 5261.227600454593 6528.340074167349 
347.319164681182 341.14547322642943 6607.609652459442 6603.984075218563 6603.497080057005 1211.6027558055157 10008.162053315438 9780.0589343722 9767.710600259672 4079.34908731426 4074.981895953788 36248.1955788631 36228.72360191913 36199.04769093615 26438.63036373613 26406.92129550562 26375.290723864597 24427.982386869655 20494.433211012944 20469.128619294363 6510.227685669325 6241.512668961282 6234.367024717074 5261.223092505265 6528.334880838967 
347.3187983698035 341.14507265861903 6607.599845031382 6603.983889919206 6603.4970206841635 1211.5903546117174 10008.142813929284 9780.051102880105 9767.694316911487 4079.338408161997 4074.9763011470486 36248.19472127269 36228.635843276425 36199.040041440036 26438.60149054864 26406.907275912552 26375.177496673266 24427.940153249943 20494.413312186603 20469.109595823746 6510.226295110243 6241.512668961282 6234.367024717074 5261.220972263346 6528.323339528867 
347.3184815407112 341.14462779327664 6607.594357602746 6603.983526467078 6603.496979955295 1211.5741976303234 10008.087322078512 9780.02860944716 9767.691493363578 4079.3349906713784 4074.9554673014045 36248.17091658769 36228.52998408481 36198.993661582186 26438.580154649746 26406.866194020484 26375.16952768935 24427.91230083386 20494.394318542538 20469.061042339843 6510.208065572466 6241.499622596439 6234.3625139081 5261.218117515644 6528.319145749915 
347.31782474293277 341.1440875345181 6607.590445174423 6603.983508472869 6603.496923280768 1211.5649729773922 10007.992074619988 9780.005586186568 9767.673967468138 4079.3309546955807 4074.946670810513 36248.1104412708 36228.52998408481 36198.947375185286 26438.543693695614 26406.831877086595 26375.154731180304 24427.89527084235 20494.388993498465 20469.01120444987 6510.178128467324 6241.487557112608 6234.356241110794 5261.213825921725 6528.313699266645 
347.31778273037935 341.1425112896268 6607.579604504992 6603.983168012347 6603.4968616249325 1211.5638523434172 10007.962174969425 9779.993332802613 9767.653329777619 4079.3249644590596 4074.932524150634 36248.03118877268 36228.514417493854 36198.91016266693 26438.472791707543 26406.806904301444 26375.101428100028 24427.877605500624 20494.36907539357 20468.9995347458 6510.172185402523 6241.478522435868 6234.3523791867565 5261.20713645174 6528.29784499025 
347.31738911699654 341.1420646942033 6607.563465117413 6603.982903811897 6603.496807272988 1211.5570428524761 10007.902449293742 9779.973537608515 9767.64942771125 4079.300565675495 4074.918085110634 36248.03102758993 36228.46263372373 36198.74967194968 26438.45287479369 26406.754609738196 26375.101428100028 24427.861089309434 20494.35178699986 20468.935233863616 6510.168047456225 6241.469379577499 6234.349070236878 5261.194158079141 6528.290601056982 
347.3170276145961 341.1420268998104 6607.551871081615 6603.982778003841 6603.496718864191 1211.549527918079 10007.890168529104 9779.945400727385 9767.639939434363 4079.299521847046 4074.9096172756936 36248.011199736924 36228.366260977346 36198.677108044576 26438.422775110714 26406.731359384084 26374.98013815997 24427.836822722962 20494.303178373084 20468.935233863616 6510.162666783871 6241.46527836827 6234.34235597719 5261.194158079141 6528.28838715053 
347.3169795447907 341.14153523385494 6607.5481404197135 6603.982093507404 6603.496615252656 1211.547675505005 10007.889207953289 9779.932550607498 9767.62080121692 4079.2982085930853 4074.9015258343206 36247.90289740414 36228.34722364255 36198.61885892838 26438.371365950963 26406.696636859313 26374.905921900016 24427.783435427707 20494.29926883957 20468.924109384512 6510.147670484857 6241.4610618678835 6234.334442377272 5261.181206152289 6528.28757231076 
347.3165842214437 341.140741718669 6607.536180919654 6603.9818931473355 6603.496502683778 1211.5414775263844 10007.808057340168 9779.920815738236 9767.609516371764 4079.291385695027 4074.895562304687 36247.83027879624 36228.328104274624 36198.5890972703 26438.33775099387 26406.635534808163 26374.889964176626 24427.78121362255 20494.26682263157 20468.912451728957 6510.129635418188 6241.451071843172 6234.330919847804 5261.181206152289 6528.279498964479 
347.31589597729703 341.14023024436506 6607.522358173319 6603.981406684514 6603.496419628409 1211.5359210464803 10007.808056251082 9779.920815738236 9767.597218175997 4079.279595750055 4074.885346805746 36247.74984248487 36228.242598002704 36198.52393164546 26438.30911359722 26406.629028767933 26374.82347867149 24427.73424960992 20494.234810346337 20468.89997964579 6510.12143187468 6241.434452462537 6234.32176842833 5261.178380296623 6528.2785081079655 
347.3155246346123 341.13958525222074 6607.502604658595 6603.9803835677085 6603.496339758418 1211.5308914524194 10007.789840837528 9779.90696888578 9767.585494541412 4079.2741525570436 4074.8741352006955 36247.72601738085 36228.16223323366 36198.51262680619 26438.285141629978 26406.610080400023 26374.779174561314 24427.69697516198 20494.2147126206 20468.87669859647 6510.109025083333 6241.419940091984 6234.319175759392 5261.174565676096 6528.264342503422 
347.3152799121908 341.13946047665013 6607.48833682006 6603.980311253243 6603.4962548421 1211.5208158654318 10007.785874767156 9779.900770967844 9767.555082079352 4079.26699755981 4074.8709815928505 36247.67391226198 36228.13231908187 36198.49989762184 26438.222660156072 26406.568707606726 26374.76045868093 24427.662540074474 20494.186252902473 20468.867420141454 6510.0979156989415 6241.4168387260115 6234.315728802476 5261.168581360251 6528.26035992227 
347.31439723952167 341.13798544293104 6607.477003593281 6603.980281742084 6603.496235279744 1211.5195275649503 10007.747176983697 9779.894264019604 9767.544594470206 4079.259725044056 4074.8709815928505 36247.67391226198 36228.12027740085 36198.47638799727 26438.201293375325 26406.519602395972 26374.708460597973 24427.588169911083 20494.164024723195 20468.837132029454 6510.091984078899 6241.402199817192 6234.314676318867 5261.159261982988 6528.2553258060825 
347.3139314841187 341.13560314296205 6607.46976450202 6603.979589117379 6603.496144486321 1211.5141070376435 10007.723628284544 9779.887233901425 9767.533039824119 4079.2499718500567 4074.8608347048375 36247.62215674062 36228.100402988945 36198.45575885532 26438.12643302982 26406.519602395972 26374.704541256986 24427.577207271068 20494.136776233627 20468.820846809598 6510.086423366513 6241.397989323619 6234.3094636148135 5261.143719862451 6528.252749352281 
347.3139314841187 341.12931778546 6607.450614106599 6603.979424123593 6603.495982149474 1211.5100205246463 10007.71924372274 9779.864180184635 9767.51708509156 4079.2483540560534 4074.8582731281804 36247.44535309404 36228.08201556398 36198.435577223165 26438.11759936095 26406.44602770519 26374.68307671647 24427.537806891203 20494.122979628064 20468.790535725802 6510.086041812912 6241.37046574297 6234.303507130339 5261.137102970032 6528.245958855807 
347.3137523972855 341.12894892429176 6607.447349147937 6603.978768532535 6603.495937353054 1211.4980751882867 10007.672041115447 9779.861588126025 9767.498591991052 4079.2432570492692 4074.84924008447 36247.44505215341 36228.07316161216 36198.363726917465 26438.08867023786 26406.389147895337 26374.672860449788 24427.514089902103 20494.087486080036 20468.769089648238 6510.064764581988 6241.355255025002 6234.301379445831 5261.124379382312 6528.235621870732 
347.3130838999416 341.12621448401296 6607.43466158653 6603.978682407509 6603.495848828123 1211.4888541495939 10007.65087717622 9779.858375845404 9767.491368717907 4079.239085409851 4074.844699065946 36247.406534908536 36228.02444228083 36198.285525894724 26438.06065146605 26406.355917854617 26374.662096962606 24427.475261586627 20494.071516872464 20468.706149634865 6510.058370719777 6241.349891864661 6234.299205565298 5261.122018764919 6528.233385521676 
347.312829034508 341.1249216560234 6607.4264833120305 6603.978339417746 6603.495732129499 1211.4843790418295 10007.617764308088 9779.857135165614 9767.485319566236 4079.237915547632 4074.8375352770427 36247.31035323303 36227.99795668649 36198.269213439235 26437.982787537647 26406.32268066694 26374.654612420694 24427.472572603157 20494.052669285622 20468.68155855316 6510.050801252424 6241.346571666044 6234.294870799969 5261.119277766755 6528.224622423736 
347.31280667681085 341.1226191399853 6607.421931132123 6603.978067810678 6603.495723826691 1211.4773237831769 10007.59346751518 9779.853323925343 9767.46010835729 4079.2311200571075 4074.82374465503 36247.267361229344 36227.98565030368 36198.26157733299 26437.982787537647 26406.265362093687 26374.570752560117 24427.45516610371 20494.04689933722 20468.65815207632 6510.048286891301 6241.334708536088 6234.29176462014 5261.1119470036365 6528.216992456522 
347.31234135014756 341.1206626716921 6607.399670778858 6603.977864527469 6603.495649095235 1211.4728607240431 10007.553436893535 9779.83648099794 9767.440150656732 4079.2221624163267 4074.814154306835 36247.05282115997 36227.97239491506 36198.21474875358 26437.92198976107 26406.26478667847 26374.552110217748 24427.448397770033 20494.02088936528 20468.619645089195 6510.044100315389 6241.33095420292 6234.286017492052 5261.106017923124 6528.21589799465 
347.31203701835057 341.12030983415934 6607.389167708879 6603.9775070066535 6603.495413750844 1211.46937442434 10007.540390557615 9779.833879119671 9767.432461585382 4079.218443764492 4074.8026385435023 36246.992175151536 36227.97236521886 36198.19974451723 26437.894849198667 26406.19900167481 26374.484590957643 24427.43810077029 20494.006316637002 20468.60680546179 6510.042965012739 6241.3248357132825 6234.284868710539 5261.100033902037 6528.210570222421 
347.31160487744 341.1198390225022 6607.376023772333 6603.976208344859 6603.495406025043 1211.4671059118718 10007.51960529878 9779.832514625457 9767.423983149773 4079.2124577950544 4074.801976351666 36246.922692841115 36227.967682594535 36198.14984373227 26437.87715767021 26406.138033248695 26374.45394914636 24427.42702582914 20494.001717992152 20468.57304519022 6510.035887621083 6241.322610435059 6234.280565602831 5261.093836618498 6528.206451325472 
347.31156845902046 341.11958523283784 6607.368699626071 6603.976208344859 6603.495338992181 1211.4602138804375 10007.492210520664 9779.825913656181 9767.415360349589 4079.210826783502 4074.7959240934724 36246.81461409523 36227.954312792004 36198.12899355922 26437.776028982964 26406.1255646988 26374.381125602657 24427.395549187124 20493.97731860313 20468.541487010443 6510.027948197133 6241.3190660838945 6234.279960761666 5261.0867528277895 6528.198943989369 
347.31151063380435 341.1188846927935 6607.366090427323 6603.975759770527 6603.495302606857 1211.457189431817 10007.463326139643 9779.8159801085 9767.412780775347 4079.208879848764 4074.7899754849223 36246.714737230934 36227.954312792004 36198.11260821905 26437.76941525878 26406.037147228617 26374.358296361654 24427.367243860914 20493.976351526 20468.52700283324 6510.01969822795 6241.316487942864 6234.275032600755 5261.080696391849 6528.193848432695 
347.3107317818658 341.1181837887116 6607.356091604135 6603.975456000977 6603.495185100812 1211.4541674955985 10007.441320088403 9779.81275249196 9767.404981236557 4079.20380281074 4074.783666750376 36246.70314638298 36227.949877845116 36198.06628666099 26437.76402155003 26406.034583409823 26374.342440973425 24427.329018684515 20493.96382817657 20468.503036591712 6510.006082887262 6241.308145157076 6234.272255457956 5261.077013441516 6528.180067962006 
347.31067115952465 341.11629831058053 6607.348654863678 6603.975299609222 6603.495092289707 1211.4480113916143 10007.43672869415 9779.807903467554 9767.395349724859 4079.2007720720685 4074.7744385332435 36246.65474220661 36227.945869078496 36198.03230373596 26437.721254550986 26406.01989007846 26374.321951527952 24427.259075393402 20493.94648963302 20468.499749632727 6510.00535565444 6241.306744928065 6234.270463941053 5261.069775835654 6528.176698733777 
347.3099519337718 341.1162564245333 6607.344064567152 6603.973804776808 6603.49505842261 1211.4440695615822 10007.423147930162 9779.800613434487 9767.390517099582 4079.198569220074 4074.77299142435 36246.63583096295 36227.94124653803 36197.84841495175 26437.711695590406 26405.980839943335 26374.286726781116 24427.256196671584 20493.92879242117 20468.469837618817 6510.005029828315 6241.304792826978 6234.265840437082 5261.067307420441 6528.175580219729 
347.3094800646204 341.115323560316 6607.337146560931 6603.973786643446 6603.49505842261 1211.4440695615822 10007.38377901053 9779.78573332089 9767.381129698759 4079.1932186201384 4074.7718701252215 36246.609543669365 36227.929370325866 36197.76335301606 26437.68498154974 26405.968552101738 26374.261669850122 24427.23965506582 20493.913963544735 20468.44122559056 6509.993954024636 6241.296212019242 6234.254231986838 5261.0659862949515 6528.17015123018 
347.3094460778657 341.1145460420539 6607.332787777544 6603.972267739075 6603.494997458537 1211.44085652804 10007.374328313406 9779.777533847604 9767.376997896867 4079.1911270221335 4074.757185885829 36246.58565571958 36227.9239254424 36197.725150257735 26437.659829394303 26405.94728596718 26374.21391247157 24427.21153683424 20493.87443578316 20468.418992581486 6509.977296486741 6241.286231866278 6234.244922969635 5261.057118307145 6528.1699067348645 
347.3094051221592 341.11358789406313 6607.323005100935 6603.971995495704 6603.494960059499 1211.4372395976047 10007.36542353454 9779.763841382353 9767.365302537293 4079.1897793080225 4074.750462103876 36246.57000067772 36227.90881036804 36197.67503518709 26437.63435420574 26405.932135763844 26374.142433517398 24427.16176407494 20493.87104827155 20468.397764913563 6509.970743227691 6241.273806183015 6234.233697129284 5261.055542703953 6528.1655328698325 
347.3090703671078 341.11178047022395 6607.321358375582 6603.971680794756 6603.4948969817715 1211.4276987938752 10007.347251062021 9779.760650556236 9767.360054750401 4079.1851384096644 4074.7415553777028 36246.48266222545 36227.90642998225 36197.65105601459 26437.54835357815 26405.90352810211 26374.137446984023 24427.140120640972 20493.847508923674 20468.366284691714 6509.9634552678845 6241.269470679521 6234.232815623727 5261.052925519836 6528.159438140789 
347.30887428382584 341.11082542896247 6607.31046739839 6603.971308652264 6603.494851231273 1211.422994977294 10007.314212064644 9779.74628650263 9767.352751958066 4079.183317170271 4074.7271989690307 36246.46238855969 36227.90290990443 36197.543929887834 26437.543621168526 26405.83399364681 26374.08935508868 24427.119072661095 20493.833742817285 20468.356319565395 6509.958387381171 6241.257303994843 6234.229434230545 5261.045485827688 6528.1561187819725 
347.30879772189655 341.1086210731496 6607.308739687177 6603.971029070407 6603.494724059788 1211.4182997599064 10007.312659995972 9779.729479196336 9767.347396204868 4079.1796279488844 4074.712257554682 36246.42257981915 36227.902705616565 36197.51840400928 26437.526665681533 26405.82246721797 26373.99972268856 24427.119072661095 20493.827289769768 20468.338635904078 6509.953030924295 6241.252715797625 6234.225900726829 5261.038842413084 6528.154912656281 
347.3086578247471 341.1061077398015 6607.299699675199 6603.970591174462 6603.494648071438 1211.4099566653504 10007.291496036578 9779.725000085005 9767.342547634016 4079.1791847345557 4074.694742054784 36246.358646398905 36227.89509385935 36197.512039896275 26437.432028878047 26405.78687331416 26373.973160848385 24427.07001481793 20493.817165600893 20468.327511580064 6509.951873207512 6241.246006846409 6234.2152063165495 5261.032278147647 6528.151474794485 
347.3084870549642 341.1057824134948 6607.2993051628 6603.970255734397 6603.494532941694 1211.408160074683 10007.281676658347 9779.713991630424 9767.335381689763 4079.178266171195 4074.681607229133 36246.27513788838 36227.89147268126 36197.48294477591 26437.422007071345 26405.695006564776 26373.96529756293 24427.050318850743 20493.811873324066 20468.321615041677 6509.94646620308 6241.242843554446 6234.20950363427 5261.029254273555 6528.149130065508 
347.30821931420314 341.1041070538936 6607.291132463591 6603.970208714739 6603.494470176641 1211.4048041393971 10007.262689667838 9779.698282342866 9767.329651587474 4079.1745397978157 4074.657500062951 36246.24821006982 36227.88882265998 36197.452343257144 26437.397969331458 26405.656421892105 26373.93341976573 24427.011107875584 20493.78585323756 20468.30731839747 6509.945542345239 6241.239364877466 6234.192397541067 5261.024945803184 6528.145864260158 
347.3078771807218 341.10242717545907 6607.286889938989 6603.969653474604 6603.494434815498 1211.401189441398 10007.26268285405 9779.691714351673 9767.322044218292 4079.170048677279 4074.6440409220977 36246.2224598744 36227.886176454645 36197.37822227235 26437.39734080274 26405.656421892105 26373.918493426077 24427.001591435404 20493.774628138155 20468.2981764115 6509.941208902294 6241.230732714128 6234.1876928520005 5261.013617920714 6528.1413092108305 
347.3075308437287 341.1002283127809 6607.270240474091 6603.968946452464 6603.4942897254405 1211.401189441398 10007.24917747286 9779.691714351673 9767.319032635574 4079.166370040173 4074.638031555045 36246.126416108265 36227.883686877765 36197.359367005665 26437.368194330105 26405.57637651431 26373.879283693324 24426.971481071694 20493.757153226114 20468.270263820385 6509.924161555985 6241.227674600665 6234.176921305178 5261.011730308945 6528.136537109525 
347.30723014207115 341.0993572054001 6607.253749554834 6603.9689186205105 6603.4941185356165 1211.3981323095913 10007.2421301121 9779.674499227718 9767.31625197367 4079.1591060890323 4074.621944366785 36246.07254336603 36227.883564689 36197.31530721513 26437.329943672383 26405.485083971584 26373.853619457575 24426.947907974707 20493.754525725657 20468.261513195863 6509.923522502372 6241.224617854381 6234.174926298962 5261.005061122345 6528.135656105211 
347.3067480633938 341.0971787529829 6607.241585695403 6603.968917240293 6603.494024676149 1211.3972014643932 10007.23512322186 9779.661035503932 9767.310609259464 4079.1579161973186 4074.60202859074 36246.03294538054 36227.882824417924 36197.28704646313 26437.293397727677 26405.468896867835 26373.850500263015 24426.92874875714 20493.75306230638 20468.2495220367 6509.9200684467105 6241.217259530806 6234.171671614536 5261.001793036623 6528.129259054872 
347.30647905563274 341.0947406642558 6607.241585695403 6603.968770526224 6603.493863185123 1211.3937385938843 10007.228736967929 9779.653090732634 9767.309862279402 4079.15033979925 4074.574823340059 36245.943869388844 36227.88204025227 36197.26101368861 26437.26153784459 26405.368851136285 26373.784829258442 24426.917096772522 20493.737110739807 20468.244270809613 6509.915559847619 6241.20040438988 6234.166611613516 5260.996646051911 6528.126836803345 
347.30623667280156 341.09372473085887 6607.229347154099 6603.968718524126 6603.493695041838 1211.3922914988352 10007.209157773303 9779.650728274231 9767.307924289436 4079.1475551551503 4074.5622174280998 36245.91039348081 36227.881493099034 36197.25399615805 26437.249487922647 26405.30969097213 26373.777098905386 24426.827062124907 20493.727080651614 20468.22204970641 6509.913012974266 6241.18550997679 6234.16582002339 5260.995661476959 6528.12196705122 
347.3056617249151 341.09293786613284 6607.226207738208 6603.968673061079 6603.493395221924 1211.3899174217386 10007.204377640006 9779.648663037704 9767.303008207275 4079.145324768848 4074.5312669053183 36245.8909045282 36227.8814906174 36197.191155725326 26437.237083935597 26405.269402172802 26373.721541420473 24426.827062124907 20493.702510323918 20468.1726937449 6509.910668045049 6241.181674936114 6234.158860091924 5260.991531553826 6528.118679849181 
347.3053774376824 341.09199283809676 6607.220264550317 6603.968599455009 6603.493282901228 1211.3889485458271 10007.16843560432 9779.641330100896 9767.295683379893 4079.1453199903917 4074.432042566591 36245.887450118484 36227.88047451677 36197.12815466433 26437.206342723595 26405.202701786984 26373.686438583634 24426.818986364207 20493.685406558143 20468.159911849198 6509.9040617659675 6241.1769267590535 6234.149856972973 5260.988719913768 6528.113877784649 
347.30486393289357 341.0891484272174 6607.2168551461 6603.968503936321 6603.493070688848 1211.3796653648424 10007.166777343757 9779.625238976441 9767.290847245284 4079.1420473412045 4074.4318697433973 36245.85249290653 36227.88000537132 36197.04479590222 26437.18463016406 26405.145034176912 26373.680624468092 24426.818060490466 20493.636278996553 20468.129260204587 6509.897177142765 6241.163065578184 6234.146560439806 5260.985815489124 6528.091140295843 
347.3043748194614 341.0877301255525 6607.207664804984 6603.9684743133375 6603.492646763536 1211.3582430880824 10007.142117718135 9779.622769173677 9767.288165305219 4079.14096776531 4074.3195671592066 36245.80952112815 36227.87845620396 36196.82787229069 26437.171395876274 26405.138686079332 26373.668728688124 24426.794142782765 20493.622472331514 20468.123161964562 6509.893485023942 6241.157943562448 6234.1373508987235 5260.984995738301 6528.071731348582 
347.30301975739076 341.08600254802536 6607.193902233229 6603.968093222891 6603.492496415873 1211.3562747829533 10007.132886491792 9779.62029390515 9767.274522477906 4079.139563698951 4074.305563430473 36245.7837102848 36227.8781869075 36196.680941043756 26437.108466580543 26405.07754785229 26373.65313507674 24426.766849013213 20493.601567851707 20468.085501666574 6509.889093138692 6241.149378315352 6234.126999280613 5260.978471957971 6528.069023829124 
347.3028604615131 341.08481331103417 6607.192902687079 6603.968015876585 6603.492341071022 1211.3476970839133 10007.132886491792 9779.60884897288 9767.26833218955 4079.1366472871578 4074.2861498144903 36245.78365733845 36227.87800735618 36196.614604250724 26437.08909861243 26404.972815982288 26373.64558400124 24426.748949842124 20493.58199401674 20468.07381130952 6509.885803950395 6241.146981368342 6234.123246181704 5260.967511563558 6528.057617941909 
347.3022048461826 341.082891540668 6607.170970966941 6603.967844682997 6603.49229124695 1211.328080488117 10007.12693193092 9779.589383212033 9767.242747356262 4079.1337850556683 4074.184913115041 36245.744739820766 36227.87749286616 36196.450943235446 26437.074885639304 26404.89800006154 26373.631691645995 24426.527767736738 20493.528591241004 20468.064030713125 6509.881951279798 6241.143666087049 6234.120987927548 5260.965905521402 6528.048744500167 
347.30195216881066 341.08015956413055 6607.167815123674 6603.967481563731 6603.492193323216 1211.3241165536938 10007.119206291603 9779.578994910744 9767.229301557443 4079.1317008883443 4074.0289678437475 36245.72221510448 36227.87706787339 36196.443001888176 26437.06555814205 26404.84081112196 26373.62309492023 24426.511322323448 20493.528591241004 20468.047863868866 6509.8686171480085 6241.1404239347385 6234.116600819317 5260.960455326869 6528.042068251806 
347.30102352943004 341.0798909097989 6607.16210847763 6603.96727384501 6603.4921916610765 1211.317270911642 10007.119206291603 9779.577786104448 9767.200757164455 4079.131268993704 4073.984937661702 36245.649977941546 36227.8767447745 36196.34931993177 26437.017812448445 26404.76198178787 26373.600620218243 24426.37981783582 20493.52600137601 20468.012891842594 6509.86841098671 6241.135142424609 6234.116600819317 5260.95930302455 6528.035366448539 
347.3006914666403 341.07841493162687 6607.155329110162 6603.967146784259 6603.491974707437 1211.310920907893 10007.116186781474 9779.572884951604 9767.188102232707 4079.131237381873 4073.784774789089 36245.62967138999 36227.87650627718 36196.230653511055 26437.017812448445 26404.701414815812 26373.59237880261 24426.285453571556 20493.503690953523 20467.993195960156 6509.862665346588 6241.132423769428 6234.11220220641 5260.94886111519 6528.015733272608 
347.29996835300653 341.0776268931047 6607.1530894933385 6603.966985908401 6603.491836722806 1211.305355087526 10007.112275076892 9779.561009476156 9767.181300935208 4079.128135023858 4073.7458473392417 36245.5983589485 36227.87640488009 36196.21735625279 26436.992606239386 26404.613791889118 26373.573704343205 24426.224225528418 20493.49557755016 20467.974637790667 6509.861424114821 6241.130027245748 6234.098688108662 5260.943632012103 6528.003892236149 
347.29980483740724 341.07536584274203 6607.14690265054 6603.966885609386 6603.491705964957 1211.3045768472402 10007.10119501099 9779.557188567478 9767.169078771649 4079.125193474425 4073.6131364783287 36245.50349318751 36227.87613338108 36196.20017465774 26436.98364892211 26404.586766750475 26373.55433728051 24426.161111010326 20493.48799300817 20467.959307939967 6509.859399445115 6241.126130458694 6234.0931979791285 5260.939943480323 6527.995451495872 
347.2995826603608 341.07536584274203 6607.1361317614 6603.966571893891 6603.491528312855 1211.2991761917174 10007.091393799421 9779.542941295835 9767.15741467748 4079.1238544728794 4073.5248909647335 36245.484203246655 36227.87581811951 36196.144700465105 26436.977290010098 26404.547554799716 26373.549504792885 24426.119387558472 20493.463330529903 20467.944086428794 6509.853125280028 6241.126130458694 6234.085031257255 5260.935665444966 6527.98553280461 
347.2987820538842 341.074753139962 6607.117629565337 6603.966479056422 6603.491441418834 1211.2878414927482 10007.081765403293 9779.528524655272 9767.146855275723 4079.1232696084644 4073.115981345125 36245.43818974026 36227.87567880739 36196.073243396844 26436.93556078015 26404.52467945805 26373.535381003006 24426.05910956164 20493.462336191704 20467.932099895243 6509.845706313996 6241.124372193168 6234.08373934448 5260.935665444966 6527.980526320059 
347.29849113843943 341.07392323615954 6607.117629565337 6603.966211788957 6603.491437716042 1211.279306904849 10007.07816166829 9779.511529668302 9767.129518245407 4079.1186648164157 4072.9440086385684 36245.40212250335 36227.87551374122 36196.073243396844 26436.910015022986 26404.48578906511 26373.52862430682 24426.030539496718 20493.447774996715 20467.917040446526 6509.845347642826 6241.122044798156 6234.080759435135 5260.931010465165 6527.970787172272 
347.2982053195724 341.07106926188044 6607.107253657398 6603.966137296008 6603.491259882063 1211.2640381536785 10007.076031164368 9779.503254814279 9767.124443418445 4079.1181099672904 4072.787740930462 36245.35417967085 36227.87513318021 36195.9253511595 26436.867267582937 26404.43917689859 26373.518838600463 24425.99895285405 20493.434753452417 20467.89751028055 6509.844020990849 6241.116917556893 6234.075228954663 5260.926480490224 6527.960063404675 
347.29746930867736 341.0702090815655 6607.101318739984 6603.965895047241 6603.4911648710195 1211.2593147158163 10007.065889554977 9779.492247100385 9767.115581141996 4079.1142544680415 4072.6870496448955 36245.32011133254 36227.87494271098 36195.81644168054 26436.839523450843 26404.416542594012 26373.505353630007 24425.969301586247 20493.42229709888 20467.84732830976 6509.83316433497 6241.113672705435 6234.070636876325 5260.92120869573 6527.960063404675 
347.2973801497069 341.0676378307478 6607.097708627269 6603.965767389691 6603.490908391438 1211.2460474274976 10007.062495499606 9779.488781233895 9767.112378602089 4079.110141489804 4072.582656058201 36245.28238545492 36227.874853360394 36195.635598091714 26436.81383481251 26404.36620324375 26373.48162592192 24425.965546805193 20493.41470826244 20467.83449271909 6509.831198291785 6241.111813733487 6234.069435972799 5260.916792161951 6527.906011239208 
347.29733059822456 341.0672210050377 6607.080221576712 6603.965721187156 6603.490760346854 1211.2432040889398 10007.061309127002 9779.47631996494 9767.100069486243 4079.110141489804 4072.52937824714 36245.24981638365 36227.87467693284 36195.56016135272 26436.80733651027 26404.335742068262 26373.481609412604 24425.912300335305 20493.393057766945 20467.809846394706 6509.820124989413 6241.106995596298 6234.065183920512 5260.916081203186 6527.902124146404 
347.29720036821095 341.0668278808844 6607.066662166974 6603.965577946791 6603.490697472488 1211.2364706705903 10007.049730713663 9779.473414781642 9767.077639194906 4079.1068773834395 4072.2847217372264 36245.24104352504 36227.874609210885 36195.39507651426 26436.79066164418 26404.322865531354 26373.47532613979 24425.880143368566 20493.382688242367 20467.75911724822 6509.819330639429 6241.104785297516 6234.063033598573 5260.909892139117 6527.869136190387 
347.29680240484845 341.066790941775 6607.0574546798925 6603.965423473146 6603.490593048389 1211.22698082039 10007.0359179352 9779.469803712562 9767.073660267486 4079.103874581604 4072.2847217372264 36245.16445559397 36227.87459143128 36195.28285205214 26436.76526709035 26404.28725496637 26373.46139315429 24425.837195205768 20493.358384247113 20467.74118586809 6509.81878383243 6241.096881100347 6234.054922605515 5260.907828665519 6527.82470474604 
347.29634026706754 341.06587428726243 6607.051887489077 6603.965241037759 6603.490398160315 1211.2256842421675 10007.021601075536 9779.463221547108 9767.053972112211 4079.101453638227 4072.237834011563 36245.11373216407 36227.87452836714 36195.27475673762 26436.742815574064 26404.27724816187 26373.455795515285 24425.808977745444 20493.340626960362 20467.704750607067 6509.812328603357 6241.080229369465 6234.04760676022 5260.904208956459 6527.812072857447 
347.2957667202779 341.0648154799035 6607.042737708396 6603.964770506261 6603.490311555193 1211.2254816041996 10007.01273682913 9779.458139291339 9767.03737904347 4079.0975976019927 4072.13909410385 36245.04078004317 36227.87448098929 36195.01443417398 26436.729905698114 26404.252064258286 26373.44702877744 24425.7645897764 20493.300440752697 20467.68054205843 6509.7975542023705 6241.074668013894 6234.045796947369 5260.902431393438 6527.804066361425 
347.2952784743097 341.06419125811203 6607.037081208568 6603.964670321803 6603.49023035625 1211.2231346481485 10006.99770459904 9779.4554282853 9767.009295164811 4079.096182459867 4072.0650897909327 36245.036472309475 36227.87446355736 36194.92670496411 26436.690236390157 26404.228139024617 26373.42831043873 24425.738293941547 20493.29138807292 20467.645593378766 6509.785604864606 6241.067896230881 6234.043252417444 5260.899678390164 6527.793256511649 
347.2951513701164 341.0636159206374 6607.022500193584 6603.964642203773 6603.490099880202 1211.2166038981914 10006.988391153054 9779.444433181527 9767.009045555349 4079.0928914101987 4071.9932391919338 36244.995233428446 36227.87441319351 36194.89304453734 26436.68244401167 26404.200905877937 26373.40867610995 24425.72877947107 20493.257916441158 20467.629282466703 6509.780922097019 6241.058655766976 6234.042310552593 5260.8958978574055 6527.7397191627015 
347.2949831243104 341.0634320358097 6606.99977786178 6603.964501807197 6603.489701644022 1211.2148525277403 10006.98533450893 9779.437980059402 9766.99084661326 4079.0915708806315 4071.968548662011 36244.83995578724 36227.87439935054 36194.8180548215 26436.673206052645 26404.139238638683 26373.39603023325 24425.699129237895 20493.237036425344 20467.60788173011 6509.773242192602 6241.054143984065 6234.0380636930095 5260.8907213879975 6527.705211286165 
347.29456890951815 341.0629806013392 6606.988171768165 6603.964425841866 6603.489572492919 1211.2091254582497 10006.955608897515 9779.429695224057 9766.958706253363 4079.090559315924 4071.9154194719767 36244.75133788685 36227.8743393727 36194.77778874208 26436.672058228665 26404.137062713326 26373.378841683876 24425.688801351076 20493.206930480246 20467.584006044486 6509.743609691962 6241.0481580492515 6234.03508665516 5260.880784288169 6527.681110755653 
347.2942167847989 341.06233205686704 6606.988171768165 6603.964132122683 6603.489564442957 1211.2078209249776 10006.944576619968 9779.423835334988 9766.94496616843 4079.0891227695774 4071.875446874068 36244.719519251026 36227.87430701638 36194.701012698286 26436.669597174583 26404.135493567836 26373.378543776747 24425.684130596932 20493.176088386026 20467.5290382297 6509.737077720292 6241.031947121415 6234.031011396248 5260.873071488798 6527.629202332567 
347.29397593133467 341.0618188839394 6606.973285036356 6603.9637248320505 6603.489297174653 1211.2054610087853 10006.941563966999 9779.418205214926 9766.881729735342 4079.0859509635575 4071.846077282825 36244.68047714855 36227.87428504697 36194.694148525916 26436.653012795796 26404.1183023952 26373.36785514447 24425.654893083713 20493.155692531127 20467.47079830372 6509.729129252994 6241.025648813049 6234.02959467998 5260.860343491201 6527.620740587042 
347.2934121888884 341.0611485668703 6606.960962927161 6603.963404593071 6603.488572432247 1211.1993706016578 10006.923676461136 9779.408631702756 9766.867557803578 4079.0847333670326 4071.824790674651 36244.63719619189 36227.874270542634 36194.6126301527 26436.639129410487 26404.10098544981 26373.29228828667 24425.612650410614 20493.123693760026 20467.47079830372 6509.72534865108 6241.017238657156 6234.025740163967 5260.851754422145 6527.602775113205 
347.29332129971726 341.0599241613486 6606.951647294934 6603.963255444374 6603.488225185154 1211.1965187356527 10006.910677208532 9779.406683325993 9766.84445899642 4079.0820881624095 4071.824790674651 36244.58048724505 36227.87422399944 36194.51051425459 26436.636068700027 26404.07513785152 26373.291683705593 24425.599204276303 20493.095408904395 20467.46701916446 6509.7035548600925 6241.009482957476 6234.023313010116 5260.844445734992 6527.599290472425 
347.29309226666373 341.05974680259555 6606.931332888261 6603.962425402351 6603.488107418819 1211.1857737695036 10006.897608184478 9779.391053091153 9766.84348832681 4079.0796529321206 4071.8115693954132 36244.57166117649 36227.87419369605 36194.4682385863 26436.62926877591 26404.020294453177 26373.27072729369 24425.587933160048 20493.077995241612 20467.456194398943 6509.7026705098115 6240.9944178925025 6234.022701231494 5260.841072591849 6527.588942497806 
347.2927022887318 341.0595981113315 6606.913669699136 6603.962228746101 6603.487509277361 1211.1816895603624 10006.880203826748 9779.389038520922 9766.814984273231 4079.077435194872 4071.790412934228 36244.55936757189 36227.87414801516 36194.46738241626 26436.620253497837 26403.964359292975 26373.26163414242 24425.533526995572 20493.076049094845 20467.44884897365 6509.694998838825 6240.9838883458515 6234.018837977295 5260.818103908329 6527.568051154844 
347.2916950022325 341.0593096422258 6606.905433514741 6603.961719998457 6603.487509277361 1211.179306880848 10006.869775940206 9779.37893333493 9766.812503072406 4079.0766649477264 4071.7773708197 36244.52935719339 36227.87412120394 36194.391063806805 26436.611513302054 26403.931934864784 26373.22753722912 24425.52429376629 20493.058947569614 20467.413949774495 6509.6926122146515 6240.9704981803325 6234.015501976257 5260.796748278417 6527.560800093857 
347.2913136373638 341.05825584425406 6606.893523479033 6603.961044737125 6603.486535677869 1211.1740552659885 10006.834562636162 9779.36800663468 9766.798679083124 4079.075685778069 4071.7519596204984 36244.5120641517 36227.87412007923 36194.389219460194 26436.594446779196 26403.911651450995 26373.20327441708 24425.49769464207 20493.052256799376 20467.395311356173 6509.689432350971 6240.968265302833 6234.014385645511 5260.791706511918 6527.5503794223005 
347.2910055657567 341.0573765861943 6606.887382860015 6603.960991464491 6603.4860040948115 1211.159714293295 10006.798551326616 9779.355603598062 9766.781946312547 4079.074566652973 4071.7450602341723 36244.49057248224 36227.87406785757 36194.330327820346 26436.56818685239 26403.873400905566 26373.14266822397 24425.45899985191 20493.0449073818 20467.35128370877 6509.682906239182 6240.956372276265 6234.0093745831555 5260.7864699917045 6527.542761252096 
347.29049499301755 341.0572140706099 6606.867370140736 6603.960657284634 6603.485827897004 1211.1572994901608 10006.778990474802 9779.348773740903 9766.752207632599 4079.0720509116272 4071.737675195809 36244.43266500298 36227.87383056531 36194.291885998646 26436.533144055775 26403.853327383295 26373.11262734084 24425.45383194647 20493.027898391396 20467.298008452683 6509.678185398542 6240.9504971339575 6234.003397029298 5260.779234118425 6527.533383848992 
347.290352418609 341.0565505323318 6606.859629834973 6603.96021518145 6603.485727634037 1211.154610860322 10006.738272266317 9779.32701016524 9766.722647001357 4079.071547421143 4071.7329993286166 36244.431114894694 36227.873765696604 36194.27807944662 26436.487044025376 26403.850252048454 26373.05309946352 24425.407988944735 20493.02246795967 20467.298008452683 6509.675784977967 6240.944659176923 6234.00187974617 5260.764190570834 6527.530972330121 
347.28979572850903 341.05591063716565 6606.856727057154 6603.959852923023 6603.485337539494 1211.152767397126 10006.734751154052 9779.315597768238 9766.715570855898 4079.070698437039 4071.7220144243965 36244.41145608353 36227.873732748434 36194.25564682069 26436.487044025376 26403.815796554623 26373.006940563017 24425.388692772078 20493.000995745875 20467.274897903913 6509.6719547860985 6240.942375151512 6233.999992709585 5260.753068076163 6527.512441173377 
347.28954080324297 341.0553432156048 6606.8443243877 6603.959284377728 6603.485337539494 1211.1493114795148 10006.710588476117 9779.28559084623 9766.688238179864 4079.0702167744594 4071.7125023422186 36244.40537447515 36227.873732748434 36194.201092221025 26436.378136171024 26403.80035547056 26372.974157849367 24425.360641047268 20492.98685996931 20467.270003271686 6509.666435714072 6240.934541773692 6233.99460811253 5260.743492135614 6527.507650864523 
347.2891603795597 341.0540183263097 6606.825350287502 6603.958975099735 6603.485321843385 1211.1453260726553 10006.700340305626 9779.276657471446 9766.682244595406 4079.068422839264 4071.710956108376 36244.403697307425 36227.87361100429 36194.200615641865 26436.31494145948 26403.790527997742 26372.962398906944 24425.277713155196 20492.97633960443 20467.257529372735 6509.665777960751 6240.917859779718 6233.993728299197 5260.729284179685 6527.507650864523 
347.28877198217197 341.0534726028827 6606.824216634313 6603.958641431812 6603.484988822196 1211.1380397872158 10006.677626493309 9779.267431425624 9766.654341223642 4079.067530852135 4071.692123367453 36244.380734863946 36227.87352459232 36194.124196895646 26436.312056522263 26403.777623979004 26372.956613540937 24425.27727063597 20492.95845251115 20467.228094066548 6509.66268678473 6240.914649944366 6233.99253420396 5260.724750430893 6527.50285992262 
347.28838206654655 341.0531409736643 6606.818191273064 6603.957464360654 6603.484640384449 1211.1313261022588 10006.656665315006 9779.261371561834 9766.647056200549 4079.066817244373 4071.6831874429317 36244.36966290976 36227.87347939284 36194.09253629116 26436.27236006675 26403.755385018016 26372.94696776594 24425.197180318046 20492.946140844597 20467.21448430639 6509.655616508482 6240.907108840928 6233.989476046092 5260.713672108739 6527.497577036887 
347.2882724426149 341.05303193759255 6606.815997652621 6603.957300112616 6603.484630341985 1211.1212762809187 10006.618617331484 9779.247559464533 9766.63782859232 4079.0660614585313 4071.6647555444724 36244.35807127955 36227.87343343734 36194.05181599398 26436.2317894801 26403.743489592078 26372.931022051886 24425.129067223475 20492.910232276576 20467.20397079398 6509.65365953855 6240.863068858885 6233.989167246354 5260.708553668366 6527.495439783336 
347.2879536768237 341.0520075786385 6606.8076316364895 6603.95707043947 6603.484396991573 1211.1046302514278 10006.596516721806 9779.230838876756 9766.620038900553 4079.064172238149 4071.6624969084114 36244.3418642446 36227.87338788933 36194.03498601328 26436.205748715736 26403.730831817473 26372.899587287262 24425.01500893919 20492.89716190384 20467.19652580258 6509.652245969437 6240.834001576461 6233.984986489635 5260.703340390676 6527.493591446529 
347.287590716825 341.0517486345393 6606.7943423098395 6603.956216933431 6603.484338362124 1211.0971908834513 10006.584096730996 9779.22466383296 9766.61883783128 4079.0633559214257 4071.6543167424497 36244.3298860026 36227.87332073451 36193.875085217354 26436.155019416252 26403.707701134226 26372.89393134288 24424.960444437067 20492.887110559353 20467.16394791382 6509.651370497884 6240.798581736667 6233.983528694123 5260.699639896634 6527.489723977851 
347.28728519893275 341.0516441204261 6606.787473081691 6603.955889820004 6603.484243459016 1211.0814418907266 10006.570438964665 9779.216973896326 9766.596341017013 4079.0625852363883 4071.65234491716 36244.328623067326 36227.87327610685 36193.875085217354 26436.094670269555 26403.704290092057 26372.87648314734 24424.960444437067 20492.864057382838 20467.12550211509 6509.6477053803865 6240.781821412853 6233.982797664896 5260.692417279175 6527.486157937829 
347.28674274726586 341.05108632613064 6606.773474044825 6603.955389774667 6603.484182241588 1211.0641922602108 10006.570438964665 9779.210055341347 9766.5733086094 4079.061144361116 4071.6390709360176 36244.31477406734 36227.873257516396 36193.81798303614 26436.077115689535 26403.683336302216 26372.848182765258 24424.867623529957 20492.85003967783 20467.117053477934 6509.64372853315 6240.770624668114 6233.982271412173 5260.688769521863 6527.481311431399 
347.28670803432396 341.0510171572271 6606.7689040915 6603.954944439822 6603.484054291441 1211.0510562388004 10006.551589691024 9779.180283698812 9766.563108545979 4079.0608712264366 4071.6332287096193 36244.30240332459 36227.873243354275 36193.81513816006 26436.059701066213 26403.654452559596 26372.84056522167 24424.826019460554 20492.82944112749 20467.088659771875 6509.6409332123985 6240.76180092653 6233.980671686237 5260.679869914658 6527.473150506172 
347.28640578133286 341.0507069459836 6606.762433250958 6603.954118058693 6603.483985747147 1211.0305055642893 10006.534629302096 9779.178601466878 9766.535426469121 4079.0604204506017 4071.6261362060923 36244.26618050367 36227.87318965472 36193.81363877321 26436.052467999933 26403.61669500519 26372.79332331907 24424.75291663002 20492.792719609257 20467.088659771875 6509.6386677558485 6240.75511155132 6233.9801667331185 5260.679594772417 6527.470610286904 
347.2863105702461 341.0505882261225 6606.757530986302 6603.954090356646 6603.483938263438 1211.0154163537545 10006.518793412597 9779.143750542895 9766.5271730474 4079.059015633661 4071.616743897376 36244.22930551235 36227.87316643451 36193.78617756346 26436.01602326495 26403.59445103045 26372.7783172328 24424.726480734378 20492.75394532025 20467.06597370046 6509.635456345042 6240.736472404561 6233.97994109916 5260.675208449318 6527.466319917188 
347.2861130467968 341.0500045626113 6606.749938746148 6603.953922397273 6603.483812104411 1210.9948501991362 10006.426251785588 9779.132783766077 9766.513189035291 4079.058549129354 4071.611536104161 36244.19627442121 36227.87316643451 36193.73394118029 26435.993344372015 26403.56903345394 26372.761457582164 24424.655280797924 20492.75324558864 20467.043817770933 6509.629449558045 6240.719387903008 6233.9786649254465 5260.6739541571 6527.4635083365065 
347.28595723103945 341.0499367211478 6606.7394797043335 6603.953837663065 6603.48373051635 1210.9804472580572 10006.412319791207 9779.129356601676 9766.500341481185 4079.057812627174 4071.6083006280123 36244.18420243253 36227.87315134062 36193.72604447343 26435.978192458046 26403.562017138378 26372.735138472428 24424.637373918642 20492.72906676111 20467.019006077957 6509.622310129743 6240.719387903008 6233.978427086299 5260.6732527569775 6527.459540648434 
347.285308335639 341.0495452492305 6606.731097060648 6603.953577485337 6603.483693791099 1210.9780101187189 10006.371908360512 9779.1237718373 9766.481131972669 4079.056610981508 4071.601501423893 36244.16876683642 36227.87314150314 36193.710629699235 26435.971056193204 26403.548161074654 26372.709483193456 24424.621120058353 20492.70043717022 20467.003673314088 6509.6201945115035 6240.697794469614 6233.977329296085 5260.669066720246 6527.4556162037825 
347.2851346251309 341.0486116921563 6606.726386050001 6603.953369928007 6603.483649421011 1210.9635651572084 10006.3434493297 9779.10689494852 9766.476382110644 4079.056220987314 4071.598651022563 36244.139320337876 36227.873114375834 36193.6505392374 26435.94371655409 26403.50248546971 26372.707210722296 24424.55299810048 20492.670617793963 20466.979300160165 6509.61379408762 6240.696275400646 6233.975971336215 5260.665866403856 6527.449106049242 
347.2851346251309 341.047505442652 6606.719535253697 6603.95304784308 6603.483631821273 1210.9597342924103 10006.32514641077 9779.097581395283 9766.442218024791 4079.0553782190464 4071.583981743426 36244.12404929436 36227.87308096917 36193.61810878216 26435.943457558278 26403.50248546971 26372.695156274804 24424.52983837075 20492.66875815784 20466.969518968366 6509.612818502562 6240.693389917252 6233.974496758146 5260.663223768116 6527.442045986001 
347.28455450914066 341.04633436871495 6606.716784576756 6603.952614045623 6603.483601104093 1210.9553536638296 10006.287956790473 9779.092841244234 9766.434813599262 4079.054907455229 4071.5778714501666 36244.114918212304 36227.87307097727 36193.57072650854 26435.94116320764 26403.477426407266 26372.672425074856 24424.52102506704 20492.661083353156 20466.952534710246 6509.608921321529 6240.688293226456 6233.97174031434 5260.659733218545 6527.440528608321 
347.2844743456542 341.0454815946541 6606.708700262107 6603.952545168069 6603.4835727337 1210.9510665558155 10006.264055514834 9779.0576208457 9766.413881955808 4079.0545910422225 4071.572554431448 36244.098012382325 36227.87306367356 36193.55059666746 26435.926392978257 26403.470938656534 26372.61869075857 24424.499209096597 20492.641015401176 20466.920654655813 6509.596661788616 6240.674974890316 6233.969007887727 5260.658932870572 6527.437370445597 
347.28445643446116 341.0450031477312 6606.706147981918 6603.952386621692 6603.483495840286 1210.9368518326028 10006.253305354967 9779.046104949397 9766.405403900046 4079.0535021933492 4071.5628636882066 36244.07557982639 36227.87302839165 36193.49750729319 26435.91779346558 26403.459232413297 26372.601291691386 24424.47542839817 20492.63723541267 20466.879605745537 6509.5891392890035 6240.673261455432 6233.968145558663 5260.653522548905 6527.433946513017 
347.2841350722349 341.04395157440445 6606.700519946229 6603.952192738352 6603.48344126475 1210.9298791083756 10006.217232179999 9779.029608356774 9766.399328385296 4079.053313616092 4071.562306353837 36244.06115352662 36227.87302839165 36193.46846792362 26435.907480154892 26403.42755233001 26372.575105948414 24424.4494563226 20492.562945829235 20466.824263136336 6509.5851527984705 6240.669745709217 6233.959997928071 5260.652374351833 6527.43084828797 
347.28408674435445 341.0434097729085 6606.6956863684945 6603.951962401515 6603.483305674459 1210.9199198669194 10006.205487506935 9778.976082088375 9766.385676791862 4079.052080162546 4071.556148744101 36244.007552770956 36227.8729836996 36193.4381769674 26435.90066235334 26403.41670700886 26372.55205892656 24424.404209838398 20492.559126651868 20466.810367167316 6509.577368688934 6240.666059550408 6233.955181011498 5260.64785478718 6527.426040652294 
347.28408674435445 341.0420329006447 6606.693712160482 6603.951648864336 6603.483233916337 1210.915899557287 10006.19434672309 9778.947582206307 9766.381335116077 4079.0508903478567 4071.556148744101 36243.98897475822 36227.872952219106 36193.412679868496 26435.88972041511 26403.392180588635 26372.501862351557 24424.37761422371 20492.505440150482 20466.79198402976 6509.573191128056 6240.657593374508 6233.947357482305 5260.642004771223 6527.421490400139 
347.2840103125857 341.0418639794575 6606.691591781926 6603.951576038796 6603.483197660016 1210.9093082248846 10006.186671205915 9778.943587576632 9766.381173984702 4079.0488088822003 4071.549288497571 36243.96434326551 36227.872921833754 36193.35665664974 26435.850293972828 26403.378618627452 26372.479270873388 24424.359712346486 20492.48948474789 20466.749094510258 6509.567843057808 6240.653568697104 6233.931689274725 5260.640475674963 6527.41487238325 
347.28382558609246 341.0408380741544 6606.6863671653655 6603.951395807404 6603.4830878806015 1210.902347845004 10006.176957476833 9778.931838956278 9766.378415594152 4079.0480631250284 4071.54242393582 36243.85970253546 36227.87290938226 36193.31512175658 26435.82346171111 26403.377931935294 26372.45390444756 24424.289298482247 20492.465341677635 20466.703724626994 6509.550296814189 6240.641455990805 6233.926809179952 5260.633732509253 6527.410849154028 
347.28380440764636 341.0407542932601 6606.683519274783 6603.9512232431825 6603.482993350431 1210.8919188917826 10006.149258929454 9778.92018242007 9766.37611844339 4079.0477310367423 4071.5372528559583 36243.77265887542 36227.872902075964 36193.3128552972 26435.798417207352 26403.359931114413 26372.430205281362 24424.272993614813 20492.456721657014 20466.652757675056 6509.523107254826 6240.636690496851 6233.924308299015 5260.628456629553 6527.404649977852 
347.2834757217033 341.0396938409974 6606.6810287136195 6603.951112115518 6603.482952425445 1210.8796154273841 10006.145612356899 9778.896904340823 9766.36502199701 4079.0463195805532 4071.537013894136 36243.70654981869 36227.87286249718 36193.242466457064 26435.786735426413 26403.345927090977 26372.402362661243 24424.190549700328 20492.440661349523 20466.615546971836 6509.519897669714 6240.628712221891 6233.91821619133 5260.626671816371 6527.403516513021 
347.28335498737897 341.03884384256344 6606.675270663257 6603.951022230697 6603.482952425445 1210.8782363656965 10006.133135187534 9778.885957613156 9766.355892233025 4079.0459153270576 4071.529684108953 36243.64113583271 36227.87280279577 36193.1697829557 26435.733482671345 26403.319919117417 26372.367735575073 24424.18852287738 20492.43981795409 20466.61358759381 6509.506385887389 6240.627260470894 6233.9106884022995 5260.620901391427 6527.3963364212295 
347.2831125725297 341.03823968907136 6606.671059447688 6603.950920581546 6603.482885582328 1210.8765396102463 10006.121509420154 9778.883110027322 9766.346621477393 4079.0454201599296 4071.5261275695257 36243.61906422551 36227.872775424505 36193.150191195855 26435.711036594 26403.295196266143 26372.31040272368 24424.185776995913 20492.421436414133 20466.60903271142 6509.497753368861 6240.6143342101705 6233.910337695682 5260.614667665101 6527.389282912584 
347.28279666195385 341.0376032345371 6606.664375333034 6603.950733520356 6603.482839406374 1210.8721029326534 10006.110451814013 9778.876583792362 9766.33898012877 4079.045125654139 4071.5184147406526 36243.59671634909 36227.87274970738 36193.10764843414 26435.65581021347 26403.291708885215 26372.31040272368 24424.084195146846 20492.383220635522 20466.581166745742 6509.497753368861 6240.604258404939 6233.904057212038 5260.610024391522 6527.3754437914395 
347.28251627620966 341.03750913410113 6606.650623105782 6603.950710630927 6603.482783602811 1210.8693033841673 10006.072670060186 9778.863472197028 9766.332413771284 4079.0442075382953 4071.5179875901895 36243.51941113459 36227.87273826309 36193.097535645815 26435.65581021347 26403.27678014812 26372.290834761145 24424.084195146846 20492.3621082434 20466.5721098676 6509.465067414774 6240.60115963869 6233.902950418085 5260.604395632085 6527.3671979653545 
347.28222021669126 341.03705305797666 6606.649786126545 6603.950470139585 6603.482759132532 1210.8574811554172 10006.047732091516 9778.851117510443 9766.316962334988 4079.0436173295893 4071.515800877213 36243.510423916814 36227.872704459274 36193.05456112808 26435.593365867135 26403.249343572097 26372.27914049304 24424.067674029153 20492.35604037605 20466.56140336714 6509.455921822193 6240.5948233251975 6233.901268200322 5260.597343804138 6527.357059433542 
347.28155462107384 341.0369278635144 6606.643599849553 6603.950388160343 6603.482737593596 1210.8471861922162 10006.023694540852 9778.830945139704 9766.31418926304 4079.0430194218807 4071.513798641872 36243.4849298583 36227.87268049877 36193.0200713508 26435.55781626573 26403.249343572097 26372.271704029452 24424.052035414577 20492.318989463914 20466.55105676228 6509.443965966558 6240.550638831647 6233.897970991444 5260.594656213227 6527.35016201493 
347.280968589336 341.0361416824594 6606.634198701946 6603.950117844169 6603.482709380257 1210.8281825405297 10006.005391511073 9778.828708265257 9766.311792140248 4079.041162669564 4071.507689584765 36243.422228704076 36227.872659372646 36192.99428237431 26435.55781626573 26403.24111650507 26372.25657456012 24424.01930015706 20492.288155570357 20466.53243774579 6509.443965966558 6240.532784741745 6233.888526856764 5260.588184899369 6527.330474352814 
347.280943497135 341.03538171775995 6606.614443284268 6603.950055463261 6603.482677847415 1210.8183292778203 10005.99710421948 9778.806599236737 9766.304913226419 4079.040879420997 4071.507209399937 36243.35782960622 36227.87262533015 36192.967440827306 26435.519857119296 26403.23136855467 26372.237763349003 24424.019235661908 20492.28271330489 20466.521741580997 6509.433426642188 6240.532784741745 6233.887979838778 5260.5795617527365 6527.320535189115 
347.28041739492255 341.0348986152626 6606.604076309506 6603.949995098334 6603.482663257131 1210.7973606691803 10005.99052206859 9778.806599236737 9766.295337314965 4079.03821256393 4071.5000449875643 36243.33151167104 36227.87261616724 36192.966738406765 26435.50609764834 26403.210990736734 26372.220231832274 24424.01080703076 20492.235829488694 20466.518700510696 6509.40133754314 6240.503202931717 6233.881709374172 5260.577391988757 6527.318814231126 
347.28015816924926 341.0342699496009 6606.596007089418 6603.94981979095 6603.482618799616 1210.7935912807743 10005.974651004628 9778.793994750211 9766.288035951884 4079.0374386386266 4071.4950177993633 36243.31934194253 36227.87259813366 36192.94561397183 26435.44644357061 26403.20670692686 26372.199776430833 24423.99626359346 20492.183376667464 20466.47841754229 6509.399958950934 6240.47446226572 6233.879981226942 5260.5719816126 6527.287646456571 
347.28003456141914 341.0337204175994 6606.586757318515 6603.94967513798 6603.4825867035615 1210.7822633761525 10005.969478859277 9778.768367287325 9766.279011941506 4079.0002416512416 4071.486894324138 36243.306500766725 36227.872568936786 36192.915286444535 26435.444712759723 26403.197625628705 26372.173312691557 24423.974406575977 20492.15253503857 20466.43612977838 6509.378061939718 6240.4689360178645 6233.875293643976 5260.562274930246 6527.266821587591 
347.2794974226663 341.0325325558133 6606.574962853709 6603.949555215401 6603.482488694999 1210.7700982354813 10005.959026934153 9778.759571511993 9766.26146342322 4078.9908798510787 4071.4853763189276 36243.28869981677 36227.87254699801 36192.89885191542 26435.440123249868 26403.195035032913 26372.155501400222 24423.941237035666 20492.14205578633 20466.367155992662 6509.360148375452 6240.463649232276 6233.866033562821 5260.55709584714 6527.264105750326 
347.2790241916232 341.03225502379473 6606.565548069311 6603.949509906535 6603.482400102655 1210.758292044371 10005.957040169289 9778.750925146755 9766.25497755422 4078.989187162608 4071.4770522471426 36243.246158207134 36227.87254335463 36192.86801654976 26435.385592226055 26403.185951391857 26372.13710045294 24423.90515101835 20492.115545068318 20466.33847114252 6509.350920337315 6240.448497184147 6233.866033562821 5260.551381201032 6527.255968362344 
347.2789100256325 341.0315640596998 6606.563233105892 6603.949454929688 6603.482386696634 1210.7475076435949 10005.947566970923 9778.730157565786 9766.23998431698 4078.987765392925 4071.474454747826 36243.215892032305 36227.872535877665 36192.85912438106 26435.380102158088 26403.174168500966 26372.108875748487 24423.87163770092 20492.078142773986 20466.314321785583 6509.322395883 6240.435618945956 6233.864506544528 5260.548713988803 6527.247858857835 
347.27876664562996 341.0311168393987 6606.552276010351 6603.949393775202 6603.482302128147 1210.7458318898803 10005.940927620271 9778.71375630334 9766.237394423442 4078.979519663344 4071.4689059663015 36243.08400590739 36227.87253258261 36192.82346978751 26435.37288481632 26403.157619300975 26372.09598586276 24423.83468159719 20492.05489876392 20466.29849643817 6509.318057112668 6240.432916624822 6233.8605906417915 5260.539734380756 6527.24056051209 
347.27842295459095 341.03069072692165 6606.5460048109235 6603.9491140927 6603.482216776223 1210.7405789366721 10005.934040137208 9778.706737083307 9766.224075880991 4078.9764400504973 4071.4582569157556 36243.03183059963 36227.87251940496 36192.81812461381 26435.352814690308 26403.137319514815 26372.080900753903 24423.79442639045 20491.997982514793 20466.2758369946 6509.3135619111235 6240.419900456821 6233.85818090355 5260.538921583212 6527.222311206763 
347.2776076935147 341.0302565190068 6606.531228423541 6603.948479556286 6603.4821860553475 1210.7354284490461 10005.93150983262 9778.693304917628 9766.220689783258 4078.97308704478 4071.449097131448 36242.99690652074 36227.87251227987 36192.79048912364 26435.342408702458 26403.11243698995 26372.03417126485 24423.747386261453 20491.974496671497 20466.2505903666 6509.305519087773 6240.408478187117 6233.851277619317 5260.537502618401 6527.19327863508 
347.2770733456832 341.02915592009276 6606.531011234922 6603.948479556286 6603.4821109260865 1210.7327854629993 10005.926099379962 9778.676681953102 9766.21473262476 4078.9650075704885 4071.444087578463 36242.977658785094 36227.87248374378 36192.74658735725 26435.31339310955 26403.04763819536 26372.013634855055 24423.720647380593 20491.914312433324 20466.23758892788 6509.294428011745 6240.3891317065445 6233.847611883366 5260.536029427961 6527.164700280882 
347.27684051943424 341.028965558839 6606.521741561145 6603.948325823207 6603.482088940093 1210.7303032923564 10005.925350588182 9778.659298544217 9766.202979399093 4078.9627955045944 4071.435317439661 36242.95637400732 36227.872480448576 36192.713348099904 26435.283772651565 26403.00651345529 26372.004297341242 24423.69809629832 20491.879747301857 20466.235800855608 6509.283510979941 6240.381410253139 6233.836826574198 5260.5296351997395 6527.1592316751085 
347.2767477272455 341.028442578174 6606.520854433115 6603.9478175902905 6603.481996907984 1210.720030536263 10005.920993199794 9778.644690550695 9766.193294908242 4078.9623953439786 4071.428446595375 36242.92939585543 36227.87245626014 36192.70765214399 26435.250502927996 26402.938232609675 26371.99960712743 24423.644966228916 20491.873320736082 20466.20449522988 6509.275992660622 6240.373910413249 6233.8330559223405 5260.522835844797 6527.143695300052 
347.2760246862797 341.02688512906866 6606.5144199258575 6603.947809827405 6603.481924484218 1210.7167840537168 10005.918018649163 9778.631953457014 9766.176616335086 4078.960128101273 4071.41951519335 36242.913651600866 36227.87244051424 36192.6726930705 26435.198538870234 26402.83383488852 26371.99375933267 24423.614462203754 20491.8194758637 20466.196237895314 6509.260715991229 6240.37004991324 6233.8299641828135 5260.515948585705 6527.142423580305 
347.27598334512027 341.0259733580333 6606.502146769497 6603.947538949361 6603.481855697357 1210.7019728295909 10005.914756597303 9778.623399753913 9766.155112527278 4078.956975147423 4071.414455087559 36242.85567050344 36227.87243878451 36192.660396465966 26435.183921184966 26402.825683229235 26371.988287869528 24423.60093354877 20491.80341107747 20466.19413684035 6509.256280710132 6240.369998611263 6233.827742571429 5260.513020743394 6527.134939911198 
347.27556552686565 341.02501890222425 6606.496196433055 6603.946968456211 6603.481759783406 1210.6814365837618 10005.909627759795 9778.615774320207 9766.145173666882 4078.954496872295 4071.4011917328753 36242.81255663663 36227.87243200025 36192.62718359261 26435.16617881523 26402.795114551573 26371.96707014829 24423.540877645555 20491.76960734223 20466.181776933186 6509.2553919672855 6240.367097732361 6233.822658232891 5260.511247159437 6527.123752564967 
347.27527555715506 341.024188103612 6606.491087482115 6603.9465965430845 6603.481690634732 1210.6294709268282 10005.90760145605 9778.614112508629 9766.107895956611 4078.9518971542475 4071.394796110001 36242.75627151535 36227.87241955105 36192.60916557392 26435.152809064413 26402.74979865021 26371.921998162376 24423.52388051225 20491.76368889241 20466.166215424255 6509.2383556625755 6240.3648911529 6233.817451531619 5260.5050878653 6527.112110490801 
347.275065999552 341.02373696913173 6606.481329522039 6603.946129076625 6603.481627638811 1210.6272725691915 10005.90749597079 9778.605403362 9766.10467112962 4078.9464484370874 4071.389879972694 36242.72023682797 36227.87241234546 36192.603005763485 26435.1390865016 26402.719221057396 26371.895049165512 24423.50027322423 20491.745170277194 20466.152127631067 6509.236830139403 6240.364379070447 6233.810558410572 5260.500341712924 6527.104117257557 
347.2742966838248 341.02294432210647 6606.451586633199 6603.9460510114 6603.481568627771 1210.6105776038685 10005.904683042452 9778.600945932018 9766.085704795276 4078.9431557720964 4071.386495137802 36242.70025726392 36227.87239981746 36192.590878001414 26435.108480242427 26402.70354323064 26371.863583880968 24423.481625385324 20491.743530319094 20466.141582952434 6509.233963684253 6240.361847799223 6233.809347195185 5260.4948927503665 6527.102027060228 
347.27414153539553 341.02273383435977 6606.424288022652 6603.945847966875 6603.481502568997 1210.6047281145843 10005.89255536437 9778.599138708736 9766.054809821724 4078.936240215675 4071.3752551621546 36242.664430398254 36227.87239698444 36192.55967792982 26435.095138286462 26402.674928123794 26371.863583880968 24423.47955098741 20491.73963210622 20466.13752232829 6509.2178677745615 6240.340196564052 6233.8031852962895 5260.490865120031 6527.089286895617 
347.2740383854284 341.0222308585676 6606.411230077922 6603.9456156448705 6603.481480713284 1210.600252601896 10005.889572937953 9778.59720042818 9766.03911301178 4078.922219606051 4071.367874806785 36242.63541524264 36227.87238986516 36192.543634367285 26435.07713159416 26402.665058546107 26371.850677524835 24423.410655273332 20491.707513835205 20466.130337787592 6509.212908502615 6240.334623005604 6233.801243342382 5260.489294996115 6527.07641735196 
347.2736725589839 341.02118359987 6606.389915120847 6603.945506049462 6603.481466706371 1210.568693140116 10005.882661710046 9778.585599549624 9765.995649499153 4078.91614474143 4071.3665424412065 36242.60941478197 36227.87238487649 36192.52693677427 26435.03978953542 26402.64266846192 26371.84645395012 24423.391672362173 20491.70732197915 20466.108974779763 6509.209171531346 6240.3229468709815 6233.795882791342 5260.486801430026 6527.075890511155 
347.27313968182534 341.020827353246 6606.36011333204 6603.945498717525 6603.48146045193 1210.5675192429926 10005.87788721205 9778.57087835592 9765.990919529464 4078.9095602391544 4071.3639833587713 36242.547633553215 36227.872366389376 36192.499602940974 26435.026507749168 26402.59489405078 26371.811345160717 24423.38344781579 20491.692906438584 20466.108730140353 6509.18681207743 6240.320497696188 6233.786534890157 5260.482785328705 6527.074836402069 
347.2729849504915 341.0200667021941 6606.346662581415 6603.94537768206 6603.481383615507 1210.5657430319734 10005.876695980727 9778.56142865669 9765.950992210926 4078.9095602391544 4071.3566849789313 36242.52300937183 36227.87235409838 36192.479273329714 26435.007356068458 26402.565948629 26371.78470504172 24423.35992019231 20491.64662591071 20466.09218467586 6509.173084662721 6240.310173261198 6233.7820337726935 5260.480560323954 6527.06834170662 
347.2726663930307 341.0194880302661 6606.342331599792 6603.945114670194 6603.481307768586 1210.552623577279 10005.87009367842 9778.56142865669 9765.94680818541 4078.901581629005 4071.346728999617 36242.5040144603 36227.87232495204 36192.458204040144 26434.974671684726 26402.55319174923 26371.78155134958 24423.354460322935 20491.633469041102 20466.084978995837 6509.171208332508 6240.293958253442 6233.777357969897 5260.478755422539 6527.065513975811 
347.27249627205583 341.0185866044851 6606.307871778504 6603.944930261268 6603.481307768586 1210.525834251608 10005.860747828445 9778.549652769281 9765.93885416798 4078.888313875612 4071.3283520732166 36242.48099036093 36227.87230629869 36192.41304814002 26434.9709709134 26402.54038263517 26371.75105019359 24423.344815057106 20491.619897003988 20466.06188485162 6509.159711614096 6240.293539968289 6233.773827204912 5260.474949485533 6527.062774198724 
347.27249627205583 341.0182533720299 6606.305604449581 6603.944734464147 6603.481262937329 1210.5013776122541 10005.855591162412 9778.5423773153 9765.921101837548 4078.87581187278 4071.3123786268898 36242.43460233918 36227.872292533575 36192.378941787305 26434.95773001379 26402.52713748007 26371.735192398755 24423.34392338518 20491.58078168233 20466.029701817894 6509.153307564224 6240.28818129502 6233.76846538057 5260.470579820567 6527.051035091488 
347.27205046421045 341.0176416652771 6606.2854590553825 6603.944591362969 6603.481190999367 1210.4765781758588 10005.845397971812 9778.539808486637 9765.912119352168 4078.873664642326 4071.276058379124 36242.32699902355 36227.87228788815 36192.343424852275 26434.933075328136 26402.511546226237 26371.731676187937 24423.327848574725 20491.558225367353 20466.01655676901 6509.142269345019 6240.282960353575 6233.760453180331 5260.461811224759 6527.0458790371085 
347.2717300716731 341.01712108757147 6606.270838056617 6603.944350816162 6603.48112154973 1210.4565859054183 10005.845228103366 9778.519259221042 9765.889888321999 4078.8703175169303 4071.2759361915914 36242.2777537061 36227.87224621881 36192.336547430335 26434.915745395403 26402.500487621 26371.708640131328 24423.3173288726 20491.53169324689 20465.988151994887 6509.138311012826 6240.278915200276 6233.755857961842 5260.449607699831 6527.040876439937 
347.2715981087608 341.0155468720286 6606.270000713837 6603.944095945219 6603.481085878303 1210.4157171059987 10005.83472683687 9778.506380836232 9765.874827182473 4078.8671541631384 4071.270578192655 36242.18432853431 36227.87223219458 36192.33114218609 26434.903158580688 26402.46922549564 26371.69919991948 24423.294361761007 20491.526478270156 20465.970702680836 6509.1256486954635 6240.264467036072 6233.752801848008 5260.448083799656 6527.030121961276 
347.2711182332546 341.0155468720286 6606.255258411617 6603.943493551604 6603.481050891408 1210.4127375184275 10005.830836319852 9778.497208871137 9765.865964859782 4078.8626079725454 4071.26278068434 36242.177242633035 36227.8722194377 36192.2722451601 26434.87090446207 26402.465073729527 26371.68694779217 24423.28129363888 20491.49716286828 20465.96492762974 6509.117166002263 6240.25472904826 6233.745263159572 5260.442608669686 6527.0290145737945 
347.2708568033995 341.01506680418674 6606.242418423097 6603.943144987411 6603.480994129963 1210.407859537444 10005.824283309394 9778.478892437564 9765.843179138737 4078.8568795742285 4071.2588836571267 36242.096508732044 36227.8722124045 36192.239104968045 26434.863311170957 26402.433060190746 26371.661778180594 24423.26706939785 20491.46721888444 20465.855885837394 6509.103274427332 6240.2546419434375 6233.740372557729 5260.435797371812 6527.0269152082365 
347.2705785502185 341.01492631250403 6606.238766680841 6603.9428663065155 6603.480915852428 1210.403529695499 10005.818878618196 9778.455165146574 9765.838345731521 4078.8518023716133 4071.2588475784996 36242.07986270885 36227.87220467521 36192.22551533997 26434.847429272057 26402.39859350888 26371.649055952224 24423.223924102385 20491.432969964586 20465.845001693484 6509.098066907521 6240.248764361499 6233.73293334718 5260.429413469542 6527.016859287045 
347.270082726395 341.0144872109702 6606.226639808425 6603.942699582209 6603.480903548946 1210.3930999646554 10005.784350476624 9778.447011913351 9765.82945959091 4078.8447515025755 4071.2556472417136 36241.974666951435 36227.872197073244 36192.19245661351 26434.843983210587 26402.36596789576 26371.59411594995 24423.212882373486 20491.367093373763 20465.808328774405 6509.093555933064 6240.2447412452475 6233.730148823388 5260.428689196702 6527.012198345024 
347.2696423843745 341.01295795985675 6606.210377387194 6603.9423149576205 6603.48087325125 1210.3826547892731 10005.773780768788 9778.443851040049 9765.8053379632 4078.8416399129856 4071.244069415283 36241.970846009295 36227.87219051597 36192.14906978833 26434.824721694218 26402.32374919572 26371.560526486744 24423.208767622153 20491.341409813096 20465.780653371065 6509.086499256182 6240.232645910251 6233.728918263636 5260.423718448739 6526.990228360243 
347.26885049396196 341.0115208505881 6606.203349302706 6603.940804375544 6603.480793656546 1210.3791939091789 10005.715213952977 9778.438698488833 9765.796344482074 4078.835831767903 4071.2396511356546 36241.95964104376 36227.87218138484 36192.14054837274 26434.80040322868 26402.29981747505 26371.54349676842 24423.208767622153 20491.32642858923 20465.752766044265 6509.0728724032815 6240.226594981708 6233.722299551038 5260.422625820199 6526.980674350472 
347.26879276335876 341.01093396826946 6606.1917579372275 6603.940762479 6603.480591376197 1210.3758499660298 10005.706669419398 9778.428460282928 9765.78733555027 4078.8327578364415 4071.2269276605202 36241.926591611686 36227.87217700227 36192.100173909465 26434.71719190442 26402.269119599645 26371.4728527545 24423.19090623315 20491.293661278873 20465.72358559305 6509.057991087369 6240.224553472699 6233.717276904371 5260.414528274766 6526.974217937647 
347.26834767109335 341.00991144783984 6606.179690658689 6603.940272084677 6603.480555900043 1210.3664510717222 10005.675615756662 9778.416536827492 9765.783632271341 4078.831549651929 4071.219258387946 36241.907999832576 36227.872171832285 36192.087616142446 26434.70681769994 26402.23222992489 26371.442475125583 24423.168612708218 20491.27284338943 20465.710836974293 6509.051410691516 6240.2111228291005 6233.713606449013 5260.410301544583 6526.9714266195515 
347.2668636318797 341.00941527243185 6606.167353396568 6603.9394719417105 6603.480311903163 1210.3524362545768 10005.672398156064 9778.412870775064 9765.755519612272 4078.8178959281113 4071.2188722214196 36241.889190684444 36227.872157993705 36192.01060405418 26434.65224698259 26402.210866170164 26371.402150873415 24423.1500515565 20491.206753707742 20465.70063087701 6509.043394357312 6240.2111228291005 6233.70675840407 5260.391194199011 6526.960965291715 
347.26637990782956 341.0088938829699 6606.162940251974 6603.939180846618 6603.480170827869 1210.3322702882288 10005.646408450342 9778.400694275157 9765.755519612272 4078.813048136757 4071.2127917685893 36241.88894423012 36227.872152714146 36191.91489817279 26434.60420867583 26402.192954183312 26371.346826439374 24423.116271677955 20491.204850297658 20465.66146968742 6508.997312925344 6240.208118703841 6233.6983466837155 5260.3713094667855 6526.950114406926 
347.2658161906513 341.0081502662515 6606.161571358858 6603.938204392672 6603.479924168313 1210.32667313021 10005.604676675008 9778.38776028241 9765.741157647826 4078.8107587920586 4071.2114470128727 36241.87188179973 36227.87215029207 36191.85662706827 26434.560752220892 26402.16019077706 26371.335866013957 24423.052326854795 20491.185228888957 20465.661411136414 6508.997312925344 6240.204477646442 6233.694998919118 5260.354747572587 6526.93839157823 
347.26562048647406 341.007556000641 6606.151037286022 6603.938011771677 6603.479905327988 1210.3080121804605 10005.592661175255 9778.377747028935 9765.732840022032 4078.809221637088 4071.2069954934686 36241.86217120813 36227.872147033195 36191.78227519922 26434.554228613688 26402.129998057106 26371.282579155464 24423.022945522214 20491.16405779104 20465.63061377983 6508.993432900343 6240.197713451067 6233.686219118702 5260.351478084292 6526.908452685707 
347.2654625616701 341.0074753714125 6606.149142001563 6603.936763483058 6603.479814014511 1210.2966908197304 10005.568487274182 9778.37141839482 9765.711591059475 4078.807973610674 4071.2067710530537 36241.85799097838 36227.87213845461 36191.76318918671 26434.520549644996 26402.111399287667 26371.276698916772 24422.988882433463 20491.07066959881 20465.61654881799 6508.984524287523 6240.190640067428 6233.682880023284 5260.327352454386 6526.873179791402 
347.2649570277956 341.0071695480556 6606.146559989095 6603.936333267736 6603.479488155139 1210.2780055468893 10005.56292661481 9778.365800603453 9765.709664145732 4078.8060936156608 4071.201675550491 36241.85548226974 36227.87212705023 36191.7325894824 26434.48715808382 26402.084523065583 26371.26280209092 24422.91701305436 20491.036225887077 20465.580085504873 6508.978196115498 6240.189847307115 6233.678491928138 5260.323974009649 6526.865350983797 
347.26423508119046 341.00701554448233 6606.143411432914 6603.935823236372 6603.479406334522 1210.2756164794228 10005.544477281226 9778.356981369656 9765.707908929457 4078.8026208332067 4071.194138987268 36241.85124366127 36227.87212276634 36191.71430344023 26434.46404840689 26402.04464255215 26371.203608750904 24422.875284426354 20490.991803824607 20465.570829251257 6508.974210535615 6240.180226388491 6233.6735785321425 5260.315902416815 6526.826019793255 
347.2637302571811 341.00636798240157 6606.139904386019 6603.935539799724 6603.479147015962 1210.272998303914 10005.526693941954 9778.351512649906 9765.683053713869 4078.7960812685105 4071.1914610732356 36241.84439643603 36227.872117522 36191.693614039286 26434.439966747705 26402.03473612348 26371.167375879617 24422.85300831304 20490.956880559435 20465.55213818767 6508.973354069853 6240.178789721566 6233.671338143631 5260.30110451516 6526.816550281258 
347.26311177293155 341.0058043307963 6606.1345512888165 6603.933936457918 6603.479130445149 1210.2628864092176 10005.51854225186 9778.335861985184 9765.677275986915 4078.792190881093 4071.1914269336867 36241.828531105755 36227.872105707094 36191.6780481189 26434.401040439992 26402.014085874056 26371.142229836256 24422.808693991676 20490.914705685445 20465.521668708127 6508.967937073895 6240.165194566135 6233.655105727168 5260.289190932241 6526.805387922911 
347.2625981883184 341.00537184987434 6606.127663323153 6603.933933592848 6603.47892210429 1210.2542439495555 10005.511391831813 9778.31617821029 9765.671423506858 4078.790693200077 4071.187375946376 36241.805049686416 36227.87209833137 36191.66614509963 26434.36566864619 26402.002271150497 26371.12395481576 24422.75501798361 20490.912541504553 20465.490826093523 6508.961906175949 6240.161807749561 6233.652769139708 5260.2682733194615 6526.783845922462 
347.2618965177335 341.00502921406587 6606.123915668511 6603.933505352232 6603.47892210429 1210.2331630438375 10005.510012278957 9778.309172459252 9765.664716589537 4078.778194251875 4071.186392935315 36241.77565034022 36227.872093046295 36191.657846977374 26434.326056053884 26401.9893311439 26371.112327780364 24422.73350360633 20490.872827938383 20465.490283783525 6508.957454161932 6240.1490600484385 6233.648427946487 5260.267664179314 6526.768672678766 
347.2609640113801 341.004760479532 6606.119706359636 6603.933135698568 6603.478820579094 1210.2252105902744 10005.490928991516 9778.297739019472 9765.658041999764 4078.7722466460764 4071.184569565912 36241.73373306287 36227.87208551577 36191.64614829982 26434.282570211828 26401.95602979431 26371.083913192495 24422.687832641666 20490.824061585514 20465.45682315664 6508.94851763283 6240.136195940283 6233.643300806482 5260.260295891884 6526.740921532129 
347.25982560586954 341.0046402019377 6606.118325973375 6603.93310262864 6603.478750953884 1210.2172344162618 10005.481816266025 9778.284978607984 9765.65712735096 4078.770738733472 4071.183172557161 36241.69599813701 36227.8720839442 36191.63576665695 26434.278360760985 26401.924938686596 26371.067948143827 24422.675925976677 20490.80056461431 20465.432576790477 6508.94543790294 6240.120502751107 6233.642249046973 5260.240872008777 6526.709579467743 
347.2598241724479 341.00356984485074 6606.111922556111 6603.932916823806 6603.4786572117655 1210.2133179316356 10005.471053351035 9778.277745802126 9765.638207228265 4078.7703891130514 4071.181281152365 36241.5980128513 36227.87207358868 36191.613667553596 26434.237109562047 26401.896200078678 26371.05039172055 24422.658830645898 20490.760681096115 20465.412658552596 6508.9350252264585 6240.108175360198 6233.634663047751 5260.232525930845 6526.695889333304 
347.25925982915146 341.00327687928666 6606.11074855702 6603.932683785544 6603.4786572117655 1210.1987000561394 10005.456027404382 9778.270092080378 9765.611039020476 4078.765923251871 4071.17949286763 36241.55105688737 36227.87207099039 36191.60669098264 26434.21156922554 26401.822434920985 26371.01398219092 24422.610068063714 20490.73791304839 20465.378127063123 6508.929222719517 6240.108175360198 6233.628791923248 5260.228906177095 6526.68925771138 
347.2587810902328 341.00266867512846 6606.106859214262 6603.93265165366 6603.478531304933 1210.193355621533 10005.44219125449 9778.25649778542 9765.582976597067 4078.76498385348 4071.177919676935 36241.52186527707 36227.872059693495 36191.548181863545 26434.189279170794 26401.814427087826 26370.98581106224 24422.538790925413 20490.720310664754 20465.34740803635 6508.92648118039 6240.091192222814 6233.625706219291 5260.223209438397 6526.67564994739 
347.25830880587364 341.0018464346672 6606.099624690615 6603.932298961465 6603.478453550431 1210.192245821644 10005.426045470398 9778.241816175761 9765.571807507637 4078.7620672683715 4071.176778581157 36241.487656136414 36227.872056496875 36191.546606154094 26434.142141087996 26401.777013183957 26370.95617257448 24422.495239964835 20490.66906766979 20465.32766990066 6508.921784498807 6240.078852061003 6233.625297265715 5260.219290228384 6526.662727595393 
347.25801488001025 341.0015450400929 6606.092647062639 6603.93199960702 6603.478384995557 1210.1880451665365 10005.418083241651 9778.211494519324 9765.568962392455 4078.758321967094 4071.175688034169 36241.4129667566 36227.872050458725 36191.54170804489 26434.109529086676 26401.710962817982 26370.95213720932 24422.48887481076 20490.64122175217 20465.314238233495 6508.915685715574 6240.072685038985 6233.62287218009 5260.204153502541 6526.64835380858 
347.25741167803835 341.00095202299553 6606.085083988813 6603.9316839938 6603.478309493564 1210.1804966673599 10005.398455742034 9778.206029993988 9765.561057177822 4078.750540129031 4071.175351151931 36241.39569451429 36227.872029387334 36191.523717071825 26434.109529086676 26401.69987523539 26370.950893817168 24422.381261839957 20490.628987108947 20465.295604165327 6508.906750042079 6240.048724699566 6233.621736396055 5260.194508950156 6526.647378672275 
347.25732801851086 341.0005243701203 6606.081034575109 6603.9316839938 6603.4782965686245 1210.177139189249 10005.385383383247 9778.189064740465 9765.553017521013 4078.749273152419 4071.174391485365 36241.32278434655 36227.872018562935 36191.503351327 26434.06970626837 26401.649757594234 26370.938620503755 24422.337616457386 20490.59181061134 20465.29131937453 6508.893277912397 6240.048724699566 6233.6203009264445 5260.186697610773 6526.6363826053985 
347.2567554106722 340.99977491119535 6606.07603382121 6603.931625139922 6603.478235975615 1210.1697362913774 10005.369701699276 9778.165012098776 9765.533603395339 4078.742771184672 4071.173313139978 36241.31657205709 36227.87201185588 36191.498222153044 26434.068966010207 26401.63710101812 26370.927467541485 24422.31956785169 20490.56172222869 20465.28030597768 6508.887035711839 6240.038661269663 6233.618001537255 5260.177537288673 6526.63159184737 
347.2566710483866 340.99817470160224 6606.0718672486655 6603.931283617085 6603.478119635331 1210.1655846307403 10005.364881314068 9778.153755352914 9765.525298387793 4078.7386339309087 4071.1717995649697 36241.29734392019 36227.87200323522 36191.49688464367 26434.044560155187 26401.580172820777 26370.90069457689 24422.244216051855 20490.486161899153 20465.247503643757 6508.874227554904 6240.023494359799 6233.614102651261 5260.174144028178 6526.620427591724 
347.2561579128701 340.99795549817645 6606.067181242147 6603.930997830152 6603.47802730011 1210.158210721048 10005.345423554445 9778.143620200368 9765.525298387793 4078.7386339309087 4071.1716127551526 36241.26521426476 36227.87199713013 36191.490512548226 26434.016374008326 26401.552650024678 26370.876610900254 24422.18831659366 20490.4765296704 20465.199632637563 6508.8527899529945 6240.019793876129 6233.612845909327 5260.168008222308 6526.6106983874515 
347.2561579128701 340.99777321911756 6606.060701272254 6603.930777281963 6603.477934134528 1210.152779591634 10005.335669478374 9778.141649478364 9765.515869750985 4078.7345152490143 4071.170404286803 36241.258238478404 36227.87199418035 36191.474310927646 26433.991238096816 26401.533520558358 26370.871549548385 24422.15651720513 20490.411812268172 20465.150374114182 6508.832747143908 6240.017249297497 6233.6109802450865 5260.157157089677 6526.606297912188 
347.25579823723115 340.997223745738 6606.059122466808 6603.930751341817 6603.477843822746 1210.142895208046 10005.33220877909 9778.125329173527 9765.503740269332 4078.7299293288506 4071.170404286803 36241.23503284481 36227.871982615754 36191.47028482142 26433.97081778577 26401.511774051156 26370.84609947791 24422.135085503494 20490.398625812977 20465.114162308306 6508.816122940942 6240.002738534635 6233.603431806156 5260.145378230377 6526.600494162439 
347.2552594929739 340.9961825516341 6606.050053811148 6603.930501009417 6603.4777348850985 1210.1300672492416 10005.31294981983 9778.115746578229 9765.479553537944 4078.727784497819 4071.1700657710044 36241.20276474428 36227.87197760681 36191.46949697993 26433.928497643854 26401.48120473301 26370.81001103013 24422.11553463528 20490.37109763198 20465.08951839153 6508.771656435458 6239.987854650021 6233.598588919091 5260.141108925244 6526.596767595219 
347.2547600326038 340.99606635220766 6606.040231171394 6603.9302582767305 6603.477623788369 1210.1293918870329 10005.305618233266 9778.109223247007 9765.470637309692 4078.7246724776323 4071.168856087399 36241.16852212489 36227.87197591408 36191.45626763039 26433.917634964215 26401.44794730203 26370.798060317615 24422.04953117948 20490.316343294606 20465.07931916329 6508.751659038579 6239.971356264912 6233.595509793271 5260.133559449343 6526.588751471705 
347.2544516298708 340.99604454832934 6606.03911360731 6603.929726460369 6603.477604627905 1210.1251803363302 10005.301822774432 9778.10384765025 9765.465946512162 4078.722183473258 4071.1683939868217 36241.12703313424 36227.87195420036 36191.41354345833 26433.88730701664 26401.43032728298 26370.756081637024 24421.905692536897 20490.305487803238 20465.042093354015 6508.713826632195 6239.961210002201 6233.595509793271 5260.1299872009995 6526.5843418314025 
347.2544516298708 340.9958381974493 6606.035481037247 6603.929726460369 6603.477569995061 1210.1214216805288 10005.295935517155 9778.096104892551 9765.460129743518 4078.711975845875 4071.1681024319187 36241.03932065376 36227.87195216371 36191.240604579856 26433.857743939123 26401.38590156231 26370.734947652014 24421.905692536897 20490.25173894111 20465.023461799206 6508.694281889838 6239.950802763504 6233.591969519228 5260.120627061462 6526.583414479436 
347.2536956393492 340.9948418633858 6606.023017360177 6603.92941163008 6603.477510771574 1210.1187987166245 10005.290941571588 9778.092779927281 9765.424404918538 4078.704032676853 4071.166903881358 36241.02122458128 36227.87194865855 36191.17939463671 26433.830762841742 26401.324314407153 26370.68516759513 24421.85965238932 20490.241169331373 20465.000050329836 6508.685509449514 6239.9434023396525 6233.58782126041 5260.11596022633 6526.581288130234 
347.2529500530741 340.99385271733854 6606.020592268739 6603.929200935533 6603.477476344912 1210.1118516767165 10005.283699575826 9778.081938732736 9765.386185999505 4078.6996712923974 4071.166327614028 36240.981162426935 36227.87194146623 36191.15483620507 26433.79283323574 26401.324314407153 26370.623811822228 24421.83642198194 20490.194895411827 20464.997255080063 6508.6836909726135 6239.92759503772 6233.586154940413 5260.114171006335 6526.577657590585 
347.252533784608 340.991559306186 6606.010837791191 6603.9291730503055 6603.477434928787 1210.1118516767165 10005.273889939364 9778.076206245616 9765.369650612638 4078.6934881241996 4071.1649924717294 36240.91782343708 36227.871940424004 36191.091466411206 26433.75686911737 26401.25106052042 26370.61566657592 24421.786455520923 20490.168871211532 20464.979710660908 6508.664176868289 6239.92759503772 6233.582181398686 5260.105721435851 6526.573219174693 
347.25196732484255 340.9915469655348 6606.004339995206 6603.929108770455 6603.477342934041 1210.1068532041277 10005.26284178423 9778.072316804191 9765.364657592962 4078.686349312372 4071.1617218501897 36240.884714736996 36227.87193493433 36191.06441100642 26433.7392082617 26401.22177780632 26370.56952859691 24421.751486104422 20490.139987078335 20464.96678056803 6508.653541836654 6239.917083172896 6233.581268512497 5260.101780525605 6526.5648810068105 
347.2515242337781 340.99032239617145 6605.997376352941 6603.928883859774 6603.477323833854 1210.1036474061898 10005.256394666758 9778.067490106972 9765.354550334254 4078.66970444041 4071.1577349968857 36240.833901614125 36227.87193094893 36191.0238388044 26433.734629954564 26401.212049514877 26370.568686834788 24421.71560976643 20490.100771696318 20464.961758395737 6508.641422903663 6239.905880594243 6233.579105474899 5260.0973772008465 6526.555043777202 
347.2507497574145 340.9899973529473 6605.994330416629 6603.928679747569 6603.477192851187 1210.0963580242196 10005.250125317281 9778.062206518942 9765.345343968951 4078.6528127348174 4071.138520008464 36240.786581167005 36227.87192634526 36191.01320102253 26433.710832707005 26401.172981523498 26370.562512403343 24421.698214097283 20490.053201647148 20464.938709058206 6508.629636235108 6239.896692094334 6233.577339545485 5260.0860943540365 6526.536163668455 
347.2477122846351 340.98972098914146 6605.983903187173 6603.928340724169 6603.477028915577 1210.093345436855 10005.242585264332 9778.057522456393 9765.342336345271 4078.6527021962693 4071.115511029995 36240.781434805715 36227.87191764063 36190.985301638895 26433.697914528922 26401.074149098316 26370.53302406861 24421.666440459307 20490.001318233 20464.934408664914 6508.613878452501 6239.8899722817205 6233.5749302619315 5260.08250999543 6526.533896846739 
347.2469368734471 340.98814287479877 6605.967461083971 6603.928187931617 6603.476695944239 1210.0896457838253 10005.228517235118 9778.052742140575 9765.33689147277 4078.6467141931535 4071.1046834602093 36240.767540529654 36227.87191167121 36190.97301100114 26433.675982542478 26401.038241675258 26370.511667164137 24421.636629669312 20489.992343795988 20464.911970005203 6508.59591643759 6239.889147373571 6233.574169417245 5260.078357693485 6526.524125840731 
347.2464102137785 340.98796854456896 6605.965669157374 6603.927884774105 6603.476554108836 1210.0857888115675 10005.222470216075 9778.049092499181 9765.333998742552 4078.6467141931535 4071.096134807557 36240.73592445051 36227.871902210216 36190.93378973495 26433.650942754946 26400.90278540626 26370.48765863501 24421.6269747187 20489.96114870565 20464.888432844382 6508.580599839688 6239.883246806371 6233.572237902389 5260.073962165716 6526.517543240253 
347.24587597450636 340.98752712253645 6605.962069208661 6603.927810911787 6603.476531449832 1210.065477471469 10005.214369457342 9778.04152789671 9765.328880666055 4078.6400119367972 4071.0942428598737 36240.72177773655 36227.871892503375 36190.92449813645 26433.626991782592 26400.84606053049 26370.48140801608 24421.5815500097 20489.933258634108 20464.847486658742 6508.560559562099 6239.874624451648 6233.57063363046 5260.062180529088 6526.506893158199 
347.2457968872777 340.9874136078761 6605.959292641044 6603.927490064238 6603.476393237187 1210.0562067174665 10005.201402702909 9778.023178685973 9765.311150948784 4078.6357584348953 4071.0906396778537 36240.65311264957 36227.87188747828 36190.90228834155 26433.59341763676 26400.7497673012 26370.438028783814 24421.56744655656 20489.92606303708 20464.83060958372 6508.548610734452 6239.867670082782 6233.570013430819 5260.057129714359 6526.502426856846 
347.245363234417 340.9872523747081 6605.952531739113 6603.927490064238 6603.476299632965 1210.045785158546 10005.198776163063 9778.013148001688 9765.30723812988 4078.632292218057 4071.0875751157273 36240.6249271562 36227.87188325099 36190.8882305595 26433.558191159973 26400.57121547382 26370.400777566527 24421.545374564528 20489.89518092373 20464.805067499194 6508.544709367166 6239.857634303648 6233.5691835949565 5260.045047329757 6526.48030517204 
347.2445103751561 340.9869754257595 6605.949011648276 6603.927173605318 6603.476299632965 1210.0304950761665 10005.186693937661 9778.002829954394 9765.30093215418 4078.6287961709077 4071.0840094886407 36240.51312510997 36227.871874743956 36190.886622604114 26433.538985418305 26400.418398159236 26370.36649220136 24421.533745056306 20489.88004240027 20464.797488786695 6508.533111748882 6239.853223851899 6233.567017591484 5260.041142425016 6526.4791711554 
347.2440435097715 340.9866154948236 6605.946614640593 6603.92698838007 6603.476082118799 1210.01619440486 10005.183782162901 9777.987642933062 9765.288359487384 4078.6240142032148 4071.079977818855 36240.49222464727 36227.87186229375 36190.876613993045 26433.497979548705 26400.323357388806 26370.350268584152 24421.501556728537 20489.850265812613 20464.77154975573 6508.528190519642 6239.839797877438 6233.564669292473 5260.028551479341 6526.474984521022 
347.2436818742267 340.9864821060437 6605.941592951627 6603.926599644837 6603.475987340472 1210.0138892849372 10005.17913337864 9777.971025406532 9765.27404603595 4078.6191434384336 4071.0797551509386 36240.451208894774 36227.871861429776 36190.838660638496 26433.406212079513 26400.239462632886 26370.350220462038 24421.491976820867 20489.837250103654 20464.71173436262 6508.516705462892 6239.830056668717 6233.560635113524 5260.0145412781185 6526.472659527621 
347.2432428138991 340.98600886492113 6605.9385185069395 6603.926465176008 6603.475834337841 1210.0094639431836 10005.175033684147 9777.957123577606 9765.263032155151 4078.6155255912518 4071.0772653374806 36240.40130251083 36227.871836407576 36190.82835118953 26433.391454099765 26400.098558582802 26370.318030010243 24421.47118856593 20489.832613923994 20464.69605852188 6508.501712900921 6239.802707347907 6233.5588862829345 5259.987119498619 6526.465061832486 
347.24275600986107 340.98545290796665 6605.935951937957 6603.926272785429 6603.475800716194 1210.0056729722337 10005.162401962807 9777.940306261551 9765.260925044682 4078.61312498763 4071.076787697859 36240.375945983695 36227.87182899266 36190.824578474996 26433.365252248183 26400.048398319206 26370.296227948045 24421.450372000505 20489.823201467247 20464.68885368913 6508.487072162405 6239.783390230015 6233.544213899933 5259.976325569389 6526.461160090432 
347.242462187098 340.9843771659321 6605.932792811537 6603.926221793215 6603.475763598755 1210.0056077862655 10005.153726254095 9777.916595991508 9765.253908326422 4078.6077253121966 4071.076129896922 36240.2989350734 36227.8718207134 36190.75809378602 26433.343373543925 26400.037406076917 26370.27241397334 24421.433827162495 20489.814618398937 20464.649171694917 6508.4846456391 6239.780101140552 6233.514908849605 5259.965161184003 6526.452823260486 
347.2418901487781 340.9839808489651 6605.928130071053 6603.926035855311 6603.475719408377 1210.0010189612312 10005.129027157434 9777.916595991508 9765.2495791003 4078.6067391986726 4071.075655091555 36240.23983327687 36227.87181728183 36190.725054639704 26433.311643265584 26400.037406076917 26370.27241397334 24421.42183804586 20489.767785938904 20464.643126115556 6508.471483237642 6239.757364269344 6233.509803387681 5259.956798360936 6526.440597254094 
347.24181799129656 340.9833631442507 6605.9252259343875 6603.9258547370755 6603.4756782373515 1209.9984304828045 10005.126990067845 9777.901869408992 9765.23196708804 4078.6038396048316 4071.0710195685597 36240.15593252351 36227.87180945468 36190.69618303937 26433.289649253988 26399.866570109243 26370.254625781112 24421.399400796756 20489.744799708817 20464.627035290003 6508.453537150122 6239.737294845534 6233.502408087644 5259.946397189109 6526.440470657123 
347.24089322912414 340.98330935759714 6605.91582288828 6603.92558814151 6603.475648358231 1209.9973595460306 10005.110407515187 9777.891283553357 9765.193290139434 4078.600380273493 4071.0688294230285 36240.11209865048 36227.87180263274 36190.664873036214 26433.267060926682 26399.82095885554 26370.237029085096 24421.386263892688 20489.701394201616 20464.609266625237 6508.452184307687 6239.73481922865 6233.502408087644 5259.941740017893 6526.433804482975 
347.24008999754665 340.9830763851119 6605.903930491416 6603.924875784782 6603.475626946163 1209.9921207533607 10005.110407515187 9777.880137814762 9765.168645079231 4078.5896586961117 4071.0632143174407 36240.10270308786 36227.871798270695 36190.65377524521 26433.220910373562 26399.710246002258 26370.22557818515 24421.372114879876 20489.65027227335 20464.60180221553 6508.443697287639 6239.7277416402 6233.500535334398 5259.921582611727 6526.426086558604 
347.24000087535615 340.98272103151817 6605.898814655154 6603.924699027058 6603.475557559517 1209.9894878283249 10005.09797018247 9777.831170183195 9765.144694440698 4078.58814918602 4071.0607099221024 36240.051137990806 36227.871798270695 36190.603497501455 26433.19714195243 26399.710246002258 26370.18907869277 24421.342972736336 20489.62067788765 20464.573951764236 6508.432939364853 6239.7174626256865 6233.497262904629 5259.909273010928 6526.42464539566 
347.239406145917 340.9819454409094 6605.889435338276 6603.924324125813 6603.475504794926 1209.9841077865103 10005.093340403557 9777.813737098586 9765.135192517522 4078.581649949053 4071.0537074884796 36240.01774278222 36227.87179567074 36190.603497501455 26433.170361713033 26399.636408319377 26370.18907869277 24421.317571342766 20489.598356109436 20464.569008198323 6508.432658019133 6239.711558033909 6233.496078406437 5259.891950053993 6526.412047124392 
347.2389063390824 340.98058945107914 6605.881920609607 6603.924213475188 6603.47547276535 1209.9784670156114 10005.091978366623 9777.810758238627 9765.118751866532 4078.5802377520595 4071.051490008529 36239.96952179802 36227.87179079412 36190.59646500979 26433.159716506965 26399.60938716448 26370.166518593753 24421.290876677172 20489.53075444935 20464.555749682135 6508.41984726194 6239.708701947084 6233.489974782703 5259.888345524337 6526.403768209173 
347.2384607554286 340.97914915469346 6605.879107583075 6603.923960188166 6603.47543785506 1209.9712331773667 10005.07971167228 9777.785940012282 9765.118751866532 4078.5704350214764 4071.051490008529 36239.95811073758 36227.87178329277 36190.576405585874 26433.153063369387 26399.5793677739 26370.12526337823 24421.266353819487 20489.45432858382 20464.526459033736 6508.41041038719 6239.696658097588 6233.489269830039 5259.870204202196 6526.401832881909 
347.23775550237633 340.97914915469346 6605.8749184329845 6603.923857636561 6603.4754131330055 1209.9586215578051 10005.065463668665 9777.760132141242 9765.096432092012 4078.569183332177 4071.048413651328 36239.902350410026 36227.87176658939 36190.541571543785 26433.125074025567 26399.530930044046 26370.087534679875 24421.197719524094 20489.381614910457 20464.51255144927 6508.406772160884 6239.686964671594 6233.4827052503915 5259.850184442098 6526.388522002858 
347.23751609184296 340.9778306243868 6605.864739414621 6603.9238249238215 6603.475352789695 1209.9457014856462 10005.056541444887 9777.754533133026 9765.095586212037 4078.5654442496016 4071.0458303075993 36239.873753571715 36227.87174703472 36190.53830963534 26433.096491712542 26399.491436608794 26370.062323095728 24421.16617571313 20489.32929536987 20464.480428276376 6508.40464929247 6239.68184217726 6233.4787727459 5259.843050178757 6526.3766220051475 
347.237494774314 340.97674168060075 6605.862915850585 6603.923505015465 6603.475335693433 1209.939324352542 10005.056541444887 9777.738293937078 9765.082992478257 4078.550369845105 4071.0451783762082 36239.84396078085 36227.8717467451 36190.51448332217 26433.09579885691 26399.484765342844 26370.052614097953 24421.145373887102 20489.274395839988 20464.446133167403 6508.40361063549 6239.675866124039 6233.478019628265 5259.837536603896 6526.367691185646 
347.2368420038076 340.97424795142 6605.858488509604 6603.923297918113 6603.475317786208 1209.925104816928 10005.053895769262 9777.738293937078 9765.068300145973 4078.5485953103007 4071.044045364887 36239.82896150305 36227.87173719414 36190.47137660787 26433.08616551632 26399.45831913203 26370.03000143018 24421.14365161541 20489.268861910692 20464.413272149603 6508.398734401089 6239.6744189354795 6233.474181709923 5259.8197262810345 6526.366239435527 
347.23668019272145 340.9734880816634 6605.851776031252 6603.923187293585 6603.475238338663 1209.920841869241 10005.044723373325 9777.731124280865 9765.05710378171 4078.544399139382 4071.0429699271517 36239.7327653542 36227.87172663835 36190.44087410579 26433.067781850543 26399.419476864816 26370.03000143018 24421.130268072287 20489.153372688772 20464.39215540227 6508.389544426552 6239.658112778495 6233.469521688085 5259.795322165917 6526.359982576616 
347.2360257140256 340.97285087768887 6605.8490381188685 6603.923071324675 6603.474986181843 1209.9196429137173 10005.041489676712 9777.717945884338 9765.038939593907 4078.5404133680313 4071.037899121383 36239.71442859952 36227.87172504882 36190.421083918634 26433.02430503047 26399.39561901238 26370.001834221977 24421.091850312096 20489.08396657054 20464.381946902256 6508.385514376745 6239.653524478516 6233.456088392436 5259.791543685852 6526.354982780394 
347.2353155572248 340.9723974148899 6605.845127385227 6603.922822528243 6603.474910645736 1209.91736905899 10005.037151575567 9777.703041954475 9765.034483411226 4078.536454656659 4071.0356397303494 36239.70989489126 36227.87171271449 36190.39110208734 26432.990700946186 26399.361466220987 26369.972014698207 24421.04461035871 20489.045570350165 20464.37646030627 6508.38231422137 6239.630846130971 6233.456048936742 5259.783035305199 6526.354970501086 
347.2353155572248 340.97135083118883 6605.838565554295 6603.9226739608985 6603.474832541012 1209.916523110062 10005.036979270237 9777.686176799907 9765.021108977136 4078.534954260418 4071.0284637355217 36239.70706057168 36227.87169207789 36190.36359145274 26432.96295411589 26399.351581920233 26369.9608373941 24421.02897719159 20489.026107995902 20464.340908224487 6508.37549443777 6239.629422507831 6233.453909670802 5259.778663320347 6526.351142940996 
347.2349510292877 340.97047653041955 6605.827351878149 6603.922514408149 6603.474764685811 1209.9026416235238 10005.027748894332 9777.641226323001 9765.01226006075 4078.5314157183157 4071.02015428507 36239.67265538183 36227.87168959087 36190.31939869689 26432.958417376914 26399.338372879385 26369.939140549304 24421.00680899686 20488.94742976091 20464.337050146565 6508.370182790138 6239.62618300877 6233.416383039955 5259.77424676874 6526.334390991602 
347.2345669538022 340.9701739305756 6605.825251919674 6603.922332977736 6603.474738118929 1209.8952339826455 10005.009794419098 9777.628018202544 9765.000743659422 4078.5285052547642 4071.0130990999623 36239.646936427955 36227.87168066998 36190.25032982605 26432.907097705618 26399.2882940682 26369.92283746963 24420.979016364694 20488.927287853046 20464.328751522266 6508.364239975985 6239.620229862409 6233.407074543853 5259.767205670575 6526.334182462752 
347.2342662541623 340.9693736333629 6605.820397283368 6603.9222146896645 6603.47467534967 1209.8936978309848 10004.996027407748 9777.602492946253 9764.986326588489 4078.522377604185 4071.012552332517 36239.6298116474 36227.87167382954 36190.25032982605 26432.859445353115 26399.2882940682 26369.91184326076 24420.96854271831 20488.890543322803 20464.3149139789 6508.360634494474 6239.607837308375 6233.38081869758 5259.767205670575 6526.333086050566 
347.2341308599621 340.96889025718997 6605.804838953409 6603.921914601845 6603.474523701737 1209.8876138195856 10004.976164589416 9777.58158055694 9764.975905188165 4078.516773517097 4071.005749857518 36239.6292103063 36227.87163650518 36190.22317462333 26432.78511204471 26399.23910747525 26369.875309119343 24420.966854947714 20488.85034647423 20464.292120220398 6508.358800181216 6239.595325619541 6233.366612951941 5259.757216338569 6526.325838814896 
347.23353015547605 340.96836376331726 6605.7965219073985 6603.921740410236 6603.474511646105 1209.8830416409173 10004.95299743062 9777.5646698235 9764.971558073703 4078.507983269381 4071.0013627808576 36239.59956249789 36227.871627357454 36190.21285429167 26432.760093594054 26399.22581029959 26369.841155118604 24420.96167692824 20488.81859665428 20464.279395075613 6508.354985152623 6239.58560938775 6233.349580808585 5259.750554580782 6526.320157540353 
347.23342048802624 340.9673426630052 6605.795169956105 6603.921338944267 6603.47442034271 1209.8769744218716 10004.947308592777 9777.554362909412 9764.968058304095 4078.5016061444403 4070.9991862140087 36239.59642776611 36227.87162128576 36190.19737185234 26432.742881712882 26399.21906407343 26369.791329049687 24420.946947645556 20488.799757316123 20464.267831889647 6508.350621888439 6239.58560938775 6233.336735096011 5259.746782057109 6526.306602976914 
347.2331408594878 340.96666849872054 6605.784284820509 6603.921235280312 6603.474332772236 1209.872493950184 10004.935445922578 9777.51538772564 9764.952462200445 4078.5004077911144 4070.997799660433 36239.5576219855 36227.87161070074 36190.16017282726 26432.69310578672 26399.191035793185 26369.775429708807 24420.921619352303 20488.785926087818 20464.25151831586 6508.346509165795 6239.5826749382995 6233.329479652638 5259.744904495684 6526.2890977812585 
347.2330078919158 340.9662921854024 6605.773209532649 6603.920975311755 6603.474288389141 1209.8700192492165 10004.935445922578 9777.501865233406 9764.933733888243 4078.498313524251 4070.9959700978634 36239.55045906784 36227.87160854145 36190.14694169726 26432.668408512527 26399.168529225382 26369.7666887319 24420.921619352303 20488.749468457743 20464.249354714528 6508.340704121399 6239.572373683417 6233.322874507144 5259.7367250188445 6526.2890977812585 
347.23272209496713 340.96557064671583 6605.769060446144 6603.920740746472 6603.474150931302 1209.8666600338197 10004.921889087536 9777.497976533194 9764.931219313185 4078.494646240749 4070.991519223083 36239.51366367223 36227.87159938267 36190.10367252172 26432.65150941055 26399.16200145114 26369.745009090333 24420.893207925797 20488.73260316291 20464.222251498213 6508.332711068999 6239.570263166497 6233.315475721096 5259.733971464194 6526.273321805977 
347.2323909160982 340.9636185298232 6605.763928380465 6603.92062435051 6603.473936368826 1209.860567164109 10004.915266242962 9777.478175726868 9764.918939662775 4078.4935521678244 4070.987960179291 36239.49045366481 36227.8715968954 36190.08024133962 26432.63799557648 26399.139789279627 26369.733184970115 24420.879032208937 20488.72224133792 20464.20246511251 6508.328097535083 6239.562137553216 6233.312762390057 5259.725520501757 6526.267311756602 
347.2321268507478 340.9629942688225 6605.75247220639 6603.920537798582 6603.473872662462 1209.8528035933114 10004.893229568464 9777.476405800046 9764.913215006152 4078.489623278635 4070.985638362483 36239.425098827865 36227.871587989684 36190.07268696279 26432.60847983609 26399.127663802534 26369.721195894843 24420.861436734845 20488.697125855015 20464.20246511251 6508.295278109107 6239.562137553216 6233.30499145118 5259.715743214141 6526.256925710188 
347.23186292704213 340.9628173714709 6605.746415672522 6603.920342806488 6603.47375693182 1209.84914853163 10004.885747768281 9777.464453489833 9764.90640883781 4078.4806380012033 4070.9839680519453 36239.39347053376 36227.87157129111 36190.02936740419 26432.576196757338 26399.111538013505 26369.709484955652 24420.854212297578 20488.686274506053 20464.187925283688 6508.289647255398 6239.5587122333045 6233.300896501961 5259.708685653407 6526.25341136552 
347.23162817942534 340.9617156680183 6605.733892614798 6603.920262613021 6603.473677334822 1209.8449016012619 10004.874964313449 9777.451494850768 9764.889040518743 4078.472410288886 4070.9830067565345 36239.36064856971 36227.87155739912 36189.98474922284 26432.548505173218 26399.11112192242 26369.7074884583 24420.84295434836 20488.66561328557 20464.185682577885 6508.2654384265215 6239.556495098852 6233.296399091533 5259.701958396285 6526.245234464214 
347.2312234179549 340.9609269133018 6605.725368301244 6603.920146408094 6603.473572753571 1209.8373969775412 10004.870992937827 9777.44416117837 9764.875752853828 4078.456882202976 4070.9830067565345 36239.3414009518 36227.87155302387 36189.960049553905 26432.548505173218 26399.089565802296 26369.68671023211 24420.83408527417 20488.657822509806 20464.172291621377 6508.260359038527 6239.5523250832475 6233.2878102234745 5259.696983520859 6526.231542625803 
347.23085756754836 340.95843471889884 6605.72528667184 6603.920028897543 6603.47338733575 1209.8322360402503 10004.864616670287 9777.429507368239 9764.869265057294 4078.4522117267225 4070.9808820636154 36239.31751835097 36227.87155277244 36189.93308930718 26432.526343870064 26399.058181200253 26369.68509195074 24420.823889042706 20488.65506626103 20464.136422670283 6508.244925489589 6239.543956762829 6233.284197885498 5259.689046314813 6526.220808039052 
347.23002500177836 340.95820134477117 6605.714649214137 6603.919933638571 6603.473297509787 1209.8306195672026 10004.85251061366 9777.408393439853 9764.855200845224 4078.445531807154 4070.9793580613814 36239.302984617374 36227.87153628422 36189.86615057194 26432.510780053653 26399.045498983207 26369.679326072222 24420.807636785903 20488.634757880336 20464.11134084345 6508.235420816884 6239.534063674099 6233.280560529895 5259.687740216809 6526.21140513438 
347.2295719121528 340.95743110143667 6605.707673376708 6603.919869358316 6603.473270967927 1209.8216094807185 10004.847257699548 9777.377971626904 9764.848605606676 4078.4363541195507 4070.9786665882402 36239.284846342445 36227.871525235336 36189.71205754573 26432.47477956462 26399.03535794434 26369.674735370463 24420.785468658174 20488.62773070421 20464.104680834484 6508.225519406263 6239.527694344452 6233.263779326531 5259.686948544788 6526.204313328909 
347.22947194324684 340.95640064959366 6605.700496272833 6603.919794149198 6603.473096427519 1209.8187464620441 10004.80390818661 9777.370331523438 9764.843222175814 4078.4322859757094 4070.9770494270233 36239.277495681126 36227.871511677135 36189.596953099826 26432.45724370831 26399.026838780384 26369.67194384805 24420.76930025489 20488.60908336097 20464.097742254427 6508.207512327452 6239.522801805839 6233.257192170793 5259.683507652204 6526.192308663376 
347.2293509849801 340.95640064959366 6605.693066779675 6603.9196340326325 6603.472956527717 1209.8162094478648 10004.775028967815 9777.359332053322 9764.84217819248 4078.431104529789 4070.9766363770723 36239.26279789973 36227.87150741932 36189.586901694114 26432.396887783507 26399.004016844676 26369.668066564445 24420.7487375147 20488.58721803758 20464.08069608228 6508.199014029076 6239.521670362874 6233.24728485279 5259.678826582187 6526.190294579216 
347.22912364830154 340.95577673181265 6605.674608290682 6603.919407710428 6603.472843443054 1209.8078999337417 10004.752538704899 9777.345866261006 9764.832439303911 4078.4269052692416 4070.9754064419412 36239.230040790244 36227.87150104106 36189.41001981083 26432.37194765611 26398.98573725883 26369.65061620655 24420.68794676879 20488.58367377285 20464.060130186113 6508.188019562847 6239.508212297516 6233.241362937047 5259.675029431111 6526.1839033500255 
347.2288535235966 340.9545515641196 6605.6716143953245 6603.919356300296 6603.472843443054 1209.7962019029155 10004.714435056554 9777.31807800474 9764.823334264122 4078.4227855928984 4070.9743537766135 36239.186773680805 36227.87149087225 36189.32370079327 26432.31740553284 26398.978644801085 26369.63814891714 24420.67591012387 20488.56997105858 20464.044080300115 6508.1870412071885 6239.505337993358 6233.234203375528 5259.671189083363 6526.182596823293 
347.2286614933239 340.95399509974277 6605.67002911646 6603.919275966267 6603.472779481804 1209.793216564255 10004.713239282712 9777.303322865735 9764.81536089953 4078.4202883919825 4070.9731116518833 36239.165353431075 36227.87148979605 36189.24352923452 26432.283353945633 26398.956177440046 26369.626977727967 24420.647217272377 20488.541323091406 20464.00965780728 6508.180493346222 6239.495593344367 6233.212412736605 5259.658060679435 6526.177697283652 
347.2284924174535 340.95291038708046 6605.656761666347 6603.919227790589 6603.472708234092 1209.780818964211 10004.70765857894 9777.295341362926 9764.81210119108 4078.4201918037998 4070.969137315684 36239.11020709562 36227.871480790534 36189.17737278226 26432.2797819434 26398.86181718273 26369.62630588403 24420.6344051022 20488.5412595993 20463.989806222442 6508.16644235265 6239.4940978719105 6233.2118878871715 5259.6544334217615 6526.1750199136695 
347.2280860281403 340.95275211340277 6605.649211920013 6603.919123600602 6603.47269053639 1209.7721471153718 10004.682937458188 9777.273789055926 9764.809254671305 4078.4147282685517 4070.9623115808217 36239.105267715044 36227.87147255161 36189.02798547869 26432.2797819434 26398.83278474958 26369.60703829631 24420.619807860083 20488.513656014136 20463.928975987175 6508.165588728729 6239.489970068256 6233.210381793277 5259.652478864208 6526.166804415816 
347.2277458916217 340.951796633261 6605.637907535524 6603.919029010917 6603.472606623393 1209.7713865257592 10004.666537279558 9777.273789055926 9764.804548653537 4078.4147282685517 4070.9528972707267 36239.08827793553 36227.871471991704 36188.82884175795 26432.211531250272 26398.783110631637 26369.587687255345 24420.60432830187 20488.513656014136 20463.92376558165 6508.160475710374 6239.485781118285 6233.2057486023605 5259.651396450012 6526.156082282889 
347.22751411581385 340.9508129133328 6605.635884512535 6603.91875364947 6603.472556835578 1209.7597680357385 10004.65453940072 9777.261547051687 9764.800493584838 4078.4127274944212 4070.944973130213 36239.08100053307 36227.871462665746 36188.798100693806 26432.211531250272 26398.750285309638 26369.58269830294 24420.591188730934 20488.48198288665 20463.86955664864 6508.15421545388 6239.474835526738 6233.199942618024 5259.64640734955 6526.149438935767 
347.2271916624843 340.9503055385708 6605.623550571734 6603.918551300134 6603.4724967920765 1209.7529617175305 10004.648498653607 9777.259530450012 9764.798954318754 4078.3898250305974 4070.942670648199 36239.075570249224 36227.87145846269 36188.7847515309 26432.1420878072 26398.678966857944 26369.566108479405 24420.5691260617 20488.46691904045 20463.858003691555 6508.148083174865 6239.471757268643 6233.192164800617 5259.643465642336 6526.138817018977 
347.22673415085774 340.9499993483091 6605.617332849907 6603.918199374488 6603.472439274786 1209.7403008708598 10004.64062248053 9777.24985545644 9764.798055591322 4078.3829890100124 4070.9418080290125 36239.067234208094 36227.871454947126 36188.724442703766 26432.048357501164 26398.66056156913 26369.561805775986 24420.554425598762 20488.46139782376 20463.822427905223 6508.136004170745 6239.4581077022785 6233.192164800617 5259.637904296297 6526.130837205879 
347.2264372980585 340.9483773180814 6605.611378756172 6603.918088088133 6603.4723846340785 1209.7392826897653 10004.636752162838 9777.227059695695 9764.793829789623 4078.3779551417774 4070.935708306891 36239.04317929835 36227.87145033607 36188.67088464014 26432.03993098046 26398.64284763324 26369.542514454304 24420.554425598762 20488.44825344299 20463.79269138105 6508.128258020631 6239.455733031559 6233.182921374793 5259.637904296297 6526.130163740569 
347.22605726187635 340.9476678035726 6605.602783407368 6603.917870576872 6603.472313839139 1209.7354758817169 10004.620827720457 9777.201881050909 9764.78996969437 4078.3650440044457 4070.9331053361584 36239.03414517807 36227.87144122879 36188.61701725514 26432.000694846676 26398.585140384745 26369.52838389146 24420.51298964485 20488.444351393533 20463.77888322643 6508.119207582544 6239.451498733431 6233.178243475846 5259.627514233397 6526.124558996457 
347.2258789362329 340.94664496325277 6605.587239346222 6603.917728974535 6603.472294175715 1209.732715267869 10004.593637386028 9777.189965130803 9764.783078143353 4078.3533567312898 4070.9260339787734 36239.02625322589 36227.871434250956 36188.50297177216 26432.000694846676 26398.517430097556 26369.52838389146 24420.507735927196 20488.40628687895 20463.753694714902 6508.1186137775585 6239.443731573293 6233.175121239392 5259.623819849496 6526.122732892418 
347.22504717282527 340.9449473678278 6605.585013047852 6603.917691283819 6603.472250313794 1209.7284504362574 10004.583911441405 9777.149333727344 9764.779443182553 4078.35000745654 4070.915729058065 36238.99900022873 36227.87142658292 36188.34822374638 26431.946529084784 26398.46227784763 26369.508340680717 24420.470198267092 20488.38844828147 20463.749045962362 6508.110073410071 6239.437626652421 6233.169860602966 5259.61716540981 6526.11682701824 
347.22474571693806 340.94262548384404 6605.579177444636 6603.917627922155 6603.472202498144 1209.706876658413 10004.56753624676 9777.125359371797 9764.774562083878 4078.3440409369705 4070.9116404889364 36238.98038171864 36227.871411624285 36188.2388839304 26431.938418860438 26398.40351356277 26369.50595674107 24420.449376602803 20488.342756321123 20463.725769261655 6508.102886655737 6239.43635568643 6233.166986763152 5259.594428402185 6526.115909949309 
347.2244894397222 340.9424158265449 6605.572298882546 6603.917505955573 6603.471925154661 1209.6984286358297 10004.557457011208 9777.109426030383 9764.765468355956 4078.3440409369705 4070.9035958723935 36238.97653256024 36227.87140681428 36188.20493136824 26431.908816225874 26398.39280278648 26369.49752243996 24420.406886029985 20488.335630004913 20463.717081386396 6508.09033224891 6239.418218992337 6233.152542619802 5259.59139304489 6526.110341269596 
347.22417171978236 340.94080413736083 6605.567354965631 6603.91712823342 6603.471892109268 1209.6686988115252 10004.549836178483 9777.101926574676 9764.759778079619 4078.3395488475508 4070.8924368547277 36238.94156036429 36227.871398025585 36188.14167969225 26431.880252120423 26398.350802777448 26369.481714801914 24420.37859324048 20488.325406972435 20463.70203006241 6508.081947630959 6239.404689592595 6233.149678777329 5259.589222139237 6526.107906911151 
347.2237533098805 340.9383829205533 6605.559141983827 6603.916837541358 6603.47184200505 1209.6391278023389 10004.547840498786 9777.079994117308 9764.754553167802 4078.3339704055834 4070.8837295243648 36238.919578166046 36227.87139780592 36188.062962301294 26431.87722254725 26398.326232011274 26369.46578252106 24420.3496135818 20488.29849770434 20463.685685033408 6508.075699396775 6239.40336112564 6233.136700067823 5259.567919415313 6526.103980321341 
347.2232863764152 340.9361234238663 6605.557325823161 6603.9165934065895 6603.471797491932 1209.6288248375135 10004.544832696505 9777.070968784283 9764.743690140123 4078.3261211634153 4070.8811951214175 36238.87234336476 36227.87139186281 36188.02094266785 26431.872210207883 26398.312956892543 26369.452771085922 24420.3496135818 20488.283059934914 20463.66729371929 6508.068999738112 6239.39676619871 6233.123080361011 5259.555859988123 6526.099857465549 
347.2231483582905 340.934577253548 6605.549306410209 6603.916426957422 6603.471757882117 1209.6195423556833 10004.53487798467 9777.070968784283 9764.734038810544 4078.3175648342676 4070.8741199991327 36238.8335861177 36227.87138663004 36188.00744577822 26431.869440184364 26398.296347941 26369.44448970303 24420.328068926097 20488.26838106911 20463.64536325742 6508.0538427224765 6239.3910591894655 6233.11034531765 5259.552584567237 6526.09436869987 
347.22252805281005 340.93359408608967 6605.545781727989 6603.916114689736 6603.471691076592 1209.6085820026042 10004.531274754154 9777.058584068503 9764.725735285094 4078.3125423879865 4070.859456308236 36238.81565498154 36227.87137931424 36187.98367805831 26431.85502815677 26398.26479055883 26369.42674339335 24420.310396933775 20488.239676452133 20463.637144361674 6508.037054152878 6239.38134499397 6233.107389416057 5259.53604966992 6526.0897556489335 
347.22219056982 340.9335122407456 6605.535703037599 6603.916091868789 6603.47168135446 1209.6077524212064 10004.515794656074 9777.052035695919 9764.72323980714 4078.2976209716435 4070.8499922430183 36238.805803611795 36227.871370075394 36187.92222400541 26431.84879467705 26398.226897569384 26369.416972628216 24420.282452722535 20488.23457304909 20463.6088335058 6508.0356818302225 6239.380727125864 6233.10403469039 5259.528831858585 6526.082411502709 
347.22176973523756 340.93238679172646 6605.535703037599 6603.915989818059 6603.471579706411 1209.5931916862646 10004.490103868113 9777.04754784001 9764.690586677409 4078.2965335112303 4070.8201971352 36238.78238513728 36227.87136184918 36187.881884868155 26431.845337042578 26398.162000479148 26369.415190034902 24420.280436584366 20488.22270236295 20463.587820975717 6508.015480001451 6239.380325986134 6233.101049173742 5259.5206282735035 6526.073800601374 
347.2208694140618 340.93211263453077 6605.535056574552 6603.915717729478 6603.471533852271 1209.5896911395594 10004.486227091997 9777.03111722167 9764.672924787748 4078.2900517235303 4070.8201971352 36238.77813905042 36227.87136184918 36187.8304071254 26431.829654277008 26398.142323964286 26369.39614456655 24420.267652505237 20488.18768279186 20463.577367567683 6508.009581690406 6239.3741115959 6233.095897517486 5259.518910616672 6526.072498280307 
347.22004818785126 340.9311939488116 6605.531736326501 6603.915589585648 6603.471441978677 1209.5704054821344 10004.462872828039 9777.019278525757 9764.666262600826 4078.288080907384 4070.814300796549 36238.744673613735 36227.87135892327 36187.760074442165 26431.826344954883 26398.119109252624 26369.39228011834 24420.259195145645 20488.170068585925 20463.576652078522 6508.004329258483 6239.368876468223 6233.093919279859 5259.511811515307 6526.068478175214 
347.2186027482089 340.9306393499446 6605.5291130175665 6603.915301623096 6603.4714339920165 1209.5704054821344 10004.454058906189 9777.018794093836 9764.655364901853 4078.2793454994817 4070.814164456313 36238.7333896192 36227.871355753916 36187.760074442165 26431.80015150765 26398.108693798094 26369.3867744462 24420.25539294337 20488.165696625256 20463.5725229419 6508.000105177821 6239.363455378088 6233.090519580692 5259.502046908439 6526.066807246793 
347.21785403057584 340.9296993312737 6605.525219087478 6603.915178131294 6603.4714339920165 1209.5689966033933 10004.440003952584 9777.003456056285 9764.64320571175 4078.277474390561 4070.809421833026 36238.72833897158 36227.87135067732 36187.72913646107 26431.797544138375 26398.04149894523 26369.383145957756 24420.23451255618 20488.118735824082 20463.560161633413 6507.987488996258 6239.360073745831 6233.087681565191 5259.495559908881 6526.061898140142 
347.21762396580084 340.9284934196942 6605.522956007847 6603.914868874643 6603.4714248686205 1209.5202329858935 10004.419849458778 9776.980504922194 9764.636781732665 4078.2728898564856 4070.7868372859593 36238.70379333024 36227.871326720146 36187.70885498985 26431.791094938 26397.986613338177 26369.368777046726 24420.20489937017 20488.059276611522 20463.546431964696 6507.984307054137 6239.358840021768 6233.086118260135 5259.479885286718 6526.054815715992 
347.217508943349 340.9280690414887 6605.51967614784 6603.914831137235 6603.471373756592 1209.5192503983722 10004.419849458778 9776.97829369171 9764.627021052054 4078.262993846831 4070.7515396651615 36238.66723979608 36227.871302165055 36187.659094734605 26431.78915215207 26397.98569251685 26369.364818088354 24420.20115353459 20487.99578212883 20463.519732603847 6507.975590856315 6239.355415255378 6233.083168733116 5259.475490759127 6526.031392846007 
347.21694884188264 340.9269690917722 6605.513084830977 6603.914755645549 6603.471326327981 1209.489549431817 10004.413907393548 9776.973476756973 9764.616689891987 4078.2564787570927 4070.7457388580187 36238.64869163876 36227.87078804022 36187.636936850446 26431.78237140956 26397.945882154596 26369.34960003455 24420.13503647004 20487.989533628708 20463.50740603173 6507.971079032013 6239.353465607234 6233.081995105546 5259.472124565453 6526.026452033819 
347.2165842493432 340.92688067825566 6605.499595058445 6603.914518606481 6603.471279483023 1209.474272937332 10004.402706921335 9776.946171984011 9764.612407582581 4078.255728681219 4070.7437106475545 36238.61642430007 36227.87047407058 36187.59094839165 26431.746751236973 26397.940666588882 26369.307595978244 24420.11792344641 20487.94002525765 20463.500353843378 6507.966370840545 6239.348938118193 6233.080279299068 5259.468785266875 6526.021133974188 
347.2158413587192 340.9256789896515 6605.499118405431 6603.914381238739 6603.471190272447 1209.4628979689232 10004.397774069674 9776.927103501599 9764.597370244997 4078.2525070638085 4070.7274563634837 36238.579591446294 36227.8691017392 36187.51062230382 26431.699256785578 26397.929852761255 26369.27301805061 24420.075840589823 20487.892136694398 20463.482866300583 6507.953960450877 6239.347390241672 6233.0763973679395 5259.4657759935535 6526.013721930942 
347.21518647430753 340.92532337218563 6605.496573772963 6603.914099975211 6603.471186879865 1209.437043025433 10004.395038490009 9776.913408558725 9764.592661276705 4078.2489408003557 4070.7160231828148 36238.54738891316 36227.85846183701 36187.48558293063 26431.69475585689 26397.913566483756 26369.221439555513 24420.013290524872 20487.83983873184 20463.472974394244 6507.950332418528 6239.343169998936 6233.071127509088 5259.465094970884 6526.010197825721 
347.2141862556002 340.92532337218563 6605.492721585116 6603.913858629225 6603.471119786014 1209.4250675042904 10004.379742460065 9776.912231151367 9764.588299218265 4078.2443780735593 4070.711004355203 36238.51777441467 36227.83411630193 36187.45484376305 26431.677884378783 26397.88976936697 26369.218434363866 24419.958594311258 20487.77968444198 20463.459810699664 6507.945151468247 6239.341493543958 6232.967651159943 5259.457502517347 6526.007265445674 
347.2122572623264 340.92479064641293 6605.488528136464 6603.913748916561 6603.471080481115 1209.4239971566117 10004.359999239092 9776.911648926247 9764.577588677566 4078.2390967931515 4070.707425978301 36238.47273540399 36227.82531946748 36187.43076643965 26431.66869569473 26397.86122017439 26369.18043170977 24419.88873012803 20487.74406290822 20463.437229401785 6507.9432881875355 6239.335434306487 6232.929852685666 5259.451698562972 6526.006751656794 
347.2070651031004 340.9244320324881 6605.485522589052 6603.913653304858 6603.471072271076 1209.3904228325673 10004.35711349351 9776.89516915963 9764.567702037986 4078.230582679508 4070.69643602595 36238.46933577291 36227.82304423303 36187.375405193765 26431.643158749303 26397.824337258782 26369.172121878448 24419.847389746086 20487.70348489229 20463.40553808447 6507.941385944778 6239.328627069037 6232.9209620387655 5259.451280457528 6526.0003562838865 
347.2063681683362 340.92392140213246 6605.485522589052 6603.913367707787 6603.471019597478 1209.3887674473517 10004.351840888514 9776.884376033064 9764.561776874034 4078.230397381065 4070.691037044555 36238.42892294868 36227.81203495617 36187.353698838844 26431.634703134005 26397.80568218335 26369.1159275202 24419.81251083537 20487.685176610983 20463.372955685198 6507.932074007834 6239.328469403804 6232.9208466018135 5259.444021025342 6525.995694083084 
347.20531481556736 340.921758785149 6605.482818491452 6603.913086624522 6603.470976790716 1209.387434294954 10004.335956829982 9776.881302279255 9764.547332488595 4078.2282405626884 4070.685738971264 36238.42673437813 36227.79929894363 36187.324496687295 26431.61234888237 26397.775287723944 26369.081700472772 24419.792290003024 20487.66610945482 20463.36823137808 6507.93111877755 6239.320536000579 6232.899417494561 5259.4412213805235 6525.991631447543 
347.20425871767884 340.9209913878017 6605.481291283037 6603.912748921232 6603.470948962968 1209.383324212402 10004.32890961542 9776.865588766505 9764.53964476132 4078.228051901957 4070.6768936628414 36238.41879655353 36227.79191492662 36187.287456264145 26431.60512237505 26397.699732939782 26369.073092373495 24419.772288333665 20487.64278097976 20463.358856527175 6507.930534656157 6239.316964924017 6232.8889189434385 5259.430268454044 6525.990522755671 
347.1978394900766 340.9193622067087 6605.479519718589 6603.912481283875 6603.4709266488335 1209.3628345068219 10004.302596727133 9776.85976588053 9764.500516796334 4078.224072154355 4070.6696998548614 36238.38811645771 36227.78573669676 36187.2759298554 26431.584093036694 26397.652906740645 26369.00023012394 24419.72534132055 20487.611631709853 20463.323593438665 6507.925904286798 6239.3148138988845 6232.884756460729 5259.4267378516915 6525.987892098211 
347.1890776504174 340.9186613340321 6605.465278529734 6603.912398490559 6603.470899004535 1209.353949452192 10004.30148477743 9776.851481671283 9764.494598153186 4078.22385720849 4070.665374774857 36238.35475100452 36227.775445389474 36187.26006159519 26431.574080419825 26397.497697599963 26368.95744246777 24419.718311295732 20487.582101500175 20463.316416106987 6507.922889383053 6239.310884708908 6232.879126799873 5259.421583018595 6525.9845924599485 
347.1868521952324 340.9180650337212 6605.4589532186765 6603.912128785374 6603.4708819237385 1209.353949452192 10004.291155197776 9776.83133646951 9764.487283027594 4078.218862514409 4070.663676863941 36238.33724220335 36227.762818099975 36187.22089947899 26431.549179459256 26397.497697599963 26368.916958065947 24419.68547668902 20487.57112962981 20463.287430779947 6507.9144664637915 6239.308204112265 6232.879126799873 5259.419695114521 6525.983501168794 
347.16720257190764 340.91773482152075 6605.458167452272 6603.912044420472 6603.470858251936 1209.3505800735093 10004.27081408277 9776.83002216961 9764.47672068994 4078.211988222073 4070.6616985741457 36238.3220724629 36227.749418615196 36187.18365471591 26431.541192715475 26397.375894030927 26368.870707848102 24419.645919303664 20487.557371781273 20463.287183991542 6507.9069228193 6239.300849555727 6232.869549264693 5259.41895438077 6525.9556081316105 
347.1646798919146 340.91620493431947 6605.444502866877 6603.911855630542 6603.470809081725 1209.3434787822812 10004.27081408277 9776.815434335454 9764.474035240662 4078.204128192958 4070.6566755155054 36238.30310911833 36227.740932655586 36187.178504922005 26431.523900179698 26397.356077020573 26368.865795235793 24419.615943794546 20487.525921460543 20463.266937240398 6507.903150851528 6239.296019394849 6232.853126639456 5259.414700773269 6525.95043019598 
347.15878361912655 340.91605970871205 6605.431826697352 6603.911698969621 6603.470778686754 1209.3418240679925 10004.255987807197 9776.795483611037 9764.442111679475 4078.1978922079415 4070.642653092573 36238.2812844676 36227.72441078556 36187.15761111529 26431.482439566178 26397.29827971447 26368.84467166359 24419.600895051517 20487.50522118543 20463.25779897257 6507.901221605074 6239.288761426173 6232.847754823714 5259.4139873326085 6525.941625619873 
347.1462573089964 340.9156513449052 6605.428027193967 6603.911468070638 6603.4707541648495 1209.3304895623505 10004.241006958775 9776.786935560382 9764.441487355654 4078.195023809686 4070.6284946165633 36238.26667862535 36227.72441078556 36187.134206452065 26431.4608046897 26397.264288625956 26368.78083770011 24419.60037077321 20487.49601475006 20463.245599985043 6507.899918170061 6239.279055278573 6232.840326106321 5259.410159095947 6525.936714078786 
347.08253896228985 340.91541006310763 6605.423296001921 6603.911461868889 6603.470706555834 1209.3266227635277 10004.233315622001 9776.78665850734 9764.419482953565 4078.194034852295 4070.627259249736 36238.23150269186 36227.72280131673 36187.12247604807 26431.442478176483 26397.197690227113 26368.762314322365 24419.5754563944 20487.475684531822 20463.214088095505 6507.887615866874 6239.276882385983 6232.8326580834555 5259.405041731361 6525.930450175957 
346.86765705822995 340.9149650545626 6605.417904132803 6603.911422344418 6603.47069275644 1209.3226293134544 10004.228357414779 9776.760763008539 9764.418106245885 4078.183355998808 4070.622137466902 36238.196010868945 36227.71630801158 36187.07115830237 26431.407296113874 26397.032332026265 26368.73792170197 24419.518422612622 20487.43148088072 20463.206808722687 6507.881908803436 6239.27100958007 6232.831892665401 5259.3938376730275 6525.925259777377 
346.7757235485701 340.9138645571518 6605.414804293631 6603.9112357598015 6603.470686789489 1209.317406964226 10004.22424589101 9776.75883766388 9764.405524676298 4078.1804363763804 4070.622137466902 36238.091494797045 36227.70625889736 36187.060474343314 26431.376382886243 26397.022605248087 26368.72739375417 24419.5011605781 20487.40965207301 20463.146135259394 6507.862999458393 6239.262795152146 6232.824370441852 5259.388957274346 6525.918840829213 
346.704433598288 340.91355677589104 6605.404452408233 6603.911173000561 6603.470665756825 1209.30419218113 10004.207252915938 9776.742618635199 9764.397519215168 4078.17443898075 4070.6122319878396 36238.07775578186 36227.69892471558 36187.03086149464 26431.367003398624 26396.923921645626 26368.686660066618 24419.455620032444 20487.329803165823 20463.126731260236 6507.861006024547 6239.259650347632 6232.816406455388 5259.377359556552 6525.913723524585 
346.646587522494 340.9128393883161 6605.386831278766 6603.911091440923 6603.470635272652 1209.3004831257622 10004.192577201185 9776.720517920161 9764.392619206987 4078.169595553938 4070.6096884805465 36238.02172682098 36227.69827487731 36186.99021738984 26431.34906713426 26396.76687400621 26368.650893571823 24419.400542002026 20487.29520853284 20463.103620801005 6507.85144032241 6239.247437450445 6232.8101354701785 5259.3715275383565 6525.908963330937 
346.5958697328783 340.91279708520324 6605.382052299193 6603.910963628918 6603.470604610195 1209.2971934303982 10004.190028247498 9776.702880257906 9764.38625461597 4078.1672630953144 4070.5999729476935 36237.953278105575 36227.69283780878 36186.90024454435 26431.337514250037 26396.739988672805 26368.63231290886 24419.371951643352 20487.23486939835 20463.09381663891 6507.839201223557 6239.245607764364 6232.807565960704 5259.368532596729 6525.903471361041 
346.5849632800489 340.9120911241357 6605.37267776246 6603.910818563977 6603.470575304646 1209.2919610034564 10004.182887946668 9776.692680154934 9764.374055026168 4078.16412351673 4070.5960859899224 36237.89717578208 36227.68036702712 36186.892907628964 26431.3205400505 26396.624092136917 26368.583544035377 24419.320733501063 20487.19283272903 20463.060978136906 6507.831645253162 6239.244067439322 6232.796841130335 5259.366594323445 6525.896382569801 
346.4911670940178 340.9115717631719 6605.356801756574 6603.910764131759 6603.470552876265 1209.2878036805182 10004.173686784448 9776.681318860863 9764.374055026168 4078.1635814004094 4070.596021668137 36237.82726583059 36227.66465913285 36186.87740014603 26431.283816693725 26396.58666890852 26368.579012215956 24419.243434936227 20487.062167042914 20463.036690019966 6507.829750664721 6239.232804587261 6232.791258929713 5259.36024307051 6525.888584799464 
346.2151802811195 340.9111927641145 6605.355406185073 6603.910580241401 6603.470532343241 1209.2872967946423 10004.166401788982 9776.671179142737 9764.364336790824 4078.159250270086 4070.5856474518605 36237.76150633317 36227.66422802138 36186.86896228573 26431.265177277237 26396.585242304656 26368.53857159548 24419.072945521748 20487.014547508516 20462.94847667176 6507.824167105738 6239.232804587261 6232.78313949467 5259.356561825074 6525.888578269758 
346.2151802811195 340.9107202309283 6605.333750115489 6603.910071815059 6603.470516529404 1209.2809584737506 10004.147266561833 9776.668043797496 9764.354456479856 4078.1545349831576 4070.570955256897 36237.72011467735 36227.6462214161 36186.84476097099 26431.197498014204 26396.52718487387 26368.53551915539 24419.005264131054 20486.99235054049 20462.912440445987 6507.817369654157 6239.228805981559 6232.778811030371 5259.348308265969 6525.884681267797 
346.02090128401824 340.91006675791937 6605.317040283639 6603.909964861348 6603.4705023411025 1209.27036727618 10004.131838770785 9776.667272272698 9764.33958591915 4078.1518586205802 4070.5676699008 36237.66676578366 36227.63969891694 36186.83630465889 26431.073065016102 26396.501357553803 26368.495361012105 24418.898016270516 20486.875403812628 20462.908566812894 6507.807814923381 6239.22560504011 6232.763734195255 5259.340527367857 6525.870016328998 
345.7927616262041 340.9098941430343 6605.315785142975 6603.90988213768 6603.470491036845 1209.2687049325705 10004.122499487557 9776.658200170115 9764.289984501263 4078.150141381042 4070.5537488079954 36237.53960516247 36227.625759217146 36186.806978708206 26431.061779354255 26396.4619782331 26368.460405047037 24418.745944462564 20486.845782447683 20462.873924737098 6507.804674352417 6239.225247954852 6232.754547703501 5259.336985470517 6525.865054624921 
345.5312081782374 340.90927507225024 6605.303134518544 6603.909781280154 6603.470440503687 1209.2626517028602 10004.106698615682 9776.65594945047 9764.274944743513 4078.144993335436 4070.5259384198407 36237.51810888066 36227.619227284995 36186.78898400688 26431.042553324016 26396.42681998588 26368.44646027425 24418.684615041515 20486.82710566694 20462.873924737098 6507.782137859687 6239.214611451506 6232.742405396037 5259.331247056126 6525.862261975152 
345.3998464863166 340.9087511869209 6605.282630092677 6603.909489403292 6603.47040661018 1209.2553651611452 10004.09144943111 9776.640809101176 9764.254643743256 4078.1375438289087 4070.516074423924 36237.46773482477 36227.59245499221 36186.74403845882 26431.00404071574 26396.420604280145 26368.44084887714 24418.650120022237 20486.796816504713 20462.855959816967 6507.77770435137 6239.208558233866 6232.725208009681 5259.329536060259 6525.828521792087 
345.22757653896997 340.90871990098685 6605.270119732542 6603.909264036032 6603.470334159695 1209.2552423839288 10004.078609355363 9776.629688661225 9764.252219777489 4078.1363981095674 4070.5086583369557 36237.38547567039 36227.5843292781 36186.69343504601 26430.997179893468 26396.404184628416 26368.403692441934 24418.55965551309 20486.779559713494 20462.806795939196 6507.76631877307 6239.199485582874 6232.713351691413 5259.325192857889 6525.811691458118 
345.03916299327466 340.90811532611883 6605.2647776130925 6603.909151612549 6603.470277233162 1209.25233996299 10004.03191764426 9776.623597537626 9764.21855423704 4078.13309316942 4070.493609780254 36237.34733807223 36227.56232110115 36186.69254501725 26430.90230633392 26396.382713421342 26368.386816372767 24418.273307666554 20486.769327198228 20462.773770916032 6507.761311797439 6239.197632780906 6232.703036626271 5259.320365937677 6525.792942905328 
344.9608984088718 340.9078767111482 6605.259525354731 6603.908914277044 6603.470233681918 1209.2471379902572 10004.015045287973 9776.609445513377 9764.210088138074 4078.1282371016387 4070.473601536487 36237.31353254411 36227.53732137998 36186.66852301974 26430.86392118814 26396.370217599742 26368.357453899753 24418.273307666554 20486.74271457005 20462.76091283696 6507.75046454864 6239.186506153068 6232.683135170243 5259.317300699131 6525.78415911262 
344.81428213388403 340.9076674657822 6605.253087875799 6603.908816701043 6603.470182294823 1209.2430860350423 10004.01356698537 9776.607906829304 9764.2074742036 4078.1262106779477 4070.473601536487 36237.22366042742 36227.52767411713 36186.65064661657 26430.80494361217 26396.281020033555 26368.285854143673 24418.207000075075 20486.733548043325 20462.737015459403 6507.748066853367 6239.184674903713 6232.662067444446 5259.31710090627 6525.768544037169 
344.7742870169159 340.907044270371 6605.24400953254 6603.908523169592 6603.470182294823 1209.2405732973584 10003.994039722522 9776.604980215685 9764.206172863167 4078.118225606301 4070.467528713636 36237.206514925965 36227.52352486731 36186.6416891009 26430.767622835523 26396.270842300997 26368.249726667607 24418.11934154508 20486.700812483698 20462.727074221846 6507.727291024285 6239.174248529162 6232.636206531741 5259.314630909468 6525.761819499881 
344.73540185470756 340.907044270371 6605.233483405285 6603.908254755825 6603.470155040123 1209.2374003896994 10003.977271425201 9776.598660016298 9764.194358798912 4078.116304393994 4070.45811845153 36237.177454091885 36227.516456437974 36186.63119687705 26430.762480062687 26396.263416446367 26368.210751551997 24418.04022015532 20486.697264277263 20462.69759577731 6507.726362353542 6239.164986596337 6232.621658899653 5259.313009141296 6525.752342492435 
344.6268652334843 340.906758456088 6605.224041320231 6603.908241495746 6603.470077526754 1209.2308723160586 10003.933504646164 9776.593107818555 9764.170523915383 4078.1120704850628 4070.4559329045487 36237.14978287768 36227.5037181239 36186.60484754637 26430.69691690381 26396.251248120803 26368.210751551997 24417.870955299142 20486.673802720466 20462.67303715174 6507.720399100558 6239.164986596337 6232.621617782522 5259.307086272549 6525.738834217715 
344.5846814115798 340.9062813006651 6605.220259827146 6603.907764194852 6603.4700412589955 1209.2257347727063 10003.898575993404 9776.574279754572 9764.160337092373 4078.110409428323 4070.4537812212993 36237.11941058338 36227.48710277361 36186.57737868597 26430.6759640139 26396.24468019376 26368.158850112453 24417.759060614935 20486.656424614885 20462.654094497233 6507.7118189745825 6239.160090893138 6232.598270663671 5259.296653559305 6525.735154774018 
344.47796897129524 340.9055426543846 6605.211204759611 6603.907571461824 6603.470010843723 1209.2117579726855 10003.84568964279 9776.541418631305 9764.127800097747 4078.110409428323 4070.4496345211155 36237.001849727385 36227.48048611481 36186.57373708155 26430.651900865592 26396.205740546033 26368.144376976295 24417.579554129556 20486.646002687074 20462.60540896451 6507.686091622209 6239.1531462810835 6232.582106003835 5259.293688582048 6525.718653937922 
344.45674947380303 340.905454367389 6605.204061943112 6603.907414836241 6603.46999682276 1209.1992941935614 10003.787096727649 9776.5369539472 9764.117757857803 4078.10880688667 4070.4456774047367 36236.98544207425 36227.47617014443 36186.49385734792 26430.651900865592 26396.197012647634 26368.13099059673 24417.578424960353 20486.64348870791 20462.590084982337 6507.666373863367 6239.149818325543 6232.570357739664 5259.290575346546 6525.706147984445 
344.42924567821933 340.904947675363 6605.186714068636 6603.907295476649 6603.469978368636 1209.1974947353087 10003.753198244318 9776.517336862962 9764.113659076784 4078.1067409687967 4070.4429837376993 36236.95716505789 36227.46521701853 36186.47846108781 26430.646219286227 26396.17268381556 26368.115924034624 24417.47984951769 20486.62867491578 20462.53129782443 6507.648791881559 6239.149818325543 6232.560825691294 5259.287557681407 6525.701385269506 
344.3472535203705 340.90436773340025 6605.186714068636 6603.907186409902 6603.469926074349 1209.1960457648242 10003.637174481473 9776.498548670877 9764.089086738675 4078.1040837162345 4070.437831734067 36236.851635572326 36227.46035729077 36186.43408104039 26430.607001899392 26396.1548391866 26368.064451844704 24417.46887987785 20486.62749990537 20462.519943671246 6507.621749409307 6239.1443152747015 6232.547167648681 5259.280962911974 6525.690063458457 
344.2814641157247 340.90380012871697 6605.174955350427 6603.907134184122 6603.469923593547 1209.1935175194317 10003.593702422244 9776.48390709913 9764.044872941091 4078.102741281711 4070.4357687738875 36236.741253784414 36227.45129185398 36186.39409612253 26430.59795027327 26396.121855956855 26368.052475337972 24417.409095087092 20486.62090786395 20462.466972741662 6507.602950345008 6239.137593242055 6232.542645982589 5259.276195503242 6525.688846576364 
344.26148188929983 340.9036458496057 6605.157188046906 6603.907011334659 6603.469914512601 1209.1785946154873 10003.582154367832 9776.462654587767 9764.038356702385 4078.1025058523574 4070.433739762413 36236.49601200177 36227.42481386653 36186.38655904351 26430.59646787218 26396.104927533313 26368.03563000573 24417.38353343722 20486.61286691076 20462.458088132997 6507.552842384366 6239.137226045036 6232.518306987382 5259.272432423573 6525.686269026439 
344.2136778119275 340.9029443105396 6605.138229636383 6603.906976654502 6603.4699033378565 1209.1642644853446 10003.478074884675 9776.457872371997 9764.028161224103 4078.100591869248 4070.423782001346 36236.45200320051 36227.42481386653 36186.313256389534 26430.563691687385 26396.08479604933 26367.999268768293 24417.361806813402 20486.60694009876 20462.420722522977 6507.518279110004 6239.123905054935 6232.498647054843 5259.265720265624 6525.677645159383 
344.1975855036155 340.9027104334616 6605.130365163314 6603.906868554614 6603.469899448726 1209.1620169291946 10003.475913274724 9776.428524454153 9764.022843384953 4078.097228389488 4070.4152112584916 36236.423867194004 36227.419199403266 36186.256703955616 26430.53712234156 26396.066271506847 26367.99502195641 24417.345500419055 20486.586495762564 20462.388223368056 6507.496009156623 6239.115600504039 6232.494556467426 5259.264579552216 6525.674602223561 
344.1887861049065 340.9019502913293 6605.116442562505 6603.9065487844755 6603.469883015347 1209.16100854454 10003.437084191515 9776.420903309543 9764.017874636365 4078.0941387779076 4070.4118310014874 36236.3722608911 36227.41593387172 36186.247842320074 26430.522736408402 26396.042991758066 26367.990268774858 24417.33751507392 20486.54366651942 20462.35637768332 6507.486406671068 6239.1080702608915 6232.48517212003 5259.260973302651 6525.665342348114 
344.15528709805744 340.9019502913293 6605.095298923375 6603.906308830103 6603.469878534032 1209.1557813038353 10003.357430085152 9776.393211435927 9764.011652017616 4078.090368271558 4070.404669043013 36236.256879311026 36227.412819781886 36186.21104110744 26430.48388663387 26396.03931880653 26367.961078903085 24417.295469810077 20486.5193897449 20462.2936419229 6507.468953576202 6239.107961889139 6232.469962778563 5259.257174623988 6525.655111163697 
344.1506442795519 340.90181393087823 6605.094103818838 6603.906176723773 6603.4698497905665 1209.1524501714357 10003.312467243706 9776.375032251524 9763.99967740779 4078.087935246569 4070.4009955251977 36236.130670032064 36227.39985608318 36186.16090530261 26430.470567622688 26396.02680069214 26367.954871948376 24417.254081284464 20486.487777032777 20462.25258548807 6507.451943853872 6239.090983961167 6232.467521811247 5259.250040797879 6525.644030120012 
344.1399010139453 340.9013220768886 6605.093255233809 6603.90600046882 6603.469793081484 1209.1451260899967 10003.30408989316 9776.35840455662 9763.992791469958 4078.083538754445 4070.400848299015 36236.02336470532 36227.39661229086 36186.10866749208 26430.41254510032 26396.00558087089 26367.931775984467 24417.231196893183 20486.46768641073 20462.22621658794 6507.4415151291105 6239.082424487877 6232.448804656343 5259.248052878597 6525.6249119879685 
344.12780823666435 340.9010977844109 6605.083261437062 6603.905964845522 6603.469754602982 1209.1401619944654 10003.230386770094 9776.35840455662 9763.989489311183 4078.0776951139596 4070.391683107053 36236.00159373845 36227.381672654345 36186.06086831902 26430.402042989364 26395.985483685643 26367.888907823115 24417.19690488941 20486.434837598255 20462.199264467676 6507.418899873273 6239.040228044879 6232.4421874512 5259.241976477317 6525.603501806321 
344.10737707138605 340.9008819618923 6605.080694632676 6603.905827527464 6603.469747283308 1209.1281102227672 10003.165797073523 9776.35060943913 9763.985811867793 4078.0759864459724 4070.389774973858 36235.92414993075 36227.35007851241 36185.8809503097 26430.38258306276 26395.968691006572 26367.872237040177 24417.19284052762 20486.41987095822 20462.166228332888 6507.409201281278 6239.037947495179 6232.438569863215 5259.239440106888 6525.596508631635 
344.0952934320121 340.90046829950256 6605.069634386337 6603.905665021195 6603.469680224619 1209.1137428388097 10003.122116432824 9776.344669275197 9763.975473608843 4078.0733983884493 4070.382091055503 36235.898864429975 36227.34521887666 36185.858744672056 26430.3208215625 26395.943267294395 26367.86736325395 24417.173498647204 20486.402244105535 20462.138881748175 6507.409201281278 6239.0365447782615 6232.428639190856 5259.238146750056 6525.574778326543 
344.0688286153645 340.90017349796767 6605.066889430894 6603.9054504594405 6603.469644026444 1209.1047474894003 10003.08243056944 9776.335063592775 9763.972827141635 4078.0727571400475 4070.3792708512774 36235.781122359964 36227.33158329302 36185.82438806709 26430.2993646753 26395.937646916605 26367.85239735189 24417.164522654286 20486.39389121743 20462.077809063212 6507.395511915659 6239.031998970815 6232.419730146494 5259.233254355527 6525.574484278055 
344.04372709597396 340.8996846530588 6605.057485489435 6603.9053793010535 6603.469580745455 1209.1046940240435 10003.067973931078 9776.321122217945 9763.962291826152 4078.070584486608 4070.3750137423212 36235.716111707945 36227.31942794702 36185.79972901882 26430.27743208515 26395.92941086945 26367.836153929744 24417.148489714476 20486.38217383391 20462.01901205814 6507.393600826244 6239.020594484956 6232.413078652475 5259.229168684042 6525.56007860596 
344.0224697227927 340.8996132730799 6605.047877627226 6603.905234939444 6603.469573889041 1209.1006913642996 10003.010334063934 9776.306398220102 9763.954358399902 4078.0697028875957 4070.370067936702 36235.715817104254 36227.31727868453 36185.78434382699 26430.225103649318 26395.903260356943 26367.835617663444 24417.124024163233 20486.36605129982 20462.01901205814 6507.389365475916 6239.009012112724 6232.409754696961 5259.228118549979 6525.557848657215 
344.0181339542951 340.8991525393699 6605.047450610229 6603.905226457045 6603.469534285182 1209.093238006425 10003.007854890315 9776.30194229897 9763.946175327164 4078.0670792164146 4070.3609643834443 36235.66247411153 36227.294587268145 36185.75035452365 26430.21956916404 26395.888438211234 26367.81522700852 24417.087791172264 20486.347967814407 20461.967311828023 6507.384975540818 6238.982074644023 6232.394170382337 5259.224294706191 6525.5495451306415 
344.00452385443896 340.89866332453266 6605.043103004813 6603.905071915429 6603.469485177625 1209.090786019352 10002.978984429874 9776.291273016843 9763.924805470147 4078.063483432091 4070.3576111259035 36235.62917971312 36227.28471439916 36185.725561703366 26430.148455646467 26395.86160577454 26367.79860887078 24417.08295302985 20486.272785299225 20461.939498563992 6507.372495803728 6238.974763508784 6232.390724832859 5259.215692882391 6525.542062587059 
343.98343559117916 340.8985966837431 6605.042126894413 6603.904939610053 6603.469425278439 1209.0852943018153 10002.926275594591 9776.290371525498 9763.908044917947 4078.063401970563 4070.3562105512265 36235.617462155526 36227.28427697693 36185.703893837046 26430.120946377716 26395.83868817937 26367.79396061288 24417.066352288264 20486.264763176772 20461.921806606926 6507.368846234214 6238.964675590819 6232.377271926226 5259.207569190622 6525.5311971175215 
343.96530607719683 340.8983939717741 6605.0325598714335 6603.904867659496 6603.469404402147 1209.0746922879362 10002.900886781774 9776.278531415664 9763.886534952504 4078.050929456759 4070.3513359324343 36235.58394321368 36227.27189397263 36185.679268321925 26430.116991230938 26395.824834498577 26367.777015803476 24417.059419454316 20486.24330559244 20461.89903242341 6507.366498674775 6238.9570983139065 6232.372442828021 5259.201179439146 6525.521540749897 
343.96530607719683 340.897857797361 6605.028738733527 6603.904808231653 6603.4693118220375 1209.0716125187018 10002.891710989446 9776.277079179987 9763.852302034911 4078.0432265856643 4070.3510918731718 36235.5573799736 36227.264822758945 36185.67090948809 26430.089171622374 26395.793852684306 26367.772923126926 24417.03208321233 20486.15234671254 20461.89903242341 6507.3619860742065 6238.939594473035 6232.352561602869 5259.188580919387 6525.515276792737 
343.95148692264956 340.89777653707915 6605.026485570547 6603.904730074554 6603.4692334478295 1209.0561767089475 10002.885888472554 9776.26403700352 9763.811857783216 4078.041254471078 4070.346264972649 36235.534673941474 36227.264822758945 36185.63060646542 26430.07129784574 26395.77272579279 26367.755565722073 24417.029872963252 20486.13346610818 20461.870285631263 6507.355853708225 6238.93120879333 6232.3349049479275 5259.187861655214 6525.509795883561 
343.9464941897793 340.8970046116865 6605.025495310057 6603.90457369087 6603.469146363035 1209.040049602479 10002.830425106362 9776.262142459575 9763.80125306877 4078.0303521003116 4070.3444332469753 36235.4862924354 36227.26144723369 36185.626632803374 26430.04335984251 26395.720236728444 26367.747014551223 24416.991216133883 20486.13036611456 20461.86104859506 6507.352925784625 6238.893704266043 6232.318760091456 5259.181951559079 6525.503061605835 
343.94001367610645 340.8959645593143 6605.021222615529 6603.904500926041 6603.469131856041 1209.035989049842 10002.796231358112 9776.25300273141 9763.795412115685 4078.0243109137446 4070.3410943201525 36235.468077925856 36227.25603769476 36185.61443407582 26430.04141157012 26395.670084821428 26367.73429864371 24416.939273723056 20486.1087894765 20461.84126631188 6507.346106097881 6238.883707884143 6232.2907148399145 5259.178274726353 6525.496535019893 
343.93172384845116 340.89450289690853 6605.017471033645 6603.904420433579 6603.46905275227 1209.0325089949047 10002.781313798369 9776.249122152269 9763.789825302416 4078.0173104172973 4070.3385670667567 36235.34216671119 36227.25552117159 36185.5992341283 26430.009375144866 26395.60753720156 26367.715760774958 24416.88768586364 20486.0644136246 20461.84126631188 6507.342529130617 6238.8571888877495 6232.274879293255 5259.173327373093 6525.485692893455 
343.9237127853694 340.89419098876056 6605.014198571183 6603.90429425708 6603.468988104122 1209.0245358054626 10002.771849291577 9776.245495797306 9763.753413750153 4078.0057687094995 4070.3356827840316 36235.32494793257 36227.25070939039 36185.569323312695 26430.00349312188 26395.56677127407 26367.70608340457 24416.886123137243 20486.040165037262 20461.83457598586 6507.340717953012 6238.849048774788 6232.274357905762 5259.168709474935 6525.479553064199 
343.9181938466104 340.89298036156197 6605.014198571183 6603.904244414772 6603.4687768196345 1209.0201719710176 10002.763446633042 9776.239036736608 9763.731839737291 4077.99983326266 4070.332804588261 36235.220734844086 36227.237626190894 36185.533684983515 26429.99227884576 26395.5182376157 26367.699861732624 24416.847719009278 20486.028134205317 20461.827257360583 6507.33889494247 6238.837967212144 6232.265503555046 5259.164525950848 6525.476238401902 
343.9141166228512 340.892739155315 6605.011952092997 6603.904155918333 6603.468682621586 1209.0151668684857 10002.748616032244 9776.237088733742 9763.723517755421 4077.994789983665 4070.329329103304 36235.220734844086 36227.23349452848 36185.52227542646 26429.977706587295 26395.470116294615 26367.692007452555 24416.794991818428 20486.002943512718 20461.81806495768 6507.3334552389215 6238.834908998255 6232.249726639906 5259.160118181149 6525.475887085771 
343.8998434067412 340.8923978469752 6605.005390371822 6603.904008008814 6603.46864118058 1208.9975261400768 10002.738163625047 9776.230953129736 9763.71210399428 4077.989969202088 4070.3267299125064 36235.14066610201 36227.21494840356 36185.46952680349 26429.964637007986 26395.460048477104 26367.683889159976 24416.767310103238 20485.990916303686 20461.792465922288 6507.331710794418 6238.817719287461 6232.236996407389 5259.156574993595 6525.469870946562 
343.8979985459928 340.8920597670797 6605.002232295087 6603.903911706924 6603.468533899475 1208.9961001527945 10002.722587175047 9776.227105374923 9763.694423991363 4077.986678513258 4070.3251081450653 36235.12976850395 36227.209982904285 36185.46047288093 26429.94210769149 26395.43094198958 26367.669907313357 24416.760993517477 20485.967114945608 20461.78785053485 6507.33031327675 6238.811989396707 6232.23388732918 5259.152939521479 6525.465136928141 
343.889777760025 340.89160436245356 6604.998433190711 6603.903884982644 6603.468502026049 1208.994617419311 10002.697553352229 9776.2238156892 9763.683845502188 4077.9844339187603 4070.322669022489 36235.07287840457 36227.19788673716 36185.45066736688 26429.92792015986 26395.42598443464 26367.607166493795 24416.75225482477 20485.9518395251 20461.776234365014 6507.319913130285 6238.8073696055135 6232.2258274827045 5259.1482969991475 6525.462720153206 
343.88257298440703 340.89083470388937 6604.996438291213 6603.9038546352 6603.468469332169 1208.9933326889713 10002.697553352229 9776.219344784236 9763.66757025666 4077.974655716107 4070.322439218725 36235.001645546574 36227.19501511097 36185.398719255594 26429.893560048367 26395.416371095947 26367.59351694204 24416.74153573302 20485.875620218965 20461.76599492174 6507.319155469481 6238.7860257890225 6232.215731388033 5259.147218236939 6525.429994525878 
343.88257298440703 340.89083470388937 6604.989044540034 6603.903720843667 6603.468351694398 1208.993199489959 10002.69199650201 9776.212333297191 9763.65958817172 4077.9735573874086 4070.3189902951717 36234.97777416968 36227.19501511097 36185.39477362367 26429.854704687947 26395.37999658609 26367.57932391231 24416.726486345455 20485.872374729486 20461.74467261995 6507.314366369224 6238.742117445404 6232.206498066081 5259.141095920833 6525.410282634712 
343.8791448802508 340.89008232717197 6604.97713025574 6603.903673178993 6603.468279022838 1208.9893663941793 10002.679049291857 9776.208554789306 9763.638305913573 4077.96641102827 4070.3187367746887 36234.93427962283 36227.189122469776 36185.32940083095 26429.81903713137 26395.344206357226 26367.56260242524 24416.70972824755 20485.853160821647 20461.715199918457 6507.309993273176 6238.727840475862 6232.181185040779 5259.1372289946175 6525.3902943288795 
343.8761431138264 340.8896707765489 6604.96185545812 6603.903638997229 6603.468204842133 1208.98876822099 10002.664038372612 9776.20547795954 9763.62631868723 4077.9604742469355 4070.317512719281 36234.87330409096 36227.187047154075 36185.31110519203 26429.804072458697 26395.331737892935 26367.545329739063 24416.688757780346 20485.84432864281 20461.696718881016 6507.306209338634 6238.727840475862 6232.17235871173 5259.132323678504 6525.381911567028 
343.8761431138264 340.8888823991224 6604.9505204067655 6603.9036331891475 6603.4681519449205 1208.979537920639 10002.646957587805 9776.198483385613 9763.618003224003 4077.956997687611 4070.3135789968474 36234.82149238177 36227.18246930584 36185.239090139796 26429.79045368497 26395.324720946337 26367.51095494908 24416.678909362046 20485.805375929325 20461.67731510812 6507.3026695633125 6238.719590956754 6232.171078631735 5259.127685491117 6525.378276740072 
343.8703232247274 340.88859771781335 6604.94772651268 6603.903597783014 6603.468038045461 1208.977436114602 10002.644851340281 9776.189193863791 9763.593864015367 4077.95510576121 4070.3102244620986 36234.785087096796 36227.181651022154 36185.131292541446 26429.786311813143 26395.313737394947 26367.50314060616 24416.660057526115 20485.78742382403 20461.675575664103 6507.300053927128 6238.684043918828 6232.162825914997 5259.120475666798 6525.370457991273 
343.8661554079972 340.8879181429513 6604.946499368261 6603.903562318544 6603.467988476161 1208.9729709959192 10002.638278510207 9776.186660185213 9763.579237844346 4077.948980946987 4070.3096669911374 36234.76317608209 36227.16936525013 36185.11509312523 26429.72770682015 26395.298954481943 26367.44389174999 24416.62868363761 20485.76290306805 20461.653510564836 6507.295635828582 6238.674724474323 6232.129788563599 5259.115139719345 6525.344084890095 
343.86356377326774 340.88767394865454 6604.940946436172 6603.903554553283 6603.467901864621 1208.9688116039424 10002.625375196587 9776.179825754962 9763.566838175306 4077.94138388985 4070.3084647678106 36234.72367793928 36227.162060126335 36184.80022754794 26429.679603638575 26395.28101738281 26367.429877512513 24416.600193918435 20485.756485129998 20461.634654918744 6507.294252366401 6238.662375695994 6232.117248842058 5259.111934492879 6525.312266540569 
343.8584257523412 340.88732905679603 6604.9373143913335 6603.903545638678 6603.467890507858 1208.953502159653 10002.605907819161 9776.168042171323 9763.546765567318 4077.9372930031695 4070.3070421157863 36234.66241674544 36227.15184872615 36184.79931187687 26429.65071650463 26395.266401701392 26367.4093951156 24416.56255279863 20485.730222975806 20461.633188540665 6507.2892631421455 6238.659398852973 6232.110795928826 5259.110452776793 6525.302640552151 
343.8555361551323 340.88731870725337 6604.931203379239 6603.903523836203 6603.467868431659 1208.945967114607 10002.604047829684 9776.164255750446 9763.52928206097 4077.936631914219 4070.3044358693533 36234.65579601576 36227.147784937755 36184.34407239082 26429.620282735774 26395.220139738565 26367.364190837474 24416.51936082693 20485.72615541456 20461.61793502177 6507.277689851487 6238.640975593566 6232.094132002395 5259.107791993777 6525.2946204852105 
343.85456208373444 340.88648260648506 6604.928136400718 6603.903505443616 6603.467853813878 1208.9341826576701 10002.601249949801 9776.156194700214 9763.511051873453 4077.931740678625 4070.303742522623 36234.64520013719 36227.143861375975 36184.27569031845 26429.561360926185 26395.215288214597 26367.356183638894 24416.50356366279 20485.699537933535 20461.610264884857 6507.276061336768 6238.637029247076 6232.081428453638 5259.104348099569 6525.286232523142 
343.8504369233524 340.8855991331343 6604.92199940191 6603.903480011038 6603.467823570085 1208.923170297483 10002.579107632355 9776.14845904665 9763.482746092825 4077.928929531082 4070.301861031465 36234.630882654754 36227.143528915425 36184.20107531055 26429.561360926185 26395.21375256726 26367.322914136785 24416.49807682525 20485.668349355125 20461.60163686354 6507.269181721784 6238.6331451233855 6232.077617861133 5259.099706551256 6525.279434158002 
343.84728335223735 340.88535821515984 6604.917994377187 6603.903461360487 6603.467817026978 1208.9127614043364 10002.573493344193 9776.13841969486 9763.4714381038 4077.9237606523257 4070.297413226018 36234.6209968087 36227.139900641836 36184.03589557982 26429.532983111352 26395.190667241885 26367.321230072284 24416.49667245904 20485.638791368914 20461.57621405557 6507.250886090104 6238.629978385474 6232.0717383575075 5259.096236584538 6525.276901378888 
343.8446221451584 340.88522199420777 6604.911465362862 6603.903453990501 6603.4677537464895 1208.9071858631833 10002.56586265894 9776.133801262305 9763.437366420765 4077.9202077837926 4070.2953835127355 36234.60613158199 36227.13903180609 36184.03432765373 26429.40920810846 26395.184907310788 26367.299581071275 24416.483478250142 20485.58924430722 20461.567475715878 6507.247929182343 6238.620141798133 6232.0680746927355 5259.094836417553 6525.269319352276 
343.84319779044654 340.8841823143978 6604.891686999312 6603.90340637762 6603.467695209201 1208.904202317874 10002.554692997644 9776.12932007154 9763.417714830628 4077.9195835717637 4070.290056623837 36234.58038924144 36227.13247412276 36183.888157282265 26429.344378733753 26395.17060294215 26367.251686244275 24416.475060873592 20485.57631797429 20461.5491087889 6507.2361894717815 6238.616635747583 6232.043640683397 5259.0925403556985 6525.26645270425 
343.8409195936729 340.8836707853625 6604.891686999312 6603.903390885604 6603.467682787631 1208.8996968983383 10002.541878686114 9776.125126835943 9763.39482862837 4077.915858756871 4070.2835722932286 36234.5803891855 36227.12604513872 36183.797470743804 26429.337024410437 26395.154191045433 26367.232026540405 24416.448588509047 20485.52013903926 20461.535587170456 6507.225172328901 6238.610476106553 6232.040265397853 5259.089915506062 6525.260299098224 
343.8391332320116 340.8832015629466 6604.890143465636 6603.903354306384 6603.467591863647 1208.894383218635 10002.533675010847 9776.123326523646 9763.386796854538 4077.9121445848104 4070.2813217981 36234.575051242966 36227.12141417838 36183.7021899281 26429.27695813813 26395.153627853586 26367.17432519822 24416.401103631742 20485.497959730797 20461.528986731584 6507.219726534718 6238.601840975898 6232.0290704810295 5259.086310696618 6525.249129950022 
343.83797365823875 340.8832015629466 6604.888804201541 6603.903350832927 6603.4675601764575 1208.8895654953453 10002.530222487463 9776.119739672282 9763.386796854538 4077.904147708472 4070.2774498102435 36234.56805316128 36227.11773083461 36183.57049591199 26429.269430892033 26395.145494978937 26367.143844457743 24416.364254791824 20485.47518025398 20461.49499691895 6507.208725797048 6238.600196089425 6232.013285483759 5259.084863011092 6525.242366009966 
343.8362747775643 340.8826527196236 6604.880115629331 6603.903312922027 6603.467524492555 1208.8767909998624 10002.519570906874 9776.116352616447 9763.355145033802 4077.8893476371613 4070.269140989092 36234.562279911275 36227.11437894649 36183.408477125624 26429.23989754902 26395.133946457125 26367.134852251635 24416.33066150615 20485.446929333975 20461.48525750032 6507.205244565967 6238.596967618235 6232.002234245628 5259.083045130998 6525.239151306279 
343.83474201891954 340.8819861028951 6604.877273010265 6603.903053257081 6603.467502424369 1208.8759419384623 10002.515285225392 9776.102505608731 9763.336461335006 4077.885052432948 4070.2681895847945 36234.55330851236 36227.11362545493 36183.38584949518 26429.196653178587 26395.101511184657 26367.09172073048 24416.29746644607 20485.428221855786 20461.478249797037 6507.197748120748 6238.59245146198 6231.994789766615 5259.080813512636 6525.227566201158 
343.83328859637845 340.8818645070919 6604.873937918576 6603.902844393195 6603.467407620863 1208.8624639252548 10002.511526548396 9776.096847778033 9763.316477388984 4077.8834164044374 4070.258618300897 36234.55253213648 36227.1117144624 36183.297505002105 26429.17496140301 26395.060184919894 26367.08944977441 24416.288226865 20485.38595928699 20461.473640806176 6507.186300783041 6238.58827458792 6231.9876528668765 5259.071399701627 6525.222766598907 
343.8290374173707 340.8815067378489 6604.8669128082 6603.902755412456 6603.467407620863 1208.8591954658723 10002.481961638052 9776.093224825336 9763.307607069655 4077.875710246317 4070.2531811778445 36234.54620959201 36227.105689403215 36183.21922736777 26429.152700286024 26395.060184919894 26367.074750340387 24416.27960932716 20485.376993889135 20461.445765551176 6507.180004660079 6238.573878088286 6231.984793008096 5259.063128711742 6525.216808390507 
343.8277558468228 340.8813756699965 6604.861414105398 6603.902682314597 6603.467347272719 1208.8440055849387 10002.474916335228 9776.08578778176 9763.240462022464 4077.875710246317 4070.2446253088474 36234.53728000711 36227.1013926839 36183.19840156404 26429.135976580987 26395.025332633933 26367.051085575447 24416.261244655874 20485.34069258556 20461.445765551176 6507.173216561007 6238.564871219875 6231.984093269622 5259.061226369147 6525.204364030413 
343.8261464506909 340.8802648427809 6604.857303094355 6603.902561926421 6603.467346444662 1208.8400135678107 10002.4579089345 9776.079158726512 9763.211274577998 4077.8732423608944 4070.239751056578 36234.535349766826 36227.08794144898 36183.13746168514 26429.13290851224 26394.99405996123 26367.03308526384 24416.235080390667 20485.333766335825 20461.413188349015 6507.169604980239 6238.5627310883365 6231.977390556832 5259.059480996606 6525.202628556788 
343.8238955035645 340.8801786930651 6604.83710461428 6603.9023186933955 6603.467312540492 1208.829504054123 10002.446080802609 9776.05417005549 9763.192202230954 4077.8637205448194 4070.238174795979 36234.534283750516 36227.08566261532 36183.10116015605 26429.123471891613 26394.97288314359 26367.01870125581 24416.234901690943 20485.27279917635 20461.38697045941 6507.161294140745 6238.559238703065 6231.9738124669575 5259.049763084618 6525.200042301969 
343.81891118208887 340.87922009319004 6604.826633684768 6603.902201926314 6603.467305373549 1208.821449937489 10002.443421997143 9776.046391113397 9763.148306530009 4077.861982059051 4070.237459927537 36234.53032962003 36227.06924006308 36183.072692687456 26429.10934241185 26394.971867234017 26366.97289829949 24416.214243202834 20485.24911595558 20461.37437216739 6507.153992127802 6238.557142348353 6231.967925420246 5259.03780904684 6525.197397014131 
343.8139507506528 340.87917646023516 6604.826317430081 6603.902086957308 6603.467229739826 1208.821449937489 10002.415036130591 9776.040457342824 9763.098966098662 4077.8595119885413 4070.23383857119 36234.51611331314 36227.058084715696 36183.024682008494 26429.081637041632 26394.945934816915 26366.963283266563 24416.214029130966 20485.199173992794 20461.34973383476 6507.14929461188 6238.547619592998 6231.966001013527 5259.036949255328 6525.194605263823 
343.81250112566795 340.8788762859708 6604.813902072038 6603.902046512599 6603.467215329743 1208.8062306194925 10002.409562497045 9776.008713058585 9763.068982323512 4077.8483986966185 4070.2314728151014 36234.4412291871 36227.04431994347 36182.9715203207 26429.078424179635 26394.87191662454 26366.944186332592 24416.20450458328 20485.18618374317 20461.30405587359 6507.14687674853 6238.544034066767 6231.959024836503 5259.03149181073 6525.189165182309 
343.8080080487573 340.87808144695146 6604.802144846644 6603.901804524134 6603.467114684825 1208.803586342356 10002.398561537559 9775.97431458004 9763.053323772127 4077.83709480335 4070.2301471333994 36234.308491222444 36227.04431994347 36182.907086911764 26429.0703448986 26394.824547254175 26366.918226246697 24416.18733622873 20485.134138352285 20461.26522475221 6507.133923435851 6238.5390610276 6231.954295031691 5259.022706949479 6525.185410514778 
343.80450333304157 340.8776407449809 6604.794030602558 6603.901803978727 6603.4670907147265 1208.7934884166662 10002.388968065337 9775.938099590652 9762.97982217284 4077.8082713037093 4070.2267467045003 36234.203265285825 36227.0260018145 36182.84775726997 26429.051166217192 26394.779871854815 26366.910139434436 24416.177698673353 20485.12587349358 20461.22160225824 6507.127362002152 6238.529366786823 6231.945422195497 5259.014150260867 6525.171245614712 
343.78912721869824 340.8773863403351 6604.783346662633 6603.9015278322795 6603.467071445895 1208.7837649282956 10002.35017238854 9775.933423131552 9762.959040187303 4077.7848779024125 4070.2238709733083 36234.18144291627 36227.00615116112 36182.804041301424 26429.048254459492 26394.751177213966 26366.892893976677 24416.143680786623 20485.09088072448 20461.209129600105 6507.11001178051 6238.520666276657 6231.937921362298 5259.001556322628 6525.162525234031 
343.78055001102484 340.8767992109631 6604.768467505499 6603.901461777681 6603.467066212635 1208.778514388482 10002.33791287898 9775.862383937283 9762.94383790443 4077.7848779024125 4070.22159025818 36234.11876332114 36227.00217331943 36182.79272469007 26428.990416022138 26394.745962052963 26366.869215024126 24416.13832762147 20485.05439519822 20461.18073790873 6507.094185702912 6238.51403345098 6231.919190748462 5258.993926818825 6525.145713762537 
343.7711578615472 340.8765275584801 6604.746408986369 6603.901431966831 6603.467004673102 1208.7668960831697 10002.31217785869 9775.83783091533 9762.909238759103 4077.781286140709 4070.2201503288616 36234.071790620845 36226.98532558821 36182.732051242325 26428.960153047432 26394.733072481496 26366.85971208027 24416.099421626237 20484.994309423695 20461.138832221885 6507.089940386976 6238.508066901841 6231.911092556548 5258.991171215299 6525.138445330178 
343.7702621833 340.87604458949704 6604.724186483792 6603.901361936083 6603.466999054185 1208.7603710027415 10002.289578490061 9775.819696082368 9762.890578534856 4077.7762345817273 4070.2192866879823 36234.05999857616 36226.96874856102 36182.66634903432 26428.916488059876 26394.681269945093 26366.85971208027 24416.096026462918 20484.96278043451 20461.133847594832 6507.087165926218 6238.505761552388 6231.900410029384 5258.98195282905 6525.137760411783 
343.7513872682166 340.87549432194714 6604.715079593414 6603.901218253877 6603.466989389202 1208.758081396284 10002.273543063788 9775.813715618053 9762.879371160287 4077.766455172078 4070.2156295820905 36234.03882328533 36226.95969441067 36182.63712322358 26428.91476292489 26394.6800762446 26366.84238258666 24416.085168726593 20484.947879889776 20461.093964970645 6507.079322819637 6238.505545283346 6231.895239879626 5258.979767324258 6525.130814915134 
