28368.93753280227 34895.9462951207 28356.751776050576 37745.35908603418 26365.905428694026 23586.25236907231 20915.46870173159 36774.15953833512 35875.37320380109 29349.041615298425 31245.984669679536 27755.25605488501 35736.7045131985 32178.56041505943 37626.616557099216 38073.69484453001 25193.996033087155 35273.737398005556 24436.250836045732 29732.031991442553 31928.792697537974 31555.161515326545 36019.3284305771 32280.973872693416 26803.343742773483 
22202.33953075524 16840.360934198063 26662.13988362087 37232.209424520675 16909.888678447245 23586.25236907231 15883.52777907929 33872.46271923107 30234.897103440577 25994.05892482351 26251.79969828891 25082.442490869293 25028.3709157394 26307.192802034377 26803.719134203067 31622.873872267566 24464.63383625343 23553.277194270966 24436.250836045732 28731.787136253315 26884.524833369163 30581.442925170173 27159.584706102367 32273.633880475405 26277.14327987815 
19043.53158138773 16840.360934198063 24356.13145129781 34024.621736363595 16909.888678447245 20809.44209402757 15883.52777907929 30842.082221524524 20340.2028128769 22735.77575721648 24164.178568080508 20553.705704545457 21793.707191755962 24269.81060104261 26699.016436263588 25901.90563097808 24464.63383625343 20418.679031235806 24436.250836045732 26327.064873377603 26884.524833369163 22328.651392092463 17214.000663987827 26432.55179916152 26277.14327987815 
14745.284733658444 16840.360934198063 20215.13794819489 32079.584973132936 13836.300712618622 15601.814378638104 14947.573884825815 24024.033165613175 18452.70734771341 20963.493249729578 22696.06546379198 18298.454516509955 16460.53659838305 24269.81060104261 26699.016436263588 22562.094330350476 20593.975526218845 17579.350774042872 19780.524692426116 14366.638880827095 20705.32852102923 22293.03043138552 17214.000663987827 15880.66483523306 21503.524709563702 
14745.284733658444 16840.360934198063 20100.987326038936 20190.869355773644 12324.082697676013 13945.73427453784 10809.72425611303 21380.849260109786 18227.16983448182 20148.704317450934 21276.19997305246 15032.409742535994 16460.53659838305 22753.746926688924 20987.81954747648 22562.094330350476 19193.635477368513 16356.9210882205 19780.524692426116 14366.638880827095 20705.32852102923 18752.68813801295 16703.44489988623 15880.66483523306 21503.524709563702 
14745.284733658444 14205.916760184688 17305.56438749717 18103.015564366768 12263.345639307745 11255.84636839088 9205.655114435085 21380.849260109786 12897.455896130485 16820.79195992776 19637.568792515747 15032.409742535994 14495.407242770354 20604.078674499473 19219.967809195852 20050.4188265192 19086.501993013615 12512.484713389404 19780.524692426116 14366.638880827095 17677.74325248693 15997.112273402687 16703.44489988623 13756.018470782896 21503.524709563702 
14745.284733658444 12945.687748359973 17295.401067965075 12212.516723484903 11418.267290517684 11255.84636839088 9205.655114435085 21342.397509317587 12484.406905477372 16820.79195992776 17498.652625621315 15032.409742535994 13707.972339405815 19171.24662594208 18310.70531526376 19834.24541262775 16838.11121761838 12371.483746969969 19780.524692426116 13835.369796203438 17677.74325248693 14215.828208386434 13251.572012065886 13756.018470782896 18723.42388304062 
14745.284733658444 12945.687748359973 16836.91148612851 10991.164130827936 10091.871631663069 11255.84636839088 8001.235014669939 17446.063619711218 12484.406905477372 14131.144231261627 16570.42314316003 14667.530229205133 12057.664714762836 18801.244088738124 16066.917945000467 18989.73374734053 16490.82902119781 12371.483746969969 16278.165152601498 13835.369796203438 16741.48325894237 14215.828208386434 12089.808125491314 9973.452419020656 18357.126735021506 
12977.778774092283 12637.62591959108 14389.351296314819 10991.164130827936 9317.587651747854 9075.796210160519 7505.479254670328 17446.063619711218 11552.326326027001 13740.131197475563 9201.890748408252 10831.344430295849 12057.664714762836 16352.654751612157 16066.917945000467 17758.598174798994 16141.62676222726 10961.075480620137 16278.165152601498 13835.369796203438 16741.48325894237 13808.52449814678 10787.924825473909 9973.452419020656 15169.385924589595 
12977.778774092283 12358.800380359155 14389.351296314819 10671.574515816583 7605.263422823071 9075.796210160519 7505.479254670328 17446.063619711218 10738.385558525446 13482.175795851914 9201.890748408252 10831.344430295849 12057.664714762836 16352.654751612157 12891.027309662863 14173.37028833783 13970.61583331879 8468.053812256418 16278.165152601498 13791.90932265511 15876.960343333965 13808.52449814678 10787.924825473909 9973.452419020656 15169.385924589595 
12145.654569197064 9827.003821014921 13587.464914144972 9453.850829269611 7605.263422823071 9075.796210160519 7468.9683541534505 17088.180167622115 10151.734561186468 13107.616496018018 9201.890748408252 10831.344430295849 11944.072760069665 15895.56945877479 10929.426066587679 13749.181950686288 13836.967001695182 8468.053812256418 16278.165152601498 11343.177175919696 15341.324433377828 13808.52449814678 8185.089238678358 8223.197496431483 15169.385924589595 
8675.558803215847 9827.003821014921 13015.051434521583 9453.850829269611 7605.263422823071 9075.796210160519 7468.9683541534505 16852.42722574246 9713.533402839475 11150.39174592413 9201.890748408252 9425.92533465103 11827.58759086185 13635.744083679041 10929.426066587679 12229.863811526917 13836.967001695182 8468.053812256418 16278.165152601498 11343.177175919696 15341.324433377828 12774.319704543843 8185.089238678358 8223.197496431483 12878.510847035921 
8675.558803215847 9005.150150258158 11048.267434639753 9155.544574208157 7605.263422823071 9075.796210160519 7447.869693643843 14310.15407771752 8501.221689804179 11150.39174592413 9201.890748408252 9425.92533465103 9917.256104461918 13635.744083679041 10929.426066587679 10884.878038379637 12321.978322502437 8468.053812256418 14957.620659502221 9285.332969288173 14351.90817633182 12774.319704543843 7324.837595786772 8223.197496431483 11502.824596220076 
6952.879748928006 9005.150150258158 10315.085431064968 9155.544574208157 7605.263422823071 9075.796210160519 7447.869693643843 13253.448537881794 7950.851901458071 7920.206908130816 9201.890748408252 9425.92533465103 9751.485964605 13635.744083679041 10929.426066587679 10884.878038379637 12321.978322502437 5988.10482678172 14957.620659502221 9285.332969288173 9010.816590978613 12774.319704543843 7324.837595786772 8223.197496431483 11502.824596220076 
6952.879748928006 8466.969039266862 9466.960091652802 9155.544574208157 7605.263422823071 9075.796210160519 7405.129473459507 13253.448537881794 7950.851901458071 7920.206908130816 7832.134220034677 9425.92533465103 9751.485964605 13635.744083679041 10929.426066587679 10884.878038379637 11426.561712358554 5988.10482678172 14957.620659502221 9285.332969288173 8454.847393474643 12774.319704543843 7173.446267357618 8223.197496431483 11502.824596220076 
6952.879748928006 8337.376635578452 8750.239647460368 8958.06022102602 7605.263422823071 9075.796210160519 6243.242226497323 10621.87101250966 7309.162283808868 7920.206908130816 7832.134220034677 9425.92533465103 9751.485964605 13635.744083679041 10348.822754078374 8355.18382776266 11426.561712358554 5957.155434975244 14388.30592672415 9285.332969288173 8454.847393474643 11562.69884069606 7160.404306311291 8223.197496431483 10264.772917134305 
6952.879748928006 7720.219206988531 6511.404378629785 8330.875223025541 7605.263422823071 8551.804021703932 6162.366045200316 10621.87101250966 7289.642544671182 6810.399298922711 7832.134220034677 9425.92533465103 9751.485964605 13635.744083679041 10348.822754078374 8355.18382776266 10617.665142728427 5957.155434975244 14388.30592672415 7450.456505683105 8454.847393474643 11562.69884069606 7068.82595785002 8223.197496431483 9021.267530695544 
6952.879748928006 7516.254411600859 6511.404378629785 8330.875223025541 7605.263422823071 8551.804021703932 6162.366045200316 8623.494738185938 6379.546607208258 6810.399298922711 7832.134220034677 9425.92533465103 9751.485964605 11569.598307680137 10214.574776629046 8355.18382776266 10371.759060344955 5118.095112786183 13774.271149114089 6952.6619934221 7134.424678695714 11044.147340499174 6462.652231774827 8223.197496431483 6189.167506765375 
6053.219008731583 5477.960791832247 6511.404378629785 8330.875223025541 7333.682770460225 8258.578998163932 6162.366045200316 7030.288236045768 6379.546607208258 6536.127937434709 5450.1072737326485 9425.92533465103 9494.194044053693 11569.598307680137 10214.574776629046 8355.18382776266 10371.759060344955 5118.095112786183 13774.271149114089 6952.6619934221 7134.424678695714 8884.560390382134 6462.652231774827 8223.197496431483 6189.167506765375 
6053.219008731583 5477.960791832247 6511.404378629785 8277.059633901787 7333.682770460225 6166.6786184368175 6162.366045200316 6598.031684880329 6379.546607208258 5341.100748551602 5450.1072737326485 9395.85434930291 9494.194044053693 11569.598307680137 10214.574776629046 8355.18382776266 9841.506125720896 5118.095112786183 13549.263581539708 6059.24113042886 7134.424678695714 8884.560390382134 6462.652231774827 6411.8953613132035 6189.167506765375 
5410.714453182625 5477.960791832247 6511.404378629785 8277.059633901787 7333.682770460225 6166.6786184368175 6162.366045200316 5564.961633676409 6326.87984625095 4694.3710163499745 5450.1072737326485 9395.85434930291 9494.194044053693 10980.412123743972 10214.574776629046 8355.18382776266 9753.253241562064 5118.095112786183 11600.180623578372 6059.24113042886 7134.424678695714 8884.560390382134 6418.002459719604 6411.8953613132035 4315.83674185846 
5410.714453182625 4928.042605118486 4973.969325078948 6794.498893007304 7333.682770460225 6166.6786184368175 6162.366045200316 4280.242228245754 6117.119350464358 4687.591776557052 5450.1072737326485 7388.244874370339 9494.194044053693 10715.026852440127 10214.574776629046 8184.77207604566 9753.253241562064 5118.095112786183 10037.96644625605 6059.24113042886 6553.691179223211 8884.560390382134 6238.157361533344 5891.488991701299 4315.83674185846 
5410.714453182625 4928.042605118486 4973.969325078948 6794.498893007304 7333.682770460225 6166.6786184368175 6162.366045200316 3965.629759069977 6117.119350464358 4596.2744189378955 5450.1072737326485 7388.244874370339 9233.447736777229 7594.70448924308 10214.574776629046 7444.889360739677 8914.151559271642 5118.095112786183 9143.350561336296 5551.488401681119 6553.691179223211 8884.560390382134 5533.964432466189 5891.488991701299 4315.83674185846 
5410.714453182625 4928.042605118486 4973.969325078948 6794.498893007304 7333.682770460225 6166.6786184368175 6162.366045200316 2624.115012374546 6117.119350464358 4460.3435121207085 5450.1072737326485 7388.244874370339 7406.0825165244205 7594.70448924308 9580.113954376353 5934.938946531237 8914.151559271642 5118.095112786183 9143.350561336296 5551.488401681119 6430.999315098814 8884.560390382134 5533.964432466189 5703.900948906159 4315.83674185846 
5410.714453182625 4623.086496901979 4973.969325078948 6794.498893007304 7262.038490944137 6166.6786184368175 6162.366045200316 2624.115012374546 6117.119350464358 4460.3435121207085 5450.1072737326485 7388.244874370339 7406.0825165244205 7594.70448924308 8779.251794136906 5934.938946531237 8705.302369604284 5118.095112786183 9143.350561336296 5551.488401681119 6430.999315098814 8884.560390382134 5519.160724428972 4820.295354240211 4315.83674185846 
5410.714453182625 3573.5300515883955 4973.969325078948 6794.498893007304 7262.038490944137 6166.6786184368175 6162.366045200316 2365.5281681036117 6117.119350464358 4460.3435121207085 5391.074441334408 7388.244874370339 7406.0825165244205 7594.70448924308 8779.251794136906 5934.938946531237 7977.410804570554 5118.095112786183 9143.350561336296 5551.488401681119 4995.7056907203 6345.117996597765 4543.61474613649 4133.350014044673 4315.83674185846 
5410.714453182625 3573.5300515883955 4921.660030476525 6794.498893007304 7262.038490944137 6166.6786184368175 6162.366045200316 2197.0927626028633 5746.604563291657 4460.3435121207085 4777.089554489891 7388.244874370339 5224.688453537519 7594.70448924308 8779.251794136906 5866.075620536318 7977.410804570554 5118.095112786183 9143.350561336296 5551.488401681119 4647.127870856877 6345.117996597765 4543.61474613649 4133.350014044673 4315.83674185846 
5410.714453182625 3573.5300515883955 4743.410196987619 5600.483007289433 7262.038490944137 6166.6786184368175 6162.366045200316 2197.0927626028633 5746.604563291657 4149.6676259702035 4777.089554489891 7388.244874370339 5224.688453537519 6761.702272135162 8779.251794136906 5866.075620536318 7501.774396188659 5057.443243601257 9143.350561336296 5551.488401681119 4561.737688096939 6345.117996597765 4543.61474613649 3219.0584695639814 4315.83674185846 
5410.714453182625 3573.5300515883955 4743.410196987619 5600.483007289433 7262.038490944137 6166.6786184368175 6162.366045200316 1810.8351268925499 5746.604563291657 3789.5931598332736 4777.089554489891 7154.843900223529 5224.688453537519 5295.359875454218 8779.251794136906 5866.075620536318 7501.774396188659 5057.443243601257 9143.350561336296 4427.527291941733 4556.292237580239 6345.117996597765 4157.196704335106 3219.0584695639814 4315.83674185846 
5410.714453182625 3573.5300515883955 4743.410196987619 4689.358386838182 7262.038490944137 6166.6786184368175 5545.0748836999355 1767.0821256119998 5746.604563291657 3789.5931598332736 4777.089554489891 7154.843900223529 4976.360172610193 4705.560500532772 8779.251794136906 5866.075620536318 7501.774396188659 5036.153272973854 9143.350561336296 4427.527291941733 4214.7426054542575 6345.117996597765 4068.2742546567815 3219.0584695639814 4315.83674185846 
5410.714453182625 2885.7803666057384 4743.410196987619 4689.358386838182 6839.361190084205 4835.180020508665 5545.0748836999355 1767.0821256119998 4998.641365458984 3686.7430830188896 4777.089554489891 7154.843900223529 4306.088990554752 3655.4624468386846 8779.251794136906 5267.783792647342 6970.566206898988 4432.424856650558 9143.350561336296 4427.527291941733 4214.7426054542575 6345.117996597765 3702.2648933077817 3219.0584695639814 4162.7643141402 
5410.714453182625 2430.304273604667 4293.952968605756 4689.358386838182 6839.361190084205 4835.180020508665 5545.0748836999355 1608.2190053736194 4998.641365458984 3665.752842585587 4777.089554489891 6926.680122789013 4256.630722155232 3415.6840057932613 7487.819945848125 5267.783792647342 6970.566206898988 4432.424856650558 9143.350561336296 4427.527291941733 4214.7426054542575 5823.919876378324 3564.516001326616 3219.0584695639814 4162.7643141402 
5410.714453182625 2430.304273604667 4293.952968605756 4689.358386838182 6839.361190084205 4835.180020508665 5545.0748836999355 1445.9619481251048 4998.641365458984 3662.1128617448194 4777.089554489891 6926.680122789013 4256.630722155232 2689.030512896786 7487.819945848125 5267.783792647342 6308.676510246216 3539.8000554829905 9143.350561336296 3866.6213472566906 4214.7426054542575 5630.472342204458 3564.516001326616 3219.0584695639814 4074.269919131584 
5255.7131476913155 2330.7135791906658 4293.952968605756 4078.5269560324105 6839.361190084205 4835.180020508665 5545.0748836999355 1349.0519694847922 4998.641365458984 3559.0095100406706 4777.089554489891 6926.680122789013 4208.713376843041 2689.030512896786 7487.819945848125 5267.783792647342 4967.322046877952 3539.8000554829905 8397.213655422205 3406.8582023921963 4214.7426054542575 5630.472342204458 2582.641028131419 3219.0584695639814 4074.269919131584 
5199.321018399142 2190.202689909049 4293.952968605756 4078.5269560324105 6839.361190084205 4835.180020508665 5545.0748836999355 1349.0519694847922 4998.641365458984 3469.2017772980525 4777.089554489891 6926.680122789013 3611.7637212087902 2689.030512896786 7487.819945848125 5103.101017447214 4412.020674506367 3539.8000554829905 8397.213655422205 3406.8582023921963 4196.7003931197405 5630.472342204458 2582.641028131419 3219.0584695639814 3946.614847787714 
4665.268949453853 2190.202689909049 3882.9550168218975 4078.5269560324105 6645.6577264476 4835.180020508665 5545.0748836999355 1349.0519694847922 4998.641365458984 3469.2017772980525 4758.162801430076 6926.680122789013 3611.7637212087902 2689.030512896786 6881.839492434251 5103.101017447214 3347.071954099193 3539.8000554829905 8397.213655422205 3406.8582023921963 3729.612209282959 5630.472342204458 2582.641028131419 3219.0584695639814 3946.614847787714 
4665.268949453853 1757.8541091626398 3882.9550168218975 4078.5269560324105 6477.122991028424 4835.180020508665 5545.0748836999355 1349.0519694847922 4998.641365458984 3469.2017772980525 4758.162801430076 6926.680122789013 3611.7637212087902 2608.9440454739492 6881.839492434251 4804.8848691670955 3029.7118132664714 3539.8000554829905 8397.213655422205 3406.8582023921963 3626.4979520279157 5630.472342204458 2480.4453685284875 3219.0584695639814 3568.999362050109 
4665.268949453853 1757.8541091626398 3270.280460646041 4078.5269560324105 6477.122991028424 4627.688845910572 5232.346165929438 1349.0519694847922 4998.641365458984 3459.783728149323 4758.162801430076 6926.680122789013 3126.7786445362244 1838.3603031955918 5832.570017889675 4686.813591912482 3029.7118132664714 3539.8000554829905 8397.213655422205 2890.100771905962 3626.4979520279157 5630.472342204458 2211.2212038335642 3219.0584695639814 3187.7906822274517 
4665.268949453853 1720.6311079395855 3270.280460646041 4078.5269560324105 6477.122991028424 4627.688845910572 5232.346165929438 1282.8418352996086 4998.641365458984 3459.783728149323 4758.162801430076 6926.680122789013 3126.7786445362244 1838.3603031955918 5832.570017889675 3342.4937548654916 3029.7118132664714 3439.1582887641 8397.213655422205 2890.100771905962 2737.5838996147327 5629.2182866811445 2211.2212038335642 3219.0584695639814 3187.7906822274517 
4665.268949453853 1720.6311079395855 3270.280460646041 4078.5269560324105 6477.122991028424 4627.688845910572 5232.346165929438 1225.972451346387 4998.641365458984 3406.448811503221 4552.674257920132 6926.680122789013 3076.7530493770555 1838.3603031955918 5832.570017889675 3116.395194109277 2916.6517849224106 3439.1582887641 8397.213655422205 2890.100771905962 2537.0869909410485 5629.2182866811445 2211.2212038335642 3219.0584695639814 3187.7906822274517 
4665.268949453853 1720.6311079395855 2971.483003231116 4078.5269560324105 6477.122991028424 4627.688845910572 5232.346165929438 1174.2922449259966 4998.641365458984 3406.448811503221 4552.674257920132 6926.680122789013 3076.7530493770555 1838.3603031955918 5832.570017889675 3116.395194109277 2916.6517849224106 3393.857676255111 8214.176535610066 2890.100771905962 2537.0869909410485 5428.484787234735 2211.2212038335642 3213.7876126054703 2841.2990844797623 
4665.268949453853 1632.101751586256 2385.0702807960597 4078.5269560324105 6477.122991028424 4627.688845910572 5232.346165929438 1062.9021469236636 4274.576393154186 3406.448811503221 4552.674257920132 6926.680122789013 2796.3214603337724 1838.3603031955918 5832.570017889675 3007.028001022343 2916.6517849224106 3095.8339708595977 6610.243226993308 2890.100771905962 2439.7111405298356 5428.484787234735 2008.6387392849306 3213.759984344904 2680.0809115132233 
4665.268949453853 1501.708837993935 2385.0702807960597 3652.2543511596887 6477.122991028424 4304.220106693116 5232.346165929438 1039.3891841600873 4274.576393154186 3222.0531651396695 4552.674257920132 6910.72398159169 2796.3214603337724 1510.9250275475888 4696.591282905977 2734.677412087008 2916.6517849224106 3095.8339708595977 6610.243226993308 2890.100771905962 2439.7111405298356 5428.484787234735 2008.6387392849306 3213.759984344904 2680.0809115132233 
4665.268949453853 1417.1567624169938 2385.0702807960597 3652.2543511596887 6477.122991028424 4304.220106693116 5232.346165929438 936.5909463756404 4274.576393154186 3168.0493112343033 4460.617172484326 6910.72398159169 2796.3214603337724 1510.9250275475888 4696.591282905977 2723.2846209755908 2916.6517849224106 3095.8339708595977 6610.243226993308 2754.9986317878843 2255.815415850928 5415.0527393332195 2008.6387392849306 3213.759984344904 2680.0809115132233 
4552.390631002788 1239.9678616472079 2385.0702807960597 3652.2543511596887 6477.122991028424 4304.220106693116 5232.346165929438 733.1987709766156 4274.576393154186 3168.0493112343033 4316.076788650896 6910.72398159169 2517.479019373043 1510.9250275475888 4696.591282905977 2546.044112517761 2799.858021163818 2670.3852439668417 6454.102533317973 2754.9986317878843 2255.815415850928 5079.62789643117 2008.6387392849306 3186.262610760553 2680.0809115132233 
4552.390631002788 1239.9678616472079 2385.0702807960597 3425.8747455064095 6477.122991028424 4304.220106693116 5232.346165929438 733.1987709766156 4274.576393154186 3113.3903953352174 4316.076788650896 5968.278832609939 2517.479019373043 1510.9250275475888 4696.591282905977 2354.2973882677848 2651.0090213573503 2670.3852439668417 6232.051217140686 2754.9986317878843 2176.575104028846 4833.555546217866 2008.6387392849306 3121.7313836268627 2680.0809115132233 
4552.390631002788 1107.4366577728053 2385.0702807960597 3425.8747455064095 6477.122991028424 4304.220106693116 5232.346165929438 733.1987709766156 4274.576393154186 3113.3903953352174 4316.076788650896 5968.278832609939 2428.5912580864683 1190.0821252569501 4696.591282905977 2184.6846437398654 2651.0090213573503 2670.3852439668417 5658.565513491184 2523.430583637575 1987.6958552679303 4833.555546217866 1856.70179670399 3043.4050360008987 2680.0809115132233 
4552.390631002788 1107.4366577728053 2385.0702807960597 3425.8747455064095 6477.122991028424 4304.220106693116 5232.346165929438 733.1987709766156 4274.576393154186 3098.842026478263 4316.076788650896 5968.278832609939 2428.5912580864683 1190.0821252569501 4575.827938333794 2184.6846437398654 2651.0090213573503 2670.3852439668417 5658.565513491184 2460.067374732165 1987.6958552679303 4833.555546217866 1856.70179670399 3043.4050360008987 2484.422971196175 
4552.390631002788 1107.4366577728053 2309.998197489699 3163.2991079419025 6477.122991028424 4304.220106693116 5232.346165929438 733.1987709766156 4263.591619468829 3098.842026478263 4316.076788650896 5968.278832609939 2078.1542066071293 1190.0821252569501 4575.827938333794 2174.863472529511 2651.0090213573503 2670.3852439668417 5658.565513491184 2041.196882444829 1987.6958552679303 4615.890649731027 1856.70179670399 2798.934426381408 2377.956567316773 
4552.390631002788 1107.4366577728053 2266.6756937204773 3163.2991079419025 6477.122991028424 4304.220106693116 5232.346165929438 733.1987709766156 3713.0272825162556 2982.4706406172113 4316.076788650896 5968.278832609939 1746.4522748756253 1075.423840289266 3635.089208717539 2174.863472529511 2313.853864389539 2319.9372615908374 5658.565513491184 2032.8051039197453 1987.6958552679303 4615.890649731027 1856.70179670399 2798.934426381408 2299.4885984094326 
4552.390631002788 1084.8928400599384 2038.6508116626874 3163.2991079419025 5887.0412695122595 4304.220106693116 5232.346165929438 733.1987709766156 3362.7243011166174 2982.4706406172113 3822.2803032040774 5968.278832609939 1508.8062220639267 1075.423840289266 3635.089208717539 2174.863472529511 2313.853864389539 2319.9372615908374 5642.912356084885 1824.27653404571 1939.1129589672646 4615.890649731027 1856.70179670399 2728.5792102974897 2299.4885984094326 
4552.390631002788 1081.163864945271 2038.6508116626874 2827.0240001992393 4674.529348533889 4304.220106693116 4834.495571266688 733.1987709766156 3362.7243011166174 2982.4706406172113 3822.2803032040774 5640.218715708505 1422.8355583171342 1031.8660205238045 3583.47298458325 1722.0238891132394 2313.853864389539 2319.9372615908374 5642.912356084885 1824.27653404571 1939.1129589672646 4615.890649731027 1856.70179670399 2288.8746899581183 2299.4885984094326 
4552.390631002788 1081.163864945271 2038.6508116626874 2827.0240001992393 4674.529348533889 4304.220106693116 4834.495571266688 733.1987709766156 3362.7243011166174 2982.4706406172113 3822.2803032040774 5640.218715708505 1422.8355583171342 646.0889071641463 2805.639578329068 1722.0238891132394 2313.853864389539 2319.9372615908374 3980.5588585897685 1824.27653404571 1939.1129589672646 4615.890649731027 1746.9618113426172 2288.8746899581183 2299.4885984094326 
4552.390631002788 1081.163864945271 1861.7644752185392 2693.4228279976487 4674.529348533889 4304.220106693116 4834.495571266688 663.119040673967 3362.7243011166174 2913.9457353362727 3822.2803032040774 5640.218715708505 1422.8355583171342 646.0889071641463 2317.2491173895733 1146.1447951097073 2313.853864389539 2319.9372615908374 3980.5588585897685 1254.1414196996257 1877.3870325344046 4476.487709546201 1746.9618113426172 2288.8746899581183 2299.4885984094326 
4552.390631002788 1081.163864945271 1861.7644752185392 2661.921200703795 4674.529348533889 4304.220106693116 4834.495571266688 663.119040673967 3362.7243011166174 2913.9457353362727 3822.2803032040774 5515.1848495745435 1417.1135283033327 646.0889071641463 2317.2491173895733 1146.1447951097073 2313.853864389539 2319.9372615908374 3980.5588585897685 1254.1414196996257 1843.2127605841233 3973.0196865684866 1746.9618113426172 2288.8746899581183 2299.4885984094326 
4552.390631002788 1081.163864945271 1569.2438757546056 2661.921200703795 4674.529348533889 4304.220106693116 4613.151860340237 663.119040673967 3362.7243011166174 2913.9457353362727 3822.2803032040774 5515.1848495745435 1290.1563021451911 646.0889071641463 2201.349657463249 1146.1447951097073 2313.853864389539 2319.9372615908374 3980.5588585897685 1122.8816984055409 1813.7088195252381 3973.0196865684866 1746.9618113426172 2288.8746899581183 2214.5126821521194 
4509.28610762978 1081.163864945271 1486.894751744353 2256.272245457489 4357.28722328903 4304.220106693116 4613.151860340237 662.7255193361716 3362.7243011166174 2847.025641011564 3822.2803032040774 5083.789958452234 1245.8964072878969 646.0889071641463 2154.9420468067137 1146.1447951097073 2313.853864389539 2319.9372615908374 3294.163700508546 996.8117992806283 1813.7088195252381 3973.0196865684866 1746.9618113426172 2288.8746899581183 2214.5126821521194 
4509.28610762978 1081.163864945271 1486.894751744353 2256.272245457489 4357.28722328903 4247.956794018594 4613.151860340237 662.7255193361716 3362.7243011166174 2847.025641011564 3822.2803032040774 5083.789958452234 1245.8964072878969 646.0889071641463 2129.2226117661253 1146.1447951097073 2313.853864389539 2319.9372615908374 3294.163700508546 996.8117992806283 1813.7088195252381 3973.0196865684866 1746.9618113426172 2169.5214932095955 2214.5126821521194 
4509.28610762978 1081.163864945271 1486.894751744353 2256.272245457489 4357.28722328903 4247.956794018594 4613.151860340237 662.7255193361716 3301.059338851599 2843.1811053490583 3822.2803032040774 5083.789958452234 1216.923310770338 646.0889071641463 2122.1551179756125 1146.1447951097073 2233.440166811411 2237.8674883472127 3294.163700508546 940.6390226320755 1705.2205584479934 3973.0196865684866 1736.520975136812 2169.5214932095955 2214.5126821521194 
4509.28610762978 968.9405114619926 1486.894751744353 2256.272245457489 4357.28722328903 4247.956794018594 4221.283248128689 655.6473709714273 3301.059338851599 2843.1811053490583 3822.2803032040774 4865.334247570425 1164.7596789944553 646.0889071641463 2122.1551179756125 1146.1447951097073 2233.440166811411 2237.8674883472127 3294.163700508546 940.6390226320755 1705.2205584479934 3903.4761122209256 1736.520975136812 2169.5214932095955 2184.6554842213623 
4509.28610762978 968.9405114619926 1486.894751744353 2256.272245457489 4277.163719603439 4094.9838554180405 4221.283248128689 654.8358370706094 2991.2299416708975 2819.099184393267 3822.2803032040774 4865.334247570425 1124.286113410991 646.0889071641463 2122.1551179756125 1146.1447951097073 2233.440166811411 2237.8674883472127 3294.163700508546 899.2719412209706 1705.2205584479934 3903.4761122209256 1736.520975136812 1880.0550396729768 2178.9786578402804 
4472.393717991988 964.1302875503625 1486.894751744353 1883.6674774275434 3300.526702375805 4094.9838554180405 4152.58785011209 654.8358370706094 2991.2299416708975 2618.1275862969783 3822.2803032040774 4865.334247570425 1123.3715714856023 646.0889071641463 1962.5479278890602 1146.1447951097073 2233.440166811411 2237.8674883472127 3235.8859277504584 732.2811587185961 1705.2205584479934 3903.4761122209256 1736.520975136812 1880.0550396729768 2178.9786578402804 
4402.263115539217 812.2934133708627 1486.894751744353 1883.6674774275434 3300.526702375805 4094.9838554180405 4152.58785011209 625.7915970913905 2991.2299416708975 2618.1275862969783 3822.2803032040774 4865.334247570425 1120.6588192615945 646.0889071641463 1962.5479278890602 1125.8393328525797 2233.440166811411 2237.8674883472127 3189.445635072115 686.5486737504389 1705.2205584479934 3504.9547126640464 1736.520975136812 1781.7413615787664 2178.9786578402804 
4216.316301115513 812.2934133708627 1482.2888094361824 1874.7530542149216 3300.526702375805 4094.9838554180405 4152.58785011209 625.7915970913905 2991.2299416708975 2618.1275862969783 3822.2803032040774 4865.334247570425 948.6406548668465 646.0889071641463 1466.107048590629 1109.6313429265408 2107.050722195174 2237.8674883472127 2929.3298150532623 487.4081825671983 1705.2205584479934 3504.9547126640464 1671.4278958136347 1185.5705699144778 2178.9786578402804 
4216.316301115513 631.1774384058972 1482.2888094361824 1874.7530542149216 3300.526702375805 4094.9838554180405 4152.58785011209 603.7343523369857 2725.2441242820623 2618.1275862969783 3774.0924339706926 4865.334247570425 942.5383173314087 634.7738816980243 1321.0637898279656 1038.732286179674 2103.8305938335993 2237.8674883472127 2784.221370093694 487.4081825671983 1705.2205584479934 3504.9547126640464 1671.4278958136347 1185.5705699144778 2178.9786578402804 
4216.316301115513 631.1774384058972 1482.2888094361824 1670.8242579320918 2536.4281075469366 4094.9838554180405 4152.58785011209 603.7343523369857 2725.2441242820623 2506.7717750495035 3774.0924339706926 4865.334247570425 942.5383173314087 634.7738816980243 1321.0637898279656 1025.4395440011772 2103.8305938335993 2237.8674883472127 2784.221370093694 487.4081825671983 1697.54845570431 3504.9547126640464 1671.4278958136347 1185.5705699144778 2178.9786578402804 
4216.316301115513 614.3221470948656 1482.2888094361824 1670.8242579320918 2536.4281075469366 4094.9838554180405 4152.58785011209 600.3219794095544 2725.2441242820623 2268.961524711222 3774.0924339706926 4865.334247570425 942.5383173314087 634.2666981067073 1321.0637898279656 941.7237733011548 2076.1227943148924 2237.8674883472127 2784.221370093694 471.3728385791653 1697.54845570431 3504.9547126640464 1671.4278958136347 1185.5705699144778 1717.707558452208 
4216.316301115513 594.7237256284093 1482.2888094361824 1525.5317012536725 2536.4281075469366 4094.9838554180405 4152.58785011209 600.3219794095544 2725.2441242820623 2268.961524711222 3774.0924339706926 4483.731771624392 893.6512930580059 634.2666981067073 1273.5172432730888 930.2608684789727 2076.1227943148924 2237.8674883472127 2784.221370093694 471.3728385791653 1697.54845570431 3504.9547126640464 1646.2772772596945 1146.1618316217325 1717.707558452208 
4216.316301115513 581.5985538898085 1470.0118082201716 1346.9477389828094 2536.4281075469366 4094.9838554180405 3992.8800772153336 600.3219794095544 2725.2441242820623 2268.961524711222 3706.315294439215 4483.731771624392 862.3944687282694 633.6353775472885 1273.5172432730888 917.6392656221078 2076.1227943148924 2237.8674883472127 2550.907898006941 415.19038870585473 1697.54845570431 3504.9547126640464 1646.2772772596945 1132.1933035742034 1584.4215102470525 
4216.316301115513 524.1291293152499 1470.0118082201716 1346.9477389828094 2536.4281075469366 4024.8023958575704 3992.8800772153336 537.0517615419783 2725.2441242820623 2268.961524711222 3706.315294439215 4483.731771624392 722.4511480004121 633.6353775472885 1273.5172432730888 904.8543431029932 2076.1227943148924 2237.8674883472127 2550.907898006941 378.23224694659825 1697.54845570431 3477.8768804665933 1646.2772772596945 1014.6659072096104 1537.5828766540399 
4216.316301115513 477.369058050778 1470.0118082201716 1346.9477389828094 2536.4281075469366 4024.8023958575704 3992.8800772153336 481.4710040991913 2725.2441242820623 2268.961524711222 3706.315294439215 4393.972817396585 722.4511480004121 633.6353775472885 1273.5172432730888 865.9157373189278 2076.1227943148924 2237.8674883472127 2550.907898006941 348.53784936955776 1697.54845570431 3302.992171817479 1646.2772772596945 1014.6659072096104 1537.5828766540399 
4216.316301115513 477.369058050778 1469.3556770652076 1327.0047961900164 2536.4281075469366 3323.1819598159 3992.8800772153336 421.43208498509557 2725.2441242820623 2221.6180222983467 3706.315294439215 4393.972817396585 722.4511480004121 621.1319421795192 1273.5172432730888 865.9157373189278 2076.1227943148924 2237.8674883472127 2550.907898006941 348.53784936955776 1628.2218609818178 3302.992171817479 1646.2772772596945 983.5192160067547 1293.6447465851443 
4216.316301115513 448.73628056917005 1469.3556770652076 1247.4752182815503 2391.002767776867 3323.1819598159 3615.169506230315 295.8564233556549 2725.2441242820623 2221.6180222983467 3451.0036961652786 4162.804837025024 722.4511480004121 621.1319421795192 1254.5303739270053 865.9157373189278 2076.1227943148924 2237.8674883472127 2523.33200915251 331.2084030515773 1628.2218609818178 3302.992171817479 1646.2772772596945 983.5192160067547 1293.6447465851443 
4216.316301115513 378.1598927502928 1403.970673578211 1120.0367344498534 2391.002767776867 3323.1819598159 2797.235069524673 279.44575550209765 2260.9844655859274 2221.6180222983467 3451.0036961652786 4162.804837025024 722.4511480004121 609.1015565976732 1217.3480814144623 823.8705304795403 2016.6619304236747 2237.8674883472127 2523.33200915251 310.45472726135927 1628.2218609818178 2535.4369090149253 1646.2772772596945 828.5555510795571 1292.723586091182 
4216.316301115513 378.1598927502928 1366.4877789338789 1112.5203837331658 2391.002767776867 3323.1819598159 2797.235069524673 267.38609020284616 2260.9844655859274 2221.6180222983467 3451.0036961652786 3513.473407431841 722.4511480004121 609.1015565976732 1217.3480814144623 823.8705304795403 2016.6619304236747 2237.8674883472127 2523.33200915251 299.37588547018504 1628.2218609818178 2535.4369090149253 1646.2772772596945 828.5555510795571 1247.0402440814394 
3719.2317797180385 378.1598927502928 1360.8253269436395 1112.5203837331658 2381.2396235789756 3323.1819598159 2669.0564048283086 250.64590292625417 2260.9844655859274 2221.6180222983467 3451.0036961652786 3513.473407431841 722.4511480004121 599.4571138429201 1170.2181975000003 823.8705304795403 2016.6619304236747 2237.8674883472127 2507.832470896266 299.37588547018504 1627.8775620529987 2535.4369090149253 1646.2772772596945 828.3196325002937 1004.4044151857106 
3719.2317797180385 378.1598927502928 1201.704773222505 1112.5203837331658 2335.8515367077994 2596.9430432991185 2669.0564048283086 195.30506711369617 2260.9844655859274 2221.6180222983467 3451.0036961652786 3513.473407431841 722.4511480004121 599.4571138429201 1170.2181975000003 806.9989286248306 1982.8421712964696 2028.5212334992339 2507.832470896266 254.0095472845553 1627.8775620529987 2393.8116250364506 1646.2772772596945 716.0340432300445 1004.4044151857106 
3719.2317797180385 378.1598927502928 1201.704773222505 1112.5203837331658 2335.8515367077994 2501.4967008750905 2669.0564048283086 195.30506711369617 2260.9844655859274 2221.6180222983467 3451.0036961652786 3513.473407431841 722.4511480004121 599.4571138429201 1170.2181975000003 794.3800756251919 1982.8421712964696 2028.5212334992339 2507.832470896266 254.0095472845553 1627.8775620529987 2393.8116250364506 1646.2772772596945 716.0340432300445 1004.4044151857106 
3719.2317797180385 378.1598927502928 1162.947701350124 957.7397865646017 1939.8335837216391 2501.4967008750905 2634.828738568749 158.69567371079154 2260.9844655859274 2221.6180222983467 3451.0036961652786 3513.473407431841 720.2552135596875 596.8992682876988 1170.2181975000003 733.9870356019924 1982.8421712964696 2028.5212334992339 2507.832470896266 254.0095472845553 1599.6144831557658 2393.8116250364506 1646.2772772596945 716.0340432300445 1004.4044151857106 
3381.844860102945 368.9532224822426 1162.947701350124 957.7397865646017 1939.8335837216391 2183.5278163394264 2464.1170519506004 158.69567371079154 2260.9844655859274 2221.6180222983467 3451.0036961652786 3513.473407431841 720.2552135596875 594.4925912594942 1170.2181975000003 733.9870356019924 1841.126443992801 2028.5212334992339 2507.832470896266 254.0095472845553 1599.6144831557658 2393.8116250364506 1646.2772772596945 716.0340432300445 1004.4044151857106 
3287.935793064132 360.1931026637526 1162.947701350124 957.7397865646017 1939.8335837216391 1955.0020298651984 2464.1170519506004 158.69567371079154 2260.9844655859274 2221.6180222983467 3451.0036961652786 3513.473407431841 720.2552135596875 594.4925912594942 1170.2181975000003 715.7496228927134 1841.126443992801 2028.5212334992339 2507.832470896266 254.0095472845553 1599.6144831557658 2393.8116250364506 1646.2772772596945 716.0340432300445 1004.4044151857106 
3287.935793064132 360.1931026637526 1162.947701350124 957.7397865646017 1939.8335837216391 1452.695001502655 2464.1170519506004 138.591682401566 2260.9844655859274 2221.6180222983467 3389.976831066072 3453.696533717948 601.1661977227645 590.9210856588538 1167.0516268231304 682.2672009324749 1841.126443992801 1925.713526474713 2506.724088218233 225.3190963333368 1548.9973798919882 2393.8116250364506 1646.2772772596945 716.0340432300445 1004.4044151857106 
3287.935793064132 309.2793223220617 1162.947701350124 957.7397865646017 1939.8335837216391 1452.695001502655 2464.1170519506004 138.591682401566 2260.9844655859274 2211.8989525589823 3389.976831066072 3453.696533717948 601.1661977227645 588.5435829382227 1167.0516268231304 682.2672009324749 1841.126443992801 1925.713526474713 2492.0295299773006 225.3190963333368 1548.9973798919882 2393.8116250364506 1612.3214130503393 716.0340432300445 975.770731966255 
3287.935793064132 309.2793223220617 1162.947701350124 957.7397865646017 1939.8335837216391 1452.695001502655 2464.1170519506004 138.591682401566 2260.9844655859274 2205.9285700080636 3389.976831066072 3453.696533717948 601.1661977227645 588.3056742344966 1167.0516268231304 682.2672009324749 1841.126443992801 1925.713526474713 2483.5742411647625 225.3190963333368 1548.9973798919882 2393.8116250364506 1612.3214130503393 716.0340432300445 975.770731966255 
3287.935793064132 309.2793223220617 1162.947701350124 957.7397865646017 1809.4428499392307 1452.695001502655 2356.0555168590045 133.58403585488713 2260.9844655859274 2205.9285700080636 3389.976831066072 3453.696533717948 601.1661977227645 587.4867598891994 1167.0516268231304 682.2672009324749 1841.126443992801 1925.713526474713 2483.5742411647625 225.3190963333368 1548.9973798919882 2301.0983991295516 1612.3214130503393 716.0340432300445 975.770731966255 
3287.935793064132 309.2793223220617 1162.947701350124 901.1002157146054 1809.4428499392307 1452.695001502655 2339.6638264685607 117.13920395836499 2260.9844655859274 2205.9285700080636 3120.03397071211 3453.696533717948 601.1661977227645 587.4867598891994 1096.7046966630269 664.4426886025753 1841.126443992801 1925.713526474713 2483.5742411647625 221.34437090225697 1548.9973798919882 2301.0983991295516 1612.3214130503393 716.0340432300445 975.770731966255 
3005.1296719206543 309.2793223220617 1162.947701350124 799.4434812117743 1774.478690441324 1266.0929425130898 2339.4276963254374 117.13920395836499 2260.9844655859274 2205.9285700080636 3120.03397071211 3453.696533717948 543.8460767619222 583.5880875110797 1096.7046966630269 664.4426886025753 1826.6171352975662 1925.713526474713 2483.5742411647625 221.34437090225697 1548.9973798919882 2301.0983991295516 1516.3687376800399 704.3598575944488 877.803533306306 
3005.1296719206543 309.2793223220617 1162.947701350124 799.4434812117743 1774.478690441324 1266.0929425130898 2308.4770274748867 111.28933442134132 2260.9844655859274 2205.9285700080636 3120.03397071211 3453.696533717948 513.6016588827852 583.5880875110797 1096.7046966630269 664.4426886025753 1826.6171352975662 1925.713526474713 2483.5742411647625 221.34437090225697 1548.9973798919882 2301.0983991295516 1515.7016327400293 704.3598575944488 877.803533306306 
2702.7601376979073 309.2793223220617 1162.947701350124 799.4434812117743 1756.306282619771 1266.0929425130898 2306.133939502686 111.28933442134132 2260.9844655859274 2205.9285700080636 3120.03397071211 3453.696533717948 513.6016588827852 583.5880875110797 1096.7046966630269 664.4426886025753 1801.608800358701 1925.713526474713 2468.6390039706216 218.37360307833808 1548.9973798919882 2301.0983991295516 1515.7016327400293 689.03933029484 771.1689564315611 
2702.7601376979073 309.2793223220617 1162.947701350124 799.4434812117743 1756.306282619771 1266.0929425130898 2306.133939502686 105.75039934170525 2260.9844655859274 2205.9285700080636 3120.03397071211 3453.696533717948 462.2743289817888 583.5880875110797 1096.7046966630269 664.4426886025753 1801.608800358701 1820.2172234230811 2462.5484921126026 194.60308040875657 1548.9973798919882 2301.0983991295516 1515.7016327400293 689.03933029484 760.7607507120429 
2702.7601376979073 309.2793223220617 1162.947701350124 799.4434812117743 1722.7665737302914 1266.0929425130898 2301.165193532233 105.75039934170525 1667.8476679141204 2174.421028405779 3120.03397071211 3453.696533717948 462.2743289817888 566.001142860132 1096.7046966630269 664.4426886025753 1766.174324889971 1820.2172234230811 2462.5484921126026 194.60308040875657 1548.9973798919882 2301.0983991295516 1515.7016327400293 683.5597268765391 758.5783089475563 
2504.743153147243 309.2793223220617 1162.947701350124 799.4434812117743 1722.7665737302914 1266.0929425130898 2271.9852623369206 105.75039934170525 1667.8476679141204 2149.6969270881555 2901.229940142372 3453.696533717948 462.2743289817888 566.001142860132 948.7485506410867 664.4426886025753 1670.0021407487347 1820.2172234230811 2456.924343323475 186.50463406630752 1548.9973798919882 2301.0983991295516 1515.7016327400293 683.5597268765391 752.4752694883173 
2504.743153147243 309.2793223220617 1069.963734049713 799.4434812117743 1712.1724631796455 1266.0929425130898 2271.9852623369206 105.5792801742848 1667.8476679141204 2149.6969270881555 2882.27674971836 2557.5348452133694 462.2743289817888 562.8719435677717 948.7485506410867 664.4426886025753 1670.0021407487347 1820.2172234230811 2456.924343323475 186.50463406630752 1548.9973798919882 2301.0983991295516 1515.7016327400293 683.5597268765391 752.4752694883173 
2482.5812989138876 309.2793223220617 1069.963734049713 799.4434812117743 1653.8207454709836 1252.527190083856 2271.9852623369206 105.5792801742848 1667.8476679141204 2149.6969270881555 2882.27674971836 2557.5348452133694 462.2743289817888 562.8719435677717 885.1574308279164 664.4426886025753 1670.0021407487347 1820.2172234230811 2456.924343323475 126.44869644486346 1548.9973798919882 2109.5643218962773 1515.7016327400293 661.752803154603 752.4752694883173 
2482.5812989138876 309.2793223220617 1069.963734049713 799.4434812117743 1653.8207454709836 1252.527190083856 2165.232474827648 102.15836705522418 1667.8476679141204 2149.6969270881555 2788.7826118915546 2557.5348452133694 424.18879925678334 562.8719435677717 885.1574308279164 664.4426886025753 1670.0021407487347 1820.2172234230811 2430.5091113807957 121.05519363486621 1548.9973798919882 2109.5643218962773 1515.7016327400293 613.1325370066072 749.7953672353046 
2482.5812989138876 309.2793223220617 1069.963734049713 799.4434812117743 1653.8207454709836 1252.527190083856 2147.68243037478 102.15836705522418 1667.8476679141204 2149.6969270881555 2686.834038914904 2557.5348452133694 420.0216064115307 554.8778710666581 655.8255640425587 664.4426886025753 1303.726572385874 1797.010734584322 2430.5091113807957 121.05519363486621 1518.7887282736647 2109.5643218962773 1515.7016327400293 587.3604999498011 724.9663459388375 
2313.40582359303 309.2793223220617 1069.963734049713 799.4434812117743 1653.8207454709836 1252.527190083856 2141.787270330259 99.17316196589763 1667.8476679141204 2030.5279781167728 2686.834038914904 2557.5348452133694 418.90892375902376 535.1904557465089 655.8255640425587 664.4426886025753 1303.726572385874 1596.6128296641918 2430.5091113807957 101.7776378613055 1518.7887282736647 2109.5643218962773 1515.7016327400293 587.3604999498011 698.5674215096908 
2218.704874161995 309.2793223220617 1069.963734049713 799.4434812117743 1653.8207454709836 1252.527190083856 2141.787270330259 94.89387206759864 1667.8476679141204 2030.5279781167728 2686.834038914904 2557.5348452133694 418.90892375902376 520.1448258849414 655.8255640425587 664.4426886025753 1303.726572385874 1596.6128296641918 2430.5091113807957 101.7776378613055 1518.7887282736647 2109.5643218962773 1515.7016327400293 565.8084500132832 665.1796774530576 
2218.704874161995 309.2793223220617 1069.963734049713 799.4434812117743 1636.6434332528443 1222.1630309968875 2131.4308652197287 89.76405036823292 1535.3727653138612 2030.5279781167728 2686.834038914904 2557.5348452133694 418.90892375902376 520.1448258849414 655.8255640425587 664.4426886025753 1303.726572385874 1596.6128296641918 2430.5091113807957 101.7776378613055 1518.7887282736647 2109.5643218962773 1515.7016327400293 565.8084500132832 659.9203259243948 
2218.704874161995 309.2793223220617 1069.963734049713 767.4735633803862 1636.6434332528443 1057.0563870876335 1616.8759058937794 89.76405036823292 1535.3727653138612 2030.5279781167728 2686.834038914904 2557.5348452133694 402.49739040078725 515.0284610084309 655.8255640425587 664.4426886025753 1303.726572385874 1596.6128296641918 2430.5091113807957 98.28935907912387 1518.7887282736647 2109.5643218962773 1515.7016327400293 554.4063669577454 659.9203259243948 
2218.704874161995 281.40016259680533 1069.963734049713 767.4735633803862 1610.0199461047405 1057.0563870876335 1616.8759058937794 89.76405036823292 1535.3727653138612 2030.5279781167728 2686.834038914904 2557.5348452133694 402.49739040078725 515.0284610084309 655.8255640425587 664.4426886025753 1303.726572385874 1596.6128296641918 2430.5091113807957 96.79074193771316 1518.7887282736647 2109.5643218962773 1515.7016327400293 491.2437102825388 639.9590337344835 
2218.704874161995 281.40016259680533 1069.963734049713 767.4735633803862 1610.0199461047405 1057.0563870876335 1616.8759058937794 86.27210481715758 1535.3727653138612 2030.5279781167728 2686.834038914904 2261.3396299933593 396.77193608712196 515.0284610084309 655.8255640425587 664.4426886025753 1303.726572385874 1596.6128296641918 2427.74781265017 85.19876175554464 1518.7887282736647 2040.9310489671989 1515.7016327400293 491.2437102825388 639.9590337344835 
2087.4653136606216 281.40016259680533 1053.9494999533804 767.4735633803862 1610.0199461047405 1057.0563870876335 1616.8759058937794 84.26490691450772 1535.3727653138612 2030.5279781167728 2539.845213490286 2261.3396299933593 396.77193608712196 513.6616456905274 655.8255640425587 664.4426886025753 1303.726572385874 1596.6128296641918 2404.8314569699196 85.19876175554464 1518.7887282736647 1887.8717488270304 1515.7016327400293 491.2437102825388 589.5667185007371 
2087.4653136606216 281.40016259680533 1053.9494999533804 767.4735633803862 1565.5495230800652 1057.0563870876335 1616.8759058937794 84.26490691450772 1343.7132600413079 2030.5279781167728 2539.845213490286 2261.3396299933593 396.77193608712196 513.4569612287974 655.8255640425587 664.4426886025753 1303.726572385874 1596.6128296641918 2404.8314569699196 78.66816241169806 1518.7887282736647 1887.8717488270304 1515.7016327400293 491.2437102825388 589.5667185007371 
2007.5956538489636 265.5695737519907 1041.7314672434577 767.4735633803862 1530.6299930921964 1057.0563870876335 1420.4336357504717 83.71071418789256 1343.7132600413079 2030.5279781167728 2539.845213490286 2261.3396299933593 391.67916573333855 512.9376545670789 651.8581190661316 664.4426886025753 1303.726572385874 1596.6128296641918 2404.8314569699196 75.22129592424653 1518.7887282736647 1887.8717488270304 1515.7016327400293 483.5932257264151 589.5667185007371 
2007.5956538489636 254.43386697940446 1041.7314672434577 767.4735633803862 1494.968518483336 1057.0563870876335 1420.4336357504717 80.45391045410622 1343.7132600413079 2030.5279781167728 2539.845213490286 1790.2292277175775 391.67916573333855 512.5368478120181 636.623519919641 664.4426886025753 1162.2692748742338 1596.6128296641918 2404.8314569699196 65.38309463132839 1518.7887282736647 1750.885835816071 1515.7016327400293 483.5932257264151 587.4736980167645 
2007.5956538489636 254.43386697940446 1041.7314672434577 726.5067303557898 1494.968518483336 1057.0563870876335 1420.4336357504717 79.88021656363514 1343.7132600413079 2030.5279781167728 2539.845213490286 1740.4439133633778 391.67916573333855 510.77866144891595 608.3301053755808 664.4426886025753 1162.2692748742338 1596.6128296641918 2404.8314569699196 65.38309463132839 1478.0387665429644 1750.885835816071 1515.7016327400293 483.5932257264151 569.2156469475215 
1849.7133082447867 254.43386697940446 1003.8767047553501 726.5067303557898 1494.968518483336 1057.0563870876335 1420.4336357504717 76.62469346388048 1343.7132600413079 2030.5279781167728 2539.845213490286 1592.3443057255708 391.02879019737566 510.77866144891595 608.3301053755808 664.4426886025753 1162.2692748742338 1596.6128296641918 2404.8314569699196 65.38309463132839 1478.0387665429644 1750.885835816071 1515.7016327400293 435.88921608950545 569.2156469475215 
1849.7133082447867 253.1772582434694 1003.8767047553501 726.5067303557898 1494.968518483336 1057.0563870876335 1420.4336357504717 76.62469346388048 1343.7132600413079 2030.5279781167728 2539.845213490286 1468.2181969302128 344.03993888239734 510.7257704919148 599.8115725855214 664.4426886025753 1162.2692748742338 1596.6128296641918 2329.665390631882 65.38309463132839 1478.0387665429644 1750.885835816071 1515.7016327400293 435.88921608950545 569.2156469475215 
1849.7133082447867 252.7466193013397 1003.8767047553501 726.5067303557898 1494.968518483336 1057.0563870876335 1391.7784141773345 76.62469346388048 1343.7132600413079 2030.5279781167728 2539.845213490286 1468.2181969302128 344.03993888239734 510.6964686107533 565.97265308018 664.4426886025753 918.6700678582324 1596.6128296641918 2329.665390631882 65.38309463132839 1478.0387665429644 1750.885835816071 1515.7016327400293 435.88921608950545 565.7544175193507 
1849.7133082447867 252.7466193013397 1003.8767047553501 726.5067303557898 1494.968518483336 1057.0563870876335 1391.7784141773345 76.49128223688479 1343.7132600413079 2030.5279781167728 2523.7135794029305 1468.2181969302128 344.03993888239734 508.44574118021774 565.97265308018 664.4426886025753 918.6700678582324 1596.6128296641918 2329.665390631882 61.87408808121256 1478.0387665429644 1750.885835816071 1515.7016327400293 435.88921608950545 552.9543175439089 
1849.7133082447867 243.56920649492827 887.7323161505763 726.5067303557898 1494.968518483336 1057.0563870876335 1387.8271459637663 74.02239854082825 1343.7132600413079 2030.5279781167728 2523.7135794029305 1468.2181969302128 320.87330605931584 508.44565701977876 565.97265308018 664.4426886025753 918.6700678582324 1596.6128296641918 2329.665390631882 58.89490683716542 1451.8824195617863 1750.885835816071 1515.7016327400293 435.88921608950545 542.8271751638704 
1849.7133082447867 243.56920649492827 887.7323161505763 711.541156547283 1494.968518483336 1057.0563870876335 1387.8271459637663 72.5840987305412 1295.2511018395126 2030.5279781167728 2523.7135794029305 1381.409561184123 320.87330605931584 504.7191897447201 565.97265308018 640.8091356101506 918.6700678582324 1596.6128296641918 2329.665390631882 58.89490683716542 1451.8824195617863 1750.885835816071 1515.7016327400293 435.88921608950545 542.8271751638704 
1849.7133082447867 243.56920649492827 787.8788503946939 711.541156547283 1494.968518483336 1057.0563870876335 1387.8271459637663 72.5840987305412 1295.2511018395126 2030.5279781167728 2523.7135794029305 1192.2625560286342 320.87330605931584 504.7191897447201 565.97265308018 640.8091356101506 918.6700678582324 1264.216027401319 2329.665390631882 58.449695053220125 1451.8824195617863 1750.885835816071 1515.7016327400293 435.88921608950545 542.8271751638704 
1801.6456366131624 243.56920649492827 787.8788503946939 646.0405660539759 1494.968518483336 1057.0563870876335 1377.7884068634203 72.48554574272248 1295.2511018395126 2030.5279781167728 2523.7135794029305 1192.2625560286342 320.87330605931584 504.7191897447201 565.97265308018 640.8091356101506 918.6700678582324 1264.216027401319 2329.665390631882 57.57842021803879 1451.8824195617863 1750.885835816071 1515.7016327400293 435.88921608950545 523.0299849228236 
1801.6456366131624 243.56920649492827 787.8788503946939 629.0599579829739 1494.968518483336 1057.0563870876335 1377.7884068634203 72.48554574272248 1279.9291174974805 2030.5279781167728 2523.7135794029305 1007.9514509243759 320.87330605931584 485.9040056263725 565.97265308018 640.8091356101506 904.1464313725057 1264.216027401319 2312.203324328047 56.67252518529892 1451.8824195617863 1750.885835816071 1515.7016327400293 435.88921608950545 519.4191129467631 
1801.6456366131624 243.56920649492827 787.8788503946939 629.0599579829739 1478.2330808728343 1057.0563870876335 1377.7884068634203 70.93471490991715 1224.6802302913713 2030.5279781167728 2523.7135794029305 1007.9514509243759 320.87330605931584 485.9040056263725 565.97265308018 615.5600094361591 881.9981697918615 1264.216027401319 2312.203324328047 56.67252518529892 1451.8824195617863 1750.885835816071 1515.7016327400293 435.88921608950545 519.4191129467631 
1658.7939579721533 243.56920649492827 724.9667881936373 629.0599579829739 1478.2330808728343 1057.0563870876335 1377.7884068634203 70.93471490991715 1224.6802302913713 2030.5279781167728 2523.7135794029305 953.7949689535885 320.87330605931584 485.9040056263725 565.97265308018 615.5600094361591 881.9981697918615 1264.216027401319 2312.203324328047 53.72808086917621 1451.8824195617863 1750.885835816071 1515.7016327400293 435.88921608950545 518.5261462253166 
1658.7939579721533 243.56920649492827 724.9667881936373 618.475322422456 1478.2330808728343 1057.0563870876335 1377.7884068634203 69.61685094817119 1160.3964096253126 1944.1505182527935 2523.7135794029305 801.2858424898768 320.87330605931584 485.9040056263725 565.97265308018 615.5600094361591 881.9981697918615 1264.216027401319 2312.203324328047 52.60483284110353 1451.8824195617863 1750.885835816071 1515.7016327400293 435.88921608950545 518.5261462253166 
1529.5414697598362 242.29780843984622 724.9667881936373 618.475322422456 1476.1594932304638 1057.0563870876335 1377.7884068634203 69.61685094817119 1134.5488849471067 1944.1505182527935 2523.7135794029305 801.2858424898768 320.87330605931584 485.9040056263725 557.8786050088738 590.9604284956586 881.9981697918615 1264.216027401319 2312.203324328047 52.60483284110353 1451.8824195617863 1750.885835816071 1515.7016327400293 435.88921608950545 513.7567397463342 
1426.2754774205373 237.87090303495006 724.9667881936373 618.475322422456 1476.1594932304638 1057.0563870876335 1323.7395165072498 66.24505434195146 1134.5488849471067 1944.1505182527935 2523.7135794029305 801.2858424898768 320.87330605931584 485.9040056263725 557.8786050088738 590.9604284956586 881.9981697918615 1264.216027401319 2312.203324328047 50.68282074476963 1439.0330490755073 1750.885835816071 1515.7016327400293 435.88921608950545 513.7567397463342 
1426.2754774205373 236.10674755938862 724.9667881936373 618.475322422456 1475.0405429615366 1057.0563870876335 1278.6477153085016 66.24505434195146 1134.5488849471067 1944.1505182527935 2523.7135794029305 801.2858424898768 320.87330605931584 444.15732959610955 557.8786050088738 590.9604284956586 834.0752403203119 1264.216027401319 2309.5946456512074 47.4054021853259 1439.0330490755073 1750.885835816071 1515.7016327400293 435.88921608950545 501.7536446087099 
1426.2754774205373 236.10674755938862 724.9667881936373 618.475322422456 1474.5615298459343 1057.0563870876335 1278.6477153085016 65.78898668913621 1053.1579172912893 1944.1505182527935 2523.7135794029305 709.4595588955954 265.73127457337364 444.15732959610955 557.8786050088738 590.9604284956586 834.0752403203119 1264.216027401319 2309.5946456512074 47.4054021853259 1439.0330490755073 1750.885835816071 1515.7016327400293 435.88921608950545 495.6475536044577 
1426.2754774205373 236.10674755938862 724.9667881936373 618.475322422456 1469.8135688946618 1057.0563870876335 1273.8895871179393 64.09784874209106 1053.1579172912893 1941.8875307726544 2523.7135794029305 660.5655401506469 265.73127457337364 444.15732959610955 557.8786050088738 590.9604284956586 834.0752403203119 1264.216027401319 2309.5946456512074 46.44166056813174 1439.0330490755073 1750.885835816071 1402.6748782520554 435.88921608950545 493.1941953922603 
1426.2754774205373 235.65673666724933 724.9667881936373 618.475322422456 1469.8135688946618 1046.8922561268503 1273.8895871179393 64.09784874209106 1053.1579172912893 1941.3234177411487 2489.839894204243 660.5655401506469 265.73127457337364 426.8606704792935 557.8786050088738 590.9604284956586 781.329882378717 1264.216027401319 2309.5946456512074 45.59096198573275 1439.0330490755073 1750.885835816071 1402.6748782520554 410.7930742445169 483.40374510295874 
1426.2754774205373 233.70116883760784 685.0589499539451 618.475322422456 1458.3348987926915 1046.8922561268503 1222.0330363760042 64.09784874209106 1053.1579172912893 1925.315737115 2489.839894204243 600.0937002072753 265.73127457337364 426.8606704792935 557.8786050088738 590.9604284956586 781.329882378717 1264.216027401319 2309.5946456512074 45.59096198573275 1300.778090835166 1750.885835816071 1402.6748782520554 410.7930742445169 483.40374510295874 
1426.2754774205373 232.53469674002986 633.3977529270323 612.5201587018355 1231.9553271198074 1046.8922561268503 1222.0330363760042 64.09784874209106 1053.1579172912893 1925.315737115 2489.839894204243 600.0937002072753 263.94444796227117 424.17030217001457 557.8786050088738 590.9604284956586 781.329882378717 1250.40053363877 2309.5946456512074 45.59096198573275 1300.778090835166 1750.885835816071 1402.6748782520554 410.7930742445169 473.5538308409946 
1426.2754774205373 232.53469674002986 601.3746930173613 607.9288043100198 1231.9553271198074 977.6047605740507 1026.2198069082729 64.09784874209106 1053.1579172912893 1925.315737115 2489.839894204243 600.0937002072753 263.94444796227117 411.2310073984081 557.8786050088738 590.9604284956586 781.329882378717 1088.8106672804215 2309.5946456512074 45.59096198573275 1300.778090835166 1750.885835816071 1402.6748782520554 410.7930742445169 466.38001898506263 
1426.2754774205373 230.8621915735016 565.3262405166747 541.5739496818319 1184.9166667765974 977.6047605740507 1026.2198069082729 63.50196811982016 1014.2108556150633 1925.315737115 2489.839894204243 570.8095952259587 263.94444796227117 404.2612476466509 557.8786050088738 587.475425228753 748.9107980312838 1088.8106672804215 2309.5946456512074 45.14846112622615 1295.8697297974331 1750.885835816071 1402.6748782520554 368.3523826057317 466.38001898506263 
1413.839005752815 229.73899324655372 565.3262405166747 499.36835638524144 1164.4418321669868 898.667973027538 1026.2198069082729 63.50196811982016 1014.2108556150633 1925.315737115 2489.839894204243 548.2886931307094 263.94444796227117 404.2612476466509 557.8786050088738 572.658970647532 748.9107980312838 1088.8106672804215 2308.50497597018 44.28726773149526 1295.8697297974331 1750.885835816071 1402.6748782520554 349.13646932827305 466.38001898506263 
1413.839005752815 229.73899324655372 536.4573659079979 488.55163858368996 1164.4418321669868 871.887353646604 1026.2198069082729 63.50196811982016 1014.2108556150633 1925.315737115 2489.839894204243 534.6285119632275 263.94444796227117 404.2612476466509 557.8786050088738 572.658970647532 748.9107980312838 783.0932489045936 2308.50497597018 43.70292838419141 1150.8069903056016 1647.2320209485806 1402.6748782520554 316.2160917218198 466.38001898506263 
1413.839005752815 228.5437925117085 536.4573659079979 482.17136543152947 1076.2751126126655 871.887353646604 1026.2198069082729 63.50196811982016 1014.2108556150633 1925.315737115 2489.839894204243 529.1926985064297 263.94444796227117 397.00344598492484 557.8786050088738 572.658970647532 748.9107980312838 783.0932489045936 2308.50497597018 43.501689433042316 1083.3435708159539 1647.2320209485806 1402.6748782520554 285.13916610246315 464.0767155437809 
1413.839005752815 228.5437925117085 536.4573659079979 459.202730583487 1076.2751126126655 871.887353646604 1026.2198069082729 62.697065567889695 915.5136383309009 1925.315737115 2381.795724934665 510.5146201781008 263.94444796227117 397.00344598492484 544.4315636594183 559.3140667624662 697.4749804283024 783.0932489045936 2304.9074692464615 42.892227171489935 1083.3435708159539 1647.2320209485806 1402.6748782520554 285.13916610246315 464.0767155437809 
1413.839005752815 228.5437925117085 536.4573659079979 459.202730583487 1016.7303224734228 871.887353646604 1026.2198069082729 62.697065567889695 884.3193099473215 1925.315737115 2381.795724934665 510.5146201781008 263.94444796227117 394.8611963287931 544.4315636594183 559.3140667624662 633.5681633216595 641.8878871008419 2303.807340505937 42.88727576924646 1071.3569901381065 1647.2320209485806 1402.6748782520554 285.13916610246315 464.0767155437809 
1333.3314546528345 227.12515207215165 513.4440165995388 459.202730583487 973.9466126525172 871.887353646604 1026.2198069082729 61.99249714118366 884.3193099473215 1925.315737115 2381.795724934665 506.5289421442408 254.89116010818816 390.7851023019052 543.916903089158 559.3140667624662 633.5681633216595 641.8878871008419 2303.807340505937 42.576970640505806 1005.0824817656885 1647.2320209485806 1402.6748782520554 285.13916610246315 458.3736031733147 
1333.3314546528345 226.28839657176104 513.4440165995388 451.6085908217385 973.9466126525172 871.887353646604 1021.1515238105271 61.99249714118366 816.8468739112373 1925.315737115 2381.795724934665 506.5289421442408 254.89116010818816 356.9122341604009 526.0699940548061 559.3140667624662 633.5681633216595 640.5213331844375 2255.73091705558 42.288823674144055 1005.0824817656885 1634.492105851628 1402.6748782520554 285.13916610246315 458.166914970521 
1333.3314546528345 225.85055895589107 448.0439121190375 445.04084074944353 973.9466126525172 871.887353646604 1010.4450576330296 61.94766383508386 816.8468739112373 1925.315737115 2381.795724934665 489.7639032093457 254.89116010818816 356.9122341604009 514.1302966520261 559.3140667624662 616.4593860813816 630.5147751103545 2255.73091705558 42.072099492293546 849.6816389975975 1472.5373296446592 1402.6748782520554 273.1522405987055 451.96055195793906 
1333.3314546528345 225.2594182240059 448.0439121190375 445.04084074944353 973.9466126525172 871.887353646604 1010.4450576330296 61.94766383508386 816.8468739112373 1925.1868390085715 2381.795724934665 489.7639032093457 250.22852761050262 356.9122341604009 492.10134570132163 532.6346556098615 559.2333056662333 607.9443884372301 2255.73091705558 41.87779580666813 849.6816389975975 1472.5373296446592 1402.6748782520554 273.1522405987055 448.2379737764943 
1333.3314546528345 225.2594182240059 448.0439121190375 445.04084074944353 952.646222331485 871.887353646604 981.0078157485609 61.811727453525464 805.4749918040138 1917.499726797807 2237.1818465854335 482.96614926993243 250.22852761050262 356.9122341604009 473.3294415757118 532.6346556098615 543.5881921108908 580.441719313551 2255.73091705558 41.667199089513474 849.6816389975975 1472.5373296446592 1402.6748782520554 273.1522405987055 448.2379737764943 
1234.3384217815217 223.93532331100278 448.0439121190375 417.3483772549266 952.646222331485 871.887353646604 981.0078157485609 61.60237484560946 805.4749918040138 1917.499726797807 2237.1818465854335 482.96614926993243 250.22852761050262 356.9122341604009 473.3294415757118 532.6346556098615 543.5881921108908 494.80223827969803 2255.73091705558 41.563137538675164 849.6816389975975 1472.5373296446592 1402.6748782520554 248.41884012862965 448.2379737764943 
1234.3384217815217 223.93532331100278 448.0439121190375 417.3483772549266 900.7703032630964 846.2632990038676 981.0078157485609 60.829008101748855 805.4749918040138 1905.794867674168 2237.1818465854335 479.8936426767639 248.62388050757045 338.945239797838 473.3294415757118 532.6346556098615 477.17327433127366 488.755808249701 2255.73091705558 41.45159901221791 849.6816389975975 1472.5373296446592 1402.6748782520554 248.41884012862965 448.2379737764943 
1234.3384217815217 223.93532331100278 448.0439121190375 417.3483772549266 900.7703032630964 846.2632990038676 981.0078157485609 60.5236151194714 805.4749918040138 1897.1898112769968 2237.1818465854335 473.0688288824763 248.62388050757045 338.945239797838 456.27186328853713 527.4961149203386 477.17327433127366 488.755808249701 2255.73091705558 41.11958380137662 849.6816389975975 1472.5373296446592 1402.6748782520554 248.41884012862965 446.46877954858815 
1218.042344727619 223.93532331100278 448.0439121190375 416.27277801492755 900.7703032630964 836.9274956606637 922.8587387082937 60.20445245789756 805.4749918040138 1897.1898112769968 2237.1818465854335 473.0688288824763 247.55444046290745 336.02798194215484 456.27186328853713 522.6040700159137 477.17327433127366 488.755808249701 2255.73091705558 41.10485267953686 849.6816389975975 1472.5373296446592 1402.6748782520554 248.41884012862965 445.9544482386318 
1218.042344727619 223.93532331100278 448.0439121190375 405.3451186853406 900.7703032630964 814.5701544629701 899.9039349782956 60.120270883218495 805.4749918040138 1897.1898112769968 2237.1818465854335 473.0688288824763 243.6662847907155 335.25908062651297 437.69133059919136 522.6040700159137 404.3193503499997 488.755808249701 2255.73091705558 41.06728582646315 849.6816389975975 1472.5373296446592 1402.6748782520554 248.41884012862965 444.76328100703176 
1117.692865337288 223.93532331100278 448.0439121190375 405.2118108206296 900.7703032630964 814.5701544629701 879.1877857223753 59.938961297767946 805.4749918040138 1893.6904223253205 2237.1818465854335 472.47639751942324 243.6662847907155 327.20591872629234 415.27248048445495 515.8227597429943 393.3807997381907 488.755808249701 2255.73091705558 40.824980575579616 849.6816389975975 1472.5373296446592 1402.6748782520554 248.41884012862965 442.00333276920855 
1117.692865337288 223.93532331100278 448.0439121190375 402.0926100390284 900.7703032630964 814.5701544629701 879.1877857223753 59.69182238790211 760.6302092734038 1890.3125998960722 2237.1818465854335 427.10332530959977 243.6662847907155 327.20591872629234 415.27248048445495 515.8227597429943 363.49909390140965 461.06894345656815 2255.73091705558 40.61477970161218 764.8692193738293 1458.0611033526493 1402.6748782520554 248.41884012862965 441.7861138482783 
902.8995845354016 223.54226949954193 448.0439121190375 399.73334476654964 880.6621688480291 814.5701544629701 879.1877857223753 59.61402947658223 678.6377436053072 1887.4147007185056 2237.1818465854335 427.10332530959977 242.30358945496914 326.50611756400644 415.27248048445495 515.8227597429943 338.58894269748316 459.83825243303227 2255.73091705558 40.51627219575789 764.8692193738293 1458.0611033526493 1402.6748782520554 248.41884012862965 438.3739450316234 
902.8995845354016 223.54226949954193 441.7006172069084 389.24015291681485 880.6621688480291 814.5701544629701 879.1877857223753 59.38971334944881 678.6377436053072 1887.4147007185056 2232.176105276647 352.14919834568127 240.35038720714056 306.3785068322395 402.4533258113356 515.8227597429943 338.58894269748316 459.83825243303227 2255.73091705558 40.51627219575789 764.8692193738293 1263.720746802258 1402.6748782520554 242.79465430898426 437.246905604929 
902.8995845354016 223.29529501993693 441.7006172069084 389.24015291681485 880.6621688480291 814.5701544629701 876.7341150274101 59.315951865827856 651.9125482518543 1887.4147007185056 2232.176105276647 352.14919834568127 240.35038720714056 306.3785068322395 393.883296279211 515.8227597429943 338.58894269748316 409.233512061541 2255.73091705558 40.48605642248833 764.8692193738293 1263.720746802258 1402.6748782520554 238.4348099536826 437.246905604929 
894.7678628954036 223.19999783780122 440.3643806638263 389.24015291681485 880.6621688480291 778.5070618030179 874.3807570522754 59.29203144334656 611.6533445424091 1887.4147007185056 2232.176105276647 352.14919834568127 240.35038720714056 306.3785068322395 393.883296279211 515.8227597429943 338.58894269748316 387.65733577528385 2255.73091705558 40.27323169456588 763.8804188633526 1263.720746802258 1402.6748782520554 231.78433688651262 428.90410960354484 
878.6525879621322 223.1811914807996 439.9441789917487 383.473381696881 880.6621688480291 778.5070618030179 872.1305042245167 59.25016227178912 611.6533445424091 1887.4147007185056 2232.176105276647 352.14919834568127 239.56576465741568 306.3785068322395 392.01988895530167 501.96734811501074 338.58894269748316 387.65733577528385 2255.73091705558 40.22424363764139 763.8804188633526 1263.720746802258 1402.6748782520554 231.78433688651262 428.90410960354484 
786.7174276557835 223.1811914807996 428.35815652552446 376.7985406431999 880.6621688480291 778.5070618030179 855.6725526740197 59.207653374174015 611.6533445424091 1881.8973870707314 2232.176105276647 352.14919834568127 233.32790449664913 306.3785068322395 363.5094809968864 496.01050830174245 338.58894269748316 387.65733577528385 2255.73091705558 40.04747065443473 763.8804188633526 1263.720746802258 1402.6748782520554 219.6934040380197 428.90410960354484 
786.7174276557835 222.72978316184208 428.35815652552446 376.7985406431999 795.9024377016979 765.5039540538496 855.6725526740197 59.17460466936916 605.9192711171038 1881.8973870707314 2232.176105276647 352.14919834568127 233.32790449664913 306.3785068322395 363.5094809968864 496.01050830174245 338.58894269748316 387.65733577528385 2255.73091705558 40.04747065443473 763.8804188633526 1263.720746802258 1402.6748782520554 219.6934040380197 427.2905329057012 
786.7174276557835 222.5896580947542 428.35815652552446 376.7985406431999 795.9024377016979 765.5039540538496 836.7558932492366 59.16158429098823 605.9192711171038 1874.9512484090505 2232.176105276647 350.7628939736919 233.14918780281187 306.3785068322395 363.5094809968864 496.01050830174245 338.58894269748316 387.65733577528385 2255.73091705558 39.934873117304846 763.8804188633526 1263.720746802258 1402.6748782520554 219.6934040380197 425.8837713942619 
786.7174276557835 222.1769616391358 428.35815652552446 373.1946339622307 673.7947802583574 760.9684155359096 836.7558932492366 59.14740687485812 551.19246788386 1873.2483444741933 2232.176105276647 350.7628939736919 232.2165360091078 306.3785068322395 363.5094809968864 496.01050830174245 338.58894269748316 349.1634933503915 2255.73091705558 39.934873117304846 763.8804188633526 1263.720746802258 1402.6748782520554 219.6934040380197 425.8837713942619 
786.7174276557835 221.5083351231433 425.67594501845997 368.4375597429985 673.7947802583574 760.9684155359096 836.7558932492366 58.98222485324288 551.19246788386 1872.3817742578303 2232.176105276647 350.7628939736919 231.36093453631725 306.3785068322395 363.5094809968864 496.01050830174245 338.58894269748316 349.1634933503915 2255.73091705558 39.81474836246662 703.998735120435 1263.720746802258 1402.6748782520554 210.65941156585734 421.97207269659 
735.1973902253349 221.5083351231433 425.67594501845997 368.4375597429985 673.7947802583574 740.7502001744633 828.5989998502246 58.93834193533792 551.19246788386 1869.0663558818696 2232.176105276647 326.9716384958915 228.69663173818867 302.59298206631956 355.6851806235238 496.01050830174245 338.58894269748316 349.1634933503915 2255.73091705558 39.772018446371476 703.998735120435 1263.720746802258 1402.6748782520554 210.65941156585734 421.97207269659 
735.1973902253349 221.5083351231433 418.23446213193233 368.4375597429985 611.7439723150733 740.7502001744633 828.5989998502246 58.92180343019231 551.19246788386 1854.4746541835812 2232.176105276647 326.9716384958915 228.69663173818867 301.1176230301817 355.6851806235238 496.01050830174245 317.0887677226058 349.1634933503915 2255.73091705558 39.704204847438405 703.998735120435 1262.7807545975902 1395.3487743102005 197.8068151932082 421.7515810798975 
735.1973902253349 221.17179858345844 410.8166744477528 368.4375597429985 575.360730069091 728.8424516098671 805.0732847096831 58.919660479139 495.24770086504986 1854.4746541835812 2232.176105276647 326.9716384958915 228.69663173818867 300.63147405673567 355.6851806235238 496.01050830174245 317.0887677226058 349.1634933503915 2255.73091705558 39.704204847438405 697.6035298221736 1261.7655250247544 1395.3487743102005 197.8068151932082 420.8667417866818 
735.1973902253349 219.45527243566698 400.14467343712363 368.4375597429985 572.1147059931068 725.77404531152 796.9834673662722 58.86717440202426 495.24770086504986 1854.4746541835812 2232.176105276647 326.9716384958915 228.69663173818867 299.59920587894385 355.6851806235238 496.01050830174245 317.0887677226058 349.1634933503915 2255.73091705558 39.47671090273775 619.9299910156958 1261.502938345905 1395.3487743102005 195.90354371621595 416.40210659351214 
735.1973902253349 219.45527243566698 400.14467343712363 368.4375597429985 522.981483666518 722.180422562556 793.9353105259493 58.799026767414375 495.24770086504986 1854.4746541835812 2232.176105276647 326.9716384958915 226.98131456926944 299.59920587894385 343.65630820068577 496.01050830174245 317.0887677226058 349.1634933503915 2255.73091705558 39.29687186751403 619.9299910156958 1259.3454440837 1395.3487743102005 195.90354371621595 415.7795480894258 
723.6361367121358 217.76721428186738 396.5041598707103 368.4375597429985 495.7097751027277 722.180422562556 793.9353105259493 58.799026767414375 495.24770086504986 1850.402719342691 2232.176105276647 325.81869155144386 225.64299155058552 297.8857775769636 343.65630820068577 477.96214266413153 317.0887677226058 349.1634933503915 2223.602804812647 39.29687186751403 600.2148881528542 1259.3454440837 1395.3487743102005 193.92490543777444 415.7795480894258 
723.6361367121358 217.76721428186738 396.5041598707103 368.4375597429985 494.6406246401316 697.7816574002443 786.7426208797192 58.794137937543496 495.24770086504986 1850.402719342691 2232.176105276647 314.5631696052951 222.68747296627726 292.91072770822984 343.65630820068577 477.96214266413153 278.2435217406287 349.1634933503915 2223.602804812647 39.282199894653104 502.21137865531114 1257.9014137135364 1395.3487743102005 186.82823377793977 415.7795480894258 
723.6361367121358 217.76721428186738 396.5041598707103 363.32694708819804 404.1455874186654 691.5506091514003 785.2146621011043 58.73104804698846 485.545292428048 1850.084479020341 2232.176105276647 302.0622848472874 222.68747296627726 292.6181680232089 343.65630820068577 477.96214266413153 278.2435217406287 349.1634933503915 2223.602804812647 39.19010358687342 464.0506776407392 1257.3930180783145 1395.3487743102005 186.82823377793977 415.7795480894258 
723.6361367121358 216.9471810517549 396.5041598707103 363.32694708819804 349.71074908282117 639.1606183786066 773.2571792623185 58.72977135014662 485.545292428048 1850.0496271573802 2232.176105276647 254.19428624033162 222.68747296627726 291.0458375245546 343.65630820068577 477.96214266413153 278.2435217406287 349.1634933503915 2223.602804812647 39.19010358687342 464.0506776407392 1257.0014208146977 1395.3487743102005 185.9824678743705 414.6647610456648 
723.6361367121358 216.54945163039258 359.32240013314913 363.32694708819804 349.71074908282117 639.1606183786066 773.2571792623185 58.7167232899252 485.545292428048 1846.7579971223777 2165.201643918811 254.19428624033162 220.1324071927819 291.0458375245546 343.65630820068577 477.96214266413153 240.59958656722984 349.1634933503915 2129.063781178956 38.78149325177003 464.0506776407392 1257.0014208146977 1395.3487743102005 174.16379980432487 414.6647610456648 
723.6361367121358 216.54945163039258 359.32240013314913 363.32694708819804 319.27390652510303 639.1606183786066 773.2571792623185 58.70631617575896 485.545292428048 1846.7579971223777 2165.201643918811 239.2194366671888 220.1324071927819 288.9100330711981 343.65630820068577 473.82255582967787 240.59958656722984 349.1634933503915 2129.063781178956 38.757557558477856 429.41182165540135 1254.5741333101314 1395.3487743102005 174.16379980432487 406.23795379742273 
723.6361367121358 216.54945163039258 359.32240013314913 363.32694708819804 319.27390652510303 639.1606183786066 773.2571792623185 58.69611209467291 483.8055085373651 1840.431257755341 1988.4879688759538 203.63468582553082 220.1324071927819 288.89166140193197 343.65630820068577 473.82255582967787 239.2282872205103 349.1634933503915 2129.063781178956 38.410623332739306 371.2286250659133 1249.7735638137292 1395.3487743102005 174.16379980432487 406.23795379742273 
723.6361367121358 215.10879260375134 359.32240013314913 363.32694708819804 304.74132629991277 639.1606183786066 764.1617295949745 58.690655841439025 483.8055085373651 1840.431257755341 1988.4879688759538 180.0879561148131 220.1324071927819 285.18782030323814 343.65630820068577 471.45375388118737 239.2282872205103 349.1634933503915 2129.063781178956 38.410623332739306 324.85860144709 1249.7735638137292 1395.3487743102005 174.16379980432487 405.42375054684817 
701.2780648309872 214.93436848576494 346.6118165845371 363.32694708819804 304.74132629991277 639.1606183786066 764.1617295949745 58.685989090254225 483.8055085373651 1830.4768356248646 1988.4879688759538 177.936166869766 220.1324071927819 283.44233908658816 343.65630820068577 471.45375388118737 239.2282872205103 349.1634933503915 2129.063781178956 38.25175132682284 324.85860144709 1245.3736126187705 1395.3487743102005 174.16379980432487 403.10761741514966 
701.2780648309872 214.4720809954282 346.6118165845371 363.32694708819804 303.03916285214405 639.1606183786066 759.2838197319711 58.6608173213574 483.8055085373651 1828.4153069728964 1988.4879688759538 177.936166869766 220.1324071927819 283.44233908658816 343.09114896685196 469.66584621266475 239.2282872205103 349.1634933503915 2129.063781178956 38.25175132682284 324.85860144709 1242.0765178902955 1395.3487743102005 174.16379980432487 403.10761741514966 
701.2780648309872 213.9197216798218 346.6118165845371 359.6757521971631 303.03916285214405 639.1606183786066 753.1945219317026 58.654885813868646 483.8055085373651 1826.3946782641278 1988.4879688759538 171.46403209304913 220.1324071927819 283.44233908658816 343.09114896685196 466.1516696797678 239.2282872205103 349.1634933503915 2129.063781178956 38.20636437696783 324.85860144709 1235.997174153701 1395.3487743102005 174.16379980432487 402.9119556444293 
701.2780648309872 211.29126241160998 346.6118165845371 358.5229262929058 303.03916285214405 639.1606183786066 753.1945219317026 58.650428464166794 483.8055085373651 1826.3946782641278 1988.4879688759538 169.22362810879645 220.1324071927819 281.99583586066296 343.09114896685196 466.1516696797678 239.2282872205103 349.1634933503915 2129.063781178956 38.14788340673954 324.03779417060605 1233.4872230115911 1364.4365791480686 174.16379980432487 402.4057947452518 
701.2780648309872 211.29126241160998 346.6118165845371 358.5229262929058 303.03916285214405 639.1606183786066 753.1945219317026 58.6386559235699 483.8055085373651 1826.3946782641278 1988.4879688759538 166.04716466441414 220.1324071927819 281.99583586066296 342.6125373426414 466.1516696797678 217.75758441870357 315.4801976973745 2129.063781178956 38.10161946570656 311.7992892158336 1222.4271928242867 1364.4365791480686 174.16379980432487 402.4057947452518 
614.6473972570489 211.29126241160998 346.6118165845371 355.95580772413496 303.03916285214405 639.1606183786066 753.1945219317026 58.61712410413736 483.8055085373651 1825.0674545794827 1988.4879688759538 165.8929355335722 219.48718361359442 281.444646575844 342.6125373426414 466.1516696797678 217.75758441870357 315.4801976973745 2129.063781178956 38.02643522203982 309.6938896335366 1222.4271928242867 1297.042621519593 174.16379980432487 402.03483325608727 
614.6473972570489 211.29126241160998 346.6118165845371 354.31772049966503 303.03916285214405 639.1606183786066 753.1945219317026 58.59932827527632 483.720703880633 1814.8627136732593 1988.4879688759538 165.8929355335722 219.48718361359442 280.8813085677066 342.3027529231076 466.032453404571 217.75758441870357 315.4801976973745 2129.063781178956 37.95645098879186 307.1424998025477 1215.87147076658 1297.042621519593 168.81019582890963 401.5087722200567 
614.6473972570489 211.29126241160998 346.6118165845371 354.31772049966503 303.03916285214405 628.366545904091 753.1945219317026 58.59685151326414 483.0464757263767 1814.8627136732593 1988.4879688759538 154.05138705849834 218.49542107803427 278.48857687558757 340.5446383350886 465.9727958990186 214.2294711327587 315.4801976973745 2129.063781178956 37.944407721871244 297.84633351648677 1162.7384208964834 1130.4006240377944 168.81019582890963 401.5087722200567 
614.6473972570489 211.29126241160998 346.6118165845371 353.25916766188493 285.95881684517803 628.366545904091 753.1945219317026 58.43396307823082 482.7779711271269 1811.650071575762 1988.4879688759538 154.05138705849834 218.0575593984438 275.1236652244843 340.5446383350886 460.0545057825243 214.2294711327587 314.48653743066325 2129.063781178956 37.68228423997857 293.1146816497526 1162.7384208964834 1130.4006240377944 168.81019582890963 400.628852675977 
614.6473972570489 211.29126241160998 346.6118165845371 351.11103216138963 263.7380781819843 628.366545904091 753.1945219317026 58.33008183600646 482.55198151748937 1800.98642562257 1988.4879688759538 154.05138705849834 217.3044183352937 274.35335205699585 340.5446383350886 459.2341512594053 214.2294711327587 308.7652399470139 2129.063781178956 37.663936697828035 288.2704330667989 1162.7384208964834 966.8568625698299 168.81019582890963 400.628852675977 
614.6473972570489 211.29126241160998 346.6118165845371 351.11103216138963 263.7380781819843 628.366545904091 753.1945219317026 58.28024280806335 480.9997383681166 1800.98642562257 1988.4879688759538 149.34693217539666 217.3044183352937 274.35335205699585 340.5446383350886 457.8474114937669 213.2897670914656 305.26707343095313 2129.063781178956 37.627760347364415 288.2704330667989 1162.7384208964834 966.8568625698299 168.81019582890963 400.628852675977 
614.6473972570489 211.29126241160998 346.6118165845371 351.11103216138963 249.38413417530523 628.366545904091 732.5600358883894 58.16975000715172 480.9997383681166 1800.98642562257 1988.4879688759538 148.60628637729292 215.7516658098068 272.7927829185628 340.5446383350886 454.1941980830604 213.2897670914656 305.26707343095313 2129.063781178956 37.49589778565962 287.9283797721896 1162.7384208964834 906.0379569173033 168.81019582890963 400.628852675977 
614.6473972570489 211.29126241160998 323.58632878237245 350.5184079537871 249.38413417530523 628.366545904091 732.5600358883894 58.076349575598556 478.0660426241525 1796.2826467750629 1988.4879688759538 148.60628637729292 215.7516658098068 270.8865669569234 340.5446383350886 454.1941980830604 211.20801991668134 305.26707343095313 2129.063781178956 37.49589778565962 269.73732085020197 1162.7384208964834 906.0379569173033 168.38681264105753 397.7617810400616 
582.4238833229992 211.29126241160998 317.49211272108005 350.5184079537871 245.6095335203131 594.3810064391355 732.5600358883894 57.92713710902683 477.64250572048786 1796.2826467750629 1988.4879688759538 143.5535027856199 212.3083203376351 270.5276343500061 340.5446383350886 451.0182982385634 211.20801991668134 294.60970710194306 2129.063781178956 37.49589778565962 260.2506914424066 1162.7384208964834 906.0379569173033 166.99857810311028 397.7617810400616 
582.4238833229992 211.29126241160998 317.49211272108005 350.25779056750525 239.73863863443376 563.3996893083781 732.5600358883894 57.857384506229096 465.4936842396278 1794.474354024529 1988.4879688759538 143.5535027856199 212.3083203376351 270.5276343500061 340.5446383350886 451.0182982385634 198.95959619784958 294.60970710194306 2129.063781178956 37.45411039896919 260.2506914424066 1162.7384208964834 896.4303874376124 166.72547323263439 397.7617810400616 
582.4238833229992 211.29126241160998 317.49211272108005 349.72701519616385 223.91849247154096 563.3996893083781 725.3567689124807 57.637144115355795 454.3284937221101 1794.2307303901484 1947.5447332872754 139.50728013299477 210.67576997175104 270.5276343500061 340.5446383350886 451.0182982385634 193.7154878821308 294.60970710194306 2129.063781178956 37.42399854667201 260.2506914424066 1162.7384208964834 767.7592793727154 164.5196619202594 395.3931676784623 
582.4238833229992 211.29126241160998 315.0559048412779 349.7194072584532 223.91849247154096 555.8929600485089 724.3953746359139 57.08615393949242 454.3284937221101 1791.0514392667828 1947.5447332872754 138.8250985812913 205.84522074879737 270.06285082339855 340.5446383350886 451.0182982385634 191.0092716488491 293.25874977754665 2129.063781178956 37.405452327215585 260.2506914424066 1162.7384208964834 767.7592793727154 164.5196619202594 395.3931676784623 
564.9315385956261 211.29126241160998 315.0559048412779 349.6287862526174 223.91849247154096 555.8929600485089 718.974087813287 56.91105361016059 448.20287913083916 1791.0514392667828 1947.5447332872754 122.3811037646035 205.84522074879737 270.06285082339855 340.5446383350886 451.0182982385634 191.0092716488491 265.26896002260537 2129.063781178956 37.36590392581411 260.2506914424066 1162.7384208964834 767.7592793727154 164.5196619202594 395.3931676784623 
564.9315385956261 210.6579566388832 315.0559048412779 349.6287862526174 221.51392840658843 507.3045131283036 717.1058639662238 56.862772484572815 438.4703785035506 1791.0514392667828 1947.5447332872754 122.3811037646035 205.84522074879737 269.22692877045256 340.5446383350886 451.0182982385634 191.0092716488491 265.26896002260537 2129.063781178956 37.35604067825625 244.94627863165033 1162.7384208964834 767.7592793727154 164.5196619202594 395.3931676784623 
554.6335431731791 210.6579566388832 313.0115379538106 349.32452400332454 204.36027240737508 507.3045131283036 715.0122777668048 56.64312043957966 438.4703785035506 1787.1806614299567 1947.5447332872754 120.22576061094549 205.84522074879737 269.22692877045256 340.5446383350886 451.0182982385634 191.0092716488491 265.26896002260537 2129.063781178956 37.33063187947448 244.94627863165033 1162.7384208964834 767.7592793727154 164.5196619202594 395.3931676784623 
471.6652606061766 210.6579566388832 305.7491727962563 349.32452400332454 185.84395665914758 507.3045131283036 715.0122777668048 56.61047802278733 438.4703785035506 1786.3163015991558 1947.5447332872754 117.90382906108209 205.61696285734683 268.7576728004583 340.5446383350886 449.87545937904497 191.0092716488491 265.26896002260537 2129.063781178956 37.324457362171415 235.63093741946955 1162.7384208964834 767.7592793727154 163.88378359438786 395.2230084631906 
471.6652606061766 210.6579566388832 305.7491727962563 349.32452400332454 185.84395665914758 507.3045131283036 708.1285402491094 56.478825450866 438.4703785035506 1784.4214423939388 1947.5447332872754 114.57110334617778 204.98857755551126 268.5109064314008 337.3327925409819 449.69544368911284 190.1525076965636 265.26896002260537 2129.063781178956 37.22762534882713 235.63093741946955 1162.7384208964834 767.7592793727154 163.68922007711672 395.06447072714786 
471.6652606061766 210.6579566388832 305.7491727962563 348.04063396466813 185.84395665914758 507.3045131283036 702.4679425463355 56.233811007160625 438.4703785035506 1783.784066731661 1947.5447332872754 113.29842277599823 203.93050453647902 268.2457113611308 337.3327925409819 447.95886751424723 162.79521833830484 263.38422104694155 2129.063781178956 37.20056345682667 235.63093741946955 1162.7384208964834 767.7592793727154 163.68922007711672 394.18496684705883 
471.6652606061766 210.465816908929 305.7491727962563 348.04063396466813 185.11992990532372 507.3045131283036 702.4679425463355 56.039155803199264 438.4703785035506 1781.907379978291 1947.5447332872754 113.29842277599823 203.93050453647902 265.6981447742255 337.3327925409819 447.95886751424723 162.79521833830484 255.35365737583197 2067.369080213551 37.154493818944275 235.63093741946955 1162.7384208964834 767.7592793727154 159.92280575197435 394.155815019343 
471.6652606061766 210.465816908929 305.7491727962563 348.04063396466813 181.17785924024543 507.3045131283036 702.4679425463355 55.95505957148737 438.4703785035506 1778.8117698035567 1947.5447332872754 112.00118364050343 203.75970351272974 264.4562881716088 337.3327925409819 447.95886751424723 159.14532511780067 255.35365737583197 2067.369080213551 37.14651626361592 235.63093741946955 1162.7384208964834 767.7592793727154 159.92280575197435 389.3099247924763 
471.6652606061766 210.465816908929 305.7491727962563 348.04063396466813 165.88869415910904 507.3045131283036 694.7817379846438 55.91317968984674 438.4703785035506 1778.8117698035567 1947.5447332872754 111.06350682841844 203.75970351272974 264.4562881716088 330.1555920176984 447.95886751424723 151.98566297956518 255.35365737583197 2067.369080213551 37.05927435362344 235.63093741946955 1162.7384208964834 767.7592793727154 159.5001053733415 389.3099247924763 
471.6652606061766 210.465816908929 303.1173949024121 348.04063396466813 148.6593709483435 507.3045131283036 694.7817379846438 55.79278899801159 438.042247478734 1778.8117698035567 1851.0193371468858 107.70251961922236 203.4462036658008 264.4562881716088 330.1555920176984 447.7150049330685 151.98566297956518 255.35365737583197 1924.643446527124 37.02826815268406 234.60200587894906 1162.7384208964834 767.7592793727154 158.51925810869636 389.3099247924763 
471.6652606061766 210.465816908929 301.6789379747149 347.6008448162588 148.6593709483435 507.3045131283036 694.7817379846438 55.67770529431641 432.6256428392587 1776.738545639243 1851.0193371468858 105.56793944646347 203.4462036658008 263.72365185281024 330.1555920176984 446.6581849160809 149.37594900308034 255.35365737583197 1924.643446527124 37.02826815268406 234.60200587894906 1162.7384208964834 767.7592793727154 158.51925810869636 389.3099247924763 
471.6652606061766 209.81541704918016 301.6789379747149 346.68638146287117 148.6593709483435 507.3045131283036 694.7817379846438 55.66477291425599 432.6256428392587 1776.738545639243 1851.0193371468858 105.56793944646347 198.08832245401436 262.2375723470732 330.1555920176984 443.678108906998 144.55661962795398 255.1302193634724 1924.643446527124 36.953834171041194 231.24466702091604 1162.7384208964834 767.7592793727154 155.19337290850365 388.30968355731716 
471.6652606061766 209.81541704918016 301.6789379747149 346.68638146287117 148.6593709483435 507.3045131283036 694.7817379846438 55.597448264091895 418.40470638055604 1774.613818734082 1851.0193371468858 105.56793944646347 198.08832245401436 262.2375723470732 330.1555920176984 439.34334302788534 143.5142400690703 246.9166559438122 1924.643446527124 36.953834171041194 217.65384551707837 1162.7384208964834 767.7592793727154 155.19337290850365 388.30968355731716 
471.6652606061766 209.81541704918016 301.6789379747149 345.97994904622306 148.6593709483435 439.08181835987716 694.7817379846438 55.563735562207626 417.9721690748138 1774.613818734082 1851.0193371468858 98.57132167404723 198.08832245401436 261.58546167242594 330.1555920176984 439.34334302788534 143.5142400690703 246.9166559438122 1924.643446527124 36.953388824594526 217.65384551707837 1162.7384208964834 767.7592793727154 153.55081255218943 387.55953056473027 
442.711202981166 209.81541704918016 301.6789379747149 345.97994904622306 148.6593709483435 439.08181835987716 691.4514763364125 55.47257087924697 417.9721690748138 1770.8748287331746 1851.0193371468858 98.57132167404723 198.08832245401436 261.58546167242594 330.1555920176984 437.9784287101322 129.30616172177338 242.90642386728155 1924.643446527124 36.94988428777356 214.0565200560617 1162.7384208964834 767.7592793727154 150.3082818074447 387.55953056473027 
425.77612712556834 209.81541704918016 301.6789379747149 345.97994904622306 140.66901946065525 439.08181835987716 691.4514763364125 55.465808836582596 417.9721690748138 1770.8748287331746 1851.0193371468858 98.57132167404723 195.02172603544477 260.5789429795709 330.1555920176984 436.9766020713769 129.30616172177338 242.90642386728155 1924.643446527124 36.92879258729374 214.0565200560617 1162.7384208964834 760.5509719968863 150.3082818074447 373.58956504328444 
425.77612712556834 209.81541704918016 301.42283130436863 345.38551299137634 137.93731458261448 439.08181835987716 689.9656172532918 55.445803271378395 417.9721690748138 1770.3946833543746 1851.0193371468858 98.57132167404723 195.02172603544477 260.5789429795709 325.25769899274496 436.6460905111476 129.30616172177338 233.4931727736846 1924.643446527124 36.89536055698045 212.3130545363606 1162.7384208964834 760.5509719968863 150.3082818074447 352.72909935827624 
411.0790967475207 209.81541704918016 301.42283130436863 345.27508641002896 137.93731458261448 439.08181835987716 689.9656172532918 55.417793239588946 394.13285341340406 1769.944751029434 1851.0193371468858 98.57132167404723 195.02172603544477 260.317453659223 325.25769899274496 435.822076209246 122.76791730233072 229.6535462453635 1924.643446527124 36.88619481715625 211.63108728029033 1162.7384208964834 730.6644508340519 150.3082818074447 351.1942398424362 
411.0790967475207 209.81541704918016 301.42283130436863 344.62456926775553 137.93731458261448 415.7292679705122 689.0825981314306 55.396852833798675 394.13285341340406 1769.4548802417075 1851.0193371468858 95.61421676046916 195.02172603544477 259.77602824687733 320.9988918670865 435.5059816570415 119.27050808180786 229.6535462453635 1924.643446527124 36.870134531538156 206.9389587026634 1162.7384208964834 704.5154428445271 150.26406406955903 350.6011670656435 
411.0790967475207 207.39119343749508 301.1906178938443 343.7160909381937 137.09082237954397 415.7292679705122 678.3639459031529 55.396852833798675 394.13285341340406 1769.054339128089 1851.0193371468858 95.61421676046916 195.02172603544477 259.76899129240064 320.9988918670865 434.0621126322076 111.08450957144123 224.6917039669329 1924.643446527124 36.846964828800196 205.2176657229121 1162.7384208964834 704.5154428445271 147.1645782674824 350.1969221818963 
411.0790967475207 207.39119343749508 301.1906178938443 343.7045823350427 135.06181710463363 415.7292679705122 678.3639459031529 55.36639677289202 394.13285341340406 1768.6892828502696 1851.0193371468858 94.79635725512026 195.02172603544477 259.76899129240064 320.9988918670865 434.0621126322076 111.08450957144123 224.6917039669329 1924.643446527124 36.837920281960464 205.2176657229121 1162.7384208964834 661.7879574851884 140.75081648384366 348.52622933128623 
404.823164693983 207.39119343749508 299.3129932805814 343.6495102180254 135.06181710463363 415.7292679705122 678.3639459031529 55.31284657046103 389.3931746780397 1761.7006787726941 1851.0193371468858 92.13455500892371 195.02172603544477 258.37231022571723 314.64982734593764 429.99202487522643 111.08450957144123 224.6917039669329 1924.643446527124 36.81949972100688 203.82675706340865 1162.7384208964834 661.7879574851884 139.582021796782 348.52622933128623 
373.4849693901251 197.4772381797285 299.3129932805814 343.332305326629 135.06181710463363 408.70064433666835 678.3639459031529 55.2920072245488 387.28225116765407 1761.7006787726941 1851.0193371468858 87.00080752745112 194.26268074121026 257.8748248923541 314.64982734593764 429.99202487522643 111.08450957144123 224.6917039669329 1924.643446527124 36.80777453474764 200.93789890815356 1162.7384208964834 661.7879574851884 139.12281692443275 347.8138041789143 
373.4849693901251 197.4772381797285 299.3129932805814 343.332305326629 135.06181710463363 406.842257739411 678.3639459031529 55.28907025477565 387.28225116765407 1761.7006787726941 1851.0193371468858 82.9081778151359 194.26268074121026 255.55783686194536 314.64982734593764 429.99202487522643 108.27573867033868 216.62425489328075 1924.643446527124 36.79796175618401 200.93789890815356 1162.7384208964834 661.7879574851884 134.8196846342447 347.29233730275837 
373.4849693901251 190.64458879403628 294.2388768263654 343.332305326629 135.06181710463363 398.94748981067505 678.3639459031529 55.25900238177371 385.45478329714706 1761.7006787726941 1851.0193371468858 82.9081778151359 194.0801372843623 253.58667796533928 312.3606077368395 429.99202487522643 107.53331023153316 216.44323974989766 1924.643446527124 36.78352236802846 198.0306642382377 1162.7384208964834 661.7879574851884 101.99440828629633 347.12737690593985 
331.0422623525012 190.64458879403628 294.2388768263654 343.03984334085226 135.04517622752246 392.80375830079356 678.3639459031529 55.25548546445293 375.6505553042116 1760.9512544802596 1806.0589617563078 79.4778804523429 194.0801372843623 253.58667796533928 311.99397359182694 429.99202487522643 107.53331023153316 216.44323974989766 1924.643446527124 36.78256582719814 198.0306642382377 1162.7384208964834 589.3920303085415 101.99440828629633 346.73751710031456 
331.0422623525012 190.64458879403628 294.2388768263654 343.03984334085226 128.493015812536 392.80375830079356 678.3639459031529 55.248010749110335 367.65146219444296 1760.9512544802596 1711.2755135016796 78.23042258332282 194.0801372843623 253.58667796533928 311.99397359182694 429.0133459531703 105.58640654613203 216.44323974989766 1924.643446527124 36.778219294838664 194.88225617850264 1162.7384208964834 571.5757077547014 101.99440828629633 346.73751710031456 
331.0422623525012 190.01399974256765 294.2388768263654 343.03984334085226 125.67729660852967 385.9049846769731 678.3639459031529 55.233276181836914 367.65146219444296 1760.9512544802596 1711.2755135016796 77.02462407111909 194.0801372843623 253.58667796533928 310.6363844796656 428.4465818650624 105.58640654613203 215.98395350151202 1924.643446527124 36.77244794054366 194.5033919386991 1162.7384208964834 571.5757077547014 101.99440828629633 345.84184371834635 
312.82059748817755 187.41133977575885 294.2388768263654 343.03984334085226 125.67729660852967 385.9049846769731 677.868311233346 55.18543088261174 367.65146219444296 1760.9512544802596 1678.6745965357431 76.37437343006741 194.0801372843623 253.56261172641575 310.6363844796656 428.4166694628325 105.28785276102667 215.98395350151202 1842.9150521903512 36.75639604780224 192.1091672166449 1162.7384208964834 542.2907659619857 101.99440828629633 345.84184371834635 
312.82059748817755 187.25197853812347 294.2388768263654 342.9403956675626 125.67729660852967 385.9049846769731 677.7490058756894 55.13691745837855 367.65146219444296 1760.4785710343954 1599.2552628874091 74.65273737452299 192.64892692133913 253.1900252703365 310.2788233885717 419.73245641761764 104.85730904365221 215.98395350151202 1842.9150521903512 36.75180541560803 188.18694972372555 1162.7384208964834 542.2907659619857 101.99440828629633 345.71059609159533 
312.82059748817755 187.25197853812347 290.53854843059435 342.8691627573646 125.67729660852967 385.9049846769731 677.3318541499282 55.124095937550464 364.7121309822926 1760.312842400021 1580.1129698800346 73.52668875937093 192.64892692133913 252.95924375156005 306.28132898543345 419.73245641761764 102.41010782844728 215.98395350151202 1842.9150521903512 36.74945383958743 186.63580078704126 1162.7384208964834 486.027899141013 101.99440828629633 344.99644244957517 
312.82059748817755 182.61204592814784 290.53854843059435 342.8584992222809 124.94569143224453 385.9049846769731 665.7049594375735 55.11607808766507 364.7121309822926 1760.312842400021 1560.9682860553849 73.52668875937093 192.64892692133913 252.81349417275578 303.33518008364945 419.73245641761764 98.42274982199513 215.39534723961037 1842.9150521903512 36.74408107669285 184.03012201457977 1162.7384208964834 486.027899141013 101.99440828629633 344.99644244957517 
268.4842143770941 182.61204592814784 290.53854843059435 342.7755233667965 124.69090908956787 385.9049846769731 665.7049594375735 55.103467254066345 363.6255715251177 1760.0240048903988 1544.684889734057 72.91749544794345 190.80967581444838 252.66726655969933 303.33518008364945 419.73245641761764 98.42274982199513 215.39534723961037 1790.8642848501518 36.7423455428692 183.91596001190032 1162.7384208964834 486.027899141013 98.67527180694367 344.7852512301956 
268.4842143770941 182.61204592814784 283.2170207177951 342.63722464147236 124.69090908956787 385.9049846769731 645.3652086779725 55.0995632434483 357.1839354575334 1754.0078880478177 1544.684889734057 72.91749544794345 190.80967581444838 251.8223712880556 299.3042166544906 419.73245641761764 98.42274982199513 214.82861765352823 1790.8642848501518 36.740415096536594 183.684676234736 1162.7384208964834 457.3663246769929 98.49829488350747 344.3248764512416 
268.4842143770941 178.3628950753258 277.61468122854944 342.63722464147236 124.69090908956787 385.9049846769731 645.3652086779725 55.0828637821096 357.1839354575334 1754.0078880478177 1497.4559442328518 72.91749544794345 184.34495452011413 251.8223712880556 299.3042166544906 419.73245641761764 98.42274982199513 214.82861765352823 1790.8642848501518 36.73512482217427 177.86767760835914 1162.7384208964834 457.3663246769929 97.95520202441867 344.3248764512416 
260.6960530023848 178.3628950753258 277.61468122854944 342.63722464147236 122.78841707185006 381.4101507090795 619.990911081682 55.06958886317943 357.1839354575334 1754.0078880478177 1481.7893283800145 72.13367926209423 184.34495452011413 251.26336307694828 298.3369517824308 419.73245641761764 98.42274982199513 213.78029583544287 1727.8197945335523 36.73273487009078 177.86767760835914 1162.7384208964834 457.3663246769929 95.920790273036 343.9902566617957 
260.6960530023848 172.6763931028695 277.61468122854944 342.63722464147236 120.12082014976227 381.4101507090795 619.990911081682 55.04097829498983 357.1839354575334 1754.0078880478177 1458.8273373676166 69.3607751660179 178.43735035305667 251.09125901027937 297.0721808517951 419.73245641761764 98.42274982199513 213.78029583544287 1727.8197945335523 36.73060356259248 177.2571982594144 1162.7384208964834 457.3663246769929 87.42918629708083 343.6462592914761 
223.3768611909344 172.6763931028695 277.61468122854944 342.5686340368254 120.12082014976227 381.4101507090795 590.5967425690119 55.04018750555758 357.1839354575334 1754.0078880478177 1458.8273373676166 69.25379620705371 178.43735035305667 250.85671294285066 297.0721808517951 419.73245641761764 93.58260266896787 213.78029583544287 1727.8197945335523 36.726455058630336 177.2571982594144 1162.7384208964834 457.3663246769929 87.42918629708083 343.6462592914761 
223.3768611909344 172.6763931028695 277.61468122854944 342.5385718935356 120.12082014976227 381.4101507090795 590.5967425690119 55.01743057204817 356.6977855278351 1753.173384274598 1445.1368662741515 68.6874500956053 177.1769158232529 250.5880812423577 297.0721808517951 386.35720868855606 93.58260266896787 213.78029583544287 1725.1022446932534 36.72423029286688 175.82433295526653 1162.7384208964834 457.3663246769929 87.42918629708083 343.5034173928582 
223.3768611909344 172.6763931028695 277.61468122854944 342.4638432000629 120.12082014976227 357.29686957601143 590.5967425690119 55.014486725482016 355.5874372332298 1753.173384274598 1409.2713259248512 68.25183297317903 176.37711962687433 249.74963846736523 297.0721808517951 386.35720868855606 93.58260266896787 213.78029583544287 1723.460320257368 36.72249460172213 175.82433295526653 1162.7384208964834 457.3663246769929 84.99746187031155 343.48703897216546 
195.4125851513927 172.6763931028695 277.61468122854944 342.4222813570593 120.12082014976227 357.29686957601143 590.5967425690119 55.013497648604925 355.5874372332298 1746.1121814282633 1409.2713259248512 65.92460730611413 175.890803295375 249.73906956903193 286.39358776492077 386.35720868855606 92.24480406559849 213.78029583544287 1723.460320257368 36.7192372226516 175.39891596569908 1102.7498217698815 441.30737776997967 84.99746187031155 343.42334775754875 
195.4125851513927 172.6763931028695 277.61468122854944 342.38734559153045 120.12082014976227 357.29686957601143 590.5967425690119 55.00550074666637 355.5874372332298 1746.1121814282633 1388.6587809870898 64.33771612010446 175.36958769644616 248.70757706237623 286.39358776492077 386.35720868855606 90.95570990157705 212.75639892783136 1719.745546640051 36.71786061539433 175.39891596569908 1102.7498217698815 441.30737776997967 84.99746187031155 343.3614686247938 
195.4125851513927 172.6763931028695 275.5245323710112 342.3473817329293 119.95999984374896 357.29686957601143 590.5967425690119 55.00203336911727 355.56734311248965 1743.287252943991 1370.6496723082037 63.909977245995606 173.64665252257805 248.59792906794155 285.03272014572804 386.35720868855606 89.27170345914612 212.75639892783136 1719.745546640051 36.71616766857073 175.20394639579968 1102.7498217698815 441.30737776997967 84.35697764982115 343.28606893999427 
195.4125851513927 171.7961642022767 275.5245323710112 342.3367391792906 119.95999984374896 357.29686957601143 590.5967425690119 54.9873377104733 352.80685602948597 1743.287252943991 1370.6496723082037 63.909977245995606 171.23899853263276 248.0382413842906 284.265643790372 386.35720868855606 89.27170345914612 212.75639892783136 1713.992364270544 36.71616766857073 174.05162909404635 1102.7498217698815 400.68159896591214 84.35697764982115 343.1613430181419 
195.4125851513927 170.05256305517355 275.5245323710112 342.2860398855071 119.95999984374896 346.5414316047313 590.5967425690119 54.9839874506788 351.98592333852184 1743.287252943991 1337.74874976704 63.909977245995606 169.3715388156445 247.72442494845018 282.8758055658566 370.35867527446726 89.27170345914612 212.29644445328347 1711.8628410964884 36.71583843015526 174.05162909404635 1102.7498217698815 400.68159896591214 83.10650995789138 343.0702694567067 
193.1438535100217 167.16130391952083 275.5245323710112 342.2646397433018 118.98255724149897 346.5414316047313 590.5967425690119 54.98218824081687 351.07342915964364 1743.287252943991 1337.74874976704 63.73427792295047 169.3715388156445 246.7574443751614 281.7078988270234 370.35867527446726 89.27170345914612 212.29644445328347 1711.8628410964884 36.71569330633338 174.05162909404635 994.8731379970318 400.68159896591214 83.10650995789138 343.0702694567067 
193.1438535100217 167.16130391952083 274.8044888839172 342.20792840957665 116.09055286736475 345.1064328318821 590.5967425690119 54.97242264453132 351.0672672731555 1743.287252943991 1277.1098964427397 62.83923606156475 169.3715388156445 246.5816341047721 281.7078988270234 364.89466197575484 89.27170345914612 210.8756320300538 1711.8628410964884 36.714554848189096 173.96711906293353 994.8731379970318 283.40722019993814 82.21456677355286 342.96710765991065 
193.1438535100217 164.7013315825119 274.8044888839172 342.14457982297836 116.09055286736475 345.1064328318821 590.5967425690119 54.96920663198978 351.0672672731555 1743.287252943991 1277.1098964427397 62.6290509935485 169.08089638391084 246.5816341047721 281.33277263867785 364.89466197575484 88.40925319723237 210.8756320300538 1698.9671454363988 36.7115259055945 173.54371435936048 994.8731379970318 283.40722019993814 82.21456677355286 342.910572962935 
193.1438535100217 164.7013315825119 273.7140905789138 342.0092603267351 116.09055286736475 332.7509227400503 590.5967425690119 54.96766199142007 350.4564462943192 1743.287252943991 1277.1098964427397 62.01622444680288 169.08089638391084 246.38159547615032 278.55809356692725 364.89466197575484 88.17118149297255 210.8756320300538 1698.9671454363988 36.71047717186866 173.54371435936048 994.8731379970318 283.40722019993814 82.21456677355286 342.7917440774968 
193.1438535100217 164.7013315825119 273.7140905789138 341.9692902722686 112.55423312915627 332.7509227400503 588.6632532483236 54.960671054526756 349.65622679391936 1743.287252943991 1277.1098964427397 61.59837972408229 167.67643448386696 245.93353477605228 278.55809356692725 364.89466197575484 86.14681493848775 210.42893228841308 1698.9671454363988 36.7099310116663 172.32905694270164 994.8731379970318 283.40722019993814 79.80983333689449 342.786770285019 
193.1438535100217 164.7013315825119 273.7140905789138 341.9290359073643 112.55423312915627 332.7509227400503 584.3703635179088 54.958073699891315 348.41107412248607 1743.287252943991 1277.1098964427397 61.31858880815787 167.67643448386696 245.93353477605228 278.55809356692725 364.89466197575484 85.53685997059245 210.42893228841308 1698.9671454363988 36.7096991603604 169.83870614491116 994.8731379970318 283.40722019993814 79.80983333689449 342.56659674203775 
193.1438535100217 160.1622174671304 273.7140905789138 341.9290359073643 112.55423312915627 332.7509227400503 583.4525780791787 54.9546851019536 347.7591445336409 1743.287252943991 1277.1098964427397 60.804680890558984 167.67643448386696 245.8889026259833 278.55809356692725 364.89466197575484 85.25340213443167 210.42893228841308 1698.9671454363988 36.70893159349464 169.83870614491116 994.8731379970318 283.40722019993814 79.80983333689449 342.42714004359823 
193.1438535100217 160.1622174671304 271.47179340501725 341.83982959297464 112.55423312915627 332.7509227400503 582.9557960516586 54.95331384131305 347.3812203498228 1743.287252943991 1277.1098964427397 60.15248397932908 167.67643448386696 245.87480734342012 278.55809356692725 364.89466197575484 84.81022776813825 207.60899487754637 1681.38601916256 36.70742250123783 168.4655852572629 994.8731379970318 283.40722019993814 79.80983333689449 342.09118781363895 
192.9302567519835 158.33011878807702 271.47179340501725 341.8288634951698 112.55423312915627 332.7509227400503 580.2883299159139 54.95083352300287 347.3812203498228 1743.287252943991 1265.9175184585292 58.596127532423225 167.67643448386696 245.81692397668348 278.55809356692725 364.89466197575484 84.81022776813825 207.60899487754637 1681.38601916256 36.70733816185225 165.32282163429272 994.8731379970318 283.40722019993814 78.93511034902053 341.94086255966045 
172.50519107222806 158.33011878807702 271.47179340501725 341.8288634951698 112.44596899430871 332.7509227400503 579.1711452587097 54.945178615340865 346.46381568850893 1741.7971384238444 1243.8519948754595 58.596127532423225 167.67643448386696 245.50235012544636 278.55809356692725 359.45406922888833 84.81022776813825 207.38089583506053 1681.38601916256 36.70678363326397 165.32282163429272 994.8731379970318 283.40722019993814 77.95344201240562 341.7545051529323 
159.4268584393467 153.87815798043937 271.47179340501725 341.819578306689 112.44596899430871 332.7509227400503 577.730037065136 54.940970851786005 340.85239591996174 1741.7971384238444 1243.8519948754595 58.18275671102754 167.67643448386696 245.30633070788485 278.53366710331534 359.2763877496486 84.08907297067412 206.94308787591865 1681.38601916256 36.70594381322542 130.73602457425523 987.481680617891 283.40722019993814 77.38422825514147 341.6373981139293 
152.75467738029545 153.59003185037193 270.74978466220864 341.80203002357666 112.44596899430871 317.35316490631476 574.2923489972932 54.939688495668406 339.82535534904673 1741.7971384238444 1243.8519948754595 57.80217623662668 167.54800750723598 245.28243353583207 278.53366710331534 359.2763877496486 84.01526959281091 206.94308787591865 1660.7133614382283 36.70594381322542 124.63454915368459 987.481680617891 283.40722019993814 76.75255179020428 341.40882383000894 
152.75467738029545 153.20630418541737 268.50252100054786 341.80203002357666 110.59723528337247 317.35316490631476 573.062792131677 54.931892843869946 339.82535534904673 1741.2845841232402 1243.8519948754595 57.497108215573235 167.21427955264335 244.94265321780085 277.1107993699834 352.2824351743859 83.64409459897513 198.8277258308152 1660.7133614382283 36.70527784557703 124.63454915368459 986.2488867058519 283.40722019993814 76.75255179020428 341.40882383000894 
152.75467738029545 152.07634565437957 268.50252100054786 341.7693409887215 110.59723528337247 314.97618244178625 571.3032923752532 54.93124903993339 339.2950751922376 1741.2845841232402 1243.8519948754595 56.949455138438 167.14234742412862 244.94265321780085 277.1107993699834 352.2824351743859 79.69915886924196 198.53721869735944 1657.8780983937968 36.70524265720701 124.63454915368459 986.2488867058519 283.40722019993814 75.37294755754613 341.40882383000894 
152.75467738029545 151.97455670269426 268.124561152169 341.7693409887215 109.74806363420498 314.97618244178625 571.3032923752532 54.92980250057917 339.2950751922376 1735.9464121543624 1231.1779642078877 56.86840558581673 166.60719240436003 244.86453015733923 277.1107993699834 352.2824351743859 79.69915886924196 198.53721869735944 1657.8780983937968 36.70434890586273 124.63454915368459 986.2488867058519 283.40722019993814 75.12087015492193 341.3851324336513 
140.72328441437594 151.97455670269426 268.124561152169 341.7560218064764 109.57710531128214 314.97618244178625 571.3032923752532 54.92767329441085 339.21576604152574 1735.9464121543624 1231.1779642078877 56.498333635512154 166.1428277307466 244.73650712766607 277.1107993699834 316.442939551609 79.45286612228574 198.53721869735944 1657.8780983937968 36.70416515383363 124.63454915368459 986.2488867058519 256.4604548055395 74.62427776382879 341.2466971045692 
140.72328441437594 143.04966792720597 267.4085330542264 341.6448111360678 108.7980202915137 314.6925657641009 567.2825579493565 54.925631829280974 338.88555043326687 1735.9464121543624 1231.1779642078877 56.498333635512154 165.83289444592992 244.67349451783866 277.1107993699834 316.442939551609 79.45286612228574 190.70291328335566 1657.8780983937968 36.70408879805518 124.63454915368459 986.2488867058519 256.4604548055395 73.21221615033369 341.100735465845 
136.00990308484734 142.78956993584916 267.4085330542264 341.58148567656826 108.7980202915137 313.86791005892746 567.2825579493565 54.92294997687145 338.88555043326687 1735.9464121543624 1226.7375719381964 53.528104687030805 165.71430025970835 244.4192988640009 276.5637432745518 316.442939551609 79.45286612228574 183.43837720176646 1639.6657084389067 36.703911492183806 124.63454915368459 986.2488867058519 256.4604548055395 73.07593914550716 341.08019808214476 
136.00990308484734 142.78956993584916 267.4085330542264 341.50761298136376 108.7980202915137 312.88682065518674 564.8349044036925 54.92119450996927 338.7382113699741 1735.9464121543624 1219.186368031732 53.528104687030805 165.25616807519896 244.3561951180552 276.5637432745518 316.442939551609 78.88038559760002 183.43837720176646 1639.6657084389067 36.70328085922972 123.08401263146504 986.2488867058519 256.4604548055395 68.69728989115606 341.08019808214476 
136.00990308484734 126.12810296434884 266.76910529129077 341.4828003802868 108.76183338982321 312.65135361635816 564.7796842274402 54.92070076476807 338.09970823299454 1735.9464121543624 1219.186368031732 53.528104687030805 165.2352901222598 244.18557850951015 276.5637432745518 305.5720664767259 78.88038559760002 183.43837720176646 1639.6657084389067 36.7028824165983 109.63956574447934 986.2488867058519 256.4604548055395 68.30716672162475 340.78894268885006 
135.38199981544096 126.12810296434884 266.14234238675726 341.40355124899065 108.75013138514919 312.03196382863393 562.1668357958115 54.91848387659434 338.09970823299454 1735.9464121543624 1217.8631062175048 53.308797278131124 165.23258878270724 243.89935006074802 276.0600172705758 282.0012834804038 78.88038559760002 183.43837720176646 1635.147770252231 36.702223714084425 109.63956574447934 986.2488867058519 256.4604548055395 68.30716672162475 340.69944755456254 
135.38199981544096 126.12810296434884 266.1160000617847 341.376638413632 108.73205327032656 311.3506095495818 562.1668357958115 54.9175309227528 338.09970823299454 1735.6408629542193 1207.3346900287002 52.845096416621914 164.6322808933969 243.69852621302562 276.0600172705758 282.0012834804038 77.89622298758945 182.662770953649 1627.1043806959124 36.70211721452813 107.7324674147784 986.2488867058519 256.4604548055395 68.18699475310268 340.69944755456254 
135.38199981544096 126.12810296434884 265.7291302457047 341.18306736571094 107.9335551852198 310.77719435965946 562.1668357958115 54.91622085855852 338.09970823299454 1735.6408629542193 1205.9879683199877 52.71645084169529 164.59494996471483 243.67100861773724 276.0600172705758 282.0012834804038 77.89622298758945 157.96266475222762 1588.5660970680365 36.70197450554997 106.01306318918546 986.2488867058519 256.4604548055395 67.71700061566662 340.69747289078236 
134.23150331116108 126.12810296434884 265.7291302457047 341.136678563485 107.92415501030939 310.2187263329615 562.1668357958115 54.9158304739849 338.09970823299454 1735.1311906699302 1196.7903904031507 52.51369710889992 164.47278432279234 243.50343520616093 276.0600172705758 282.0012834804038 77.22510256409691 152.18448114064267 1588.5660970680365 36.701934347887914 106.01306318918546 986.2488867058519 254.53693733660953 66.91876171159026 340.6232178639061 
134.23150331116108 124.46969700820057 265.7291302457047 340.99676179273024 107.78216403799195 309.80774660374414 561.2585309678666 54.91429425095282 336.9643631507545 1733.634749431893 1196.7903904031507 51.97560060196645 164.3396228938293 243.46596698350527 276.0600172705758 282.0012834804038 75.70838358943524 152.18448114064267 1588.5660970680365 36.70136325327246 103.33348337736754 986.2488867058519 254.53693733660953 66.53438676567475 340.6232178639061 
134.23150331116108 123.31071985141898 264.8376496210012 340.9818732860001 107.48503631963774 309.3756600752772 557.7623327725432 54.913631677699186 336.9643631507545 1733.634749431893 1196.7903904031507 51.768761750790986 164.29826415346338 243.16552661205742 276.0600172705758 282.0012834804038 75.70838358943524 152.18448114064267 1588.5660970680365 36.701280022508286 102.87879547843932 986.2488867058519 254.53693733660953 66.53438676567475 340.50450541077 
134.23150331116108 123.31071985141898 263.5925570644249 340.9818732860001 107.42150974309084 309.15927131095395 557.7623327725432 54.913510475695375 335.6613342617147 1733.634749431893 1196.7903904031507 51.768761750790986 164.2341336498713 243.16552661205742 275.8871882360388 280.4798420144184 75.70838358943524 152.18448114064267 1588.5660970680365 36.70109457965805 102.87879547843932 986.2488867058519 247.6501875099625 65.66114642288233 340.50450541077 
134.23150331116108 118.44609767977556 263.5925570644249 340.9384017892853 107.19448839410347 309.15927131095395 555.2272623969898 54.9124870862571 335.6613342617147 1733.634749431893 1196.7903904031507 51.28779543671067 163.84505961205173 243.0710574549314 275.5641060268463 280.4798420144184 75.3515338625183 152.18448114064267 1588.5660970680365 36.700553819330935 98.5816745691078 986.2488867058519 240.09107564666556 65.23096045295358 340.48105768202777 
132.7681895850069 118.44609767977556 263.0163462556634 340.9384017892853 106.36397686767305 308.9290690436201 555.2272623969898 54.9120763242272 333.6297194732101 1733.634749431893 1186.7158202423482 51.10219553780166 163.84505961205173 242.88509743678492 270.0920904217196 279.6005196928677 74.68247406566775 150.47535609233898 1588.5660970680365 36.70033863817548 98.5816745691078 986.2488867058519 234.33531750230827 65.23096045295358 340.39600438508705 
131.793710276335 118.44609767977556 262.654428222005 340.9225586376465 106.2735044049598 306.1305722330651 555.2272623969898 54.91109380641569 333.6297194732101 1733.1453380592488 1186.7158202423482 50.85915504901652 163.6118881263733 242.85005929209206 270.0920904217196 269.86856273355374 74.53427078734603 148.89871869602484 1588.5660970680365 36.700044984459396 98.5816745691078 986.2488867058519 232.07219898475364 65.23096045295358 340.39600438508705 
131.793710276335 117.9636605165955 262.654428222005 340.88977021332767 105.86607377095675 301.2834927106119 555.2272623969898 54.91075413382259 333.57560796724897 1731.8448536119272 1186.7158202423482 50.69002759212651 163.6118881263733 242.70880661359388 270.0920904217196 255.9765788699824 74.53427078734603 148.7460566139615 1588.5660970680365 36.69943176882566 98.5816745691078 810.484102545202 232.07219898475364 65.23096045295358 340.39600438508705 
126.15950693824641 116.96609801946352 262.654428222005 340.8466073229604 105.86607377095675 301.2834927106119 554.4404845234003 54.91050956713639 333.57560796724897 1731.8448536119272 1186.7158202423482 50.206582621106804 163.46135405147766 242.65513831603766 270.0920904217196 255.9765788699824 73.95947906918059 147.363658396122 1588.5660970680365 36.699361137407664 98.5816745691078 810.484102545202 230.1860079528642 65.23096045295358 340.31069871056843 
126.15950693824641 115.57250255607437 262.654428222005 340.80547405893094 105.74720584321904 301.2834927106119 554.4404845234003 54.91036587920655 333.5735561155973 1730.8951128565482 1186.7158202423482 50.206582621106804 163.2450310103369 242.65513831603766 266.2871361284499 252.5062625166479 73.68764443035855 144.74072739566998 1588.5660970680365 36.699318486237075 98.5816745691078 810.484102545202 230.1860079528642 65.20503109390245 340.2394698269077 
125.91287079464291 115.57250255607437 261.91548726518977 340.78124331067056 105.12348191036654 301.0823360202371 554.4135048930593 54.90975897168255 329.67656072634304 1730.8951128565482 1186.7158202423482 49.741727777215715 163.07388014369644 242.65513831603766 261.5733167511062 249.40218494101396 73.40159278584406 142.49774441413115 1588.5660970680365 36.69923388521033 98.5816745691078 810.484102545202 230.1860079528642 64.9444515768721 340.14147182749593 
124.09487861439663 113.6677689346883 261.699197679995 340.78124331067056 104.98825598583176 300.1717822296009 554.0199215433265 54.909674594133435 329.5586138515573 1730.2197205269767 1186.7158202423482 48.26331815184312 162.80293337202602 242.65513831603766 252.28401901150028 244.1258588690671 72.7987780342404 142.49774441413115 1588.5660970680365 36.699018332406354 98.5816745691078 810.484102545202 230.1860079528642 64.89480393110694 340.14147182749593 
124.09487861439663 113.6677689346883 261.1682801868428 340.75898974192455 104.62182774094902 300.1717822296009 554.0199215433265 54.90935943670104 328.8920296130307 1730.2197205269767 1186.4053725622443 47.39528617781298 162.66058439532037 242.50448728106926 252.28401901150028 244.1258588690671 72.70705369971802 142.49774441413115 1586.548841243085 36.698946686741465 97.13007970418755 810.484102545202 224.69229143820985 64.67642702213618 340.0457487626072 
124.09487861439663 112.58152822147622 260.8515592477586 340.7464028122731 104.62182774094902 299.5703711018559 554.0199215433265 54.90844233168889 328.8920296130307 1729.8178773841573 1186.4053725622443 47.39528617781298 162.45424049397081 242.50448728106926 252.28401901150028 244.1258588690671 72.25118554170672 141.98504660727235 1586.548841243085 36.698888792212756 97.13007970418755 810.484102545202 224.69229143820985 64.64878081268705 340.0457487626072 
124.09487861439663 111.98235920882792 260.5509174945589 340.74426082384684 104.4403659482648 299.5703711018559 553.0534473567686 54.908257223436294 328.5601726819218 1728.8361835618807 1186.4053725622443 46.1010419121327 162.45424049397081 242.48043174570125 251.3443742508639 240.6222387986977 72.05791678883247 140.85745715764915 1586.548841243085 36.698710284915364 95.93212140100604 810.484102545202 216.40701954917233 64.28103464449828 340.0457487626072 
124.09487861439663 111.87220410703117 260.5509174945589 340.6110604257135 104.39854076768768 296.72874765790107 552.7063910550678 54.90805594901576 328.5601726819218 1728.8361835618807 1183.564768324202 46.1010419121327 162.45424049397081 242.445333609033 235.81813052699067 240.2875482437089 71.93334856021693 139.67488706279983 1586.548841243085 36.698699988445696 92.31656295878622 810.484102545202 216.40701954917233 63.82600726580745 340.0457487626072 
124.09487861439663 111.87220410703117 260.5509174945589 340.6110604257135 104.39854076768768 296.72874765790107 551.8066020032275 54.907930972967506 328.5601726819218 1728.768902209792 1181.4659924108023 44.09766136924361 162.34969239183852 242.34733787790833 232.71542352888605 240.2875482437089 71.93334856021693 139.67488706279983 1586.548841243085 36.69862964837307 92.31656295878622 810.484102545202 216.0182243299696 63.82600726580745 339.9785820597499 
119.76216432768865 111.09726222098425 260.43691762185244 340.6110604257135 104.28609402422546 296.5297403968493 551.8066020032275 54.907897907665415 326.85439438105595 1728.6717465685851 1181.3199018091768 42.89392334410854 162.34969239183852 242.34733787790833 232.71542352888605 234.21394113148222 71.93334856021693 139.67488706279983 1562.6606506498192 36.69850901682105 91.41772097086414 810.484102545202 216.0182243299696 63.82600726580745 339.9533180096389 
119.76216432768865 111.09726222098425 260.0237774486186 340.6110604257135 103.41761365408058 295.4666794111149 551.0907242742915 54.907221082507476 326.85439438105595 1727.7418227496591 1179.5677348959425 42.05925309017687 162.25032379894174 242.31159123465568 232.71542352888605 232.5072557976946 71.75618818487692 139.67488706279983 1562.6606506498192 36.698465713118935 91.41772097086414 810.484102545202 216.0182243299696 63.693982200866 339.9055181612721 
119.76216432768865 109.41092743975832 259.78167841238906 340.60608103247273 102.96552109183153 295.4666794111149 551.0907242742915 54.90676926835579 326.85439438105595 1727.7418227496591 1176.419498603814 39.69611245770909 162.25032379894174 242.28916045934625 232.71542352888605 232.5072557976946 71.63204224281992 139.44051804683636 1562.6606506498192 36.69826571882322 90.34750394301989 810.484102545202 216.0182243299696 63.55602071623798 339.80218271761487 
119.76216432768865 109.41092743975832 259.78167841238906 340.5590028153822 102.32154067796012 295.4666794111149 550.6995965033989 54.90675920749595 326.08974687957016 1727.7418227496591 1176.419498603814 39.461263774617805 161.16050776821965 242.26280215826728 232.71542352888605 231.07016526222924 71.52842653706773 138.9283856352854 1562.6606506498192 36.69821462174366 90.34750394301989 810.484102545202 216.0182243299696 63.55602071623798 339.75320630743454 
119.76216432768865 104.69041243969423 258.7655345307476 340.5590028153822 101.52325681392836 294.7928535250321 550.0920995513002 54.90654989306506 325.7286638682481 1727.685403516969 1176.419498603814 38.607673625871485 161.16050776821965 242.2351452749217 230.7585961630507 230.9250058178941 71.38136604153158 137.3654796873841 1562.6606506498192 36.6981708179768 90.13281192690499 810.484102545202 216.0182243299696 63.28529788918763 339.7388475150808 
119.76216432768865 104.69041243969423 258.3629392190787 340.53887437136336 101.4330858845126 294.7650709732993 548.6074272413957 54.906248708221256 324.85215419812766 1727.1759526615647 1166.0260526048473 38.607673625871485 160.2842529648617 242.13855852497227 230.7585961630507 230.9250058178941 71.37787381812734 137.3654796873841 1562.6606506498192 36.69815082846799 88.47928159521302 810.484102545202 216.0182243299696 63.28529788918763 339.6957631120222 
119.76216432768865 104.69041243969423 258.3629392190787 340.53887437136336 101.37644032024139 294.4457609599058 548.6074272413957 54.90617151972924 324.13439424823173 1726.880380384595 1166.0260526048473 38.080077347361566 150.99312896768606 242.13855852497227 230.7585961630507 227.74559218728746 70.79240444531911 137.3654796873841 1562.6606506498192 36.698087539201765 88.47928159521302 755.9322682293341 204.94215847177884 63.14111145488823 339.6957631120222 
117.35500609481426 104.69041243969423 258.3629392190787 340.4705570940846 101.12391982175893 294.30105482887666 548.6074272413957 54.90599733666488 324.1145878444968 1726.880380384595 1166.0260526048473 37.843980738523214 150.99312896768606 242.10555117043896 229.73952473615486 227.74559218728746 70.78451365330011 137.3654796873841 1562.6606506498192 36.69807469263435 88.47928159521302 755.9322682293341 204.94215847177884 63.14111145488823 339.68318765776644 
117.35500609481426 104.69041243969423 258.0164910036076 340.45804111589723 100.45873638192211 293.64464907650336 547.5869727042223 54.90582901084292 323.9306203214751 1725.4107230552263 1166.0260526048473 37.27692173674518 142.84260115445682 242.09813014996212 228.90755476213963 226.86212532793343 70.76528247233011 137.3654796873841 1562.6606506498192 36.698057993817315 88.47928159521302 755.9322682293341 204.94215847177884 62.95762476828679 339.5775543119164 
117.35500609481426 104.69041243969423 257.3892868302257 340.40115007256986 100.45873638192211 293.47116673195455 547.5869727042223 54.90552476020639 323.9306203214751 1725.2295281002998 1166.0260526048473 37.25656804509413 135.2024606413553 242.0159857171236 222.36319172627327 226.1376960556886 70.64793613644918 136.58909813923867 1562.6606506498192 36.69804476364868 87.74652807346047 755.9322682293341 204.94215847177884 62.88637762876067 339.5775543119164 
117.35500609481426 95.46394774804958 257.3892868302257 340.3568420547067 100.24360504652464 293.1200805458618 547.5869727042223 54.90540165791879 323.4130909882442 1722.5606327495384 1166.0260526048473 36.881174468406584 133.11326376145678 242.01198275598676 222.36319172627327 225.84325081211637 70.64793613644918 136.58909813923867 1562.6606506498192 36.69800776513546 87.74652807346047 755.9322682293341 204.94215847177884 62.61348122436755 339.5511971578917 
117.35500609481426 93.9159047489444 256.88673762253393 340.34129659219707 100.24360504652464 293.1200805458618 547.5869727042223 54.905379659722826 323.3223959956599 1722.5606327495384 1166.0260526048473 36.802329642713175 131.1261449799821 241.92105215837523 222.36319172627327 225.59108668580097 70.59916991253567 136.14071259806803 1562.6606506498192 36.69798600891909 87.74652807346047 755.9322682293341 204.94215847177884 62.59477306351471 339.54609130295603 
117.35500609481426 93.9159047489444 256.5345656970694 340.34129659219707 100.1772371947244 293.1200805458618 547.4438392687846 54.90526741718679 322.7034069612141 1722.396686490134 1165.4491833004995 36.72928527240913 130.11795399118546 241.86087565942125 219.90498453267662 224.42299614679155 70.59916991253567 135.99385138131777 1562.6606506498192 36.6979097030661 87.74652807346047 755.9322682293341 204.94215847177884 62.477549669951145 339.5187703311931 
116.31884666889755 92.59452761363059 256.5345656970694 340.30876031208436 99.64119367880778 293.1200805458618 547.3617934369292 54.90524966441103 322.7034069612141 1722.2700145842555 1165.4491833004995 36.48825907774699 130.11795399118546 241.75455277301262 219.90498453267662 223.9991154755237 70.46219806994293 135.99385138131777 1562.6606506498192 36.69787624092169 87.55972223473123 755.9322682293341 204.94215847177884 62.477549669951145 339.50535258075547 
116.25373613715942 92.59452761363059 256.15763814719344 340.30876031208436 99.28726104434963 293.1200805458618 546.6948408894868 54.90519972064067 321.72306051940313 1722.2700145842555 1165.4491833004995 36.43649807314807 130.11795399118546 241.75455277301262 219.90498453267662 222.91234828278493 70.4547005940268 135.99385138131777 1562.6606506498192 36.697863708889145 87.55972223473123 727.5925014554114 195.80933029345158 62.3216571498167 339.4675244797304 
116.25373613715942 89.52412833242033 256.0955439240861 340.2336420723452 99.03505128787288 292.5678644529228 546.6948408894868 54.90518602807333 321.72306051940313 1722.0371248140455 1165.4491833004995 36.4014477091705 128.87528042500685 241.66591576634983 219.90498453267662 222.63557425707972 70.43824166948127 135.9096504757697 1562.6606506498192 36.697807350631365 87.33667650811947 727.5925014554114 185.3706779046745 62.31168674564799 339.4645629783663 
116.06579463632886 87.2333550175781 255.99208458826683 340.2120991469169 98.42417741325517 291.95734511710134 545.1435646633208 54.90508238245832 320.9618707303705 1721.6684844963074 1165.4491833004995 36.224907372382745 128.87528042500685 241.66591576634983 219.90498453267662 222.08187034264904 70.4016628692408 135.9096504757697 1562.6606506498192 36.69770431252539 86.28603337653828 682.0819821290715 184.13800270232866 62.31041841415606 339.3625829885855 
114.83200805077229 87.2333550175781 255.946445630653 340.2120991469169 97.92765291349156 291.95734511710134 545.1435646633208 54.905051819905225 320.9618707303705 1721.6684844963074 1165.3913844284552 35.946277851744526 128.3583182601302 241.63653919360218 219.90498453267662 217.8907220420225 70.3987371646515 135.74470216310033 1562.6606506498192 36.697692652188266 86.28603337653828 682.0819821290715 168.134364805563 62.1971611736501 339.3031298445717 
111.66537083680487 84.07542690179889 255.75268611506544 340.0855314783803 97.52760540517909 291.95734511710134 543.1369826206337 54.9048905294062 320.9618707303705 1721.6684844963074 1161.0415998741069 35.91391777890749 126.08203791928338 241.59585011309446 218.69180326828837 217.8907220420225 70.2817535106733 135.3610200816455 1562.6606506498192 36.69766921095379 86.171123341569 682.0819821290715 168.134364805563 62.07282922830336 339.26287639256043 
111.66537083680487 83.81284869058811 255.65634586680562 340.0855314783803 97.3289351792813 291.9055725443495 543.1369826206337 54.904798693509974 320.5413293242573 1721.6684844963074 1161.0415998741069 35.795112098191 126.08203791928338 241.59406825463475 218.69180326828837 216.06056484714782 70.19507721981029 135.28679020114532 1562.6606506498192 36.697641842751636 85.9171737868229 652.0930869608571 168.134364805563 62.005621171461485 339.26287639256043 
111.66537083680487 83.81284869058811 255.0762488841092 340.0855314783803 97.22937206885729 291.9055725443495 543.1369826206337 54.904780646273366 320.3273785465599 1721.6684844963074 1161.0415998741069 35.719554735341944 125.7557758968627 241.58357203289074 217.61688750696987 215.4852107674419 70.16342682262189 134.82173234120864 1562.6606506498192 36.69760174642465 85.9171737868229 652.0930869608571 168.134364805563 61.96905809811324 339.2431493404031 
111.66537083680487 83.81284869058811 254.78617828257438 340.05872217380306 97.16647328668375 291.57415050671716 543.1369826206337 54.904751832882766 320.3273785465599 1720.6985385004045 1161.0415998741069 35.69093252011055 125.7557758968627 241.56468331658402 217.61688750696987 215.2950897790812 69.94779049797341 134.40142572524087 1560.668432170647 36.69754295500604 85.9171737868229 652.0930869608571 168.134364805563 61.9335570494228 339.15035693510254 
111.66537083680487 80.59225781815394 254.78617828257438 340.05872217380306 96.89514084065104 291.57415050671716 541.7351544378034 54.904688792559455 320.3273785465599 1720.6164366107873 1160.8043264012194 35.69093252011055 125.524300377087 241.521819623571 217.20489761525732 214.6748936216676 69.94779049797341 134.40142572524087 1549.1460024725216 36.69749954253757 85.19925790818093 652.0930869608571 168.134364805563 61.92034724672669 338.9979829471504 
111.66537083680487 79.37391429331126 254.54934836533812 339.94584031334125 96.69400321153637 291.09313928614756 541.7351544378034 54.9046153757854 320.19827113230326 1718.0147860938932 1160.8043264012194 35.605354098875296 125.44726969332498 241.48751332661595 216.24080845105186 214.47946040551687 69.87114372162637 134.27110115250616 1549.1460024725216 36.69747757338155 85.06968952928912 652.0930869608571 168.134364805563 61.86308439581114 338.91865363164743 
111.60447217639717 78.63846554577844 253.95023884178408 339.94584031334125 96.27255453907685 291.09313928614756 541.7351544378034 54.904516271381226 320.02262502938106 1718.0147860938932 1160.8043264012194 35.605354098875296 125.0287316651386 241.4429313913347 216.24080845105186 213.92070084036038 69.80373694031391 133.92278277934042 1549.1460024725216 36.69744021547672 85.06968952928912 645.7680158367507 167.21818272583766 61.85396160183143 338.90565607367125 
103.59755766249828 78.29769455396524 253.8870747186172 339.9289998366469 92.23050288169725 290.14546591773524 541.7351544378034 54.90444227627847 319.83920081548536 1717.6879468257612 1149.0218893276933 35.58209507333072 124.37876498524327 241.3783315184853 214.94776403783817 212.9206060922113 69.78692787065586 133.92278277934042 1549.1460024725216 36.697432110309364 84.33014115683318 645.7680158367507 167.21818272583766 61.85396160183143 338.8744595269179 
103.59755766249828 75.14634000482704 253.8870747186172 339.9289998366469 90.44009653330795 290.14546591773524 541.7351544378034 54.90441846680858 319.1556978160065 1717.6879468257612 1149.0218893276933 35.54660940711403 123.76644462285378 241.28864753168045 214.94776403783817 212.9206060922113 69.78054516221118 133.92278277934042 1549.1460024725216 36.69742640467234 84.33014115683318 608.4546925472932 165.8659952427298 61.73207035845007 338.86195286778343 
103.59755766249828 73.58026947651354 253.49096072882003 339.9289998366469 84.92607183295604 289.3099697655314 541.7351544378034 54.90441846680858 318.8764360164373 1717.6879468257612 1146.9077837133625 35.391777842593115 123.76644462285378 241.19647606874105 214.94776403783817 212.9071133864768 69.77901986748861 133.92278277934042 1546.716127645228 36.697405838102554 84.25540185205739 598.0760481322213 165.8659952427298 61.72229453734178 338.85769431688027 
102.85242079264606 73.53411067128877 253.24605949069178 339.9289998366469 80.67897910352576 286.78921110771967 541.7351544378034 54.904290838820884 318.65131366469086 1717.3503137936705 1146.9077837133625 35.391777842593115 122.28549453769972 241.19647606874105 214.94776403783817 212.48282022775174 69.77901986748861 133.92278277934042 1546.716127645228 36.69739653154602 84.24295131447116 598.0760481322213 165.8659952427298 61.40327243453419 338.8389244417849 
101.54996562015185 73.53411067128877 253.2030137507386 339.9289998366469 79.572939984801 286.78921110771967 541.7351544378034 54.904046915779645 318.65131366469086 1717.0026738439392 1146.9077837133625 35.30127190336452 122.28549453769972 241.18732855766393 214.24186920494242 211.59340958447876 69.7533951781835 133.822348652002 1545.929991117318 36.69739153550768 84.1404888418117 598.0760481322213 164.64201522970325 61.34491284286162 338.8095553218152 
101.54996562015185 71.3889081519925 253.0450394131085 339.9289998366469 76.82728197639494 286.2985092198671 541.7351544378034 54.903912687676666 318.65131366469086 1717.0026738439392 1138.881782764445 35.30127190336452 121.77780776172506 241.14986506800642 213.46472601487903 211.35101415368524 69.72933292968901 133.56653238454282 1545.2552868563594 36.69737884645781 83.99147989567132 598.0760481322213 164.64201522970325 61.32522421082376 338.79527783324625 
100.43413306191644 71.3889081519925 252.5950402035428 339.870679908732 75.33719458751114 286.2985092198671 541.7351544378034 54.90367308131988 318.1014523438537 1715.5702370488634 1138.881782764445 35.24233609892303 121.5251666733642 241.13980787977562 212.7723542304018 210.40513483220752 69.7160340407803 133.3144021236933 1545.2552868563594 36.69737884645781 83.99147989567132 598.0760481322213 160.27531076797482 61.32522421082376 338.79501559414757 
99.89884588771042 71.05981570680353 252.5950402035428 339.870679908732 75.33719458751114 285.711239074692 541.7351544378034 54.90348193163493 317.8692849755744 1714.9499908795096 1138.881782764445 35.20508368387277 121.48438739655921 241.13330668386448 212.7723542304018 210.36733303160577 69.71066950866873 133.3144021236933 1545.2552868563594 36.697377774572374 83.96696521309286 567.1071643092537 160.27531076797482 61.227810517814646 338.79501559414757 
99.89884588771042 68.10934566061883 252.45357980369363 339.86755613909827 75.33719458751114 285.69769207454715 541.7351544378034 54.902981169951545 317.8692849755744 1712.8499842856172 1138.8378717452558 35.20210885084248 121.4245180389903 241.12181135476226 212.3984857659409 208.4368654554264 69.67807024041076 133.3144021236933 1538.3218714286454 36.69736833307968 83.96369844547837 567.1071643092537 160.27531076797482 61.17584105550145 338.7436056869551 
99.89884588771042 65.64448690489087 252.41564130739516 339.8500100958779 74.51686059697488 284.81555853873124 541.1674630471714 54.87705042197297 316.8908180032904 1711.461931758456 1138.1294165796087 35.13422654760177 120.56480143230101 241.11857789608348 212.3984857659409 207.54471390665333 69.66601544881144 133.3144021236933 1538.3218714286454 36.69736833307968 83.82212123927104 567.1071643092537 160.27531076797482 61.15100268913204 338.7402286975073 
99.89884588771042 65.64448690489087 252.1939612245269 339.8500100958779 70.91735453452839 284.81555853873124 541.1674630471714 54.84010104803508 316.8522116327272 1709.7446510375175 1138.1002616012674 35.12198046120386 120.56480143230101 241.11577396823895 212.37361706355432 207.54471390665333 69.66601544881144 133.3144021236933 1526.834501832529 36.69736748509035 83.68787322165554 567.1071643092537 158.4476951772067 61.15100268913204 338.6980845190524 
99.89884588771042 65.28855630957503 251.87033309498838 339.80287526914526 69.91372567760641 284.4933189937176 541.1674630471714 54.80748575709072 316.42834256360766 1709.7446510375175 1137.3975443454112 35.07996037351745 120.56480143230101 241.1009230933962 211.69467210421658 206.78983317816812 69.64859106050517 127.83005084976594 1526.834501832529 36.697363980704495 83.68787322165554 567.1071643092537 158.4476951772067 61.07649524039596 338.69507419302954 
99.4613684862162 64.25388493253456 251.87033309498838 339.76729848732884 69.91372567760641 283.7385722180777 539.9080430983131 54.70575236048069 315.84264077311536 1708.0128969665138 1137.3975443454112 35.0608184496931 119.84631400448541 241.0960614751591 211.66668552835893 206.7177215701331 69.64299327404763 127.83005084976594 1526.834501832529 36.697353557463316 83.67226800513288 567.1071643092537 158.4476951772067 61.048040114274386 338.68168645257333 
98.5889847510964 64.03889917715878 251.82929956919315 339.76729848732884 67.44340428114606 283.5779702579109 539.9080430983131 54.678573478740645 315.511997653045 1708.0128969665138 1137.304959594246 35.01409711286726 119.25934802698725 241.0889935564951 211.5727536439739 204.79852771039089 69.64299327404763 127.83005084976594 1526.834501832529 36.6973436962769 83.51652715187663 567.1071643092537 158.4476951772067 61.048040114274386 338.6687316114467 
98.5889847510964 63.72901357043122 251.65254634671078 339.76589869626036 67.34902022443839 282.4355341562416 539.9080430983131 54.67032432264716 315.511997653045 1704.4116949501076 1137.228969875569 34.99879863431511 119.07150531818775 241.0889935564951 211.32775589114328 204.74749353344168 69.63337720302661 120.45528799472902 1526.834501832529 36.69733261755994 83.51652715187663 567.1071643092537 158.4476951772067 61.00743311428221 338.50975283003936 
98.5889847510964 63.72901357043122 251.60411051933875 339.736308282183 67.12266413611485 281.4736522453218 539.9080430983131 54.64794881326861 315.41271591423174 1699.107566763103 1137.1655030080808 34.99138325720071 119.07150531818775 241.08515036625022 211.23536523612552 204.71798661766422 69.62673446901113 119.99857280419735 1526.834501832529 36.69732881955872 83.51652715187663 567.1071643092537 158.4476951772067 60.97294408297034 338.46263733129604 
98.5889847510964 62.437557514838204 251.48055433421268 339.736308282183 64.32723379601566 281.29860596145727 539.9080430983131 54.64003515116519 315.41271591423174 1699.107566763103 1137.0821574513561 34.96462072141571 118.69175666638489 241.08309322716127 210.86991250710662 203.57712250573763 69.62373406606832 119.99857280419735 1526.834501832529 36.697327403554596 83.44750901333805 565.5179108261727 158.4476951772067 60.96969053386238 338.46080231617225 
98.11164656112715 62.437557514838204 251.45593277078024 339.719352295464 64.09540913423939 281.2706351961574 539.8893891975849 54.62871313699634 315.2202456689174 1694.1533621777025 1137.0821574513561 34.95848794943299 118.58716590153813 241.05973875954896 210.86991250710662 203.42986364113256 69.49994473270135 119.99857280419735 1524.4197968638232 36.69732002627791 83.31194050569002 565.5179108261727 150.92152056454336 60.94586571017817 338.4585812636283 
97.92577392106318 62.437557514838204 251.345892373761 339.719352295464 63.62175944587011 280.7189664455027 539.3280185765229 54.62425376566273 315.2202456689174 1694.1533621777025 1137.0173155962877 34.947105147682805 118.22831977835972 241.05911795997326 210.58474932106537 203.42986364113256 69.40381370035311 118.83936056797074 1522.0876840746869 36.697312923243885 83.31194050569002 564.4798619178039 150.92152056454336 60.944192859242776 337.91709126605133 
96.05087145010361 62.14096293194689 251.31644885182027 339.719352295464 62.19746529399208 280.7189664455027 539.3280185765229 54.62056643666858 314.88812191483726 1693.7551074879411 1136.6505471313665 34.947105147682805 118.00107487347987 241.05096761208824 210.40791965215817 202.59160616752797 69.04511395379075 115.8138268100098 1522.0876840746869 36.697308353368044 83.31194050569002 564.4798619178039 150.92152056454336 60.91103773053919 333.0452203961074 
95.83135347886048 61.94609279314432 251.31644885182027 339.7135577702534 62.066724279636674 273.3431748230512 539.3280185765229 54.601978233221416 314.88812191483726 1693.7551074879411 1136.6505471313665 34.90361378863747 118.00107487347987 241.04575121614857 210.40791965215817 201.9168592428207 68.6457396798728 115.8138268100098 1522.0876840746869 36.6973075172848 83.31194050569002 553.5064703861508 150.92152056454336 60.834013910037925 332.22355105800216 
95.0545829268624 61.90435574605601 251.31631019511337 339.7048247903824 61.290607520442904 262.3941246833065 536.1596853283559 54.598344051715 314.88812191483726 1693.7551074879411 1136.1053812545215 34.88963995165079 117.71873614655317 241.03742102818 210.29492646967003 201.5925412889976 68.43047930405692 112.70717255502927 1521.954670071842 36.69729963976795 83.29896704208056 551.3443642354166 150.92152056454336 60.834013910037925 324.9953750972809 
91.88213124299443 61.541687555506314 251.15118552799663 339.7043644866678 60.70961151939241 262.265939699977 536.1596853283559 54.59731754879522 313.6667971705731 1693.1564766158963 1136.1053812545215 34.84353071550868 117.63361966755053 241.0360750041125 209.78868490239472 197.83278711003265 68.43047930405692 112.70717255502927 1516.4797664295447 36.69728820931448 83.28833561372903 546.6372854410561 150.22374772147555 60.81349836498828 324.9953750972809 
88.30567589318605 61.541687555506314 251.149413650131 339.66774498231507 59.10797578352833 262.265939699977 536.1596853283559 54.596146563211505 313.3452419342136 1693.1564766158963 1133.1661297325572 34.798419816965406 117.43809779386322 241.02707871149778 209.60755040298045 197.83278711003265 68.22242954337923 112.70717255502927 1514.1575288659947 36.69728438027812 83.26215653501038 545.3752406850208 150.22374772147555 60.81349836498828 324.9953750972809 
88.30567589318605 60.74263374891291 250.90958459321746 339.66624820938387 58.06395578588183 260.8956745551259 536.1596853283559 54.59063567109297 313.06454170009147 1692.8868325560807 1133.1661297325572 34.798419816965406 117.0522605880517 241.02707871149778 209.60755040298045 196.546199413914 67.95529295167682 112.70717255502927 1510.1943776250273 36.69728133063825 83.26001578093314 545.3752406850208 150.22374772147555 60.81349836498828 323.79259355833983 
85.42501214043114 60.65313835752488 250.74387767797907 339.66624820938387 57.89195931441725 257.64547884105605 536.1596853283559 54.59063567109297 312.80675374053817 1692.6881209554863 1132.6548823793737 34.789842094543815 117.02955831939994 241.02349796931458 209.60755040298045 196.27706326777934 67.95529295167682 112.70717255502927 1510.1943776250273 36.69727444181615 83.24279522396523 544.9454389240227 147.708020133079 60.81349836498828 312.47504918874665 
85.42501214043114 59.918753431600976 250.56587294776386 339.6540832948208 57.35623395122582 250.38942256693963 536.1596853283559 54.58712697749286 312.80675374053817 1691.8047905138696 1132.5248615923251 34.789842094543815 116.97274841454168 241.00631442218491 209.19976696828996 195.73270788204945 67.90669961520848 112.62739312798021 1510.1943776250273 36.6972689920176 83.2411321719178 544.9454389240227 147.708020133079 60.77828638934682 310.93647052619826 
85.42501214043114 59.918753431600976 250.36089227554453 339.0850292076602 57.26369137040001 245.2623120523017 536.1596853283559 54.58178600697897 312.80675374053817 1691.021521233919 1132.476575017341 34.77220892193145 116.91401458485564 241.00610949545035 209.0044617069757 195.49604511962957 67.90669961520848 112.62739312798021 1510.1943776250273 36.6972627884096 78.89224994739106 544.444586276928 147.708020133079 60.765046135939656 309.5229669555931 
84.6510487192528 59.76720702061493 250.3162674258831 339.0850292076602 56.80532814412311 239.27445750454422 536.1596853283559 54.57823478659452 312.20033022257235 1687.3619282351706 1132.3311849416702 34.76374334019556 116.75850598195416 240.99475482380103 208.83690226071656 194.9759744998221 67.81912696896711 111.49464034503478 1509.008113310189 36.69725816786331 77.16306788505472 543.7894411023817 140.36587657163795 60.719943928932935 309.4932911687865 
83.86015802606096 59.45576254099717 250.11045757581178 332.15117506034903 56.77868315954038 236.15194774275142 536.1433457579997 54.576490278811775 311.7291926906071 1687.3619282351706 1132.292610953781 34.74542135512979 116.43647624788764 240.99215720481038 208.83690226071656 193.8977455689443 67.77147045771801 111.42066256702014 1509.008113310189 36.69725339824254 77.16306788505472 543.7894411023817 140.36587657163795 60.71797905677704 308.04699428821505 
83.86015802606096 59.02564999685444 250.00858209039666 331.52493535976214 56.743831965160325 234.05911470477122 536.0548902852029 54.575958773861316 310.6001946433828 1686.8537198177792 1131.9408830970247 34.73465164763206 116.32509635715235 240.98360297764657 208.6720808858837 193.8977455689443 67.70335753868187 108.64440213111072 1509.008113310189 36.69725092786871 77.16306788505472 543.7894411023817 140.36587657163795 60.68895453948744 308.04699428821505 
83.53086557889628 59.02564999685444 249.9592176615181 326.48031128139587 56.56814323311721 230.86521129825383 535.8263918610933 54.57226804930997 310.4683390476516 1682.8144762832662 1131.9408830970247 34.73335017385614 116.28720146538501 240.97166668206842 208.2717037924457 193.47437505819596 67.70335753868187 108.64440213111072 1509.008113310189 36.697248292587574 72.33695006399682 543.7894411023817 140.36587657163795 60.64286091520569 305.3888186276736 
83.53086557889628 59.01991006240439 249.8664744717048 321.984888513191 56.23809588839788 230.86521129825383 535.8263918610933 54.56968070631285 307.4860621733453 1679.2701230138373 1131.794858977146 34.71038428845998 116.06430256642511 240.97166668206842 208.07562287743917 192.73835873336407 67.66380791606366 108.64440213111072 1509.008113310189 36.697244658605314 71.72722317510647 541.5835512052126 140.36587657163795 60.64078532811993 304.2728287050377 
83.14157351874223 58.62749718790974 249.83038598264466 321.64699100789016 56.179423484551535 230.6831149511222 535.765087410839 54.564709653656564 306.8980946501101 1679.2701230138373 1131.794858977146 34.69662733751977 116.06430256642511 240.96756455824925 207.96770442438128 191.9978162532385 67.60698695045267 108.60342729156878 1509.008113310189 36.69724399894767 71.0802218999014 541.2139545835148 139.44883727925514 60.609925094448045 301.86158379936296 
83.09794115261309 58.62749718790974 249.78803596606485 321.64699100789016 56.179423484551535 230.1040630377754 535.6934186382882 54.56269616515442 306.1062191715507 1679.2701230138373 1131.038945115708 34.6822972246315 116.06430256642511 240.96336641879543 207.6919640714989 191.72658815142734 67.59122410956797 106.83440772583708 1509.008113310189 36.697242701710024 70.5797098884658 541.2139545835148 139.44883727925514 60.609925094448045 301.55802664978455 
82.50592860254994 58.12045364078074 249.77463935707829 321.2061073619748 55.92672059111658 230.1040630377754 535.6817426536359 54.562401997073266 306.1062191715507 1678.3417350260997 1131.038945115708 34.681011641397504 115.96341115711914 240.95723303466866 206.71950455095487 191.62022262855658 67.58620940151411 106.83440772583708 1509.008113310189 36.69724100592657 70.26242265527969 541.2139545835148 139.30541722322835 60.57492206481845 298.39652403261925 
82.50592860254994 57.92365381590321 249.77154548318003 317.90067364967626 55.92672059111658 230.1040630377754 535.4723327655636 54.561500527200906 305.7889169172304 1677.4367462610949 1130.9647008934803 34.67284187498262 115.89282430126809 240.95720965907503 206.71950455095487 191.5433865482148 67.53831597437943 106.83440772583708 1508.7748014357321 36.69723845457327 69.87956587272686 539.4540135670145 139.14377117527647 60.56591055354045 298.39652403261925 
81.08837359630525 57.92365381590321 249.7166970642786 317.3595277627128 55.868666196000504 230.1040630377754 535.0674989586521 54.56024283252964 305.7889169172304 1677.4367462610949 1130.8103712347495 34.663854080505075 115.82334252376154 240.95670194041486 206.71950455095487 191.3981871286877 67.53831597437943 106.34771299151964 1504.8314455409018 36.69723375651904 67.65273318053073 539.0599104313844 138.67241402973275 60.54108394138598 295.2966428135883 
81.08837359630525 57.35675656106184 249.70107353100866 315.24824762595426 55.681094011857 230.1040630377754 535.0674989586521 54.55643376712794 304.8444241018012 1677.4367462610949 1130.4364923771586 34.658879295297425 115.72620081840114 240.94727720035667 206.6669467808996 191.3981871286877 67.5325349316123 106.02734901898748 1495.7504820563945 36.69723371478676 67.65273318053073 539.0599104313844 133.49747846207003 60.52192758768217 294.56780027228024 
81.08837359630525 57.110018835174856 249.67419387406676 315.24824762595426 55.49946228355191 230.08639842570255 535.0674989586521 54.55394053259761 304.74561509814885 1676.543331355184 1130.2785991790736 34.6586939493194 115.6368291304542 240.94689032071142 206.6669467808996 191.16691399027513 67.48461354344113 106.02734901898748 1495.7504820563945 36.697232382666584 66.59142995228149 539.0599104313844 133.49747846207003 60.501273214852404 294.56780027228024 
80.33840012927578 57.110018835174856 249.6644031340311 314.3060452862444 55.31947767240854 229.00455870144788 534.9896176412408 54.55315310496462 304.66339626150693 1674.475900289558 1129.8822696090024 34.65581324511993 115.59399146361602 240.94576811561092 206.23129383444257 191.04267782632587 67.42247541107281 106.02734901898748 1495.7504820563945 36.697230144333844 66.59142995228149 538.6839930899996 133.49747846207003 60.49643750257894 292.19324558605626 
69.26374374721058 56.94094042994607 249.61965423229321 305.893246477239 55.0298148846673 229.00455870144788 534.9716824955524 54.55219178128232 304.5502166124468 1674.475900289558 1129.8793122340758 34.650107664172424 115.5746282907819 240.94395600708754 205.93626581582532 190.809412133931 67.33992090736444 105.2326445544287 1495.7504820563945 36.697229297370086 66.59142995228149 538.6029870419493 133.49747846207003 60.45584549176169 291.01091329490555 
63.80629422395475 56.77252185187058 249.61965423229321 305.893246477239 55.0298148846673 229.00455870144788 534.8426005690335 54.55079124899112 304.5000451438243 1674.1205673590548 1127.9535662132723 34.64764391851725 115.52587548989118 240.93972502911288 205.65486198325675 190.809412133931 67.33992090736444 104.87580409473594 1495.7504820563945 36.697229297370086 65.43392102647704 537.8982755113068 133.49747846207003 60.41804284610453 290.770436695082 
63.80629422395475 56.55406467548028 249.61420675488307 304.7792257456276 54.93243824196247 228.3882109188064 534.8426005690335 54.54964517731196 304.5000451438243 1673.9098907517696 1127.9535662132723 34.64764391851725 115.41157054504868 240.9383637868675 205.65486198325675 190.809412133931 67.29764057255875 104.87580409473594 1492.4730442090527 36.697228389108886 63.66983724826048 537.8982755113068 133.49747846207003 60.41804284610453 290.3345882388089 
63.249237440440425 56.441365919741656 249.59996709400298 302.9475431517974 54.92036928342577 228.3882109188064 534.6768221406987 54.54927892459932 304.4851940303761 1673.7565073211235 1126.617865738933 34.6460086346284 115.38833756774079 240.9381672553311 205.49955631358432 190.6300456563224 67.29764057255875 104.43680419676582 1492.4730442090527 36.6972252936813 62.79937289466261 537.8982755113068 133.49747846207003 60.39179341265617 289.25065546577116 
62.665736629622415 56.19809815177359 249.5747687575356 301.4526384837952 54.90753554822072 227.85996285419174 534.6768221406987 54.54878875198199 304.24909688155253 1670.8781553776257 1125.5072162863175 34.6395460811824 110.90295141144952 240.93632737323696 205.44222730392562 190.6300456563224 67.27812916449238 103.88593733243624 1492.4730442090527 36.6972252936813 62.79661243500823 537.5894157917855 133.49747846207003 60.38369240627037 289.25065546577116 
62.665736629622415 56.19809815177359 249.5747687575356 291.19911818867627 54.83088572788972 227.2689284618018 534.6768221406987 54.54803300071683 303.73498583744185 1670.8781553776257 1125.5072162863175 34.63845236330485 109.59612420467101 240.93331501735383 205.44222730392562 190.56993389711954 67.27058691586888 102.4711099111114 1490.5942970526185 36.697225188722996 57.14444141365584 537.5894157917855 120.33920566526058 60.37150098373854 289.25065546577116 
59.73144113428896 56.04611989902537 249.57064087888807 287.2412629590922 54.817817550441646 227.0861524388622 534.5814261130663 54.547578157216094 303.73498583744185 1670.8781553776257 1125.5072162863175 34.63836635151097 108.67609999478987 240.93331501735383 204.90134142997886 190.5042390797771 67.22216701824243 102.4711099111114 1488.636568061711 36.69722483277178 55.232919132520465 537.3573225538025 120.33920566526058 60.323088682797334 289.25065546577116 
56.04877693125775 55.96207260151459 249.54932542482243 280.953697916636 54.63972899095654 226.52370389061753 534.1621545200665 54.547578157216094 303.73498583744185 1670.4264943743578 1125.1209866639444 34.63701986104866 108.67609999478987 240.930768866692 204.74204323104755 190.49797484566784 67.21817302515137 100.92292991592478 1488.5223381415317 36.697223436220725 55.232919132520465 537.3573225538025 120.33920566526058 60.29793120469617 289.11835005826015 
54.626616502029606 55.934963796240936 249.5443202421734 279.7796217770099 54.597124875727445 226.05974508012105 534.1621545200665 54.54702302787052 303.73498583744185 1670.4264943743578 1124.322983379649 34.6362066742862 106.86193377034681 240.93049169825258 204.51419283496068 190.49202890446145 67.20714631027022 99.84060978810521 1486.187111898641 36.697223436220725 53.08680737492273 537.2612707715334 120.33920566526058 60.290019044806854 288.666201720441 
54.08111659136455 55.85850953052534 249.53628421630083 273.23720511513375 54.48827361374208 225.95003853602452 534.1539433066978 54.54627631203391 303.541612265152 1670.4264943743578 1124.322983379649 34.63460805963075 106.86193377034681 240.9295370010691 204.27446693815943 190.47390103963016 67.16933756694789 97.9890567149157 1484.806472085576 36.69722335883432 52.854522554701475 536.8938895068525 120.33920566526058 60.25972091905214 287.64537161357543 
51.28307770792594 55.79967720018067 249.53001077209183 270.9971371441686 54.389566534973596 225.4723888431431 534.1360673141221 54.54623621965459 303.27876912682814 1669.1841478491451 1124.322983379649 34.63437260501837 105.94169008307779 240.92479157782873 204.27446693815943 190.40242913051895 67.16738257552356 97.59823936512862 1469.0047852631292 36.69722226299791 52.30438340375122 536.8938895068525 120.33920566526058 60.2304363324987 287.56873299340054 
51.28307770792594 55.55103950126795 249.52880548593134 270.8571916841688 54.389566534973596 225.4723888431431 534.0701287485795 54.545878983001785 302.85511460762973 1669.1841478491451 1123.4343104182221 34.63376300674622 104.75777264344345 240.91782545448655 204.19180634509166 190.37854364521786 67.10196513889912 97.59823936512862 1469.0047852631292 36.69722076616574 50.339890208278234 536.8938895068525 120.33920566526058 60.21053229022846 287.5507418440202 
50.37418939517909 55.447346302108144 249.5167907709706 268.1263264004283 54.35451827341012 225.4723888431431 534.0002536692655 54.545649552616055 302.85511460762973 1669.1841478491451 1123.4343104182221 34.63313217961468 102.66861753157116 240.91688936148353 204.1734379255738 190.3768120124089 67.08199827893145 94.94278120921012 1469.0047852631292 36.69722076616574 49.83205172617909 536.0797997815728 120.33920566526058 60.176712607590844 286.59681070360944 
49.36365613608393 55.36649736138827 249.5167907709706 265.62148987289515 54.34640869647751 225.2859135776007 533.7188212883893 54.54544588245062 302.85511460762973 1669.107191140185 1123.1255310033528 34.63284809687684 102.66861753157116 240.91430461495656 203.95425353582914 190.34638737347643 67.07367544341889 94.94278120921012 1469.0047852631292 36.69722043207321 49.02422611370582 535.5282275355576 119.60448305685975 60.161506864067064 286.50391720645257 
49.36365613608393 55.25809642275158 249.5143072885926 262.6583228190225 54.253412429539594 224.9100341760834 533.7188212883893 54.5451736572802 302.85511460762973 1669.107191140185 1122.8325669346807 34.6322718791381 102.2059710457869 240.91221179308968 203.95170743109725 190.34409387203414 67.07367544341889 94.31619122276652 1469.0047852631292 36.69722018492814 48.53952250512873 535.2902078181039 118.39178327125978 60.137878391230856 286.00691501110714 
49.30151928625378 55.25809642275158 249.50953147141877 261.96922342060475 54.2254757483031 224.59708162952734 533.5912410089268 54.54510414777371 302.52489784594354 1668.4758041019313 1122.567785073643 34.63165700187801 102.2059710457869 240.91221179308968 203.78873628729525 190.28455433937938 67.06259985386964 92.40353541500542 1469.0047852631292 36.69721975195205 47.435206084114725 508.2520195983059 118.39178327125978 60.111579949653446 285.9983050984256 
48.348629178155306 55.15232326524438 249.50953147141877 261.49732682864646 54.17211423750973 224.4102471810495 533.4241440351607 54.54510414777371 302.52489784594354 1668.4758041019313 1106.6381977722137 34.631408312688336 101.78524640272178 240.91164641084697 203.66085927220445 190.27863398126726 67.0485172863398 92.40353541500542 1469.0047852631292 36.69721946531945 45.895378684257935 508.2520195983059 113.4305215031809 60.099516990900156 285.76672702507244 
48.348629178155306 55.11628629516156 249.5002726089947 261.49732682864646 54.13732163356087 224.35369382666568 533.3135267260025 54.54506300165133 302.4211598542588 1667.8959728463192 1106.6381977722137 34.63119135763759 101.78524640272178 240.9068607083741 203.6170380934941 190.26840958977164 67.03639202879299 92.40353541500542 1469.0047852631292 36.697218664823595 45.895378684257935 508.2520195983059 111.58346529118069 60.099516990900156 284.81453785650956 
48.348629178155306 55.11628629516156 249.49816940139885 261.49732682864646 54.12879937050661 224.06802396618605 533.3135267260025 54.54490229337239 302.2272484664438 1666.53423019526 1106.6381977722137 34.63105262187514 100.71624684290418 240.90584824281223 203.5793093774147 190.2256510757578 67.0274291356111 92.18823275110753 1469.0047852631292 36.69721859349329 45.831051808506345 461.1913401209413 111.58346529118069 60.06456085427874 284.6693061457952 
48.348629178155306 55.10660257244501 249.49816940139885 258.1031286639336 54.11243408544465 223.77822142604577 532.6440904612195 54.54467718005003 302.1787205824364 1666.53423019526 1106.0973028021529 34.63091565028708 100.71624684290418 240.90584824281223 203.46242355611025 190.21001750130586 67.01447671679387 89.90231770249159 1468.6200257575438 36.69721828641525 45.831051808506345 433.24561518035125 111.58346529118069 60.062331729751236 284.53113988318387 
47.668662327935635 55.10660257244501 249.47583057084466 258.1031286639336 54.092975333886216 223.55484570861722 532.4942536792107 54.544629958501446 302.0913286893101 1666.3116818272365 1106.0973028021529 34.630287991130785 99.96495344869822 240.90452210918784 203.36514259218472 190.16707450309286 66.94868522872446 89.73273633879592 1467.2807950799306 36.69721823286159 45.58515074131799 381.70962220508227 100.72537180500012 60.04984025820863 284.53113988318387 
47.668662327935635 55.056923434582586 249.47552381112837 258.1031286639336 54.07387630531389 223.4987922422556 532.4942536792107 54.544544084896415 302.0913286893101 1665.2263162335307 1106.0973028021529 34.63014062586717 98.78120871510237 240.90379280913317 203.30146198228886 190.15161243808927 66.94868522872446 89.17008226850578 1467.2807950799306 36.69721815328819 45.483712180848784 381.70962220508227 100.72537180500012 60.03953200918443 283.99532376450543 
47.668662327935635 55.056923434582586 249.47492446273736 258.1031286639336 54.0460427347881 223.22380358046178 532.4116330334939 54.54451658208279 301.9762315520686 1665.094026857736 1106.0973028021529 34.62994951770304 98.78120871510237 240.90341252877943 203.2722949298751 190.12697488858248 66.84531686149285 88.37879916115764 1465.2688938028687 36.69721780043528 45.46792895760575 319.87408449189365 100.72537180500012 60.03443672017852 283.2306774121996 
47.64794902797507 55.056923434582586 249.45980345233488 256.40676533274745 54.03541395793286 223.14814588547813 532.4116330334939 54.544506486916816 301.9762315520686 1665.094026857736 1098.3746991413673 34.629037409641114 97.64413671472937 240.9027904961331 203.13700875950872 190.05142227078352 66.84531686149285 88.37879916115764 1465.2688938028687 36.697217788248736 44.54617022272214 276.02308214815275 100.72537180500012 60.02271899689549 283.2306774121996 
47.18296433561602 55.056923434582586 249.45359195864899 256.40676533274745 54.01775696042739 222.8390149418891 532.2573029561659 54.544375654590226 301.804702617005 1665.094026857736 1092.5932121694009 34.628781499841125 96.94606713684163 240.90130792381524 203.11894826387822 190.028210556133 66.0235831118988 88.37879916115764 1458.9893871744675 36.69721776961353 44.48807002757667 276.02308214815275 100.72537180500012 60.02016190643042 282.86859791671213 
46.70362499255839 55.040668548809094 249.45136721230597 255.6438545806809 54.016565969482144 222.74337691975438 532.2573029561659 54.54426839481539 301.37243846476304 1664.3822900644682 1092.5932121694009 34.628781499841125 96.94606713684163 240.8993340104214 203.05624082768463 190.0147629458313 65.45670488264875 88.23524826062851 1458.9893871744675 36.697217616277726 44.045169421127525 276.02308214815275 95.66679706898788 60.00515822225486 282.86859791671213 
45.942283016126225 55.040668548809094 249.44859916228643 254.77117776309456 53.99363049835506 222.02849560220852 532.2285601690837 54.5442212061746 301.13268754006504 1664.3822900644682 1092.5932121694009 34.62828355666193 96.94606713684163 240.89875645302664 203.01849524385398 190.00850174727168 64.34350710265949 87.81791976821614 1458.9893871744675 36.697217616277726 43.67166362643525 276.02308214815275 95.66679706898788 59.99916593305147 282.7035324681917 
45.94225886060508 55.040668548809094 249.44565408175686 254.77117776309456 53.9811233979284 222.02849560220852 532.2068175985473 54.54411317597578 300.89631638445235 1664.3129380851274 1088.4382962948205 34.599769295625606 96.94606713684163 240.89619989605058 202.87122576663126 189.97970143020348 62.46798863327399 86.52703742021367 1458.9893871744675 36.69721759375295 43.477750517716345 276.02308214815275 95.66679706898788 59.993723715802275 282.6345437750158 
45.91938791077098 55.02200507344014 249.4290616995113 250.3957659898531 53.959993395271226 220.43456349086125 532.0323303642203 54.54403361008758 300.8529641499822 1664.1253056115283 1086.6877538503818 34.553209004627774 96.2033970071418 240.89577230234363 202.87122576663126 189.95013383780122 61.0461472998046 86.52703742021367 1458.146876131591 36.69721740180739 43.45834995253381 276.02308214815275 95.66679706898788 59.99045295113956 282.2601827529263 
45.34799481213156 55.015002476868176 249.42706209442804 250.3957659898531 53.95492309637598 220.43456349086125 532.0323303642203 54.54401736506588 300.8529641499822 1664.1253056115283 1085.3099064709395 34.5305923195956 96.13754395592059 240.8949289242073 202.86964894141727 189.884860778919 56.67096208889154 86.42704210547049 1458.146876131591 36.697217255759824 43.343981114420785 276.02308214815275 95.66162752911532 59.7389295706181 282.21529488811007 
44.05444472839383 55.015002476868176 249.42690929658534 250.3957659898531 53.93849678300285 219.18712136789838 532.0323303642203 54.543953119362754 300.77127375555824 1663.7510176510764 1083.9938949869652 34.50608291621188 96.13754395592059 240.89406619224496 202.8609305064657 189.86027017209346 56.48068121046572 86.2352802723725 1458.146876131591 36.69721723556802 43.16215246811578 241.9252532033297 95.66162752911532 59.7389295706181 282.21529488811007 
44.05444472839383 54.98931755704518 249.42510069901618 249.5474595220178 53.929407554447835 218.66100514590255 532.0323303642203 54.543904574083285 300.7683540688322 1662.5677920835733 1081.669252662569 34.469723486201815 96.08943407405752 240.8939649749418 202.80716197316428 189.8261285693502 56.48068121046572 86.20065256266105 1457.5004926710799 36.697217107977394 43.08764793661612 222.92146715347712 95.66162752911532 59.7389295706181 282.17415033725433 
44.05444472839383 54.98080641727745 249.41431933872877 248.07924710089628 53.92650997083865 218.1898631536842 531.8033834790829 54.54388952978252 300.72628636977925 1662.5677920835733 1069.15711611199 34.38851252436962 95.9141947731415 240.89368662736274 202.70006933145555 189.81092483540488 55.85008130695053 85.76990261174149 1455.848129474255 36.69721703953519 43.048178282770095 174.98734342756597 95.66162752911532 59.40432409768232 281.5097467906953 
44.05444472839383 54.9219920461868 249.4077841082178 247.50254696145294 53.91780347737097 217.23883750141886 531.8033834790829 54.54387148663602 300.72628636977925 1662.5677920835733 1069.15711611199 34.38851252436962 95.9141947731415 240.89287088006722 202.66138067240468 189.81092483540488 54.28706738097617 85.52995619959768 1455.848129474255 36.69721696338195 43.048178282770095 146.2700559565866 94.3374634462117 59.310895877898474 281.5097467906953 
44.05444472839383 54.9219920461868 249.4043780771633 247.50254696145294 53.91780347737097 216.36607574924415 531.8033834790829 54.54386876800106 300.7098979216523 1638.2185772014864 1069.15711611199 34.38851252436962 95.87740968776495 240.8925489010726 202.65963404871263 189.80401160861857 52.83212147035101 84.86997139747189 1455.848129474255 36.69721682429088 42.80797765029513 139.9340356653754 94.3374634462117 58.12640687160956 281.5097467906953 
44.02263100014591 54.90834805390625 249.40343918148983 246.94896372300673 53.90599591379748 215.30591413813124 531.8033834790829 54.543798368630746 300.6951215930608 1638.2185772014864 1066.5170666336883 33.72874663544678 95.51195019125805 240.89203276751937 202.58882720888846 189.792808034362 52.418407465000996 84.7835433687444 1450.6424996629494 36.69721661235951 42.660998122514 139.9340356653754 92.1959635370564 58.04105217480867 281.47722661662647 
43.698109502463126 54.88220338161875 249.3976301847872 246.94896372300673 53.893448887158 214.67190682154785 531.8033834790829 54.54378158836255 300.5556567216554 1638.2185772014864 1066.5170666336883 33.1761224248138 95.27451980831313 240.89111194793486 202.37640858787972 189.768347642506 51.630887955563594 84.05035601790541 1450.6424996629494 36.69721651679754 42.660998122514 139.9340356653754 92.1959635370564 57.77952005552561 281.10418135732016 
43.45436536325917 54.873285107937136 249.3929428107092 244.90168051603587 53.8891461822044 214.14502875203175 531.7929662825563 54.54372856289001 300.51266650571324 1638.2185772014864 1066.5170666336883 33.1761224248138 94.8296012411488 240.89009960399198 202.35907030208023 189.768347642506 51.48607348434257 84.05035601790541 1450.6424996629494 36.69721637264729 42.54919801448625 139.9340356653754 92.1959635370564 57.654378059652686 281.04810331146496 
43.28681704076655 54.869845659502744 249.38933177861736 243.88690611406832 53.87824512206521 214.14502875203175 531.6645683141919 54.54369541838014 300.45070671697476 1638.2185772014864 1066.5170666336883 33.14155686946344 94.776798420972 240.88983544645885 202.24419148448783 189.76252072721854 51.42511205493463 84.05035601790541 1450.5116887000167 36.697216346516484 42.52993425954185 139.9340356653754 92.1959635370564 57.654378059652686 280.9721516069942 
42.398252363295455 54.85930173560541 249.37827673699235 243.50792825053668 53.87302918947171 209.58046486399098 531.4690962046284 54.54367265755445 300.2846174518859 1638.2185772014864 1062.4832147790057 33.05323341269286 94.776798420972 240.88933539813388 202.21406107214045 189.76252072721854 51.42511205493463 81.89314797075212 1444.1569147702257 36.697216269005935 42.443289533840584 131.4496757254543 92.1959635370564 57.636232830760605 280.634687809204 
42.398252363295455 54.85023183073383 249.37827673699235 243.09745534327544 53.87302918947171 209.17294932323466 531.3723504441498 54.5436598800585 300.24151615669325 1638.2185772014864 1062.4832147790057 33.03266739139747 94.58369356984963 240.88844486378594 202.21406107214045 189.76252072721854 50.84550658724072 81.89314797075212 1444.1569147702257 36.69721622206032 42.443289533840584 119.684878378196 84.95880192195068 57.56453743014424 280.34545695493944 
42.398252363295455 54.83499538049 249.3771251655453 243.09745534327544 53.867321873508786 208.35296466322086 531.2703384232432 54.54363807311199 300.21049578838756 1638.2185772014864 1062.4832147790057 32.91063841309153 94.2679264772712 240.88792563784 202.17849057099647 189.7591225712398 50.63112278127721 80.960706756744 1444.1569147702257 36.69721615857736 42.41530799645113 108.59087238983591 84.94837479445312 57.17240885406295 280.0109832745841 
42.153797468851394 54.8303100652779 249.07638584692177 243.09745534327544 53.864395333007906 207.28168348503687 531.126160544009 54.543624020140896 300.2064803068206 1638.2185772014864 1060.7825897008338 32.62549285121429 93.85780080665631 240.88780966603213 202.035858466744 189.7579306221303 50.35184638714145 80.960706756744 1442.7823112473461 36.69721611286343 42.29197576949832 108.59087238983591 84.4443991645121 57.17240885406295 280.0109832745841 
42.153797468851394 54.81883783568776 249.07638584692177 242.37059907911726 53.856749962037725 204.3402651283891 531.0324698908948 54.54361609011505 300.1691530686003 1638.2185772014864 1059.0266398906826 32.157997627859004 93.59584794046748 240.88724601839272 201.9571120907665 189.7413383430702 50.16559307752402 80.960706756744 1442.7823112473461 36.69721607682777 42.28016611473345 108.59087238983591 81.12703792038076 56.855712655596335 279.573071034602 
42.15156639585325 54.81883783568776 249.07638584692177 241.78575663392485 53.83143907996555 203.50052159916618 530.9021583055346 54.54359387846853 300.0692156595369 1638.2185772014864 1059.0266398906826 32.11799800454742 93.48160990944643 240.88692915358638 201.9571120907665 189.73535491030134 50.02055499536425 80.69221245626102 1442.7823112473461 36.69721606423252 42.28016611473345 108.59087238983591 81.12703792038076 56.855712655596335 279.43555523083296 
41.30197037813912 54.81883783568776 248.77316844926213 241.78575663392485 53.81686479826658 202.9639130060399 530.9021583055346 54.54358137876932 300.0692156595369 1638.2185772014864 1059.0266398906826 31.813807709838102 93.29391741709992 240.88512531975198 201.88106193274837 189.70599934403117 49.79330743912851 80.42799063304471 1442.7823112473461 36.69721603134633 42.267923658798054 108.59087238983591 78.92216235466765 56.677723589567904 279.29354182950556 
39.66172018003306 54.80722555979787 248.06149472918491 241.78575663392485 53.79664589787626 201.4232961496275 530.7389902683822 54.54356325026208 300.0692156595369 1638.2185772014864 1059.0266398906826 31.709700744444717 93.09948045478916 240.88495591476476 201.8274226196654 189.69617608406588 49.54943638616487 80.15062082496843 1442.7823112473461 36.69721600918581 42.254479191425844 108.59087238983591 78.5689761596957 56.57691574786463 279.2108934717926 
39.66172018003306 54.806928355820446 247.5652663440335 240.06153878068608 53.79434787905768 199.69322680704704 530.7385033438061 54.54356282086235 300.0692156595369 1638.2185772014864 1059.0266398906826 31.58306202680626 93.06293832045458 240.88392675615637 201.80912184814497 189.69450492567807 49.54943638616487 79.80282058852902 1442.4897313491556 36.69721597571788 42.201051214250015 108.59087238983591 78.5689761596957 56.57691574786463 278.81176992382143 
39.62429521161516 54.79980847149568 247.5652663440335 240.06153878068608 53.78961152112936 198.64955022515414 530.3701050698178 54.5435572503161 299.98704608417097 1638.2185772014864 1059.0266398906826 31.48756358281628 92.96191305296793 240.88306321918253 201.68398471840158 189.6903740529067 49.45088601485486 79.57682650415461 1441.1697441459673 36.69721586686728 42.17794798042257 108.59087238983591 76.03511333756501 56.56135894244676 278.5149858437512 
39.06911844240449 54.79446816510847 246.86717492512093 239.80500968192382 53.78346180761855 198.64955022515414 530.3701050698178 54.54353756429862 299.90790410679733 1638.2185772014864 1058.9835752758231 31.445115712877623 92.47704439677989 240.88138854614817 201.6604099018066 189.67354318316563 49.45088601485486 79.43111248735033 1440.2177854177608 36.69721580929331 42.17794798042257 108.59087238983591 74.8944973242983 56.5259967050813 278.4610672044814 
38.31281742981275 54.79060362077246 246.60333646206573 239.7219409005511 53.77487820405099 196.63879576838474 530.3701050698178 54.54352954684964 299.79547379343103 1638.2185772014864 1058.9835752758231 31.324268095310003 92.3737181889885 240.88098319158462 201.59957338688037 189.67086724716387 49.30963798121081 78.98485350683302 1440.1112979190698 36.69721580690566 42.03948132106257 102.65192462769119 73.47629538335855 56.49605978876423 278.13479956862716 
37.94834031531889 54.780909176809814 246.20832960181747 239.7219409005511 53.768731727468776 195.10250033003206 530.3701050698178 54.54348431862229 299.72509355298826 1638.2185772014864 1058.3256302299756 30.919761115667598 92.3737181889885 240.88096477471618 201.43108266304296 189.66222239672732 49.123442670175564 78.98485350683302 1439.3222578609839 36.69721570889283 42.03948132106257 99.62694673805515 64.34138854040555 56.340776392718 277.8229787209966 
37.72075211176093 54.77874888581641 245.64022469932092 239.51619008452008 53.76607123037877 193.09227136756112 530.3348976983443 54.5434383044942 299.66667983138177 1638.2185772014864 1058.3256302299756 30.89520979211693 92.11430374850659 240.88075258965227 201.31918840220305 189.6553439829088 49.123442670175564 78.92864286376653 1434.61062881216 36.69721566092585 42.02596867222121 99.62694673805515 64.34138854040555 56.244577747086396 277.522664404873 
37.538957035005865 54.77577198834433 244.6036708587692 239.2123127863522 53.764056448300494 192.93844445063712 530.3348976983443 54.54343531290647 299.57688375965176 1638.2185772014864 1057.446646669387 30.809499359103484 89.12320387959005 240.88017582254656 201.25201213730134 189.64806018937804 49.009736993779256 78.84244900895624 1434.5525383242452 36.697215657421 42.00218189540578 99.62694673805515 64.34138854040555 56.244577747086396 276.9438925696072 
37.354059223473996 54.77504800547797 244.6036708587692 238.6698732771688 53.76361911193942 192.46119956249868 530.317152621808 54.54342722509955 299.57688375965176 1638.2185772014864 1057.0081519209978 30.75339383202254 88.35670514787353 240.87918014073557 201.19493975495345 189.64806018937804 48.889744429575785 78.40133866481744 1434.3002365722932 36.69721560654955 41.989567585545046 99.62694673805515 64.34138854040555 56.22573685332145 276.9282876174325 
37.20554578936685 54.772461882139055 244.23302632825016 238.01589278557208 53.760623630724126 191.25295281476212 530.2182653974694 54.54341565822119 299.57688375965176 1638.2185772014864 1055.7176868427246 30.574150899603524 88.35670514787353 240.87821391761895 201.09898493591174 189.6439818808068 48.84913004538305 77.98122697786357 1434.3002365722932 36.69721548312191 41.970697744675704 96.86755153609101 64.34138854040555 56.22191746995668 276.89637018635517 
37.13991783794779 54.76839970421179 243.74712589394312 237.93507106117863 53.755769034040554 190.2606758783852 530.2182653974694 54.54340026214584 299.50730630363546 1638.2185772014864 1053.718834696 30.43832609313847 88.04288791790884 240.87765527593297 201.0184825385461 189.6394798116022 48.64302866211506 77.98074035279205 1434.3002365722932 36.69721546986045 41.9387723121165 96.86755153609101 64.34138854040555 55.99921286896881 276.82697354240236 
37.063144230168064 54.76688893532082 243.60161568924923 237.19252060315875 53.75235483707263 190.2606758783852 530.2182653974694 54.54340026214584 299.45476510483127 1638.2185772014864 1053.718834696 30.431186947549236 84.20503839401545 240.87765527593297 200.99576541769932 189.6394798116022 48.58430315539465 77.7687872238921 1434.3002365722932 36.697215390607084 41.92746405412379 96.86755153609101 64.34138854040555 55.99921286896881 276.58605295622897 
36.99674523726799 54.7661569062941 243.4844127278327 237.19252060315875 53.7508010458331 189.65470955876344 530.2182653974694 54.54340026214584 299.4479876915966 1638.2185772014864 1053.7109513657977 30.410592376194927 84.20503839401545 240.87755493113832 200.89266984763208 189.63444045273854 48.577135997696246 77.44757924108285 1432.7680187119458 36.69721538764975 41.92746405412379 94.57888919839365 64.34138854040555 55.84600879919219 276.58605295622897 
36.913097497270655 54.76214040063667 243.4844127278327 237.19252060315875 53.7508010458331 189.65470955876344 530.2027662624259 54.54340026214584 299.3555864216771 1638.2185772014864 1053.5963218998959 30.370885132758303 84.14565325745184 240.87741948692542 200.8554333922533 189.62997483090908 48.525175137160204 77.44757924108285 1432.7680187119458 36.69721537680664 41.872447305921014 87.15066619067056 64.34138854040555 55.81350834742727 276.58605295622897 
36.77738199898977 54.75961531514213 243.19034287907152 237.19252060315875 53.74960578100115 188.78556907831535 530.2027662624259 54.54340005780887 299.2860952094052 1638.2185772014864 1053.5963218998959 30.328209225109276 81.71400787603682 240.87712786133466 200.82458352479 189.62883315560907 48.420797648496205 77.41436784087944 1432.7680187119458 36.69721536355257 41.872447305921014 80.92190958403205 64.34138854040555 55.72053678192606 276.2283587098939 
36.72323326279434 54.75954454841087 242.84139974847972 236.76706039890814 53.74960578100115 188.78556907831535 530.1833143677841 54.54339778894837 299.19647631631756 1638.2185772014864 1053.5963218998959 30.316405384019617 80.62699165643028 240.8769859826025 200.79308304893664 189.62544044351466 48.297529700532664 77.20945762906649 1432.7680187119458 36.69721534631162 41.834365333391816 80.92190958403205 64.34138854040555 55.672435036481716 276.2283587098939 
36.50455757780901 54.75784614495558 241.69301682272817 236.76706039890814 53.74803160434021 188.75203098239865 530.1473453330468 54.543391508689865 299.19647631631756 1638.2185772014864 1053.441559155051 30.267930249575898 79.53001556790798 240.87683308526903 200.74156767370118 189.62155122066133 48.185292813282786 77.20945762906649 1432.7680187119458 36.69721531918492 41.834365333391816 80.92190958403205 64.34138854040555 55.62167093141272 276.2271543334116 
35.96425133890489 54.75525093819931 241.57563878764267 236.31932328809216 53.74776602684403 188.1247713866186 530.0784463022355 54.54338987143683 298.9580513236656 1638.2185772014864 1053.441559155051 30.248712824387894 79.38299718096096 240.87649824692608 200.71942780819256 189.61908951133387 48.12692317498545 77.20945762906649 1429.6652980854378 36.69721527403328 41.834365333391816 74.57448683950122 64.34138854040555 55.57547106335653 276.12493321194347 
35.51566162340305 54.752889685767855 241.22979469471898 236.0672816266781 53.74764360503377 187.98457595856974 530.0784463022355 54.54338397709955 298.81468695315607 1638.2185772014864 1053.441559155051 30.227594386489955 78.71396774776508 240.87637872396385 200.69197667415688 189.60910823615336 48.12692317498545 77.09815297578507 1429.6652980854378 36.69721527403328 41.82802983920578 74.57448683950122 64.34138854040555 55.558091611051054 276.09569968970163 
35.514876370032994 54.752843810361696 240.9933149150836 236.0672816266781 53.747204379571485 187.94365738348017 530.0016069039725 54.54338397709955 296.3733687871786 1638.2185772014864 1053.441559155051 30.2245401296791 78.71396774776508 240.87592184750474 200.6709001994542 189.60684675127766 48.12692317498545 77.09815297578507 1428.8853532289477 36.69721524100953 41.80798214131471 72.00675808692858 63.781812501728496 55.46669101183534 276.0797029779478 
35.479994392500316 54.75275266860638 240.9266543388585 236.01256544531452 53.74626413583087 187.8190023524819 529.9915223674166 54.54338397709955 293.6005069585883 1638.2185772014864 1052.031036897655 30.150505359848125 75.17529354943792 240.87558155794545 200.5750535037207 189.60684675127766 48.108282045068904 76.9049359896461 1428.5625682228965 36.69721523626367 41.80565349023095 72.00675808692858 63.781812501728496 55.38277331723805 276.07024015226307 
35.23482821264474 54.75219843159903 240.2120690027964 235.92638255803968 53.74576684883891 187.23891178561905 529.9103518676425 54.54338077914031 291.91040615625957 1638.2185772014864 1052.031036897655 30.117514980650185 75.17529354943792 240.87535109053647 200.5750535037207 189.60406786615317 48.08979700692521 76.9049359896461 1428.5625682228965 36.697215200605456 41.803519627590504 72.00675808692858 63.05637164308598 55.240821277834584 276.0363895093683 
34.962769405463746 54.7481497994645 240.18445486190694 235.92638255803968 53.744884497448425 187.23891178561905 529.8609632343969 54.54338077914031 291.91040615625957 1638.2185772014864 1051.9686491269804 30.109413317970393 75.17529354943792 240.87518405399624 200.5398914245145 189.60302493281097 48.045954034459214 76.88005299158863 1428.5625682228965 36.697215167320564 41.78590241398706 70.15486991976832 60.75093505145685 55.06365245399945 276.0140717024956 
34.767060779856706 54.74683152850878 240.07420488164985 235.84788133904567 53.743999640688344 187.23891178561905 529.7689367458329 54.54337797444509 291.91040615625957 1638.2185772014864 1050.4945985069965 30.102487199386132 74.60205798195761 240.87507042681227 200.53745610911074 189.60268394925356 48.03838833192856 76.78847588795361 1426.9924900682076 36.69721515485753 41.78590241398706 67.45303577425466 56.68496218009261 54.986467039771924 275.9999921485796 
34.767060779856706 54.745642938093965 239.5040147384018 235.73433419152911 53.74305073262656 187.23891178561905 529.7218032412056 54.54337698684947 290.24067559254854 1638.2185772014864 1050.0074287234258 30.102487199386132 74.11283942466991 240.87505513455835 200.52252280882738 189.60187767656896 47.965063761773536 76.74214467128161 1426.9924900682076 36.69721514162529 41.769658768508066 67.45303577425466 56.68496218009261 54.96938531299247 275.9769371843329 
34.74276285280223 54.744619818500155 239.41484074798177 235.73433419152911 53.74304077253771 187.23891178561905 529.7050375413492 54.54337692873753 287.3328386351118 1638.2185772014864 1049.738712122076 30.099796013565992 73.19870522671624 240.87486107914197 200.50615747930328 189.60187767656896 47.93182462715947 76.6825514566857 1425.2533395028108 36.697215120802866 41.760828298952674 66.973954214213 55.59283211772265 54.94075700496421 275.97265020894565 
34.65407156533968 54.74193000909975 239.18431714176222 235.45343666035046 53.741453625709596 186.8736949161056 529.646989037572 54.54337564545608 286.79732459599836 1638.2185772014864 1049.738712122076 30.08596304238131 73.19870522671624 240.8747780424967 200.46924755173086 189.59975998310722 47.92681462729763 76.65792655249061 1425.2533395028108 36.69721507832389 41.759760114147525 66.973954214213 55.59283211772265 54.85852417485728 275.97265020894565 
34.62499749633196 54.73928041976319 239.06452378935114 234.85521530699043 53.73975806569604 186.8736949161056 529.646989037572 54.54337220705224 285.0723278938933 1638.2185772014864 1049.738712122076 30.060875476527258 73.19870522671624 240.8746495920525 200.45811837178655 189.59627043160185 47.752252552928894 76.557862593707 1423.9939501018016 36.69721506067481 41.755690233567975 66.79934964069002 55.59283211772265 54.834829292108 275.96429078555275 
34.5891468254481 54.73627140466499 238.3878016022943 234.80309923983282 53.73820418893774 186.6953948820351 529.5786390682081 54.54336976992363 285.0723278938933 1638.2185772014864 1049.7016464909493 30.05770232210955 72.74473798656163 240.87457256751964 200.39526277376615 189.59405437782289 47.72087794416166 76.50783173954017 1423.9939501018016 36.697215044952486 41.755649368328704 65.60130318285462 55.59283211772265 54.766829347771704 275.95848562975493 
34.57043373580598 54.73306190641722 238.36399258459642 233.83475357979773 53.7376556278341 186.61353237900164 529.5786390682081 54.54336888610669 284.0360416196754 1638.2185772014864 1049.3737688069966 30.039912349169526 72.74473798656163 240.8744890400999 200.3942106318251 189.5904264197702 47.72087794416166 76.48274954330532 1423.9939501018016 36.69721504238305 41.746920424659606 65.60130318285462 55.59283211772265 54.760913756997184 275.9486484206989 
34.43457733570108 54.73306190641722 237.82174048863703 233.7109809106264 53.73720483757597 186.61353237900164 529.4858232852334 54.54336796173072 282.9838075249513 1638.2185772014864 1049.3737688069966 30.015473788854138 70.35399063571572 240.874285391606 200.37950814809642 189.58853919438525 47.67413605333422 76.33846603558789 1423.9939501018016 36.69721502540506 41.743863444954286 65.60130318285462 55.59283211772265 54.67020837284326 275.9440215588911 
34.42419229743757 54.72998434994463 237.03842113530754 233.46315184642685 53.735763329576685 186.60586919691468 529.4858232852334 54.54336780380868 281.143024650534 1638.2185772014864 1048.8339518995945 30.010692966031115 70.3224858587489 240.8741842839231 200.37682249997874 189.58458295206378 47.65875583846946 76.2968413524485 1423.9939501018016 36.69721501651884 41.723111638907994 65.60130318285462 54.80763823277164 54.61755110399429 275.9404951048957 
34.4034668417554 54.72939439228571 236.518718525866 232.7939042679891 53.73529385240522 186.48783683179147 529.408109229179 54.543366887087245 281.143024650534 1638.2185772014864 1048.8339518995945 29.996239491189726 69.52329683697212 240.87395510025294 200.34529309522463 189.58403040277142 47.606425244181764 76.1792665452432 1423.9939501018016 36.697215008553485 41.70920276006348 64.00077134234186 53.80034708700805 54.59441058639709 275.9192326463142 
34.3697482364646 54.72820272393767 235.6197598987519 230.1072481279366 53.73450249064524 186.40394848493452 529.408109229179 54.54336569593727 280.1985927659275 1638.2185772014864 1048.8339518995945 29.97947897187987 69.30107282481686 240.87392081014968 200.3142443289396 189.58277965966136 47.606425244181764 76.1128279123833 1423.9939501018016 36.69721497404976 41.70773246435601 64.00077134234186 49.21553278627675 54.45869353459102 275.9076610403067 
34.314474509210754 54.72720154374758 235.31031400907818 229.98933583951566 53.73437257980822 186.31373892029353 529.408109229179 54.54336507283983 279.4237813440104 1638.2185772014864 1048.8339518995945 29.963985861894344 67.95052525870915 240.87388963159447 200.3126196402742 189.58277965966136 47.601860898104064 76.07204302654827 1423.9939501018016 36.69721496450495 41.70606705960233 60.939360464784386 49.21553278627675 54.38250933379595 275.83177076018774 
34.28947628255332 54.72645682036102 234.9286305717203 229.86832647544816 53.7335211500274 186.2090325514364 529.3627674407549 54.5433638106025 277.8289214596059 1638.2185772014864 1048.8339518995945 29.963159308602258 66.89668582895843 240.87384624986726 200.30939013861018 189.58265266551507 47.56090896305602 76.07204302654827 1422.4110637098602 36.69721494364444 41.703373755305165 60.70594923437807 49.21553278627675 54.28558367826861 275.8021988000585 
34.238069717283906 54.72558570295462 234.84439663422063 229.66033742943978 53.732703971763726 186.14230001478234 529.3308917450463 54.54336297530165 276.8660305252911 1638.2185772014864 1048.4930124625891 29.956386800832888 66.48193388467121 240.87371734149792 200.30882111174344 189.58169112470455 47.56090896305602 76.06656859646637 1422.4110637098602 36.69721492569238 41.699431742900515 60.70594923437807 49.21553278627675 54.2282827511051 275.7816072134433 
34.224074260739826 54.72504685956494 233.60863642679533 229.5672489100125 53.731656463454556 186.08452296939265 529.3015222834642 54.54336280386792 273.00553194514623 1638.2185772014864 1047.718527897897 29.944756153947992 66.18198113917435 240.8736540354589 200.30513701485063 189.58057927917866 47.52355736010418 76.01019869697359 1422.4110637098602 36.697214864056605 41.69669032321906 58.272400966136956 47.14195197722063 54.21332052321702 275.77161929994986 
34.2076018284821 54.724926998361184 233.5037530115644 229.42673305113476 53.730797582747186 186.0301942821709 529.2321689330865 54.54336226331293 273.00553194514623 1638.2185772014864 1047.718527897897 29.944756153947992 66.18198113917435 240.87355519431958 200.30513701485063 189.58057927917866 47.47553373027449 75.99679398279659 1422.4110637098602 36.69721485485013 41.69603968711772 55.127812293476154 43.674477020040854 54.17257487989059 275.74040084119815 
34.19429945188119 54.724783376769665 233.45550230347203 228.9695631047132 53.73025892601879 185.97788572356433 529.2321689330865 54.54336187121146 272.3358714820165 1572.0436887760134 1047.718527897897 29.94049842721165 66.18198113917435 240.8733234560541 200.2944934566807 189.58035309581874 47.458936206428916 75.9937690205586 1422.4110637098602 36.69721481350791 41.69491490927294 55.00687687379832 41.82278253998561 54.102646832152914 275.727678575807 
34.135754763569594 54.7246283192037 233.35897629334727 228.9695631047132 53.72989523267529 185.8467343689773 529.2321689330865 54.54336117024093 272.3358714820165 1567.2873707404274 1047.718527897897 29.912156746905794 65.92438442053492 240.87323393425459 200.2879727183839 189.5793628076783 47.44808186475859 73.58917163713852 1422.4110637098602 36.69721479526254 41.69139159762585 54.821803210856615 41.221727153286 54.097945640624516 275.68145998713703 
34.12253968489995 54.72459681364967 233.35897629334727 228.6147584773562 53.72820949827849 185.66756114817872 529.2089571743263 54.54336064051586 270.8871801321959 1567.2873707404274 1047.588193566347 29.909540448635084 65.68689008106276 240.8731858431754 200.27892432748115 189.5762267425457 47.39133658304536 72.40930660966444 1417.729733704109 36.697214786080394 41.68589183153563 54.422025409202774 40.6081497110697 54.07693974424342 275.65792240763176 
34.11792419784615 54.7238291769753 233.2490015608853 227.98467000905862 53.727998850950826 185.56993990823491 529.0832865874484 54.54336040342332 270.8871801321959 1559.3185610582414 1047.4993229550469 29.899903776768042 64.9391872224752 240.87315858708666 200.27764088094943 189.57515901780903 47.3797745435196 69.22301005131487 1417.729733704109 36.697214784678295 41.681995602276174 53.07994448491718 34.08167280460793 54.05982048592011 275.60926023158527 
34.09179032388795 54.72374567466318 233.00832439312398 227.98467000905862 53.72750711363824 185.47906914795692 529.0832865874484 54.54336003532342 269.4638601055374 1559.3185610582414 1047.4993229550469 29.89562748239348 64.9391872224752 240.87312241848667 200.2678264879554 189.57505191996893 47.35615521906857 69.22301005131487 1417.729733704109 36.69721477174778 41.67932847421514 51.478317573244 34.08167280460793 54.04268921181574 275.5716457121 
34.08576509540126 54.723523128784564 232.71555382886754 227.94322438499557 53.7274288762776 185.41113392529599 529.0832865874484 54.543359669923916 268.3544893290675 1551.3689919325761 1047.4565784453416 29.88073868777269 64.9230052339584 240.87307326045016 200.2678264879554 189.5744266274313 47.33539631194208 69.22301005131487 1417.729733704109 36.69721476708355 41.6779677509154 49.55830784850582 34.08167280460793 54.012303863561556 275.5662153663734 
34.06483513905687 54.723320142139755 232.71555382886754 227.8148024448301 53.72734447575874 185.3675681277175 529.0652112308803 54.54335936621885 268.3544893290675 1549.508100801706 1046.2291356740766 29.863263695680416 64.90967106112987 240.87287382860313 200.2678264879554 189.57343917420496 47.318763795891186 68.76448016702113 1417.729733704109 36.697214763183865 41.67525673098271 49.55830784850582 32.4917339438573 53.98471890578924 275.5363505762982 
34.044713852581594 54.723288811492694 232.60757491110076 227.7651719780813 53.72722762373655 185.24652230285767 529.0652112308803 54.54335923787892 267.78120281700376 1536.8625180987688 1046.2291356740766 29.808919111798673 64.71283111481216 240.87287042807998 200.26169588948892 189.57343917420496 47.28633714358284 68.50305188438199 1417.729733704109 36.697214751047454 41.674865839754034 49.20699538416454 30.876683252654857 53.98471890578924 275.51120586581783 
34.02920054207016 54.722898562778596 232.49826109357969 227.69279003829888 53.72664197275617 185.2223608749755 529.0426759595591 54.543359018021874 267.78120281700376 1506.56936182224 1046.2291356740766 29.797722042175792 64.42773224518123 240.87285777577654 200.25774313019883 189.57281341634473 47.265376262283326 67.43814982392018 1417.729733704109 36.69721474535277 41.67399959951865 48.3740797092031 30.876683252654857 53.95328594902844 275.484440226415 
34.027298681505044 54.7224884920638 232.1252905273684 227.44821007869655 53.72664197275617 185.1716004935863 529.0426759595591 54.54335874189837 265.0281014273887 1506.56936182224 1046.2291356740766 29.789299111829905 63.93613809879821 240.8726860497868 200.25734991008107 189.5726094341211 47.24827290857331 65.96246461842168 1417.2607606188403 36.69721474535277 41.67304889494699 47.518867501613045 30.876683252654857 53.95328594902844 275.4324565902298 
34.00744892066905 54.722338238947486 232.11380752436344 227.10898917279428 53.726462152621934 185.07227096947747 529.0180762140767 54.543358651798826 265.0281014273887 1506.56936182224 1046.2291356740766 29.77802827268374 63.93613809879821 240.87252754204042 200.24934723193394 189.57187655720008 47.240015081302204 65.96246461842168 1417.2607606188403 36.69721474535277 41.6707035241094 47.246915220786036 30.876683252654857 53.95310975052746 275.3922471675737 
33.979979512951445 54.722263858662814 232.10108432329002 226.87729831210936 53.7261305537628 185.0533414602238 528.9933909479871 54.54335847547247 265.0281014273887 1506.56936182224 1046.2291356740766 29.774113913494148 63.785619355592075 240.87244701491022 200.2420363101387 189.57154765597454 47.215311541567985 65.96246461842168 1417.2607606188403 36.6972147283891 41.66813929081434 46.31113130948961 29.950366408106902 53.94299394467487 275.37070885828007 
33.979979512951445 54.72220458205459 231.78903774960781 226.35243943147725 53.72603215086906 184.96692010607921 528.9852181145989 54.54335826194108 265.0281014273887 1506.56936182224 1046.2291356740766 29.774113913494148 63.4318836425108 240.87241915075288 200.2361540149841 189.57139436684577 47.20443700318424 65.85605831307635 1417.2438416714945 36.69721472826484 41.66535741005259 45.411282294629245 29.950366408106902 53.91772800360036 275.28885735173935 
33.960553854040995 54.72193243744334 231.6247919106945 226.35243943147725 53.725924827261224 184.96692010607921 528.9562970523866 54.54335821631821 265.0281014273887 1506.56936182224 1046.2291356740766 29.771460950681103 63.4318836425108 240.8723422743078 200.2353617920587 189.57057426674055 47.193509635655914 63.18637814840247 1415.650286400472 36.69721472748756 41.66535741005259 44.301172400574956 29.950366408106902 53.886816151684116 275.2651042001519 
33.949934671175356 54.72131237659141 231.54846575215606 226.35243943147725 53.72584318682357 184.92635769081153 528.9080340942278 54.543358097380406 264.4732949276013 1506.56936182224 1046.2291356740766 29.762637809321404 63.200096198783854 240.87221423145343 200.23501372280919 189.57057426674055 47.19080440841185 61.842104753876924 1415.650286400472 36.697214720795046 41.662418351850306 43.988950297986776 29.950366408106902 53.87904605586368 275.258622394535 
33.948747683294414 54.72131237659141 231.5110509632459 226.11791409029615 53.72559314152568 184.79401277313787 528.9003195202085 54.5433578230311 262.9236252908322 1506.56936182224 1046.2291356740766 29.76185720829585 63.0073379319349 240.87220762191555 200.22391556818275 189.57039636403204 47.17739163524368 61.842104753876924 1415.650286400472 36.69721471971229 41.62329755719725 43.26662562235117 26.525499603083176 53.87887573801925 275.24987469635516 
33.94175953331967 54.72099661752668 231.4387118282059 226.11791409029615 53.725555772146095 184.79401277313787 528.844918075125 54.5433578230311 262.9236252908322 1506.56936182224 1046.096937195892 29.759976947775954 63.00368032465576 240.8719675968507 200.22133693207297 189.56821275338257 47.14903160624851 60.27744417934139 1415.3623479555445 36.697214718789496 41.61699976963769 43.26662562235117 26.525499603083176 53.819686587276124 275.2384528168468 
33.935903338711114 54.72081013327784 231.42852931300536 226.03657695039442 53.725493715399466 184.76491786168378 528.8268376984879 54.54335767964608 262.9236252908322 1506.56936182224 1046.096937195892 29.75662949870707 62.884321851082746 240.8719596484807 200.2191840617886 189.5679237792491 47.14903160624851 59.39239823359753 1415.3623479555445 36.69721471810385 41.547178587113535 43.26662562235117 26.525499603083176 53.819686587276124 275.23384763709464 
33.93248637945101 54.720753066330644 231.2270217616972 224.92365426027482 53.72537845857346 184.7524481881684 528.8189998736748 54.543357624628015 261.9162014440674 1498.925450817866 1045.1935502344331 29.754813424060785 62.42736539435214 240.87188371892216 200.21819042700963 189.56786626764983 47.14866995334364 59.39239823359753 1415.148150311169 36.6972147138373 41.534824853040504 43.248821107369395 26.525499603083176 53.8114003002687 275.1755181390147 
33.93106446979027 54.720607053818526 231.2270217616972 224.88977565840332 53.725303196597224 184.71288153536193 528.792537823796 54.543357604522384 261.2863571978255 1447.0344184284222 1045.1935502344331 29.751428257974908 62.33581778501116 240.8718047678667 200.2156307238307 189.5677550020921 47.14703366390222 58.83066790436749 1415.148150311169 36.69721470835998 41.52039312349791 42.42209089090841 25.27656283145143 53.79586177836882 275.1427416359561 
33.92497918548702 54.72056648670059 231.03534102524623 224.88977565840332 53.7249474198826 184.70703002730943 528.7912894294675 54.54335753516409 261.2863571978255 1447.0344184284222 1044.2762189649536 29.748592115980728 62.239686853059766 240.871776896116 200.21063327264324 189.5671827480752 47.138586995750416 58.83066790436749 1415.148150311169 36.6972146955419 41.50720769404336 42.394182267590736 25.19881679233606 53.78193392273283 275.1427416359561 
33.92494270386362 54.72047396290054 231.03534102524623 224.6866987667047 53.72470534795525 184.69248540714193 528.7604782878923 54.54335746577999 261.2863571978255 1447.0344184284222 1043.456603375751 29.744798151366922 61.97974318710294 240.87165749648125 200.20306269028163 189.56700192330254 47.13140791171065 57.60084382027162 1415.148150311169 36.6972146955419 41.50213234321245 42.1504339838699 25.03797597302082 53.77714135763415 275.119556958756 
33.92262418484586 54.720205603402405 231.01320604870762 224.5980487517004 53.72455235142047 184.68334869008913 528.7412623443552 54.54335739658029 259.9791210492856 1447.0344184284222 1043.456603375751 29.741537707140765 61.955486416449276 240.87161659868866 200.20252330858273 189.5649769277196 47.12097344571521 57.60084382027162 1414.5030121036962 36.69721469163528 41.498279468644 42.00141892605893 24.770712111911394 53.768067400306336 275.11420318474006 
33.91996907563828 54.72014325434134 230.95944249207696 224.3434791030113 53.72443144975307 184.66112402431793 528.720749994905 54.54335737749318 259.9791210492856 1447.0344184284222 1043.456603375751 29.740204563153497 61.85119354090955 240.87158682218615 200.20132073018613 189.56486132822886 47.11038825968649 56.40462275289167 1414.5030121036962 36.69721468979901 41.492839426660225 41.60569815481881 24.770712111911394 53.76354779997996 275.11330758924305 
33.91757948840677 54.72007801894733 230.95788378993393 224.14250883821865 53.724267672618794 184.65487585343317 528.6788300469952 54.5433573151422 259.9044301881254 1440.7068391817352 1043.456603375751 29.738382589910543 61.69328744167649 240.87154067791562 200.1998064715433 189.5634827609391 47.09938147648052 56.40462275289167 1414.5030121036962 36.69721468979901 41.48465878799527 41.60569815481881 24.4419005192874 53.7590694853244 275.1094168787263 
33.91514010987464 54.7197506319352 230.92911309100236 224.01613102851024 53.72426187232804 184.64128132589167 528.6457156003005 54.543357155313856 259.9044301881254 1434.6773004173983 1043.4469875184686 29.738325697701725 61.406456888313414 240.8715178024836 200.1981280538805 189.5632571700337 47.09938147648052 56.22498995085334 1414.5030121036962 36.69721468583214 41.47565097078427 41.60569815481881 24.4419005192874 53.75721794258493 275.09849916180497 
33.91407701926494 54.719746934827754 230.90470377391716 223.5403792495597 53.72418213938795 184.64083880838302 528.6457156003005 54.543357008991734 258.2513995493782 1418.9901113483675 1043.2798186456225 29.73656467835019 61.36207623117798 240.87146730383415 200.19223318653803 189.56280882249587 47.09556267270898 55.97743588712797 1414.5030121036962 36.697214685567474 41.47341910893999 41.22796552074874 22.666581079011053 53.74056043620692 275.09849916180497 
33.91407701926494 54.71969335597373 230.87647528330308 223.02047790859615 53.72401123544205 184.63423292616528 528.6366228379609 54.543356997062915 258.2513995493782 1391.3404542638355 1043.2798186456225 29.733635587002254 61.36207623117798 240.8714372851075 200.19214929839973 189.56280536893382 47.08665458739267 55.97743588712797 1414.2296763422555 36.69721468436194 41.46866733019499 41.195430588027875 22.666581079011053 53.74056043620692 275.0938855004024 
33.91407701926494 54.719544299988456 230.86774148879863 222.98436724999 53.72386533881695 184.63104881797733 528.6209076959608 54.543356874270785 258.2513995493782 1391.3404542638355 1043.2219162210354 29.732896193674605 61.115767776453026 240.87141693688704 200.19214929839973 189.56267083250498 47.080351829813026 54.85142519928411 1414.1380886669667 36.69721468364037 41.46844473715771 41.195430588027875 22.50457772510947 53.72316082586917 275.06895250649836 
33.91345206947483 54.719527537070576 230.8602218982121 222.90475591291283 53.72377159680286 184.62930527961566 528.6147085222028 54.54335683036743 256.5573341080585 1391.3404542638355 1043.172210429302 29.732458790911664 60.991900285545285 240.87138610762918 200.187931588384 189.56192708692697 47.078477646606984 54.85142519928411 1414.0180698103495 36.69721467770296 41.465819232649665 40.74756677845255 22.000151621199052 53.72316082586917 275.06895250649836 
33.91220303713999 54.71944310728895 230.81766044269762 222.33013366884825 53.72369954480598 184.61800592683574 528.5566610591331 54.54335675120353 255.97759071314294 1391.3404542638355 1041.7227166561556 29.73146464709646 60.965735340065976 240.87126911750124 200.18522864891963 189.56169915625765 47.06085996901038 54.53891572650298 1414.0180698103495 36.69721467749366 41.463477228349234 40.70558111135051 21.745578366883706 53.711737737104045 275.0672564566803 
33.91220303713999 54.71936041801894 230.79874944430935 221.75610440016612 53.7235312660124 184.61479438930314 528.5160598422146 54.543356651774275 254.4194283061761 1391.3404542638355 1041.7227166561556 29.730941104603517 60.845236975033345 240.87126911750124 200.18154587316633 189.56168644781394 47.032067206139686 54.53891572650298 1413.6186702171553 36.697214675040755 41.46061464191564 39.84647279616422 21.264126365468655 53.711737737104045 275.0604371354891 
33.90828593137928 54.71924796528526 230.79623347191773 221.35880985843676 53.723440072348694 184.60971766381977 528.5160598422146 54.54335660908657 254.4194283061761 1391.3404542638355 1041.7227166561556 29.730912263379764 60.82678208546088 240.87123976817338 200.17987282264983 189.5612202838272 47.01060311272613 54.53891572650298 1413.3028693780452 36.697214674680936 41.458429638504185 39.822436858724586 21.04186479722796 53.711737737104045 275.05334434462475 
33.908224778091835 54.71916245846319 230.76052025872627 221.34109903481124 53.72342047105849 184.6009726855292 528.4819498703987 54.54335648314009 253.62942881838103 1391.3404542638355 1041.5985327692704 29.73005824662482 60.7421038574812 240.87120023032935 200.17572498716027 189.56039175418596 46.99567001397429 54.41857541841489 1413.3028693780452 36.69721467443992 41.455129217975696 39.822436858724586 20.964957967546297 53.709466913702954 275.05334434462475 
33.9079406144333 54.71905557731998 230.73696254416723 220.93629500680606 53.72328142815718 184.60043031952466 528.4819498703987 54.54335648314009 253.44563998465628 1391.3404542638355 1041.5985327692704 29.72951451457118 60.57390369048733 240.87113719691388 200.17536941397657 189.56018466208366 46.98508665926386 53.818767102736274 1413.3028693780452 36.697214672036694 41.453562498220435 39.822436858724586 20.935959365403278 53.704519798728484 275.04444355155715 
33.907732912742745 54.71878275653194 230.72156771739196 220.85952455352435 53.72322665773663 184.58522824399552 528.46470881294 54.543356405781196 252.9241603404862 1391.3404542638355 1041.0323358065953 29.72931200835012 60.47332124958939 240.87111692713688 200.1740373337717 189.56005089505766 46.980640101512904 53.818767102736274 1409.5454685465975 36.697214671663005 41.45132172131605 39.57861117667164 20.798566907791837 53.702568559355996 275.0418714362129 
33.90755721127289 54.71878275653194 230.72156771739196 220.33835903758018 53.72316284686656 184.58189050839337 528.4495391336718 54.54335634370091 252.79004513324435 1361.061446063608 1039.6011712166862 29.72931083806725 60.24798703568695 240.87107549802636 200.17266971040635 189.55928631046982 46.97822169174003 53.39083548410872 1409.5454685465975 36.69721467034776 41.44646422221513 39.471934748091826 20.798566907791837 53.69996449694395 275.0359850425293 
33.90723988172476 54.718612541250536 230.72131651904078 220.33835903758018 53.72296708831004 184.56996390367033 528.4495391336718 54.54335634370091 251.97820923076574 1361.061446063608 1039.5706707678573 29.728982557233167 60.24798703568695 240.8710428069196 200.16253108858814 189.55910799921423 46.97822169174003 53.39083548410872 1408.7835807040747 36.697214670050585 41.44509731421465 38.693264021726236 20.798566907791837 53.69738945479094 275.0303225738746 
33.90664302665493 54.71844251572588 230.70857625289386 220.09527612583565 53.72287909157217 184.56027187232758 528.4364717205231 54.54335630099456 250.94361979376117 1361.061446063608 1039.5706707678573 29.728881853421058 60.081600300000446 240.87101533480154 200.16163491899 189.55805056666588 46.97703361744493 52.58338169034937 1408.7835807040747 36.69721466900285 41.444062608778836 37.79201848687728 20.671849187920998 53.69258675092203 275.02076538530537 
33.906485808396155 54.71838418022776 230.67916111267732 219.77803777544125 53.72282441532093 184.5545263205015 528.4278309841893 54.54335629685784 250.91258961593962 1360.9560709452858 1039.5706707678573 29.728806696373113 59.975991991241926 240.8709818922348 200.15981976516332 189.55781651365487 46.97512987106779 52.061472950452185 1407.9098970113537 36.69721466851934 41.44360522250133 37.79201848687728 20.671849187920998 53.6924767994974 275.0151886255387 
33.90642612043314 54.71833423133796 230.6323935380965 219.65790118392079 53.72277096756159 184.55302304703253 528.4062654564245 54.543356261483495 250.91258961593962 1360.9560709452858 1039.5548410819135 29.728517074709544 59.84589817524238 240.870927228033 200.1545703409755 189.5576822103567 46.9723202181483 52.061472950452185 1407.9098970113537 36.69721466851934 41.44327635903937 37.76984664869315 20.667341122446487 53.68670646125247 275.0048194409037 
33.90617613851225 54.71825954767428 230.60866205974867 219.49022427182695 53.72275796086785 184.5374550501882 528.4050388739497 54.54335622884946 250.91258961593962 1359.3082094258489 1039.392959500594 29.728299653973636 59.73625541377953 240.87090904896763 200.15323646686295 189.55745359061143 46.96897928033127 51.085118218259936 1407.9098970113537 36.69721466565056 41.442460811987985 37.130877657214455 20.58479444105751 53.68334540710066 274.99199787940915 
33.90595567564276 54.71818280739194 230.59889013616657 219.43894544690272 53.72261596327223 184.5211094975857 528.3748952848039 54.54335622884946 250.73798788084923 1359.3082094258489 1039.0519576187892 29.728291384869976 59.6356993397967 240.87087990116652 200.15215860455373 189.55733487450482 46.9674479369927 51.085118218259936 1407.9098970113537 36.6972146652231 41.441510327106585 37.130877657214455 20.53784778348097 53.68321040936644 274.9817235898281 
33.905335647898596 54.71815023008776 230.59591679914 219.32360442648007 53.72261596327223 184.510677130629 528.3748952848039 54.543356213817674 250.73798788084923 1343.4112477625463 1039.0519576187892 29.72809061299438 59.57968137379703 240.87086671860948 200.14958312898966 189.5564152004482 46.964956511580226 51.085118218259936 1407.9098970113537 36.697214665128286 41.44148255566256 36.93198349740078 20.53784778348097 53.681315704927556 274.98157266655085 
33.90515082734146 54.71804175006014 230.52457336432553 219.18904441112727 53.722494116197254 184.49479353569723 528.3721849255458 54.54335619713015 249.07535553367666 1343.4112477625463 1039.0519576187892 29.728053993706 59.566434880770885 240.8708574225916 200.14578922087026 189.55597834989885 46.960515167980134 51.068690897771944 1407.9098970113537 36.69721466274302 41.44087325517296 36.93198349740078 20.520472469412653 53.68056405261291 274.9670823070844 
33.90484154265039 54.7179974526415 230.52147805718823 219.17520916113222 53.72243374377149 184.49479353569723 528.3465659756116 54.543356196281366 249.07535553367666 1343.4112477625463 1038.4864767834033 29.72794051937558 59.51394616981281 240.8708394302173 200.14578922087026 189.55576521248622 46.959814610656395 50.47577690247829 1407.8794875929643 36.69721466133194 38.16446018832153 36.931329313345486 20.44191689712568 53.67791324092775 274.9668745957215 
33.90445234805577 54.71787451312696 230.49192976995118 219.1129138134113 53.72234296604984 184.48297887744616 528.3465659756116 54.543356176130146 249.07535553367666 1343.4112477625463 1038.4864767834033 29.72794051937558 59.41751881144296 240.8708173254813 200.14338761571537 189.55540527623793 46.959093556235985 50.47577690247829 1407.8794875929643 36.69721465940688 37.93578969371299 36.46626412283854 20.336728558668938 53.67278632638829 274.96476148684405 
33.903975677544736 54.717873196267306 230.46069249661946 218.89919320441766 53.72233602145809 184.4714076101792 528.3403640477684 54.54335609648547 248.08722085074078 1343.4112477625463 1038.3952242492496 29.72786423124819 59.41751881144296 240.8708050175976 200.1408611894865 189.55455486457572 46.95849944167162 50.302674548672144 1407.8794875929643 36.69721465882844 36.537291944907 36.16507960756576 20.302080735799336 53.671909663906945 274.9504456350194 
33.90394936511734 54.71779535409269 230.43532707650547 218.89919320441766 53.72230289940035 184.46708937346284 528.3078048308557 54.54335609437112 247.43852777734492 1343.4112477625463 1038.217812905115 29.7277610540782 59.39404329941851 240.87078796041305 200.1388299728892 189.554159518941 46.95849875586555 50.302674548672144 1407.8794875929643 36.69721465591283 34.94566358526902 35.925065524381694 20.270129935271143 53.66814833856222 274.94375552269776 
33.90381065247345 54.71776625298719 230.40737070666728 218.8572087507482 53.72227807411787 184.45822799662483 528.2523511767922 54.54335608939459 247.43852777734492 1343.4112477625463 1036.209845881155 29.727559323938976 59.340477968132745 240.8707636547647 200.13807575417832 189.55406494570377 46.95803122684765 49.79127685497315 1406.346193117618 36.69721465573173 34.48898297928747 35.925065524381694 20.207557707962337 53.664108385272584 274.94375552269776 
33.903794526061006 54.717711467134905 230.37678492715304 218.54793365583032 53.72222821985554 184.44774976406438 528.2283278508703 54.54335604504456 247.43852777734492 1343.0212514077984 1035.7673961615806 29.72755299390667 59.2940323378773 240.87070804755263 200.1363346332937 189.55377750501634 46.95710218783688 49.016751153658106 1406.346193117618 36.69721465573173 34.28711730948294 35.88642264659654 20.173309987935568 53.66256539130575 274.93776410613873 
33.903639980438584 54.71765989221376 230.35320595894382 218.4078525503868 53.72217080300277 184.43092716648607 528.2283278508703 54.543356041834386 247.11147241318076 1343.0212514077984 1035.7673961615806 29.727442069190943 59.230123289618746 240.87067114976116 200.13228214897867 189.55336597585426 46.95678639680182 49.016751153658106 1405.5492472126198 36.69721465469581 33.1382437937466 35.81955060017492 20.09086914740567 53.658589379833074 274.934154113874 
33.90357213270943 54.717630451669606 230.25836358525066 218.32327345639192 53.722143704391556 184.4217966453623 528.226305105326 54.543356031236954 246.34258406643426 1329.0460199890867 1035.7673961615806 29.727321365718467 59.192591517737924 240.87066827603667 200.13228214897867 189.55336597585426 46.95678639680182 49.016751153658106 1405.5492472126198 36.69721465327609 32.85689979599397 35.482914136945396 20.082100953795816 53.65527933916724 274.9298081237307 
33.903565820496965 54.717600721694225 230.18042773737147 218.32327345639192 53.72209344674161 184.4217966453623 528.2165268370347 54.54335599712442 246.34258406643426 1329.0460199890867 1035.4062622736622 29.727118303167913 59.15354631252012 240.8706658872061 200.12818323877468 189.55323042227315 46.95678639680182 49.016751153658106 1403.644479258759 36.69721465141674 31.61175216136826 35.386145430434794 20.067021481246456 53.6548148884101 274.9284297061829 
33.903489397677845 54.717413111019255 230.18042773737147 218.26580488611967 53.72206755873947 184.4156408514009 528.2059045145202 54.54335598736168 244.6229456733879 1327.7724182413476 1035.3603234939144 29.727118303167913 59.13485949118126 240.87062084325748 200.12637135636555 189.55301275037152 46.95627741711735 48.99517500866 1403.4970594948245 36.69721465130306 31.140660465291717 35.27252579619585 20.045280635453423 53.652651630755486 274.92659971720514 
33.903370984310754 54.71727532780994 230.13862952041836 218.26580488611967 53.72204895366269 184.40050770921107 528.1950666730895 54.543355980274214 244.6229456733879 1320.2395892971758 1035.3603234939144 29.72707150598967 59.12328695998235 240.87061998107015 200.1238168607024 189.552773495559 46.9555112759341 48.68581790320752 1403.4970594948245 36.69721465072041 31.140660465291717 35.27252579619585 19.93083922286928 53.6492346740913 274.9206813659339 
33.90313044980064 54.71727532780994 230.07518226282718 218.24602181432897 53.721987923494225 184.39456441977643 528.1796775740672 54.54335596419992 244.6229456733879 1318.8827388795335 1035.3603234939144 29.72707150598967 59.11235248377079 240.8706044287551 200.1215882790924 189.55268246389153 46.954874525294144 48.63389180298975 1402.1329511471313 36.69721464974259 30.695800840657398 35.117120083336886 19.898506000269776 53.648587097704535 274.9193062967829 
33.90309360574486 54.717226763237136 230.0374974815386 218.2219020614482 53.72196787450059 184.3918545650448 528.1752347500737 54.543355940368315 244.6229456733879 1318.8827388795335 1035.3603234939144 29.726959939793005 59.098676933605475 240.87059045995147 200.12120220205202 189.55246680883806 46.954729625445566 48.53384415388996 1402.1329511471313 36.69721464895326 30.4380854816402 34.92561466572033 19.889425617470692 53.64792362247306 274.91640037581465 
33.90307398967343 54.71712660838216 230.02481704547176 218.17419580949445 53.72189528814977 184.38050720053673 528.1624555505109 54.54335590067126 244.2801018975847 1315.9144248748448 1035.0272945699978 29.726896470337465 59.05767764910115 240.870571515135 200.11896232022593 189.55218015281753 46.954208105058456 48.3975557865532 1399.136083618836 36.6972146477201 30.190943182877163 34.80175030712326 19.856165951994626 53.647398927418976 274.915069694021 
33.902985888951434 54.717064173722406 230.02324491373338 218.17419580949445 53.72182666406036 184.37526482829276 528.1199219983521 54.543355896555 244.06974877384437 1313.8450634147066 1034.9857223555691 29.72686277712762 59.04942387957385 240.87056896162267 200.11345032626173 189.5519417600749 46.95394496478343 48.3975557865532 1398.1345531058637 36.697214645265944 30.08268293354479 34.70134167189042 19.834518837832775 53.64727964359258 274.915069694021 
33.90286599051137 54.7170023963605 230.0201036910198 218.16416732873222 53.72181942086638 184.3700647257782 528.098299557839 54.54335588219544 244.03002384094384 1311.9247562460077 1034.8651451784747 29.72684966001748 59.01576204948674 240.8705588128728 200.10879584643783 189.5517381035388 46.95386650061391 48.34984624121955 1396.7636508664536 36.697214643702296 29.256885191441597 34.58108346561903 19.80209519865366 53.644521684061374 274.9135689200957 
33.902750778090876 54.71694331274648 230.0144257915506 218.1418085859823 53.721781053036466 184.36447430149587 528.0856093825478 54.54335588219544 243.58075800887173 1274.7531828258416 1034.8651451784747 29.726765126372925 59.01576204948674 240.87053969219528 200.10740757610733 189.55154656604918 46.95351736644693 48.272643832146514 1396.7636508664536 36.69721464265831 29.09375381568657 34.473794558263876 19.798878523590247 53.64353051816124 274.9095881399676 
33.90262904427482 54.716893511683566 230.00674525731165 218.10211184844854 53.72172429416628 184.35958973614106 528.078784460645 54.543355872552866 243.5543831776472 1274.7531828258416 1034.6022166672649 29.726741505668087 59.01575635122356 240.87052968234252 200.10679525524858 189.55154656604918 46.95340159220734 48.272643832146514 1396.1758760632147 36.69721464160523 28.580367832281127 34.37126459094702 19.78296183388079 53.643443009456405 274.9083759135226 
33.902530974629485 54.7168861406966 230.0048894693873 218.05764968658957 53.721685535518986 184.35176277427195 528.0705812377664 54.543355865952776 243.34305693387432 1274.7531828258416 1034.6022166672649 29.72673067655319 59.00143500772981 240.87051672910275 200.1049771837445 189.551467087869 46.95293705303925 48.272643832146514 1396.1758760632147 36.69721463957126 28.549659614348457 34.31910368414128 19.764812639122397 53.64312534605949 274.904953372612 
33.902530974629485 54.71684996780118 229.9969295320243 218.0550728338976 53.721685535518986 184.3509358980283 528.0647872557497 54.54335586347236 243.33555376982417 1274.1886076163837 1033.7624587936916 29.72668626213533 58.98933841727694 240.87050573851184 200.10103388572384 189.55139510556103 46.952616393679136 48.01819326023997 1395.0030163084757 36.697214639209506 28.315810161312356 34.2186939973833 19.759306744063224 53.64049708878713 274.90432429463954 
33.902530675070466 54.71681497575685 229.988215574489 218.0226922130944 53.72167045352603 184.33853289494687 528.0624201313012 54.54335585817171 242.98700022172375 1272.1076285972185 1033.2342175232359 29.72657878515838 58.98603939301336 240.87050364439506 200.09875140346844 189.5512417992229 46.95230910911164 47.88115144021219 1395.0030163084757 36.697214638364244 28.315810161312356 34.12590114817215 19.734911381912866 53.640011280702424 274.9039867670115 
33.90250356161141 54.71678415570159 229.9786643358084 218.0186012733502 53.72166684502429 184.33489789588793 528.0540202238617 54.54335585667093 242.98700022172375 1263.3682597009556 1033.2342175232359 29.726563657725364 58.963770742416386 240.87049777509878 200.09529555586755 189.55115176590903 46.95221947429468 47.87573656351083 1395.0030163084757 36.697214637567185 28.29308985439502 34.04472550052378 19.69574250506571 53.63865903625049 274.90270043264536 
33.9024755884933 54.716755643271085 229.9778388483037 218.00955292389062 53.721653025905425 184.32989675813803 528.0330534813174 54.54335584813771 242.83752909905047 1260.0520824455666 1033.2342175232359 29.726563657725364 58.948552262323346 240.87048959013714 200.0931022889646 189.55111226028043 46.95172292351913 47.75909499470697 1395.0030163084757 36.69721463748169 27.994487512174715 33.96886825255194 19.690470581754766 53.63650239618448 274.90270043264536 
33.90244359809901 54.716723368802946 229.976454139907 218.00955292389062 53.72163417500474 184.32792218807037 528.031959926228 54.543355836689216 242.75509130124715 1260.0520824455666 1033.2342175232359 29.726554503534317 58.94011726052463 240.87048568172895 200.09209123168466 189.55095142303173 46.951662075986405 47.75909499470697 1395.0030163084757 36.69721463677604 27.994487512174715 33.96886825255194 19.63879788849829 53.635812453909466 274.90176756823985 
33.90241149604037 54.716712030741974 229.96824694159181 217.9115016032274 53.721616972126185 184.32425521206198 528.0226346261879 54.543355832941415 242.40162677144053 1257.9871414444833 1033.2342175232359 29.72653096796853 58.93129216803459 240.87048208016927 200.0905343250697 189.55095142303173 46.9515828397449 47.75909499470697 1394.5272774124055 36.69721463502162 27.95154607543816 33.93600215994172 19.63148045307946 53.634746235189596 274.90047702507263 
33.90238890701778 54.71665862452733 229.96276187805006 217.87980255859895 53.72160096723189 184.31832482860068 527.990502855153 54.54335582838007 242.37571952303688 1257.9871414444833 1033.2342175232359 29.726528870190464 58.925174710360125 240.87047758859444 200.0879417048818 189.55095142303173 46.951485807722634 47.75396120640755 1394.5272774124055 36.69721463455642 27.858085814212018 33.85376473990732 19.626108802263616 53.63280298266204 274.8991994981168 
33.902280489188 54.716654984428146 229.96025644407746 217.73771248974526 53.721596639834615 184.31701136393315 527.9284252432105 54.54335582167323 242.32724165592685 1257.910371790067 1033.1019473967974 29.726512130553033 58.917198057424685 240.8704753572265 200.08623665898506 189.55092613396027 46.951363769752675 47.75396120640755 1394.5272774124055 36.6972146334017 27.852220425285736 33.78477680518699 19.6121002967584 53.623532520509116 274.8979918084174 
33.90225994403602 54.71660079193384 229.95996916848117 217.7042394541138 53.72156338612331 184.31534702307567 527.9040978869957 54.54335582167323 242.2718288354688 1257.1657102483987 1033.0378570895966 29.72649134182973 58.912925728352434 240.87046440084418 200.08623665898506 189.55081885610537 46.951293499079156 47.75396120640755 1394.413505608527 36.69721463327153 27.771887911660997 33.62248075594118 19.595784063344354 53.616338778424506 274.89793537498076 
33.90224637920198 54.71654207790732 229.95907824126948 217.6141787790932 53.72151468411971 184.30872719698561 527.871443269391 54.543355817478755 242.10677490128342 1247.442793601512 1032.9345639607704 29.72649134182973 58.90843673951372 240.87046202166516 200.08465134850462 189.55081885610537 46.95122213853119 47.74768269847334 1393.3895257876475 36.69721463316898 27.771887911660997 33.60068187742115 19.595784063344354 53.61611813362322 274.8972043935787 
33.902209164137275 54.71654207790732 229.95563368201056 217.41117352044012 53.721512091101545 184.30872719698561 527.8677175728192 54.54335581596831 241.82566968073093 1247.442793601512 1032.3180575375852 29.726479521723718 58.90049989427507 240.8704552586521 200.08196351305878 189.550734173431 46.951126358955094 47.73716949931702 1393.3895257876475 36.697214633148405 27.66844603366667 33.503186212454466 19.589399753586804 53.61425978059458 274.89640263084084 
33.90220122988774 54.716510212456 229.94872237030563 217.38266482991253 53.7214910181807 184.3076060405533 527.8576725384328 54.54335580639827 241.5715270368296 1247.442793601512 1032.3180575375852 29.72647354330161 58.89751874206115 240.8704479968037 200.08196351305878 189.5506701966931 46.951050859963516 47.67793381743593 1392.941838331848 36.69721463279802 27.66844603366667 33.42884964292307 19.588224059668846 53.61425978059458 274.895211706458 
33.902184141877456 54.716492503729 229.94603926956074 217.34736078644733 53.7214910181807 184.305436083946 527.8383394690773 54.543355796406786 241.44759915430473 1247.2097299933025 1032.3180575375852 29.72646575966189 58.89449670936665 240.87044582525346 200.08026980397403 189.55064745822358 46.9510101414628 47.63770822909896 1392.941838331848 36.69721463257349 27.651429795386548 33.41826499656452 19.56726332417577 53.606811227807725 274.89489701998104 
33.902167381218874 54.71646918909448 229.93906062355973 217.30622398033415 53.72148467623424 184.3031968897767 527.7996155622989 54.54335579213648 241.3842226518725 1238.5844266241506 1032.3180575375852 29.726456286785947 58.88775673078305 240.87044381724172 200.07927922995339 189.55062386385453 46.95085786325433 47.60937223061171 1392.482210848223 36.697214632462305 27.570170354426978 33.34548548561588 19.56480722082847 53.60295160764065 274.89448147583335 
33.902167381218874 54.71642554446987 229.9356370069704 217.24703741944813 53.72147991544375 184.29923689091345 527.7901983263732 54.5433557889919 241.24410712245117 1238.5844266241506 1032.3180575375852 29.726443911587808 58.88588718667472 240.8704333065166 200.07790095205462 189.55055491647784 46.95076725428919 47.596409796128114 1392.482210848223 36.697214632109194 27.49927237214706 33.319410173090546 19.55056148980657 53.59999164338171 274.8938250584529 
33.902167381218874 54.71641436637708 229.93509625221282 217.1831852032974 53.7214730728341 184.2951005192781 527.7397169436235 54.5433557889919 241.24202992402388 1238.450566592215 1032.3180575375852 29.726434301764357 58.88445224664508 240.87042951091075 200.07790095205462 189.5505432146382 46.950731680144145 47.57860699051457 1392.4778476411575 36.69721463174915 27.46926167524225 33.319410173090546 19.55056148980657 53.597329738627195 274.89065329210916 
33.90214872921547 54.716391642838516 229.92975754649024 217.14001737809724 53.72146512302868 184.29282123788175 527.718860898977 54.543355787826954 241.17147622697212 1237.8965532447826 1032.3180575375852 29.726431996509064 58.88172370153734 240.87042939272465 200.07688377336956 189.55052574195884 46.95036950501833 47.56686767386441 1390.8569622031537 36.69721463136864 27.45160086255578 33.30975139738882 19.549623660754605 53.59275975652258 274.89065329210916 
33.902142883012516 54.716379400897836 229.9274731262517 217.1332734951087 53.72144849135293 184.29149791750524 527.6787209879158 54.543355784829714 241.17147622697212 1236.2721142532737 1032.2362125673894 29.726431585049113 58.87908900360435 240.87042675426983 200.0761991583912 189.55049232654687 46.95030675364865 47.54224646833802 1390.5738027561815 36.69721463136864 27.4381418258356 33.30975139738882 19.549623660754605 53.580630454449306 274.8895996721037 
33.90214005423536 54.71636310865051 229.9229127230517 217.11260096268393 53.721442305988376 184.28915567723595 527.671055342656 54.54335578248765 241.09452864154673 1236.2721142532737 1032.2051146562621 29.726424236979938 58.87611112798845 240.8704243842726 200.0761991583912 189.5504888037599 46.95026754768071 47.5345861237837 1390.4164792318552 36.697214631063616 27.423500295078043 33.27474437435069 19.546107716070992 53.579290393671045 274.8867078711871 
33.9021340624231 54.716347117517785 229.91967826459427 217.11260096268393 53.72143103215308 184.28915567723595 527.6693315175266 54.54335578151847 241.09452864154673 1235.090801891584 1031.6998800431352 29.72642359256838 58.87308906522037 240.87042356273355 200.07442147705876 189.5503575244976 46.950245171339816 47.51059196896074 1390.4164792318552 36.697214630856934 27.350187225299464 33.23117395307986 19.541399185626574 53.577467405256584 274.88267083974597 
33.90213316172674 54.71631445164587 229.91631906421208 217.10213375490287 53.7214195818633 184.2888397761442 527.6440145877996 54.54335578100893 241.09452864154673 1235.090801891584 1031.464882253586 29.72642209894093 58.87041278383083 240.87042356273355 200.07438411201247 189.55034145820093 46.95006378225537 47.4897337767751 1390.4164792318552 36.697214630856934 27.328700887988475 33.22929013210569 19.540505657208655 53.57245892269316 274.8818878591619 
33.902128269086006 54.71631445164587 229.90919645385293 217.10213375490287 53.721404080078855 184.2872837060081 527.6407162257792 54.543355780752904 241.09452864154673 1235.090801891584 1031.464882253586 29.726419780493984 58.8616001606631 240.87042102730766 200.07310355541676 189.55032177018984 46.95002423667279 47.4627041018158 1390.2544575820493 36.697214630444705 27.304243843068207 33.168343468114585 19.53929022886348 53.57146247640344 274.8768343175491 
33.9021255450466 54.7162942303039 229.89712488124997 217.10213375490287 53.72140106926929 184.28318486100443 527.6248917621681 54.54335577981351 241.03579711724842 1231.8867727948152 1031.464882253586 29.726413332279435 58.8616001606631 240.8704168311133 200.07240585538761 189.55031154860546 46.949959737671406 47.44104001304527 1389.9798199162756 36.697214630289636 27.304243843068207 33.143471332461104 19.53351650391778 53.57146247640344 274.87276048642684 
33.902123218383394 54.716283615687985 229.88485725586543 217.09616749760357 53.72139830054937 184.28230932139786 527.607983749328 54.54335577824838 240.87399743756782 1229.3094982360449 1031.464882253586 29.726407516618792 58.8616001606631 240.87041563282287 200.06971772519353 189.55029322624796 46.9499165748706 47.436074961963186 1389.846428708921 36.697214630001895 27.30090429988354 33.142097437580105 19.531825470401145 53.566108280080584 274.86947455830114 
33.90212147680836 54.71627087616105 229.86751458825347 217.08496824182566 53.72139679238467 184.28142287307242 527.5733059263177 54.543355777495435 240.85932876558854 1229.3094982360449 1031.1236308453565 29.726399482461375 58.860654671178395 240.8704119968479 200.0695182809127 189.55026690941202 46.94978262274435 47.41155214771868 1389.7163537646693 36.69721462989389 27.279223907888536 33.106400881660306 19.531825470401145 53.56515504810966 274.8659224995797 
33.90211578522735 54.71626445310494 229.86565864343106 217.0839615536005 53.72139443115839 184.27988015354083 527.5545490339766 54.54335577651443 240.85621611556326 1229.3094982360449 1030.631572815215 29.72639626724981 58.84896383332159 240.87040647655726 200.0685238200292 189.5502081219314 46.94965063627717 47.39656168015438 1389.3450851132393 36.69721462989389 27.271498138694596 33.05717628841535 19.52176454462176 53.56515504810966 274.8635351052128 
33.9021059890033 54.716259356625756 229.86060410792288 217.0639206910687 53.72138269558002 184.27931336862184 527.5369331864795 54.54335577598022 240.82595109422095 1229.3094982360449 1030.631572815215 29.726393770864092 58.84843334067773 240.87040535840424 200.0685238200292 189.55017072512203 46.9495335842513 47.385882017969266 1389.3450851132393 36.69721462982238 27.264605898754553 33.033628033209425 19.521259155508574 53.56213858027445 274.8599435519627 
33.902092574411085 54.71621720296139 229.85395254637183 217.0639206910687 53.72137977799309 184.2787527300236 527.5183329550994 54.543355774723636 240.82595109422095 1225.6891775581296 1030.631572815215 29.72638483626713 58.84813657589609 240.87040078433802 200.06779238337901 189.5501589912551 46.9495335842513 47.385882017969266 1389.135649494724 36.697214629383325 27.253563433555087 32.91987943223626 19.514208782656738 53.560782614829805 274.85789497210635 
33.902092574411085 54.7162167635513 229.8519124759889 217.0627846176526 53.72137977799309 184.27813310452575 527.5173105029585 54.54335577441407 240.80546565199074 1224.2928359126277 1030.4940971377957 29.72638339696266 58.8461794917888 240.8703974630189 200.06697610854474 189.55010607941085 46.94949706643911 47.38448907796476 1389.135649494724 36.697214629376504 26.130500573843506 32.91987943223626 19.501543156997286 53.558573265489144 274.85615467706316 
33.90208566967726 54.716197065094434 229.8479244596415 217.06089383032088 53.72137435167667 184.2760049162332 527.516802706954 54.54335577329516 240.76828008955135 1224.2928359126277 1030.4940971377957 29.726380078835064 58.84399589626264 240.87039363145232 200.0657143551923 189.55010089341954 46.94949433964098 47.364801299366036 1388.298035213178 36.6972146290841 26.082166959249548 32.91987943223626 19.49684865239135 53.55323897344056 274.85241933946577 
33.902080415753744 54.71618306334949 229.84366404077377 217.06089383032088 53.721367031786485 184.2760049162332 527.5076279910948 54.54335577291715 240.74827939437728 1223.028217575276 1030.4940971377957 29.72637952670391 58.83870070433102 240.87039222803014 200.06469799768047 189.55010089341954 46.949395125631554 47.35663270656971 1388.298035213178 36.69721462900543 25.997792390673567 32.888921845163964 19.491830975873995 53.541779140227504 274.850399422553 
33.9020778441793 54.716173113248374 229.84108996847408 217.05929191833297 53.72136404051332 184.27563556108055 527.4896636415106 54.543355772337236 240.70782388073076 1223.028217575276 1030.4940971377957 29.726374741068412 58.8374891577605 240.87039165548822 200.06250824379447 189.5500491300303 46.949364012591786 47.35300714703271 1388.298035213178 36.69721462892619 25.928604320302384 32.888725101593195 19.487533770091204 53.54076189409648 274.8487290005687 
33.90206850153436 54.716161882462416 229.83828541972434 217.05629544787166 53.721363622666104 184.2747437540412 527.4831304573258 54.543355770952644 240.65334650054274 1222.4445868551168 1030.0900382956188 29.726374741068412 58.836908333880615 240.8703873050265 200.06162432508427 189.5500038556645 46.94933245483037 47.344036670110654 1388.298035213178 36.69721462887128 25.895763943082557 32.8760311361649 19.48259347618523 53.53684704062812 274.84548144057226 
33.902067227532825 54.71615509044568 229.83769673057213 217.05269686314887 53.72136153657368 184.2746414677781 527.457953595273 54.543355770538824 240.58936845075004 1222.115847445248 1030.0370948771588 29.726372353742477 58.836908333880615 240.87038592201498 200.0615303876183 189.54991057515474 46.94930060962349 47.34311774059438 1388.2556186071179 36.69721462882501 25.803036187506677 32.8468058244689 19.48259347618523 53.53310649500156 274.8428713045512 
33.90206395977259 54.716152684337885 229.83273172774943 217.05109013132426 53.721360255596665 184.2746414677781 527.455392600762 54.54335576970368 240.53863421527103 1220.8398634580997 1029.9012902290413 29.726372353742477 58.83595998063333 240.87038452184856 200.06129401474982 189.5499023569214 46.949277496934656 47.33257142383104 1387.7689591042836 36.697214628799316 25.72379014834837 32.832668751485016 19.466863310660756 53.52330880173304 274.83955575668256 
33.90206253034887 54.71614536373511 229.8320159764603 217.0468381022431 53.72135891111657 184.2741714143301 527.4521132707546 54.54335576961353 240.49535141606634 1220.8398634580997 1029.9012902290413 29.72637194859817 58.83453611469986 240.87037851794958 200.05901431125062 189.5499023162679 46.949250539063655 47.321741645285556 1387.7689591042836 36.69721462869893 25.667394441626925 32.815716036053345 19.463072982469726 53.51906688617146 274.839451095826 
33.90206117728519 54.71614136140931 229.8307550991101 217.03963621443893 53.72135700132344 184.27314527853696 527.4437090159231 54.543355769499044 240.47005505923926 1220.8398634580997 1029.8120264420259 29.72636989600062 58.83434596780569 240.87037153215715 200.05900639901972 189.54988571668923 46.94919169307798 47.32038088259628 1387.7689591042836 36.69721462869893 25.65935525555733 32.79037910254169 19.463072982469726 53.51300785330386 274.8377616181756 
33.902055374174324 54.71613879294205 229.83028925683334 217.03963621443893 53.7213548295731 184.27280574005454 527.4398567798999 54.54335576867811 240.47005505923926 1218.609390715336 1029.8120264420259 29.72636922622837 58.83271997365614 240.87037087106387 200.05871398445606 189.54987925558453 46.94913044076236 47.31062738267781 1387.5604351759657 36.69721462868097 25.635074868418542 32.78241047759218 19.462461134584714 53.51215975272714 274.8355183661952 
33.902055374174324 54.71613734260734 229.82769827182642 217.03810951522644 53.7213523885373 184.27265573966156 527.4343637923862 54.54335576844892 240.44597881598997 1217.9000175308167 1029.8120264420259 29.726368190929065 58.8321606626663 240.87036720120523 200.05750133100264 189.54986440185598 46.94909318546979 47.304526998506276 1387.1328423684809 36.6972146286455 25.619254903494607 32.68877840421294 19.459792067747458 53.508471022267145 274.8318466788969 
33.90205341646299 54.716133262255994 229.8271421711147 217.03614402759888 53.72135160165783 184.27254427727553 527.4185150621231 54.54335576831227 240.44597881598997 1215.2950358218454 1029.5082118750122 29.72636650542131 58.83189072583025 240.87036659922387 200.05687882605207 189.54983476044868 46.94905876979169 47.29890578683751 1387.1328423684809 36.69721462863174 25.589836156483216 32.68446342013863 19.4588053631918 53.5021901987476 274.83019656024317 
33.9020490117191 54.716128991148025 229.8233456080393 217.0358137220585 53.72134911148589 184.27254427727553 527.4132744111794 54.54335576807205 240.4192059026791 1214.7271374813806 1029.5082118750122 29.726365701593977 58.8317253960156 240.87036646522074 200.05613034678163 189.5498239371707 46.94900709248384 47.29580472463988 1386.9773516229411 36.69721462862583 25.586120037089586 32.66915891219378 19.450606726979117 53.49984922235069 274.829227542662 
33.90204562462179 54.7161275349913 229.82242247008298 217.03486335215268 53.72134857560275 184.27137961944322 527.4020896731554 54.54335576760718 240.4192059026791 1214.7271374813806 1029.1350985603603 29.72636328294402 58.831207204653765 240.87036102972252 200.05537181658394 189.5497951544312 46.94898572948341 47.286130257472564 1386.9773516229411 36.697214628610254 25.57425234308937 32.65478801479128 19.44922435642809 53.498072419522146 274.82824454595266 
33.90204360036557 54.71612558660638 229.8184128245498 217.03486335215268 53.72134803086237 184.2709545566754 527.3836928330059 54.54335576755534 240.4008882645535 1214.7271374813806 1028.7940084028594 29.72636232728189 58.83030051770618 240.87035847240736 200.05485184198596 189.54978548232282 46.94891152023456 47.27924735376155 1386.9773516229411 36.697214628610254 25.563169441712944 32.64199620714464 19.44873668736807 53.496314165571334 274.8259261065625 
33.902043142769344 54.71612558660638 229.81498017499212 217.03310341387032 53.72134558947971 184.26988111114656 527.3836928330059 54.54335576724998 240.34528141347096 1214.0495323722512 1028.7940084028594 29.72636129779437 58.829585307090724 240.87035705862286 200.05465889485367 189.54978548232282 46.94889546780689 47.27558050683115 1386.8910937737546 36.69721462859354 25.54951715536606 32.63686543974927 19.445995746194512 53.48760608586838 274.82518154343006 
33.902042231973496 54.71612483135641 229.81365900402056 217.03265422590812 53.72134555959519 184.26976152424606 527.3813195338794 54.54335576709286 240.34528141347096 1213.1874646833694 1028.7940084028594 29.72636017191735 58.829585307090724 240.8703552109739 200.05441589688098 189.54977140950348 46.94882921600413 47.260781618933265 1386.861509968831 36.697214628567394 25.542999961074088 32.621951720091374 19.44460286501692 53.48496742000543 274.82288528150684 
33.90204074662904 54.716123423112776 229.81151157814543 217.0324706115091 53.72134473387291 184.26937301323323 527.3660068723996 54.543355766991226 240.30448924711914 1213.1874646833694 1028.7940084028594 29.726357295611137 58.828906361711006 240.87034975169672 200.0537844036262 189.54973145334372 46.948788295923805 47.2605186014074 1386.2849512783814 36.697214628561824 25.531141797244345 32.603437171442465 19.444514776790243 53.48421608251658 274.82213130142554 
33.90204074662904 54.7161153776467 229.80948080661733 217.03121291513173 53.72134454931199 184.26917859990783 527.3628206859548 54.54335576679421 240.30199142188667 1213.1874646833694 1028.7384528138496 29.726356453125845 58.82824858133313 240.87034944245897 200.0529038700888 189.549717271453 46.948694458897876 47.25938065702701 1386.2849512783814 36.69721462853738 25.50773149800375 32.59378028355866 19.442929290062807 53.48268081179731 274.8212084899942 
33.902040682656775 54.71611156615484 229.80569467388773 217.03121291513173 53.721344475070396 184.26917859990783 527.3600948748322 54.54335576669416 240.26382987284933 1212.4225052796028 1028.7213395040712 29.726356453125845 58.82756960733548 240.8703484777534 200.0521748964975 189.54967122447238 46.948603988392165 47.256517879304056 1386.2849512783814 36.69721462851942 25.47845103645318 32.589464291192144 19.441773643109514 53.48116391923497 274.8201774000729 
33.90203935574948 54.71610884079007 229.8052579604971 217.03002733801623 53.72134402099289 184.26899933012874 527.3600948748322 54.54335576656524 240.26382987284933 1210.7946272928743 1028.6635761489583 29.726356236730908 58.82725419405426 240.87034737983504 200.05181601152572 189.5496348233338 46.94859393512911 47.254353675173434 1386.0808701072783 36.69721462851521 25.464852635733905 32.585259559825886 19.441710056999455 53.47788403142965 274.81993190906474 
33.90203910730975 54.71610594160711 229.80330078143584 217.02927303676336 53.72134361307121 184.26880305901147 527.3552403579033 54.543355766478044 240.21146633971216 1210.7946272928743 1028.492562334303 29.726355721135974 58.82648154627577 240.87034559065296 200.05169695113898 189.54962469307407 46.94858783636164 47.24324820397328 1386.0808701072783 36.69721462850373 25.445837922282067 32.56824543524522 19.441469449152578 53.474781049516196 274.8149797672995 
33.90203725738252 54.71610341747885 229.7977137602179 217.02868211385362 53.721343320853066 184.26867292049974 527.3527539879369 54.54335576637038 240.19488139238206 1206.3127852208115 1028.4813581992194 29.72635532472043 58.82628228470935 240.87034551344414 200.05134022247012 189.5495752839944 46.948569451411345 47.24324820397328 1385.9927715640765 36.69721462848679 25.444653485972594 32.56525620320372 19.440709222755572 53.474781049516196 274.8149797672995 
33.902036546562954 54.71610290729393 229.79507594115034 217.02792492401443 53.721343320853066 184.26828361009734 527.3498324127804 54.5433557663041 240.19488139238206 1206.3127852208115 1028.4565073851918 29.726354194836517 58.82554562726341 240.87034414695245 200.05047906419145 189.54957213714886 46.94854398995494 47.241893466399006 1385.9861315838007 36.697214628475194 25.444196278080426 32.55460035364365 19.439637180516343 53.473691843307165 274.8149797672995 
33.902036452877724 54.71610166708922 229.79342309782078 217.026160006154 53.721342621851136 184.26818679345638 527.3485726979893 54.54335576620679 240.18865120256555 1205.6332868858076 1028.3371738321684 29.726353770714695 58.825141389751934 240.87034385772336 200.05033575394827 189.54955653304182 46.94853159998206 47.240051541119556 1385.9766612662293 36.697214628461325 25.43190712385899 32.54513657864027 19.43945276340719 53.472201231147665 274.8115463429765 
33.90203521665262 54.71609928381565 229.79217502460324 216.99351411633563 53.72134242750178 184.26802847535396 527.3452866464299 54.54335576605001 240.18189767873105 1205.6332868858076 1028.334791009418 29.72635361451762 58.82464959400227 240.87034300229902 200.04993851542224 189.5495513388455 46.94850831711858 47.238017375220124 1385.9740554967038 36.69721462845723 25.42544227139001 32.530964823276236 19.43927860231679 53.46936462120743 274.8104063461981 
33.90203434796035 54.716098421629795 229.77770130993667 216.95850989539076 53.721342107639884 184.26792206768187 527.3422820254129 54.54335576605001 240.13797293124958 1203.1746495377367 1028.334791009418 29.72635315675666 58.82459870249954 240.87034224698846 200.04993009662724 189.54953655288818 46.948507851003 47.23406768731809 1385.9656009426526 36.697214628449615 25.42055943911214 32.51874270003282 19.436969488678756 53.46681152145868 274.8104063461981 
33.9020338086608 54.71609697670078 229.77655254514912 216.89777442581055 53.72134208929583 184.2678899858381 527.3395505345509 54.54335576593394 240.10055353114967 1203.1746495377367 1028.29064189787 29.726353124851812 58.824555075944886 240.87034172302424 200.04985934795718 189.54953275156583 46.94850637003094 47.23395839302691 1385.777567459923 36.697214628427446 25.41073587698793 32.515492803677716 19.436641758250175 53.464229513200394 274.8104063461981 
33.90203360883572 54.716096942937384 229.76144673337149 216.8888132830947 53.7213416769697 184.26785649222643 527.3381689907799 54.54335576573021 240.07780019551547 1203.1746495377367 1028.2898439841697 29.726352955631 58.82417975708472 240.8703409116879 200.04942686919196 189.5495309057037 46.94849552988387 47.23098244385221 1385.6208052278917 36.69721462841699 25.355302919457472 32.515492803677716 19.436215754884415 53.45505873185289 274.8103257330247 
33.9020335391217 54.71609670833857 229.7572837063076 216.8853272941908 53.72134123713158 184.2678141849558 527.3333134196014 54.543355765693946 240.03333880483683 1203.0748745398125 1028.1570488642924 29.72635274030017 58.82400816628274 240.87034009761373 200.04854373968328 189.54952886879857 46.948485770196726 47.23035928556067 1385.6208052278917 36.69721462840846 25.332988312890393 32.508883115365165 19.435187393901288 53.452118773220036 274.8097463194524 
33.902032438156084 54.71609613509281 229.75674038780608 216.8853272941908 53.72134123220417 184.26763215458266 527.3318082364231 54.54335576567678 239.96549298078503 1201.92349626891 1027.5642263744742 29.726352238092886 58.82398007065058 240.87033945326198 200.04842636069952 189.54952544040975 46.94848177905601 47.22931386209768 1385.5348160790654 36.69721462840016 25.332988312890393 32.507205070413306 19.434817463175477 53.431561908575304 274.8090496524419 
33.90203206304216 54.71609592805771 229.75294847501732 216.87308755600043 53.72134095873196 184.26754566513455 527.3293616862156 54.54335576561505 239.96505926652776 1201.92349626891 1027.4332712212756 29.726351693689708 58.8236649023703 240.87033834635668 200.04768828794158 189.54952076859126 46.94847766525152 47.22763105211163 1385.5348160790654 36.69721462839516 25.319065461799255 32.50204306236594 19.434817463175477 53.424476447086136 274.8085717502995 
33.90203077571141 54.71609527231669 229.74889382746755 216.86073766045115 53.72134095873196 184.26747019338995 527.325811606604 54.54335576555491 239.96263209141807 1201.4771543651523 1027.4332712212756 29.726351476899822 58.82358738442451 240.87033813933 200.04743426661992 189.5495086851099 46.948467303352345 47.227446468018 1385.3458606834138 36.69721462838686 25.315187096984232 32.49318723472163 19.434686897432584 53.42107145541627 274.80847781096713 
33.902030595180804 54.71609404359344 229.74550530715078 216.855409158229 53.72134075097813 184.26745521147689 527.3240062735288 54.54335576547214 239.93473357836547 1200.6006910643293 1027.190183152626 29.726351283676536 58.82344304445974 240.8703379513131 200.04711519954867 189.54950437594596 46.94845590450166 47.22410997441909 1385.3458606834138 36.69721462837481 25.29067806072294 32.48703736422681 19.434345276226395 53.416900475778675 274.80846087800774 
33.90203026674931 54.71609404359344 229.74550530715078 216.8486090975273 53.72134074488167 184.2673566889432 527.3204330739027 54.54335576547055 239.9152249659187 1199.9749735040807 1027.190183152626 29.72635111945931 58.823170303194615 240.8703379513131 200.04656756106135 189.54950040091512 46.94844538794973 47.22410997441909 1385.3353194638985 36.69721462837481 25.29067806072294 32.486240140305995 19.434253963664105 53.409842851250346 274.80800006711024 
33.90203017634008 54.7160929333603 229.74096130071302 216.82289961848244 53.72134070766094 184.26729507803736 527.3172122785068 54.54335576539677 239.9152249659187 1197.479157542375 1027.190183152626 29.726351114659906 58.82295652485152 240.8703379513131 200.04656183220982 189.5494969278949 46.948444626861146 47.22360479756492 1385.2565787561007 36.697214628369125 25.277007927770796 32.48387143671414 19.433923954422767 53.403099766197556 274.80741252673556 
33.902029755754484 54.71609143311241 229.73653244278353 216.8211312164567 53.72134061560223 184.267130985765 527.3130076113271 54.54335576526785 239.91128016424705 1197.479157542375 1027.190183152626 29.726350964069866 58.822671964960364 240.8703377637596 200.0465312733062 189.54949142611054 46.94844284318856 47.221887091960866 1385.1373220809528 36.69721462835946 25.26487042277472 32.45437124964337 19.43345945698354 53.403099766197556 274.80741252673556 
33.902029755754484 54.71609061137519 229.73437580494237 216.8077981766413 53.72134044417351 184.26706890890046 527.3077018845811 54.54335576523522 239.90164373688413 1197.2303529439462 1027.1494948481252 29.726350947076753 58.82256551334524 240.87033707461183 200.04632863794666 189.54948220229994 46.94844124771248 47.22168721709784 1384.6866532791573 36.69721462834593 25.26487042277472 32.32673751019661 19.433440021920433 53.40161116257684 274.8071130696817 
33.90202953490416 54.71609061137519 229.73375657629026 216.79997515999491 53.72134019177577 184.26702464128869 527.307585756776 54.543355765163255 239.89877799818782 1196.8891020398967 1027.1494948481252 29.72635081344788 58.82242529155178 240.8703368415063 200.04602738288077 189.54946710055367 46.948434031395436 47.22151972027211 1384.6866532791573 36.697214628342294 25.25434718454767 31.366824026412928 19.433219093202183 53.4004876075245 274.80651447281 
33.90202952933407 54.716090036120136 229.73289090579306 216.78780542334425 53.7213401168259 184.26695004659132 527.3058978359954 54.543355765135516 239.89877799818782 1196.8891020398967 1027.1494948481252 29.72635073758022 58.82224567814819 240.87033636818478 200.0458894323 189.54946272103905 46.948424223545885 47.22112869334694 1384.6866532791573 36.697214628341044 25.252773901065893 30.319819488553776 19.43298517493838 53.399161483622265 274.8063875632847 
33.902029301146285 54.71608902651599 229.73207576978257 216.77867373163224 53.72133999287644 184.26689542207123 527.30237385838 54.54335576502672 239.88733926715418 1196.436288202195 1027.078231375589 29.726350723743735 58.82223741010205 240.87033633761462 200.04564621089753 189.5494598914977 46.94842048439102 47.22051950096295 1384.6866532791573 36.69721462833081 25.250506702243 29.787891078537996 19.432856912301986 53.394600016127924 274.8059956648385 
33.902029126575485 54.71608799884325 229.72889258793202 216.7603812850898 53.72133993199486 184.2667879223004 527.2954401508478 54.54335576502672 239.86920289745512 1196.1208592916212 1027.0717230161522 29.72635057655623 58.82209536630751 240.87033621695218 200.04555569405727 189.54945791796342 46.94841983286983 47.220498156354324 1384.6866532791573 36.697214628326606 25.2488240320547 29.551367724108104 19.432582124881378 53.39223084721152 274.80587793978816 
33.902029126575485 54.71608799884325 229.72846813296655 216.74789105498598 53.721339769385054 184.2667101514503 527.2950712025704 54.54335576502058 239.86920289745512 1195.6839769175438 1026.9910933495767 29.726350521304767 58.82206726856134 240.87033593792194 200.04555569405727 189.54945791796342 46.94841315381177 47.22033358142187 1384.5251507610392 36.69721462832081 25.238463095736392 28.698055706023865 19.432388649543668 53.39146741394063 274.80507976403396 
33.90202894995048 54.71608660057268 229.7257773964243 216.7316936335941 53.72133973850373 184.2667101514503 527.2941435970611 54.54335576502058 239.8665877996666 1195.3831070133551 1026.9910933495767 29.72635036728184 58.82197729992981 240.87033579711692 200.04525848225967 189.5494433196252 46.94841226217977 47.21965310692826 1384.5251507610392 36.69721462831842 25.23808062534158 28.134292626446836 19.43226889571781 53.38972066109511 274.804772250945 
33.90202882281494 54.71608538678527 229.72182756422262 216.718839000633 53.72133962381395 184.26668359740972 527.2935248203898 54.54335576500853 239.86356140583825 1195.3831070133551 1026.984796297262 29.726350151305724 58.82194297071271 240.8703357544514 200.0451549285293 189.5494390323454 46.94840982223718 47.21939142994074 1384.258945877492 36.69721462831512 25.234698131596474 27.76449441108457 19.431965156321212 53.387817876334 274.80399443729425 
33.90202877111528 54.71608488129618 229.72067916542596 216.71850799560502 53.721339620785216 184.2665887952562 527.290533189439 54.543355765004094 239.86356140583825 1195.083964373415 1026.9138970397976 29.726350072009836 58.82193027040341 240.87033558541543 200.04506035292286 189.54943804883226 46.94840669976156 47.21912430396287 1384.258945877492 36.69721462831126 25.233160111661277 27.601753571217046 19.431775239793524 53.387610156885785 274.8035886748896 
33.902028734678424 54.716083750521534 229.72007003577687 216.7001327163947 53.7213394859981 184.2665572547894 527.287799441217 54.54335576498454 239.85714059349402 1194.2231655914354 1026.9138970397976 29.726350048315112 58.82181192079611 240.87033522935712 200.04499747400064 189.54943603984714 46.948406645991554 47.218334542264984 1384.0501076343899 36.69721462830694 25.226675972022008 27.358920030062905 19.431688845076337 53.38677791452744 274.8033174159798 
33.90202869346149 54.716083750521534 229.71984950779074 216.68452632603976 53.721339417145714 184.2665353507241 527.2859879107809 54.54335576497567 239.85378578827022 1194.2231655914354 1026.9138970397976 29.72635004667916 58.82180884212573 240.87033511218488 200.0449349628526 189.54943603984714 46.94840555154042 47.21794406855554 1384.0501076343899 36.69721462829693 25.22643739569355 27.01322427441005 19.431688845076337 53.385871557916175 274.8030158896745 
33.90202861523062 54.71608329325784 229.71905407538088 216.6801727181188 53.72133939070909 184.26649590105126 527.2805538117118 54.54335576496851 239.84820914605461 1194.1622624372262 1026.8487895525045 29.72634996178226 58.82163319567303 240.87033431248005 200.04476088716206 189.54943580300403 46.94840259163152 47.21771437497455 1384.0501076343899 36.69721462829352 25.224033554374273 26.98921519448004 19.431688845076337 53.384647464064415 274.80275908407157 
33.90202854090853 54.716082274067844 229.7189016946611 216.6801727181188 53.721339381109374 184.2664631014884 527.2787741548586 54.543355764949865 239.8450770145232 1194.1622624372262 1026.8487895525045 29.726349876637983 58.82156935709497 240.87033412848814 200.04475050698636 189.54943477868756 46.94839736791073 47.21737472504583 1384.0501076343899 36.69721462828909 25.222354924839237 26.809865864332437 19.431550397383717 53.38369684580391 274.80226926094065 
33.902028519119995 54.71608175827669 229.71816819854803 216.67692453692848 53.72133924442528 184.26644988176645 527.2761716302882 54.543355764944636 239.8450770145232 1193.559665144043 1026.8396133400588 29.726349855856256 58.821514252138286 240.87033412848814 200.04431595973006 189.54943087529557 46.94839492861911 47.2169714919811 1383.8814676327875 36.697214628285906 25.22036166550754 26.51409649250263 19.431474077460848 53.38323045235313 274.8022421875535 
33.9020284713215 54.71608125700391 229.71811672785748 216.65944957046543 53.72133913077482 184.26639779134553 527.2706969172577 54.543355764930425 239.84013238241414 1193.4209963378094 1026.8136043748793 29.726349782233456 58.8213015131596 240.8703337651982 200.04431595973006 189.5494298196918 46.948394161832425 47.21675791216728 1383.8814676327875 36.697214628281586 25.214603665571644 26.282408865217917 19.431399228287887 53.38117574614171 274.8022421875535 
33.90202844564658 54.716081002882675 229.71806353558895 216.62818613535978 53.721339100062096 184.26636789515692 527.2650358137876 54.54335576492406 239.8330601966236 1193.162670905121 1026.7335354853647 29.726349770062143 58.82125319873387 240.87033356539496 200.04405244250563 189.5494293339981 46.94839098073999 47.21633560735131 1383.8814676327875 36.697214628279994 25.214603665571644 25.153487913529943 19.431218772930038 53.379202456262874 274.80202189510965 
33.9020284041419 54.71608052127954 229.7173619380867 216.6229306445298 53.72133907710736 184.2662591945549 527.2625794721523 54.54335576490803 239.8330601966236 1192.6339659076666 1026.7335354853647 29.726349738832937 58.82095386077481 240.8703332956411 200.04397917487972 189.5494267536062 46.948389305166415 47.21633560735131 1383.8814676327875 36.69721462827886 25.214174746865524 24.882418342634537 19.431088339589678 53.37890855285002 274.80196570735075 
33.90202836000071 54.71608037665851 229.71610180224366 216.61896634135087 53.7213390317163 184.2662270818331 527.2625726198801 54.54335576490712 239.83252647797826 1192.6339659076666 1026.7335354853647 29.726349657575042 58.8209330291254 240.87033307428305 200.04387346934334 189.54942337172076 46.94838867466126 47.21605970590849 1383.652920808991 36.69721462827192 25.210374574918774 24.642498491170613 19.431014785858338 53.37844555590971 274.80188360025954 
33.90202825219933 54.7160802284543 229.71520891723594 216.60428493084441 53.721338988768025 184.26621425000303 527.2439659662455 54.54335576490416 239.8316114022184 1192.6339659076666 1026.6874754312819 29.726349595281135 58.82085684856452 240.87033287318218 200.04370141065021 189.54942151836553 46.94838816679646 47.21599432930714 1383.5511710272303 36.697214628268284 25.20818250267655 24.46760913515311 19.4309308409197 53.37844555590971 274.80181549387544 
33.902028108183686 54.71608005631629 229.7146721717029 216.6036796607964 53.721338988768025 184.26619062120733 527.2411800169111 54.54335576490416 239.82299396578674 1192.4184650570626 1026.6874754312819 29.72634956106765 58.820833914729064 240.87033259642294 200.04357347287612 189.54942151836553 46.9483872436673 47.21588459547377 1383.5511710272303 36.6972146282659 25.207679064352533 24.443070361387413 19.430890396166546 53.37743212198245 274.8016491166786 
33.90202806967466 54.716079945470824 229.71462895336026 216.5964806116781 53.72133898306481 184.26615802046217 527.2348464320944 54.54335576490132 239.82102748173702 1191.7391142236568 1026.6874754312819 29.72634954037585 58.82079435104822 240.87033243178234 200.0434150316455 189.54942128471168 46.94838587378956 47.21576394099611 1383.472260796174 36.69721462826567 25.200591387822215 24.139161101737272 19.430828428979908 53.37678181762226 274.80114586492937 
33.902028019726345 54.716079904107346 229.71444094062804 216.59223952820298 53.72133895616071 184.26612842929353 527.2336312615557 54.54335576489598 239.817820681355 1191.7391142236568 1026.6469091823092 29.726349508231692 58.82073281362773 240.87033243178234 200.04316091533838 189.54941965633748 46.94838410092245 47.21547020501578 1383.472260796174 36.69721462826567 25.200591387822215 24.05175724408093 19.430738051475373 53.376215451413486 274.8009354699616 
33.902028010971094 54.71607976347343 229.71436284951824 216.58914036625674 53.72133895544982 184.2661133587619 527.2276103020167 54.54335576489416 239.8168451437532 1191.5715342485641 1026.624621507326 29.72634949348992 58.82071794782007 240.87033241344557 200.0430880254156 189.54941938670095 46.948383598584314 47.21535776881831 1383.472260796174 36.69721462826442 25.19763745482703 24.04885892789912 19.43069578064501 53.376097615539265 274.80072523797503 
33.90202793930405 54.71607971314859 229.71431139828383 216.58213723911376 53.72133893141654 184.26607005431038 527.2186305377195 54.54335576488586 239.8151598991342 1191.348995860879 1026.491690679109 29.726349430941355 58.8206813520236 240.87033218297893 200.04301719360024 189.54941938670095 46.94838293776172 47.2152008117647 1383.4586949448194 36.69721462826385 25.196508326803723 23.978970712399587 19.43062064761068 53.37601141437028 274.8004499095782 
33.90202793080641 54.71607971314859 229.7135726694421 216.58213723911376 53.72133891755743 184.26601330913456 527.2063259572813 54.54335576487995 239.81416934444974 1191.2612384427766 1026.491690679109 29.726349321082694 58.82063827472871 240.8703319980948 200.04292835956437 189.54941872581662 46.94838069547859 47.21512474312249 1383.3806441152328 36.69721462826237 25.19391420499221 23.889782251341103 19.430585514344557 53.375401803945124 274.8001183224246 
33.90202787562657 54.71607942449464 229.71329195499402 216.56557986993585 53.721338885863815 184.26598380832775 527.1959163258075 54.54335576487267 239.80961717665014 1191.1738463937556 1026.4409037101505 29.726349317043628 58.82058447467034 240.870331850713 200.04253767236264 189.5494182127909 46.94838026934315 47.215047711397915 1383.3744606846349 36.697214628261804 25.191743331283533 23.8626515125884 19.43055730335925 53.37453828468574 274.80009559094333 
33.902027834229216 54.71607918909501 229.71329195499402 216.56405871985032 53.72133887868574 184.26595799608367 527.1959163258075 54.54335576487142 239.80660056260103 1190.8649189784126 1026.3841886272053 29.726349289869404 58.82058271964854 240.8703315078592 200.04249532480526 189.5494181704696 46.94838006151315 47.215014084692825 1383.2806692591867 36.6972146282601 25.189572141481335 23.79171575785233 19.43054823663533 53.37453828468574 274.8000387827983 
33.902027832246176 54.71607913748505 229.71312897992857 216.5618119659398 53.721338840562794 184.2659465608151 527.1955223181756 54.54335576486699 239.80659216639128 1190.815657835983 1026.3841886272053 29.72634921926624 58.820575600045004 240.87033129304996 200.04235055482695 189.5494174003852 46.948379387267664 47.21481929344202 1383.2806692591867 36.6972146282601 25.188734782653 23.735892503177638 19.430500652558976 53.37413616253082 274.7998956277188 
33.90202778609694 54.716079097757074 229.71312897992857 216.5604535865673 53.7213388109825 184.26594398652787 527.18699127936 54.54335576486278 239.80408274255342 1190.7938233676605 1026.3841886272053 29.726349146260304 58.82052253780694 240.87033122689172 200.04226623031934 189.5494174003852 46.948379030763476 47.21477702175889 1383.2806692591867 36.697214628259985 25.18853190334312 23.734328176957433 19.430474144609775 53.373935555585945 274.7997119608592 
33.90202778609694 54.71607889669349 229.71306240780905 216.55802319142913 53.721338780995325 184.26590879469018 527.1837958002839 54.54335576485778 239.8013929201477 1190.5728110141185 1026.352613285801 29.72634914087837 58.820489887432586 240.87033090781915 200.04222791481004 189.54941720168472 46.948378139746524 47.21472612167645 1383.2806692591867 36.69721462825976 25.18781457369596 23.661898598260223 19.430421034609935 53.37332726247985 274.7996434394281 
33.90202775389855 54.71607883876891 229.71293832448623 216.55701046258878 53.72133876758039 184.26590570645646 527.1729856214943 54.54335576485619 239.80017857087023 1190.0131616430683 1026.352613285801 29.726349073897268 58.82046762717573 240.87033053406185 200.04216384251424 189.54941653517972 46.9483776943689 47.214674629299225 1383.26694455906 36.69721462825942 25.187290966143223 23.61586439626933 19.430421034609935 53.37321559330576 274.79953385637873 
33.90202773895089 54.71607870252501 229.71290289434864 216.55576572341215 53.7213387563163 184.26587683425237 527.1729856214943 54.543355764855505 239.80017857087023 1189.7489090096108 1026.269800699921 29.72634905837674 58.82045849013923 240.87033044877558 200.04192089988157 189.54941593893318 46.9483772525864 47.2146459360722 1383.2106437440316 36.69721462825919 25.18641370563489 23.59922755646403 19.430410900477114 53.37303713935421 274.7994724233913 
33.90202771778729 54.71607841096534 229.71290289434864 216.55551042166212 53.72133870720404 184.26586470138295 527.1729856214943 54.5433557648488 239.79900425834649 1189.7489090096108 1026.2659358480346 29.72634897840942 58.82045088760947 240.87033021242587 200.0419188728997 189.54941566224977 46.948377062114105 47.2146023418818 1383.1358998174592 36.69721462825839 25.18606370214593 23.598230426107534 19.43036663210944 53.372819501197455 274.79932163366016 
33.9020276994255 54.71607817868403 229.71281200065323 216.55305004094362 53.72133867791035 184.26585249413426 527.1728004895949 54.5433557648488 239.7987806591657 1189.495227042267 1026.1073436693034 29.72634889112362 58.82044965552484 240.87033007302466 200.04182461760945 189.54941535304567 46.948376425946094 47.2145472759031 1383.1174692014765 36.69721462825771 25.185545625309146 23.581326854151826 19.43033711255964 53.372409503984386 274.79914307845274 
33.902027675519776 54.71607800665208 229.71247819381665 216.55237291894161 53.721338622061694 184.26583611299907 527.1650500689975 54.54335576484664 239.7960246240068 1189.495227042267 1025.9109743341253 29.72634886614037 58.82043177480398 240.87032983383165 200.04176001470182 189.5494152644501 46.948376425946094 47.2145472759031 1382.9861683781646 36.69721462825771 25.185545625309146 23.577732026384524 19.43030050766515 53.372409503984386 274.7990864974445 
33.90202763661148 54.716077959949644 229.71247819381665 216.55169388388776 53.72133861351972 184.26581974406395 527.1621034097066 54.54335576484573 239.79374841987556 1189.214879693919 1025.9109743341253 29.726348831293194 58.82041684899934 240.87032959424118 200.04170994666856 189.54941495689127 46.948376425946094 47.2145095570952 1382.9861683781646 36.697214628257484 25.18490583121627 23.559549614879188 19.430293508041586 53.37230063508548 274.7990864974445 
33.90202763075524 54.71607777295242 229.7124624730386 216.55032409507623 53.72133861213649 184.26581312429926 527.1529730128914 54.54335576484095 239.79182831214007 1189.194503223802 1025.9109743341253 29.726348796755133 58.82040517452674 240.87032936715855 200.04161122023538 189.54941466283435 46.94837610960337 47.21446240230841 1382.9861683781646 36.69721462825714 25.1834569233024 23.559549614879188 19.430275115744053 53.37230006140851 274.79896987756 
33.90202762068543 54.716077714720655 229.71237530994995 216.54911548720077 53.72133860735619 184.26579105534915 527.1489933098464 54.5433557648397 239.79182831214007 1188.8196135591552 1025.9109743341253 29.72634875779113 58.82038780576215 240.87032888584827 200.04148953958156 189.54941466283435 46.94837536280011 47.214453102754305 1382.8576396099625 36.697214628256916 25.18312900661431 23.535284391863684 19.43026385607027 53.3718186626038 274.7987883763326 
33.90202757086945 54.71607770494222 229.71227246629724 216.5479637737742 53.7213386031666 184.26578878307896 527.1488441458296 54.543355764835724 239.79122228203346 1188.8196135591552 1025.8935523992507 29.72634875423762 58.82038671080227 240.87032872190798 200.04148953958156 189.54941449947376 46.94837536280011 47.214401815172096 1382.8576396099625 36.6972146282568 25.18312900661431 23.531354211819348 19.43026385607027 53.37167696712709 274.7987883763326 
33.90202756372503 54.71607761557323 229.7121181135417 216.54689276290594 53.72133858777511 184.26577040734992 527.1429154958096 54.543355764835724 239.79009742487438 1188.7717585126559 1025.8935523992507 29.726348732419524 58.82037612465433 240.87032844803707 200.04143191416983 189.54941437584762 46.94837528002745 47.214381780998565 1382.7558179132348 36.697214628256575 25.18254759417391 23.49614999327048 19.43026385607027 53.37155434474255 274.7987883763326 
33.90202755813846 54.71607751737815 229.71208103446338 216.54508926351718 53.72133858478969 184.26577040734992 527.1429154958096 54.54335576483345 239.78830730058553 1188.0714098641272 1025.8313830419788 29.72634870884417 58.82035729201516 240.87032824962694 200.04119116616403 189.54941417385385 46.948374939661335 47.2143700100994 1382.7558179132348 36.697214628256575 25.18217447430709 23.462187928085655 19.43026349599245 53.37127811906282 274.7987567178593 
33.90202753238657 54.716077347450664 229.71197796409456 216.54366586618983 53.72133856664425 184.26577001034252 527.1416767860078 54.54335576483152 239.78693657080044 1187.1673815008674 1025.8313830419788 29.726348704602742 58.82034707641503 240.87032824603034 200.0411294055341 189.54941413318966 46.948374798213536 47.21432429555955 1382.2211122999847 36.69721462825612 25.18217447430709 23.462187928085655 19.430246575519845 53.37127811906282 274.7987230829101 
33.902027522058006 54.716077347450664 229.71190022532983 216.54293082333402 53.721338556415844 184.265744941913 527.1392138811684 54.54335576483129 239.78528817023653 1187.1673815008674 1025.8146708707714 29.72634867614829 58.82034635551247 240.87032820553486 200.04102756539282 189.5494139767061 46.948374494474706 47.2143090890537 1382.2211122999847 36.69721462825589 25.181694318869404 23.448108876628794 19.43023624366458 53.371259048874094 274.79851128931114 
33.90202750845799 54.71607728591209 229.7117477184663 216.5418808337763 53.721338552976704 184.26574403020732 527.1370595497749 54.54335576482936 239.78351716305724 1187.1673815008674 1025.639833470706 29.72634867614829 58.82034065235939 240.8703281771086 200.0409936479764 189.5494137735592 46.9483744001127 47.21426911321771 1382.2211122999847 36.69721462825589 25.18138229147428 23.420738722641545 19.4302301770864 53.37045131576804 274.7984869954864 
33.90202748712352 54.716077135021465 229.7117477184663 216.54094295302468 53.721338546455286 184.2657379138393 527.1348661347297 54.54335576482936 239.78316564643615 1187.1082837940858 1025.639833470706 29.726348653344758 58.82033499400086 240.87032812511507 200.04089511395364 189.5494135327217 46.94837420863951 47.214247860989985 1382.2211122999847 36.69721462825555 25.180656039400333 23.418269400843656 19.430230023136232 53.37045131576804 274.79830670814044 
33.902027480614606 54.716077135021465 229.71172402137904 216.54054171769985 53.721338535303516 184.26573494634658 527.1342213486355 54.54335576482822 239.78314977857372 1186.441046455313 1025.6095274097079 29.726348645790722 58.820328602104155 240.8703279356837 200.04074273038304 189.54941327657218 46.9483739522974 47.214241597267346 1382.1989856857035 36.69721462825544 25.180656039400333 23.414200304149745 19.430220113891096 53.36987280667017 274.79819887150757 
33.902027473877865 54.716077120696355 229.71170925770934 216.539294935812 53.721338515764955 184.26573263880255 527.1324842482677 54.543355764826515 239.78291303283004 1186.441046455313 1025.4550342771722 29.726348624408274 58.820293880834015 240.8703279059614 200.04072854269964 189.54941315718258 46.948373764692406 47.214167151287256 1382.1273710225678 36.69721462825544 25.180248427154197 23.41406434714827 19.430215733413206 53.368849099908175 274.7981455437998 
33.90202746071839 54.71607709376758 229.7116927024665 216.53849208001236 53.72133851087483 184.26573009947288 527.1318964167438 54.5433557648264 239.78242932436683 1186.441046455313 1025.4550342771722 29.726348603333122 58.82029094969914 240.87032789233217 200.04071550287563 189.54941315718258 46.94837351044987 47.214156742802174 1382.1273710225678 36.69721462825521 25.180248427154197 23.394405743348102 19.430202772640655 53.36850911467059 274.79810804964313 
33.90202745082877 54.71607706731811 229.71168604928152 216.53849208001236 53.72133846438362 184.26529918288225 527.1285413974149 54.543355764826174 239.7819597905957 1186.4216532043117 1025.4550342771722 29.726348585182905 58.82028552879751 240.8703277994582 200.04065134605526 189.54941299824748 46.94837310277853 47.21414252111174 1382.1273710225678 36.69721462825521 25.17997409485895 23.3885304219707 19.430202772640655 53.36850911467059 274.79807470974106 
33.90202744725957 54.716077016862755 229.71158929671947 216.53760508246637 53.72133844779887 184.2291313346807 527.125741968805 54.543355764825264 239.78143831873012 1186.1864245317465 1025.397578701094 29.726348585182905 58.8202789408474 240.87032770327414 200.04063786966333 189.5494129300073 46.94837306800525 47.21412992727153 1381.924129895468 36.6972146282551 25.179759977601407 23.387463222980045 19.43020143701517 53.36832274896619 274.7980746840153 
33.90202744426324 54.71607698838227 229.71149119899974 216.53760508246637 53.7213384353704 183.80353650944016 527.1243482031241 54.54335576482447 239.78134447347293 1186.159682952779 1024.9892380221354 29.726348578914212 58.82027288034817 240.870327617474 200.04063786966333 189.54941291191835 46.94837306760951 47.21410872739773 1381.7467513340066 36.6972146282551 25.179721617362134 23.376064161582576 19.430201144922535 53.36832274896619 274.7980213408064 
33.90202741324754 54.716076969127016 229.71146223584242 216.5362602755863 53.721338419748804 183.80353650944016 527.1228519082342 54.54335576482197 239.77957530110916 1186.1203230833066 1024.9892380221354 29.726348567348396 58.82026874314067 240.87032755852601 200.04052249405743 189.5494127085974 46.94837302126314 47.21409992595147 1381.7467513340066 36.69721462825487 25.179542193672773 23.364633348628786 19.43020001869445 53.36814837394536 274.7979836188217 
33.902027410834194 54.716076962026364 229.71142294799256 216.5352282871604 53.72133840547417 183.7315098091981 527.1217985257717 54.54335576482083 239.77922873345688 1185.684237596783 1024.9892380221354 29.726348557529263 58.82026592451314 240.8703274285001 200.0405130285808 189.54941256751306 46.94837296610331 47.21407038553377 1381.5536070100306 36.69721462825487 25.179542193672773 23.359010198964597 19.430197219093316 53.36758066306368 274.79793060540715 
33.902027406748516 54.71607690608073 229.7114025745534 216.5348185448246 53.72133839278126 183.66344601574792 527.1217985257717 54.54335576481992 239.77748477976434 1185.573611736063 1024.9892380221354 29.726348557529263 58.8202585725312 240.87032739584492 200.04048960377918 189.5494123898701 46.94837293972205 47.21403470008636 1381.5536070100306 36.69721462825464 25.179409996553204 23.355989704636045 19.430194240683818 53.36751069227728 274.7978663517247 
33.9020274027921 54.71607690001326 229.71133150418723 216.5348185448246 53.72133837136539 183.66344601574792 527.1207936563501 54.54335576481856 239.77720987985367 1185.573611736063 1024.9892380221354 29.72634854734349 58.820252838352985 240.87032738985386 200.04045876098905 189.54941230359384 46.948372838583396 47.21402166570044 1381.5536070100306 36.69721462825453 25.178860027183305 23.331183331508896 19.430193893280943 53.367389432730306 274.79784821834664 
33.90202740212533 54.71607688745269 229.71133150418723 216.53449939698794 53.72133836643286 183.6141555784203 527.1204906091841 54.54335576481776 239.77720987985367 1185.2491308680935 1024.7098354559455 29.72634854539365 58.82025066119479 240.87032724758205 200.04039394752078 189.54941215561973 46.948372808869294 47.21399559955455 1381.5536070100306 36.6972146282543 25.178767603150163 23.318135971200377 19.430191621242216 53.36719350239491 274.7977820395686 
33.90202739797246 54.7160768661347 229.711296278291 216.53425112314017 53.72133836367141 183.42100287198753 527.1197155114519 54.543355764817534 239.77718939601345 1185.1633760147574 1024.7098354559455 29.726348541367088 58.820247556750815 240.870327217865 200.0403677343129 189.54941200272458 46.94837279230546 47.21398154192741 1381.5518350308676 36.69721462825419 25.178658918761357 23.29401287724238 19.43018756930769 53.36695717716702 274.79777483583666 
33.90202739503718 54.7160768661347 229.71124300921792 216.53389616144818 53.72133834693193 183.4035304343189 527.1195630679135 54.543355764817306 239.77646141748824 1184.6496391502048 1024.7098354559455 29.72634853527643 58.820242649571696 240.870327204899 200.0403063247261 189.54941193015918 46.94837272712164 47.21395618150984 1381.5420503259438 36.69721462825419 25.178458364499306 23.260861722741993 19.430186705089 53.36651673752124 274.7977619181438 
33.90202738938149 54.71607684704907 229.71122503705988 216.53348359881625 53.72133833539749 183.19413801702012 527.1185844140387 54.543355764816624 239.7742307237329 1184.6496391502048 1024.7098354559455 29.726348533787018 58.82024251073949 240.8703271506031 200.04023444414247 189.54941183248388 46.94837271046606 47.213939587693176 1381.383517446884 36.69721462825407 25.178289990689905 23.260861722741993 19.430186045241157 53.36651673752124 274.79775640634875 
33.90202738740879 54.716076844300915 229.71122027176443 216.5333432909938 53.7213383181645 183.12206234550922 527.1183669095642 54.54335576481594 239.7724821217903 1184.505744688301 1024.3028049660895 29.726348530811038 58.82023902623166 240.87032714319935 200.0402110705279 189.54941180303274 46.9483725825404 47.213931210455144 1381.340717028389 36.69721462825407 25.178284717494307 23.24949143547815 19.430185825206763 53.36634245743517 274.79775640634875 
33.902027385629594 54.71607682832155 229.71113161818744 216.5333432909938 53.721338296130625 183.01698320041328 527.1180665801112 54.54335576481549 239.77133673938988 1184.4357125893835 1024.3028049660895 29.726348529428606 58.82023533004144 240.87032714319935 200.04017301353724 189.54941171011615 46.94837254229583 47.21392461316191 1381.340717028389 36.69721462825407 25.178267466342277 23.244022029034 19.430185825206763 53.36626626245118 274.79775131266547 
33.90202737978984 54.716076821185766 229.71105567320524 216.53317166507816 53.72133828399353 182.97198666634176 527.1170142950864 54.54335576481549 239.7700817075454 1184.155436371074 1024.3028049660895 29.726348526250035 58.82022967946682 240.87032711659162 200.0401585812756 189.5494116633921 46.94837250400053 47.21390802690905 1381.340717028389 36.69721462825407 25.178267466342277 23.233665476472765 19.430184895580396 53.366144000111376 274.79773643418775 
33.902027379462766 54.71607680711668 229.7110381935961 216.5330202632042 53.72133826470156 182.93911201150672 527.1166945476052 54.543355764815146 239.76799448257134 1184.155436371074 1024.2222695893904 29.726348525031312 58.820228843777386 240.87032708798756 200.04008227134932 189.5494115941915 46.94837246979182 47.21390196315099 1381.340717028389 36.69721462825396 25.178267466342277 23.22672381981488 19.430183876051387 53.36593514097535 274.79773415534055 
33.902027378995626 54.716076794866694 229.71099438938768 216.53294927706793 53.721338258449805 182.56467169764824 527.1166145286911 54.54335576481492 239.76799448257134 1184.0002495027404 1024.1981577693493 29.72634852228282 58.8202237807609 240.8703270267365 200.04006434388543 189.5494115612554 46.94837237821048 47.213900384589465 1381.340717028389 36.69721462825396 25.17817195926466 23.22550188179173 19.430182695752478 53.36556496805167 274.7977191660739 
33.90202737818686 54.71607679156216 229.71098344520988 216.5328033233203 53.72133824215052 182.34860758720697 527.1154773556418 54.54335576481469 239.76754746983556 1183.2724819025748 1023.9071046173663 29.726348518452255 58.82022365934802 240.8703270267365 200.0399745874704 189.549411551199 46.94837223344359 47.21389433688705 1381.294965402482 36.69721462825396 25.178149254842992 23.22269631190295 19.430182258137734 53.36556496805167 274.7977161489946 
33.90202737486163 54.716076780583876 229.71090834467145 216.53267130825952 53.72133823713591 182.18439670632665 527.1143663239941 54.54335576481458 239.76290903100266 1183.2724819025748 1023.9071046173663 29.726348515157383 58.82022191808983 240.87032702435704 200.03994771782743 189.54941150524758 46.94837220334682 47.21388215006493 1381.2533303774999 36.69721462825396 25.178148775841123 23.218849586478314 19.430181416473374 53.365495280714185 274.7976633430767 
33.90202737328286 54.71607675804921 229.71084116772408 216.53247719575688 53.721338224401165 181.98496493307653 527.1111518713167 54.54335576481458 239.76068789680244 1183.2724819025748 1023.9059985800964 29.72634851322107 58.82022125036826 240.8703270026167 200.0399336264104 189.5494114640136 46.94837214242796 47.21387644796255 1380.9554044855463 36.69721462825396 25.178141733447887 23.21211910598197 19.430181192789405 53.36539958092885 274.7976296427669 
33.90202737269135 54.716076729323845 229.71055964050197 216.53221742942162 53.721338211838884 181.93419553963963 527.1106621173785 54.543355764814464 239.7586666270995 1183.1045270304649 1023.7882281066113 29.726348511918786 58.82022055982782 240.87032696524443 200.03984309121722 189.54941143261863 46.948372107287014 47.213873316230774 1380.9554044855463 36.69721462825396 25.178076346433386 23.206708861101333 19.430180471642302 53.36537333797196 274.7976296427669 
33.90202737031893 54.716076722072444 229.71051476766388 216.53195867862485 53.72133819864257 181.72296235951012 527.1105485800122 54.54335576481435 239.75577586452664 1182.65331585038 1023.7882281066113 29.726348511288393 58.82022017638337 240.87032692089838 200.03984266007024 189.5494113529893 46.948372083649474 47.21386984665651 1380.9428957822538 36.69721462825396 25.178013515987004 23.201165333205722 19.430179957623068 53.36523153705707 274.7976161227307 
33.902027368992435 54.71607671924198 229.71048119564603 216.53183387471188 53.72133819746273 181.2527966292564 527.1104525686756 54.54335576481424 239.75322798649222 1180.955078174304 1023.7078767072258 29.72634850921554 58.82021956521169 240.87032689594662 200.03971939935423 189.54941127715335 46.948372027603455 47.21384777229491 1380.7997785994812 36.69721462825396 25.178000865771196 23.196743672065054 19.430179229091323 53.36522393130838 274.7975727122571 
33.902027368992435 54.71607671105403 229.71038561540513 216.53143424751306 53.721338179639474 180.97574427753125 527.1101362650152 54.54335576481412 239.7510820525265 1180.748078939136 1023.6995343857234 29.726348508155183 58.82021847327735 240.87032687076476 200.03968609890887 189.54941117109524 46.94837196873141 47.213846482991585 1380.7997785994812 36.69721462825396 25.177916901767162 23.195836831222095 19.430178719336823 53.36498261121312 274.7975727122571 
33.90202736801166 54.7160767003071 229.71038561540513 216.5313840619708 53.721338171780985 180.97574427753125 527.1087993720823 54.54335576481401 239.74919563264575 1180.6628685372561 1023.6519011233538 29.72634850178474 58.82021795009928 240.87032685891927 200.03968609890887 189.5494110869356 46.94837190532485 47.21383607434984 1380.7997785994812 36.69721462825396 25.17789264037117 23.193923662588873 19.43017862062311 53.36483425143649 274.7975684021201 
33.90202736699132 54.7160766980212 229.71030968968284 216.53135573270606 53.72133816900964 180.1947755717648 527.1087531690896 54.54335576481401 239.7446342274893 1180.4978245870782 1023.6210477894215 29.726348501679354 58.82021626713788 240.87032681803066 200.03964096880748 189.5494110678444 46.94837189952318 47.21383426607588 1380.7997785994812 36.69721462825396 25.17787425296615 23.193580388701776 19.43017862062311 53.36481937203121 274.7974751420056 
33.90202736640106 54.7160766915257 229.71029847967884 216.53133119717154 53.72133816431324 179.89872740731323 527.1070971515139 54.54335576481401 239.7401583003575 1180.3779815185674 1023.6061381001543 29.726348495103252 58.82021626713788 240.87032681594246 200.03955635598106 189.549410994406 46.94837184232506 47.213833681216556 1380.7997785994812 36.69721462825396 25.17784655004789 23.193353741678152 19.43017830743804 53.364630232940726 274.79741249909466 
33.90202736524736 54.7160766915257 229.7102452775173 216.53116383473434 53.721338161072026 179.5885907487642 527.1056193117381 54.54335576481401 239.73698920245033 1179.7811405784519 1023.6061381001543 29.726348494407375 58.82021626713788 240.87032680192533 200.03954209657684 189.5494108237492 46.94837172702523 47.21383024154079 1380.786992101047 36.69721462825396 25.177840615094738 23.192369803023553 19.43017822068441 53.36458715930178 274.79740338021816 
33.90202736400363 54.716076691058674 229.71020282547875 216.53116383473434 53.72133815973416 179.18545215801225 527.1047145248276 54.54335576481401 239.7344438046896 1179.693732466633 1023.589980627336 29.726348493395676 58.820215451801346 240.87032679190997 200.03946157475866 189.54941067644143 46.94837172702523 47.21382191380974 1380.768846618249 36.69721462825396 25.17779489888096 23.190629843616875 19.43017821658475 53.364525003570975 274.79735832769484 
33.902027363630054 54.71607669013224 229.7101358507914 216.53116383473434 53.72133815229779 179.06681338572366 527.1037276007373 54.54335576481401 239.73247287537674 1178.9680593941598 1023.4716073624197 29.72634849187841 58.82021528033863 240.8703267877488 200.03946157475866 189.5494106648688 46.94837168609206 47.213818518746166 1380.6422350445941 36.69721462825396 25.17779489888096 23.188795675470942 19.430177987149477 53.36433764038611 274.79731490256995 
33.902027363630054 54.71607669013224 229.7099746749568 216.53112031113278 53.72133814679182 178.04234230136342 527.103337397115 54.543355764813896 239.73108179194855 1178.9631232865875 1023.1459595281453 29.72634849186977 58.8202150142115 240.8703267652445 200.0394345904889 189.54941064468426 46.94837165060551 47.2138155527 1380.6422350445941 36.69721462825396 25.17776630704043 23.188538888020958 19.43017745508871 53.36432126099794 274.7972309945103 
33.90202736339825 54.71607668767297 229.70993077900084 216.53108881965602 53.72133814602762 178.04234230136342 527.1029571654358 54.543355764813896 239.7300396170881 1178.8017610806517 1023.1459595281453 29.726348490156965 58.820214266005905 240.87032675236628 200.03937336190575 189.5494105629839 46.94837163193097 47.21381243378062 1380.5814287007838 36.69721462825396 25.17774356561347 23.187295024016976 19.430177132764356 53.364318920654 274.7972309945103 
33.90202736314359 54.716076687590885 229.7099246383093 216.53101540758428 53.7213381425197 177.7262562134058 527.1025075570883 54.543355764813896 239.72814407051692 1178.710901335089 1023.1459595281453 29.72634849009728 58.82021386862755 240.87032672388978 200.03932046967986 189.54941052394793 46.94837161752787 47.21380472705823 1380.5814287007838 36.69721462825396 25.177739202512953 23.186821299582903 19.430177132764356 53.36417716074459 274.7972278013747 
33.90202736284925 54.716076685057146 229.7098787399534 216.53088983547252 53.72133814001336 177.7262562134058 527.1006728640568 54.543355764813896 239.72505194387531 1178.710901335089 1023.0475849468228 29.726348489294423 58.82021284290545 240.87032671040515 200.03928808330159 189.5494104919726 46.9483715631759 47.2138024208399 1380.4906701554592 36.69721462825396 25.17773501048407 23.18642802920499 19.43017702115867 53.36416413706809 274.79718518561253 
33.90202736246954 54.71607668278318 229.70987004756057 216.53082194651608 53.72133813505468 177.7262562134058 527.0995405245894 54.543355764813896 239.72429305281207 1178.710901335089 1022.9100746197707 29.72634848735629 58.82021266437471 240.8703266982568 200.03926019293112 189.54941046214867 46.94837150266005 47.2138000654254 1380.4906701554592 36.69721462825396 25.177709256117737 23.185639849969334 19.43017698430151 53.3641343594295 274.79716619725923 
33.90202736181914 54.71607668088029 229.70984676690432 216.53080671179112 53.72133813345954 177.65865396511242 527.0995405245894 54.543355764813896 239.7233309676251 1178.5875632662942 1022.9066904414958 29.726348486962706 58.82021257567976 240.87032668734264 200.03926019293112 189.5494104248139 46.9483714936423 47.213791761265725 1380.4906701554592 36.69721462825396 25.177704872897607 23.18539579731032 19.430176898184413 53.3640719071451 274.79714324840666 
33.90202736122967 54.716076679379626 229.70984392127139 216.53049793082118 53.72133812998254 176.3010119339142 527.0995405245894 54.543355764813896 239.72284257376623 1178.3268468270958 1022.8741177994975 29.726348486962706 58.820212474179925 240.87032667542098 200.0392404140431 189.54941034138983 46.9483714926381 47.2137902787191 1380.3070605300786 36.69721462825396 25.177684934584704 23.184999765465022 19.430176796379556 53.36400637229576 274.79714324840666 
33.90202736046001 54.71607667869125 229.70979800471446 216.53041541271 53.72133812951108 176.00151708907777 527.098425116764 54.543355764813896 239.7227251218717 1171.5369074699006 1022.8055547905515 29.72634848646669 58.82021235007062 240.87032666615846 200.03921486877186 189.54941021536274 46.9483714926381 47.213787878508924 1380.3070605300786 36.69721462825396 25.177681158865653 23.18452393443647 19.430176539325885 53.36397263086792 274.797113802696 
33.90202736015283 54.71607667670389 229.70978329202558 216.53026436944015 53.72133812867935 176.00151708907777 527.098425116764 54.543355764813896 239.7227251218717 1171.5369074699006 1022.7923864927138 29.726348485899507 58.82021187474163 240.87032664821595 200.03917183119825 189.54941017703754 46.94837149224077 47.213782868571684 1380.3070605300786 36.69721462825396 25.177668287158667 23.183856130760205 19.430176475059625 53.36392626393638 274.79699921620295 
33.902027360019815 54.71607667670389 229.70975951150194 216.53024280233785 53.72133812724314 175.13447606410193 527.098177880308 54.543355764813896 239.7223576385436 1171.5369074699006 1022.755488228438 29.726348485899507 58.820211783397895 240.87032663360105 200.03915772831147 189.54941014997507 46.948371450929926 47.21378096724777 1380.276186060195 36.69721462825396 25.177658982237062 23.183052251671143 19.430176391056534 53.36391131453729 274.7969049037665 
33.90202735986509 54.716076675872955 229.70975168434256 216.53005416141343 53.72133812470577 175.13447606410193 527.0969602386494 54.543355764813896 239.72202106829923 1171.5369074699006 1022.7323665847534 29.726348485008884 58.82021167408948 240.87032663018203 200.03913494056746 189.54941011676533 46.94837142691722 47.21377916596066 1380.276186060195 36.69721462825396 25.17765157170163 23.182609451863527 19.430176252861884 53.36389623917398 274.7968932655958 
33.90202735978437 54.71607667514593 229.70975168434256 216.52994291027676 53.721338122492625 175.13447606410193 527.0967255515161 54.543355764813896 239.72109170179692 1171.5369074699006 1022.6291969836716 29.72634848423786 58.82021166006268 240.8703266291236 200.03911447068572 189.549410021442 46.94837140209847 47.21377855303547 1380.2499857940402 36.69721462825396 25.17764719682941 23.182609451863527 19.430176204260533 53.36389623917398 274.7968802930957 
33.902027359576664 54.7160766743915 229.70974274743185 216.52990461007755 53.721338120092696 174.81834225740408 527.0966033646359 54.54335576481378 239.72039113635924 1171.5369074699006 1022.5971187115645 29.7263484835496 58.820211533973065 240.87032661613034 200.0390407054348 189.54940995422385 46.94837138305763 47.213778161532446 1380.2499857940402 36.69721462825396 25.177634976992863 23.18227026656291 19.430176127706545 53.36388571910652 274.79685760372513 
33.90202735915602 54.71607666826526 229.70972979567478 216.52979067032743 53.72133811849062 174.4988041414092 527.0965198536587 54.54335576481378 239.72039113635924 1171.5369074699006 1018.7470020037044 29.726348483510378 58.82021118583771 240.87032661429112 200.03901907738907 189.54940995422385 46.948371354136384 47.21377187317671 1380.2499857940402 36.69721462825396 25.177618840278 23.182239869775117 19.430176058708525 53.36386611211583 274.7968312838864 
33.90202735892126 54.716076667409084 229.70969856235592 216.52974402250504 53.7213381166423 174.4988041414092 527.0962417380897 54.54335576481378 239.72039113635924 1171.5369074699006 1018.7470020037044 29.72634848298253 58.82021112179132 240.87032660048408 200.03898549538326 189.54940990424416 46.94837135339344 47.21376588157284 1380.2499857940402 36.69721462825396 25.177617416009866 23.18086069691344 19.430175931894382 53.363847516250644 274.7968155848489 
33.90202735888852 54.7160766668444 229.70968761585186 216.52965304370537 53.7213381164338 174.3681234244366 527.0959058124492 54.54335576481378 239.72028481839993 1171.5369074699006 1018.7470020037044 29.72634848283826 58.820210980544175 240.87032659351848 200.03895735473134 189.54940987519967 46.94837134276247 47.21376327435132 1380.2184688918524 36.69721462825396 25.177611933127537 23.18086069691344 19.43017589330009 53.36380145770033 274.7967979443067 
33.902027358834744 54.716076663093986 229.70968761585186 216.52963419101525 53.7213381150508 174.08946884211116 527.095275420189 54.54335576481367 239.7200443217548 1171.5369074699006 1018.7470020037044 29.72634848247378 58.82021093705134 240.8703265910019 200.0389174682241 189.5494098751832 46.9483713384185 47.21375777308242 1380.2184688918524 36.69721462825396 25.177604845578117 23.180473346049553 19.430175805982344 53.3637861184385 274.7967979443067 
33.902027358511646 54.7160766621156 229.7096794343754 216.52954735878689 53.72133811253309 173.98544719890242 527.0945262296277 54.54335576481367 239.71877753208264 1171.5369074699006 1018.7470020037044 29.72634848245616 58.820210819810654 240.87032658052385 200.0389036247218 189.54940975546617 46.94837133841418 47.21375609858694 1380.2079398745354 36.69721462825396 25.17759442335887 23.18036186867812 19.43017575231943 53.36376497616277 274.79674503428646 
33.902027358037344 54.71607665990405 229.7096529413318 216.5295450286667 53.72133811178469 173.70111408374714 527.0939377657332 54.54335576481344 239.71876131779482 1171.5369074699006 1018.7470020037044 29.726348482312346 58.820210723464015 240.87032657544455 200.03885439558042 189.54940975333363 46.9483713365488 47.21375315650346 1380.2079398745354 36.69721462825396 25.177591818581732 23.180189591951375 19.43017573625343 53.36374746802858 274.7967263808687 
33.902027358037344 54.716076659514215 229.7096450952531 216.52951633691964 53.72133811130129 173.1688365556621 527.0939377657332 54.54335576481344 239.71828653207308 1171.5369074699006 1018.7470020037044 29.726348481895116 58.820210571503594 240.87032657202758 200.03885439558042 189.54940973706277 46.94837132994553 47.21375053659881 1380.1642067310659 36.69721462825396 25.177589013878674 23.179950750184616 19.43017567888205 53.36369613330828 274.79670649720106 
33.9020273579348 54.71607665862973 229.7096215012973 216.52946436003003 53.72133810784362 173.1222296962302 527.0922604911668 54.54335576481344 239.71796759879476 1171.5369074699006 1018.7470020037044 29.726348481895116 58.82021051785455 240.8703265717379 200.0388358881811 189.54940972715963 46.94837132965449 47.21374633607422 1380.1642067310659 36.69721462825396 25.17758236412567 23.179821452264378 19.430175591871375 53.36365486948921 274.7966455792348 
33.90202735785692 54.716076658051634 229.70961540096914 216.52943651738474 53.72133810784362 172.84236353740516 527.0917724167778 54.54335576481344 239.7173181150465 1171.5369074699006 1018.7470020037044 29.726348481895116 58.82021047630167 240.87032657116833 200.0388358881811 189.54940964857474 46.94837131841928 47.21374058875915 1380.106096257202 36.69721462825396 25.177580058790795 23.179700147287008 19.430175573057113 53.363636683035 274.79662728547873 
33.90202735779849 54.716076657074154 229.70960240328554 216.5293671723864 53.72133810692367 172.7794689917813 527.091423265003 54.54335576481344 239.71710724189302 1171.5369074699006 1018.7470020037044 29.726348481519494 58.820210283795404 240.87032657026407 200.03882231160583 189.54940963247498 46.94837131684642 47.213739758208476 1380.106096257202 36.69721462825396 25.177577941862182 23.179549940562197 19.430175569015205 53.36358562124201 274.7966010623086 
33.90202735776006 54.71607665645024 229.7095887377161 216.52930792363748 53.721338106408325 172.318874866319 527.0913866368387 54.54335576481344 239.7169273006698 1171.5369074699006 1018.7470020037044 29.726348481279388 58.820210118481896 240.87032656671659 200.03876436936093 189.54940958989027 46.948371315667714 47.213737994927556 1380.106096257202 36.69721462825396 25.177569282700915 23.179432044837085 19.43017554788048 53.36347629543582 274.7965973916125 
33.90202735770538 54.71607665614249 229.7095842200781 216.5292864222639 53.72133810593061 172.16146964663858 527.0912796310872 54.54335576481344 239.71665279476838 1171.5369074699006 1018.7470020037044 29.72634848095197 58.82020987610781 240.8703265620279 200.0387431570074 189.5494095506716 46.94837131264251 47.21373772978052 1380.0625016612303 36.69721462825396 25.177567151122616 23.179239974194843 19.430175512976575 53.363466666200225 274.79648397485744 
33.902027357661495 54.71607665594604 229.70956214861303 216.52922892680635 53.72133810528135 171.96259790887484 527.0907768707946 54.54335576481344 239.7165551884259 1171.5369074699006 1018.7470020037044 29.726348480867614 58.8202097587 240.87032655939106 200.03872248172388 189.54940954726544 46.948371309321374 47.21373707183716 1380.0625016612303 36.69721462825396 25.177563790647355 23.179105394581825 19.430175489345288 53.3634657314642 274.7964442485993 
33.90202735750836 54.71607665556303 229.70956214861303 216.52922892680635 53.72133810343166 171.90492192545855 527.0906742732463 54.54335576481344 239.71623923399557 1171.5369074699006 1018.7470020037044 29.726348480735282 58.820209650833476 240.87032655836902 200.03870957423476 189.54940954726544 46.94837130739302 47.213736273434165 1380.0625016612303 36.69721462825396 25.177561116496918 23.178962556487477 19.430175486642725 53.36341595790975 274.7964208226281 
33.90202735739899 54.71607665473891 229.70955270962168 216.52913601933483 53.721338103014546 171.8772041029971 527.0906050263775 54.54335576481344 239.71614650041056 1171.5369074699006 1018.7470020037044 29.726348480711863 58.82020961952992 240.87032655712346 200.0387036166661 189.54940951414096 46.94837129888174 47.21373590786618 1380.0538429379803 36.69721462825396 25.17755776345723 23.178907913354237 19.430175466887704 53.36339602384521 274.7964144388575 
33.902027357337374 54.71607665423596 229.70955117520043 216.52910080035474 53.72133810215428 171.79601600029093 527.0902351749519 54.54335576481344 239.7160345371649 1171.5369074699006 1018.7470020037044 29.726348480711863 58.820209457556416 240.8703265552815 200.0386827617449 189.54940949791364 46.94837129281973 47.213733319050675 1380.0538429379803 36.69721462825396 25.177549032326965 23.178802430589258 19.430175458818212 53.363356767482514 274.79640794396414 
33.9020273572886 54.71607665381998 229.70954767831518 216.5290749073704 53.72133810215428 171.79601600029093 527.0901838353598 54.54335576481344 239.71581291303755 1171.5369074699006 1018.7470020037044 29.72634848028474 58.82020942772317 240.87032655311327 200.03866299524918 189.54940945591522 46.94837129192615 47.213732950197596 1380.0538429379803 36.69721462825396 25.177547975763673 23.17864527007464 19.430175423857236 53.36333296881594 274.7963527355537 
33.90202735720311 54.71607665359545 229.70954309102535 216.5290639471657 53.72133810018795 171.60374557545242 527.0894727560421 54.54335576481344 239.7157803037844 1171.5369074699006 1018.7470020037044 29.726348480230172 58.8202092602902 240.8703265512488 200.03864454249663 189.5494094237206 46.94837129071834 47.213732950197596 1380.0454787782282 36.69721462825396 25.1775435717243 23.178603217415912 19.43017541675397 53.36330953125639 274.7963102926194 
33.90202735719345 54.71607665340673 229.70953519914588 216.52905920595856 53.72133809951572 171.4470686874456 527.0886219973572 54.54335576481344 239.71563564633834 1171.5369074699006 1018.7470020037044 29.726348480159004 58.820209249796335 240.87032654901327 200.03862898906493 189.54940937267054 46.948371287383 47.213732117405925 1380.0338932200848 36.69721462825396 25.1775435717243 23.178597999771114 19.430175414848122 53.36330239396318 274.7962829956839 
33.90202735715047 54.716076652213474 229.70953346880538 216.5289727695831 53.721338099434774 171.30956408618295 527.0885373196559 54.54335576481344 239.71541052010616 1171.5369074699006 1018.7470020037044 29.726348480106253 58.8202092058217 240.8703265458414 200.03860225598248 189.54940932169313 46.948371272148506 47.21373142270647 1380.0216309519456 36.69721462825396 25.177542909405247 23.17832032129013 19.43017539745108 53.36327314564073 274.7962821826336 
33.90202735708772 54.7160766519645 229.70953044448197 216.52886758690522 53.72133809911202 171.30956408618295 527.088304296658 54.54335576481344 239.71526880763167 1171.5369074699006 1018.7470020037044 29.72634848010148 58.82020911465327 240.8703265445522 200.03857820592725 189.5494093083289 46.94837126615562 47.21373121933675 1380.0146897184586 36.69721462825396 25.177541100099347 23.178265370985514 19.43017538565732 53.36324006771122 274.7962814728794 
33.9020273570751 54.7160766519645 229.70952971479824 216.52877013061425 53.72133809911202 171.2929573255916 527.0876444343064 54.54335576481344 239.71515086949512 1171.5369074699006 1018.7470020037044 29.726348480053616 58.82020910196434 240.87032654168638 200.03857604955374 189.5494092996829 46.94837126455957 47.21373121933675 1380.0146897184586 36.69721462825396 25.177541100099347 23.17820630206711 19.43017537871981 53.36322957789457 274.79626415257894 
33.90202735705998 54.71607665090028 229.70952616258114 216.52877013061425 53.72133809848037 171.2365154458878 527.087601805425 54.54335576481344 239.71508158796405 1157.4337745404691 1018.7470020037044 29.726348480053616 58.82020901447606 240.8703265405279 200.0385595733195 189.54940928299607 46.94837126357152 47.21373101591712 1379.9956676623724 36.69721462825396 25.177537562581392 23.17809267946643 19.43017537667049 53.36320592440586 274.7962614714163 
33.902027357041334 54.716076650367654 229.70952555816075 216.52876422597546 53.721338097794956 171.21830104316598 527.0870144609603 54.54335576481344 239.7149663310438 1157.4337745404691 1018.7470020037044 29.726348480010415 58.82020899628435 240.8703265405279 200.03853772461457 189.54940925910932 46.948371254301605 47.213730917601424 1379.9956676623724 36.69721462825396 25.177534957532885 23.177955765347406 19.430175367662628 53.363194794051765 274.79625494855486 
33.902027357032466 54.716076650350146 229.7095197500846 216.5287518790983 53.721338097446164 171.10968421776022 527.0862689278924 54.54335576481344 239.7149445619657 1142.361705657551 1018.7470020037044 29.726348479957323 58.82020892560661 240.8703265396614 200.03853736720885 189.54940925177732 46.94837125399238 47.21373058765482 1379.9643091561902 36.69721462825396 25.177532547165583 23.177870288835265 19.43017536344462 53.3631784223104 274.79625044598606 
33.90202735702724 54.716076650210425 229.70951227139813 216.528719849121 53.72133809728098 171.04678366681708 527.086126344158 54.54335576481344 239.71490720922884 1139.7980611753944 1018.7470020037044 29.726348479928447 58.82020890260685 240.8703265385791 200.03852348341934 189.54940922136154 46.94837125025151 47.21373044453162 1379.9643091561902 36.69721462825396 25.177530430149318 23.177804031256187 19.430175361359147 53.363159678100374 274.7962056758913 
33.90202735699779 54.71607664963631 229.709511786461 216.52860069045573 53.721338096802015 171.0357001222369 527.085938006845 54.54335576481344 239.71470080371978 1136.4008404426775 1018.7470020037044 29.726348479821354 58.820208873594765 240.87032653849496 200.03850549053482 189.54940919038836 46.9483712405588 47.21373044453162 1379.9330408997293 36.69721462825396 25.17752944110009 23.177701008229747 19.430175347359636 53.36310436295548 274.79619526959095 
33.90202735699165 54.71607664960902 229.70951041321132 216.52860069045573 53.72133809649574 170.9696229916858 527.0856342263351 54.54335576481344 239.71467608710782 1122.1576028729696 1018.7470020037044 29.726348479812486 58.82020883453481 240.8703265376903 200.03850549053482 189.54940919038836 46.9483712382048 47.21373025489493 1379.9330408997293 36.69721462825396 25.1775273116599 23.177653624030768 19.43017534113278 53.36309830882362 274.7961711117998 
33.902027356979715 54.71607664956764 229.70950880327564 216.52854621409142 53.72133809643492 170.93464114849735 527.0855216719776 54.54335576481344 239.71457724874358 1122.1576028729696 1018.7470020037044 29.72634847981078 58.82020883446853 240.87032653534402 200.03848779479483 189.5494091785647 46.94837123280524 47.21373018797067 1379.9330408997293 36.69721462825396 25.177525077474684 23.17754024765634 19.43017533431373 53.36308833730493 274.7961294433692 
33.90202735691935 54.71607664950136 229.7095033103983 216.52852695053218 53.721338096238014 170.90084344149977 527.0852393285479 54.54335576481344 239.71457724874358 1122.1576028729696 1018.7470020037044 29.726348479744274 58.82020881635867 240.87032653314554 200.0384869205069 189.54940913775795 46.948371230907014 47.213730169855694 1379.9304459831442 36.69721462825396 25.177524292851786 23.177498478214147 19.430175333681063 53.36306718259607 274.79610232191044 
33.90202735691935 54.716076649326624 229.70950329462198 216.52849557205036 53.721338096099885 170.90084344149977 527.0843097771217 54.54335576481344 239.71444273453358 1121.8707335726813 1018.7470020037044 29.72634847973518 58.82020879034167 240.87032653261508 200.03845531173192 189.5494091360008 46.94837123052457 47.21372982499702 1379.9304459831442 36.69721462825396 25.17752274665372 23.177447746178245 19.43017532763804 53.36305664780639 274.7960933404804 
33.902027356911844 54.71607664907867 229.7094982329395 216.52849557205036 53.72133809593197 170.82193707798626 527.0840223830769 54.54335576481344 239.71444273453358 1121.4278503131852 1018.7470020037044 29.726348479704484 58.82020878056221 240.87032653172855 200.03844768620775 189.5494091316881 46.94837122457011 47.21372977485453 1379.930406540685 36.69721462825396 25.17752205154079 23.177360370852966 19.430175324554966 53.36304983989476 274.79604662905285 
33.90202735688763 54.716076648946455 229.7094982329395 216.5284945415899 53.72133809588195 170.80564522071836 527.0839786375932 54.54335576481344 239.71436469412492 1121.4278503131852 1018.7470020037044 29.72634847959887 58.82020876433535 240.87032653172855 200.03844014270203 189.54940911041513 46.9483712171035 47.21372963141414 1379.900638823019 36.69721462825396 25.177521285563785 23.177336170765557 19.43017532231397 53.36303895850085 274.79604662905285 
33.90202735687353 54.716076648569924 229.70949581265404 216.52847769687196 53.72133809588195 170.7842507266463 527.0835941471446 54.54335576481344 239.71432805146515 1120.9850012510872 1018.7470020037044 29.726348479585795 58.8202087504086 240.87032653100323 200.03842857799816 189.5494090853747 46.94837121652938 47.21372949789475 1379.8980820145325 36.69721462825396 25.177519899234994 23.17733120811613 19.43017530718555 53.363029663721704 274.7960223100599 
33.90202735687353 54.716076647965224 229.70949520726776 216.52845126721286 53.72133809584193 170.7505447499433 527.0831014184146 54.54335576481344 239.71431553103866 1106.0074518937236 1018.7470020037044 29.72634847957181 58.82020872787825 240.870326530488 200.03840560056506 189.5494090853747 46.94837121350281 47.21372946826273 1379.8980820145325 36.69721462825396 25.17751947416889 23.177288757471047 19.43017529916915 53.363023620924196 274.7959907458576 
33.902027356865915 54.71607664787075 229.70949141973006 216.52842189596925 53.72133809575166 170.73562371149615 527.0824503867161 54.54335576481344 239.7142675728926 1106.0074518937236 1018.7470020037044 29.726348479541798 58.82020870219742 240.87032652963148 200.03837987118834 189.54940907497917 46.94837121040405 47.21372944419943 1379.8829947473064 36.69721462825396 25.177519302376595 23.177277613701904 19.430175298153813 53.36301272134176 274.7959817734886 
33.902027356857275 54.71607664768101 229.7094903383454 216.52840376097822 53.721338095602505 170.73562371149615 527.0824503867161 54.54335576481344 239.71425573475926 1105.5528953876112 1018.7470020037044 29.726348479511785 58.82020867615586 240.87032652918356 200.03836220276082 189.54940905636693 46.948371206832576 47.21372938610614 1379.8829947473064 36.69721462825396 25.177518754498237 23.17725734408043 19.43017529062763 53.36300700022775 274.79594778609226 
33.90202735684613 54.71607664761268 229.70948869259223 216.5283564327217 53.72133809538957 170.71692690318184 527.0817428638416 54.54335576481344 239.7141979979424 1105.5528953876112 1018.7470020037044 29.72634847947438 58.820208656928344 240.87032652918356 200.03833174494775 189.54940902813894 46.948371206832576 47.21372931685369 1379.8829947473064 36.69721462825396 25.177518149936873 23.17724584546579 19.430175287461566 53.363001327288885 274.79588930064165 
33.90202735684363 54.71607664734563 229.70948865857372 216.52833447052035 53.72133809536865 170.6426508720582 527.0815853044153 54.54335576481344 239.7141979979424 1091.750721641683 1018.7470020037044 29.72634847947438 58.820208651869166 240.87032652911284 200.03831994856932 189.54940901484758 46.94837120431043 47.21372930416214 1379.8643665072905 36.69721462825396 25.1775178529806 23.177211111327097 19.43017528634539 53.36300024268496 274.79585209244055 
33.902027356830786 54.71607664706721 229.70948865857372 216.52833447052035 53.72133809530601 170.6123449471113 527.081369210292 54.54335576481344 239.71413888984375 1079.2845663688418 1015.9966410664385 29.72634847946324 58.82020862397803 240.87032652873017 200.0383037010729 189.54940900127508 46.94837120188254 47.213729250411006 1379.8643665072905 36.69721462825396 25.177517568980875 23.17720357844928 19.430175282889763 53.36299830853363 274.7958262828445 
33.902027356830786 54.71607664706721 229.70948731163185 216.5283162653434 53.7213380952569 170.59687186079748 527.0811637536151 54.54335576481344 239.71411535540597 1079.2845663688418 1015.9966410664385 29.72634847944289 58.820208613129466 240.8703265286224 200.03829455271182 189.54940900040845 46.948371201421764 47.213729137929136 1379.8643665072905 36.69721462825396 25.177517267033295 23.177201817735067 19.430175281800075 53.362995666025085 274.79578423519683 
33.90202735681817 54.71607664689702 229.70948626303357 216.52830926237402 53.72133809515117 170.58786416696466 527.0808956653725 54.54335576481344 239.71409018898134 1079.2845663688418 1007.9670318420331 29.726348479435615 58.82020860898001 240.87032652752941 200.03828905992793 189.5494089767177 46.948371201012264 47.21372906106524 1379.8612049337098 36.69721462825396 25.177515930413506 23.1771902517811 19.430175278076717 53.36298822510912 274.79576918363864 
33.90202735680907 54.71607664683597 229.70948328269924 216.5282656013726 53.72133809511456 170.5462642914158 527.0803408774177 54.54335576481344 239.714089228175 1074.6223432269096 1007.9670318420331 29.726348479418675 58.820208587920206 240.8703265274371 200.03828807267064 189.54940895567347 46.948371200730094 47.21372905691578 1379.8612049337098 36.69721462825396 25.17751587363773 23.17717904862866 19.43017527742336 53.362981934137565 274.79575167414305 
33.90202735680782 54.71607664680323 229.70948302344664 216.52825488995063 53.72133809501884 170.5462642914158 527.0799232208765 54.54335576481344 239.71408409402738 1048.9830172628267 1002.3680378414206 29.726348479414014 58.82020857901978 240.87032652725316 200.03827256185582 189.5494089384582 46.94837120018542 47.21372898588902 1379.8483452095156 36.69721462825396 25.17751549942909 23.177174209514874 19.430175276282057 53.36298030801777 274.79575167414305 
33.902027356800204 54.71607664672399 229.7094815846708 216.52824437241122 53.72133809494562 170.5462642914158 527.0792928139481 54.54335576481344 239.7140547545539 1042.9100569788168 978.103312718101 29.726348479404578 58.82020857091629 240.87032652645667 200.03826209277952 189.5494089384582 46.94837119987437 47.213728913479486 1379.830079623854 36.69721462825396 25.177515420707664 23.177156605730715 19.430175271567236 53.36297582692123 274.79573861903145 
33.9020273567985 54.71607664631415 229.70947999280702 216.52822726309603 53.72133809481852 170.54124106271843 527.07927755521 54.54335576481344 239.71403173153794 1016.6372807136629 978.103312718101 29.726348479403782 58.82020856007159 240.87032652633593 200.038258165338 189.54940891463957 46.94837119927115 47.213728883873614 1379.8289711220268 36.69721462825396 25.177515420707664 23.1771364215017 19.430175271412054 53.36297427557349 274.79573861903145 
33.90202735679361 54.71607664615124 229.70947742261706 216.5282167649591 53.7213380946763 170.52129748705931 527.0788558117604 54.54335576481344 239.7140198852901 1016.0537449937883 971.163213119486 29.726348479398098 58.82020855373378 240.87032652577227 200.0382483750475 189.5494089131962 46.94837119727276 47.21372884192124 1379.8146291553312 36.69721462825396 25.177515254764785 23.1771364215017 19.430175269039523 53.362965900265976 274.79572586669246 
33.902027356792246 54.716076646140664 229.70947685502324 216.5282124999909 53.7213380946763 170.48957431736108 527.0784394521474 54.54335576481344 239.71399924441107 1011.8247959150885 971.163213119486 29.726348479395142 58.82020855177643 240.87032652543098 200.03823610957238 189.54940889649652 46.94837119672752 47.21372880965339 1379.8139369893474 36.69721462825396 25.177515095340937 23.177107607347693 19.430175267487698 53.362962397043134 274.79572586669246 
33.90202735679077 54.71607664600867 229.70947405975357 216.5281937499267 53.72133809462082 170.4754790741638 527.0784394521474 54.54335576481344 239.71398029341572 1011.8247959150885 971.163213119486 29.726348479390026 58.82020854978737 240.87032652517178 200.038234817118 189.5494088832379 46.94837119650481 47.21372878822149 1379.7594919118565 36.69721462825396 25.177514842450137 23.177084978051766 19.430175266933134 53.36296046131906 274.79570823494237 
33.90202735678838 54.716076645947396 229.70947312677936 216.52817925458362 53.721338094518046 170.4754790741638 527.0784376520392 54.54335576481344 239.71397400645287 1000.8797785429088 968.317361479043 29.726348479378203 58.820208548217465 240.8703265251072 200.03823045276806 189.54940888253373 46.94837119592103 47.21372874389658 1349.155241836428 36.69721462825396 25.177514509832235 23.177081252609923 19.43017526637209 53.36295340465358 274.79569068812384 
33.902027356785766 54.71607664593114 229.70947215384808 216.52817339555668 53.72133809440629 170.4754790741638 527.0780497290407 54.54335576481344 239.7139413159348 1000.8797785429088 961.1978263836522 29.726348479377975 58.82020854155303 240.87032652493917 200.03822147619712 189.54940887162286 46.948371195200025 47.21372874389658 1349.155241836428 36.69721462825396 25.177514235969397 23.177061901808997 19.430175266040123 53.36295340465358 274.79568507298654 
33.90202735678463 54.71607664589567 229.70947129533602 216.52816443344057 53.72133809434797 170.456913723272 527.0780497290407 54.54335576481344 239.71390704427176 1000.8797785429088 959.8003215467083 29.726348479363764 58.82020852393191 240.87032652493917 200.0382164441903 189.54940887015664 46.948371192953005 47.213728718642756 1349.155241836428 36.69721462825396 25.177513939602477 23.177061901808997 19.430175265641765 53.362949640877446 274.7956114895328 
33.902027356783265 54.716076645768 229.70947113463262 216.52816440817196 53.72133809422451 170.4324159891696 527.0777073118202 54.54335576481344 239.71389810683195 996.4890547638897 959.8003215467083 29.726348479361718 58.82020852393191 240.8703265248687 200.0382001916371 189.54940886669658 46.948371192953005 47.213728710274495 1349.155241836428 36.69721462825396 25.17751391846889 23.177055077397654 19.43017526504059 53.36294656888958 274.79560126277966 
33.90202735678281 54.71607664565215 229.70947010248733 216.5281559339287 53.72133809413697 170.4266409155315 527.0767949182266 54.54335576481344 239.71389444762735 996.4890547638897 955.3229282603529 29.72634847936024 58.820208509658755 240.87032652473772 200.03819751152594 189.54940884953044 46.94837119256988 47.213728710274495 1349.155241836428 36.69721462825396 25.177513797640813 23.17705312953092 19.43017526504059 53.36294320836953 274.7955759901231 
33.902027356782014 54.71607664563271 229.7094698643864 216.52815237152686 53.721338094102634 170.40928189649594 527.0767821006909 54.54335576481344 239.7138794983273 990.4665881763572 955.3229282603529 29.726348479355238 58.82020849962987 240.87032652465632 200.03819058752788 189.54940884953044 46.94837119236081 47.213728692389964 1336.0371266819475 36.69721462825396 25.177513680593393 23.177049677797186 19.430175264815944 53.36294320836953 274.7955423359854 
33.902027356779854 54.71607664550572 229.70946865029782 216.52814575232185 53.72133809402442 170.40373556011582 527.076377512497 54.54335576481344 239.7138379949197 976.9787909582535 954.9991375724007 29.7263484793541 58.820208495020324 240.87032652451444 200.03818669309226 189.5494088480391 46.94837119178601 47.21372867425862 1323.72392404738 36.69721462825396 25.177513547364242 23.177045111027724 19.4301752628204 53.36294176356387 274.79553939679 
33.902027356779286 54.716076645489125 229.70946805502217 216.5281428142896 53.72133809395382 170.39454012470821 527.0758221323745 54.54335576481344 239.71383372990454 975.1418890667869 951.9411333878525 29.72634847934569 58.82020848581942 240.87032652448192 200.03818068921532 189.54940884399605 46.94837119178601 47.21372864338889 1323.72392404738 36.69721462825396 25.17751347053229 23.17703948946871 19.4301752628204 53.362938744035546 274.79552657598015 
33.902027356778376 54.71607664546514 229.70946800241336 216.52813828490616 53.72133809387219 170.3878809420338 527.0741240776588 54.54335576481344 239.713826959141 956.1393919595998 951.9411333878525 29.72634847934239 58.820208481976465 240.8703265241802 200.038176948338 189.54940884182736 46.94837119018166 47.213728643011564 1300.631648773021 36.69721462825396 25.17751346275429 23.17703456890115 19.430175261993327 53.362935835727285 274.7955120921399 
33.902027356776784 54.716076645446606 229.70946778300367 216.52813636255655 53.721338093863096 170.38320552833864 527.0730759993858 54.54335576481344 239.7138197062436 956.1393919595998 951.7597486372829 29.72634847934239 58.820208475287814 240.87032652395465 200.0381745564439 189.54940883977474 46.948371189982026 47.213728636288465 1300.631648773021 36.69721462825396 25.177513446626904 23.177033357767755 19.430175260922738 53.3629352111102 274.7954489903193 
33.90202735677531 54.71607664529529 229.70946757991442 216.5281349936795 53.721338093802615 170.3821101116614 527.0718465029981 54.54335576481344 239.7138197062436 956.1393919595998 948.2988643142517 29.726348479340345 58.820208472051036 240.87032652365883 200.03817212596527 189.54940883098072 46.948371188994884 47.21372863583031 1300.631648773021 36.69721462825396 25.177513406778075 23.177015633097312 19.43017525975381 53.36292902665923 274.7954483949561 
33.90202735677508 54.716076645238445 229.70946688162348 216.52812876984922 53.72133809376692 170.37925956893082 527.07134283246 54.54335576481344 239.7137996397098 953.8007721930669 947.5515966113817 29.726348479336025 58.820208467905445 240.8703265236511 200.038168807062 189.54940882823735 46.948371188877786 47.21372860540362 1291.7492650048853 36.69721462825396 25.177513378015988 23.177011017090877 19.430175259602834 53.362927354235694 274.7954176871133 
33.90202735677451 54.71607664519081 229.70946650295082 216.5281262053404 53.72133809372042 170.37900498052113 527.0713143385192 54.54335576481344 239.71379179869405 953.8007721930669 938.6971422813547 29.726348479336025 58.820208465255064 240.87032652345806 200.0381658277813 189.54940882686003 46.948371188877786 47.21372860540362 1291.7492650048853 36.69721462825396 25.177513274545618 23.177003828095167 19.430175259459816 53.36292034886378 274.79540510376296 
33.90202735677451 54.7160766450794 229.70946629734658 216.52812351125363 53.721338093599115 170.37462770880893 527.071214983885 54.54335576481344 239.71379053581427 949.3136239488631 931.553682412916 29.726348479336025 58.82020846395346 240.87032652322773 200.03816177711724 189.54940882192182 46.948371188704414 47.21372860395172 1291.7492650048853 36.69721462825396 25.177513253804022 23.177000118444084 19.430175259193902 53.362918891216054 274.79540510376296 
33.90202735677394 54.71607664499447 229.70946615902062 216.52812221026215 53.721338093560576 170.37156461250322 527.0696098259039 54.54335576481344 239.7137828467935 946.1932821008013 923.3681077531833 29.72634847933341 58.820208461439506 240.870326522833 200.038154484458 189.54940881795733 46.94837118855264 47.21372859684766 1288.4995311739312 36.69721462825396 25.177513242296527 23.176994815227772 19.430175258943564 53.362918362602954 274.7954008136844 
33.90202735677383 54.716076644942405 229.70946587910248 216.5281192483135 53.721338093544546 170.37089010256818 527.0691709835769 54.54335576481344 239.71378028319214 945.7500612783952 920.8736843015558 29.72634847933341 58.820208458695106 240.87032652228208 200.03815428388964 189.54940881396078 46.94837118839962 47.213728595674866 1288.4995311739312 36.69721462825396 25.17751321432752 23.17699442227024 19.430175258844315 53.36291585733409 274.79539850571064 
33.90202735677303 54.71607664491796 229.70946570419528 216.5281132021322 53.72133809345348 170.3648540175617 527.0686350848114 54.54335576481344 239.71376595235665 945.6846838552569 908.2641370074716 29.7263484793325 58.82020845766385 240.8703265220381 200.0381531457358 189.5494088136586 46.94837118799535 47.21372858009056 1281.0223817419142 36.69721462825396 25.177513188364514 23.17699105026645 19.430175258830104 53.36291529191885 274.7953660494345 
33.90202735677303 54.71607664481019 229.7094656991303 216.52811089790293 53.72133809342438 170.3609256737235 527.0684218736765 54.54335576481344 239.71376250613912 939.5360514036474 908.2641370074716 29.726348479331136 58.82020845710656 240.8703265220381 200.03815140714607 189.54940881105347 46.94837118799535 47.21372857921699 1237.3014668641158 36.69721462825396 25.17751317399052 23.17698869101855 19.430175258615463 53.36291437924058 274.79535793291325 
33.90202735677292 54.71607664474618 229.70946536821543 216.52811089790293 53.721338093370605 170.35839515991347 527.0678895138194 54.54335576481344 239.71375654262783 923.1649512292624 895.9522960887111 29.72634847933034 58.82020845455315 240.87032652185644 200.03814912598875 189.5494088088717 46.94837118761677 47.21372857730944 1228.8517021651983 36.69721462825396 25.177513160200533 23.17698702849691 19.430175258579993 53.362912414399375 274.7953458406307 
33.902027356772805 54.71607664469309 229.70946524474243 216.52810561683975 53.72133809330876 170.3555204489371 527.0675441098956 54.54335576481344 239.71375654262783 923.1649512292624 895.9522960887111 29.726348479329545 58.82020845324644 240.87032652177413 200.03814584788233 189.54940880541903 46.94837118758744 47.213728576508174 1220.5594122328189 36.69721462825396 25.177513153060204 23.1769819573708 19.43017525846517 53.36290959438463 274.7953443357319 
33.90202735677212 54.71607664461396 229.70946510868612 216.52809952253835 53.72133809328602 170.35487433140383 527.0656792942732 54.54335576481344 239.7137460166348 920.516757558029 879.7266065692593 29.726348479329545 58.82020845324644 240.87032652161042 200.03814271059946 189.54940880405888 46.948371187511384 47.21372857572851 1200.1551666093296 36.69721462825396 25.177513151487346 23.176978753876824 19.43017525829407 53.36290732098223 274.7953367112957 
33.902027356771896 54.71607664459043 229.70946445858863 216.52808922221118 53.7213380932385 170.35106635084776 527.0646153550197 54.54335576481344 239.71374053575073 911.6478492490983 879.7266065692593 29.72634847932818 58.82020845204272 240.8703265215495 200.038138640782 189.54940880352274 46.94837118735029 47.2137285752417 1190.7662223643526 36.69721462825396 25.177513139058988 23.176978417454393 19.43017525825121 53.36290650870683 274.7953073939891 
33.90202735677178 54.716076644573945 229.70946411168143 216.52808098059677 53.72133809320428 170.34783389446477 527.0640371358677 54.54335576481344 239.71373467851345 911.6478492490983 868.3123009485444 29.72634847932568 58.82020845125669 240.87032652144262 200.03813844113347 189.54940880269123 46.9483711872366 47.2137285653107 1165.016655213584 36.69721462825396 25.17751311976224 23.17697632270415 19.430175258201302 53.362905954967914 274.79529075145 
33.90202735677178 54.716076644541204 229.70946395321926 216.5280786754853 53.72133809316301 170.34640415929573 527.0625069709849 54.54335576481344 239.71373354224556 910.7877142990719 868.3123009485444 29.726348479321928 58.82020845076886 240.87032652135053 200.0381363426419 189.54940880241406 46.94837118721091 47.21372856284654 1162.538859569163 36.69721462825396 25.177513095534096 23.176973259091824 19.43017525810785 53.362905954967914 274.7952901943495 
33.90202735677144 54.71607664453711 229.70946357406365 216.52807558672794 53.7213380931596 170.34577225713258 527.0608055271327 54.54335576481344 239.71372876643136 910.7877142990719 868.3123009485444 29.726348479321018 58.82020844993656 240.8703265212639 200.03813596305463 189.549408801381 46.948371187103476 47.21372856112498 1146.2817642057184 36.69721462825396 25.17751309176697 23.17697079858226 19.43017525805169 53.36290441259189 274.79527585023516 
33.90202735677133 54.71607664447765 229.70946357406365 216.5280721232906 53.721338093142776 170.3451157079768 527.0598877459233 54.54335576481344 239.71372517795385 910.4107215409281 868.3123009485444 29.726348479320222 58.8202084496138 240.87032652108837 200.0381345593264 189.5494088007955 46.94837118709836 47.213728560467075 1130.6528165081545 36.69721462825396 25.177513081074835 23.176969923687352 19.430175257886845 53.36290407052661 274.7952700154369 
33.90202735677133 54.71607664446708 229.70946327893012 216.52806226802204 53.72133809312709 170.34282666307342 527.0587110801382 54.54335576481344 239.7137191998545 909.3589965588233 868.3123009485444 29.72634847932011 58.82020844862973 240.87032652096377 200.03813119843767 189.54940880058848 46.94837118699286 47.21372855941263 1130.6528165081545 36.69721462825396 25.177513080308472 23.176969906198224 19.43017525783455 53.36290362792124 274.7952410079224 
33.90202735677133 54.71607664445719 229.70946301249478 216.52805948663445 53.72133809312459 170.34282666307342 527.0505738570441 54.54335576481344 239.71371660139698 906.313308391484 867.8225882943973 29.72634847931863 58.82020844805834 240.8703265209033 200.03813105108406 189.54940880058507 46.94837118693738 47.213728557151626 1130.6528165081545 36.69721462825396 25.177513064534196 23.176968199860767 19.43017525774576 53.36290228477412 274.79522623607727 
33.90202735677133 54.71607664442763 229.70946301120193 216.52805572747843 53.72133809310583 170.34164987570557 527.043346718342 54.54335576481344 239.7137131349225 906.313308391484 867.8225882943973 29.726348479317835 58.82020844733813 240.87032652087032 200.03812769403112 189.54940880004506 46.94837118691271 47.21372855422942 1130.6528165081545 36.69721462825396 25.17751306099194 23.17696800283602 19.430175257708584 53.36290151581693 274.7952075059602 
33.902027356770986 54.71607664441922 229.70946297748787 216.52805279336496 53.72133809310583 170.3412451249535 527.0432178838469 54.54335576481344 239.71370629960165 906.313308391484 861.7725069263954 29.72634847931704 58.82020844655597 240.8703265207705 200.03812746213396 189.54940879609148 46.94837118682915 47.21372855422942 1090.786389664767 36.69721462825396 25.177513051760798 23.176967069992088 19.43017525763787 53.36289853382584 274.7951938049464 
33.90202735677087 54.71607664438943 229.70946292224562 216.52805142044258 53.72133809310321 170.34116306244096 527.0363616436027 54.54335576481344 239.71370629960165 899.7340298297363 856.4765524378336 29.726348479316357 58.82020844655597 240.87032652073367 200.0381248753713 189.54940879481023 46.94837118682915 47.21372855222921 1088.717437906491 36.69721462825396 25.177513050559924 23.17696636395192 19.430175257599444 53.3628976256382 274.7951787296963 
33.90202735677076 54.71607664436215 229.70946279054965 216.5280490476032 53.721338093088775 170.3391221282791 527.0363616436027 54.54335576481344 239.71370629960165 899.7340298297363 856.2863614174817 29.72634847931522 58.82020844655597 240.87032652044832 200.03812411866613 189.54940879408286 46.94837118671535 47.21372855192715 1040.8727451732082 36.69721462825396 25.177513046190143 23.176964523331776 19.430175257599444 53.36289603010755 274.79515888482547 
33.90202735677076 54.71607664430894 229.70946276028712 216.52804743855222 53.72133809307627 170.33643946344944 527.028083885805 54.54335576481344 239.71370107052076 891.1437764105017 856.2863614174817 29.726348479315106 58.820208445733556 240.87032652044172 200.03812390155315 189.54940879373385 46.9483711866701 47.213728551841086 1040.8727451732082 36.69721462825396 25.17751304292642 23.176963662135336 19.430175257587052 53.36289458250826 274.7951450597202 
33.902027356770645 54.71607664430098 229.70946262715665 216.5280455613016 53.721338093045006 170.33643946344944 527.0230545922182 54.54335576481344 239.71370015126695 888.1296737753587 853.0788463310314 29.726348479314538 58.82020844532201 240.8703265203883 200.0381234299573 189.54940879373385 46.94837118665282 47.21372855156949 1040.8727451732082 36.69721462825396 25.177513042180635 23.176962274185257 19.430175257560677 53.36289335974686 274.79513666955745 
33.902027356770645 54.71607664428768 229.70946256490424 216.5280445642063 53.72133809303898 170.33424470366344 527.0179572653774 54.54335576481344 239.71369902898368 882.937771636557 852.401011436149 29.726348479314083 58.82020844400972 240.87032652037442 200.03812175013263 189.54940879171045 46.948371186606664 47.213728550778 1040.8727451732082 36.69721462825396 25.177513036902383 23.176962274185257 19.430175257539076 53.3628897872411 274.79513123972083 
33.90202735677053 54.71607664428598 229.70946249517306 216.52804267568263 53.72133809303193 170.33329003653114 527.0163344789526 54.54335576481344 239.71369702820994 881.7754714260907 844.9709866848671 29.72634847931397 58.82020844368378 240.870326520273 200.03812030059544 189.54940879094795 46.94837118657426 47.213728550279484 1040.8727451732082 36.69721462825396 25.177513034854428 23.176961512445587 19.430175257522478 53.3628897872411 274.7951266846321 
33.902027356770304 54.71607664427063 229.70946230800791 216.52804150718362 53.72133809302011 170.33202316639245 527.0155859346773 54.54335576481344 239.71368969735795 880.4771550197693 843.8410793932801 29.72634847931363 58.8202084433492 240.87032652020707 200.0381189573568 189.5494087899276 46.948371186537884 47.213728549455254 1040.8727451732082 36.69721462825396 25.17751303404691 23.17696129595504 19.43017525748644 53.3628897872411 274.79510986905984 
33.90202735677019 54.716076644260056 229.70946229976835 216.5280409254451 53.72133809300021 170.3311393432225 527.013888755117 54.54335576481344 239.71368969735795 880.4771550197693 841.7124306335397 29.726348479313515 58.820208442921285 240.87032651993604 200.03811823039018 189.54940878895684 46.94837118647581 47.21372854830838 1040.8727451732082 36.69721462825396 25.177513030755563 23.176960996200137 19.43017525748428 53.36288817650234 274.7950914796397 
33.90202735676996 54.716076644260056 229.7094621008198 216.52804089301367 53.72133809296872 170.3264709619756 527.010065946673 54.54335576481344 239.71368969735795 877.1201644811617 840.7859515833416 29.7263484793134 58.820208442373314 240.87032651982668 200.0381172935014 189.5494087884622 46.94837118636963 47.21372854788933 1040.8727451732082 36.69721462825396 25.177513023837605 23.17696072466208 19.430175257468363 53.36288798681733 274.7950868420121 
33.90202735676996 54.71607664424755 229.70946206076178 216.52803982641 53.721338092958376 170.32454518622853 527.0098394160066 54.54335576481344 239.71368919911356 875.7021813328415 840.4241723230039 29.726348479313174 58.820208441645036 240.87032651982395 200.03811679681178 189.54940878669663 46.94837118636963 47.21372854682227 1040.8727451732082 36.69721462825396 25.177513021888103 23.176960119570367 19.430175257466544 53.362886468651254 274.7950833618902 
33.90202735676985 54.71607664423027 229.70946201452512 216.5280371302582 53.721338092950646 170.3194443206994 527.0088670013342 54.54335576481344 239.71368600740084 874.1706792251439 838.5200130700905 29.726348479312946 58.82020844146757 240.87032651974482 200.0381148046465 189.54940878648188 46.948371186360305 47.21372854465562 1040.8727451732082 36.69721462825396 25.177513021888103 23.17696003895685 19.430175257452902 53.36288578867857 274.79506168386365 
33.902027356769736 54.7160766442214 229.70946192875567 216.5280371302582 53.721338092950646 170.31835421007486 527.0071559798621 54.54335576481344 239.71368566749743 873.7436308376746 834.3635712604523 29.726348479312946 58.820208440749184 240.8703265194165 200.03811244909195 189.54940878558557 46.94837118634143 47.2137285434635 1040.8727451732082 36.69721462825396 25.177513021888103 23.17695934767812 19.430175257434144 53.362885575116366 274.79505133440307 
33.902027356769736 54.71607664420969 229.70946189949427 216.52803305295083 53.72133809294644 170.31374540059676 527.006291596435 54.54335576481344 239.7136844081806 873.5073823175194 833.3085739270082 29.72634847931272 58.82020844055569 240.87032651932122 200.03811184328276 189.54940878395723 46.94837118627186 47.21372854185154 1040.8727451732082 36.69721462825396 25.177513015907493 23.176959265047685 19.43017525742539 53.362885281606395 274.7950407714586 
33.90202735676962 54.71607664420753 229.70946163077474 216.52803293747706 53.721338092945984 170.31315361030613 527.006291596435 54.54335576481344 239.71368381837078 869.9339605637183 830.5553138079943 29.726348479312605 58.820208440089914 240.87032651919958 200.03810954646133 189.54940878386617 46.94837118623343 47.21372854172694 1028.3174354899602 36.69721462825396 25.177513013777798 23.176959101561238 19.43017525742539 53.36288412632416 274.7950120806579 
33.90202735676962 54.716076644202985 229.70946161288452 216.5280297888953 53.72133809294485 170.31132464261623 527.0060958988522 54.54335576481344 239.71368324963942 869.9339605637183 827.9441138193313 29.72634847931215 58.82020843976409 240.87032651912818 200.03810871484666 189.54940878234424 46.94837118617045 47.21372853961191 1015.4351370861459 36.69721462825396 25.177513010151642 23.176958989694526 19.43017525742323 53.36288265083681 274.79500468803985 
33.90202735676962 54.71607664419287 229.70946151708972 216.52802720109275 53.72133809294007 170.31082615200785 527.0058695265757 54.54335576481344 239.7136821803183 868.9001641187729 827.9441138193313 29.726348479311923 58.82020843945634 240.8703265190652 200.03810800894303 189.5494087812648 46.94837118617045 47.213728537815996 1015.4351370861459 36.69721462825396 25.177513009739755 23.1769589668354 19.430175257415385 53.36287908241002 274.7949648742415 
33.90202735676962 54.716076644192185 229.70946138093018 216.5280258508742 53.72133809293973 170.31082615200785 527.0041945149551 54.54335576481344 239.7136820013102 868.1941336061718 827.9441138193313 29.726348479311355 58.820208439196904 240.87032651904656 200.03810700488077 189.5494087810497 46.94837118615874 47.213728535832956 997.4272669052739 36.69721462825396 25.177513006648155 23.176958189046104 19.430175257408678 53.36287679174643 274.7949583555728 
33.90202735676962 54.716076644186614 229.70946131735445 216.52802312899394 53.721338092935866 170.30933068736556 527.0030217981284 54.54335576481344 239.71368173967062 868.1941336061718 827.7973036147048 29.726348479311127 58.820208439118346 240.8703265189538 200.03810686019665 189.5494087801677 46.94837118614623 47.21372853577748 997.4272669052739 36.69721462825396 25.17751300131249 23.1769580187688 19.4301752574047 53.36287539042553 274.79495566040964 
33.90202735676962 54.71607664418639 229.70946131119922 216.5280229902237 53.72133809293439 170.30799477577455 527.0025657277315 54.54335576481344 239.71368140027857 867.4881070606766 826.2355710447287 29.726348479311127 58.82020843893076 240.87032651887716 200.03810579931792 189.54940877953845 46.948371186136114 47.21372853265268 997.4272669052739 36.69721462825396 25.177512998477027 23.1769580187688 19.430175257395945 53.362874639775555 274.79492000094615 
33.90202735676962 54.71607664418366 229.7094612143096 216.528021694485 53.72133809293314 170.30767043068067 527.0001550374445 54.54335576481344 239.71368115871292 867.4863362085898 825.9846264339421 29.726348479310445 58.82020843866417 240.87032651887716 200.03810547464718 189.5494087784764 46.94837118609405 47.21372853184516 997.4272669052739 36.69721462825396 25.17751299776262 23.176958002396645 19.43017525739583 53.36287267618741 274.7949198805261 
33.90202735676962 54.716076644178315 229.7094611201146 216.52802024444588 53.721338092931546 170.30627939270653 526.9997826247381 54.54335576481344 239.71368107311628 867.1972677956328 824.483109081717 29.726348479310445 58.82020843864234 240.87032651879372 200.03810533647834 189.54940877770503 46.94837118608632 47.21372853123057 997.4272669052739 36.69721462825396 25.17751299618078 23.176957939287718 19.430175257394126 53.36287217831409 274.79491837180785 
33.90202735676962 54.716076644177974 229.7094610457607 216.52801960626334 53.72133809292859 170.30623309185444 526.9987409031023 54.54335576481344 239.71367972217604 862.6168219937645 824.483109081717 29.72634847931033 58.820208438431564 240.8703265187089 200.03810464350818 189.54940877715217 46.9483711860762 47.21372853104299 997.4272669052739 36.69721462825396 25.17751299473116 23.17695790750679 19.430175257385713 53.36287075664393 274.7949034496655 
33.90202735676962 54.71607664417593 229.7094610140416 216.5280193275413 53.72133809292802 170.3052690225437 526.9985303614212 54.54335576481344 239.71367890916326 861.666109131073 821.2790355516827 29.72634847931033 58.820208438427244 240.87032651869504 200.03810444649525 189.54940877646004 46.94837118606233 47.21372853044534 997.4272669052739 36.69721462825396 25.17751298985013 23.176957851749194 19.43017525738287 53.36287075664393 274.7948877877693 
33.902027356769395 54.716076644165696 229.70946098300783 216.52801909629852 53.72133809292427 170.30486936481122 526.9966199054293 54.54335576481344 239.71367890916326 861.666109131073 816.0783860432803 29.726348479310218 58.82020843836199 240.87032651869185 200.0381041440328 189.54940877646004 46.94837118605028 47.21372853028231 997.4272669052739 36.69721462825396 25.177512988398462 23.176957816761956 19.430175257381507 53.36286979174406 274.79484931438924 
33.902027356769395 54.71607664416513 229.70946091037808 216.52801849412333 53.721338092922906 170.30428930807398 526.9934776818484 54.54335576481344 239.71367808717446 860.3834512258184 816.0783860432803 29.726348479310104 58.82020843823716 240.87032651868458 200.03810391097613 189.54940877606066 46.94837118604664 47.21372853005903 984.3567563867916 36.69721462825396 25.177512988398462 23.176957516105176 19.43017525737764 53.36286962999259 274.79481261582123 
33.902027356769395 54.71607664416047 229.70946088586152 216.5280171577183 53.72133809292188 170.30386031826458 526.9934776818484 54.54335576481344 239.713677875744 860.3834512258184 816.0783860432803 29.726348479310104 58.820208438232726 240.8703265186632 200.03810379488743 189.5494087758767 46.94837118602845 47.21372852979687 984.3567563867916 36.69721462825396 25.17751298773578 23.176957516105176 19.430175257376277 53.36286917825635 274.794788048049 
33.902027356769395 54.71607664414864 229.70946085852006 216.52801513672557 53.72133809291711 170.3035898337605 526.9922033887613 54.54335576481344 239.7136774500907 858.9596993603031 812.7708340062181 29.726348479310104 58.820208438078566 240.87032651864365 200.03810373275815 189.54940877567913 46.94837118600242 47.2137285295521 967.4727800974708 36.69721462825396 25.177512987292516 23.17695739657495 19.43017525737355 53.36286833665508 274.794788048049 
33.902027356769395 54.716076644148416 229.70946078832594 216.52801480341327 53.721338092916994 170.3035157744248 526.991885918002 54.54335576481344 239.71367722614104 857.2357848799384 805.1985701560839 29.72634847930999 58.82020843805276 240.87032651861864 200.03810315941746 189.54940877567913 46.94837118598605 47.2137285295521 957.1828362739427 36.69721462825396 25.177512986273086 23.17695739040937 19.430175257372184 53.362868102890275 274.79477143582767 
33.902027356769395 54.71607664414557 229.70946078832594 216.52801480341327 53.72133809291529 170.3032917303383 526.9916079303662 54.54335576481344 239.71367683906556 856.7512248432802 793.2669370871936 29.72634847930999 58.82020843803491 240.87032651859818 200.03810279559593 189.54940877560466 46.948371185977635 47.213728529383275 957.1828362739427 36.69721462825396 25.17751298524979 23.17695728356125 19.43017525737139 53.36286730635095 274.7947489208891 
33.902027356769395 54.71607664414205 229.70946073303912 216.52801427887596 53.721338092914266 170.3020219207799 526.990606918801 54.54335576481344 239.71367683906556 854.321691477182 793.2669370871936 29.72634847930999 58.82020843800808 240.8703265185909 200.0381019873048 189.54940877532056 46.94837118593887 47.21372852916568 945.3019267648829 36.69721462825396 25.177512984721943 23.176957186168693 19.43017525737048 53.362866932770885 274.79471986096223 
33.902027356769395 54.716076644140685 229.70946067739897 216.52801376545983 53.721338092911196 170.30131014390213 526.9893665160562 54.54335576481344 239.71367645704504 853.2147528136466 793.2669370871936 29.72634847930999 58.82020843798921 240.870326518585 200.0381014088673 189.54940877497233 46.94837118591704 47.21372852868535 945.3019267648829 36.69721462825396 25.17751298361827 23.176957175021357 19.430175257369115 53.362866932770885 274.79469519922463 
33.902027356769395 54.71607664413932 229.70946067048976 216.52801374393175 53.721338092910514 170.3004768878858 526.989175024391 54.54335576481344 239.7136758665829 852.7775634388472 793.2669370871936 29.726348479309763 58.820208437959764 240.87032651852314 200.03810134623836 189.54940877474132 46.94837118591272 47.213728528578145 945.3019267648829 36.69721462825396 25.177512983347015 23.17695710399414 19.43017525736775 53.36286678570002 274.79468289356964 
33.902027356769395 54.71607664413773 229.7094605680345 216.52801351630683 53.72133809290813 170.30025314961551 526.9883869920277 54.54335576481344 239.71367559430246 852.2848906309314 790.6840086637246 29.726348479309763 58.820208437934866 240.87032651851155 200.0380999172943 189.5494087744014 46.948371185908286 47.21372852852335 930.3069934327764 36.69721462825396 25.177512981065547 23.17695702334288 19.4301752573665 53.36286670066602 274.7946724918886 
33.902027356769395 54.71607664413568 229.7094605357454 216.52801315973647 53.72133809290574 170.29957023678207 526.9878679391804 54.54335576481344 239.71367550839568 851.1659258991294 789.1969882717117 29.726348479309763 58.82020843789371 240.870326518507 200.03809971463954 189.54940877399622 46.94837118590203 47.21372852840602 928.3693334905602 36.69721462825396 25.17751298008534 23.176957016212555 19.430175257366272 53.3628662926061 274.79465208710076 
33.902027356769395 54.71607664413216 229.70946048815563 216.52801293159393 53.72133809290574 170.29922828117583 526.9874422507421 54.54335576481344 239.71367532590102 850.9992704608117 789.1969882717117 29.726348479309763 58.820208437868246 240.8703265185011 200.03809934370884 189.54940877388833 46.94837118588259 47.213728528253455 928.3693334905602 36.69721462825396 25.177512979377184 23.176957012426783 19.430175257365022 53.3628659815098 274.7946451746657 
33.902027356769395 54.71607664412818 229.70946047078996 216.52801283286283 53.72133809290335 170.29922828117583 526.9873626191952 54.54335576481344 239.71367505153694 850.9992704608117 789.1969882717117 29.726348479309763 58.82020843784994 240.87032651848835 200.03809849565255 189.54940877360673 46.94837118588259 47.213728528204 911.853728792913 36.69721462825396 25.17751297824043 23.176956971383788 19.43017525736491 53.36286558314612 274.7946281810732 
33.902027356769395 54.71607664412636 229.70946041901084 216.5280120113872 53.72133809290335 170.29892670690424 526.9872591300289 54.54335576481344 239.71367503584406 849.6273748879566 789.1969882717117 29.72634847930965 58.82020843777798 240.8703265184679 200.03809786838906 189.54940877299612 46.94837118586929 47.21372852818092 911.853728792913 36.69721462825396 25.177512976998628 23.176956935000703 19.430175257364226 53.362864602414675 274.7946099636192 
33.902027356769395 54.716076644124655 229.70946035269617 216.5280111474858 53.72133809290324 170.2983891087472 526.9871910338572 54.54335576481344 239.7136749306328 848.140106364451 787.9040992043799 29.72634847930965 58.82020843774535 240.87032651846152 200.03809739213932 189.54940877281138 46.94837118586088 47.213728528091224 911.853728792913 36.69721462825396 25.177512976588446 23.17695684255284 19.430175257362635 53.36286453040441 274.79460373554843 
33.902027356769395 54.716076644122495 229.7094602863367 216.52800989565924 53.721338092903125 170.29771809982617 526.9870547571372 54.54335576481344 239.7136747221307 845.5817565738096 783.6330410083963 29.72634847930965 58.820208437704196 240.87032651844424 200.03809692320328 189.54940877268643 46.948371185854626 47.213728527866124 907.5179813806035 36.69721462825396 25.177512976588446 23.176956727781658 19.430175257362407 53.36286401668667 274.794589837752 
33.902027356769395 54.71607664412045 229.70946025163835 216.52800861595586 53.72133809290244 170.29763810557643 526.9868292082779 54.54335576481344 239.71367468317385 845.5817565738096 781.7279285616528 29.72634847930965 58.820208437660085 240.87032651841264 200.0380966283467 189.54940877230604 46.9483711858453 47.21372852774505 907.5179813806035 36.69721462825396 25.177512974878596 23.176956727781658 19.430175257361725 53.36286363217778 274.79457635463564 
33.902027356769395 54.71607664411965 229.70946024116893 216.5280085169603 53.7213380929021 170.2968986054592 526.9868292082779 54.54335576481344 239.71367454848678 845.5817565738096 777.8680786168195 29.72634847930965 58.82020843764303 240.87032651839604 200.03809622157155 189.54940877221588 46.94837118583587 47.21372852774505 907.5179813806035 36.69721462825396 25.17751297411337 23.17695671006868 19.430175257361498 53.36286302971098 274.7945651555042 
33.902027356769395 54.71607664411795 229.70946022234216 216.52800850468225 53.7213380929021 170.29644375890712 526.9860755716525 54.54335576481344 239.71367421550713 845.5817565738096 777.8680786168195 29.72634847930965 58.82020843761802 240.87032651838308 200.03809622157155 189.5494087721654 46.94837118583587 47.21372852751665 907.5179813806035 36.69721462825396 25.17751297361542 23.176956700839355 19.430175257361157 53.36286267274386 274.7945639541524 
33.902027356769395 54.716076644117834 229.70946020632073 216.52800813429872 53.721338092901306 170.29644375890712 526.986006941655 54.54335576481344 239.71367421550713 845.3048741907483 775.4034423549233 29.72634847930965 58.820208437604606 240.87032651836716 200.03809581413498 189.54940877213164 46.94837118583166 47.213728527513695 897.4391464952055 36.69721462825396 25.177512973259354 23.176956691497935 19.430175257361043 53.362862438594675 274.794555279841 
33.902027356769395 54.71607664411658 229.70946018944187 216.52800779723555 53.72133809290108 170.29611319056517 526.9857521628428 54.54335576481344 239.71367403087243 845.2051643601089 774.5415461345608 29.72634847930965 58.82020843758687 240.8703265183526 200.0380954305149 189.54940877199317 46.94837118582461 47.213728527513695 882.8553794173913 36.69721462825396 25.177512973235707 23.17695664915186 19.430175257360816 53.362861981905326 274.7945353568748 
33.902027356769395 54.71607664411658 229.70946017325787 216.52800663925632 53.72133809290051 170.295765361828 526.9855218969021 54.54335576481344 239.7136738993097 844.9452684664425 774.5287005711953 29.72634847930965 58.82020843756402 240.87032651833033 200.03809515268586 189.54940877187664 46.94837118582461 47.21372852743923 881.9489817539884 36.69721462825396 25.17751297294467 23.176956636807517 19.430175257360474 53.362861308575816 274.794525287964 
33.902027356769395 54.7160766441159 229.70946013718844 216.52800594466134 53.72133809290017 170.295765361828 526.9854666971783 54.54335576481344 239.71367377776073 844.3002678679263 773.5998188116248 29.72634847930965 58.8202084375406 240.87032651833033 200.03809490579533 189.54940877179604 46.94837118582166 47.213728527299054 881.9489817539884 36.69721462825396 25.17751297293603 23.176956636807517 19.43017525736002 53.36286102778581 274.7945188640849 
33.902027356769395 54.71607664411454 229.70946011020646 216.52800587836077 53.721338092899146 170.29544214707096 526.9853933595427 54.54335576481344 239.71367370205394 844.3002678679263 770.0954890369346 29.72634847930965 58.82020843751968 240.8703265183226 200.03809463673872 189.54940877157276 46.94837118581779 47.213728527274384 859.2958433030631 36.69721462825396 25.177512972563818 23.17695663088591 19.430175257359224 53.36286055166795 274.79451165130354 
33.902027356769395 54.71607664411181 229.7094600879591 216.5280048605132 53.72133809289903 170.29507952274946 524.8903628229587 54.54335576481344 239.713673323703 842.9992678933565 768.8981385530578 29.72634847930965 58.82020843750581 240.87032651830714 200.03809434926268 189.54940877145646 46.94837118581529 47.213728527222884 859.2958433030631 36.69721462825396 25.177512972406817 23.176956628738594 19.43017525735877 53.36286040643597 274.79449467715176 
33.902027356769395 54.71607664411181 229.7094600778803 216.52800399181558 53.721338092898804 170.29507345366903 304.1020364226076 54.54335576481344 239.7136730578129 841.0599554204887 767.9780919848981 29.72634847930965 58.820208437481824 240.87032651828918 200.03809432714593 189.5494087714235 46.94837118581506 47.213728527198555 859.2958433030631 36.69721462825396 25.17751297214977 23.176956618348072 19.430175257358314 53.362860166328346 274.7944739807349 
33.902027356769395 54.71607664411158 229.7094600651676 216.52800373719492 53.72133809289846 170.29482424399123 265.5081775466631 54.54335576481344 239.7136728426217 839.186296325945 765.9817989254689 29.72634847930965 58.82020843746818 240.87032651828235 200.03809391540017 189.54940877132879 46.94837118581211 47.21372852713546 859.2958433030631 36.69721462825396 25.177512972148293 23.176956618348072 19.430175257358087 53.36285997636878 274.79447003252994 
33.902027356769395 54.71607664411124 229.7094600532373 216.52800372758566 53.721338092897554 170.2944759759215 246.98731842597977 54.54335576481344 239.713672768773 839.186296325945 765.9817989254689 29.72634847930965 58.820208437458064 240.87032651828167 200.0380934852808 189.5494087712891 46.9483711858112 47.21372852707282 859.2958433030631 36.69721462825396 25.177512972058025 23.17695661474511 19.43017525735786 53.36285965024115 274.79447003252994 
33.902027356769395 54.716076644110785 229.70946004881762 216.52800372758566 53.72133809289733 170.29444571455497 231.82454730543577 54.54335576481344 239.71367263092588 839.186296325945 765.3138249733349 29.72634847930965 58.82020843744317 240.87032651827826 200.03809336858694 189.5494087711918 46.94837118580972 47.21372852704508 859.2958433030631 36.69721462825396 25.17751297201289 23.176956605238047 19.43017525735786 53.362859595348596 274.7944679662628 
33.902027356769395 54.71607664411022 229.7094600412056 216.52800336983285 53.72133809289721 170.29434587041396 222.67883573910012 54.54335576481344 239.71367220646312 837.9687580781501 762.3449870729978 29.72634847930965 58.820208437413044 240.8703265182769 200.0380931542909 189.5494087711328 46.94837118580972 47.21372852691752 855.8016350192875 36.69721462825396 25.177512971843157 23.176956605238047 19.43017525735786 53.36285948584896 274.79444668465385 
33.902027356769395 54.71607664410931 229.70946003944368 216.52800311514773 53.72133809289721 170.29400361755484 215.21461501169802 54.54335576481344 239.71367217925103 837.353418065492 762.3449870729978 29.72634847930965 58.8202084374127 240.87032651826894 200.03809252736596 189.54940877098784 46.94837118580938 47.21372852677098 850.8117870197043 36.69721462825396 25.177512971681153 23.176956600113385 19.430175257357632 53.36285936294769 274.7944375227646 
33.902027356769395 54.71607664410749 229.70946003575318 216.5280025728846 53.7213380928971 170.29383645119822 215.21461501169802 54.54335576481344 239.71367210810922 835.5583763810787 761.9003497706672 29.72634847930965 58.82020843740008 240.87032651826667 200.0380924587871 189.54940877091212 46.94837118580813 47.21372852670447 850.8117870197043 36.69721462825396 25.177512971416604 23.176956594929038 19.430175257357405 53.36285936294769 274.7944315037537 
33.902027356769395 54.71607664410692 229.70946003312156 216.528002349316 53.7213380928971 170.293723820507 211.44909161883447 54.54335576481344 239.71367210263998 835.491734666417 757.1322773546749 29.72634847930965 58.82020843740008 240.8703265182653 200.03809190448385 189.54940877091212 46.94837118580779 47.21372852648528 850.8117870197043 36.69721462825396 25.17751297118798 23.176956594929038 19.430175257357178 53.36285927975803 274.7944259019598 
33.902027356769395 54.71607664410669 229.70946001154107 216.52800127754472 53.721338092896985 170.29365532963516 211.44909161883447 54.54335576481344 239.71367206153263 835.4446960281509 755.906085247088 29.72634847930965 58.8202084373919 240.87032651826257 200.03809150871973 189.54940877085767 46.948371185805854 47.213728526480736 850.8117870197043 36.69721462825396 25.177512971182296 23.176956593108912 19.430175257357064 53.3628592439876 274.7944218821949 
33.902027356769395 54.71607664410578 229.70946000410368 216.5280007433214 53.72133809289687 170.29350162515448 209.76683526966406 54.54335576481344 239.71367184409132 835.2838854554084 751.3039777243887 29.72634847930965 58.82020843738496 240.87032651825348 200.03809130397394 189.5494087708238 46.948371185803694 47.21372852644856 850.8117870197043 36.69721462825396 25.177512971135798 23.17695658852972 19.43017525735661 53.3628592439876 274.7944182993433 
33.902027356769395 54.71607664410476 229.70946000410368 216.52800048757865 53.72133809289676 170.29342694674983 209.76683526966406 54.54335576481344 239.71367183216967 834.5587173234828 751.3039777243887 29.72634847930965 58.82020843738212 240.87032651824939 200.03809119256505 189.54940877077308 46.948371185803694 47.2137285264306 850.4371803622867 36.69721462825396 25.17751297090058 23.17695658852972 19.430175257356268 53.36285908506227 274.79441530881695 
33.902027356769395 54.71607664410351 229.70945996733826 216.52800013912997 53.72133809289676 170.29327185173668 208.43824536138766 54.54335576481344 239.71367157913846 834.3974476851249 748.5738686321715 29.72634847930965 58.820208437350175 240.8703265182362 200.0380908556374 189.5494087706511 46.94837118580142 47.2137285264306 847.1435737692168 36.69721462825396 25.17751297088796 23.176956579836656 19.430175257355927 53.36285893549655 274.7944110477674 
33.902027356769395 54.71607664410317 229.70945995650027 216.52799991053666 53.72133809289653 170.29319233530646 208.0366440535405 54.54335576481344 239.71367143443604 834.1450722730556 748.5738686321715 29.72634847930965 58.82020843732187 240.87032651823392 200.03809067064572 189.54940877054935 46.948371185800056 47.2137285264148 847.1435737692168 36.69721462825396 25.177512970788257 23.176956576150246 19.430175257355813 53.36285888783539 274.7944067273329 
33.902027356769395 54.71607664410067 229.70945995312877 216.52799980544603 53.7213380928963 170.29308294703162 207.64784226527127 54.54335576481344 239.71367143443604 834.1450722730556 745.8163767787528 29.72634847930965 58.82020843732187 240.87032651822005 200.0380902317596 189.5494087704676 46.948371185797896 47.21372852636409 836.4726922519767 36.69721462825396 25.177512970777116 23.176956571030473 19.430175257355813 53.36285888783539 274.7944045540603 
33.902027356769395 54.71607664409851 229.7094599431707 216.52799956407466 53.7213380928963 170.29307127881088 206.7737292893279 54.54335576481344 239.71367126671248 833.8546512372113 745.4051320393353 29.72634847930965 58.82020843731959 240.87032651820755 200.03809005942878 189.54940877045112 46.9483711857971 47.213728526314526 836.4726922519767 36.69721462825396 25.177512970754833 23.176956564057832 19.4301752573557 53.36285888783539 274.7943990293445 
33.902027356769395 54.71607664409805 229.70945993938653 216.52799944621597 53.72133809289619 170.29263503765333 206.7737292893279 54.54335576481344 239.71367126671248 833.5674350915583 745.3523373114022 29.72634847930965 58.82020843731607 240.87032651819732 200.0380899682649 189.54940877041258 46.94837118579619 47.21372852630759 836.4726922519767 36.69721462825396 25.177512970754833 23.17695656220144 19.430175257355586 53.36285881132301 274.7943957473726 
33.902027356769395 54.716076644097825 229.70945992786824 216.52799938707153 53.721338092896076 170.2924966628657 206.71711990261224 54.54335576481344 239.7136712587967 833.3007091572053 744.8334922667661 29.72634847930965 58.82020843730925 240.87032651818777 200.03808992696895 189.54940877033414 46.94837118579619 47.213728526307364 836.4726922519767 36.69721462825396 25.17751297070788 23.176956557396807 19.430175257355586 53.36285868473476 274.79439284378714 
33.902027356769395 54.7160766440976 229.70945992786824 216.5279991396336 53.721338092896076 170.29233149101196 206.40670963390778 54.54335576481344 239.7136711908497 833.1883129557596 743.0828473882182 29.72634847930965 58.820208437300494 240.87032651818322 200.03808984712202 189.5494087703221 46.948371185795736 47.213728526241425 836.4726922519767 36.69721462825396 25.177512970667863 23.17695655571174 19.430175257355586 53.36285861624367 274.7943919968943 
33.902027356769395 54.71607664409714 229.7094599223708 216.5279988427551 53.72133809289585 170.29225292328113 206.27252578746095 54.54335576481344 239.71367114029363 833.1317481220763 743.0828473882182 29.72634847930965 58.820208437293104 240.87032651817276 200.03808969332965 189.54940877028525 46.94837118579562 47.21372852623415 836.4726922519767 36.69721462825396 25.177512970575435 23.176956553433342 19.430175257355586 53.362858504411065 274.7943888907216 
33.902027356769395 54.71607664409669 229.70945992152087 216.52799867189083 53.72133809289585 170.29218990573656 206.06889730803857 54.54335576481344 229.41939521173322 832.7200589973363 742.7035534866695 29.72634847930965 58.82020843728856 240.87032651816958 200.0380894499583 189.54940877012586 46.94837118579528 47.21372852620573 836.4726922519767 36.69721462825396 25.17751297056941 23.176956548948056 19.430175257355586 53.36285843775454 274.79438181717137 
33.902027356769395 54.716076644096574 229.70945991903818 216.527998578954 53.721338092895735 170.29214855369742 205.89211230068076 54.54335576481344 228.94387873252617 832.532426601027 741.5444736831182 29.72634847930965 58.82020843728594 240.8703265181614 200.03808932303969 189.54940877010347 46.94837118579483 47.213728526170144 836.4726922519767 36.69721462825396 25.177512970524617 23.176956546151132 19.430175257355586 53.36285837583057 274.7943796458403 
33.902027356769395 54.71607664409646 229.70945991347799 216.52799847122276 53.72133809289551 170.29186744849846 205.53062968686993 54.54335576481344 227.6698959731027 832.3913870782462 741.5444736831182 29.72634847930965 58.820208437273095 240.87032651815025 200.0380892337953 189.54940877001775 46.948371185794485 47.21372852616582 835.328737875262 36.69721462825396 25.177512970510634 23.17695654542365 19.430175257355472 53.362858232692815 274.7943794983696 
33.902027356769395 54.71607664409646 229.70945991347799 216.5279982165464 53.72133809289551 170.29149851036732 205.1317422659805 54.54335576481344 217.9180447324826 832.0629567858841 739.0044459393266 29.72634847930965 58.820208437268775 240.8703265181466 200.0380889672624 189.54940876992032 46.9483711857938 47.21372852616253 835.328737875262 36.69721462825396 25.177512970481416 23.176956541679488 19.43017525735536 53.36285822859645 274.79437848583893 
33.902027356769395 54.71607664409623 229.70945991192139 216.5279982165464 53.72133809289551 170.29140907191027 204.92512913165683 54.54335576481344 211.4089579703093 831.986887283279 739.0044459393266 29.72634847930965 58.820208437268775 240.87032651814593 200.0380889293973 189.54940876989065 46.9483711857938 47.213728526141495 833.9942889681977 36.69721462825396 25.177512970467205 23.17695654142551 19.43017525735513 53.36285812302515 274.7943756325401 
33.902027356769395 54.716076644096006 229.70945990719247 216.5279981905096 53.72133809289551 170.29140357734263 204.4320186686873 54.54335576481344 210.4718508536032 831.9518172263222 739.0044459393266 29.72634847930965 58.820208437266956 240.87032651814025 200.0380889293973 189.5494087698404 46.9483711857938 47.21372852612262 833.9942889681977 36.69721462825396 25.17751297042264 23.17695654017814 19.430175257355017 53.362858075508825 274.7943748664525 
33.90202735676928 54.71607664409589 229.7094599059701 216.52799805607026 53.72133809289551 170.29114252508032 203.47720970753699 54.54335576481344 209.92343252838202 831.5165385264195 738.967627134216 29.72634847930965 58.82020843726593 240.8703265181341 200.03808879936037 189.54940876982232 46.94837118579335 47.21372852611614 833.5610097411345 36.69721462825396 25.17751297039922 23.176956538358695 19.430175257355017 53.36285799381949 274.7943734805692 
33.90202735676928 54.71607664409578 229.70945990307655 216.52799805607026 53.721338092895394 170.29102502594094 203.47720970753699 54.54335576481344 208.3595825938072 831.3342782195939 738.3760036113927 29.72634847930965 58.82020843726093 240.87032651812683 200.0380886536443 189.54940876979674 46.94837118579312 47.21372852602303 831.7509244270057 36.69721462825396 25.177512970378984 23.17695653548924 19.43017525735479 53.36285788375835 274.7943730160084 
33.90202735676928 54.71607664409578 229.70945990289124 216.52799796996396 53.72133809289528 170.29091519287203 203.33623314854867 54.54335576481344 206.97959245184245 830.8796223402755 738.3339109196772 29.72634847930965 58.82020843725638 240.87032651810932 200.03808839325336 189.54940876973842 46.94837118579301 47.213728525999954 831.0308950397821 36.69721462825396 25.177512970355565 23.176956532038275 19.430175257354676 53.362857859124915 274.7943720726489 
33.90202735676928 54.71607664409578 229.7094598964145 216.5279979013352 53.72133809289528 170.29088984386794 202.6275264017246 54.54335576481344 206.7341140892213 830.8796223402755 738.3202774057622 29.72634847930965 58.82020843725434 240.87032651809977 200.0380882037058 189.54940876968794 46.94837118579278 47.21372852598836 830.737079361845 36.69721462825396 25.177512970350676 23.176956531503492 19.430175257354676 53.36285778825186 274.7943704529548 
33.90202735676928 54.716076644095665 229.7094598964145 216.52799769311184 53.72133809289528 170.2906836057232 202.32269346101498 54.54335576481344 201.7961436051071 830.8796223402755 738.1897720275256 29.72634847930965 58.82020843725263 240.87032651809795 200.03808813261026 189.5494087696727 46.94837118579278 47.2137285259646 830.737079361845 36.69721462825396 25.177512970332145 23.176956530127995 19.430175257354676 53.36285765669925 274.7943687468287 
33.90202735676928 54.716076644095665 229.70945989415281 216.5279976251859 53.72133809289528 170.29062249981484 201.88665035602412 54.54335576481344 198.70203693805433 830.7870583711083 737.4366505098101 29.72634847930965 58.82020843724786 240.87032651809523 200.03808799961553 189.54940876962985 46.94837118579255 47.21372852594982 828.3039857971999 36.69721462825396 25.177512970321686 23.1769565269218 19.430175257354676 53.36285755202209 274.79436834669104 
33.90202735676928 54.716076644095665 229.7094598911899 216.52799759030347 53.72133809289517 170.29020481898135 201.88020678315718 54.54335576481344 197.92781010422596 830.4169754030563 737.0206927685067 29.72634847930965 58.820208437247516 240.87032651809113 200.03808776082155 189.54940876955106 46.94837118579244 47.213728525943225 828.3039857971999 36.69721462825396 25.177512970321345 23.176956525517767 19.430175257354676 53.362857540566324 274.79436590820023 
33.90202735676928 54.71607664409555 229.70945988625726 216.52799754826026 53.72133809289517 170.28991425308573 201.02169258122672 54.54335576481344 197.54393852937005 830.2647001800688 736.6118640142386 29.72634847930965 58.820208437247516 240.87032651809113 200.0380877295521 189.54940876953037 46.948371185791984 47.21372852593015 826.4824018872769 36.69721462825396 25.177512970305656 23.176956523354647 19.430175257354676 53.36285749336787 274.79436525356505 
33.90202735676928 54.71607664409544 229.70945988446078 216.52799747780762 53.72133809289517 170.2897809992818 201.02169258122672 54.54335576481344 195.00747337753273 829.9522480848655 735.8453397261594 29.72634847930965 58.8202084372457 240.8703265180884 200.0380873800002 189.54940876948876 46.94837118579187 47.2137285259214 826.4824018872769 36.69721462825396 25.177512970301677 23.1769565215626 19.430175257354676 53.362857423096216 274.79436424570576 
33.90202735676928 54.71607664409544 229.70945988335916 216.52799746259916 53.72133809289517 170.28964857148594 201.02169258122672 54.54335576481344 195.00747337753273 829.6892928511527 735.6473180525209 29.72634847930965 58.8202084372449 240.87032651807795 200.03808712459397 189.54940876945693 46.94837118579176 47.213728525885244 826.4824018872769 36.69721462825396 25.177512970289172 23.17695651841882 19.430175257354676 53.36285733856869 274.79436424570576 
33.90202735676928 54.71607664409521 229.70945988213634 216.52799743421895 53.72133809289517 170.28945993827188 199.56179410688003 54.54335576481344 193.22749711447568 829.5654084928051 735.5881751728948 29.72634847930965 58.82020843724467 240.87032651806862 200.03808696725878 189.54940876938565 46.94837118579153 47.21372852588138 823.863686298298 36.69721462825396 25.177512970267117 23.176956517389044 19.430175257354676 53.36285724104209 274.7943635197814 
33.90202735676928 54.7160766440951 229.70945988197877 216.5279974160992 53.72133809289517 170.2893200831736 197.79585404545242 54.54335576481344 193.22749711447568 829.5654084928051 733.9693320346919 29.72634847930965 58.82020843724342 240.87032651806499 200.03808695254918 189.54940876935234 46.9483711857913 47.21372852587922 823.863686298298 36.69721462825396 25.177512970247335 23.17695651708243 19.430175257354676 53.362857207058255 274.7943635197814 
33.90202735676928 54.71607664409498 229.70945988140943 216.52799739198622 53.72133809289517 170.2892637331015 197.05342796115917 54.54335576481344 192.8048164944414 829.3803125189625 733.7621002364353 29.726348479309536 58.82020843724001 240.8703265180543 200.0380868890437 189.54940876934506 46.948371185791075 47.213728525874444 823.863686298298 36.69721462825396 25.177512970230282 23.17695651526651 19.430175257354676 53.36285711335961 274.7943633695536 
33.90202735676928 54.71607664409464 229.70945987923642 216.52799737313853 53.72133809289517 170.28918035254594 196.12610560714415 54.54335576481344 192.4325486415919 829.3803125189625 733.7621002364353 29.726348479309536 58.82020843723876 240.87032651805157 200.03808672407058 189.54940876934484 46.94837118579096 47.213728525872966 823.863686298298 36.69721462825396 25.177512970221528 23.17695651501174 19.430175257354676 53.362857075253146 274.7943632964266 
33.90202735676928 54.716076644094414 229.70945987856885 216.5279973719364 53.72133809289517 170.2891249774857 195.7979218313734 54.54335576481344 191.72221710043323 829.3803125189625 733.6508004513244 29.726348479309536 58.82020843723603 240.8703265180477 200.03808672407058 189.5494087693437 46.94837118579096 47.2137285258716 823.863686298298 36.69721462825396 25.177512970211183 23.176956514559606 19.430175257354676 53.362857069561755 274.7943581892771 
33.90202735676928 54.716076644094414 229.70945987843675 216.5279972872836 53.72133809289517 170.2889563117002 194.28907602229378 54.54335576481344 191.06337731216286 829.2220358018105 733.5151379839076 29.726348479309536 58.820208437234896 240.87032651804338 200.0380866361685 189.54940876933892 46.94837118579085 47.21372852583454 823.863686298298 36.69721462825396 25.177512970202656 23.176956513914547 19.430175257354676 53.362856954718154 274.7943545559083 
33.90202735676928 54.7160766440943 229.70945987716027 216.52799727202375 53.72133809289517 170.28894158191338 193.66924038021853 54.54335576481344 183.81574533027674 829.2220358018105 733.2690756513789 29.726348479309536 58.820208437232964 240.87032651803383 200.0380865735226 189.54940876932642 46.94837118579062 47.21372852583272 823.863686298298 36.69721462825396 25.177512970201406 23.176956512981064 19.430175257354676 53.362856925184815 274.7943545559083 
33.90202735676928 54.71607664409407 229.70945987510618 216.52799720297799 53.72133809289517 170.28884183880564 192.56115397061376 54.54335576481344 181.2051452932094 829.2220358018105 732.6886985418282 29.726348479309536 58.82020843723228 240.87032651802906 200.03808653048225 189.54940876932642 46.94837118579062 47.213728525826696 822.6443991959259 36.69721462825396 25.17751297019356 23.176956512192987 19.430175257354676 53.362856893441176 274.7943541308441 
33.90202735676928 54.71607664409407 229.7094598747367 216.52799719362417 53.72133809289517 170.28862990294738 191.99717046887304 54.54335576481344 181.17175032042064 829.098089880242 732.6886985418282 29.726348479309536 58.82020843723228 240.87032651802474 200.03808646999528 189.54940876930596 46.948371185790506 47.21372852582658 822.6443991959259 36.69721462825396 25.177512970174007 23.176956511627736 19.430175257354676 53.36285683428878 274.7943535845957 
33.90202735676917 54.71607664409407 229.70945987439018 216.5279971838786 53.72133809289517 170.2885639438157 191.94696988327087 54.54335576481344 179.87384608900163 829.0448094642993 732.3356604575984 29.726348479309536 58.8202084372316 240.8703265180111 200.03808645266736 189.54940876930596 46.94837118579039 47.21372852581612 822.6443991959259 36.69721462825396 25.177512970161956 23.176956510816012 19.430175257354676 53.3628567923173 274.7943526488175 
33.90202735676917 54.71607664409396 229.70945987218988 216.52799715425715 53.72133809289517 170.28846048277217 191.3366820936891 54.54335576481344 179.87384608900163 828.7615778946983 730.6754955261677 29.726348479309536 58.820208437231486 240.87032651800723 200.03808645266736 189.54940876930573 46.94837118579028 47.21372852581612 822.6443991959259 36.69721462825396 25.17751297015718 23.176956510460855 19.430175257354676 53.3628566935663 274.7943519619221 
33.90202735676917 54.71607664409396 229.7094598720114 216.52799714066873 53.72133809289517 170.28839987982633 190.5507868576898 54.54335576481344 179.71477844836397 828.7615778946983 730.6754955261677 29.726348479309536 58.820208437231145 240.8703265180036 200.03808641259434 189.54940876930266 46.94837118579028 47.21372852580805 821.7942723318106 36.69721462825396 25.177512970152407 23.176956509636852 19.430175257354676 53.362856631985096 274.7943507947173 
33.90202735676917 54.71607664409396 229.70945987166033 216.52799712342244 53.72133809289517 170.2883810470879 190.5507868576898 54.54335576481344 179.60287195985381 828.659983287987 729.9926125286565 29.726348479309536 58.82020843723046 240.87032651800337 200.03808635889482 189.54940876930107 46.948371185790165 47.21372852580487 821.7942723318106 36.69721462825396 25.177512970148427 23.176956509141405 19.430175257354676 53.362856592625576 274.79435047553375 
33.90202735676917 54.716076644093846 229.7094598715496 216.52799708598843 53.72133809289517 170.28832598925817 189.6992108913728 54.54335576481344 179.5955075973759 828.604520456131 729.821530970926 29.726348479309536 58.820208437228985 240.87032651799814 200.03808635889482 189.54940876929936 46.948371185790165 47.21372852580441 818.1329348681606 36.69721462825396 25.177512970145585 23.17695650853375 19.430175257354676 53.36285651726428 274.7943495262007 
33.90202735676917 54.716076644093846 229.70945987065033 216.52799707746044 53.72133809289517 170.28826131559993 188.82611306083538 54.54335576481344 179.58163024940347 828.4378921608404 729.4838786745761 29.726348479309536 58.8202084372283 240.8703265179954 200.03808635889482 189.54940876929368 46.948371185790165 47.21372852579748 818.1329348681606 36.69721462825396 25.177512970135353 23.17695650807309 19.430175257354676 53.36285651726428 274.79434917725007 
33.90202735676917 54.716076644093846 229.70945986933657 216.5279970573356 53.72133809289505 170.2882515781199 188.62410492874415 54.54335576481344 177.6880442988239 828.4378921608404 729.4340829916828 29.726348479309536 58.820208437228075 240.87032651799427 200.03808635056873 189.5494087692848 46.94837118579005 47.21372852579452 818.1329348681606 36.69721462825396 25.177512970135126 23.17695650789949 19.430175257354676 53.362856476893285 274.7943490810967 
33.90202735676917 54.71607664409362 229.70945986789025 216.52799703416179 53.72133809289505 170.28815394878916 188.39664844251774 54.54335576481344 176.23218158104487 828.4318045801001 729.4083255602002 29.726348479309536 58.820208437228075 240.87032651799382 200.03808634274458 189.5494087692848 46.94837118578994 47.213728525785655 816.2325697719941 36.69721462825396 25.177512970125008 23.17695650774988 19.430175257354676 53.36285645526152 274.7943477894546 
33.90202735676917 54.71607664409362 229.70945986766742 216.5279970186691 53.72133809289505 170.28800537679717 188.37330637325374 54.54335576481344 176.23218158104487 828.2335098935955 729.2553654278709 29.726348479309536 58.82020843722751 240.87032651798927 200.0380863277951 189.5494087692789 46.94837118578994 47.213728525778606 816.2325697719941 36.69721462825396 25.177512970121143 23.17695650750511 19.430175257354676 53.36285642994517 274.79434658649143 
33.90202735676917 54.71607664409362 229.70945986629545 216.5279969983659 53.72133809289505 170.28791803575382 188.22839156955945 54.54335576481344 175.93078832171466 828.2335098935955 728.8449949202793 29.726348479309536 58.820208437227166 240.87032651798836 200.0380863021826 189.54940876927628 46.94837118578994 47.21372852577565 815.9124395936469 36.69721462825396 25.177512970121143 23.17695650750511 19.430175257354676 53.36285632923148 274.7943451594051 
33.90202735676917 54.71607664409362 229.7094598657577 216.52799696620332 53.72133809289494 170.28789284164975 188.01845091282485 54.54335576481344 175.92648989170516 828.1798505664312 728.8449949202793 29.726348479309536 58.820208437227166 240.87032651798063 200.03808627513672 189.54940876927185 46.94837118578994 47.21372852577281 815.9124395936469 36.69721462825396 25.17751297011614 23.17695650739688 19.430175257354676 53.36285631351495 274.7943444053392 
33.90202735676917 54.71607664409362 229.70945986529478 216.5279969124548 53.72133809289494 170.28783556286737 188.01845091282485 54.54335576481344 175.90795770904901 828.1000697134418 728.7289023546073 29.726348479309536 58.820208437226825 240.8703265179779 200.03808620099107 189.54940876927037 46.948371185789824 47.21372852577031 815.1453739938502 36.69721462825396 25.17751297011614 23.17695650724818 19.430175257354676 53.362856300632984 274.7943444053392 
33.90202735676917 54.71607664409362 229.70945986410038 216.52799686119545 53.72133809289494 170.2878043955992 187.68248122091893 54.54335576481344 175.78279361274872 828.1000697134418 728.6524467467775 29.726348479309536 58.820208437225915 240.87032651797358 200.03808620099107 189.54940876926935 46.94837118578971 47.21372852576519 814.3576491509657 36.69721462825396 25.17751297011216 23.176956507045247 19.430175257354676 53.36285625873404 274.7943444053392 
33.90202735676917 54.71607664409362 229.70945986317292 216.52799679911413 53.72133809289494 170.28776109836144 187.55785437849488 54.54335576481344 175.56953736230037 828.0471517714604 728.3601308377572 29.726348479309536 58.82020843722523 240.87032651797267 200.03808619693154 189.5494087692682 46.94837118578971 47.21372852576519 814.3576491509657 36.69721462825396 25.17751297010807 23.17695650691894 19.430175257354676 53.362856242910766 274.7943435054831 
33.90202735676917 54.71607664409362 229.70945986266747 216.5279967888448 53.72133809289494 170.28768379663597 187.4673980516967 54.54335576481344 175.56953736230037 827.9566308537824 728.1288708096936 29.726348479309536 58.820208437224096 240.870326517972 200.03808615882883 189.54940876926764 46.94837118578971 47.213728525756096 813.3819904684026 36.69721462825396 25.17751297010807 23.176956506739543 19.430175257354676 53.36285623239428 274.79434197393084 
33.90202735676917 54.71607664409362 229.70945986191714 216.52799674727657 53.72133809289494 170.2876675954667 187.27881976176718 54.54335576481344 175.5106421490617 827.9566308537824 728.0694463868679 29.726348479309536 58.82020843722364 240.87032651796562 200.0380861560052 189.54940876926764 46.94837118578971 47.21372852575587 812.4439718290055 36.69721462825396 25.177512970107728 23.17695650666667 19.430175257354676 53.36285623239428 274.79434046671395 
33.90202735676917 54.71607664409362 229.70945986191714 216.52799666087913 53.72133809289494 170.2876675954667 187.0132902058367 54.54335576481344 175.1624509082867 827.8696011148968 728.0694463868679 29.726348479309536 58.82020843722262 240.87032651796494 200.03808608317865 189.54940876926594 46.94837118578971 47.213728525753595 811.8046377588439 36.69721462825396 25.177512970106704 23.17695650636665 19.430175257354676 53.362856214642875 274.79434046671395 
33.90202735676917 54.71607664409362 229.70945986172615 216.5279965955482 53.72133809289494 170.2875852207784 187.0132902058367 54.54335576481344 175.1624509082867 827.8696011148968 728.0208503888073 29.726348479309536 58.820208437222504 240.87032651796403 200.03808607608312 189.5494087692656 46.94837118578971 47.2137285257478 810.8300527854758 36.69721462825396 25.177512970106022 23.176956506024112 19.430175257354676 53.362856137803306 274.79433980857175 
33.90202735676917 54.71607664409362 229.70945986110246 216.52799658578624 53.72133809289494 170.2875704576494 186.7949204705842 54.54335576481344 175.10404752470095 827.8270349265117 727.7825587643301 29.726348479309536 58.82020843722171 240.8703265179629 200.03808607107885 189.54940876926253 46.9483711857896 47.21372852574723 810.8300527854758 36.69721462825396 25.17751297010477 23.176956505990916 19.430175257354676 53.36285611667222 274.79433980857175 
33.90202735676917 54.71607664409362 229.7094598610779 216.52799655741933 53.72133809289494 170.28750908224504 186.72960144868944 54.54335576481344 175.10404752470095 827.7894332901342 727.7825587643301 29.726348479309536 58.82020843722171 240.87032651796244 200.03808600279262 189.54940876926207 46.9483711857896 47.21372852574643 810.8300527854758 36.69721462825396 25.177512970104317 23.17695650596056 19.430175257354676 53.362856093657456 274.7943395849006 
33.90202735676917 54.71607664409362 229.70945986099537 216.52799654112744 53.72133809289494 170.2874998113324 186.72960144868944 54.54335576481344 175.10404752470095 827.7065453220248 727.7825587643301 29.726348479309536 58.82020843722171 240.87032651796153 200.03808590906942 189.5494087692615 46.94837118578948 47.21372852574166 810.8300527854758 36.69721462825396 25.177512970104203 23.176956505905196 19.430175257354676 53.36285606675449 274.79433945038636 
33.90202735676917 54.71607664409362 229.7094598607066 216.52799653490524 53.72133809289494 170.2874669014484 186.50714108027944 54.54335576481344 175.03328142580028 827.5863947856978 727.7500114747995 29.726348479309536 58.82020843722103 240.87032651796108 200.0380858712998 189.5494087692598 46.94837118578948 47.21372852574041 810.3262001951373 36.69721462825396 25.177512970103635 23.17695650583471 19.430175257354676 53.362856045484705 274.7943393153962 
33.90202735676917 54.71607664409362 229.70945986063225 216.52799651992893 53.72133809289494 170.28742745111344 186.4385128512647 54.54335576481344 175.03328142580028 827.5863947856978 727.7321652648407 29.726348479309536 58.820208437220685 240.87032651795994 200.0380858099537 189.54940876925752 46.94837118578948 47.21372852573984 810.3262001951373 36.69721462825396 25.177512970103407 23.176956505697945 19.430175257354676 53.362856036155335 274.79433795473847 
33.90202735676917 54.71607664409362 229.70945986034803 216.52799651542614 53.72133809289494 170.28740803193148 186.32437383524098 54.54335576481344 174.96453120114995 827.4321705778998 727.558455567615 29.726348479309536 58.82020843722057 240.8703265179588 200.0380857936243 189.54940876925752 46.94837118578948 47.21372852573984 810.3262001951373 36.69721462825396 25.177512970103066 23.17695650548478 19.430175257354676 53.36285598276845 274.7943372504178 
33.90202735676917 54.71607664409362 229.70945986007064 216.52799651542614 53.72133809289494 170.28738684210873 186.32437383524098 54.54335576481344 174.96453120114995 827.2987400393199 727.558455567615 29.726348479309536 58.82020843722046 240.87032651795585 200.03808575955816 189.5494087692565 46.94837118578948 47.21372852573768 809.8861839154529 36.69721462825396 25.177512970102953 23.176956505383146 19.430175257354676 53.362855954436895 274.7943359625069 
33.90202735676917 54.71607664409362 229.70945985998583 216.5279965101048 53.72133809289494 170.28737913899363 185.9866569831912 54.54335576481344 174.86661995337045 827.1569099617523 727.448048915129 29.726348479309536 58.82020843721989 240.87032651795585 200.03808574478728 189.54940876925536 46.94837118578937 47.21372852573768 808.6479758063131 36.69721462825396 25.177512970102498 23.176956505317435 19.430175257354676 53.362855945363435 274.794334339437 
33.90202735676917 54.71607664409362 229.70945985986464 216.52799649788267 53.72133809289494 170.2873678826711 185.9866569831912 54.54335576481344 174.75146077899956 827.0209573594843 727.3690421221308 29.726348479309536 58.82020843721955 240.8703265179554 200.03808574255345 189.5494087692539 46.94837118578937 47.213728525735974 808.6479758063131 36.69721462825396 25.177512970102157 23.17695650528458 19.430175257354676 53.362855938972984 274.79433423868477 
33.90202735676917 54.71607664409362 229.7094598597505 216.5279964870805 53.72133809289494 170.28735472730727 185.9866569831912 54.54335576481344 174.75146077899956 827.0209573594843 727.3690421221308 29.726348479309536 58.820208437219094 240.87032651795357 200.03808571471643 189.5494087692539 46.94837118578937 47.21372852573404 808.0981555643116 36.69721462825396 25.177512970102043 23.176956505092676 19.430175257354676 53.36285593527202 274.7943339095409 
33.90202735676917 54.71607664409362 229.7094598594997 216.52799645951598 53.72133809289494 170.28731717334972 185.9866569831912 54.54335576481344 174.74829940524387 826.9106977927358 727.3629930939269 29.726348479309536 58.82020843721887 240.87032651795084 200.03808569561613 189.54940876925252 46.94837118578937 47.21372852573393 806.8661343194158 36.69721462825396 25.17751297010068 23.176956505092676 19.430175257354676 53.3628559266391 274.79433383503465 
33.90202735676917 54.71607664409362 229.70945985940193 216.52799645587936 53.72133809289494 170.2873150301849 185.77612519644322 54.54335576481344 174.59055677901222 826.8335717686473 727.2793214833621 29.726348479309536 58.8202084372183 240.8703265179504 200.03808568362433 189.5494087692523 46.94837118578937 47.21372852573381 806.7196010222187 36.69721462825396 25.177512970100565 23.176956505092676 19.430175257354676 53.3628559204775 274.7943332184252 
33.90202735676917 54.71607664409362 229.70945985940193 216.52799644129107 53.72133809289494 170.28728231000343 185.73032999355985 54.54335576481344 174.47674796798412 826.8335717686473 727.1553115657834 29.726348479309536 58.82020843721784 240.87032651794925 200.03808567062492 189.54940876925093 46.94837118578937 47.21372852573211 806.7196010222187 36.69721462825396 25.177512970100565 23.1769565050206 19.430175257354676 53.36285591461751 274.7943325731153 
33.90202735676917 54.71607664409339 229.70945985928074 216.52799644129107 53.72133809289494 170.2872652214461 185.61646459855183 54.54335576481344 174.43599483838432 826.8335717686473 727.1553115657834 29.726348479309536 58.82020843721784 240.87032651794857 200.03808566350676 189.54940876924968 46.94837118578937 47.21372852573131 806.6195367145665 36.69721462825396 25.177512970100338 23.176956504988084 19.430175257354676 53.36285590633918 274.7943313088947 
33.90202735676917 54.71607664409339 229.7094598591941 216.52799643144817 53.72133809289494 170.28724034476102 185.57791101522002 54.54335576481344 174.43599483838432 826.6266732095935 727.0934990191104 29.726348479309536 58.82020843721773 240.87032651794493 200.03808563801897 189.54940876924968 46.94837118578937 47.213728525731085 805.0598868370125 36.69721462825396 25.17751297010011 23.176956504988084 19.430175257354676 53.36285590117325 274.79433129633117 
33.90202735676917 54.71607664409339 229.70945985908475 216.52799642155242 53.72133809289494 170.28721341111566 185.08583800191116 54.54335576481344 174.40663700009122 826.5810376166196 727.0779104122371 29.726348479309536 58.820208437217616 240.87032651794266 200.03808563135476 189.549408769249 46.948371185789256 47.21372852573052 804.8711811404273 36.69721462825396 25.17751297009977 23.17695650497228 19.430175257354676 53.362855897458644 274.7943308337549 
33.90202735676917 54.71607664409339 229.7094598590743 216.52799640232615 53.72133809289494 170.28721213457925 185.08583800191116 54.54335576481344 174.40663700009122 826.533747992552 726.8813630678596 29.726348479309536 58.820208437217616 240.87032651794198 200.0380856210321 189.54940876924877 46.948371185789256 47.21372852572779 804.57811112742 36.69721462825396 25.177512970099656 23.176956504960913 19.430175257354676 53.36285589278134 274.79433082804917 
33.90202735676917 54.71607664409339 229.7094598589713 216.52799638414672 53.72133809289494 170.28718294370356 185.08583800191116 54.54335576481344 174.39132342425012 826.3268194188963 726.8813630678596 29.726348479309536 58.820208437217616 240.8703265179406 200.038085595265 189.54940876924877 46.948371185789256 47.21372852572574 804.5745239061293 36.69721462825396 25.1775129700992 23.17695650494977 19.430175257354676 53.36285588636815 274.7943306613545 
33.90202735676917 54.71607664409339 229.70945985888238 216.5279963762298 53.72133809289494 170.28716249751665 184.66191340523255 54.54335576481344 174.34882182208514 826.28385045052 726.8813630678596 29.726348479309536 58.8202084372175 240.87032651793834 200.03808559443019 189.54940876924832 46.948371185789256 47.21372852572074 804.4487126820909 36.69721462825396 25.177512970098746 23.176956504922487 19.430175257354676 53.3628558835361 274.79433002963947 
33.90202735676917 54.71607664409339 229.70945985887874 216.5279963646734 53.72133809289494 170.28714389578636 184.66191340523255 54.54335576481344 174.33714540921824 826.2606999746765 726.8592512775685 29.726348479309536 58.82020843721739 240.87032651793652 200.03808559230424 189.54940876924775 46.948371185789256 47.21372852571915 803.9506388259699 36.69721462825396 25.177512970098746 23.176956504891905 19.430175257354676 53.36285588126486 274.79432939580147 
33.90202735676917 54.71607664409339 229.709459858532 216.527996351733 53.72133809289494 170.2871396017772 184.65176005715693 54.54335576481344 174.33714540921824 826.0567101433353 726.8592512775685 29.726348479309536 58.820208437217275 240.8703265179356 200.03808558506012 189.54940876924775 46.948371185789256 47.21372852571767 803.8428336660459 36.69721462825396 25.177512970098633 23.176956504828922 19.430175257354676 53.36285587966859 274.7943292328473 
33.90202735676917 54.71607664409339 229.70945985839035 216.52799630368463 53.72133809289494 170.28713680883243 184.30385630270428 54.54335576481344 174.33714540921824 826.0495323197424 726.8144007631636 29.726348479309536 58.820208437217275 240.87032651793425 200.03808557677485 189.54940876924763 46.948371185789256 47.21372852571699 803.6076302246411 36.69721462825396 25.17751297009852 23.176956504818804 19.430175257354676 53.362855876310164 274.7943288578431 
33.90202735676917 54.71607664409339 229.7094598582139 216.52799628129515 53.72133809289494 170.28713680883243 183.66717431484153 54.54335576481344 174.33096630299838 825.9256706271265 726.7017177525554 29.726348479309536 58.820208437217275 240.87032651793356 200.03808556998183 189.5494087692473 46.948371185789256 47.21372852571676 803.6076302246411 36.69721462825396 25.177512970098405 23.176956504793225 19.430175257354676 53.362855872257 274.79432867461355 
33.90202735676917 54.71607664409339 229.70945985804087 216.52799627882996 53.72133809289494 170.28713273333892 183.34927972112996 54.54335576481344 174.32107440734876 825.9107539547458 726.7017177525554 29.726348479309536 58.82020843721705 240.87032651793243 200.0380855597125 189.5494087692473 46.948371185789256 47.21372852571517 803.6076302246411 36.69721462825396 25.17751297009829 23.17695650477856 19.430175257354676 53.362855871438796 274.79432822108765 
33.90202735676917 54.71607664409339 229.70945985799744 216.52799623622832 53.72133809289494 170.28713273333892 183.34927972112996 54.54335576481344 174.31846183088805 825.8068142145248 726.7004630311826 29.726348479309536 58.82020843721705 240.87032651793197 200.0380855588569 189.5494087692473 46.948371185789256 47.21372852571494 803.4435714946042 36.69721462825396 25.17751297009795 23.17695650475855 19.430175257354676 53.36285587061957 274.79432819155136 
33.90202735676917 54.71607664409339 229.70945985799062 216.52799623622832 53.72133809289494 170.28712791680584 183.21250877456282 54.54335576481344 174.30566265176424 825.8068142145248 726.6961850009152 29.726348479309536 58.82020843721705 240.87032651793174 200.03808554935256 189.5494087692473 46.948371185789256 47.21372852571358 803.4435714946042 36.69721462825396 25.177512970097837 23.176956504744908 19.430175257354676 53.36285587004875 274.79432819155136 
33.90202735676917 54.71607664409339 229.70945985798062 216.52799622523503 53.72133809289494 170.28711386916768 183.21250877456282 54.54335576481344 174.27785027648156 825.7771674252676 726.6751834680163 29.726348479309536 58.82020843721705 240.8703265179313 200.038085543414 189.54940876924707 46.948371185789256 47.213728525713236 803.4435714946042 36.69721462825396 25.177512970097837 23.176956504739223 19.430175257354676 53.362855865093024 274.7943281694711 
33.90202735676917 54.71607664409339 229.70945985791218 216.52799619627558 53.72133809289494 170.28711276498348 183.21250877456282 54.54335576481344 174.26582480290563 825.6939986913194 726.6109033587595 29.726348479309536 58.82020843721705 240.8703265179306 200.03808553318584 189.54940876924707 46.948371185789256 47.21372852571312 802.8952804362875 36.69721462825396 25.17751297009761 23.17695650473604 19.430175257354676 53.36285586102622 274.794328029951 
33.90202735676917 54.71607664409339 229.70945985790354 216.52799616829907 53.72133809289494 170.28711086321005 183.04416725854344 54.54335576481344 174.26582480290563 825.6046821649281 726.5190920367404 29.726348479309536 58.82020843721705 240.8703265179306 200.0380855191679 189.54940876924672 46.948371185789256 47.21372852571278 802.7873501207409 36.69721462825396 25.177512970097496 23.17695650472365 19.430175257354676 53.36285586046563 274.7943280237414 
33.90202735676917 54.71607664409339 229.70945985789285 216.52799616803577 53.72133809289494 170.28711086321005 183.04416725854344 54.54335576481344 174.25646095437048 825.5478585029236 726.5179610571229 29.726348479309536 58.82020843721705 240.87032651793038 200.03808551634995 189.5494087692465 46.94837118578914 47.21372852571221 802.3897296607638 36.69721462825396 25.177512970097496 23.176956504717282 19.430175257354676 53.36285586046563 274.79432765683555 
33.90202735676917 54.71607664409339 229.70945985783283 216.5279961668375 53.72133809289494 170.2871108526507 182.7929646491424 54.54335576481344 174.24809136779106 825.5051177387422 726.4798780918238 29.726348479309536 58.820208437216934 240.87032651793038 200.03808550296253 189.54940876924616 46.94837118578914 47.213728525711645 802.3897296607638 36.69721462825396 25.17751297009727 23.176956504713417 19.430175257354676 53.36285585552673 274.79432739603817 
33.90202735676917 54.71607664409339 229.7094598577396 216.52799615784284 53.72133809289494 170.2871058696627 182.77711966466063 54.54335576481344 174.23128969758113 825.4868744195803 726.4798780918238 29.726348479309536 58.820208437216934 240.87032651793015 200.03808550110875 189.54940876924593 46.94837118578914 47.2137285257113 802.3897296607638 36.69721462825396 25.17751297009727 23.17695650471296 19.430175257354676 53.362855853115775 274.7943268570425 
33.90202735676917 54.71607664409328 229.70945985773506 216.52799615387426 53.72133809289494 170.28710239361487 182.77711966466063 54.54335576481344 174.23058072709057 825.4658761091414 726.4433476118174 29.726348479309536 58.820208437216934 240.8703265179297 200.03808549910616 189.54940876924582 46.94837118578914 47.21372852571119 801.7920636882668 36.69721462825396 25.17751297009727 23.176956504707505 19.430175257354676 53.36285585227813 274.794326847423 
33.90202735676917 54.71607664409328 229.70945985768685 216.5279961414841 53.72133809289494 170.28710114667274 182.77711966466063 54.54335576481344 174.23013769434488 825.3796224657945 726.4382805237019 29.726348479309536 58.820208437216934 240.8703265179297 200.0380854897245 189.5494087692457 46.94837118578914 47.21372852571085 801.7920636882668 36.69721462825396 25.177512970097155 23.176956504701593 19.430175257354676 53.36285584978998 274.79432670075494 
33.90202735676917 54.71607664409328 229.70945985762341 216.52799614119192 53.72133809289494 170.28709322924476 182.31101281305519 54.54335576481344 174.22448629193127 825.3498203081876 726.4141627649542 29.726348479309536 58.820208437216934 240.87032651792947 200.0380854799405 189.54940876924547 46.94837118578914 47.21372852571062 800.7615283958689 36.69721462825396 25.177512970097155 23.176956504698182 19.430175257354676 53.36285584858808 274.79432645895554 
33.90202735676917 54.716076644093164 229.70945985757226 216.52799613886373 53.72133809289494 170.28709322924476 182.31101281305519 54.54335576481344 174.2231108599069 825.2277091918652 726.3572865462122 29.726348479309536 58.820208437216934 240.8703265179288 200.03808546464472 189.54940876924525 46.94837118578914 47.213728525710394 800.7615283958689 36.69721462825396 25.17751297009704 23.176956504691134 19.430175257354676 53.36285584386667 274.7943263765969 
33.90202735676917 54.716076644093164 229.70945985731828 216.52799613180275 53.72133809289494 170.28709322924476 182.31101281305519 54.54335576481344 174.22030298945288 825.1682139441518 726.3572865462122 29.726348479309536 58.820208437216934 240.87032651792833 200.0380854640814 189.5494087692448 46.94837118578914 47.21372852571005 800.7615283958689 36.69721462825396 25.17751297009704 23.176956504689542 19.430175257354563 53.36285584055793 274.7943262425765 
33.90202735676917 54.716076644093164 229.7094598572803 216.52799612818558 53.72133809289494 170.28709299704462 182.31101281305519 54.54335576481344 174.21569679399204 825.0608788195159 726.3525537543644 29.726348479309536 58.820208437216934 240.87032651792765 200.03808545861853 189.5494087692448 46.94837118578914 47.21372852570971 800.7615283958689 36.69721462825396 25.17751297009704 23.176956504687496 19.430175257354563 53.36285584055793 274.794326209508 
33.90202735676917 54.716076644093164 229.70945985712433 216.52799611794183 53.72133809289494 170.28709299704462 182.31101281305519 54.54335576481344 174.2123195039767 824.9970794260698 726.3016953400136 29.726348479309536 58.820208437216934 240.8703265179272 200.0380854556629 189.5494087692448 46.94837118578914 47.2137285257096 800.7615283958689 36.69721462825396 25.17751297009704 23.176956504683176 19.430175257354563 53.362855838245196 274.79432620249554 
33.90202735676917 54.716076644093164 229.70945985702883 216.5279961014179 53.72133809289494 170.2870893901038 182.15400491581522 54.54335576481344 174.20891612296327 824.9032199270766 726.2917370752457 29.726348479309536 58.82020843721682 240.8703265179272 200.0380854438141 189.5494087692448 46.94837118578914 47.21372852570926 800.6983494529272 36.69721462825396 25.17751297009704 23.17695650468113 19.430175257354563 53.36285583698907 274.7943261944804 
33.90202735676917 54.716076644093164 229.7094598568583 216.52799609222802 53.72133809289494 170.28708451015666 182.15400491581522 54.54335576481344 174.2061394971231 824.8205354985867 726.2520199251717 29.726348479309536 58.82020843721682 240.87032651792651 200.03808544369804 189.5494087692448 46.94837118578914 47.21372852570903 800.6983494529272 36.69721462825396 25.17751297009704 23.17695650467988 19.430175257354563 53.36285583698907 274.7943261944804 
33.90202735676917 54.716076644093164 229.7094598567012 216.52799608354098 53.72133809289494 170.28708403738756 181.98084015002723 54.54335576481344 174.20519942145575 824.7832599190051 726.2520199251717 29.726348479309536 58.82020843721682 240.87032651792651 200.0380854371931 189.5494087692448 46.94837118578914 47.21372852570903 800.5579823307723 36.69721462825396 25.17751297009704 23.17695650467965 19.430175257354563 53.36285583571703 274.7943260878669 
33.90202735676917 54.716076644093164 229.70945985643243 216.5279960833377 53.72133809289494 170.28708403738756 181.98084015002723 54.54335576481344 174.20461331580373 824.7622106186193 726.1998295104636 29.726348479309536 58.82020843721682 240.87032651792651 200.03808543569085 189.54940876924468 46.94837118578914 47.2137285257088 799.7810300305491 36.69721462825396 25.17751297009704 23.176956504677833 19.430175257354563 53.36285583496942 274.794326026612 
33.90202735676917 54.716076644093164 229.70945985638082 216.52799607918655 53.72133809289494 170.28708073103985 181.75954405999835 54.54335576481344 174.20118638108443 824.6992415847926 726.1625013178011 29.726348479309536 58.82020843721682 240.8703265179263 200.03808542946774 189.54940876924456 46.94837118578914 47.21372852570869 799.7253384505284 36.69721462825396 25.17751297009704 23.17695650467624 19.430175257354563 53.36285583372967 274.79432601614303 
33.90202735676917 54.716076644093164 229.70945985634012 216.52799607382985 53.72133809289494 170.28708052157685 181.56440106045625 54.54335576481344 174.1986183416965 824.661215618291 726.1625013178011 29.726348479309536 58.82020843721682 240.87032651792583 200.03808541981607 189.54940876924445 46.94837118578914 47.21372852570869 799.6193541922328 36.69721462825396 25.17751297009704 23.176956504675672 19.430175257354563 53.362855832577 274.7943259297422 
33.90202735676917 54.716076644093164 229.70945985626236 216.5279960735836 53.72133809289494 170.28707979905607 181.2767323270308 54.54335576481344 174.1985238193838 824.661215618291 726.1306172653685 29.726348479309536 58.82020843721682 240.8703265179256 200.0380854162736 189.54940876924445 46.94837118578914 47.21372852570835 799.563513462931 36.69721462825396 25.17751297009704 23.176956504674536 19.430175257354563 53.36285583209121 274.7943258248065 
33.90202735676917 54.716076644093164 229.7094598561764 216.52799607318173 53.72133809289494 170.28707979905607 181.2767323270308 54.54335576481344 174.19578749537663 824.6076377781937 726.1248878797719 29.726348479309536 58.82020843721682 240.87032651792538 200.0380854111279 189.54940876924445 46.94837118578914 47.213728525708234 799.3705645659356 36.69721462825396 25.17751297009704 23.176956504673285 19.430175257354563 53.36285583083975 274.79432580608136 
33.90202735676917 54.716076644093164 229.70945985609478 216.52799606934877 53.72133809289494 170.2870773163122 181.2767323270308 54.54335576481344 174.1945600985581 824.5918184291513 726.0804227498747 29.726348479309536 58.82020843721682 240.87032651792515 200.0380854009236 189.54940876924434 46.94837118578914 47.213728525708234 799.3705645659356 36.69721462825396 25.17751297009704 23.176956504672034 19.430175257354563 53.36285582935477 274.79432573947247 
33.90202735676917 54.716076644093164 229.70945985601315 216.52799606502208 53.72133809289494 170.2870751178275 181.20150212402677 54.54335576481344 172.30265502050509 824.5572858604205 726.0736092280599 29.726348479309536 58.82020843721682 240.8703265179247 200.03808538684575 189.54940876924434 46.94837118578914 47.21372852570789 798.8606237989306 36.69721462825396 25.17751297009704 23.17695650467124 19.430175257354563 53.36285582664675 274.79432570130007 
33.90202735676917 54.716076644093164 229.70945985587878 216.52799606376857 53.72133809289494 170.28707389168096 180.89092373362587 54.54335576481344 170.6960278283982 824.5263311404301 726.0736092280599 29.726348479309536 58.82020843721682 240.8703265179247 200.0380853609597 189.54940876924434 46.94837118578914 47.21372852570789 798.8606237989306 36.69721462825396 25.17751297009704 23.17695650467101 19.430175257354563 53.36285582650521 274.7943256710819 
33.90202735676917 54.716076644093164 229.70945985572484 216.52799605877885 53.72133809289494 170.28707262696707 180.89092373362587 54.54335576481344 170.08999243163498 824.5102768516956 726.0294936238042 29.726348479309536 58.820208437216706 240.87032651792447 200.03808534750863 189.54940876924434 46.94837118578914 47.21372852570789 798.8606237989306 36.69721462825396 25.177512970096927 23.176956504670557 19.430175257354563 53.36285582555922 274.79432562315606 
33.90202735676917 54.716076644093164 229.70945985558978 216.52799605557527 53.72133809289494 170.28707201084057 180.89092373362587 54.54335576481344 169.12441781129962 824.4695911292424 726.0294936238042 29.726348479309536 58.820208437216706 240.8703265179238 200.03808534750863 189.54940876924434 46.94837118578914 47.21372852570789 798.791364160033 36.69721462825396 25.177512970096927 23.176956504670102 19.430175257354563 53.36285582553285 274.79432559004863 
33.90202735676917 54.716076644093164 229.7094598554902 216.52799605381915 53.72133809289494 170.28707096153084 180.80382595200945 54.54335576481344 168.39003025081297 824.4582555059187 725.955437299152 29.726348479309536 58.820208437216706 240.8703265179231 200.03808531700793 189.54940876924434 46.94837118578914 47.21372852570789 798.791364160033 36.69721462825396 25.177512970096927 23.176956504670102 19.430175257354563 53.36285582515518 274.7943255366506 
33.90202735676917 54.716076644093164 229.7094598554263 216.52799605331938 53.72133809289494 170.28707096153084 180.70997672482997 54.54335576481344 167.04540377364765 824.4582168304382 725.9266196788062 29.726348479309536 58.820208437216706 240.87032651792288 200.03808530360993 189.54940876924434 46.94837118578914 47.21372852570789 798.791364160033 36.69721462825396 25.177512970096927 23.176956504669192 19.430175257354563 53.36285582499693 274.79432551210016 
33.90202735676917 54.716076644093164 229.70945985537082 216.52799605131793 53.72133809289494 170.28707061022146 180.6681708073221 54.54335576481344 166.5143759739184 824.4369759443102 725.8950287599855 29.726348479309536 58.820208437216706 240.87032651792265 200.03808528154673 189.54940876924434 46.94837118578914 47.21372852570789 798.7527252498542 36.69721462825396 25.177512970096927 23.176956504668283 19.430175257354563 53.36285582430446 274.794325441758 
33.90202735676917 54.716076644093164 229.70945985519324 216.527996049619 53.72133809289494 170.28706996018843 180.6681708073221 54.54335576481344 166.2366534723085 824.3873132321783 725.8510087022391 29.726348479309536 58.820208437216706 240.87032651792265 200.03808527980323 189.54940876924434 46.94837118578914 47.21372852570778 798.7526736746054 36.69721462825396 25.177512970096927 23.176956504667373 19.430175257354563 53.362855823656105 274.7943254339475 
33.90202735676917 54.716076644093164 229.709459855045 216.52799604393397 53.72133809289494 170.28706916910073 180.61382131712753 54.54335576481344 166.07247407797922 824.3756686322372 725.8510087022391 29.726348479309536 58.820208437216706 240.87032651792265 200.0380852679134 189.54940876924434 46.94837118578914 47.21372852570778 798.698814872394 36.69721462825396 25.177512970096927 23.176956504667032 19.430175257354563 53.36285582291998 274.7943254087311 
33.90202735676917 54.716076644093164 229.7094598550284 216.5279960413351 53.72133809289494 170.28706871487702 180.61382131712753 54.54335576481344 165.61533025037875 824.3561620999121 725.6564051025794 29.726348479309536 58.820208437216706 240.87032651792242 200.03808525749207 189.54940876924434 46.94837118578914 47.21372852570778 798.6678919169299 36.69721462825396 25.177512970096927 23.176956504666123 19.43017525735445 53.36285582191181 274.7943254077377 
33.90202735676917 54.716076644093164 229.70945985497292 216.527996036412 53.72133809289494 170.28706795736525 180.54206099772819 54.54335576481344 165.50222031723274 824.3555102929813 725.6224053593314 29.726348479309536 58.82020843721659 240.8703265179222 200.0380852083273 189.54940876924434 46.94837118578914 47.21372852570778 798.6604081167789 36.69721462825396 25.177512970096927 23.176956504665554 19.43017525735445 53.36285582174651 274.7943253931203 
33.90202735676917 54.716076644093164 229.70945985493768 216.52799603611663 53.72133809289494 170.28706660134833 180.5290915648677 54.54335576481344 165.50222031723274 824.3297471582553 725.6185458172201 29.726348479309536 58.82020843721659 240.87032651792197 200.03808518409267 189.54940876924434 46.94837118578914 47.21372852570778 798.1916024724287 36.69721462825396 25.177512970096927 23.17695650466476 19.43017525735445 53.36285582162975 274.794325391304 
33.90202735676917 54.716076644093164 229.70945985490198 216.5279960357152 53.72133809289494 170.2870663547651 180.47598153462388 54.54335576481344 165.38667758518113 824.3204594752458 725.6025214574456 29.726348479309536 58.82020843721659 240.87032651792174 200.03808516523873 189.54940876924434 46.94837118578914 47.21372852570778 798.1916024724287 36.69721462825396 25.177512970096927 23.176956504664076 19.43017525735445 53.362855821221274 274.7943253673336 
33.90202735676917 54.716076644093164 229.70945985487788 216.52799603531003 53.72133809289494 170.28706620712842 180.40482953507797 54.54335576481344 165.32732862055332 824.3204594752458 725.6025214574456 29.726348479309536 58.82020843721659 240.8703265179215 200.03808515409457 189.54940876924434 46.94837118578914 47.21372852570778 798.1400074543826 36.69721462825396 25.177512970096927 23.176956504663735 19.43017525735445 53.36285582084906 274.7943253271899 
33.90202735676917 54.716076644093164 229.70945985481376 216.527996031891 53.72133809289494 170.2870654051128 180.37958603709922 54.54335576481344 165.32732862055332 824.2843564472123 725.56339641357 29.726348479309536 58.82020843721648 240.87032651792128 200.03808514536206 189.54940876924434 46.94837118578914 47.213728525707666 798.1400074543826 36.69721462825396 25.177512970096927 23.17695650466362 19.43017525735445 53.36285582069934 274.7943253271899 
33.90202735676917 54.716076644093164 229.70945985478102 216.52799602915775 53.72133809289494 170.2870654051128 180.37784057100703 54.54335576481344 165.28697662478214 824.2814514713559 725.5511534505549 29.726348479309536 58.82020843721648 240.87032651792128 200.03808514165712 189.54940876924434 46.94837118578914 47.213728525707666 798.1400074543826 36.69721462825396 25.177512970096927 23.176956504663508 19.43017525735445 53.36285581985567 274.79432532158694 
33.90202735676917 54.716076644093164 229.70945985476556 216.52799602915775 53.72133809289494 170.28706436422794 180.3180549848936 54.54335576481344 165.28280127829362 824.2814514713559 725.5503667075345 29.726348479309536 58.82020843721648 240.8703265179206 200.03808513840204 189.54940876924434 46.94837118578914 47.213728525707666 798.1400074543826 36.69721462825396 25.177512970096927 23.176956504663167 19.43017525735445 53.36285581947004 274.7943253150197 
33.90202735676917 54.716076644093164 229.70945985474964 216.52799602815264 53.72133809289494 170.28706433678622 180.3180549848936 54.54335576481344 165.23294922119862 824.2629030961193 725.4344001101463 29.726348479309536 58.82020843721648 240.87032651792015 200.03808512616752 189.54940876924434 46.94837118578914 47.213728525707666 797.8524848924853 36.69721462825396 25.177512970096927 23.17695650466294 19.43017525735445 53.36285581882805 274.79432529456335 
33.90202735676917 54.716076644093164 229.7094598546712 216.5279960249594 53.72133809289494 170.28706429673593 180.13192421649455 54.54335576481344 165.23294922119862 824.2550145484915 725.3996623738217 29.726348479309536 58.82020843721648 240.87032651792015 200.0380850959964 189.54940876924434 46.94837118578914 47.213728525707666 797.8524848924853 36.69721462825396 25.177512970096927 23.17695650466294 19.43017525735445 53.36285581602954 274.7943252773364 
33.90202735676917 54.716076644093164 229.7094598546712 216.5279960175119 53.72133809289494 170.28706418035904 180.10570255770574 54.54335576481344 165.1987357909004 824.2372524053199 725.3996623738217 29.726348479309536 58.82020843721648 240.87032651792015 200.0380850863263 189.54940876924434 46.94837118578914 47.213728525707666 797.8524848924853 36.69721462825396 25.177512970096927 23.176956504662826 19.43017525735445 53.36285581596189 274.79432524823596 
33.90202735676917 54.716076644093164 229.70945985466278 216.5279960173009 53.72133809289494 170.28706344971806 180.04734650735747 54.54335576481344 165.10058589451592 824.2280387144883 725.3797360843259 29.726348479309536 58.82020843721648 240.87032651792015 200.03808504039603 189.54940876924434 46.94837118578914 47.213728525707666 797.8524848924853 36.69721462825396 25.177512970096927 23.176956504662144 19.43017525735445 53.36285581579898 274.7943252379305 
33.90202735676917 54.716076644093164 229.70945985464436 216.52799601585514 53.72133809289494 170.28706299777946 180.04734650735747 54.54335576481344 165.04852929482786 824.2156368683336 725.3548509900656 29.726348479309536 58.82020843721648 240.87032651791992 200.03808501142316 189.54940876924434 46.94837118578914 47.213728525707666 797.5380715382732 36.69721462825396 25.177512970096927 23.17695650466203 19.43017525735445 53.36285581562527 274.79432522186266 
33.90202735676917 54.716076644093164 229.7094598546255 216.52799601509946 53.72133809289494 170.2870624062623 180.04734650735747 54.54335576481344 165.04073986397975 824.211313219123 725.3548509900656 29.726348479309536 58.82020843721648 240.87032651791992 200.03808498627905 189.54940876924434 46.94837118578914 47.213728525707666 797.2571906938588 36.69721462825396 25.177512970096927 23.17695650466203 19.43017525735445 53.36285581529546 274.7943252185455 
33.90202735676917 54.716076644093164 229.70945985461776 216.52799601458423 53.72133809289494 170.28706209595828 180.04462138209306 54.54335576481344 165.01000656178758 824.2080700189777 725.3504119048907 29.726348479309536 58.82020843721648 240.87032651791992 200.03808498055605 189.54940876924434 46.94837118578914 47.213728525707666 797.2571906938588 36.69721462825396 25.177512970096927 23.176956504661916 19.43017525735445 53.36285581509412 274.79432521047784 
33.90202735676917 54.716076644093164 229.70945985458548 216.5279960128047 53.72133809289494 170.2870604975128 180.0200317013432 54.54335576481344 164.94932073671146 824.2050304292889 725.3237516747231 29.726348479309536 58.82020843721648 240.87032651791992 200.0380849602277 189.54940876924434 46.94837118578914 47.213728525707666 796.9506570171764 36.69721462825396 25.177512970096927 23.176956504661916 19.43017525735445 53.3628558135016 274.794325201206 
33.90202735676917 54.716076644093164 229.70945985458548 216.52799601198637 53.72133809289494 170.28706019472475 179.97737307453656 54.54335576481344 164.93706703212956 824.2050304292889 725.3237516747231 29.726348479309536 58.82020843721648 240.87032651791992 200.03808494260647 189.54940876924434 46.94837118578914 47.213728525707666 796.8442620384953 36.69721462825396 25.177512970096927 23.176956504661803 19.43017525735445 53.362855813319015 274.79432518358544 
33.90202735676917 54.716076644093164 229.70945985456842 216.52799601135052 53.72133809289494 170.2870596601341 179.89515839478577 54.54335576481344 164.92630217230908 824.1980456241877 725.3088893088739 29.726348479309536 58.82020843721648 240.87032651791947 200.03808493228894 189.54940876924434 46.94837118578914 47.213728525707666 796.7338784889616 36.69721462825396 25.177512970096927 23.176956504661803 19.43017525735445 53.36285581247978 274.7943251666172 
33.90202735676917 54.716076644093164 229.709459854535 216.5279960110165 53.72133809289494 170.28705941538556 179.86094789804724 54.54335576481344 164.8750654619172 824.1800401144242 725.3088893088739 29.726348479309536 58.82020843721648 240.87032651791947 200.03808491974644 189.54940876924434 46.94837118578914 47.213728525707666 796.7338784889616 36.69721462825396 25.177512970096927 23.17695650466169 19.43017525735445 53.36285581236177 274.7943251666172 
33.90202735676917 54.716076644093164 229.70945985450294 216.5279960102414 53.72133809289494 170.2870590598011 179.86094789804724 54.54335576481344 164.86321704601278 824.1800401144242 725.2700554644694 29.726348479309536 58.82020843721648 240.87032651791947 200.0380849100966 189.54940876924434 46.94837118578914 47.213728525707666 796.7338784889616 36.69721462825396 25.177512970096927 23.17695650466169 19.43017525735445 53.362855812000134 274.7943251611696 
33.90202735676917 54.716076644093164 229.70945985445496 216.52799600971605 53.72133809289494 170.28705900479838 179.81618126412855 54.54335576481344 164.81712020791088 824.1617600785337 725.2645627907798 29.726348479309536 58.82020843721648 240.87032651791947 200.0380849081497 189.54940876924434 46.94837118578914 47.213728525707666 796.7338784889616 36.69721462825396 25.177512970096927 23.17695650466169 19.43017525735445 53.362855811627014 274.7943251473271 
33.90202735676917 54.716076644093164 229.70945985443677 216.5279960092164 53.72133809289494 170.28705896669953 179.81618126412855 54.54335576481344 164.80466116501088 824.1617600785337 725.2645627907798 29.726348479309536 58.82020843721648 240.87032651791947 200.03808489774087 189.54940876924434 46.94837118578914 47.213728525707666 796.7338784889616 36.69721462825396 25.177512970096927 23.17695650466169 19.43017525735445 53.36285581150912 274.7943251450167 
33.90202735676917 54.716076644093164 229.7094598544088 216.52799600891262 53.72133809289494 170.28705886021703 179.7435932961605 54.54335576481344 164.76614792963971 824.1617600785337 725.253789171277 29.726348479309536 58.82020843721648 240.87032651791947 200.03808488692027 189.54940876924434 46.94837118578914 47.213728525707666 796.5442877692471 36.69721462825396 25.177512970096927 23.17695650466169 19.43017525735445 53.36285581139282 274.7943251393622 
33.90202735676917 54.716076644093164 229.70945985433764 216.5279960086109 53.72133809289494 170.28705881892654 179.68324365320586 54.54335576481344 164.7344045811518 824.1605210425921 725.253789171277 29.726348479309536 58.82020843721648 240.87032651791947 200.0380848754022 189.54940876924434 46.94837118578914 47.213728525707666 796.4703574113414 36.69721462825396 25.177512970096927 23.17695650466169 19.43017525735445 53.36285581083109 274.7943251363281 
33.90202735676917 54.716076644093164 229.70945985433423 216.52799600860703 53.72133809289494 170.2870585838417 175.79150949492987 54.54335576481344 164.7235832501799 824.1558958966191 725.2248600309515 29.726348479309536 58.82020843721648 240.87032651791947 200.03808487291997 189.54940876924434 46.94837118578914 47.213728525707666 796.4291540040176 36.69721462825396 25.177512970096927 23.17695650466169 19.43017525735445 53.36285581062987 274.7943251249517 
33.90202735676917 54.716076644093164 229.70945985431968 216.52799600837886 53.72133809289494 170.287058444457 175.30817009453904 54.54335576481344 164.69040356945698 824.1553585648637 725.2176423885678 29.726348479309536 58.82020843721648 240.87032651791947 200.03808486240712 189.54940876924434 46.94837118578914 47.213728525707666 796.2664221873265 36.69721462825396 25.177512970096927 23.176956504661575 19.43017525735445 53.36285581031291 274.79432510050856 
33.90202735676917 54.716076644093164 229.7094598543183 216.527996007786 53.72133809289494 170.28705810401243 172.8434991759783 54.54335576481344 164.69020709735173 824.14027846306 725.2176423885678 29.726348479309536 58.82020843721648 240.87032651791947 200.03808486240712 189.54940876924434 46.94837118578914 47.213728525707666 796.2664221873265 36.69721462825396 25.177512970096927 23.176956504661575 19.43017525735445 53.36285580967922 274.79432510050856 
33.90202735676917 54.716076644093164 229.70945985431308 216.52799600744697 53.72133809289494 170.28705755656142 172.8434991759783 54.54335576481344 164.67698170700476 824.14027846306 725.1959757501663 29.726348479309536 58.82020843721648 240.87032651791947 200.03808486240712 189.54940876924434 46.94837118578914 47.213728525707666 796.1971904992565 36.69721462825396 25.177512970096927 23.176956504661575 19.43017525735445 53.36285580934998 274.79432508380614 
33.90202735676917 54.716076644093164 229.70945985428716 216.52799600741287 53.72133809289494 170.28705743948046 171.1099929657405 54.54335576481344 164.65682892261157 824.1363047556356 725.1959757501663 29.726348479309536 58.82020843721648 240.87032651791947 200.0380848594649 189.54940876924434 46.94837118578914 47.213728525707666 795.9958806996367 36.69721462825396 25.177512970096927 23.176956504661575 19.43017525735445 53.36285580934998 274.79432508380614 
33.90202735676917 54.716076644093164 229.70945985427807 216.52799600724825 53.72133809289494 170.28705737012478 170.3381983684974 54.54335576481344 164.6517958895355 824.1363047556356 725.1959757501663 29.726348479309536 58.82020843721648 240.87032651791947 200.03808485679588 189.54940876924434 46.94837118578914 47.213728525707666 795.9958806996367 36.69721462825396 25.177512970096927 23.176956504661575 19.43017525735445 53.36285580921276 274.7943250721851 
33.90202735676917 54.716076644093164 229.70945985424714 216.52799600711955 53.72133809289494 170.28705726953444 169.74672951134892 54.54335576481344 164.5947860655575 824.1322661329314 725.1920096923855 29.726348479309536 58.82020843721648 240.87032651791947 200.03808484671742 189.54940876924434 46.94837118578914 47.213728525707666 795.9958806996367 36.69721462825396 25.177512970096927 23.176956504661575 19.43017525735445 53.362855809021994 274.79432506575904 
33.90202735676917 54.716076644093164 229.7094598542335 216.52799600711955 53.72133809289494 170.28705722558618 168.76046864340856 54.54335576481344 164.5814070771953 824.129425580337 725.1920096923855 29.726348479309536 58.82020843721648 240.87032651791947 200.03808484313822 189.54940876924434 46.94837118578914 47.213728525707666 795.7534779742846 36.69721462825396 25.177512970096927 23.176956504661575 19.43017525735445 53.36285580883941 274.79432506375815 
33.90202735676917 54.716076644093164 229.7094598542235 216.52799600696244 53.72133809289494 170.28705710935412 168.71644305952168 54.54335576481344 164.56051150648443 824.1200305324912 725.1744156509881 29.726348479309536 58.82020843721648 240.87032651791947 200.0380848341283 189.54940876924434 46.94837118578914 47.213728525707666 795.7172242853205 36.69721462825396 25.177512970096927 23.176956504661575 19.43017525735445 53.3628558084572 274.79432505876207 
33.90202735676917 54.716076644093164 229.70945985422054 216.52799600691537 53.72133809289494 170.2870570654086 168.2261156099603 54.54335576481344 164.55061919852335 824.1166749366662 725.1599273739182 29.726348479309536 58.82020843721648 240.87032651791947 200.038084830741 189.54940876924434 46.94837118578914 47.213728525707666 795.6480587109977 36.69721462825396 25.177512970096927 23.176956504661575 19.43017525735445 53.36285580831952 274.79432503618045 
33.90202735676917 54.716076644093164 229.70945985420576 216.52799600691537 53.72133809289494 170.28705697963005 167.70861773417846 54.54335576481344 164.5473238774698 824.10915738634 725.1551056296526 29.726348479309536 58.82020843721648 240.87032651791947 200.03808480718544 189.54940876924434 46.94837118578914 47.213728525707666 795.6315541208951 36.69721462825396 25.177512970096927 23.176956504661575 19.43017525735445 53.36285580825722 274.79432503618045 
33.90202735676917 54.716076644093164 229.70945985420326 216.52799600680635 53.72133809289494 170.28705679892164 165.5316613038783 54.54335576481344 164.54710669370922 824.1046971609903 725.1188032626646 29.726348479309536 58.82020843721648 240.87032651791947 200.0380847975839 189.54940876924434 46.94837118578914 47.213728525707666 793.1815290500931 36.69721462825396 25.177512970096927 23.176956504661575 19.43017525735445 53.36285580821732 274.7943250302096 
33.90202735676917 54.716076644093164 229.70945985420258 216.52799600667618 53.72133809289494 170.28705676532286 163.76210600777915 54.54335576481344 164.5414693324493 824.1042432064269 725.1188032626646 29.726348479309536 58.82020843721648 240.87032651791947 200.03808478430278 189.54940876924434 46.94837118578914 47.213728525707666 787.7689647223833 36.69721462825396 25.177512970096927 23.176956504661575 19.43017525735445 53.36285580807669 274.7943250281726 
33.90202735676917 54.716076644093164 229.7094598541944 216.5279960066107 53.72133809289494 170.28705669597093 161.57818183194547 54.54335576481344 164.5270618634887 824.1002513796261 725.1098502012751 29.726348479309536 58.82020843721648 240.87032651791947 200.0380847775391 189.54940876924434 46.94837118578914 47.213728525707666 756.5568048481032 36.69721462825396 25.177512970096927 23.176956504661575 19.43017525735445 53.36285580786887 274.7943250247413 
33.90202735676917 54.716076644093164 229.70945985418894 216.5279960066107 53.72133809289494 170.28705662035702 160.08783028250082 54.54335576481344 164.51951134482545 824.0968353469843 725.1098502012751 29.726348479309536 58.82020843721648 240.87032651791947 200.0380847706174 189.54940876924434 46.94837118578914 47.213728525707666 720.6293318602657 36.69721462825396 25.177512970096927 23.176956504661575 19.43017525735445 53.36285580758465 274.7943250175613 
33.90202735676917 54.716076644093164 229.70945985418575 216.52799600654362 53.72133809289494 170.28705657954538 156.83457697168365 54.54335576481344 164.518565893428 824.0924861159278 725.0944166821523 29.726348479309536 58.82020843721648 240.87032651791947 200.0380847690384 189.54940876924434 46.94837118578914 47.213728525707666 720.6293318602657 36.69721462825396 25.177512970096927 23.176956504661575 19.43017525735445 53.36285580758465 274.7943250162307 
33.90202735676917 54.716076644093164 229.70945985418098 216.52799600647495 53.72133809289494 170.28705657777823 156.83457697168365 54.54335576481344 164.51007939999704 824.0903539124156 725.0943962803499 29.726348479309536 58.82020843721648 240.87032651791947 200.03808475872745 189.54940876924434 46.94837118578914 47.213728525707666 720.6293318602657 36.69721462825396 25.177512970096927 23.176956504661575 19.43017525735445 53.362855807392975 274.7943250038686 
33.90202735676917 54.716076644093164 229.70945985417757 216.52799600638582 53.72133809289494 170.28705652412714 154.53921082235854 54.54335576481344 164.50062717504443 824.0869803324586 725.0871853383242 29.726348479309536 58.82020843721648 240.87032651791947 200.03808475800372 189.54940876924434 46.94837118578914 47.213728525707666 720.6293318602657 36.69721462825396 25.177512970096927 23.176956504661575 19.43017525735445 53.362855807376945 274.79432499949485 
33.90202735676917 54.716076644093164 229.70945985417598 216.52799600638582 53.72133809289494 170.28705639208647 153.83088245022702 54.54335576481344 164.4989645464192 824.0839058513643 725.0846347156362 29.726348479309536 58.82020843721648 240.87032651791947 200.0380847547649 189.54940876924434 46.94837118578914 47.213728525707666 720.6293318602657 36.69721462825396 25.177512970096927 23.176956504661575 19.43017525735445 53.36285580732306 274.79432499536847 
33.90202735676917 54.716076644093164 229.7094598541605 216.52799600633887 53.72133809289494 170.28705628539 153.00158603164937 54.54335576481344 164.49689633743628 824.0802176226816 725.0778030166052 29.726348479309536 58.82020843721648 240.87032651791947 200.03808474299524 189.54940876924434 46.94837118578914 47.213728525707666 716.7361372937091 36.69721462825396 25.177512970096927 23.17695650466146 19.43017525735445 53.36285580716219 274.7943249944842 
33.90202735676917 54.716076644093164 229.70945985415756 216.52799600631727 53.72133809289494 170.28705623638848 152.90642063867165 54.54335576481344 164.49261188725006 824.0711037184051 725.0713809465897 29.726348479309536 58.82020843721648 240.87032651791947 200.03808473801644 189.54940876924434 46.94837118578914 47.213728525707666 716.7361372937091 36.69721462825396 25.177512970096927 23.176956504661348 19.43017525735445 53.36285580707056 274.79432499319773 
33.90202735676917 54.716076644093164 229.70945985415187 216.5279960062153 53.72133809289494 170.28705606814276 152.80224717834028 54.54335576481344 164.49063913042164 824.0692822770268 725.0694540717777 29.726348479309536 58.82020843721648 240.87032651791947 200.03808473388676 189.54940876924434 46.94837118578914 47.213728525707666 708.9079171936328 36.69721462825396 25.177512970096927 23.176956504661348 19.43017525735445 53.36285580693493 274.7943249797818 
33.90202735676917 54.716076644093164 229.70945985414778 216.52799600620006 53.72133809289494 170.2870559626706 152.41657255602752 54.54335576481344 164.48848190020885 824.0641744019731 725.0694540717777 29.726348479309536 58.82020843721648 240.87032651791947 200.03808473038157 189.54940876924434 46.94837118578914 47.213728525707666 708.9079171936328 36.69721462825396 25.177512970096927 23.176956504661348 19.43017525735445 53.362855806720745 274.7943249797818 
33.90202735676917 54.716076644093164 229.7094598541387 216.52799600606977 53.72133809289494 170.2870558236374 152.21512220985983 54.54335576481344 164.4880673651919 824.0641744019731 725.0638113730997 29.726348479309536 58.82020843721648 240.87032651791947 200.0380847265676 189.54940876924434 46.94837118578914 47.213728525707666 708.9079171936328 36.69721462825396 25.177512970096927 23.176956504661348 19.43017525735445 53.36285580670062 274.7943249762061 
33.90202735676917 54.716076644093164 229.70945985412914 216.52799600606977 53.72133809289494 170.28705576340235 152.00072582361554 54.54335576481344 164.4794779459196 824.0641744019731 725.0433794688072 29.726348479309536 58.82020843721648 240.87032651791947 200.0380847241454 189.54940876924434 46.94837118578914 47.213728525707666 698.918514068454 36.69721462825396 25.177512970096927 23.176956504661348 19.43017525735445 53.362855806608195 274.79432497187395 
33.90202735676917 54.716076644093164 229.70945985412754 216.52799600603157 53.72133809289494 170.2870556900357 151.95084090718137 54.54335576481344 164.47892708888003 824.061968987683 725.0279346352211 29.726348479309536 58.82020843721648 240.87032651791947 200.03808472407627 189.54940876924434 46.94837118578914 47.213728525707666 692.4509042262732 36.69721462825396 25.177512970096927 23.176956504661348 19.43017525735445 53.36285580646552 274.79432497187395 
33.90202735676917 54.716076644093164 229.70945985412072 216.5279960059263 53.72133809289494 170.28705563091034 151.9050186374766 54.54335576481344 164.47369909962583 824.0610419608965 725.0279346352211 29.726348479309536 58.82020843721648 240.87032651791947 200.03808471897605 189.54940876924434 46.94837118578914 47.213728525707666 692.4509042262732 36.69721462825396 25.177512970096927 23.176956504661348 19.43017525735445 53.36285580646552 274.79432496261757 
33.90202735676917 54.716076644093164 229.70945985411572 216.52799600592198 53.72133809289494 170.2870556219932 151.63459621619336 54.54335576481344 164.46959487178083 824.0610410860459 725.0279346352211 29.726348479309536 58.82020843721648 240.87032651791947 200.03808471528612 189.54940876924434 46.94837118578914 47.213728525707666 689.0020928670933 36.69721462825396 25.177512970096927 23.176956504661348 19.43017525735445 53.36285580632898 274.79432495351466 
33.90202735676917 54.716076644093164 229.70945985410822 216.52799600592107 53.72133809289494 170.2870553923742 151.60637388643795 54.54335576481344 164.46860778727068 824.0591659405636 725.0279346352211 29.726348479309536 58.82020843721648 240.87032651791947 200.038084712996 189.54940876924434 46.94837118578914 47.213728525707666 677.6199049660831 36.69721462825396 25.177512970096927 23.176956504661348 19.43017525735445 53.36285580628885 274.79432492235196 
33.90202735676917 54.716076644093164 229.70945985410776 216.52799600591868 53.72133809289494 170.28705537798498 151.26530309787256 54.54335576481333 164.467429408052 824.0582929290863 725.0124539680435 29.726348479309536 58.82020843721648 240.87032651791947 200.0380847059447 189.54940876924434 46.94837118578914 47.213728525707666 657.4838617963674 36.69721462825396 25.177512970096927 23.176956504661348 19.43017525735445 53.362855806187326 274.79432491543366 
33.90202735676917 54.716076644093164 229.7094598541014 216.52799600589833 53.72133809289494 170.28705537798498 150.5392401682774 54.54335576481333 164.46629366237335 824.0576810870841 725.0124539680435 29.726348479309536 58.82020843721648 240.87032651791947 200.03808470312526 189.54940876924434 46.94837118578914 47.213728525707666 657.4838617963674 36.69721462825396 25.177512970096927 23.176956504661348 19.43017525735445 53.362855806013954 274.79432490534145 
33.90202735676917 54.716076644093164 229.7094598540932 216.52799600588833 53.72133809289494 170.2870553310256 150.5392401682774 54.54335576481333 164.46464395405496 824.0549936275836 725.0074958633404 29.726348479309536 58.82020843721648 240.87032651791947 200.03808469428452 189.54940876924422 46.94837118578914 47.213728525707666 657.4838617963674 36.69721462825396 25.177512970096927 23.176956504661348 19.43017525735445 53.36285580577555 274.79432490185627 
33.90202735676917 54.716076644093164 229.70945985408548 216.52799600587002 53.72133809289494 170.28705531348385 149.88967875611854 54.54335576481333 164.46397428110527 824.0516831789564 725.0074958633404 29.726348479309536 58.82020843721648 240.87032651791947 200.0380846862214 189.54940876924422 46.94837118578914 47.213728525707666 656.7719598723993 36.69721462825396 25.177512970096927 23.176956504661348 19.43017525735445 53.362855805645154 274.79432488190787 
33.90202735676917 54.716076644093164 229.70945985408184 216.52799600585263 53.72133809289494 170.28705529456852 149.584066785721 54.54335576481333 164.46288001146957 824.0504677296976 725.006543324519 29.726348479309536 58.82020843721648 240.87032651791947 200.03808468444947 189.54940876924422 46.94837118578914 47.213728525707666 638.9329033617021 36.69721462825396 25.177512970096927 23.176956504661348 19.43017525735445 53.362855805515665 274.79432487816666 
33.90202735676917 54.716076644093164 229.70945985407616 216.5279960058392 53.72133809289494 170.28705528331398 149.584066785721 54.54335576481333 164.4611796339858 824.0477122464968 725.0016953307872 29.726348479309536 58.82020843721648 240.87032651791947 200.03808468420584 189.54940876924422 46.94837118578914 47.213728525707666 638.9329033617021 36.69721462825396 25.177512970096927 23.176956504661348 19.43017525735445 53.362855805515665 274.7943248735005 
33.90202735676917 54.716076644093164 229.70945985406956 216.52799600579908 53.72133809289494 170.28705523146823 149.51096053517858 54.54335576481333 164.4596376790953 824.0456047455855 724.9981792292606 29.726348479309536 58.82020843721648 240.87032651791947 200.03808468272337 189.54940876924422 46.94837118578914 47.213728525707666 633.8675050264903 36.69721462825396 25.177512970096927 23.176956504661348 19.43017525735445 53.362855805515665 274.7943248674351 
33.90202735676917 54.716076644093164 229.70945985404705 216.52799600579272 53.72133809289494 170.2870551734079 149.377311726651 54.54335576481333 164.4574672143982 824.0456047455855 724.9966116340424 29.726348479309536 58.82020843721648 240.87032651791947 200.03808467965507 189.54940876924422 46.94837118578914 47.213728525707666 627.7835938797098 36.69721462825396 25.177512970096927 23.176956504661348 19.43017525735445 53.36285580548213 274.7943248624231 
33.90202735676917 54.716076644093164 229.70945985404 216.52799600577464 53.72133809289494 170.28705514446392 149.10772180325125 54.54335576481333 164.45613528758895 824.0440747549169 724.995682878272 29.726348479309536 58.82020843721648 240.87032651791947 200.03808467575504 189.54940876924422 46.94837118578914 47.213728525707666 614.676252291614 36.69721462825396 25.177512970096927 23.176956504661348 19.43017525735445 53.36285580545359 274.7943248593904 
33.90202735676917 54.716076644093164 229.7094598540266 216.5279960057544 53.72133809289494 170.28705514104104 148.67287380766425 54.54335576481333 164.4552297264936 824.04252626429 724.9943577868526 29.726348479309536 58.82020843721648 240.87032651791947 200.0380846753501 189.54940876924422 46.94837118578914 47.213728525707666 606.6128530329361 36.69721462825396 25.177512970096927 23.176956504661348 19.43017525735445 53.36285580544427 274.79432485121606 
33.90202735676917 54.716076644093164 229.70945985402363 216.52799600574394 53.72133809289494 170.28705512267356 148.4274065848274 54.54335576481333 164.4552190676353 824.0405053975819 724.9829521684353 29.726348479309536 58.82020843721648 240.87032651791947 200.03808467303588 189.54940876924422 46.94837118578914 47.213728525707666 603.8187388653009 36.69721462825396 25.177512970096927 23.176956504661348 19.43017525735445 53.36285580541494 274.7943248378683 
33.90202735676917 54.716076644093164 229.70945985400635 216.52799600573212 53.72133809289494 170.28705509126962 148.4274065848274 54.54335576481333 164.4520951734204 824.0391306805273 724.9829521684353 29.726348479309536 58.82020843721648 240.87032651791947 200.03808467274962 189.54940876924422 46.94837118578914 47.213728525707666 598.4531973646083 36.69721462825396 25.177512970096927 23.176956504661348 19.43017525735445 53.36285580534684 274.79432483651067 
33.90202735676917 54.716076644093164 229.70945985399885 216.5279960057169 53.72133809289494 170.28705508094208 148.4274065848274 54.54335576481333 164.4517761253503 824.0375764868058 724.9623437548944 29.726348479309536 58.82020843721648 240.87032651791947 200.03808467274962 189.54940876924422 46.94837118578914 47.213728525707666 598.4531973646083 36.69721462825396 25.177512970096927 23.176956504661348 19.43017525735445 53.36285580534354 274.7943248246686 
33.90202735676917 54.716076644093164 229.70945985399635 216.5279960057095 53.72133809289494 170.2870550524658 148.17612963181716 54.54335576481333 164.4511956957142 824.0370940538314 724.9530673607969 29.726348479309536 58.82020843721648 240.87032651791947 200.03808467091562 189.54940876924422 46.94837118578914 47.213728525707666 590.624795152522 36.69721462825396 25.177512970096927 23.176956504661348 19.43017525735445 53.36285580532376 274.7943248192107 
33.90202735676917 54.716076644093164 229.7094598539909 216.52799600570427 53.72133809289494 170.2870550524658 148.17612963181716 54.54335576481333 164.45087775895888 824.0370940538314 724.9409601301759 29.726348479309536 58.82020843721648 240.87032651791947 200.03808466898545 189.54940876924422 46.94837118578914 47.213728525707666 586.1579610551637 36.69721462825396 25.177512970096927 23.176956504661348 19.43017525735445 53.362855805306594 274.7943248149163 
33.90202735676917 54.716076644093164 229.7094598539777 216.52799600570415 53.72133809289494 170.28705504570144 148.0026813998145 54.54335576481333 164.45002319507023 824.036007473172 724.9364599754367 29.726348479309536 58.82020843721648 240.87032651791947 200.03808466787405 189.54940876924422 46.94837118578903 47.213728525707666 582.1698888474727 36.69721462825396 25.177512970096927 23.176956504661348 19.43017525735445 53.362855805285335 274.7943248062861 
33.90202735676917 54.716076644093164 229.70945985397543 216.52799600570052 53.72133809289494 170.28705503148024 147.95995381358102 54.54335576481333 164.44938453813234 824.0330264309177 724.9349210339792 29.726348479309536 58.82020843721648 240.87032651791947 200.0380846665024 189.54940876924422 46.94837118578903 47.213728525707666 573.1108829505906 36.69721462825396 25.177512970096927 23.176956504661348 19.43017525735445 53.362855805256004 274.7943247965502 
33.90202735676917 54.716076644093164 229.70945985396884 216.52799600569108 53.72133809289494 170.28705503148024 147.7720739206129 54.54335576481333 164.44896348451948 824.0321479028403 724.8698027464507 29.726348479309536 58.82020843721648 240.87032651791947 200.0380846665024 189.54940876924422 46.94837118578903 47.213728525707666 573.1108829505906 36.69721462825396 25.177512970096927 23.176956504661348 19.43017525735445 53.3628558052194 274.7943247915175 
33.90202735676917 54.716076644093164 229.70945985396224 216.52799600569108 53.72133809289494 170.28705502411913 147.7574402024269 54.54335576481333 164.44896348451948 824.0317621050826 724.852865058938 29.726348479309536 58.82020843721648 240.87032651791947 200.03808466268993 189.54940876924422 46.94837118578903 47.213728525707666 571.0930465729009 36.69721462825396 25.177512970096927 23.176956504661348 19.43017525735445 53.3628558052194 274.7943247910887 
33.90202735676917 54.716076644093164 229.70945985395838 216.52799600568505 53.72133809289494 170.2870550007276 147.7574402024269 54.54335576481333 164.44846618447912 824.0262967884814 724.826597468531 29.726348479309536 58.82020843721648 240.87032651791947 200.03808466150895 189.54940876924422 46.94837118578903 47.213728525707666 562.745273574058 36.69721462825396 25.177512970096927 23.176956504661348 19.43017525735445 53.36285580519234 274.7943247880171 
33.90202735676917 54.716076644093164 229.70945985395792 216.5279960056771 53.72133809289494 170.28705499718717 147.4729044546017 54.54335576481333 164.44841330412305 824.0188207503536 724.826597468531 29.726348479309536 58.82020843721648 240.87032651791947 200.03808465896384 189.54940876924422 46.94837118578903 47.213728525707666 558.9369580097289 36.69721462825396 25.177512970096927 23.176956504661348 19.43017525735445 53.36285580516096 274.79432478412264 
33.90202735676917 54.716076644093164 229.70945985394837 216.5279960056755 53.72133809289494 170.2870549968086 147.06084359960187 54.54335576481333 164.44784913189562 824.0186011575838 724.820858043731 29.726348479309536 58.82020843721648 240.87032651791947 200.03808465896384 189.54940876924422 46.94837118578903 47.213728525707666 556.286449160837 36.69721462825396 25.177512970096927 23.176956504661348 19.43017525735445 53.36285580516096 274.7943247836811 
33.90202735676917 54.716076644093164 229.70945985394565 216.52799600567266 53.72133809289494 170.28705498116278 146.99252626983616 54.54335576481333 164.44719449753916 824.0141186927317 724.819140758812 29.726348479309536 58.82020843721648 240.87032651791947 200.0380846580997 189.54940876924422 46.94837118578903 47.213728525707666 556.2589301698238 36.69721462825396 25.177512970096927 23.176956504661348 19.43017525735445 53.36285580515653 274.7943247780629 
33.90202735676917 54.716076644093164 229.70945985393587 216.52799600566652 53.72133809289494 170.28705497686735 146.95822437895163 54.54335576481333 164.44691988448335 824.0137448607325 724.819140758812 29.726348479309536 58.82020843721648 240.87032651791947 200.03808465570296 189.54940876924422 46.94837118578903 47.213728525707666 551.3921032800381 36.69721462825396 25.177512970096927 23.176956504661348 19.43017525735445 53.36285580515221 274.7943247713706 
33.90202735676917 54.716076644093164 229.70945985392973 216.5279960056548 53.72133809289494 170.28705496996236 146.95822437895163 54.54335576481333 164.44663364723147 824.0130452212504 724.8191119806463 29.726348479309536 58.82020843721648 240.87032651791947 200.03808465151747 189.54940876924422 46.94837118578903 47.213728525707666 551.3921032800381 36.69721462825396 25.177512970096927 23.176956504661348 19.43017525735445 53.36285580514891 274.79432476775446 
33.90202735676917 54.716076644093164 229.70945985392768 216.52799600564185 53.72133809289494 170.2870549563961 146.95822437895163 54.54335576481333 164.44628229828947 824.012063188984 724.8146232198128 29.726348479309536 58.82020843721648 240.87032651791947 200.03808465151747 189.54940876924422 46.94837118578903 47.213728525707666 548.498531718386 36.69721462825396 25.177512970096927 23.176956504661348 19.43017525735445 53.362855805136405 274.7943247587782 
33.90202735676917 54.71607664409305 229.70945985392336 216.52799600563276 53.72133809289494 170.28705495192253 146.95822437895163 54.54335576481333 164.4457452919196 824.0112116810487 724.8095622178248 29.726348479309536 58.82020843721648 240.87032651791947 200.0380846512918 189.54940876924422 46.94837118578903 47.213728525707666 548.498531718386 36.69721462825396 25.177512970096927 23.176956504661348 19.43017525735445 53.36285580512879 274.79432475800036 
33.90202735676917 54.71607664409305 229.7094598539211 216.52799600562935 53.72133809289494 170.28705495107465 146.80452388470064 54.54335576481333 164.44566359429996 824.0097507241328 724.8088325649701 29.726348479309536 58.82020843721648 240.87032651791924 200.03808465046825 189.54940876924422 46.94837118578903 47.213728525707666 534.7114111362084 36.69721462825396 25.177512970096927 23.176956504661348 19.43017525735445 53.36285580509502 274.7943247554663 
33.90202735676917 54.71607664409305 229.70945985391995 216.52799600562548 53.72133809289494 170.28705494461315 146.60536332670108 54.54335576481333 164.44435869198878 824.0086030392845 724.8000897295246 29.726348479309536 58.82020843721648 240.87032651791924 200.03808465022178 189.54940876924422 46.94837118578903 47.213728525707666 534.7114111362084 36.69721462825396 25.177512970096927 23.176956504661348 19.43017525735445 53.36285580509502 274.7943247500218 
33.90202735676917 54.71607664409305 229.70945985391586 216.52799600562219 53.72133809289494 170.2870549411897 146.51068024804601 54.54335576481333 164.44366492258314 824.0086030392845 724.7989773532026 29.726348479309536 58.82020843721648 240.87032651791924 200.03808464998485 189.54940876924422 46.94837118578903 47.213728525707666 534.7114111362084 36.69721462825396 25.177512970096927 23.176956504661348 19.43017525735445 53.36285580508502 274.79432473282395 
33.90202735676917 54.71607664409305 229.70945985391313 216.52799600561787 53.72133809289494 170.28705493809775 146.38712837397145 54.54335576481333 164.44356797811724 824.00650553795 724.7897782683613 29.726348479309536 58.82020843721648 240.87032651791924 200.0380846483697 189.54940876924422 46.94837118578903 47.213728525707666 534.7114111362084 36.69721462825396 25.177512970096927 23.176956504661348 19.43017525735445 53.362855805084564 274.7943247247317 
33.90202735676917 54.71607664409305 229.70945985391018 216.5279960056056 53.72133809289494 170.28705493514406 146.30527101477742 54.54335576481333 164.44340640061 824.00635916292 724.7850956777468 29.726348479309536 58.82020843721648 240.87032651791924 200.03808464786255 189.54940876924422 46.94837118578903 47.213728525707666 534.7114111362084 36.69721462825396 25.177512970096927 23.176956504661348 19.43017525735445 53.36285580507422 274.79432470788606 
33.90202735676917 54.71607664409305 229.70945985391018 216.5279960056023 53.72133809289494 170.28705493133043 146.20046366497058 54.54335576481333 164.44322284467444 824.0060883355541 724.7599618988456 29.726348479309536 58.82020843721648 240.87032651791924 200.03808464599 189.54940876924422 46.94837118578903 47.213728525707666 529.9165552417892 36.69721462825396 25.177512970096927 23.176956504661348 19.43017525735445 53.3628558050699 274.79432469202106 
33.90202735676917 54.71607664409305 229.70945985390813 216.52799600559433 53.72133809289494 170.28705493117843 146.20046366497058 54.54335576481333 164.4431768263778 824.0042020713977 724.7517265836 29.726348479309536 58.82020843721648 240.87032651791924 200.03808464577332 189.54940876924422 46.94837118578903 47.213728525707666 529.9165552417892 36.69721462825396 25.177512970096927 23.176956504661348 19.43017525735445 53.362855805066715 274.79432469202106 
33.90202735676917 54.71607664409305 229.709459853907 216.52799600559365 53.72133809289494 170.28705492547635 146.12888823398544 54.54335576481333 164.44302366422198 824.0020154456922 724.7517265836 29.726348479309536 58.82020843721648 240.87032651791924 200.03808464512417 189.54940876924422 46.94837118578903 47.213728525707666 529.9165552417892 36.69721462825396 25.177512970096927 23.176956504661348 19.43017525735445 53.36285580506467 274.7943246801319 
33.90202735676917 54.71607664409305 229.70945985390654 216.52799600559035 53.72133809289494 170.2870549249725 146.10067777203506 54.54335576481333 164.44281903634658 824.0012072066738 724.7517265836 29.726348479309536 58.82020843721648 240.87032651791924 200.03808464422764 189.54940876924422 46.94837118578903 47.213728525707666 529.9165552417892 36.69721462825396 25.177512970096927 23.176956504661348 19.43017525735445 53.36285580506467 274.7943246801319 
33.90202735676917 54.71607664409305 229.70945985390563 216.52799600558387 53.72133809289494 170.28705492366612 146.0103733577041 54.54335576481333 164.44256708625483 823.996396818417 724.7486573992121 29.726348479309536 58.82020843721648 240.87032651791924 200.03808464340625 189.54940876924422 46.94837118578903 47.213728525707666 529.9165552417892 36.69721462825396 25.177512970096927 23.176956504661348 19.43017525735445 53.362855805061145 274.79432467165725 
33.90202735676917 54.71607664409305 229.70945985390563 216.5279960055825 53.72133809289494 170.28705492313907 145.93044087994042 54.54335576481333 164.44243654327397 823.996396818417 724.7431391040773 29.726348479309536 58.82020843721648 240.87032651791924 200.03808464280917 189.54940876924422 46.94837118578903 47.213728525707666 527.4799594429953 36.69721462825396 25.177512970096927 23.176956504661348 19.43017525735445 53.36285580506035 274.79432466753065 
33.90202735676917 54.71607664409305 229.7094598539045 216.52799600557978 53.72133809289494 170.2870549183632 145.88242550141422 54.54335576481333 164.4422770955673 823.9922410276426 724.7387857421168 29.726348479309536 58.82020843721648 240.87032651791924 200.03808464129634 189.54940876924422 46.94837118578903 47.213728525707666 527.4799594429953 36.69721462825396 25.177512970096927 23.176956504661348 19.43017525735445 53.36285580505637 274.7943246514974 
33.90202735676917 54.71607664409305 229.70945985390085 216.52799600557546 53.72133809289494 170.28705491457117 145.8138436662308 54.54335576481333 164.44206968892536 823.9920969845418 724.7387857421168 29.726348479309536 58.82020843721648 240.87032651791924 200.03808463973508 189.54940876924422 46.94837118578903 47.213728525707666 526.91689887242 36.69721462825396 25.177512970096927 23.176956504661348 19.43017525735445 53.36285580505421 274.7943246495224 
33.90202735676917 54.71607664409305 229.70945985389926 216.52799600557262 53.72133809289494 170.2870549143115 145.71203450229814 54.54335576481333 164.44183158319174 823.9874581500071 724.734916811735 29.726348479309536 58.82020843721648 240.87032651791924 200.0380846386488 189.54940876924422 46.94837118578903 47.213728525707666 525.1443974175668 36.69721462825396 25.177512970096927 23.176956504661348 19.43017525735445 53.362855805052845 274.79432464400134 
33.90202735676917 54.71607664409305 229.70945985389812 216.52799600557 53.72133809289494 170.28705491419475 145.69899000357998 54.54335576481333 164.44182734812478 823.9859434105201 724.7291771330856 29.726348479309536 58.82020843721648 240.87032651791924 200.03808463844803 189.54940876924422 46.94837118578903 47.213728525707666 525.1443974175668 36.69721462825396 25.177512970096927 23.176956504661348 19.43017525735445 53.36285580505182 274.79432463872627 
33.90202735676917 54.71607664409305 229.70945985389676 216.52799600556955 53.72133809289494 170.2870549119799 145.66332648777245 54.54335576481333 164.44176050363603 823.9846246063817 724.7213213792818 29.726348479309536 58.82020843721648 240.87032651791924 200.03808463636096 189.54940876924422 46.94837118578903 47.213728525707666 521.7694956757664 36.69721462825396 25.177512970096927 23.176956504661348 19.43017525735445 53.36285580504955 274.79432463445846 
33.90202735676917 54.71607664409305 229.7094598538963 216.52799600556523 53.72133809289494 170.28705490969332 145.65077145834312 54.54335576481333 164.44152973496193 823.9822866667064 724.7091451917922 29.726348479309536 58.82020843721648 240.87032651791924 200.0380846360033 189.54940876924422 46.94837118578903 47.213728525707666 521.7694956757664 36.69721462825396 25.177512970096927 23.176956504661348 19.43017525735445 53.362855805048184 274.79432462866225 
33.90202735676917 54.71607664409305 229.70945985389494 216.52799600556352 53.72133809289494 170.28705490867264 145.59324341647152 54.54335576481333 164.441510826627 823.9798381363025 724.7091451917922 29.726348479309536 58.82020843721648 240.87032651791924 200.0380846344667 189.54940876924422 46.94837118578903 47.213728525707666 519.8951438556333 36.69721462825396 25.177512970096927 23.176956504661348 19.43017525735445 53.362855805045 274.7943246099019 
33.90202735676917 54.71607664409305 229.7094598538938 216.52799600556352 53.72133809289494 170.28705490694142 145.57741389090995 54.54335576481333 164.44145619600158 823.9749068754827 724.7089047935688 29.726348479309536 58.82020843721648 240.87032651791924 200.0380846338711 189.54940876924422 46.94837118578903 47.213728525707666 518.5733641500819 36.69721462825396 25.177512970096927 23.176956504661348 19.43017525735445 53.362855805045 274.79432460958697 
33.90202735676917 54.71607664409305 229.7094598538938 216.5279960055608 53.72133809289494 170.2870549047018 145.57741389090995 54.54335576481333 164.4414383105102 823.9745591546407 724.6937260982368 29.726348479309536 58.82020843721648 240.87032651791924 200.0380846317804 189.54940876924422 46.94837118578903 47.213728525707666 518.4637937650314 36.69721462825396 25.177512970096927 23.176956504661348 19.43017525735445 53.36285580504284 274.7943246046434 
33.90202735676917 54.71607664409305 229.70945985389312 216.52799600556023 53.72133809289494 170.28705490143557 145.51478449999058 54.54335576481333 164.44137910910388 823.9727973259664 724.6921772359422 29.726348479309536 58.82020843721648 240.87032651791924 200.03808463139592 189.54940876924422 46.94837118578903 47.213728525707666 516.0218879923827 36.69721462825396 25.177512970096927 23.176956504661348 19.43017525735445 53.36285580504091 274.79432458453084 
33.90202735676917 54.71607664409305 229.70945985389199 216.52799600555966 53.72133809289494 170.28705489988488 145.49254711737194 54.54335576481333 164.44118312586568 823.9718808094683 724.679356663496 29.726348479309536 58.82020843721648 240.87032651791924 200.03808463092628 189.54940876924422 46.94837118578903 47.213728525707666 512.7466956812802 36.69721462825396 25.177512970096927 23.176956504661348 19.43017525735445 53.362855805039544 274.7943245831011 
33.90202735676917 54.71607664409305 229.70945985388926 216.52799600555898 53.72133809289494 170.28705489988488 145.45389422301002 54.54335576481333 164.441068439432 823.9702595677352 724.679356663496 29.726348479309536 58.82020843721648 240.87032651791924 200.03808462852498 189.54940876924422 46.94837118578903 47.213728525707666 509.6958818008445 36.69721462825396 25.177512970096927 23.176956504661348 19.43017525735445 53.36285580503875 274.7943245819956 
33.90202735676917 54.71607664409305 229.70945985388857 216.52799600555795 53.72133809289494 170.287054897924 145.44512152110383 54.54335576481333 164.44092811995802 823.9690677584254 724.679356663496 29.726348479309536 58.82020843721648 240.87032651791924 200.0380846274113 189.54940876924422 46.94837118578903 47.213728525707666 509.6958818008445 36.69721462825396 25.177512970096927 23.176956504661348 19.43017525735445 53.36285580503704 274.79432458056635 
33.90202735676917 54.71607664409305 229.70945985388857 216.52799600555727 53.72133809289494 170.28705489559184 145.42014937223303 54.54335576481333 164.44092811995802 823.968474520407 724.6721902310369 29.726348479309536 58.82020843721648 240.87032651791924 200.03808462605446 189.54940876924422 46.94837118578903 47.213728525707666 509.6958818008445 36.69721462825396 25.177512970096927 23.176956504661348 19.43017525735445 53.362855805036816 274.7943245672427 
33.90202735676917 54.71607664409305 229.7094598538879 216.5279960055566 53.72133809289494 170.28705489338574 145.4091498794927 54.54335576481333 164.440820604245 823.9677147934192 724.6721902310369 29.726348479309536 58.82020843721648 240.87032651791924 200.03808462479856 189.54940876924422 46.94837118578903 47.213728525707666 509.6958818008445 36.69721462825396 25.177512970096927 23.176956504661348 19.43017525735445 53.362855805034656 274.7943245657864 
33.90202735676917 54.71607664409305 229.7094598538872 216.5279960055566 53.72133809289494 170.28705489148797 145.40394400452715 54.54335576481333 164.4407554780098 823.9673510464645 724.6714844045052 29.726348479309536 58.82020843721648 240.87032651791924 200.03808462413576 189.54940876924422 46.94837118578903 47.213728525707666 509.6958818008445 36.69721462825396 25.177512970096927 23.176956504661348 19.43017525735445 53.362855805031586 274.79432455735537 
33.90202735676917 54.71607664409305 229.70945985388676 216.5279960055566 53.72133809289494 170.28705489125332 145.3984976242001 54.54335576481333 164.44073710100542 823.9664613031525 724.6678678388964 29.726348479309536 58.82020843721648 240.87032651791924 200.03808462321808 189.54940876924422 46.94837118578903 47.213728525707666 509.6958818008445 36.69721462825396 25.177512970096927 23.176956504661348 19.43017525735445 53.36285580502977 274.7943245385186 
33.90202735676917 54.71607664409305 229.70945985388653 216.52799600555363 53.72133809289494 170.28705488730589 145.38715065838164 54.54335576481333 164.44072145249322 823.9641522404131 724.6609773347732 29.726348479309536 58.82020843721648 240.87032651791924 200.03808462252516 189.54940876924422 46.94837118578903 47.213728525707666 509.6958818008445 36.69721462825396 25.177512970096927 23.176956504661348 19.43017525735445 53.36285580502772 274.7943245385022 
33.90202735676917 54.71607664409305 229.70945985388607 216.52799600555159 53.72133809289494 170.2870548858375 145.38715065838164 54.54335576481333 164.4406583413877 823.9640977229044 724.6554394125674 29.726348479309536 58.82020843721648 240.87032651791924 200.03808462252516 189.54940876924422 46.94837118578903 47.213728525707666 509.4044545922766 36.69721462825396 25.177512970096927 23.176956504661348 19.43017525735445 53.36285580502499 274.7943245365484 
33.90202735676917 54.71607664409305 229.7094598538854 216.52799600555147 53.72133809289494 170.28705488556966 145.35120959406618 54.54335576481333 164.44063268573893 823.9625826424704 724.653040214504 29.726348479309536 58.82020843721648 240.87032651791924 200.0380846221792 189.54940876924422 46.94837118578903 47.213728525707666 509.361738969734 36.69721462825396 25.177512970096927 23.176956504661348 19.43017525735445 53.36285580502192 274.79432452781316 
33.90202735676917 54.71607664409305 229.70945985388516 216.52799600554874 53.72133809289494 170.287054884678 145.34215042138464 54.54335576481333 164.4405560142045 823.9625826424704 724.6507646142329 29.726348479309536 58.82020843721648 240.87032651791924 200.03808462194525 189.54940876924422 46.94837118578903 47.213728525707666 509.361738969734 36.69721462825396 25.177512970096927 23.176956504661348 19.43017525735445 53.362855805021695 274.79432452781316 
33.90202735676917 54.71607664409305 229.70945985388448 216.5279960055467 53.72133809289494 170.28705488386925 145.34214955526295 54.54335576481333 164.44053332120927 823.9614719912472 724.6450424882246 29.726348479309536 58.82020843721648 240.87032651791924 200.03808462183304 189.54940876924422 46.94837118578903 47.213728525707666 507.7042422427612 36.69721462825396 25.177512970096927 23.176956504661348 19.43017525735445 53.362855805020786 274.7943245203003 
